<?xml version="1.0" encoding="UTF-8"?>
<gpx xmlns="http://www.topografix.com/GPX/1/1" xmlns:gpx_style="http://www.topografix.com/GPX/gpx_style/0/2" xmlns:gpxpx="http://www.garmin.com/xmlschemas/PowerExtension/v1" xmlns:gpxtpx="http://www.garmin.com/xmlschemas/TrackPointExtension/v1" xmlns:gpxx="http://www.garmin.com/xmlschemas/GpxExtensions/v3" xmlns:xsi="http://www.w3.org/2001/XMLSchema-instance" xsi:schemaLocation="http://www.topografix.com/GPX/1/1 http://www.topografix.com/GPX/1/1/gpx.xsd http://www.garmin.com/xmlschemas/GpxExtensions/v3 http://www.garmin.com/xmlschemas/GpxExtensionsv3.xsd http://www.garmin.com/xmlschemas/TrackPointExtension/v1 http://www.garmin.com/xmlschemas/TrackPointExtensionv1.xsd http://www.garmin.com/xmlschemas/PowerExtension/v1 http://www.garmin.com/xmlschemas/PowerExtensionv1.xsd http://www.topografix.com/GPX/gpx_style/0/2 http://www.topografix.com/GPX/gpx_style/0/2/gpx_style.xsd" version="1.1" creator="Garmin Connect">
  <metadata>
    <name>activity_22407010302:0:9EYGaO9DZgg</name>
    <author>
      <name>gpx.studio</name>
      <link href="https://gpx.studio">
      </link>
    </author>
    <link href="connect.garmin.com">
      <text>Garmin Connect</text>
    </link>
  </metadata>
  <trk>
    <name>Celje Cestno kolesarstvo:0:9EYGaO9DZgg</name>
    <type>road_biking</type>
    <trkseg>
      <trkpt lat="46.2346925586462" lon="15.227901544421911">
        <ele>241.8000030517578</ele>
         <time>2025-01-01T12:00:00Z</time>
      </trkpt>
      <trkpt lat="46.23463522642851" lon="15.227867094799876">
        <ele>241.8000030517578</ele>
        <time>2025-01-01T12:00:01Z</time>
      </trkpt>
      <trkpt lat="46.234575966373086" lon="15.227831387892365">
        <ele>241.8000030517578</ele>
        <time>2025-01-01T12:00:02Z</time>
      </trkpt>
      <trkpt lat="46.23451746068895" lon="15.227797608822584">
        <ele>241.8000030517578</ele>
        <time>2025-01-01T12:00:03Z</time>
      </trkpt>
      <trkpt lat="46.23445954173803" lon="15.227766428142786">
        <ele>241.8000030517578</ele>
        <time>2025-01-01T12:00:04Z</time>
      </trkpt>
      <trkpt lat="46.234401958063245" lon="15.227733990177512">
        <ele>241.8000030517578</ele>
        <time>2025-01-01T12:00:05Z</time>
      </trkpt>
      <trkpt lat="46.234345715492964" lon="15.227698534727097">
        <ele>241.8000030517578</ele>
        <time>2025-01-01T12:00:06Z</time>
      </trkpt>
      <trkpt lat="46.23429064638913" lon="15.227656876668334">
        <ele>241.8000030517578</ele>
        <time>2025-01-01T12:00:07Z</time>
      </trkpt>
      <trkpt lat="46.234239684417844" lon="15.22760583087802">
        <ele>241.60000610351562</ele>
        <time>2025-01-01T12:00:08Z</time>
      </trkpt>
      <trkpt lat="46.234194338321686" lon="15.227542631328106">
        <ele>241.60000610351562</ele>
        <time>2025-01-01T12:00:09Z</time>
      </trkpt>
      <trkpt lat="46.23415980488062" lon="15.227466858923435">
        <ele>241.60000610351562</ele>
        <time>2025-01-01T12:00:10Z</time>
      </trkpt>
      <trkpt lat="46.23413390479982" lon="15.227387314662337">
        <ele>241.39999389648438</ele>
        <time>2025-01-01T12:00:11Z</time>
      </trkpt>
      <trkpt lat="46.234113117679954" lon="15.22730391472578">
        <ele>241.39999389648438</ele>
        <time>2025-01-01T12:00:12Z</time>
      </trkpt>
      <trkpt lat="46.23409191146493" lon="15.227217832580209">
        <ele>241.39999389648438</ele>
        <time>2025-01-01T12:00:13Z</time>
      </trkpt>
      <trkpt lat="46.234070956707" lon="15.227128816768527">
        <ele>241.39999389648438</ele>
        <time>2025-01-01T12:00:14Z</time>
      </trkpt>
      <trkpt lat="46.23405285179615" lon="15.227043069899082">
        <ele>241.60000610351562</ele>
        <time>2025-01-01T12:00:15Z</time>
      </trkpt>
      <trkpt lat="46.234031058847904" lon="15.22695790976286">
        <ele>241.60000610351562</ele>
        <time>2025-01-01T12:00:16Z</time>
      </trkpt>
      <trkpt lat="46.234010104089975" lon="15.22686998359859">
        <ele>241.60000610351562</ele>
        <time>2025-01-01T12:00:18Z</time>
      </trkpt>
      <trkpt lat="46.233990574255586" lon="15.226781638339162">
        <ele>241.60000610351562</ele>
        <time>2025-01-01T12:00:19Z</time>
      </trkpt>
      <trkpt lat="46.23396869748831" lon="15.226687509566545">
        <ele>241.60000610351562</ele>
        <time>2025-01-01T12:00:20Z</time>
      </trkpt>
      <trkpt lat="46.2339464854449" lon="15.226585334166884">
        <ele>241.39999389648438</ele>
        <time>2025-01-01T12:00:21Z</time>
      </trkpt>
      <trkpt lat="46.233923602849245" lon="15.226480308920145">
        <ele>241.1999969482422</ele>
        <time>2025-01-01T12:00:22Z</time>
      </trkpt>
      <trkpt lat="46.233902564272285" lon="15.226374948397279">
        <ele>241.0</ele>
        <time>2025-01-01T12:00:23Z</time>
      </trkpt>
      <trkpt lat="46.23388370499015" lon="15.226274952292442">
        <ele>240.8000030517578</ele>
        <time>2025-01-01T12:00:24Z</time>
      </trkpt>
      <trkpt lat="46.23386702500284" lon="15.226178644225001">
        <ele>240.60000610351562</ele>
        <time>2025-01-01T12:00:25Z</time>
      </trkpt>
      <trkpt lat="46.23384992592037" lon="15.226083677262068">
        <ele>240.60000610351562</ele>
        <time>2025-01-01T12:00:26Z</time>
      </trkpt>
      <trkpt lat="46.23383307829499" lon="15.2259939070791">
        <ele>240.60000610351562</ele>
        <time>2025-01-01T12:00:28Z</time>
      </trkpt>
      <trkpt lat="46.23381631448865" lon="15.225908579304814">
        <ele>240.60000610351562</ele>
        <time>2025-01-01T12:00:29Z</time>
      </trkpt>
      <trkpt lat="46.233801394701004" lon="15.225827358663082">
        <ele>240.60000610351562</ele>
        <time>2025-01-01T12:00:30Z</time>
      </trkpt>
      <trkpt lat="46.23378328979015" lon="15.225748736411333">
        <ele>240.8000030517578</ele>
        <time>2025-01-01T12:00:31Z</time>
      </trkpt>
      <trkpt lat="46.233765771612525" lon="15.225677825510502">
        <ele>241.1999969482422</ele>
        <time>2025-01-01T12:00:32Z</time>
      </trkpt>
      <trkpt lat="46.233751606196165" lon="15.225610435009003">
        <ele>241.39999389648438</ele>
        <time>2025-01-01T12:00:33Z</time>
      </trkpt>
      <trkpt lat="46.23373534530401" lon="15.225541451945901">
        <ele>241.8000030517578</ele>
        <time>2025-01-01T12:00:34Z</time>
      </trkpt>
      <trkpt lat="46.23371765948832" lon="15.225467775017023">
        <ele>242.0</ele>
        <time>2025-01-01T12:00:36Z</time>
      </trkpt>
      <trkpt lat="46.23369762673974" lon="15.225392756983638">
        <ele>242.1999969482422</ele>
        <time>2025-01-01T12:00:37Z</time>
      </trkpt>
      <trkpt lat="46.23367751017213" lon="15.225315559655428">
        <ele>242.1999969482422</ele>
        <time>2025-01-01T12:00:38Z</time>
      </trkpt>
      <trkpt lat="46.23365965671837" lon="15.225234339013696">
        <ele>242.0</ele>
        <time>2025-01-01T12:00:39Z</time>
      </trkpt>
      <trkpt lat="46.23364565894008" lon="15.225154291838408">
        <ele>242.0</ele>
        <time>2025-01-01T12:00:40Z</time>
      </trkpt>
      <trkpt lat="46.23364079743624" lon="15.225073406472802">
        <ele>242.0</ele>
        <time>2025-01-01T12:00:41Z</time>
      </trkpt>
      <trkpt lat="46.233643647283316" lon="15.22499076090753">
        <ele>242.0</ele>
        <time>2025-01-01T12:00:42Z</time>
      </trkpt>
      <trkpt lat="46.23364540748298" lon="15.224909204989672">
        <ele>242.0</ele>
        <time>2025-01-01T12:00:42Z</time>
      </trkpt>
      <trkpt lat="46.23364423401654" lon="15.224826224148273">
        <ele>242.1999969482422</ele>
        <time>2025-01-01T12:00:44Z</time>
      </trkpt>
      <trkpt lat="46.23364540748298" lon="15.224740309640765">
        <ele>242.1999969482422</ele>
        <time>2025-01-01T12:00:45Z</time>
      </trkpt>
      <trkpt lat="46.233647083863616" lon="15.224653473123908">
        <ele>242.1999969482422</ele>
        <time>2025-01-01T12:00:46Z</time>
      </trkpt>
      <trkpt lat="46.233647083863616" lon="15.224560601636767">
        <ele>242.0</ele>
        <time>2025-01-01T12:00:47Z</time>
      </trkpt>
      <trkpt lat="46.23364641331136" lon="15.224465299397707">
        <ele>242.0</ele>
        <time>2025-01-01T12:00:48Z</time>
      </trkpt>
      <trkpt lat="46.23364473693073" lon="15.224369829520583">
        <ele>241.8000030517578</ele>
        <time>2025-01-01T12:00:49Z</time>
      </trkpt>
      <trkpt lat="46.23364490456879" lon="15.224277209490538">
        <ele>241.8000030517578</ele>
        <time>2025-01-01T12:00:50Z</time>
      </trkpt>
      <trkpt lat="46.23364297673106" lon="15.22418500855565">
        <ele>241.8000030517578</ele>
        <time>2025-01-01T12:00:51Z</time>
      </trkpt>
      <trkpt lat="46.233644150197506" lon="15.224094735458493">
        <ele>241.8000030517578</ele>
        <time>2025-01-01T12:00:52Z</time>
      </trkpt>
      <trkpt lat="46.23364515602589" lon="15.224005552008748">
        <ele>241.8000030517578</ele>
        <time>2025-01-01T12:00:53Z</time>
      </trkpt>
      <trkpt lat="46.23364431783557" lon="15.223915614187717">
        <ele>241.60000610351562</ele>
        <time>2025-01-01T12:00:54Z</time>
      </trkpt>
      <trkpt lat="46.23364197090268" lon="15.223822658881545">
        <ele>241.8000030517578</ele>
        <time>2025-01-01T12:00:55Z</time>
      </trkpt>
      <trkpt lat="46.23363710939884" lon="15.22373054176569">
        <ele>241.60000610351562</ele>
        <time>2025-01-01T12:00:56Z</time>
      </trkpt>
      <trkpt lat="46.23363199643791" lon="15.22363817319274">
        <ele>241.60000610351562</ele>
        <time>2025-01-01T12:00:57Z</time>
      </trkpt>
      <trkpt lat="46.23362839221954" lon="15.22354831919074">
        <ele>241.60000610351562</ele>
        <time>2025-01-01T12:00:58Z</time>
      </trkpt>
      <trkpt lat="46.23362436890602" lon="15.223461063578725">
        <ele>241.60000610351562</ele>
        <time>2025-01-01T12:00:59Z</time>
      </trkpt>
      <trkpt lat="46.23361942358315" lon="15.223373472690582">
        <ele>241.8000030517578</ele>
        <time>2025-01-01T12:01:01Z</time>
      </trkpt>
      <trkpt lat="46.2336150649935" lon="15.223284792155027">
        <ele>241.8000030517578</ele>
        <time>2025-01-01T12:01:02Z</time>
      </trkpt>
      <trkpt lat="46.23361070640385" lon="15.223195441067219">
        <ele>241.8000030517578</ele>
        <time>2025-01-01T12:01:03Z</time>
      </trkpt>
      <trkpt lat="46.2336047552526" lon="15.223105503246188">
        <ele>241.8000030517578</ele>
        <time>2025-01-01T12:01:04Z</time>
      </trkpt>
      <trkpt lat="46.23359905555844" lon="15.223015900701284">
        <ele>242.0</ele>
        <time>2025-01-01T12:01:05Z</time>
      </trkpt>
      <trkpt lat="46.23359352350235" lon="15.22292579524219">
        <ele>242.0</ele>
        <time>2025-01-01T12:01:06Z</time>
      </trkpt>
      <trkpt lat="46.23358715325594" lon="15.222835689783096">
        <ele>242.0</ele>
        <time>2025-01-01T12:01:07Z</time>
      </trkpt>
      <trkpt lat="46.233578687533736" lon="15.222743321210146">
        <ele>242.0</ele>
        <time>2025-01-01T12:01:08Z</time>
      </trkpt>
      <trkpt lat="46.23357164673507" lon="15.222653802484274">
        <ele>242.0</ele>
        <time>2025-01-01T12:01:09Z</time>
      </trkpt>
      <trkpt lat="46.2335667014122" lon="15.222565373405814">
        <ele>242.0</ele>
        <time>2025-01-01T12:01:10Z</time>
      </trkpt>
      <trkpt lat="46.23356116935611" lon="15.222476525232196">
        <ele>242.0</ele>
        <time>2025-01-01T12:01:12Z</time>
      </trkpt>
      <trkpt lat="46.233552955091" lon="15.222385078668594">
        <ele>242.1999969482422</ele>
        <time>2025-01-01T12:01:13Z</time>
      </trkpt>
      <trkpt lat="46.23354524374008" lon="15.22229447029531">
        <ele>242.1999969482422</ele>
        <time>2025-01-01T12:01:14Z</time>
      </trkpt>
      <trkpt lat="46.23353820294142" lon="15.222205203026533">
        <ele>242.1999969482422</ele>
        <time>2025-01-01T12:01:15Z</time>
      </trkpt>
      <trkpt lat="46.23352906666696" lon="15.222115768119693">
        <ele>242.39999389648438</ele>
        <time>2025-01-01T12:01:16Z</time>
      </trkpt>
      <trkpt lat="46.233521522954106" lon="15.222025914117694">
        <ele>242.39999389648438</ele>
        <time>2025-01-01T12:01:17Z</time>
      </trkpt>
      <trkpt lat="46.23351666145027" lon="15.221935641020536">
        <ele>242.39999389648438</ele>
        <time>2025-01-01T12:01:18Z</time>
      </trkpt>
      <trkpt lat="46.23351154848933" lon="15.22184687666595">
        <ele>242.39999389648438</ele>
        <time>2025-01-01T12:01:19Z</time>
      </trkpt>
      <trkpt lat="46.233506770804524" lon="15.221758531406522">
        <ele>242.39999389648438</ele>
        <time>2025-01-01T12:01:20Z</time>
      </trkpt>
      <trkpt lat="46.233500400558114" lon="15.2216680906713">
        <ele>242.39999389648438</ele>
        <time>2025-01-01T12:01:22Z</time>
      </trkpt>
      <trkpt lat="46.23349394649267" lon="15.22157622501254">
        <ele>242.39999389648438</ele>
        <time>2025-01-01T12:01:23Z</time>
      </trkpt>
      <trkpt lat="46.233488162979484" lon="15.221483604982495">
        <ele>242.39999389648438</ele>
        <time>2025-01-01T12:01:24Z</time>
      </trkpt>
      <trkpt lat="46.233484391123056" lon="15.221393499523401">
        <ele>242.39999389648438</ele>
        <time>2025-01-01T12:01:25Z</time>
      </trkpt>
      <trkpt lat="46.233479948714375" lon="15.221299370750785">
        <ele>242.39999389648438</ele>
        <time>2025-01-01T12:01:26Z</time>
      </trkpt>
      <trkpt lat="46.233474081382155" lon="15.221205996349454">
        <ele>242.60000610351562</ele>
        <time>2025-01-01T12:01:27Z</time>
      </trkpt>
      <trkpt lat="46.23346854932606" lon="15.221113208681345">
        <ele>242.60000610351562</ele>
        <time>2025-01-01T12:01:28Z</time>
      </trkpt>
      <trkpt lat="46.23346343636513" lon="15.221020001918077">
        <ele>242.39999389648438</ele>
        <time>2025-01-01T12:01:29Z</time>
      </trkpt>
      <trkpt lat="46.23345899395645" lon="15.220927465707064">
        <ele>242.39999389648438</ele>
        <time>2025-01-01T12:01:30Z</time>
      </trkpt>
      <trkpt lat="46.23345522210002" lon="15.220835013315082">
        <ele>242.39999389648438</ele>
        <time>2025-01-01T12:01:31Z</time>
      </trkpt>
      <trkpt lat="46.23345228843391" lon="15.220738872885704">
        <ele>242.39999389648438</ele>
        <time>2025-01-01T12:01:33Z</time>
      </trkpt>
      <trkpt lat="46.23344876803458" lon="15.220642983913422">
        <ele>242.39999389648438</ele>
        <time>2025-01-01T12:01:34Z</time>
      </trkpt>
      <trkpt lat="46.23344440944493" lon="15.220548855140805">
        <ele>242.39999389648438</ele>
        <time>2025-01-01T12:01:35Z</time>
      </trkpt>
      <trkpt lat="46.23344264924526" lon="15.220459001138806">
        <ele>242.39999389648438</ele>
        <time>2025-01-01T12:01:36Z</time>
      </trkpt>
      <trkpt lat="46.23343854211271" lon="15.220370404422283">
        <ele>242.39999389648438</ele>
        <time>2025-01-01T12:01:37Z</time>
      </trkpt>
      <trkpt lat="46.23343577608466" lon="15.220282394438982">
        <ele>242.39999389648438</ele>
        <time>2025-01-01T12:01:38Z</time>
      </trkpt>
      <trkpt lat="46.23343284241855" lon="15.220197066664696">
        <ele>242.60000610351562</ele>
        <time>2025-01-01T12:01:39Z</time>
      </trkpt>
      <trkpt lat="46.23343066312373" lon="15.220112660899758">
        <ele>242.60000610351562</ele>
        <time>2025-01-01T12:01:40Z</time>
      </trkpt>
      <trkpt lat="46.23342881910503" lon="15.220028758049011">
        <ele>242.8000030517578</ele>
        <time>2025-01-01T12:01:41Z</time>
      </trkpt>
      <trkpt lat="46.23342605307698" lon="15.219946699216962">
        <ele>242.8000030517578</ele>
        <time>2025-01-01T12:01:42Z</time>
      </trkpt>
      <trkpt lat="46.233422197401524" lon="15.219863299280405">
        <ele>242.8000030517578</ele>
        <time>2025-01-01T12:01:43Z</time>
      </trkpt>
      <trkpt lat="46.23341800644994" lon="15.219776714220643">
        <ele>243.0</ele>
        <time>2025-01-01T12:01:45Z</time>
      </trkpt>
      <trkpt lat="46.233414486050606" lon="15.219694152474403">
        <ele>243.0</ele>
        <time>2025-01-01T12:01:46Z</time>
      </trkpt>
      <trkpt lat="46.23341306112707" lon="15.219611087813973">
        <ele>243.0</ele>
        <time>2025-01-01T12:01:47Z</time>
      </trkpt>
      <trkpt lat="46.23340727761388" lon="15.219526682049036">
        <ele>243.1999969482422</ele>
        <time>2025-01-01T12:01:48Z</time>
      </trkpt>
      <trkpt lat="46.233393447473645" lon="15.219444371759892">
        <ele>243.1999969482422</ele>
        <time>2025-01-01T12:01:49Z</time>
      </trkpt>
      <trkpt lat="46.233377270400524" lon="15.219361893832684">
        <ele>243.1999969482422</ele>
        <time>2025-01-01T12:01:50Z</time>
      </trkpt>
      <trkpt lat="46.23336670920253" lon="15.219280757009983">
        <ele>243.1999969482422</ele>
        <time>2025-01-01T12:01:51Z</time>
      </trkpt>
      <trkpt lat="46.2333610933274" lon="15.219200877472758">
        <ele>243.39999389648438</ele>
        <time>2025-01-01T12:01:52Z</time>
      </trkpt>
      <trkpt lat="46.233352879062295" lon="15.219116555526853">
        <ele>243.60000610351562</ele>
        <time>2025-01-01T12:01:53Z</time>
      </trkpt>
      <trkpt lat="46.23334240168333" lon="15.219042375683784">
        <ele>243.8000030517578</ele>
        <time>2025-01-01T12:01:54Z</time>
      </trkpt>
      <trkpt lat="46.23332731425762" lon="15.218971129506826">
        <ele>244.0</ele>
        <time>2025-01-01T12:01:55Z</time>
      </trkpt>
      <trkpt lat="46.23331549577415" lon="15.218900637701154">
        <ele>244.39999389648438</ele>
        <time>2025-01-01T12:01:57Z</time>
      </trkpt>
      <trkpt lat="46.233304934576154" lon="15.218830816447735">
        <ele>244.39999389648438</ele>
        <time>2025-01-01T12:01:58Z</time>
      </trkpt>
      <trkpt lat="46.23329604975879" lon="15.218760911375284">
        <ele>244.8000030517578</ele>
        <time>2025-01-01T12:01:59Z</time>
      </trkpt>
      <trkpt lat="46.233287919312716" lon="15.21868597716093">
        <ele>244.8000030517578</ele>
        <time>2025-01-01T12:02:00Z</time>
      </trkpt>
      <trkpt lat="46.233280627056956" lon="15.218610037118196">
        <ele>244.8000030517578</ele>
        <time>2025-01-01T12:02:01Z</time>
      </trkpt>
      <trkpt lat="46.2332733348012" lon="15.218531750142574">
        <ele>245.0</ele>
        <time>2025-01-01T12:02:02Z</time>
      </trkpt>
      <trkpt lat="46.233269311487675" lon="15.218455474823713">
        <ele>244.8000030517578</ele>
        <time>2025-01-01T12:02:03Z</time>
      </trkpt>
      <trkpt lat="46.233264869078994" lon="15.218377774581313">
        <ele>244.8000030517578</ele>
        <time>2025-01-01T12:02:03Z</time>
      </trkpt>
      <trkpt lat="46.23326034285128" lon="15.218295883387327">
        <ele>244.8000030517578</ele>
        <time>2025-01-01T12:02:04Z</time>
      </trkpt>
      <trkpt lat="46.23325447551906" lon="15.218212734907866">
        <ele>244.8000030517578</ele>
        <time>2025-01-01T12:02:05Z</time>
      </trkpt>
      <trkpt lat="46.233248775824904" lon="15.218129754066467">
        <ele>244.8000030517578</ele>
        <time>2025-01-01T12:02:06Z</time>
      </trkpt>
      <trkpt lat="46.233243411406875" lon="15.21804434247315">
        <ele>244.8000030517578</ele>
        <time>2025-01-01T12:02:07Z</time>
      </trkpt>
      <trkpt lat="46.233238968998194" lon="15.217957338318229">
        <ele>244.8000030517578</ele>
        <time>2025-01-01T12:02:08Z</time>
      </trkpt>
      <trkpt lat="46.23323335312307" lon="15.21787041798234">
        <ele>244.8000030517578</ele>
        <time>2025-01-01T12:02:10Z</time>
      </trkpt>
      <trkpt lat="46.233228240162134" lon="15.217783497646451">
        <ele>244.8000030517578</ele>
        <time>2025-01-01T12:02:11Z</time>
      </trkpt>
      <trkpt lat="46.23322262428701" lon="15.217696828767657">
        <ele>245.0</ele>
        <time>2025-01-01T12:02:12Z</time>
      </trkpt>
      <trkpt lat="46.233216505497694" lon="15.217608232051134">
        <ele>245.0</ele>
        <time>2025-01-01T12:02:13Z</time>
      </trkpt>
      <trkpt lat="46.233211141079664" lon="15.217520305886865">
        <ele>245.0</ele>
        <time>2025-01-01T12:02:14Z</time>
      </trkpt>
      <trkpt lat="46.233207285404205" lon="15.217433888465166">
        <ele>245.0</ele>
        <time>2025-01-01T12:02:15Z</time>
      </trkpt>
      <trkpt lat="46.23320259153843" lon="15.217347471043468">
        <ele>245.0</ele>
        <time>2025-01-01T12:02:16Z</time>
      </trkpt>
      <trkpt lat="46.23319689184427" lon="15.217262394726276">
        <ele>244.8000030517578</ele>
        <time>2025-01-01T12:02:17Z</time>
      </trkpt>
      <trkpt lat="46.23319027014077" lon="15.217176228761673">
        <ele>245.0</ele>
        <time>2025-01-01T12:02:18Z</time>
      </trkpt>
      <trkpt lat="46.233184738084674" lon="15.217090314254165">
        <ele>245.0</ele>
        <time>2025-01-01T12:02:19Z</time>
      </trkpt>
      <trkpt lat="46.233179876580834" lon="15.217003058642149">
        <ele>245.0</ele>
        <time>2025-01-01T12:02:20Z</time>
      </trkpt>
      <trkpt lat="46.23317543417215" lon="15.216917060315609">
        <ele>245.0</ele>
        <time>2025-01-01T12:02:21Z</time>
      </trkpt>
      <trkpt lat="46.233169734478" lon="15.216828295961022">
        <ele>245.0</ele>
        <time>2025-01-01T12:02:22Z</time>
      </trkpt>
      <trkpt lat="46.233162861317396" lon="15.216738190501928">
        <ele>245.0</ele>
        <time>2025-01-01T12:02:23Z</time>
      </trkpt>
      <trkpt lat="46.23315825127065" lon="15.216651437804103">
        <ele>245.0</ele>
        <time>2025-01-01T12:02:24Z</time>
      </trkpt>
      <trkpt lat="46.23315473087132" lon="15.216565607115626">
        <ele>245.0</ele>
        <time>2025-01-01T12:02:25Z</time>
      </trkpt>
      <trkpt lat="46.23314894735813" lon="15.216477429494262">
        <ele>245.0</ele>
        <time>2025-01-01T12:02:26Z</time>
      </trkpt>
      <trkpt lat="46.233143750578165" lon="15.216389587149024">
        <ele>245.0</ele>
        <time>2025-01-01T12:02:27Z</time>
      </trkpt>
      <trkpt lat="46.233138302341104" lon="15.216298559680581">
        <ele>245.0</ele>
        <time>2025-01-01T12:02:28Z</time>
      </trkpt>
      <trkpt lat="46.23313385993242" lon="15.216207029297948">
        <ele>245.0</ele>
        <time>2025-01-01T12:02:30Z</time>
      </trkpt>
      <trkpt lat="46.233131010085344" lon="15.216116337105632">
        <ele>245.1999969482422</ele>
        <time>2025-01-01T12:02:31Z</time>
      </trkpt>
      <trkpt lat="46.23312648385763" lon="15.216025561094284">
        <ele>245.1999969482422</ele>
        <time>2025-01-01T12:02:32Z</time>
      </trkpt>
      <trkpt lat="46.233121203258634" lon="15.215932689607143">
        <ele>245.0</ele>
        <time>2025-01-01T12:02:33Z</time>
      </trkpt>
      <trkpt lat="46.233116341754794" lon="15.215840823948383">
        <ele>245.0</ele>
        <time>2025-01-01T12:02:34Z</time>
      </trkpt>
      <trkpt lat="46.233112486079335" lon="15.215749964118004">
        <ele>245.0</ele>
        <time>2025-01-01T12:02:35Z</time>
      </trkpt>
      <trkpt lat="46.23310946859419" lon="15.215658769011497">
        <ele>245.0</ele>
        <time>2025-01-01T12:02:36Z</time>
      </trkpt>
      <trkpt lat="46.23310636729002" lon="15.215566232800484">
        <ele>245.0</ele>
        <time>2025-01-01T12:02:37Z</time>
      </trkpt>
      <trkpt lat="46.23310309834778" lon="15.215474618598819">
        <ele>245.1999969482422</ele>
        <time>2025-01-01T12:02:38Z</time>
      </trkpt>
      <trkpt lat="46.2330989073962" lon="15.215381076559424">
        <ele>245.1999969482422</ele>
        <time>2025-01-01T12:02:40Z</time>
      </trkpt>
      <trkpt lat="46.23309463262558" lon="15.215288456529379">
        <ele>245.1999969482422</ele>
        <time>2025-01-01T12:02:41Z</time>
      </trkpt>
      <trkpt lat="46.23309161514044" lon="15.215194746851921">
        <ele>245.1999969482422</ele>
        <time>2025-01-01T12:02:42Z</time>
      </trkpt>
      <trkpt lat="46.23308960348368" lon="15.215102629736066">
        <ele>245.39999389648438</ele>
        <time>2025-01-01T12:02:43Z</time>
      </trkpt>
      <trkpt lat="46.23308717273176" lon="15.215011266991496">
        <ele>245.39999389648438</ele>
        <time>2025-01-01T12:02:44Z</time>
      </trkpt>
      <trkpt lat="46.23308440670371" lon="15.214920910075307">
        <ele>245.39999389648438</ele>
        <time>2025-01-01T12:02:45Z</time>
      </trkpt>
      <trkpt lat="46.23308138921857" lon="15.214828960597515">
        <ele>245.39999389648438</ele>
        <time>2025-01-01T12:02:46Z</time>
      </trkpt>
      <trkpt lat="46.23308038339019" lon="15.214739525690675">
        <ele>245.39999389648438</ele>
        <time>2025-01-01T12:02:47Z</time>
      </trkpt>
      <trkpt lat="46.23308055102825" lon="15.21464891731739">
        <ele>245.39999389648438</ele>
        <time>2025-01-01T12:02:48Z</time>
      </trkpt>
      <trkpt lat="46.23307912610471" lon="15.214557386934757">
        <ele>245.60000610351562</ele>
        <time>2025-01-01T12:02:50Z</time>
      </trkpt>
      <trkpt lat="46.233078287914395" lon="15.214464599266648">
        <ele>245.60000610351562</ele>
        <time>2025-01-01T12:02:51Z</time>
      </trkpt>
      <trkpt lat="46.233076862990856" lon="15.214371727779508">
        <ele>245.60000610351562</ele>
        <time>2025-01-01T12:02:52Z</time>
      </trkpt>
      <trkpt lat="46.23307594098151" lon="15.214279443025589">
        <ele>245.60000610351562</ele>
        <time>2025-01-01T12:02:53Z</time>
      </trkpt>
      <trkpt lat="46.23307367786765" lon="15.214186822995543">
        <ele>245.60000610351562</ele>
        <time>2025-01-01T12:02:54Z</time>
      </trkpt>
      <trkpt lat="46.233073845505714" lon="15.21409478969872">
        <ele>245.60000610351562</ele>
        <time>2025-01-01T12:02:55Z</time>
      </trkpt>
      <trkpt lat="46.23307409696281" lon="15.214004600420594">
        <ele>245.60000610351562</ele>
        <time>2025-01-01T12:02:56Z</time>
      </trkpt>
      <trkpt lat="46.23307317495346" lon="15.213908962905407">
        <ele>245.60000610351562</ele>
        <time>2025-01-01T12:02:57Z</time>
      </trkpt>
      <trkpt lat="46.23307401314378" lon="15.213816678151488">
        <ele>245.60000610351562</ele>
        <time>2025-01-01T12:02:59Z</time>
      </trkpt>
      <trkpt lat="46.233075857162476" lon="15.213725315406919">
        <ele>245.60000610351562</ele>
        <time>2025-01-01T12:03:00Z</time>
      </trkpt>
      <trkpt lat="46.233076360076666" lon="15.213633868843317">
        <ele>245.60000610351562</ele>
        <time>2025-01-01T12:03:01Z</time>
      </trkpt>
      <trkpt lat="46.2330780364573" lon="15.213543679565191">
        <ele>245.60000610351562</ele>
        <time>2025-01-01T12:03:02Z</time>
      </trkpt>
      <trkpt lat="46.23308046720922" lon="15.213452987372875">
        <ele>245.60000610351562</ele>
        <time>2025-01-01T12:03:03Z</time>
      </trkpt>
      <trkpt lat="46.233083149418235" lon="15.213363217189908">
        <ele>245.60000610351562</ele>
        <time>2025-01-01T12:03:04Z</time>
      </trkpt>
      <trkpt lat="46.23308440670371" lon="15.213274788111448">
        <ele>245.60000610351562</ele>
        <time>2025-01-01T12:03:05Z</time>
      </trkpt>
      <trkpt lat="46.23308381997049" lon="15.213186694309115">
        <ele>245.60000610351562</ele>
        <time>2025-01-01T12:03:06Z</time>
      </trkpt>
      <trkpt lat="46.23308449052274" lon="15.213097175583243">
        <ele>245.60000610351562</ele>
        <time>2025-01-01T12:03:07Z</time>
      </trkpt>
      <trkpt lat="46.23308591544628" lon="15.21300665102899">
        <ele>245.60000610351562</ele>
        <time>2025-01-01T12:03:08Z</time>
      </trkpt>
      <trkpt lat="46.23308742418885" lon="15.21291671320796">
        <ele>245.60000610351562</ele>
        <time>2025-01-01T12:03:09Z</time>
      </trkpt>
      <trkpt lat="46.23308926820755" lon="15.212827194482088">
        <ele>245.60000610351562</ele>
        <time>2025-01-01T12:03:10Z</time>
      </trkpt>
      <trkpt lat="46.2330901902169" lon="15.212738430127501">
        <ele>245.60000610351562</ele>
        <time>2025-01-01T12:03:11Z</time>
      </trkpt>
      <trkpt lat="46.23309236951172" lon="15.21265092305839">
        <ele>245.60000610351562</ele>
        <time>2025-01-01T12:03:12Z</time>
      </trkpt>
      <trkpt lat="46.23309714719653" lon="15.212559811770916">
        <ele>245.60000610351562</ele>
        <time>2025-01-01T12:03:13Z</time>
      </trkpt>
      <trkpt lat="46.23309907503426" lon="15.212468532845378">
        <ele>245.8000030517578</ele>
        <time>2025-01-01T12:03:15Z</time>
      </trkpt>
      <trkpt lat="46.2331004999578" lon="15.212379014119506">
        <ele>245.8000030517578</ele>
        <time>2025-01-01T12:03:16Z</time>
      </trkpt>
      <trkpt lat="46.233102679252625" lon="15.212289411574602">
        <ele>245.8000030517578</ele>
        <time>2025-01-01T12:03:17Z</time>
      </trkpt>
      <trkpt lat="46.23310653492808" lon="15.212201904505491">
        <ele>245.8000030517578</ele>
        <time>2025-01-01T12:03:18Z</time>
      </trkpt>
      <trkpt lat="46.23310980387032" lon="15.212115738540888">
        <ele>245.60000610351562</ele>
        <time>2025-01-01T12:03:19Z</time>
      </trkpt>
      <trkpt lat="46.23311433009803" lon="15.212031081318855">
        <ele>245.60000610351562</ele>
        <time>2025-01-01T12:03:20Z</time>
      </trkpt>
      <trkpt lat="46.23311818577349" lon="15.211947597563267">
        <ele>245.8000030517578</ele>
        <time>2025-01-01T12:03:21Z</time>
      </trkpt>
      <trkpt lat="46.23313335701823" lon="15.211865035817027">
        <ele>245.8000030517578</ele>
        <time>2025-01-01T12:03:22Z</time>
      </trkpt>
      <trkpt lat="46.23315799981356" lon="15.211786748841405">
        <ele>245.8000030517578</ele>
        <time>2025-01-01T12:03:23Z</time>
      </trkpt>
      <trkpt lat="46.23318465426564" lon="15.211708629503846">
        <ele>245.8000030517578</ele>
        <time>2025-01-01T12:03:24Z</time>
      </trkpt>
      <trkpt lat="46.233200915157795" lon="15.21162724122405">
        <ele>246.0</ele>
        <time>2025-01-01T12:03:25Z</time>
      </trkpt>
      <trkpt lat="46.23320368118584" lon="15.211540404707193">
        <ele>246.0</ele>
        <time>2025-01-01T12:03:26Z</time>
      </trkpt>
      <trkpt lat="46.23319630511105" lon="15.211452981457114">
        <ele>246.0</ele>
        <time>2025-01-01T12:03:27Z</time>
      </trkpt>
      <trkpt lat="46.23318314552307" lon="15.21136723458767">
        <ele>246.0</ele>
        <time>2025-01-01T12:03:28Z</time>
      </trkpt>
      <trkpt lat="46.23316856101155" lon="15.211279643699527">
        <ele>245.8000030517578</ele>
        <time>2025-01-01T12:03:29Z</time>
      </trkpt>
      <trkpt lat="46.23315825127065" lon="15.211188197135925">
        <ele>245.8000030517578</ele>
        <time>2025-01-01T12:03:30Z</time>
      </trkpt>
      <trkpt lat="46.23315489850938" lon="15.211095828562975">
        <ele>245.8000030517578</ele>
        <time>2025-01-01T12:03:31Z</time>
      </trkpt>
      <trkpt lat="46.233155988156796" lon="15.211000610142946">
        <ele>245.60000610351562</ele>
        <time>2025-01-01T12:03:32Z</time>
      </trkpt>
      <trkpt lat="46.23315766453743" lon="15.210910085588694">
        <ele>245.8000030517578</ele>
        <time>2025-01-01T12:03:34Z</time>
      </trkpt>
      <trkpt lat="46.23316361568868" lon="15.210824254900217">
        <ele>245.8000030517578</ele>
        <time>2025-01-01T12:03:35Z</time>
      </trkpt>
      <trkpt lat="46.23317325487733" lon="15.210743620991707">
        <ele>245.8000030517578</ele>
        <time>2025-01-01T12:03:36Z</time>
      </trkpt>
      <trkpt lat="46.23318490572274" lon="15.210662987083197">
        <ele>245.8000030517578</ele>
        <time>2025-01-01T12:03:37Z</time>
      </trkpt>
      <trkpt lat="46.23319135978818" lon="15.210577407851815">
        <ele>245.8000030517578</ele>
        <time>2025-01-01T12:03:38Z</time>
      </trkpt>
      <trkpt lat="46.23319613747299" lon="15.210492415353656">
        <ele>245.8000030517578</ele>
        <time>2025-01-01T12:03:39Z</time>
      </trkpt>
      <trkpt lat="46.233202340081334" lon="15.210409183055162">
        <ele>245.8000030517578</ele>
        <time>2025-01-01T12:03:40Z</time>
      </trkpt>
      <trkpt lat="46.233208710327744" lon="15.21032452583313">
        <ele>245.8000030517578</ele>
        <time>2025-01-01T12:03:41Z</time>
      </trkpt>
      <trkpt lat="46.233215080574155" lon="15.210242047905922">
        <ele>245.8000030517578</ele>
        <time>2025-01-01T12:03:42Z</time>
      </trkpt>
      <trkpt lat="46.23322262428701" lon="15.210162000730634">
        <ele>245.8000030517578</ele>
        <time>2025-01-01T12:03:43Z</time>
      </trkpt>
      <trkpt lat="46.23323234729469" lon="15.210080444812775">
        <ele>246.0</ele>
        <time>2025-01-01T12:03:44Z</time>
      </trkpt>
      <trkpt lat="46.23324207030237" lon="15.209995284676552">
        <ele>245.8000030517578</ele>
        <time>2025-01-01T12:03:45Z</time>
      </trkpt>
      <trkpt lat="46.233250284567475" lon="15.209907609969378">
        <ele>246.0</ele>
        <time>2025-01-01T12:03:46Z</time>
      </trkpt>
      <trkpt lat="46.233259001746774" lon="15.209822533652186">
        <ele>246.0</ele>
        <time>2025-01-01T12:03:47Z</time>
      </trkpt>
      <trkpt lat="46.23326855711639" lon="15.209743240848184">
        <ele>246.0</ele>
        <time>2025-01-01T12:03:48Z</time>
      </trkpt>
      <trkpt lat="46.23327828012407" lon="15.209664199501276">
        <ele>246.0</ele>
        <time>2025-01-01T12:03:49Z</time>
      </trkpt>
      <trkpt lat="46.23328557237983" lon="15.20957987755537">
        <ele>246.0</ele>
        <time>2025-01-01T12:03:50Z</time>
      </trkpt>
      <trkpt lat="46.233291272073984" lon="15.209493627771735">
        <ele>246.1999969482422</ele>
        <time>2025-01-01T12:03:51Z</time>
      </trkpt>
      <trkpt lat="46.23329646885395" lon="15.209409641101956">
        <ele>246.1999969482422</ele>
        <time>2025-01-01T12:03:52Z</time>
      </trkpt>
      <trkpt lat="46.23330133035779" lon="15.209324061870575">
        <ele>246.1999969482422</ele>
        <time>2025-01-01T12:03:53Z</time>
      </trkpt>
      <trkpt lat="46.23330577276647" lon="15.209237728267908">
        <ele>246.1999969482422</ele>
        <time>2025-01-01T12:03:54Z</time>
      </trkpt>
      <trkpt lat="46.233311891555786" lon="15.209149634465575">
        <ele>246.1999969482422</ele>
        <time>2025-01-01T12:03:55Z</time>
      </trkpt>
      <trkpt lat="46.233319099992514" lon="15.209057098254561">
        <ele>246.1999969482422</ele>
        <time>2025-01-01T12:03:56Z</time>
      </trkpt>
      <trkpt lat="46.233325051143765" lon="15.208967076614499">
        <ele>246.1999969482422</ele>
        <time>2025-01-01T12:03:57Z</time>
      </trkpt>
      <trkpt lat="46.2333301641047" lon="15.208878982812166">
        <ele>246.39999389648438</ele>
        <time>2025-01-01T12:03:59Z</time>
      </trkpt>
      <trkpt lat="46.23333469033241" lon="15.208791811019182">
        <ele>246.39999389648438</ele>
        <time>2025-01-01T12:04:00Z</time>
      </trkpt>
      <trkpt lat="46.23333930037916" lon="15.208704387769103">
        <ele>246.39999389648438</ele>
        <time>2025-01-01T12:04:01Z</time>
      </trkpt>
      <trkpt lat="46.233344161883" lon="15.208619562909007">
        <ele>246.39999389648438</ele>
        <time>2025-01-01T12:04:02Z</time>
      </trkpt>
      <trkpt lat="46.23334516771138" lon="15.208532307296991">
        <ele>246.60000610351562</ele>
        <time>2025-01-01T12:04:03Z</time>
      </trkpt>
      <trkpt lat="46.23334784992039" lon="15.208446895703673">
        <ele>246.60000610351562</ele>
        <time>2025-01-01T12:04:04Z</time>
      </trkpt>
      <trkpt lat="46.23335556127131" lon="15.208358550444245">
        <ele>246.60000610351562</ele>
        <time>2025-01-01T12:04:05Z</time>
      </trkpt>
      <trkpt lat="46.23336469754577" lon="15.20827037282288">
        <ele>246.60000610351562</ele>
        <time>2025-01-01T12:04:06Z</time>
      </trkpt>
      <trkpt lat="46.23337400145829" lon="15.208182698115706">
        <ele>246.60000610351562</ele>
        <time>2025-01-01T12:04:07Z</time>
      </trkpt>
      <trkpt lat="46.23338255099952" lon="15.20809686742723">
        <ele>246.60000610351562</ele>
        <time>2025-01-01T12:04:08Z</time>
      </trkpt>
      <trkpt lat="46.23338975943625" lon="15.208012294024229">
        <ele>246.60000610351562</ele>
        <time>2025-01-01T12:04:09Z</time>
      </trkpt>
      <trkpt lat="46.23339579440653" lon="15.207926630973816">
        <ele>246.60000610351562</ele>
        <time>2025-01-01T12:04:10Z</time>
      </trkpt>
      <trkpt lat="46.23340241611004" lon="15.2078393753618">
        <ele>246.8000030517578</ele>
        <time>2025-01-01T12:04:11Z</time>
      </trkpt>
      <trkpt lat="46.233409037813544" lon="15.207754215225577">
        <ele>246.8000030517578</ele>
        <time>2025-01-01T12:04:12Z</time>
      </trkpt>
      <trkpt lat="46.23341616243124" lon="15.207668719813228">
        <ele>246.8000030517578</ele>
        <time>2025-01-01T12:04:13Z</time>
      </trkpt>
      <trkpt lat="46.23342202976346" lon="15.207583475857973">
        <ele>246.8000030517578</ele>
        <time>2025-01-01T12:04:14Z</time>
      </trkpt>
      <trkpt lat="46.23342789709568" lon="15.207498986274004">
        <ele>246.8000030517578</ele>
        <time>2025-01-01T12:04:15Z</time>
      </trkpt>
      <trkpt lat="46.23343317769468" lon="15.207416005432606">
        <ele>246.8000030517578</ele>
        <time>2025-01-01T12:04:16Z</time>
      </trkpt>
      <trkpt lat="46.23343585990369" lon="15.207331012934446">
        <ele>247.0</ele>
        <time>2025-01-01T12:04:18Z</time>
      </trkpt>
      <trkpt lat="46.2334387935698" lon="15.207247864454985">
        <ele>247.0</ele>
        <time>2025-01-01T12:04:19Z</time>
      </trkpt>
      <trkpt lat="46.23344357125461" lon="15.207164632156491">
        <ele>247.0</ele>
        <time>2025-01-01T12:04:20Z</time>
      </trkpt>
      <trkpt lat="46.233448684215546" lon="15.207079891115427">
        <ele>247.0</ele>
        <time>2025-01-01T12:04:21Z</time>
      </trkpt>
      <trkpt lat="46.233455054461956" lon="15.20699598826468">
        <ele>247.0</ele>
        <time>2025-01-01T12:04:22Z</time>
      </trkpt>
      <trkpt lat="46.233460418879986" lon="15.206916024908423">
        <ele>247.0</ele>
        <time>2025-01-01T12:04:23Z</time>
      </trkpt>
      <trkpt lat="46.23346452601254" lon="15.206833882257342">
        <ele>247.0</ele>
        <time>2025-01-01T12:04:24Z</time>
      </trkpt>
      <trkpt lat="46.23346754349768" lon="15.206755427643657">
        <ele>247.1999969482422</ele>
        <time>2025-01-01T12:04:25Z</time>
      </trkpt>
      <trkpt lat="46.23347299173474" lon="15.206674709916115">
        <ele>247.1999969482422</ele>
        <time>2025-01-01T12:04:26Z</time>
      </trkpt>
      <trkpt lat="46.233478942885995" lon="15.206588711589575">
        <ele>247.1999969482422</ele>
        <time>2025-01-01T12:04:27Z</time>
      </trkpt>
      <trkpt lat="46.23348455876112" lon="15.206501791253686">
        <ele>247.1999969482422</ele>
        <time>2025-01-01T12:04:28Z</time>
      </trkpt>
      <trkpt lat="46.23348958790302" lon="15.206420151516795">
        <ele>247.1999969482422</ele>
        <time>2025-01-01T12:04:29Z</time>
      </trkpt>
      <trkpt lat="46.233495539054275" lon="15.206340439617634">
        <ele>247.39999389648438</ele>
        <time>2025-01-01T12:04:30Z</time>
      </trkpt>
      <trkpt lat="46.23350316658616" lon="15.20626156590879">
        <ele>247.39999389648438</ele>
        <time>2025-01-01T12:04:31Z</time>
      </trkpt>
      <trkpt lat="46.23350936919451" lon="15.206181602552533">
        <ele>247.39999389648438</ele>
        <time>2025-01-01T12:04:32Z</time>
      </trkpt>
      <trkpt lat="46.23351381160319" lon="15.206099795177579">
        <ele>247.39999389648438</ele>
        <time>2025-01-01T12:04:33Z</time>
      </trkpt>
      <trkpt lat="46.233519511297345" lon="15.206013629212976">
        <ele>247.39999389648438</ele>
        <time>2025-01-01T12:04:34Z</time>
      </trkpt>
      <trkpt lat="46.23352328315377" lon="15.205928469076753">
        <ele>247.39999389648438</ele>
        <time>2025-01-01T12:04:35Z</time>
      </trkpt>
      <trkpt lat="46.23352806083858" lon="15.205844566226006">
        <ele>247.39999389648438</ele>
        <time>2025-01-01T12:04:36Z</time>
      </trkpt>
      <trkpt lat="46.23353359289467" lon="15.205762004479766">
        <ele>247.60000610351562</ele>
        <time>2025-01-01T12:04:37Z</time>
      </trkpt>
      <trkpt lat="46.233539544045925" lon="15.205681957304478">
        <ele>247.60000610351562</ele>
        <time>2025-01-01T12:04:38Z</time>
      </trkpt>
      <trkpt lat="46.233543902635574" lon="15.205604005604982">
        <ele>247.60000610351562</ele>
        <time>2025-01-01T12:04:39Z</time>
      </trkpt>
      <trkpt lat="46.233549853786826" lon="15.205525131896138">
        <ele>247.60000610351562</ele>
        <time>2025-01-01T12:04:40Z</time>
      </trkpt>
      <trkpt lat="46.23355505056679" lon="15.205444246530533">
        <ele>247.60000610351562</ele>
        <time>2025-01-01T12:04:41Z</time>
      </trkpt>
      <trkpt lat="46.23356116935611" lon="15.205365205183625">
        <ele>247.60000610351562</ele>
        <time>2025-01-01T12:04:42Z</time>
      </trkpt>
      <trkpt lat="46.23356460593641" lon="15.205285241827369">
        <ele>247.60000610351562</ele>
        <time>2025-01-01T12:04:43Z</time>
      </trkpt>
      <trkpt lat="46.23356770724058" lon="15.20520125515759">
        <ele>247.60000610351562</ele>
        <time>2025-01-01T12:04:44Z</time>
      </trkpt>
      <trkpt lat="46.233572317287326" lon="15.205115089192986">
        <ele>247.8000030517578</ele>
        <time>2025-01-01T12:04:45Z</time>
      </trkpt>
      <trkpt lat="46.233576172962785" lon="15.205031270161271">
        <ele>247.8000030517578</ele>
        <time>2025-01-01T12:04:46Z</time>
      </trkpt>
      <trkpt lat="46.23357902280986" lon="15.204952396452427">
        <ele>247.8000030517578</ele>
        <time>2025-01-01T12:04:47Z</time>
      </trkpt>
      <trkpt lat="46.23358363285661" lon="15.204874277114868">
        <ele>247.8000030517578</ele>
        <time>2025-01-01T12:04:48Z</time>
      </trkpt>
      <trkpt lat="46.23358782380819" lon="15.204795990139246">
        <ele>247.8000030517578</ele>
        <time>2025-01-01T12:04:49Z</time>
      </trkpt>
      <trkpt lat="46.23359201475978" lon="15.204715691506863">
        <ele>247.8000030517578</ele>
        <time>2025-01-01T12:04:50Z</time>
      </trkpt>
      <trkpt lat="46.233595199882984" lon="15.20463589578867">
        <ele>247.8000030517578</ele>
        <time>2025-01-01T12:04:51Z</time>
      </trkpt>
      <trkpt lat="46.233599139377475" lon="15.204552412033081">
        <ele>247.8000030517578</ele>
        <time>2025-01-01T12:04:52Z</time>
      </trkpt>
      <trkpt lat="46.233602073043585" lon="15.204467670992017">
        <ele>247.8000030517578</ele>
        <time>2025-01-01T12:04:53Z</time>
      </trkpt>
      <trkpt lat="46.23360525816679" lon="15.20438527688384">
        <ele>247.8000030517578</ele>
        <time>2025-01-01T12:04:54Z</time>
      </trkpt>
      <trkpt lat="46.233611879870296" lon="15.204304307699203">
        <ele>247.8000030517578</ele>
        <time>2025-01-01T12:04:54Z</time>
      </trkpt>
      <trkpt lat="46.23361783102155" lon="15.204222584143281">
        <ele>247.8000030517578</ele>
        <time>2025-01-01T12:04:55Z</time>
      </trkpt>
      <trkpt lat="46.233623530715704" lon="15.204139100387692">
        <ele>247.8000030517578</ele>
        <time>2025-01-01T12:04:56Z</time>
      </trkpt>
      <trkpt lat="46.23362872749567" lon="15.20405687391758">
        <ele>247.8000030517578</ele>
        <time>2025-01-01T12:04:57Z</time>
      </trkpt>
      <trkpt lat="46.233633337542415" lon="15.203973557800055">
        <ele>247.8000030517578</ele>
        <time>2025-01-01T12:04:58Z</time>
      </trkpt>
      <trkpt lat="46.233638701960444" lon="15.203890576958656">
        <ele>247.8000030517578</ele>
        <time>2025-01-01T12:04:59Z</time>
      </trkpt>
      <trkpt lat="46.233641719445586" lon="15.203809943050146">
        <ele>247.8000030517578</ele>
        <time>2025-01-01T12:05:00Z</time>
      </trkpt>
      <trkpt lat="46.23364632949233" lon="15.203730901703238">
        <ele>247.8000030517578</ele>
        <time>2025-01-01T12:05:01Z</time>
      </trkpt>
      <trkpt lat="46.23365035280585" lon="15.203650519251823">
        <ele>247.8000030517578</ele>
        <time>2025-01-01T12:05:02Z</time>
      </trkpt>
      <trkpt lat="46.23365596868098" lon="15.203573321923614">
        <ele>247.8000030517578</ele>
        <time>2025-01-01T12:05:03Z</time>
      </trkpt>
      <trkpt lat="46.23366150073707" lon="15.20349545404315">
        <ele>247.8000030517578</ele>
        <time>2025-01-01T12:05:04Z</time>
      </trkpt>
      <trkpt lat="46.23366795480251" lon="15.203417669981718">
        <ele>247.8000030517578</ele>
        <time>2025-01-01T12:05:05Z</time>
      </trkpt>
      <trkpt lat="46.23367432504892" lon="15.203338460996747">
        <ele>247.8000030517578</ele>
        <time>2025-01-01T12:05:06Z</time>
      </trkpt>
      <trkpt lat="46.233678767457604" lon="15.203253300860524">
        <ele>248.0</ele>
        <time>2025-01-01T12:05:07Z</time>
      </trkpt>
      <trkpt lat="46.23368388041854" lon="15.20317099057138">
        <ele>247.8000030517578</ele>
        <time>2025-01-01T12:05:08Z</time>
      </trkpt>
      <trkpt lat="46.23368924483657" lon="15.20308742299676">
        <ele>247.8000030517578</ele>
        <time>2025-01-01T12:05:09Z</time>
      </trkpt>
      <trkpt lat="46.23369217850268" lon="15.203002346679568">
        <ele>248.0</ele>
        <time>2025-01-01T12:05:10Z</time>
      </trkpt>
      <trkpt lat="46.2336980458349" lon="15.202918527647853">
        <ele>247.8000030517578</ele>
        <time>2025-01-01T12:05:11Z</time>
      </trkpt>
      <trkpt lat="46.233700728043914" lon="15.202835127711296">
        <ele>248.0</ele>
        <time>2025-01-01T12:05:12Z</time>
      </trkpt>
      <trkpt lat="46.233704667538404" lon="15.202755331993103">
        <ele>247.8000030517578</ele>
        <time>2025-01-01T12:05:13Z</time>
      </trkpt>
      <trkpt lat="46.23370944522321" lon="15.202676290646195">
        <ele>247.8000030517578</ele>
        <time>2025-01-01T12:05:14Z</time>
      </trkpt>
      <trkpt lat="46.23371506109834" lon="15.20259389653802">
        <ele>247.8000030517578</ele>
        <time>2025-01-01T12:05:15Z</time>
      </trkpt>
      <trkpt lat="46.233719335868955" lon="15.20250940695405">
        <ele>247.8000030517578</ele>
        <time>2025-01-01T12:05:16Z</time>
      </trkpt>
      <trkpt lat="46.23372528702021" lon="15.202426593750715">
        <ele>247.8000030517578</ele>
        <time>2025-01-01T12:05:17Z</time>
      </trkpt>
      <trkpt lat="46.2337308190763" lon="15.20234176889062">
        <ele>247.8000030517578</ele>
        <time>2025-01-01T12:05:18Z</time>
      </trkpt>
      <trkpt lat="46.233734507113695" lon="15.202255183830857">
        <ele>247.8000030517578</ele>
        <time>2025-01-01T12:05:19Z</time>
      </trkpt>
      <trkpt lat="46.23373827897012" lon="15.202172370627522">
        <ele>247.8000030517578</ele>
        <time>2025-01-01T12:05:20Z</time>
      </trkpt>
      <trkpt lat="46.23374288901687" lon="15.202087378129363">
        <ele>247.60000610351562</ele>
        <time>2025-01-01T12:05:21Z</time>
      </trkpt>
      <trkpt lat="46.233749175444245" lon="15.20200464874506">
        <ele>247.8000030517578</ele>
        <time>2025-01-01T12:05:22Z</time>
      </trkpt>
      <trkpt lat="46.23375227674842" lon="15.201923344284296">
        <ele>247.8000030517578</ele>
        <time>2025-01-01T12:05:23Z</time>
      </trkpt>
      <trkpt lat="46.233756551519036" lon="15.201842207461596">
        <ele>247.8000030517578</ele>
        <time>2025-01-01T12:05:24Z</time>
      </trkpt>
      <trkpt lat="46.23376166447997" lon="15.201762663200498">
        <ele>247.8000030517578</ele>
        <time>2025-01-01T12:05:25Z</time>
      </trkpt>
      <trkpt lat="46.233765771612525" lon="15.20168605260551">
        <ele>248.0</ele>
        <time>2025-01-01T12:05:26Z</time>
      </trkpt>
      <trkpt lat="46.233770633116364" lon="15.20160784944892">
        <ele>248.0</ele>
        <time>2025-01-01T12:05:27Z</time>
      </trkpt>
      <trkpt lat="46.233775494620204" lon="15.201530484482646">
        <ele>248.0</ele>
        <time>2025-01-01T12:05:28Z</time>
      </trkpt>
      <trkpt lat="46.23378295451403" lon="15.201451275497675">
        <ele>248.1999969482422</ele>
        <time>2025-01-01T12:05:29Z</time>
      </trkpt>
      <trkpt lat="46.23378865420818" lon="15.20136988721788">
        <ele>248.1999969482422</ele>
        <time>2025-01-01T12:05:30Z</time>
      </trkpt>
      <trkpt lat="46.23379343189299" lon="15.201289672404528">
        <ele>248.1999969482422</ele>
        <time>2025-01-01T12:05:31Z</time>
      </trkpt>
      <trkpt lat="46.23380064032972" lon="15.201211301609874">
        <ele>248.1999969482422</ele>
        <time>2025-01-01T12:05:32Z</time>
      </trkpt>
      <trkpt lat="46.23380902223289" lon="15.201129745692015">
        <ele>248.1999969482422</ele>
        <time>2025-01-01T12:05:33Z</time>
      </trkpt>
      <trkpt lat="46.23381480574608" lon="15.201047854498029">
        <ele>248.39999389648438</ele>
        <time>2025-01-01T12:05:34Z</time>
      </trkpt>
      <trkpt lat="46.233820924535394" lon="15.200966885313392">
        <ele>248.39999389648438</ele>
        <time>2025-01-01T12:05:35Z</time>
      </trkpt>
      <trkpt lat="46.233830815181136" lon="15.200889520347118">
        <ele>248.39999389648438</ele>
        <time>2025-01-01T12:05:36Z</time>
      </trkpt>
      <trkpt lat="46.23384162783623" lon="15.200814753770828">
        <ele>248.39999389648438</ele>
        <time>2025-01-01T12:05:37Z</time>
      </trkpt>
      <trkpt lat="46.23384967446327" lon="15.200733952224255">
        <ele>248.39999389648438</ele>
        <time>2025-01-01T12:05:38Z</time>
      </trkpt>
      <trkpt lat="46.233858643099666" lon="15.200650803744793">
        <ele>248.1999969482422</ele>
        <time>2025-01-01T12:05:39Z</time>
      </trkpt>
      <trkpt lat="46.23386803083122" lon="15.200571678578854">
        <ele>248.1999969482422</ele>
        <time>2025-01-01T12:05:40Z</time>
      </trkpt>
      <trkpt lat="46.23387632891536" lon="15.20048894919455">
        <ele>248.1999969482422</ele>
        <time>2025-01-01T12:05:41Z</time>
      </trkpt>
      <trkpt lat="46.233883537352085" lon="15.200404459610581">
        <ele>248.1999969482422</ele>
        <time>2025-01-01T12:05:42Z</time>
      </trkpt>
      <trkpt lat="46.233888901770115" lon="15.200322233140469">
        <ele>248.1999969482422</ele>
        <time>2025-01-01T12:05:43Z</time>
      </trkpt>
      <trkpt lat="46.23389485292137" lon="15.200242605060339">
        <ele>248.1999969482422</ele>
        <time>2025-01-01T12:05:43Z</time>
      </trkpt>
      <trkpt lat="46.233903067186475" lon="15.200165072456002">
        <ele>248.1999969482422</ele>
        <time>2025-01-01T12:05:44Z</time>
      </trkpt>
      <trkpt lat="46.23391178436577" lon="15.200089970603585">
        <ele>248.1999969482422</ele>
        <time>2025-01-01T12:05:45Z</time>
      </trkpt>
      <trkpt lat="46.23392150737345" lon="15.20001201890409">
        <ele>248.1999969482422</ele>
        <time>2025-01-01T12:05:46Z</time>
      </trkpt>
      <trkpt lat="46.233930476009846" lon="15.199932809919119">
        <ele>248.1999969482422</ele>
        <time>2025-01-01T12:05:47Z</time>
      </trkpt>
      <trkpt lat="46.23394237831235" lon="15.19985318183899">
        <ele>248.0</ele>
        <time>2025-01-01T12:05:48Z</time>
      </trkpt>
      <trkpt lat="46.23395235277712" lon="15.199774475768209">
        <ele>248.0</ele>
        <time>2025-01-01T12:05:49Z</time>
      </trkpt>
      <trkpt lat="46.23396098613739" lon="15.199693674221635">
        <ele>248.1999969482422</ele>
        <time>2025-01-01T12:05:50Z</time>
      </trkpt>
      <trkpt lat="46.2339673563838" lon="15.19961228594184">
        <ele>248.1999969482422</ele>
        <time>2025-01-01T12:05:51Z</time>
      </trkpt>
      <trkpt lat="46.23397355899215" lon="15.199533076956868">
        <ele>248.1999969482422</ele>
        <time>2025-01-01T12:05:52Z</time>
      </trkpt>
      <trkpt lat="46.23398160561919" lon="15.199452275410295">
        <ele>248.1999969482422</ele>
        <time>2025-01-01T12:05:53Z</time>
      </trkpt>
      <trkpt lat="46.23399208299816" lon="15.199368875473738">
        <ele>248.1999969482422</ele>
        <time>2025-01-01T12:05:54Z</time>
      </trkpt>
      <trkpt lat="46.23400138691068" lon="15.199286313727498">
        <ele>248.1999969482422</ele>
        <time>2025-01-01T12:05:55Z</time>
      </trkpt>
      <trkpt lat="46.23401127755642" lon="15.199208445847034">
        <ele>248.1999969482422</ele>
        <time>2025-01-01T12:05:56Z</time>
      </trkpt>
      <trkpt lat="46.234023263677955" lon="15.199123872444034">
        <ele>248.1999969482422</ele>
        <time>2025-01-01T12:05:57Z</time>
      </trkpt>
      <trkpt lat="46.23402896337211" lon="15.199043657630682">
        <ele>248.39999389648438</ele>
        <time>2025-01-01T12:05:58Z</time>
      </trkpt>
      <trkpt lat="46.2340381834656" lon="15.198966208845377">
        <ele>248.39999389648438</ele>
        <time>2025-01-01T12:05:59Z</time>
      </trkpt>
      <trkpt lat="46.234047738835216" lon="15.198879707604647">
        <ele>248.1999969482422</ele>
        <time>2025-01-01T12:06:00Z</time>
      </trkpt>
      <trkpt lat="46.23405813239515" lon="15.198796894401312">
        <ele>248.1999969482422</ele>
        <time>2025-01-01T12:06:01Z</time>
      </trkpt>
      <trkpt lat="46.23406793922186" lon="15.198716595768929">
        <ele>248.1999969482422</ele>
        <time>2025-01-01T12:06:02Z</time>
      </trkpt>
      <trkpt lat="46.23407481238246" lon="15.198636883869767">
        <ele>248.1999969482422</ele>
        <time>2025-01-01T12:06:03Z</time>
      </trkpt>
      <trkpt lat="46.23408319428563" lon="15.19855884835124">
        <ele>248.1999969482422</ele>
        <time>2025-01-01T12:06:04Z</time>
      </trkpt>
      <trkpt lat="46.23409132473171" lon="15.198482237756252">
        <ele>248.1999969482422</ele>
        <time>2025-01-01T12:06:05Z</time>
      </trkpt>
      <trkpt lat="46.234099036082625" lon="15.198407554998994">
        <ele>248.39999389648438</ele>
        <time>2025-01-01T12:06:06Z</time>
      </trkpt>
      <trkpt lat="46.23410750180483" lon="15.198330273851752">
        <ele>248.39999389648438</ele>
        <time>2025-01-01T12:06:07Z</time>
      </trkpt>
      <trkpt lat="46.234114626422524" lon="15.198249807581306">
        <ele>248.60000610351562</ele>
        <time>2025-01-01T12:06:08Z</time>
      </trkpt>
      <trkpt lat="46.234123930335045" lon="15.198176382109523">
        <ele>248.60000610351562</ele>
        <time>2025-01-01T12:06:09Z</time>
      </trkpt>
      <trkpt lat="46.234131222590804" lon="15.198104968294501">
        <ele>248.60000610351562</ele>
        <time>2025-01-01T12:06:10Z</time>
      </trkpt>
      <trkpt lat="46.23413985595107" lon="15.19803011789918">
        <ele>248.60000610351562</ele>
        <time>2025-01-01T12:06:11Z</time>
      </trkpt>
      <trkpt lat="46.234148908406496" lon="15.197951076552272">
        <ele>248.60000610351562</ele>
        <time>2025-01-01T12:06:11Z</time>
      </trkpt>
      <trkpt lat="46.23415687121451" lon="15.197869604453444">
        <ele>248.60000610351562</ele>
        <time>2025-01-01T12:06:12Z</time>
      </trkpt>
      <trkpt lat="46.23416575603187" lon="15.197790982201695">
        <ele>248.60000610351562</ele>
        <time>2025-01-01T12:06:13Z</time>
      </trkpt>
      <trkpt lat="46.23417438939214" lon="15.197711689397693">
        <ele>248.60000610351562</ele>
        <time>2025-01-01T12:06:14Z</time>
      </trkpt>
      <trkpt lat="46.234179669991136" lon="15.197632480412722">
        <ele>248.8000030517578</ele>
        <time>2025-01-01T12:06:16Z</time>
      </trkpt>
      <trkpt lat="46.23418612405658" lon="15.197557210922241">
        <ele>248.8000030517578</ele>
        <time>2025-01-01T12:06:16Z</time>
      </trkpt>
      <trkpt lat="46.23419308103621" lon="15.197480767965317">
        <ele>248.8000030517578</ele>
        <time>2025-01-01T12:06:17Z</time>
      </trkpt>
      <trkpt lat="46.234199199825525" lon="15.197402397170663">
        <ele>249.0</ele>
        <time>2025-01-01T12:06:18Z</time>
      </trkpt>
      <trkpt lat="46.23420397751033" lon="15.197324864566326">
        <ele>248.8000030517578</ele>
        <time>2025-01-01T12:06:19Z</time>
      </trkpt>
      <trkpt lat="46.234209006652236" lon="15.197245320305228">
        <ele>248.8000030517578</ele>
        <time>2025-01-01T12:06:20Z</time>
      </trkpt>
      <trkpt lat="46.23421663418412" lon="15.197164602577686">
        <ele>248.8000030517578</ele>
        <time>2025-01-01T12:06:21Z</time>
      </trkpt>
      <trkpt lat="46.23422401025891" lon="15.19708463922143">
        <ele>248.8000030517578</ele>
        <time>2025-01-01T12:06:22Z</time>
      </trkpt>
      <trkpt lat="46.234231889247894" lon="15.19700107164681">
        <ele>248.8000030517578</ele>
        <time>2025-01-01T12:06:23Z</time>
      </trkpt>
      <trkpt lat="46.23423750512302" lon="15.196919096633792">
        <ele>248.8000030517578</ele>
        <time>2025-01-01T12:06:24Z</time>
      </trkpt>
      <trkpt lat="46.23424479737878" lon="15.19683787599206">
        <ele>248.8000030517578</ele>
        <time>2025-01-01T12:06:25Z</time>
      </trkpt>
      <trkpt lat="46.23425234109163" lon="15.196758415549994">
        <ele>248.8000030517578</ele>
        <time>2025-01-01T12:06:26Z</time>
      </trkpt>
      <trkpt lat="46.23425921425223" lon="15.196677781641483">
        <ele>248.8000030517578</ele>
        <time>2025-01-01T12:06:27Z</time>
      </trkpt>
      <trkpt lat="46.23426818288863" lon="15.196599243208766">
        <ele>248.8000030517578</ele>
        <time>2025-01-01T12:06:28Z</time>
      </trkpt>
      <trkpt lat="46.23427757062018" lon="15.196521459147334">
        <ele>248.8000030517578</ele>
        <time>2025-01-01T12:06:29Z</time>
      </trkpt>
      <trkpt lat="46.23428695835173" lon="15.196444429457188">
        <ele>248.8000030517578</ele>
        <time>2025-01-01T12:06:30Z</time>
      </trkpt>
      <trkpt lat="46.23429458588362" lon="15.196367148309946">
        <ele>248.8000030517578</ele>
        <time>2025-01-01T12:06:31Z</time>
      </trkpt>
      <trkpt lat="46.23430363833904" lon="15.196288442239165">
        <ele>248.8000030517578</ele>
        <time>2025-01-01T12:06:32Z</time>
      </trkpt>
      <trkpt lat="46.2343143671751" lon="15.196210658177733">
        <ele>249.0</ele>
        <time>2025-01-01T12:06:33Z</time>
      </trkpt>
      <trkpt lat="46.23432442545891" lon="15.196133209392428">
        <ele>249.0</ele>
        <time>2025-01-01T12:06:34Z</time>
      </trkpt>
      <trkpt lat="46.23433532193303" lon="15.196055425330997">
        <ele>249.0</ele>
        <time>2025-01-01T12:06:35Z</time>
      </trkpt>
      <trkpt lat="46.23434613458812" lon="15.195976383984089">
        <ele>249.0</ele>
        <time>2025-01-01T12:06:36Z</time>
      </trkpt>
      <trkpt lat="46.234356947243214" lon="15.19589826464653">
        <ele>249.0</ele>
        <time>2025-01-01T12:06:37Z</time>
      </trkpt>
      <trkpt lat="46.234365832060575" lon="15.195821905508637">
        <ele>249.0</ele>
        <time>2025-01-01T12:06:37Z</time>
      </trkpt>
      <trkpt lat="46.234377482905984" lon="15.195743283256888">
        <ele>249.0</ele>
        <time>2025-01-01T12:06:38Z</time>
      </trkpt>
      <trkpt lat="46.23439139686525" lon="15.19566516391933">
        <ele>249.0</ele>
        <time>2025-01-01T12:06:39Z</time>
      </trkpt>
      <trkpt lat="46.23440623283386" lon="15.195590816438198">
        <ele>249.0</ele>
        <time>2025-01-01T12:06:40Z</time>
      </trkpt>
      <trkpt lat="46.23441930860281" lon="15.19551521167159">
        <ele>249.0</ele>
        <time>2025-01-01T12:06:41Z</time>
      </trkpt>
      <trkpt lat="46.234432216733694" lon="15.195436421781778">
        <ele>249.1999969482422</ele>
        <time>2025-01-01T12:06:42Z</time>
      </trkpt>
      <trkpt lat="46.234447890892625" lon="15.195362661033869">
        <ele>249.1999969482422</ele>
        <time>2025-01-01T12:06:43Z</time>
      </trkpt>
      <trkpt lat="46.23446230776608" lon="15.195289235562086">
        <ele>249.1999969482422</ele>
        <time>2025-01-01T12:06:44Z</time>
      </trkpt>
      <trkpt lat="46.23447597026825" lon="15.195218492299318">
        <ele>249.39999389648438</ele>
        <time>2025-01-01T12:06:45Z</time>
      </trkpt>
      <trkpt lat="46.23449097387493" lon="15.195146659389138">
        <ele>249.39999389648438</ele>
        <time>2025-01-01T12:06:46Z</time>
      </trkpt>
      <trkpt lat="46.23450580984354" lon="15.195075580850244">
        <ele>249.39999389648438</ele>
        <time>2025-01-01T12:06:47Z</time>
      </trkpt>
      <trkpt lat="46.234520729631186" lon="15.195002742111683">
        <ele>249.60000610351562</ele>
        <time>2025-01-01T12:06:48Z</time>
      </trkpt>
      <trkpt lat="46.23453548178077" lon="15.194928729906678">
        <ele>249.60000610351562</ele>
        <time>2025-01-01T12:06:49Z</time>
      </trkpt>
      <trkpt lat="46.23455015011132" lon="15.194854214787483">
        <ele>249.60000610351562</ele>
        <time>2025-01-01T12:06:50Z</time>
      </trkpt>
      <trkpt lat="46.23456641100347" lon="15.194782549515367">
        <ele>249.60000610351562</ele>
        <time>2025-01-01T12:06:51Z</time>
      </trkpt>
      <trkpt lat="46.23458501882851" lon="15.194710716605186">
        <ele>249.8000030517578</ele>
        <time>2025-01-01T12:06:52Z</time>
      </trkpt>
      <trkpt lat="46.23460396192968" lon="15.194637374952435">
        <ele>249.8000030517578</ele>
        <time>2025-01-01T12:06:53Z</time>
      </trkpt>
      <trkpt lat="46.23462106101215" lon="15.19456042908132">
        <ele>249.8000030517578</ele>
        <time>2025-01-01T12:06:54Z</time>
      </trkpt>
      <trkpt lat="46.23463740572333" lon="15.194485997781157">
        <ele>249.8000030517578</ele>
        <time>2025-01-01T12:06:55Z</time>
      </trkpt>
      <trkpt lat="46.23465584591031" lon="15.194412488490343">
        <ele>249.8000030517578</ele>
        <time>2025-01-01T12:06:56Z</time>
      </trkpt>
      <trkpt lat="46.23467445373535" lon="15.194340571761131">
        <ele>250.0</ele>
        <time>2025-01-01T12:06:57Z</time>
      </trkpt>
      <trkpt lat="46.23469389975071" lon="15.194265972822905">
        <ele>250.0</ele>
        <time>2025-01-01T12:06:58Z</time>
      </trkpt>
      <trkpt lat="46.234713681042194" lon="15.19419388845563">
        <ele>250.0</ele>
        <time>2025-01-01T12:06:59Z</time>
      </trkpt>
      <trkpt lat="46.23473254032433" lon="15.194121887907386">
        <ele>250.0</ele>
        <time>2025-01-01T12:07:00Z</time>
      </trkpt>
      <trkpt lat="46.234750812873244" lon="15.194047624245286">
        <ele>250.0</ele>
        <time>2025-01-01T12:07:01Z</time>
      </trkpt>
      <trkpt lat="46.234770845621824" lon="15.193976042792201">
        <ele>250.0</ele>
        <time>2025-01-01T12:07:01Z</time>
      </trkpt>
      <trkpt lat="46.23479020781815" lon="15.193905886262655">
        <ele>250.0</ele>
        <time>2025-01-01T12:07:02Z</time>
      </trkpt>
      <trkpt lat="46.234810492023826" lon="15.193832796067">
        <ele>250.0</ele>
        <time>2025-01-01T12:07:03Z</time>
      </trkpt>
      <trkpt lat="46.23482884839177" lon="15.193754760548472">
        <ele>250.0</ele>
        <time>2025-01-01T12:07:04Z</time>
      </trkpt>
      <trkpt lat="46.234848126769066" lon="15.19367890432477">
        <ele>250.0</ele>
        <time>2025-01-01T12:07:05Z</time>
      </trkpt>
      <trkpt lat="46.234867656603456" lon="15.193605395033956">
        <ele>250.0</ele>
        <time>2025-01-01T12:07:06Z</time>
      </trkpt>
      <trkpt lat="46.2348894495517" lon="15.193533394485712">
        <ele>250.0</ele>
        <time>2025-01-01T12:07:07Z</time>
      </trkpt>
      <trkpt lat="46.23491073958576" lon="15.193461896851659">
        <ele>250.0</ele>
        <time>2025-01-01T12:07:08Z</time>
      </trkpt>
      <trkpt lat="46.234929682686925" lon="15.193386794999242">
        <ele>250.0</ele>
        <time>2025-01-01T12:07:09Z</time>
      </trkpt>
      <trkpt lat="46.234945775941014" lon="15.193311274051666">
        <ele>250.0</ele>
        <time>2025-01-01T12:07:10Z</time>
      </trkpt>
      <trkpt lat="46.234961953014135" lon="15.19323323853314">
        <ele>250.0</ele>
        <time>2025-01-01T12:07:11Z</time>
      </trkpt>
      <trkpt lat="46.23498173430562" lon="15.193159142509103">
        <ele>250.1999969482422</ele>
        <time>2025-01-01T12:07:12Z</time>
      </trkpt>
      <trkpt lat="46.235001515597105" lon="15.193086806684732">
        <ele>250.0</ele>
        <time>2025-01-01T12:07:13Z</time>
      </trkpt>
      <trkpt lat="46.23502188362181" lon="15.193015476688743">
        <ele>250.1999969482422</ele>
        <time>2025-01-01T12:07:14Z</time>
      </trkpt>
      <trkpt lat="46.235040156170726" lon="15.19294154830277">
        <ele>250.1999969482422</ele>
        <time>2025-01-01T12:07:15Z</time>
      </trkpt>
      <trkpt lat="46.23505901545286" lon="15.192867871373892">
        <ele>250.1999969482422</ele>
        <time>2025-01-01T12:07:16Z</time>
      </trkpt>
      <trkpt lat="46.23508047312498" lon="15.192795116454363">
        <ele>250.1999969482422</ele>
        <time>2025-01-01T12:07:17Z</time>
      </trkpt>
      <trkpt lat="46.23509882949293" lon="15.192720601335168">
        <ele>250.1999969482422</ele>
        <time>2025-01-01T12:07:18Z</time>
      </trkpt>
      <trkpt lat="46.23511659912765" lon="15.19264399074018">
        <ele>250.1999969482422</ele>
        <time>2025-01-01T12:07:19Z</time>
      </trkpt>
      <trkpt lat="46.23513579368591" lon="15.192568972706795">
        <ele>250.1999969482422</ele>
        <time>2025-01-01T12:07:20Z</time>
      </trkpt>
      <trkpt lat="46.23515456914902" lon="15.192495211958885">
        <ele>250.1999969482422</ele>
        <time>2025-01-01T12:07:20Z</time>
      </trkpt>
      <trkpt lat="46.23517359606922" lon="15.19241969101131">
        <ele>250.1999969482422</ele>
        <time>2025-01-01T12:07:21Z</time>
      </trkpt>
      <trkpt lat="46.235192036256194" lon="15.192345846444368">
        <ele>250.1999969482422</ele>
        <time>2025-01-01T12:07:22Z</time>
      </trkpt>
      <trkpt lat="46.23521173372865" lon="15.192273007705808">
        <ele>250.1999969482422</ele>
        <time>2025-01-01T12:07:23Z</time>
      </trkpt>
      <trkpt lat="46.23523134738207" lon="15.19219832494855">
        <ele>250.1999969482422</ele>
        <time>2025-01-01T12:07:24Z</time>
      </trkpt>
      <trkpt lat="46.23525054194033" lon="15.192124312743545">
        <ele>250.1999969482422</ele>
        <time>2025-01-01T12:07:25Z</time>
      </trkpt>
      <trkpt lat="46.235268311575055" lon="15.192049546167254">
        <ele>250.1999969482422</ele>
        <time>2025-01-01T12:07:26Z</time>
      </trkpt>
      <trkpt lat="46.235287422314286" lon="15.191975450143218">
        <ele>250.1999969482422</ele>
        <time>2025-01-01T12:07:27Z</time>
      </trkpt>
      <trkpt lat="46.23530603013933" lon="15.191902946680784">
        <ele>250.1999969482422</ele>
        <time>2025-01-01T12:07:28Z</time>
      </trkpt>
      <trkpt lat="46.23532480560243" lon="15.191829605028033">
        <ele>250.1999969482422</ele>
        <time>2025-01-01T12:07:29Z</time>
      </trkpt>
      <trkpt lat="46.23534475453198" lon="15.191753581166267">
        <ele>250.1999969482422</ele>
        <time>2025-01-01T12:07:30Z</time>
      </trkpt>
      <trkpt lat="46.23536587692797" lon="15.191679066047072">
        <ele>250.39999389648438</ele>
        <time>2025-01-01T12:07:31Z</time>
      </trkpt>
      <trkpt lat="46.23538599349558" lon="15.191604802384973">
        <ele>250.39999389648438</ele>
        <time>2025-01-01T12:07:32Z</time>
      </trkpt>
      <trkpt lat="46.23540451750159" lon="15.191530706360936">
        <ele>250.39999389648438</ele>
        <time>2025-01-01T12:07:33Z</time>
      </trkpt>
      <trkpt lat="46.23542295768857" lon="15.19145610742271">
        <ele>250.39999389648438</ele>
        <time>2025-01-01T12:07:34Z</time>
      </trkpt>
      <trkpt lat="46.235441816970706" lon="15.191381173208356">
        <ele>250.39999389648438</ele>
        <time>2025-01-01T12:07:35Z</time>
      </trkpt>
      <trkpt lat="46.23546008951962" lon="15.191309843212366">
        <ele>250.39999389648438</ele>
        <time>2025-01-01T12:07:36Z</time>
      </trkpt>
      <trkpt lat="46.23548028990626" lon="15.191238094121218">
        <ele>250.39999389648438</ele>
        <time>2025-01-01T12:07:37Z</time>
      </trkpt>
      <trkpt lat="46.23549981974065" lon="15.191165171563625">
        <ele>250.39999389648438</ele>
        <time>2025-01-01T12:07:38Z</time>
      </trkpt>
      <trkpt lat="46.235517002642155" lon="15.191090321168303">
        <ele>250.1999969482422</ele>
        <time>2025-01-01T12:07:38Z</time>
      </trkpt>
      <trkpt lat="46.23553544282913" lon="15.191018069162965">
        <ele>250.39999389648438</ele>
        <time>2025-01-01T12:07:39Z</time>
      </trkpt>
      <trkpt lat="46.23555187135935" lon="15.190946068614721">
        <ele>250.39999389648438</ele>
        <time>2025-01-01T12:07:40Z</time>
      </trkpt>
      <trkpt lat="46.235567880794406" lon="15.19087222404778">
        <ele>250.39999389648438</ele>
        <time>2025-01-01T12:07:41Z</time>
      </trkpt>
      <trkpt lat="46.23558456078172" lon="15.190797625109553">
        <ele>250.39999389648438</ele>
        <time>2025-01-01T12:07:42Z</time>
      </trkpt>
      <trkpt lat="46.2356045935303" lon="15.190725373104215">
        <ele>250.39999389648438</ele>
        <time>2025-01-01T12:07:43Z</time>
      </trkpt>
      <trkpt lat="46.23562395572662" lon="15.190654462203383">
        <ele>250.39999389648438</ele>
        <time>2025-01-01T12:07:44Z</time>
      </trkpt>
      <trkpt lat="46.23564281500876" lon="15.190583802759647">
        <ele>250.39999389648438</ele>
        <time>2025-01-01T12:07:45Z</time>
      </trkpt>
      <trkpt lat="46.23566200956702" lon="15.19051213748753">
        <ele>250.39999389648438</ele>
        <time>2025-01-01T12:07:46Z</time>
      </trkpt>
      <trkpt lat="46.235679192468524" lon="15.190438712015748">
        <ele>250.39999389648438</ele>
        <time>2025-01-01T12:07:47Z</time>
      </trkpt>
      <trkpt lat="46.23569461517036" lon="15.190365370362997">
        <ele>250.39999389648438</ele>
        <time>2025-01-01T12:07:48Z</time>
      </trkpt>
      <trkpt lat="46.23570827767253" lon="15.190297057852149">
        <ele>250.39999389648438</ele>
        <time>2025-01-01T12:07:48Z</time>
      </trkpt>
      <trkpt lat="46.235721688717604" lon="15.190231511369348">
        <ele>250.39999389648438</ele>
        <time>2025-01-01T12:07:49Z</time>
      </trkpt>
      <trkpt lat="46.23573417775333" lon="15.190170742571354">
        <ele>250.39999389648438</ele>
        <time>2025-01-01T12:07:50Z</time>
      </trkpt>
      <trkpt lat="46.235745158046484" lon="15.19010947085917">
        <ele>250.39999389648438</ele>
        <time>2025-01-01T12:07:51Z</time>
      </trkpt>
      <trkpt lat="46.23575722798705" lon="15.19004451110959">
        <ele>250.39999389648438</ele>
        <time>2025-01-01T12:07:52Z</time>
      </trkpt>
      <trkpt lat="46.23576946556568" lon="15.189979299902916">
        <ele>250.60000610351562</ele>
        <time>2025-01-01T12:07:53Z</time>
      </trkpt>
      <trkpt lat="46.23578321188688" lon="15.189913166686893">
        <ele>250.60000610351562</ele>
        <time>2025-01-01T12:07:53Z</time>
      </trkpt>
      <trkpt lat="46.23579519800842" lon="15.189843429252505">
        <ele>250.60000610351562</ele>
        <time>2025-01-01T12:07:54Z</time>
      </trkpt>
      <trkpt lat="46.235807687044144" lon="15.18977327272296">
        <ele>250.60000610351562</ele>
        <time>2025-01-01T12:07:55Z</time>
      </trkpt>
      <trkpt lat="46.23582310974598" lon="15.189702278003097">
        <ele>250.60000610351562</ele>
        <time>2025-01-01T12:07:56Z</time>
      </trkpt>
      <trkpt lat="46.23583551496267" lon="15.189627846702933">
        <ele>250.8000030517578</ele>
        <time>2025-01-01T12:07:57Z</time>
      </trkpt>
      <trkpt lat="46.2358461599797" lon="15.189554169774055">
        <ele>250.8000030517578</ele>
        <time>2025-01-01T12:07:58Z</time>
      </trkpt>
      <trkpt lat="46.23585630208254" lon="15.189479487016797">
        <ele>250.60000610351562</ele>
        <time>2025-01-01T12:07:59Z</time>
      </trkpt>
      <trkpt lat="46.2358670309186" lon="15.189410420134664">
        <ele>250.60000610351562</ele>
        <time>2025-01-01T12:08:00Z</time>
      </trkpt>
      <trkpt lat="46.235877173021436" lon="15.189339090138674">
        <ele>250.60000610351562</ele>
        <time>2025-01-01T12:08:00Z</time>
      </trkpt>
      <trkpt lat="46.23588773421943" lon="15.18926608376205">
        <ele>250.60000610351562</ele>
        <time>2025-01-01T12:08:01Z</time>
      </trkpt>
      <trkpt lat="46.235898211598396" lon="15.18919768743217">
        <ele>250.8000030517578</ele>
        <time>2025-01-01T12:08:02Z</time>
      </trkpt>
      <trkpt lat="46.235908353701234" lon="15.189130380749702">
        <ele>250.8000030517578</ele>
        <time>2025-01-01T12:08:03Z</time>
      </trkpt>
      <trkpt lat="46.23591648414731" lon="15.18906089477241">
        <ele>250.8000030517578</ele>
        <time>2025-01-01T12:08:04Z</time>
      </trkpt>
      <trkpt lat="46.23592218384147" lon="15.188987636938691">
        <ele>251.0</ele>
        <time>2025-01-01T12:08:05Z</time>
      </trkpt>
      <trkpt lat="46.23592637479305" lon="15.18891622312367">
        <ele>251.0</ele>
        <time>2025-01-01T12:08:06Z</time>
      </trkpt>
      <trkpt lat="46.23593165539205" lon="15.188847491517663">
        <ele>251.0</ele>
        <time>2025-01-01T12:08:07Z</time>
      </trkpt>
      <trkpt lat="46.235937774181366" lon="15.188781023025513">
        <ele>251.0</ele>
        <time>2025-01-01T12:08:08Z</time>
      </trkpt>
      <trkpt lat="46.235944144427776" lon="15.188716817647219">
        <ele>251.0</ele>
        <time>2025-01-01T12:08:08Z</time>
      </trkpt>
      <trkpt lat="46.23594984412193" lon="15.188656970858574">
        <ele>251.0</ele>
        <time>2025-01-01T12:08:09Z</time>
      </trkpt>
      <trkpt lat="46.23595403507352" lon="15.188599722459912">
        <ele>251.0</ele>
        <time>2025-01-01T12:08:10Z</time>
      </trkpt>
      <trkpt lat="46.235957304015756" lon="15.18854289315641">
        <ele>251.0</ele>
        <time>2025-01-01T12:08:10Z</time>
      </trkpt>
      <trkpt lat="46.23596241697669" lon="15.188491260632873">
        <ele>251.1999969482422</ele>
        <time>2025-01-01T12:08:11Z</time>
      </trkpt>
      <trkpt lat="46.23596451245248" lon="15.18843837082386">
        <ele>251.1999969482422</ele>
        <time>2025-01-01T12:08:12Z</time>
      </trkpt>
      <trkpt lat="46.23596635647118" lon="15.188384391367435">
        <ele>251.39999389648438</ele>
        <time>2025-01-01T12:08:13Z</time>
      </trkpt>
      <trkpt lat="46.23596887104213" lon="15.188334854319692">
        <ele>251.60000610351562</ele>
        <time>2025-01-01T12:08:13Z</time>
      </trkpt>
      <trkpt lat="46.2359706312418" lon="15.188292358070612">
        <ele>251.60000610351562</ele>
        <time>2025-01-01T12:08:14Z</time>
      </trkpt>
      <trkpt lat="46.23597088269889" lon="15.188249610364437">
        <ele>251.8000030517578</ele>
        <time>2025-01-01T12:08:15Z</time>
      </trkpt>
      <trkpt lat="46.23597163707018" lon="15.188205940648913">
        <ele>252.0</ele>
        <time>2025-01-01T12:08:15Z</time>
      </trkpt>
      <trkpt lat="46.23597255907953" lon="15.18816570751369">
        <ele>252.1999969482422</ele>
        <time>2025-01-01T12:08:16Z</time>
      </trkpt>
      <trkpt lat="46.23597356490791" lon="15.188127905130386">
        <ele>252.39999389648438</ele>
        <time>2025-01-01T12:08:17Z</time>
      </trkpt>
      <trkpt lat="46.235972894355655" lon="15.18808557651937">
        <ele>252.60000610351562</ele>
        <time>2025-01-01T12:08:18Z</time>
      </trkpt>
      <trkpt lat="46.23597205616534" lon="15.188042661175132">
        <ele>252.60000610351562</ele>
        <time>2025-01-01T12:08:18Z</time>
      </trkpt>
      <trkpt lat="46.23597213998437" lon="15.187992537394166">
        <ele>252.8000030517578</ele>
        <time>2025-01-01T12:08:19Z</time>
      </trkpt>
      <trkpt lat="46.23596727848053" lon="15.187939312309027">
        <ele>252.8000030517578</ele>
        <time>2025-01-01T12:08:20Z</time>
      </trkpt>
      <trkpt lat="46.235957220196724" lon="15.187874268740416">
        <ele>252.8000030517578</ele>
        <time>2025-01-01T12:08:20Z</time>
      </trkpt>
      <trkpt lat="46.2359481677413" lon="15.187801094725728">
        <ele>252.60000610351562</ele>
        <time>2025-01-01T12:08:21Z</time>
      </trkpt>
      <trkpt lat="46.23594179749489" lon="15.187723897397518">
        <ele>252.60000610351562</ele>
        <time>2025-01-01T12:08:22Z</time>
      </trkpt>
      <trkpt lat="46.23593911528587" lon="15.187640497460961">
        <ele>252.39999389648438</ele>
        <time>2025-01-01T12:08:23Z</time>
      </trkpt>
      <trkpt lat="46.235936768352985" lon="15.187557935714722">
        <ele>252.1999969482422</ele>
        <time>2025-01-01T12:08:24Z</time>
      </trkpt>
      <trkpt lat="46.23593324795365" lon="15.187475038692355">
        <ele>252.0</ele>
        <time>2025-01-01T12:08:24Z</time>
      </trkpt>
      <trkpt lat="46.23593123629689" lon="15.187389710918069">
        <ele>251.8000030517578</ele>
        <time>2025-01-01T12:08:25Z</time>
      </trkpt>
      <trkpt lat="46.235924530774355" lon="15.187303544953465">
        <ele>251.60000610351562</ele>
        <time>2025-01-01T12:08:26Z</time>
      </trkpt>
      <trkpt lat="46.23591547831893" lon="15.18721578642726">
        <ele>251.39999389648438</ele>
        <time>2025-01-01T12:08:27Z</time>
      </trkpt>
      <trkpt lat="46.23590634204447" lon="15.187127105891705">
        <ele>251.1999969482422</ele>
        <time>2025-01-01T12:08:28Z</time>
      </trkpt>
      <trkpt lat="46.23589737340808" lon="15.187039850279689">
        <ele>251.0</ele>
        <time>2025-01-01T12:08:29Z</time>
      </trkpt>
      <trkpt lat="46.23589066788554" lon="15.186954187229276">
        <ele>251.0</ele>
        <time>2025-01-01T12:08:30Z</time>
      </trkpt>
      <trkpt lat="46.23588287271559" lon="15.186868524178863">
        <ele>251.0</ele>
        <time>2025-01-01T12:08:31Z</time>
      </trkpt>
      <trkpt lat="46.2358789332211" lon="15.18678579479456">
        <ele>251.0</ele>
        <time>2025-01-01T12:08:32Z</time>
      </trkpt>
      <trkpt lat="46.235873652622104" lon="15.186700550839305">
        <ele>251.0</ele>
        <time>2025-01-01T12:08:33Z</time>
      </trkpt>
      <trkpt lat="46.23586577363312" lon="15.18661723472178">
        <ele>251.0</ele>
        <time>2025-01-01T12:08:34Z</time>
      </trkpt>
      <trkpt lat="46.235858146101236" lon="15.186533583328128">
        <ele>251.1999969482422</ele>
        <time>2025-01-01T12:08:35Z</time>
      </trkpt>
      <trkpt lat="46.235852194949985" lon="15.186449596658349">
        <ele>251.0</ele>
        <time>2025-01-01T12:08:36Z</time>
      </trkpt>
      <trkpt lat="46.23584557324648" lon="15.186367286369205">
        <ele>251.0</ele>
        <time>2025-01-01T12:08:37Z</time>
      </trkpt>
      <trkpt lat="46.23583836480975" lon="15.186284221708775">
        <ele>251.0</ele>
        <time>2025-01-01T12:08:38Z</time>
      </trkpt>
      <trkpt lat="46.235833168029785" lon="15.186201576143503">
        <ele>251.0</ele>
        <time>2025-01-01T12:08:39Z</time>
      </trkpt>
      <trkpt lat="46.23582788743079" lon="15.18612027168274">
        <ele>251.0</ele>
        <time>2025-01-01T12:08:40Z</time>
      </trkpt>
      <trkpt lat="46.235822942107916" lon="15.186036871746182">
        <ele>251.0</ele>
        <time>2025-01-01T12:08:41Z</time>
      </trkpt>
      <trkpt lat="46.235816571861506" lon="15.185953555628657">
        <ele>251.0</ele>
        <time>2025-01-01T12:08:42Z</time>
      </trkpt>
      <trkpt lat="46.23581087216735" lon="15.18587107770145">
        <ele>251.0</ele>
        <time>2025-01-01T12:08:43Z</time>
      </trkpt>
      <trkpt lat="46.23580223880708" lon="15.185788599774241">
        <ele>251.0</ele>
        <time>2025-01-01T12:08:44Z</time>
      </trkpt>
      <trkpt lat="46.235794108361006" lon="15.185706540942192">
        <ele>251.1999969482422</ele>
        <time>2025-01-01T12:08:45Z</time>
      </trkpt>
      <trkpt lat="46.23578664846718" lon="15.185626912862062">
        <ele>251.1999969482422</ele>
        <time>2025-01-01T12:08:46Z</time>
      </trkpt>
      <trkpt lat="46.235778853297234" lon="15.185544854030013">
        <ele>251.1999969482422</ele>
        <time>2025-01-01T12:08:47Z</time>
      </trkpt>
      <trkpt lat="46.23576996847987" lon="15.185463046655059">
        <ele>251.1999969482422</ele>
        <time>2025-01-01T12:08:48Z</time>
      </trkpt>
      <trkpt lat="46.235757898539305" lon="15.185377467423677">
        <ele>251.1999969482422</ele>
        <time>2025-01-01T12:08:49Z</time>
      </trkpt>
      <trkpt lat="46.23574591241777" lon="15.185294738039374">
        <ele>251.1999969482422</ele>
        <time>2025-01-01T12:08:50Z</time>
      </trkpt>
      <trkpt lat="46.23573518358171" lon="15.185209577903152">
        <ele>251.39999389648438</ele>
        <time>2025-01-01T12:08:51Z</time>
      </trkpt>
      <trkpt lat="46.235723281279206" lon="15.185123747214675">
        <ele>251.39999389648438</ele>
        <time>2025-01-01T12:08:52Z</time>
      </trkpt>
      <trkpt lat="46.23571179807186" lon="15.185037413612008">
        <ele>251.39999389648438</ele>
        <time>2025-01-01T12:08:53Z</time>
      </trkpt>
      <trkpt lat="46.235701236873865" lon="15.184955019503832">
        <ele>251.39999389648438</ele>
        <time>2025-01-01T12:08:54Z</time>
      </trkpt>
      <trkpt lat="46.23569034039974" lon="15.184872541576624">
        <ele>251.60000610351562</ele>
        <time>2025-01-01T12:08:55Z</time>
      </trkpt>
      <trkpt lat="46.23567759990692" lon="15.184790063649416">
        <ele>251.39999389648438</ele>
        <time>2025-01-01T12:08:56Z</time>
      </trkpt>
      <trkpt lat="46.235665110871196" lon="15.184708256274462">
        <ele>251.60000610351562</ele>
        <time>2025-01-01T12:08:57Z</time>
      </trkpt>
      <trkpt lat="46.23565304093063" lon="15.184627370908856">
        <ele>251.60000610351562</ele>
        <time>2025-01-01T12:08:58Z</time>
      </trkpt>
      <trkpt lat="46.23563996516168" lon="15.184545144438744">
        <ele>251.60000610351562</ele>
        <time>2025-01-01T12:08:59Z</time>
      </trkpt>
      <trkpt lat="46.2356252130121" lon="15.184463420882821">
        <ele>251.60000610351562</ele>
        <time>2025-01-01T12:09:00Z</time>
      </trkpt>
      <trkpt lat="46.23561062850058" lon="15.184383960440755">
        <ele>251.8000030517578</ele>
        <time>2025-01-01T12:09:02Z</time>
      </trkpt>
      <trkpt lat="46.235595876351" lon="15.18430357798934">
        <ele>251.8000030517578</ele>
        <time>2025-01-01T12:09:03Z</time>
      </trkpt>
      <trkpt lat="46.23558271676302" lon="15.184222273528576">
        <ele>251.8000030517578</ele>
        <time>2025-01-01T12:09:04Z</time>
      </trkpt>
      <trkpt lat="46.2355699762702" lon="15.184143399819732">
        <ele>251.8000030517578</ele>
        <time>2025-01-01T12:09:04Z</time>
      </trkpt>
      <trkpt lat="46.23555480502546" lon="15.184065029025078">
        <ele>251.8000030517578</ele>
        <time>2025-01-01T12:09:05Z</time>
      </trkpt>
      <trkpt lat="46.23553829267621" lon="15.18398892134428">
        <ele>251.8000030517578</ele>
        <time>2025-01-01T12:09:06Z</time>
      </trkpt>
      <trkpt lat="46.235524881631136" lon="15.18391557969153">
        <ele>251.60000610351562</ele>
        <time>2025-01-01T12:09:07Z</time>
      </trkpt>
      <trkpt lat="46.23551532626152" lon="15.183846764266491">
        <ele>251.60000610351562</ele>
        <time>2025-01-01T12:09:08Z</time>
      </trkpt>
      <trkpt lat="46.23550803400576" lon="15.183782139793038">
        <ele>251.60000610351562</ele>
        <time>2025-01-01T12:09:09Z</time>
      </trkpt>
      <trkpt lat="46.23549772426486" lon="15.183715168386698">
        <ele>251.60000610351562</ele>
        <time>2025-01-01T12:09:10Z</time>
      </trkpt>
      <trkpt lat="46.235484313219786" lon="15.183639395982027">
        <ele>251.60000610351562</ele>
        <time>2025-01-01T12:09:10Z</time>
      </trkpt>
      <trkpt lat="46.23546939343214" lon="15.183557588607073">
        <ele>251.8000030517578</ele>
        <time>2025-01-01T12:09:12Z</time>
      </trkpt>
      <trkpt lat="46.235457826405764" lon="15.183474272489548">
        <ele>251.8000030517578</ele>
        <time>2025-01-01T12:09:13Z</time>
      </trkpt>
      <trkpt lat="46.23544508591294" lon="15.183392381295562">
        <ele>251.8000030517578</ele>
        <time>2025-01-01T12:09:14Z</time>
      </trkpt>
      <trkpt lat="46.235430082306266" lon="15.183314764872193">
        <ele>251.8000030517578</ele>
        <time>2025-01-01T12:09:15Z</time>
      </trkpt>
      <trkpt lat="46.23541323468089" lon="15.183239579200745">
        <ele>252.0</ele>
        <time>2025-01-01T12:09:16Z</time>
      </trkpt>
      <trkpt lat="46.23539563268423" lon="15.183162717148662">
        <ele>252.0</ele>
        <time>2025-01-01T12:09:17Z</time>
      </trkpt>
      <trkpt lat="46.235376773402095" lon="15.18308392725885">
        <ele>252.0</ele>
        <time>2025-01-01T12:09:18Z</time>
      </trkpt>
      <trkpt lat="46.23535984195769" lon="15.183006227016449">
        <ele>252.0</ele>
        <time>2025-01-01T12:09:19Z</time>
      </trkpt>
      <trkpt lat="46.23534274287522" lon="15.182928191497922">
        <ele>252.1999969482422</ele>
        <time>2025-01-01T12:09:20Z</time>
      </trkpt>
      <trkpt lat="46.23532623052597" lon="15.182853173464537">
        <ele>252.1999969482422</ele>
        <time>2025-01-01T12:09:21Z</time>
      </trkpt>
      <trkpt lat="46.235309801995754" lon="15.182777903974056">
        <ele>252.1999969482422</ele>
        <time>2025-01-01T12:09:22Z</time>
      </trkpt>
      <trkpt lat="46.23529337346554" lon="15.182700287550688">
        <ele>252.1999969482422</ele>
        <time>2025-01-01T12:09:23Z</time>
      </trkpt>
      <trkpt lat="46.23527878895402" lon="15.182622922584414">
        <ele>252.1999969482422</ele>
        <time>2025-01-01T12:09:24Z</time>
      </trkpt>
      <trkpt lat="46.23526529408991" lon="15.182547066360712">
        <ele>252.0</ele>
        <time>2025-01-01T12:09:24Z</time>
      </trkpt>
      <trkpt lat="46.23524945229292" lon="15.18246777355671">
        <ele>252.0</ele>
        <time>2025-01-01T12:09:25Z</time>
      </trkpt>
      <trkpt lat="46.235236544162035" lon="15.18238672055304">
        <ele>252.0</ele>
        <time>2025-01-01T12:09:26Z</time>
      </trkpt>
      <trkpt lat="46.23522254638374" lon="15.182304996997118">
        <ele>252.0</ele>
        <time>2025-01-01T12:09:27Z</time>
      </trkpt>
      <trkpt lat="46.23520787805319" lon="15.182222267612815">
        <ele>252.0</ele>
        <time>2025-01-01T12:09:28Z</time>
      </trkpt>
      <trkpt lat="46.23519488610327" lon="15.182139789685607">
        <ele>252.1999969482422</ele>
        <time>2025-01-01T12:09:30Z</time>
      </trkpt>
      <trkpt lat="46.23518206179142" lon="15.182059407234192">
        <ele>252.1999969482422</ele>
        <time>2025-01-01T12:09:31Z</time>
      </trkpt>
      <trkpt lat="46.235168650746346" lon="15.181977432221174">
        <ele>252.1999969482422</ele>
        <time>2025-01-01T12:09:32Z</time>
      </trkpt>
      <trkpt lat="46.23515649698675" lon="15.181894535198808">
        <ele>252.39999389648438</ele>
        <time>2025-01-01T12:09:33Z</time>
      </trkpt>
      <trkpt lat="46.23514543287456" lon="15.18181398510933">
        <ele>252.39999389648438</ele>
        <time>2025-01-01T12:09:34Z</time>
      </trkpt>
      <trkpt lat="46.23513579368591" lon="15.181735111400485">
        <ele>252.39999389648438</ele>
        <time>2025-01-01T12:09:35Z</time>
      </trkpt>
      <trkpt lat="46.23512699268758" lon="15.18165330402553">
        <ele>252.60000610351562</ele>
        <time>2025-01-01T12:09:36Z</time>
      </trkpt>
      <trkpt lat="46.235115341842175" lon="15.181570574641228">
        <ele>252.60000610351562</ele>
        <time>2025-01-01T12:09:37Z</time>
      </trkpt>
      <trkpt lat="46.23510452918708" lon="15.181484911590815">
        <ele>252.39999389648438</ele>
        <time>2025-01-01T12:09:38Z</time>
      </trkpt>
      <trkpt lat="46.235094806179404" lon="15.18139866180718">
        <ele>252.39999389648438</ele>
        <time>2025-01-01T12:09:39Z</time>
      </trkpt>
      <trkpt lat="46.23508692719042" lon="15.181312495842576">
        <ele>252.39999389648438</ele>
        <time>2025-01-01T12:09:40Z</time>
      </trkpt>
      <trkpt lat="46.235080221667886" lon="15.18122373148799">
        <ele>252.39999389648438</ele>
        <time>2025-01-01T12:09:41Z</time>
      </trkpt>
      <trkpt lat="46.23507510870695" lon="15.181138319894671">
        <ele>252.39999389648438</ele>
        <time>2025-01-01T12:09:42Z</time>
      </trkpt>
      <trkpt lat="46.235072426497936" lon="15.181053075939417">
        <ele>252.39999389648438</ele>
        <time>2025-01-01T12:09:43Z</time>
      </trkpt>
      <trkpt lat="46.2350741866976" lon="15.18097068183124">
        <ele>252.60000610351562</ele>
        <time>2025-01-01T12:09:44Z</time>
      </trkpt>
      <trkpt lat="46.23507904820144" lon="15.180891640484333">
        <ele>252.60000610351562</ele>
        <time>2025-01-01T12:09:45Z</time>
      </trkpt>
      <trkpt lat="46.23508592136204" lon="15.180817795917392">
        <ele>252.8000030517578</ele>
        <time>2025-01-01T12:09:46Z</time>
      </trkpt>
      <trkpt lat="46.23509103432298" lon="15.180745292454958">
        <ele>253.0</ele>
        <time>2025-01-01T12:09:47Z</time>
      </trkpt>
      <trkpt lat="46.235098326578736" lon="15.180668765679002">
        <ele>253.0</ele>
        <time>2025-01-01T12:09:48Z</time>
      </trkpt>
      <trkpt lat="46.23511056415737" lon="15.18058804795146">
        <ele>253.0</ele>
        <time>2025-01-01T12:09:49Z</time>
      </trkpt>
      <trkpt lat="46.235123639926314" lon="15.180507078766823">
        <ele>253.1999969482422</ele>
        <time>2025-01-01T12:09:50Z</time>
      </trkpt>
      <trkpt lat="46.23513763770461" lon="15.1804287917912">
        <ele>253.1999969482422</ele>
        <time>2025-01-01T12:09:51Z</time>
      </trkpt>
      <trkpt lat="46.23515331186354" lon="15.180357294157147">
        <ele>253.0</ele>
        <time>2025-01-01T12:09:52Z</time>
      </trkpt>
      <trkpt lat="46.23516756109893" lon="15.18028604798019">
        <ele>253.0</ele>
        <time>2025-01-01T12:09:53Z</time>
      </trkpt>
      <trkpt lat="46.23517267405987" lon="15.180219579488039">
        <ele>253.0</ele>
        <time>2025-01-01T12:09:54Z</time>
      </trkpt>
      <trkpt lat="46.235158843919635" lon="15.180161660537124">
        <ele>253.0</ele>
        <time>2025-01-01T12:09:54Z</time>
      </trkpt>
      <trkpt lat="46.23512925580144" lon="15.180115140974522">
        <ele>252.8000030517578</ele>
        <time>2025-01-01T12:09:55Z</time>
      </trkpt>
      <trkpt lat="46.23508717864752" lon="15.180081445723772">
        <ele>252.8000030517578</ele>
        <time>2025-01-01T12:09:56Z</time>
      </trkpt>
      <trkpt lat="46.23503940179944" lon="15.18003785982728">
        <ele>252.60000610351562</ele>
        <time>2025-01-01T12:09:57Z</time>
      </trkpt>
      <trkpt lat="46.23500813730061" lon="15.179970636963844">
        <ele>252.39999389648438</ele>
        <time>2025-01-01T12:09:57Z</time>
      </trkpt>
      <trkpt lat="46.234991792589426" lon="15.179896457120776">
        <ele>252.0</ele>
        <time>2025-01-01T12:09:58Z</time>
      </trkpt>
      <trkpt lat="46.234988020733" lon="15.179820181801915">
        <ele>251.8000030517578</ele>
        <time>2025-01-01T12:09:59Z</time>
      </trkpt>
      <trkpt lat="46.23499196022749" lon="15.179742649197578">
        <ele>251.60000610351562</ele>
        <time>2025-01-01T12:09:59Z</time>
      </trkpt>
      <trkpt lat="46.23499782755971" lon="15.179665368050337">
        <ele>251.60000610351562</ele>
        <time>2025-01-01T12:10:00Z</time>
      </trkpt>
      <trkpt lat="46.23500260524452" lon="15.17958926036954">
        <ele>251.39999389648438</ele>
        <time>2025-01-01T12:10:01Z</time>
      </trkpt>
      <trkpt lat="46.235007802024484" lon="15.179518852382898">
        <ele>251.39999389648438</ele>
        <time>2025-01-01T12:10:02Z</time>
      </trkpt>
      <trkpt lat="46.23501341789961" lon="15.179454814642668">
        <ele>251.60000610351562</ele>
        <time>2025-01-01T12:10:03Z</time>
      </trkpt>
      <trkpt lat="46.23502037487924" lon="15.179392956197262">
        <ele>251.60000610351562</ele>
        <time>2025-01-01T12:10:04Z</time>
      </trkpt>
      <trkpt lat="46.2350292596966" lon="15.179328247904778">
        <ele>251.8000030517578</ele>
        <time>2025-01-01T12:10:05Z</time>
      </trkpt>
      <trkpt lat="46.23503948561847" lon="15.179254990071058">
        <ele>252.0</ele>
        <time>2025-01-01T12:10:06Z</time>
      </trkpt>
      <trkpt lat="46.23504920862615" lon="15.179190700873733">
        <ele>252.0</ele>
        <time>2025-01-01T12:10:07Z</time>
      </trkpt>
      <trkpt lat="46.235057255253196" lon="15.179126830771565">
        <ele>252.0</ele>
        <time>2025-01-01T12:10:07Z</time>
      </trkpt>
      <trkpt lat="46.23506739735603" lon="15.179062122479081">
        <ele>252.1999969482422</ele>
        <time>2025-01-01T12:10:08Z</time>
      </trkpt>
      <trkpt lat="46.23508139513433" lon="15.178986936807632">
        <ele>252.1999969482422</ele>
        <time>2025-01-01T12:10:09Z</time>
      </trkpt>
      <trkpt lat="46.23508927412331" lon="15.178907476365566">
        <ele>252.1999969482422</ele>
        <time>2025-01-01T12:10:10Z</time>
      </trkpt>
      <trkpt lat="46.235096314921975" lon="15.178820556029677">
        <ele>252.39999389648438</ele>
        <time>2025-01-01T12:10:11Z</time>
      </trkpt>
      <trkpt lat="46.23510503210127" lon="15.1787347253412">
        <ele>252.39999389648438</ele>
        <time>2025-01-01T12:10:12Z</time>
      </trkpt>
      <trkpt lat="46.23511374928057" lon="15.178650822490454">
        <ele>252.39999389648438</ele>
        <time>2025-01-01T12:10:13Z</time>
      </trkpt>
      <trkpt lat="46.23512196354568" lon="15.178563734516501">
        <ele>252.39999389648438</ele>
        <time>2025-01-01T12:10:14Z</time>
      </trkpt>
      <trkpt lat="46.23513026162982" lon="15.178479412570596">
        <ele>252.39999389648438</ele>
        <time>2025-01-01T12:10:15Z</time>
      </trkpt>
      <trkpt lat="46.23513579368591" lon="15.178397689014673">
        <ele>252.39999389648438</ele>
        <time>2025-01-01T12:10:16Z</time>
      </trkpt>
      <trkpt lat="46.23514048755169" lon="15.178324012085795">
        <ele>252.39999389648438</ele>
        <time>2025-01-01T12:10:17Z</time>
      </trkpt>
      <trkpt lat="46.235142666846514" lon="15.178246311843395">
        <ele>252.39999389648438</ele>
        <time>2025-01-01T12:10:18Z</time>
      </trkpt>
      <trkpt lat="46.23514752835035" lon="15.178168192505836">
        <ele>252.60000610351562</ele>
        <time>2025-01-01T12:10:19Z</time>
      </trkpt>
      <trkpt lat="46.235152557492256" lon="15.178086133673787">
        <ele>252.39999389648438</ele>
        <time>2025-01-01T12:10:20Z</time>
      </trkpt>
      <trkpt lat="46.23515917919576" lon="15.177997704595327">
        <ele>252.60000610351562</ele>
        <time>2025-01-01T12:10:21Z</time>
      </trkpt>
      <trkpt lat="46.235162699595094" lon="15.17791430465877">
        <ele>252.60000610351562</ele>
        <time>2025-01-01T12:10:22Z</time>
      </trkpt>
      <trkpt lat="46.235167225822806" lon="15.177834425121546">
        <ele>252.60000610351562</ele>
        <time>2025-01-01T12:10:23Z</time>
      </trkpt>
      <trkpt lat="46.23517728410661" lon="15.177751025184989">
        <ele>252.60000610351562</ele>
        <time>2025-01-01T12:10:24Z</time>
      </trkpt>
      <trkpt lat="46.23519907705486" lon="15.177683550864458">
        <ele>252.60000610351562</ele>
        <time>2025-01-01T12:10:25Z</time>
      </trkpt>
      <trkpt lat="46.23521827161312" lon="15.177605850622058">
        <ele>252.60000610351562</ele>
        <time>2025-01-01T12:10:26Z</time>
      </trkpt>
      <trkpt lat="46.235235538333654" lon="15.177530748769641">
        <ele>252.60000610351562</ele>
        <time>2025-01-01T12:10:27Z</time>
      </trkpt>
      <trkpt lat="46.2352538947016" lon="15.177456988021731">
        <ele>252.8000030517578</ele>
        <time>2025-01-01T12:10:28Z</time>
      </trkpt>
      <trkpt lat="46.23526940122247" lon="15.177381299436092">
        <ele>253.0</ele>
        <time>2025-01-01T12:10:29Z</time>
      </trkpt>
      <trkpt lat="46.23529253527522" lon="15.17729714512825">
        <ele>253.1999969482422</ele>
        <time>2025-01-01T12:10:31Z</time>
      </trkpt>
      <trkpt lat="46.235321536660194" lon="15.177215589210391">
        <ele>253.1999969482422</ele>
        <time>2025-01-01T12:10:32Z</time>
      </trkpt>
      <trkpt lat="46.23533436097205" lon="15.17712221480906">
        <ele>253.1999969482422</ele>
        <time>2025-01-01T12:10:33Z</time>
      </trkpt>
      <trkpt lat="46.23534332960844" lon="15.177040072157979">
        <ele>253.39999389648438</ele>
        <time>2025-01-01T12:10:34Z</time>
      </trkpt>
      <trkpt lat="46.2353487778455" lon="15.176946865394711">
        <ele>253.39999389648438</ele>
        <time>2025-01-01T12:10:35Z</time>
      </trkpt>
      <trkpt lat="46.23536000959575" lon="15.176867740228772">
        <ele>253.1999969482422</ele>
        <time>2025-01-01T12:10:36Z</time>
      </trkpt>
      <trkpt lat="46.235366547480226" lon="15.176796158775687">
        <ele>253.1999969482422</ele>
        <time>2025-01-01T12:10:37Z</time>
      </trkpt>
      <trkpt lat="46.23538197018206" lon="15.17670689150691">
        <ele>253.1999969482422</ele>
        <time>2025-01-01T12:10:38Z</time>
      </trkpt>
      <trkpt lat="46.23540108092129" lon="15.17661259509623">
        <ele>253.1999969482422</ele>
        <time>2025-01-01T12:10:39Z</time>
      </trkpt>
      <trkpt lat="46.23541574925184" lon="15.176528692245483">
        <ele>253.1999969482422</ele>
        <time>2025-01-01T12:10:40Z</time>
      </trkpt>
      <trkpt lat="46.23542899265885" lon="15.17645912244916">
        <ele>253.1999969482422</ele>
        <time>2025-01-01T12:10:41Z</time>
      </trkpt>
      <trkpt lat="46.23545120470226" lon="15.176410088315606">
        <ele>253.1999969482422</ele>
        <time>2025-01-01T12:10:42Z</time>
      </trkpt>
      <trkpt lat="46.23547215946019" lon="15.17634672112763">
        <ele>253.1999969482422</ele>
        <time>2025-01-01T12:10:43Z</time>
      </trkpt>
      <trkpt lat="46.23549219220877" lon="15.176272625103593">
        <ele>253.1999969482422</ele>
        <time>2025-01-01T12:10:44Z</time>
      </trkpt>
      <trkpt lat="46.23551339842379" lon="15.17619433812797">
        <ele>253.1999969482422</ele>
        <time>2025-01-01T12:10:45Z</time>
      </trkpt>
      <trkpt lat="46.23552907258272" lon="15.176105992868543">
        <ele>253.1999969482422</ele>
        <time>2025-01-01T12:10:46Z</time>
      </trkpt>
      <trkpt lat="46.235556565225124" lon="15.176006918773055">
        <ele>253.39999389648438</ele>
        <time>2025-01-01T12:10:47Z</time>
      </trkpt>
      <trkpt lat="46.235579028725624" lon="15.175916478037834">
        <ele>253.39999389648438</ele>
        <time>2025-01-01T12:10:48Z</time>
      </trkpt>
      <trkpt lat="46.23559981584549" lon="15.175826959311962">
        <ele>253.60000610351562</ele>
        <time>2025-01-01T12:10:50Z</time>
      </trkpt>
      <trkpt lat="46.2356164958328" lon="15.17575160600245">
        <ele>253.60000610351562</ele>
        <time>2025-01-01T12:10:50Z</time>
      </trkpt>
      <trkpt lat="46.235631834715605" lon="15.175680443644524">
        <ele>253.60000610351562</ele>
        <time>2025-01-01T12:10:51Z</time>
      </trkpt>
      <trkpt lat="46.235644575208426" lon="15.175608526915312">
        <ele>253.60000610351562</ele>
        <time>2025-01-01T12:10:52Z</time>
      </trkpt>
      <trkpt lat="46.235656309872866" lon="15.175533760339022">
        <ele>253.60000610351562</ele>
        <time>2025-01-01T12:10:53Z</time>
      </trkpt>
      <trkpt lat="46.23567030765116" lon="15.1754657831043">
        <ele>253.39999389648438</ele>
        <time>2025-01-01T12:10:54Z</time>
      </trkpt>
      <trkpt lat="46.235685059800744" lon="15.175400152802467">
        <ele>253.39999389648438</ele>
        <time>2025-01-01T12:10:55Z</time>
      </trkpt>
      <trkpt lat="46.23570081777871" lon="15.175334941595793">
        <ele>253.39999389648438</ele>
        <time>2025-01-01T12:10:55Z</time>
      </trkpt>
      <trkpt lat="46.23571699485183" lon="15.175266629084945">
        <ele>253.1999969482422</ele>
        <time>2025-01-01T12:10:56Z</time>
      </trkpt>
      <trkpt lat="46.235732501372695" lon="15.175193538889289">
        <ele>253.1999969482422</ele>
        <time>2025-01-01T12:10:57Z</time>
      </trkpt>
      <trkpt lat="46.235745660960674" lon="15.175118269398808">
        <ele>253.1999969482422</ele>
        <time>2025-01-01T12:10:58Z</time>
      </trkpt>
      <trkpt lat="46.23575873672962" lon="15.175039563328028">
        <ele>253.1999969482422</ele>
        <time>2025-01-01T12:10:59Z</time>
      </trkpt>
      <trkpt lat="46.23577633872628" lon="15.174960438162088">
        <ele>253.1999969482422</ele>
        <time>2025-01-01T12:11:00Z</time>
      </trkpt>
      <trkpt lat="46.23579528182745" lon="15.174879468977451">
        <ele>253.1999969482422</ele>
        <time>2025-01-01T12:11:01Z</time>
      </trkpt>
      <trkpt lat="46.23581288382411" lon="15.174795985221863">
        <ele>253.1999969482422</ele>
        <time>2025-01-01T12:11:02Z</time>
      </trkpt>
      <trkpt lat="46.235828306525946" lon="15.174714429304004">
        <ele>253.1999969482422</ele>
        <time>2025-01-01T12:11:03Z</time>
      </trkpt>
      <trkpt lat="46.2358427233994" lon="15.174633963033557">
        <ele>253.0</ele>
        <time>2025-01-01T12:11:04Z</time>
      </trkpt>
      <trkpt lat="46.23585965484381" lon="15.174554837867618">
        <ele>253.0</ele>
        <time>2025-01-01T12:11:05Z</time>
      </trkpt>
      <trkpt lat="46.23587901704013" lon="15.174471354112029">
        <ele>253.0</ele>
        <time>2025-01-01T12:11:06Z</time>
      </trkpt>
      <trkpt lat="46.23589703813195" lon="15.174387032166123">
        <ele>253.1999969482422</ele>
        <time>2025-01-01T12:11:07Z</time>
      </trkpt>
      <trkpt lat="46.23591363430023" lon="15.174311175942421">
        <ele>253.1999969482422</ele>
        <time>2025-01-01T12:11:08Z</time>
      </trkpt>
      <trkpt lat="46.23593274503946" lon="15.174233056604862">
        <ele>253.1999969482422</ele>
        <time>2025-01-01T12:11:09Z</time>
      </trkpt>
      <trkpt lat="46.23595152050257" lon="15.174150997772813">
        <ele>253.1999969482422</ele>
        <time>2025-01-01T12:11:10Z</time>
      </trkpt>
      <trkpt lat="46.23596669174731" lon="15.17407463863492">
        <ele>253.39999389648438</ele>
        <time>2025-01-01T12:11:11Z</time>
      </trkpt>
      <trkpt lat="46.235979683697224" lon="15.173999536782503">
        <ele>253.39999389648438</ele>
        <time>2025-01-01T12:11:12Z</time>
      </trkpt>
      <trkpt lat="46.23599569313228" lon="15.173920076340437">
        <ele>253.39999389648438</ele>
        <time>2025-01-01T12:11:13Z</time>
      </trkpt>
      <trkpt lat="46.23600943945348" lon="15.1738494168967">
        <ele>253.60000610351562</ele>
        <time>2025-01-01T12:11:14Z</time>
      </trkpt>
      <trkpt lat="46.23602444306016" lon="15.173773560672998">
        <ele>253.60000610351562</ele>
        <time>2025-01-01T12:11:15Z</time>
      </trkpt>
      <trkpt lat="46.2360396143049" lon="15.173698626458645">
        <ele>253.60000610351562</ele>
        <time>2025-01-01T12:11:16Z</time>
      </trkpt>
      <trkpt lat="46.23605579137802" lon="15.17363240942359">
        <ele>253.60000610351562</ele>
        <time>2025-01-01T12:11:17Z</time>
      </trkpt>
      <trkpt lat="46.236072555184364" lon="15.173554457724094">
        <ele>253.60000610351562</ele>
        <time>2025-01-01T12:11:18Z</time>
      </trkpt>
      <trkpt lat="46.23609979636967" lon="15.17345161177218">
        <ele>253.8000030517578</ele>
        <time>2025-01-01T12:11:19Z</time>
      </trkpt>
      <trkpt lat="46.236116057261825" lon="15.173367708921432">
        <ele>253.8000030517578</ele>
        <time>2025-01-01T12:11:20Z</time>
      </trkpt>
      <trkpt lat="46.236134665086865" lon="15.173292271792889">
        <ele>254.0</ele>
        <time>2025-01-01T12:11:21Z</time>
      </trkpt>
      <trkpt lat="46.23615427874029" lon="15.173204261809587">
        <ele>254.0</ele>
        <time>2025-01-01T12:11:23Z</time>
      </trkpt>
      <trkpt lat="46.236171713098884" lon="15.173129076138139">
        <ele>254.0</ele>
        <time>2025-01-01T12:11:23Z</time>
      </trkpt>
      <trkpt lat="46.23618579469621" lon="15.173048693686724">
        <ele>254.0</ele>
        <time>2025-01-01T12:11:24Z</time>
      </trkpt>
      <trkpt lat="46.23619308695197" lon="15.172973591834307">
        <ele>254.1999969482422</ele>
        <time>2025-01-01T12:11:26Z</time>
      </trkpt>
      <trkpt lat="46.23620389960706" lon="15.172898909077048">
        <ele>254.1999969482422</ele>
        <time>2025-01-01T12:11:26Z</time>
      </trkpt>
      <trkpt lat="46.23621311970055" lon="15.172831267118454">
        <ele>254.1999969482422</ele>
        <time>2025-01-01T12:11:27Z</time>
      </trkpt>
      <trkpt lat="46.236242623999715" lon="15.172747448086739">
        <ele>254.1999969482422</ele>
        <time>2025-01-01T12:11:28Z</time>
      </trkpt>
      <trkpt lat="46.23626139946282" lon="15.17266396433115">
        <ele>254.1999969482422</ele>
        <time>2025-01-01T12:11:29Z</time>
      </trkpt>
      <trkpt lat="46.23627841472626" lon="15.172586683183908">
        <ele>254.1999969482422</ele>
        <time>2025-01-01T12:11:30Z</time>
      </trkpt>
      <trkpt lat="46.236295932903886" lon="15.172505294904113">
        <ele>254.1999969482422</ele>
        <time>2025-01-01T12:11:31Z</time>
      </trkpt>
      <trkpt lat="46.236312445253134" lon="15.172423906624317">
        <ele>254.1999969482422</ele>
        <time>2025-01-01T12:11:32Z</time>
      </trkpt>
      <trkpt lat="46.23632929287851" lon="15.172340841963887">
        <ele>254.1999969482422</ele>
        <time>2025-01-01T12:11:33Z</time>
      </trkpt>
      <trkpt lat="46.23634597286582" lon="15.172253167256713">
        <ele>254.0</ele>
        <time>2025-01-01T12:11:34Z</time>
      </trkpt>
      <trkpt lat="46.23636248521507" lon="15.172170856967568">
        <ele>254.0</ele>
        <time>2025-01-01T12:11:35Z</time>
      </trkpt>
      <trkpt lat="46.23637933284044" lon="15.172093324363232">
        <ele>254.0</ele>
        <time>2025-01-01T12:11:36Z</time>
      </trkpt>
      <trkpt lat="46.236398527398705" lon="15.172019395977259">
        <ele>254.0</ele>
        <time>2025-01-01T12:11:37Z</time>
      </trkpt>
      <trkpt lat="46.23641721904278" lon="15.171948065981269">
        <ele>254.0</ele>
        <time>2025-01-01T12:11:38Z</time>
      </trkpt>
      <trkpt lat="46.236430713906884" lon="15.171877993270755">
        <ele>254.1999969482422</ele>
        <time>2025-01-01T12:11:39Z</time>
      </trkpt>
      <trkpt lat="46.23644420877099" lon="15.171801969408989">
        <ele>254.1999969482422</ele>
        <time>2025-01-01T12:11:40Z</time>
      </trkpt>
      <trkpt lat="46.23645921237767" lon="15.171734914183617">
        <ele>254.1999969482422</ele>
        <time>2025-01-01T12:11:41Z</time>
      </trkpt>
      <trkpt lat="46.23647589236498" lon="15.171668361872435">
        <ele>254.39999389648438</ele>
        <time>2025-01-01T12:11:42Z</time>
      </trkpt>
      <trkpt lat="46.23649257235229" lon="15.17160415649414">
        <ele>254.39999389648438</ele>
        <time>2025-01-01T12:11:43Z</time>
      </trkpt>
      <trkpt lat="46.236511850729585" lon="15.171541878953576">
        <ele>254.39999389648438</ele>
        <time>2025-01-01T12:11:44Z</time>
      </trkpt>
      <trkpt lat="46.23653121292591" lon="15.1714785117656">
        <ele>254.60000610351562</ele>
        <time>2025-01-01T12:11:45Z</time>
      </trkpt>
      <trkpt lat="46.23654990456998" lon="15.171407014131546">
        <ele>254.60000610351562</ele>
        <time>2025-01-01T12:11:46Z</time>
      </trkpt>
      <trkpt lat="46.236571026965976" lon="15.171336103230715">
        <ele>254.60000610351562</ele>
        <time>2025-01-01T12:11:47Z</time>
      </trkpt>
      <trkpt lat="46.23658837750554" lon="15.171260247007012">
        <ele>254.60000610351562</ele>
        <time>2025-01-01T12:11:47Z</time>
      </trkpt>
      <trkpt lat="46.2366059795022" lon="15.171182630583644">
        <ele>254.60000610351562</ele>
        <time>2025-01-01T12:11:48Z</time>
      </trkpt>
      <trkpt lat="46.2366300355643" lon="15.171102080494165">
        <ele>254.8000030517578</ele>
        <time>2025-01-01T12:11:50Z</time>
      </trkpt>
      <trkpt lat="46.23664990067482" lon="15.171030331403017">
        <ele>254.8000030517578</ele>
        <time>2025-01-01T12:11:51Z</time>
      </trkpt>
      <trkpt lat="46.236668257042766" lon="15.170962437987328">
        <ele>254.8000030517578</ele>
        <time>2025-01-01T12:11:51Z</time>
      </trkpt>
      <trkpt lat="46.236694660037756" lon="15.170898232609034">
        <ele>255.0</ele>
        <time>2025-01-01T12:11:53Z</time>
      </trkpt>
      <trkpt lat="46.2367182970047" lon="15.170833691954613">
        <ele>255.0</ele>
        <time>2025-01-01T12:11:53Z</time>
      </trkpt>
      <trkpt lat="46.23673690482974" lon="15.170746184885502">
        <ele>255.0</ele>
        <time>2025-01-01T12:11:54Z</time>
      </trkpt>
      <trkpt lat="46.23675241135061" lon="15.170665299519897">
        <ele>255.0</ele>
        <time>2025-01-01T12:11:55Z</time>
      </trkpt>
      <trkpt lat="46.236763056367636" lon="15.170587012544274">
        <ele>255.0</ele>
        <time>2025-01-01T12:11:56Z</time>
      </trkpt>
      <trkpt lat="46.23677386902273" lon="15.17050914466381">
        <ele>255.0</ele>
        <time>2025-01-01T12:11:57Z</time>
      </trkpt>
      <trkpt lat="46.236790884286165" lon="15.170420715585351">
        <ele>255.0</ele>
        <time>2025-01-01T12:11:58Z</time>
      </trkpt>
      <trkpt lat="46.236800691112876" lon="15.17034586519003">
        <ele>255.1999969482422</ele>
        <time>2025-01-01T12:12:00Z</time>
      </trkpt>
      <trkpt lat="46.23681276105344" lon="15.170275708660483">
        <ele>255.0</ele>
        <time>2025-01-01T12:12:00Z</time>
      </trkpt>
      <trkpt lat="46.23682499863207" lon="15.170198511332273">
        <ele>255.0</ele>
        <time>2025-01-01T12:12:01Z</time>
      </trkpt>
      <trkpt lat="46.23684134334326" lon="15.170106729492545">
        <ele>255.0</ele>
        <time>2025-01-01T12:12:02Z</time>
      </trkpt>
      <trkpt lat="46.23685525730252" lon="15.170017797499895">
        <ele>255.0</ele>
        <time>2025-01-01T12:12:03Z</time>
      </trkpt>
      <trkpt lat="46.23686699196696" lon="15.16992517746985">
        <ele>255.0</ele>
        <time>2025-01-01T12:12:05Z</time>
      </trkpt>
      <trkpt lat="46.23688819818199" lon="15.169824343174696">
        <ele>255.0</ele>
        <time>2025-01-01T12:12:06Z</time>
      </trkpt>
      <trkpt lat="46.23690445907414" lon="15.169740859419107">
        <ele>255.1999969482422</ele>
        <time>2025-01-01T12:12:07Z</time>
      </trkpt>
      <trkpt lat="46.23692273162305" lon="15.16966131515801">
        <ele>255.1999969482422</ele>
        <time>2025-01-01T12:12:08Z</time>
      </trkpt>
      <trkpt lat="46.23694217763841" lon="15.169579591602087">
        <ele>255.39999389648438</ele>
        <time>2025-01-01T12:12:09Z</time>
      </trkpt>
      <trkpt lat="46.23696120455861" lon="15.169505160301924">
        <ele>255.1999969482422</ele>
        <time>2025-01-01T12:12:10Z</time>
      </trkpt>
      <trkpt lat="46.23698316514492" lon="15.169436009600759">
        <ele>255.1999969482422</ele>
        <time>2025-01-01T12:12:11Z</time>
      </trkpt>
      <trkpt lat="46.23699833638966" lon="15.16937792301178">
        <ele>255.1999969482422</ele>
        <time>2025-01-01T12:12:12Z</time>
      </trkpt>
      <trkpt lat="46.23700965195894" lon="15.169320423156023">
        <ele>255.1999969482422</ele>
        <time>2025-01-01T12:12:12Z</time>
      </trkpt>
      <trkpt lat="46.237028343603015" lon="15.169252613559365">
        <ele>255.1999969482422</ele>
        <time>2025-01-01T12:12:13Z</time>
      </trkpt>
      <trkpt lat="46.23705189675093" lon="15.169166699051857">
        <ele>255.39999389648438</ele>
        <time>2025-01-01T12:12:15Z</time>
      </trkpt>
      <trkpt lat="46.23706086538732" lon="15.169086987152696">
        <ele>255.39999389648438</ele>
        <time>2025-01-01T12:12:15Z</time>
      </trkpt>
      <trkpt lat="46.23707737773657" lon="15.16901783645153">
        <ele>255.60000610351562</ele>
        <time>2025-01-01T12:12:17Z</time>
      </trkpt>
      <trkpt lat="46.2370912078768" lon="15.16894793137908">
        <ele>255.60000610351562</ele>
        <time>2025-01-01T12:12:17Z</time>
      </trkpt>
      <trkpt lat="46.237105540931225" lon="15.168873416259885">
        <ele>255.60000610351562</ele>
        <time>2025-01-01T12:12:18Z</time>
      </trkpt>
      <trkpt lat="46.23712255619466" lon="15.168801415711641">
        <ele>255.60000610351562</ele>
        <time>2025-01-01T12:12:19Z</time>
      </trkpt>
      <trkpt lat="46.23713999055326" lon="15.168729834258556">
        <ele>255.60000610351562</ele>
        <time>2025-01-01T12:12:20Z</time>
      </trkpt>
      <trkpt lat="46.2371570058167" lon="15.168658504262567">
        <ele>255.60000610351562</ele>
        <time>2025-01-01T12:12:21Z</time>
      </trkpt>
      <trkpt lat="46.237172009423375" lon="15.168588096275926">
        <ele>255.60000610351562</ele>
        <time>2025-01-01T12:12:22Z</time>
      </trkpt>
      <trkpt lat="46.237188605591655" lon="15.168518023565412">
        <ele>255.60000610351562</ele>
        <time>2025-01-01T12:12:23Z</time>
      </trkpt>
      <trkpt lat="46.23720654286444" lon="15.168446945026517">
        <ele>255.60000610351562</ele>
        <time>2025-01-01T12:12:24Z</time>
      </trkpt>
      <trkpt lat="46.2372243963182" lon="15.168373016640544">
        <ele>255.60000610351562</ele>
        <time>2025-01-01T12:12:25Z</time>
      </trkpt>
      <trkpt lat="46.237241411581635" lon="15.168299842625856">
        <ele>255.60000610351562</ele>
        <time>2025-01-01T12:12:26Z</time>
      </trkpt>
      <trkpt lat="46.237257001921535" lon="15.168225076049566">
        <ele>255.39999389648438</ele>
        <time>2025-01-01T12:12:26Z</time>
      </trkpt>
      <trkpt lat="46.23727141879499" lon="15.168148297816515">
        <ele>255.39999389648438</ele>
        <time>2025-01-01T12:12:27Z</time>
      </trkpt>
      <trkpt lat="46.23728717677295" lon="15.168070765212178">
        <ele>255.60000610351562</ele>
        <time>2025-01-01T12:12:28Z</time>
      </trkpt>
      <trkpt lat="46.237303437665105" lon="15.167995914816856">
        <ele>255.60000610351562</ele>
        <time>2025-01-01T12:12:29Z</time>
      </trkpt>
      <trkpt lat="46.23731919564307" lon="15.16791787929833">
        <ele>255.60000610351562</ele>
        <time>2025-01-01T12:12:30Z</time>
      </trkpt>
      <trkpt lat="46.237334869802" lon="15.167848896235228">
        <ele>255.8000030517578</ele>
        <time>2025-01-01T12:12:31Z</time>
      </trkpt>
      <trkpt lat="46.237352304160595" lon="15.167777063325047">
        <ele>255.8000030517578</ele>
        <time>2025-01-01T12:12:32Z</time>
      </trkpt>
      <trkpt lat="46.2373676430434" lon="15.16770246438682">
        <ele>255.8000030517578</ele>
        <time>2025-01-01T12:12:33Z</time>
      </trkpt>
      <trkpt lat="46.237382143735886" lon="15.167628787457943">
        <ele>256.0</ele>
        <time>2025-01-01T12:12:34Z</time>
      </trkpt>
      <trkpt lat="46.237399242818356" lon="15.16754899173975">
        <ele>256.0</ele>
        <time>2025-01-01T12:12:35Z</time>
      </trkpt>
      <trkpt lat="46.23741818591952" lon="15.167473554611206">
        <ele>256.0</ele>
        <time>2025-01-01T12:12:36Z</time>
      </trkpt>
      <trkpt lat="46.237437380477786" lon="15.167397363111377">
        <ele>256.0</ele>
        <time>2025-01-01T12:12:37Z</time>
      </trkpt>
      <trkpt lat="46.23745573684573" lon="15.167320584878325">
        <ele>256.0</ele>
        <time>2025-01-01T12:12:38Z</time>
      </trkpt>
      <trkpt lat="46.23747669160366" lon="15.16723525710404">
        <ele>256.20001220703125</ele>
        <time>2025-01-01T12:12:39Z</time>
      </trkpt>
      <trkpt lat="46.237493036314845" lon="15.16715177334845">
        <ele>256.20001220703125</ele>
        <time>2025-01-01T12:12:40Z</time>
      </trkpt>
      <trkpt lat="46.237509129568934" lon="15.167072480544448">
        <ele>256.20001220703125</ele>
        <time>2025-01-01T12:12:41Z</time>
      </trkpt>
      <trkpt lat="46.23752639628947" lon="15.16699830070138">
        <ele>256.20001220703125</ele>
        <time>2025-01-01T12:12:42Z</time>
      </trkpt>
      <trkpt lat="46.23754324391484" lon="15.166921187192202">
        <ele>256.3999938964844</ele>
        <time>2025-01-01T12:12:43Z</time>
      </trkpt>
      <trkpt lat="46.23755984008312" lon="15.166850108653307">
        <ele>256.3999938964844</ele>
        <time>2025-01-01T12:12:44Z</time>
      </trkpt>
      <trkpt lat="46.23757383786142" lon="15.166781460866332">
        <ele>256.6000061035156</ele>
        <time>2025-01-01T12:12:45Z</time>
      </trkpt>
      <trkpt lat="46.23758959583938" lon="15.1667036768049">
        <ele>256.6000061035156</ele>
        <time>2025-01-01T12:12:46Z</time>
      </trkpt>
      <trkpt lat="46.23761046677828" lon="15.166619773954153">
        <ele>256.79998779296875</ele>
        <time>2025-01-01T12:12:48Z</time>
      </trkpt>
      <trkpt lat="46.237631840631366" lon="15.166541319340467">
        <ele>257.0</ele>
        <time>2025-01-01T12:12:49Z</time>
      </trkpt>
      <trkpt lat="46.23764558695257" lon="15.16646814532578">
        <ele>257.0</ele>
        <time>2025-01-01T12:12:50Z</time>
      </trkpt>
      <trkpt lat="46.2376628536731" lon="15.166396480053663">
        <ele>257.20001220703125</ele>
        <time>2025-01-01T12:12:51Z</time>
      </trkpt>
      <trkpt lat="46.23768582008779" lon="15.166329257190228">
        <ele>257.20001220703125</ele>
        <time>2025-01-01T12:12:52Z</time>
      </trkpt>
      <trkpt lat="46.23772379010916" lon="15.166259855031967">
        <ele>257.0</ele>
        <time>2025-01-01T12:12:53Z</time>
      </trkpt>
      <trkpt lat="46.23776871711016" lon="15.166209312155843">
        <ele>256.79998779296875</ele>
        <time>2025-01-01T12:12:53Z</time>
      </trkpt>
      <trkpt lat="46.23781389556825" lon="15.166176036000252">
        <ele>256.6000061035156</ele>
        <time>2025-01-01T12:12:54Z</time>
      </trkpt>
      <trkpt lat="46.237866366282105" lon="15.16616027802229">
        <ele>256.20001220703125</ele>
        <time>2025-01-01T12:12:55Z</time>
      </trkpt>
      <trkpt lat="46.23791003599763" lon="15.166165977716446">
        <ele>256.0</ele>
        <time>2025-01-01T12:12:55Z</time>
      </trkpt>
      <trkpt lat="46.23795705847442" lon="15.166190285235643">
        <ele>255.8000030517578</ele>
        <time>2025-01-01T12:12:56Z</time>
      </trkpt>
      <trkpt lat="46.23800542205572" lon="15.166221801191568">
        <ele>255.8000030517578</ele>
        <time>2025-01-01T12:12:57Z</time>
      </trkpt>
      <trkpt lat="46.2380550429225" lon="15.16625314950943">
        <ele>255.8000030517578</ele>
        <time>2025-01-01T12:12:58Z</time>
      </trkpt>
      <trkpt lat="46.23810550197959" lon="15.166289946064353">
        <ele>255.60000610351562</ele>
        <time>2025-01-01T12:12:59Z</time>
      </trkpt>
      <trkpt lat="46.23815436847508" lon="15.166332023218274">
        <ele>255.60000610351562</ele>
        <time>2025-01-01T12:13:00Z</time>
      </trkpt>
      <trkpt lat="46.23820474371314" lon="15.166378039866686">
        <ele>255.39999389648438</ele>
        <time>2025-01-01T12:13:00Z</time>
      </trkpt>
      <trkpt lat="46.23825830407441" lon="15.166416512802243">
        <ele>255.39999389648438</ele>
        <time>2025-01-01T12:13:01Z</time>
      </trkpt>
      <trkpt lat="46.23831597156823" lon="15.166440568864346">
        <ele>255.39999389648438</ele>
        <time>2025-01-01T12:13:03Z</time>
      </trkpt>
      <trkpt lat="46.23837464489043" lon="15.166450291872025">
        <ele>255.39999389648438</ele>
        <time>2025-01-01T12:13:04Z</time>
      </trkpt>
      <trkpt lat="46.238433150574565" lon="15.166446100920439">
        <ele>255.39999389648438</ele>
        <time>2025-01-01T12:13:05Z</time>
      </trkpt>
      <trkpt lat="46.23848763294518" lon="15.166429756209254">
        <ele>255.39999389648438</ele>
        <time>2025-01-01T12:13:05Z</time>
      </trkpt>
      <trkpt lat="46.2385418638587" lon="15.166404778137803">
        <ele>255.39999389648438</ele>
        <time>2025-01-01T12:13:06Z</time>
      </trkpt>
      <trkpt lat="46.23860087245703" lon="15.166375190019608">
        <ele>255.60000610351562</ele>
        <time>2025-01-01T12:13:08Z</time>
      </trkpt>
      <trkpt lat="46.23865803703666" lon="15.166348535567522">
        <ele>255.60000610351562</ele>
        <time>2025-01-01T12:13:09Z</time>
      </trkpt>
      <trkpt lat="46.23871109448373" lon="15.166316768154502">
        <ele>255.60000610351562</ele>
        <time>2025-01-01T12:13:10Z</time>
      </trkpt>
      <trkpt lat="46.23876431956887" lon="15.166283575817943">
        <ele>255.8000030517578</ele>
        <time>2025-01-01T12:13:11Z</time>
      </trkpt>
      <trkpt lat="46.238822573795915" lon="15.166266895830631">
        <ele>255.8000030517578</ele>
        <time>2025-01-01T12:13:12Z</time>
      </trkpt>
      <trkpt lat="46.23888401314616" lon="15.166264045983553">
        <ele>255.8000030517578</ele>
        <time>2025-01-01T12:13:13Z</time>
      </trkpt>
      <trkpt lat="46.23894318938255" lon="15.166267063468695">
        <ele>255.8000030517578</ele>
        <time>2025-01-01T12:13:14Z</time>
      </trkpt>
      <trkpt lat="46.239001862704754" lon="15.166278881952167">
        <ele>255.8000030517578</ele>
        <time>2025-01-01T12:13:15Z</time>
      </trkpt>
      <trkpt lat="46.23906112276018" lon="15.166306458413601">
        <ele>255.60000610351562</ele>
        <time>2025-01-01T12:13:16Z</time>
      </trkpt>
      <trkpt lat="46.23912298120558" lon="15.166334034875035">
        <ele>255.60000610351562</ele>
        <time>2025-01-01T12:13:17Z</time>
      </trkpt>
      <trkpt lat="46.23918718658388" lon="15.166358510032296">
        <ele>255.60000610351562</ele>
        <time>2025-01-01T12:13:18Z</time>
      </trkpt>
      <trkpt lat="46.23924979940057" lon="15.166385667398572">
        <ele>255.60000610351562</ele>
        <time>2025-01-01T12:13:19Z</time>
      </trkpt>
      <trkpt lat="46.239310232922435" lon="15.16641684807837">
        <ele>255.60000610351562</ele>
        <time>2025-01-01T12:13:20Z</time>
      </trkpt>
      <trkpt lat="46.2393706664443" lon="15.166440401226282">
        <ele>255.60000610351562</ele>
        <time>2025-01-01T12:13:21Z</time>
      </trkpt>
      <trkpt lat="46.23943084850907" lon="15.166459679603577">
        <ele>255.60000610351562</ele>
        <time>2025-01-01T12:13:22Z</time>
      </trkpt>
      <trkpt lat="46.23949404805899" lon="15.166476778686047">
        <ele>255.60000610351562</ele>
        <time>2025-01-01T12:13:24Z</time>
      </trkpt>
      <trkpt lat="46.239554062485695" lon="15.166492788121104">
        <ele>255.60000610351562</ele>
        <time>2025-01-01T12:13:25Z</time>
      </trkpt>
      <trkpt lat="46.23961349017918" lon="15.166508043184876">
        <ele>255.60000610351562</ele>
        <time>2025-01-01T12:13:26Z</time>
      </trkpt>
      <trkpt lat="46.23967316932976" lon="15.166519861668348">
        <ele>255.60000610351562</ele>
        <time>2025-01-01T12:13:27Z</time>
      </trkpt>
      <trkpt lat="46.23973553068936" lon="15.166533775627613">
        <ele>255.39999389648438</ele>
        <time>2025-01-01T12:13:28Z</time>
      </trkpt>
      <trkpt lat="46.239794455468655" lon="15.16654433682561">
        <ele>255.60000610351562</ele>
        <time>2025-01-01T12:13:29Z</time>
      </trkpt>
      <trkpt lat="46.239850195124745" lon="15.166551461443305">
        <ele>255.60000610351562</ele>
        <time>2025-01-01T12:13:30Z</time>
      </trkpt>
      <trkpt lat="46.239908365532756" lon="15.166562190279365">
        <ele>255.60000610351562</ele>
        <time>2025-01-01T12:13:31Z</time>
      </trkpt>
      <trkpt lat="46.239965530112386" lon="15.166574260219932">
        <ele>255.8000030517578</ele>
        <time>2025-01-01T12:13:32Z</time>
      </trkpt>
      <trkpt lat="46.24002747237682" lon="15.16658540815115">
        <ele>255.8000030517578</ele>
        <time>2025-01-01T12:13:33Z</time>
      </trkpt>
      <trkpt lat="46.24008639715612" lon="15.16659521497786">
        <ele>255.60000610351562</ele>
        <time>2025-01-01T12:13:34Z</time>
      </trkpt>
      <trkpt lat="46.240146746858954" lon="15.166599238291383">
        <ele>255.60000610351562</ele>
        <time>2025-01-01T12:13:35Z</time>
      </trkpt>
      <trkpt lat="46.240208353847265" lon="15.166609296575189">
        <ele>255.60000610351562</ele>
        <time>2025-01-01T12:13:36Z</time>
      </trkpt>
      <trkpt lat="46.24026861973107" lon="15.166623629629612">
        <ele>255.60000610351562</ele>
        <time>2025-01-01T12:13:37Z</time>
      </trkpt>
      <trkpt lat="46.240330478176475" lon="15.166635029017925">
        <ele>255.60000610351562</ele>
        <time>2025-01-01T12:13:38Z</time>
      </trkpt>
      <trkpt lat="46.240390073508024" lon="15.166643662378192">
        <ele>255.60000610351562</ele>
        <time>2025-01-01T12:13:39Z</time>
      </trkpt>
      <trkpt lat="46.2404465675354" lon="15.16665137372911">
        <ele>255.60000610351562</ele>
        <time>2025-01-01T12:13:40Z</time>
      </trkpt>
      <trkpt lat="46.240502474829555" lon="15.166659252718091">
        <ele>255.8000030517578</ele>
        <time>2025-01-01T12:13:41Z</time>
      </trkpt>
      <trkpt lat="46.24055586755276" lon="15.16666654497385">
        <ele>256.0</ele>
        <time>2025-01-01T12:13:42Z</time>
      </trkpt>
      <trkpt lat="46.24060917645693" lon="15.166675262153149">
        <ele>256.20001220703125</ele>
        <time>2025-01-01T12:13:43Z</time>
      </trkpt>
      <trkpt lat="46.2406643293798" lon="15.166683392599225">
        <ele>256.3999938964844</ele>
        <time>2025-01-01T12:13:45Z</time>
      </trkpt>
      <trkpt lat="46.24071923084557" lon="15.166694289073348">
        <ele>256.3999938964844</ele>
        <time>2025-01-01T12:13:46Z</time>
      </trkpt>
      <trkpt lat="46.24077589251101" lon="15.166705856099725">
        <ele>256.3999938964844</ele>
        <time>2025-01-01T12:13:47Z</time>
      </trkpt>
      <trkpt lat="46.24083263799548" lon="15.166721614077687">
        <ele>256.3999938964844</ele>
        <time>2025-01-01T12:13:48Z</time>
      </trkpt>
      <trkpt lat="46.24088929966092" lon="15.16673980280757">
        <ele>256.3999938964844</ele>
        <time>2025-01-01T12:13:49Z</time>
      </trkpt>
      <trkpt lat="46.240944284945726" lon="15.166762685403228">
        <ele>256.3999938964844</ele>
        <time>2025-01-01T12:13:50Z</time>
      </trkpt>
      <trkpt lat="46.240998012945056" lon="15.166793949902058">
        <ele>256.3999938964844</ele>
        <time>2025-01-01T12:13:50Z</time>
      </trkpt>
      <trkpt lat="46.241048723459244" lon="15.16682781279087">
        <ele>256.20001220703125</ele>
        <time>2025-01-01T12:13:51Z</time>
      </trkpt>
      <trkpt lat="46.24109842814505" lon="15.166862094774842">
        <ele>256.20001220703125</ele>
        <time>2025-01-01T12:13:52Z</time>
      </trkpt>
      <trkpt lat="46.241145869717" lon="15.166895957663655">
        <ele>256.20001220703125</ele>
        <time>2025-01-01T12:13:53Z</time>
      </trkpt>
      <trkpt lat="46.2411910481751" lon="15.16692596487701">
        <ele>256.20001220703125</ele>
        <time>2025-01-01T12:13:54Z</time>
      </trkpt>
      <trkpt lat="46.24123580753803" lon="15.166946332901716">
        <ele>256.20001220703125</ele>
        <time>2025-01-01T12:13:55Z</time>
      </trkpt>
      <trkpt lat="46.24128467403352" lon="15.166949685662985">
        <ele>256.20001220703125</ele>
        <time>2025-01-01T12:13:56Z</time>
      </trkpt>
      <trkpt lat="46.24133286997676" lon="15.16694557853043">
        <ele>256.20001220703125</ele>
        <time>2025-01-01T12:13:56Z</time>
      </trkpt>
      <trkpt lat="46.24137779697776" lon="15.166944405063987">
        <ele>256.20001220703125</ele>
        <time>2025-01-01T12:13:57Z</time>
      </trkpt>
      <trkpt lat="46.241419622674584" lon="15.16694264486432">
        <ele>256.3999938964844</ele>
        <time>2025-01-01T12:13:58Z</time>
      </trkpt>
      <trkpt lat="46.24146077781916" lon="15.166927892714739">
        <ele>256.20001220703125</ele>
        <time>2025-01-01T12:13:59Z</time>
      </trkpt>
      <trkpt lat="46.24150117859244" lon="15.16689520329237">
        <ele>256.20001220703125</ele>
        <time>2025-01-01T12:13:59Z</time>
      </trkpt>
      <trkpt lat="46.24152925796807" lon="15.166843486949801">
        <ele>256.20001220703125</ele>
        <time>2025-01-01T12:14:00Z</time>
      </trkpt>
      <trkpt lat="46.2415378075093" lon="15.166775342077017">
        <ele>256.20001220703125</ele>
        <time>2025-01-01T12:14:01Z</time>
      </trkpt>
      <trkpt lat="46.241536969318986" lon="15.166698731482029">
        <ele>256.20001220703125</ele>
        <time>2025-01-01T12:14:02Z</time>
      </trkpt>
      <trkpt lat="46.241533448919654" lon="15.16662010923028">
        <ele>256.20001220703125</ele>
        <time>2025-01-01T12:14:03Z</time>
      </trkpt>
      <trkpt lat="46.24153562821448" lon="15.166541822254658">
        <ele>256.20001220703125</ele>
        <time>2025-01-01T12:14:04Z</time>
      </trkpt>
      <trkpt lat="46.24153914861381" lon="15.166463200002909">
        <ele>256.0</ele>
        <time>2025-01-01T12:14:05Z</time>
      </trkpt>
      <trkpt lat="46.24154116027057" lon="15.16638214699924">
        <ele>256.0</ele>
        <time>2025-01-01T12:14:06Z</time>
      </trkpt>
      <trkpt lat="46.24154342338443" lon="15.166300004348159">
        <ele>256.0</ele>
        <time>2025-01-01T12:14:07Z</time>
      </trkpt>
      <trkpt lat="46.24154535122216" lon="15.166214341297746">
        <ele>256.0</ele>
        <time>2025-01-01T12:14:08Z</time>
      </trkpt>
      <trkpt lat="46.24154694378376" lon="15.166131528094411">
        <ele>256.0</ele>
        <time>2025-01-01T12:14:09Z</time>
      </trkpt>
      <trkpt lat="46.24155147001147" lon="15.166049469262362">
        <ele>256.0</ele>
        <time>2025-01-01T12:14:10Z</time>
      </trkpt>
      <trkpt lat="46.24155465513468" lon="15.165969170629978">
        <ele>256.20001220703125</ele>
        <time>2025-01-01T12:14:11Z</time>
      </trkpt>
      <trkpt lat="46.24155507422984" lon="15.165888788178563">
        <ele>256.20001220703125</ele>
        <time>2025-01-01T12:14:12Z</time>
      </trkpt>
      <trkpt lat="46.24155616387725" lon="15.165808238089085">
        <ele>256.0</ele>
        <time>2025-01-01T12:14:12Z</time>
      </trkpt>
      <trkpt lat="46.24155976809561" lon="15.165727520361543">
        <ele>256.0</ele>
        <time>2025-01-01T12:14:13Z</time>
      </trkpt>
      <trkpt lat="46.24156454578042" lon="15.165644204244018">
        <ele>256.0</ele>
        <time>2025-01-01T12:14:14Z</time>
      </trkpt>
      <trkpt lat="46.24157049693167" lon="15.165559882298112">
        <ele>256.0</ele>
        <time>2025-01-01T12:14:15Z</time>
      </trkpt>
      <trkpt lat="46.24157560989261" lon="15.165476901456714">
        <ele>256.0</ele>
        <time>2025-01-01T12:14:16Z</time>
      </trkpt>
      <trkpt lat="46.24158005230129" lon="15.165394255891442">
        <ele>256.0</ele>
        <time>2025-01-01T12:14:17Z</time>
      </trkpt>
      <trkpt lat="46.24158323742449" lon="15.16531496308744">
        <ele>256.0</ele>
        <time>2025-01-01T12:14:18Z</time>
      </trkpt>
      <trkpt lat="46.24159178696573" lon="15.165236508473754">
        <ele>256.0</ele>
        <time>2025-01-01T12:14:19Z</time>
      </trkpt>
      <trkpt lat="46.241597486659884" lon="15.165156042203307">
        <ele>256.0</ele>
        <time>2025-01-01T12:14:20Z</time>
      </trkpt>
      <trkpt lat="46.24160276725888" lon="15.165074234828353">
        <ele>256.0</ele>
        <time>2025-01-01T12:14:21Z</time>
      </trkpt>
      <trkpt lat="46.24160603620112" lon="15.164991337805986">
        <ele>256.0</ele>
        <time>2025-01-01T12:14:22Z</time>
      </trkpt>
      <trkpt lat="46.241609724238515" lon="15.164907602593303">
        <ele>256.0</ele>
        <time>2025-01-01T12:14:23Z</time>
      </trkpt>
      <trkpt lat="46.24161592684686" lon="15.164824873209">
        <ele>256.0</ele>
        <time>2025-01-01T12:14:24Z</time>
      </trkpt>
      <trkpt lat="46.2416226323694" lon="15.164742227643728">
        <ele>256.0</ele>
        <time>2025-01-01T12:14:25Z</time>
      </trkpt>
      <trkpt lat="46.24162917025387" lon="15.164660084992647">
        <ele>256.0</ele>
        <time>2025-01-01T12:14:26Z</time>
      </trkpt>
      <trkpt lat="46.24163621105254" lon="15.16457567922771">
        <ele>256.0</ele>
        <time>2025-01-01T12:14:27Z</time>
      </trkpt>
      <trkpt lat="46.24164375476539" lon="15.164494207128882">
        <ele>256.0</ele>
        <time>2025-01-01T12:14:28Z</time>
      </trkpt>
      <trkpt lat="46.24165138229728" lon="15.164413237944245">
        <ele>256.20001220703125</ele>
        <time>2025-01-01T12:14:29Z</time>
      </trkpt>
      <trkpt lat="46.24165800400078" lon="15.164329838007689">
        <ele>256.20001220703125</ele>
        <time>2025-01-01T12:14:30Z</time>
      </trkpt>
      <trkpt lat="46.24166370369494" lon="15.164252640679479">
        <ele>256.20001220703125</ele>
        <time>2025-01-01T12:14:31Z</time>
      </trkpt>
      <trkpt lat="46.24167091213167" lon="15.164169324561954">
        <ele>256.0</ele>
        <time>2025-01-01T12:14:32Z</time>
      </trkpt>
      <trkpt lat="46.241678204387426" lon="15.164085756987333">
        <ele>256.0</ele>
        <time>2025-01-01T12:14:33Z</time>
      </trkpt>
      <trkpt lat="46.241685915738344" lon="15.164003614336252">
        <ele>256.0</ele>
        <time>2025-01-01T12:14:34Z</time>
      </trkpt>
      <trkpt lat="46.24169446527958" lon="15.163922226056457">
        <ele>256.0</ele>
        <time>2025-01-01T12:14:35Z</time>
      </trkpt>
      <trkpt lat="46.24170368537307" lon="15.163840083405375">
        <ele>256.0</ele>
        <time>2025-01-01T12:14:36Z</time>
      </trkpt>
      <trkpt lat="46.24171466566622" lon="15.163755174726248">
        <ele>256.0</ele>
        <time>2025-01-01T12:14:37Z</time>
      </trkpt>
      <trkpt lat="46.24172430485487" lon="15.1636712718755">
        <ele>256.0</ele>
        <time>2025-01-01T12:14:38Z</time>
      </trkpt>
      <trkpt lat="46.2417331058532" lon="15.1635901350528">
        <ele>256.0</ele>
        <time>2025-01-01T12:14:39Z</time>
      </trkpt>
      <trkpt lat="46.2417418230325" lon="15.1635089982301">
        <ele>256.0</ele>
        <time>2025-01-01T12:14:40Z</time>
      </trkpt>
      <trkpt lat="46.24175104312599" lon="15.16342744231224">
        <ele>256.0</ele>
        <time>2025-01-01T12:14:41Z</time>
      </trkpt>
      <trkpt lat="46.24175917357206" lon="15.163345886394382">
        <ele>256.0</ele>
        <time>2025-01-01T12:14:42Z</time>
      </trkpt>
      <trkpt lat="46.24176680110395" lon="15.163261396810412">
        <ele>256.0</ele>
        <time>2025-01-01T12:14:43Z</time>
      </trkpt>
      <trkpt lat="46.24177627265453" lon="15.163181852549314">
        <ele>256.0</ele>
        <time>2025-01-01T12:14:44Z</time>
      </trkpt>
      <trkpt lat="46.24178985133767" lon="15.16310440376401">
        <ele>256.0</ele>
        <time>2025-01-01T12:14:45Z</time>
      </trkpt>
      <trkpt lat="46.24180384911597" lon="15.163021087646484">
        <ele>256.0</ele>
        <time>2025-01-01T12:14:46Z</time>
      </trkpt>
      <trkpt lat="46.24181575141847" lon="15.162939615547657">
        <ele>256.0</ele>
        <time>2025-01-01T12:14:47Z</time>
      </trkpt>
      <trkpt lat="46.24183184467256" lon="15.162861160933971">
        <ele>256.0</ele>
        <time>2025-01-01T12:14:48Z</time>
      </trkpt>
      <trkpt lat="46.24185372143984" lon="15.162786897271872">
        <ele>256.0</ele>
        <time>2025-01-01T12:14:49Z</time>
      </trkpt>
      <trkpt lat="46.24187668785453" lon="15.162713220342994">
        <ele>256.0</ele>
        <time>2025-01-01T12:14:50Z</time>
      </trkpt>
      <trkpt lat="46.24190116301179" lon="15.162647422403097">
        <ele>256.0</ele>
        <time>2025-01-01T12:14:51Z</time>
      </trkpt>
      <trkpt lat="46.24192748218775" lon="15.16258749179542">
        <ele>256.20001220703125</ele>
        <time>2025-01-01T12:14:52Z</time>
      </trkpt>
      <trkpt lat="46.24195505864918" lon="15.162534434348345">
        <ele>256.20001220703125</ele>
        <time>2025-01-01T12:14:52Z</time>
      </trkpt>
      <trkpt lat="46.241975175216794" lon="15.162485735490918">
        <ele>256.3999938964844</ele>
        <time>2025-01-01T12:14:53Z</time>
      </trkpt>
      <trkpt lat="46.241978611797094" lon="15.162436617538333">
        <ele>256.6000061035156</ele>
        <time>2025-01-01T12:14:54Z</time>
      </trkpt>
      <trkpt lat="46.241960506886244" lon="15.162393786013126">
        <ele>256.6000061035156</ele>
        <time>2025-01-01T12:14:55Z</time>
      </trkpt>
      <trkpt lat="46.241926308721304" lon="15.16235925257206">
        <ele>256.79998779296875</ele>
        <time>2025-01-01T12:14:56Z</time>
      </trkpt>
      <trkpt lat="46.24188490211964" lon="15.162327066063881">
        <ele>256.79998779296875</ele>
        <time>2025-01-01T12:14:56Z</time>
      </trkpt>
      <trkpt lat="46.24184165149927" lon="15.162296639755368">
        <ele>256.79998779296875</ele>
        <time>2025-01-01T12:14:57Z</time>
      </trkpt>
      <trkpt lat="46.24179504811764" lon="15.162267638370395">
        <ele>256.79998779296875</ele>
        <time>2025-01-01T12:14:58Z</time>
      </trkpt>
      <trkpt lat="46.241746013984084" lon="15.162240145727992">
        <ele>256.79998779296875</ele>
        <time>2025-01-01T12:14:59Z</time>
      </trkpt>
      <trkpt lat="46.24169589020312" lon="15.162212736904621">
        <ele>256.79998779296875</ele>
        <time>2025-01-01T12:15:00Z</time>
      </trkpt>
      <trkpt lat="46.24164559878409" lon="15.162183064967394">
        <ele>257.0</ele>
        <time>2025-01-01T12:15:01Z</time>
      </trkpt>
      <trkpt lat="46.24159639701247" lon="15.162149788811803">
        <ele>257.0</ele>
        <time>2025-01-01T12:15:02Z</time>
      </trkpt>
      <trkpt lat="46.241548201069236" lon="15.16211349517107">
        <ele>257.0</ele>
        <time>2025-01-01T12:15:03Z</time>
      </trkpt>
      <trkpt lat="46.24150017276406" lon="15.16207929700613">
        <ele>257.20001220703125</ele>
        <time>2025-01-01T12:15:04Z</time>
      </trkpt>
      <trkpt lat="46.241451390087605" lon="15.16204509884119">
        <ele>257.20001220703125</ele>
        <time>2025-01-01T12:15:05Z</time>
      </trkpt>
      <trkpt lat="46.24140185303986" lon="15.162012157961726">
        <ele>257.3999938964844</ele>
        <time>2025-01-01T12:15:06Z</time>
      </trkpt>
      <trkpt lat="46.24135181307793" lon="15.161978965625167">
        <ele>257.3999938964844</ele>
        <time>2025-01-01T12:15:07Z</time>
      </trkpt>
      <trkpt lat="46.241302443668246" lon="15.161947449669242">
        <ele>257.3999938964844</ele>
        <time>2025-01-01T12:15:08Z</time>
      </trkpt>
      <trkpt lat="46.24125215224922" lon="15.161915011703968">
        <ele>257.3999938964844</ele>
        <time>2025-01-01T12:15:09Z</time>
      </trkpt>
      <trkpt lat="46.24120244756341" lon="15.161879388615489">
        <ele>257.3999938964844</ele>
        <time>2025-01-01T12:15:10Z</time>
      </trkpt>
      <trkpt lat="46.24115324579179" lon="15.161843681707978">
        <ele>257.3999938964844</ele>
        <time>2025-01-01T12:15:11Z</time>
      </trkpt>
      <trkpt lat="46.24110379256308" lon="15.161806298419833">
        <ele>257.20001220703125</ele>
        <time>2025-01-01T12:15:12Z</time>
      </trkpt>
      <trkpt lat="46.24105157330632" lon="15.161769669502974">
        <ele>257.20001220703125</ele>
        <time>2025-01-01T12:15:13Z</time>
      </trkpt>
      <trkpt lat="46.240999437868595" lon="15.161735136061907">
        <ele>257.20001220703125</ele>
        <time>2025-01-01T12:15:14Z</time>
      </trkpt>
      <trkpt lat="46.24094973318279" lon="15.16170546412468">
        <ele>257.20001220703125</ele>
        <time>2025-01-01T12:15:14Z</time>
      </trkpt>
      <trkpt lat="46.24089944176376" lon="15.161676965653896">
        <ele>257.20001220703125</ele>
        <time>2025-01-01T12:15:15Z</time>
      </trkpt>
      <trkpt lat="46.24084864743054" lon="15.161641426384449">
        <ele>257.20001220703125</ele>
        <time>2025-01-01T12:15:16Z</time>
      </trkpt>
      <trkpt lat="46.24080028384924" lon="15.161604965105653">
        <ele>257.20001220703125</ele>
        <time>2025-01-01T12:15:17Z</time>
      </trkpt>
      <trkpt lat="46.24075259082019" lon="15.161571772769094">
        <ele>257.20001220703125</ele>
        <time>2025-01-01T12:15:18Z</time>
      </trkpt>
      <trkpt lat="46.24070540070534" lon="15.16153983771801">
        <ele>257.20001220703125</ele>
        <time>2025-01-01T12:15:19Z</time>
      </trkpt>
      <trkpt lat="46.24065854586661" lon="15.161508657038212">
        <ele>257.20001220703125</ele>
        <time>2025-01-01T12:15:20Z</time>
      </trkpt>
      <trkpt lat="46.240610014647245" lon="15.16147286631167">
        <ele>257.3999938964844</ele>
        <time>2025-01-01T12:15:21Z</time>
      </trkpt>
      <trkpt lat="46.24056240543723" lon="15.161439422518015">
        <ele>257.3999938964844</ele>
        <time>2025-01-01T12:15:22Z</time>
      </trkpt>
      <trkpt lat="46.24051161110401" lon="15.161406733095646">
        <ele>257.3999938964844</ele>
        <time>2025-01-01T12:15:23Z</time>
      </trkpt>
      <trkpt lat="46.2404637504369" lon="15.161374378949404">
        <ele>257.3999938964844</ele>
        <time>2025-01-01T12:15:24Z</time>
      </trkpt>
      <trkpt lat="46.240415470674634" lon="15.161341605708003">
        <ele>257.6000061035156</ele>
        <time>2025-01-01T12:15:25Z</time>
      </trkpt>
      <trkpt lat="46.2403672747314" lon="15.161313191056252">
        <ele>257.6000061035156</ele>
        <time>2025-01-01T12:15:26Z</time>
      </trkpt>
      <trkpt lat="46.24032159335911" lon="15.16128720715642">
        <ele>257.6000061035156</ele>
        <time>2025-01-01T12:15:27Z</time>
      </trkpt>
      <trkpt lat="46.24027616344392" lon="15.161263067275286">
        <ele>257.6000061035156</ele>
        <time>2025-01-01T12:15:28Z</time>
      </trkpt>
      <trkpt lat="46.240233751013875" lon="15.161242447793484">
        <ele>257.79998779296875</ele>
        <time>2025-01-01T12:15:28Z</time>
      </trkpt>
      <trkpt lat="46.24019309878349" lon="15.161226438358426">
        <ele>257.79998779296875</ele>
        <time>2025-01-01T12:15:29Z</time>
      </trkpt>
      <trkpt lat="46.240155128762126" lon="15.161214116960764">
        <ele>257.79998779296875</ele>
        <time>2025-01-01T12:15:30Z</time>
      </trkpt>
      <trkpt lat="46.24011866748333" lon="15.161201041191816">
        <ele>257.79998779296875</ele>
        <time>2025-01-01T12:15:31Z</time>
      </trkpt>
      <trkpt lat="46.24008430168033" lon="15.16118268482387">
        <ele>257.79998779296875</ele>
        <time>2025-01-01T12:15:31Z</time>
      </trkpt>
      <trkpt lat="46.24005161225796" lon="15.161165166646242">
        <ele>258.0</ele>
        <time>2025-01-01T12:15:32Z</time>
      </trkpt>
      <trkpt lat="46.24001950956881" lon="15.161146558821201">
        <ele>258.0</ele>
        <time>2025-01-01T12:15:33Z</time>
      </trkpt>
      <trkpt lat="46.23998858034611" lon="15.161125352606177">
        <ele>258.0</ele>
        <time>2025-01-01T12:15:33Z</time>
      </trkpt>
      <trkpt lat="46.23995731584728" lon="15.161098865792155">
        <ele>258.0</ele>
        <time>2025-01-01T12:15:34Z</time>
      </trkpt>
      <trkpt lat="46.239926889538765" lon="15.16106835566461">
        <ele>258.20001220703125</ele>
        <time>2025-01-01T12:15:35Z</time>
      </trkpt>
      <trkpt lat="46.23989881016314" lon="15.16104195266962">
        <ele>258.20001220703125</ele>
        <time>2025-01-01T12:15:35Z</time>
      </trkpt>
      <trkpt lat="46.239876598119736" lon="15.161011274904013">
        <ele>258.20001220703125</ele>
        <time>2025-01-01T12:15:36Z</time>
      </trkpt>
      <trkpt lat="46.239862851798534" lon="15.16096961684525">
        <ele>258.20001220703125</ele>
        <time>2025-01-01T12:15:36Z</time>
      </trkpt>
      <trkpt lat="46.23984801582992" lon="15.160923013463616">
        <ele>258.20001220703125</ele>
        <time>2025-01-01T12:15:37Z</time>
      </trkpt>
      <trkpt lat="46.23983192257583" lon="15.160873811692">
        <ele>258.20001220703125</ele>
        <time>2025-01-01T12:15:38Z</time>
      </trkpt>
      <trkpt lat="46.23981582932174" lon="15.16082452610135">
        <ele>258.3999938964844</ele>
        <time>2025-01-01T12:15:38Z</time>
      </trkpt>
      <trkpt lat="46.23979755677283" lon="15.160773983225226">
        <ele>258.3999938964844</ele>
        <time>2025-01-01T12:15:39Z</time>
      </trkpt>
      <trkpt lat="46.23978632502258" lon="15.160718746483326">
        <ele>258.3999938964844</ele>
        <time>2025-01-01T12:15:40Z</time>
      </trkpt>
      <trkpt lat="46.23978557065129" lon="15.160657558590174">
        <ele>258.3999938964844</ele>
        <time>2025-01-01T12:15:40Z</time>
      </trkpt>
      <trkpt lat="46.23978967778385" lon="15.160588407889009">
        <ele>258.3999938964844</ele>
        <time>2025-01-01T12:15:41Z</time>
      </trkpt>
      <trkpt lat="46.239796970039606" lon="15.160514647141099">
        <ele>258.20001220703125</ele>
        <time>2025-01-01T12:15:42Z</time>
      </trkpt>
      <trkpt lat="46.23980401083827" lon="15.160438204184175">
        <ele>258.0</ele>
        <time>2025-01-01T12:15:43Z</time>
      </trkpt>
      <trkpt lat="46.23980929143727" lon="15.160360839217901">
        <ele>258.0</ele>
        <time>2025-01-01T12:15:44Z</time>
      </trkpt>
      <trkpt lat="46.2398146558553" lon="15.160281211137772">
        <ele>257.79998779296875</ele>
        <time>2025-01-01T12:15:44Z</time>
      </trkpt>
      <trkpt lat="46.23981817625463" lon="15.160201583057642">
        <ele>257.79998779296875</ele>
        <time>2025-01-01T12:15:45Z</time>
      </trkpt>
      <trkpt lat="46.239823289215565" lon="15.160121452063322">
        <ele>257.6000061035156</ele>
        <time>2025-01-01T12:15:46Z</time>
      </trkpt>
      <trkpt lat="46.23982697725296" lon="15.160038387402892">
        <ele>257.6000061035156</ele>
        <time>2025-01-01T12:15:47Z</time>
      </trkpt>
      <trkpt lat="46.23983074910939" lon="15.159951969981194">
        <ele>257.6000061035156</ele>
        <time>2025-01-01T12:15:48Z</time>
      </trkpt>
      <trkpt lat="46.239836029708385" lon="15.159863121807575">
        <ele>257.3999938964844</ele>
        <time>2025-01-01T12:15:49Z</time>
      </trkpt>
      <trkpt lat="46.239842399954796" lon="15.159772681072354">
        <ele>257.3999938964844</ele>
        <time>2025-01-01T12:15:50Z</time>
      </trkpt>
      <trkpt lat="46.239848686382174" lon="15.159682407975197">
        <ele>257.20001220703125</ele>
        <time>2025-01-01T12:15:51Z</time>
      </trkpt>
      <trkpt lat="46.2398558948189" lon="15.159593727439642">
        <ele>257.20001220703125</ele>
        <time>2025-01-01T12:15:52Z</time>
      </trkpt>
      <trkpt lat="46.23986176215112" lon="15.159505633637309">
        <ele>257.20001220703125</ele>
        <time>2025-01-01T12:15:53Z</time>
      </trkpt>
      <trkpt lat="46.23986863531172" lon="15.159418126568198">
        <ele>257.20001220703125</ele>
        <time>2025-01-01T12:15:54Z</time>
      </trkpt>
      <trkpt lat="46.239875592291355" lon="15.15933221206069">
        <ele>257.20001220703125</ele>
        <time>2025-01-01T12:15:55Z</time>
      </trkpt>
      <trkpt lat="46.239881962537766" lon="15.159242860972881">
        <ele>257.20001220703125</ele>
        <time>2025-01-01T12:15:56Z</time>
      </trkpt>
      <trkpt lat="46.239887829869986" lon="15.159153928980231">
        <ele>257.20001220703125</ele>
        <time>2025-01-01T12:15:57Z</time>
      </trkpt>
      <trkpt lat="46.2398955412209" lon="15.15906692482531">
        <ele>257.0</ele>
        <time>2025-01-01T12:15:58Z</time>
      </trkpt>
      <trkpt lat="46.23990409076214" lon="15.158980507403612">
        <ele>257.20001220703125</ele>
        <time>2025-01-01T12:15:59Z</time>
      </trkpt>
      <trkpt lat="46.23991398140788" lon="15.158893587067723">
        <ele>257.20001220703125</ele>
        <time>2025-01-01T12:16:01Z</time>
      </trkpt>
      <trkpt lat="46.239923955872655" lon="15.158805074170232">
        <ele>257.20001220703125</ele>
        <time>2025-01-01T12:16:02Z</time>
      </trkpt>
      <trkpt lat="46.23993493616581" lon="15.15871362760663">
        <ele>257.20001220703125</ele>
        <time>2025-01-01T12:16:03Z</time>
      </trkpt>
      <trkpt lat="46.2399475928396" lon="15.158622013404965">
        <ele>257.3999938964844</ele>
        <time>2025-01-01T12:16:04Z</time>
      </trkpt>
      <trkpt lat="46.23996385373175" lon="15.15852939337492">
        <ele>257.3999938964844</ele>
        <time>2025-01-01T12:16:05Z</time>
      </trkpt>
      <trkpt lat="46.2399819586426" lon="15.158439790830016">
        <ele>257.3999938964844</ele>
        <time>2025-01-01T12:16:06Z</time>
      </trkpt>
      <trkpt lat="46.2400009855628" lon="15.158351948484778">
        <ele>257.3999938964844</ele>
        <time>2025-01-01T12:16:07Z</time>
      </trkpt>
      <trkpt lat="46.240019174292684" lon="15.15826410613954">
        <ele>257.3999938964844</ele>
        <time>2025-01-01T12:16:08Z</time>
      </trkpt>
      <trkpt lat="46.24003518372774" lon="15.158173916861415">
        <ele>257.3999938964844</ele>
        <time>2025-01-01T12:16:09Z</time>
      </trkpt>
      <trkpt lat="46.240050019696355" lon="15.158083057031035">
        <ele>257.3999938964844</ele>
        <time>2025-01-01T12:16:11Z</time>
      </trkpt>
      <trkpt lat="46.24006602913141" lon="15.157994711771607">
        <ele>257.6000061035156</ele>
        <time>2025-01-01T12:16:12Z</time>
      </trkpt>
      <trkpt lat="46.2400839664042" lon="15.157907204702497">
        <ele>257.6000061035156</ele>
        <time>2025-01-01T12:16:13Z</time>
      </trkpt>
      <trkpt lat="46.24010165221989" lon="15.157820116728544">
        <ele>257.6000061035156</ele>
        <time>2025-01-01T12:16:14Z</time>
      </trkpt>
      <trkpt lat="46.24011975713074" lon="15.157733028754592">
        <ele>257.6000061035156</ele>
        <time>2025-01-01T12:16:15Z</time>
      </trkpt>
      <trkpt lat="46.24013878405094" lon="15.15764501877129">
        <ele>257.6000061035156</ele>
        <time>2025-01-01T12:16:16Z</time>
      </trkpt>
      <trkpt lat="46.240158565342426" lon="15.157557763159275">
        <ele>257.6000061035156</ele>
        <time>2025-01-01T12:16:17Z</time>
      </trkpt>
      <trkpt lat="46.24017683789134" lon="15.15746908262372">
        <ele>257.6000061035156</ele>
        <time>2025-01-01T12:16:18Z</time>
      </trkpt>
      <trkpt lat="46.24019594863057" lon="15.157382246106863">
        <ele>257.79998779296875</ele>
        <time>2025-01-01T12:16:20Z</time>
      </trkpt>
      <trkpt lat="46.240214137360454" lon="15.157294990494847">
        <ele>257.79998779296875</ele>
        <time>2025-01-01T12:16:21Z</time>
      </trkpt>
      <trkpt lat="46.240234673023224" lon="15.15720522031188">
        <ele>257.79998779296875</ele>
        <time>2025-01-01T12:16:22Z</time>
      </trkpt>
      <trkpt lat="46.240255711600184" lon="15.157116958871484">
        <ele>257.79998779296875</ele>
        <time>2025-01-01T12:16:23Z</time>
      </trkpt>
      <trkpt lat="46.24027708545327" lon="15.1570297870785">
        <ele>258.0</ele>
        <time>2025-01-01T12:16:24Z</time>
      </trkpt>
      <trkpt lat="46.24029896222055" lon="15.156942196190357">
        <ele>258.0</ele>
        <time>2025-01-01T12:16:25Z</time>
      </trkpt>
      <trkpt lat="46.24032192863524" lon="15.156856616958976">
        <ele>258.0</ele>
        <time>2025-01-01T12:16:26Z</time>
      </trkpt>
      <trkpt lat="46.240346655249596" lon="15.15677229501307">
        <ele>258.0</ele>
        <time>2025-01-01T12:16:28Z</time>
      </trkpt>
      <trkpt lat="46.240371549502015" lon="15.15668872743845">
        <ele>258.20001220703125</ele>
        <time>2025-01-01T12:16:29Z</time>
      </trkpt>
      <trkpt lat="46.24039568938315" lon="15.156604908406734">
        <ele>258.20001220703125</ele>
        <time>2025-01-01T12:16:30Z</time>
      </trkpt>
      <trkpt lat="46.24042200855911" lon="15.156519748270512">
        <ele>258.20001220703125</ele>
        <time>2025-01-01T12:16:31Z</time>
      </trkpt>
      <trkpt lat="46.24044598080218" lon="15.156434001401067">
        <ele>258.20001220703125</ele>
        <time>2025-01-01T12:16:32Z</time>
      </trkpt>
      <trkpt lat="46.24047037214041" lon="15.156350769102573">
        <ele>258.20001220703125</ele>
        <time>2025-01-01T12:16:33Z</time>
      </trkpt>
      <trkpt lat="46.240496607497334" lon="15.156273823231459">
        <ele>258.20001220703125</ele>
        <time>2025-01-01T12:16:34Z</time>
      </trkpt>
      <trkpt lat="46.240526866167784" lon="15.156198553740978">
        <ele>258.20001220703125</ele>
        <time>2025-01-01T12:16:35Z</time>
      </trkpt>
      <trkpt lat="46.24055419117212" lon="15.156121775507927">
        <ele>258.3999938964844</ele>
        <time>2025-01-01T12:16:36Z</time>
      </trkpt>
      <trkpt lat="46.240581180900335" lon="15.156044829636812">
        <ele>258.3999938964844</ele>
        <time>2025-01-01T12:16:37Z</time>
      </trkpt>
      <trkpt lat="46.240608086809516" lon="15.155968219041824">
        <ele>258.3999938964844</ele>
        <time>2025-01-01T12:16:38Z</time>
      </trkpt>
      <trkpt lat="46.24063373543322" lon="15.155890183523297">
        <ele>258.3999938964844</ele>
        <time>2025-01-01T12:16:40Z</time>
      </trkpt>
      <trkpt lat="46.24065963551402" lon="15.155815919861197">
        <ele>258.3999938964844</ele>
        <time>2025-01-01T12:16:41Z</time>
      </trkpt>
      <trkpt lat="46.24068603850901" lon="15.155741404742002">
        <ele>258.3999938964844</ele>
        <time>2025-01-01T12:16:41Z</time>
      </trkpt>
      <trkpt lat="46.24071286059916" lon="15.155669068917632">
        <ele>258.3999938964844</ele>
        <time>2025-01-01T12:16:42Z</time>
      </trkpt>
      <trkpt lat="46.24073632992804" lon="15.155589859932661">
        <ele>258.3999938964844</ele>
        <time>2025-01-01T12:16:43Z</time>
      </trkpt>
      <trkpt lat="46.24075887724757" lon="15.155510986223817">
        <ele>258.3999938964844</ele>
        <time>2025-01-01T12:16:45Z</time>
      </trkpt>
      <trkpt lat="46.24077966436744" lon="15.15543194487691">
        <ele>258.3999938964844</ele>
        <time>2025-01-01T12:16:46Z</time>
      </trkpt>
      <trkpt lat="46.24079843983054" lon="15.155351227149367">
        <ele>258.3999938964844</ele>
        <time>2025-01-01T12:16:47Z</time>
      </trkpt>
      <trkpt lat="46.240819059312344" lon="15.155270174145699">
        <ele>258.3999938964844</ele>
        <time>2025-01-01T12:16:48Z</time>
      </trkpt>
      <trkpt lat="46.24084412120283" lon="15.155191468074918">
        <ele>258.3999938964844</ele>
        <time>2025-01-01T12:16:49Z</time>
      </trkpt>
      <trkpt lat="46.24087102711201" lon="15.155110666528344">
        <ele>258.3999938964844</ele>
        <time>2025-01-01T12:16:50Z</time>
      </trkpt>
      <trkpt lat="46.240897849202156" lon="15.155028188601136">
        <ele>258.3999938964844</ele>
        <time>2025-01-01T12:16:51Z</time>
      </trkpt>
      <trkpt lat="46.24092542566359" lon="15.15494872815907">
        <ele>258.3999938964844</ele>
        <time>2025-01-01T12:16:52Z</time>
      </trkpt>
      <trkpt lat="46.24095275066793" lon="15.154869183897972">
        <ele>258.3999938964844</ele>
        <time>2025-01-01T12:16:53Z</time>
      </trkpt>
      <trkpt lat="46.240979824215174" lon="15.154787627980113">
        <ele>258.3999938964844</ele>
        <time>2025-01-01T12:16:54Z</time>
      </trkpt>
      <trkpt lat="46.241004299372435" lon="15.154705736786127">
        <ele>258.3999938964844</ele>
        <time>2025-01-01T12:16:55Z</time>
      </trkpt>
      <trkpt lat="46.24101569876075" lon="15.154620744287968">
        <ele>258.3999938964844</ele>
        <time>2025-01-01T12:16:56Z</time>
      </trkpt>
      <trkpt lat="46.2410060595721" lon="15.154532566666603">
        <ele>258.3999938964844</ele>
        <time>2025-01-01T12:16:57Z</time>
      </trkpt>
      <trkpt lat="46.240985272452235" lon="15.154448160901666">
        <ele>258.3999938964844</ele>
        <time>2025-01-01T12:16:58Z</time>
      </trkpt>
      <trkpt lat="46.24096155166626" lon="15.1543652638793">
        <ele>258.6000061035156</ele>
        <time>2025-01-01T12:16:59Z</time>
      </trkpt>
      <trkpt lat="46.24093799851835" lon="15.154280522838235">
        <ele>258.6000061035156</ele>
        <time>2025-01-01T12:17:00Z</time>
      </trkpt>
      <trkpt lat="46.24091561883688" lon="15.15419821254909">
        <ele>258.6000061035156</ele>
        <time>2025-01-01T12:17:01Z</time>
      </trkpt>
      <trkpt lat="46.24088821001351" lon="15.15411950647831">
        <ele>258.6000061035156</ele>
        <time>2025-01-01T12:17:03Z</time>
      </trkpt>
      <trkpt lat="46.24084663577378" lon="15.15405211597681">
        <ele>258.6000061035156</ele>
        <time>2025-01-01T12:17:04Z</time>
      </trkpt>
      <trkpt lat="46.24079441651702" lon="15.154011128470302">
        <ele>258.3999938964844</ele>
        <time>2025-01-01T12:17:04Z</time>
      </trkpt>
      <trkpt lat="46.24073616228998" lon="15.153996041044593">
        <ele>258.3999938964844</ele>
        <time>2025-01-01T12:17:05Z</time>
      </trkpt>
      <trkpt lat="46.240675980225205" lon="15.154005931690335">
        <ele>258.3999938964844</ele>
        <time>2025-01-01T12:17:06Z</time>
      </trkpt>
      <trkpt lat="46.240616803988814" lon="15.154027724638581">
        <ele>258.3999938964844</ele>
        <time>2025-01-01T12:17:08Z</time>
      </trkpt>
      <trkpt lat="46.24055947177112" lon="15.154058653861284">
        <ele>258.3999938964844</ele>
        <time>2025-01-01T12:17:09Z</time>
      </trkpt>
      <trkpt lat="46.24049920588732" lon="15.154095366597176">
        <ele>258.3999938964844</ele>
        <time>2025-01-01T12:17:10Z</time>
      </trkpt>
      <trkpt lat="46.24043826945126" lon="15.154126547276974">
        <ele>258.3999938964844</ele>
        <time>2025-01-01T12:17:11Z</time>
      </trkpt>
      <trkpt lat="46.240373561158776" lon="15.154148004949093">
        <ele>258.3999938964844</ele>
        <time>2025-01-01T12:17:12Z</time>
      </trkpt>
      <trkpt lat="46.24030910432339" lon="15.15416158363223">
        <ele>258.3999938964844</ele>
        <time>2025-01-01T12:17:13Z</time>
      </trkpt>
      <trkpt lat="46.2402443960309" lon="15.154167618602514">
        <ele>258.3999938964844</ele>
        <time>2025-01-01T12:17:14Z</time>
      </trkpt>
      <trkpt lat="46.2401806935668" lon="15.154166780412197">
        <ele>258.3999938964844</ele>
        <time>2025-01-01T12:17:15Z</time>
      </trkpt>
      <trkpt lat="46.24011774547398" lon="15.154163260012865">
        <ele>258.3999938964844</ele>
        <time>2025-01-01T12:17:16Z</time>
      </trkpt>
      <trkpt lat="46.24005521647632" lon="15.154156554490328">
        <ele>258.3999938964844</ele>
        <time>2025-01-01T12:17:17Z</time>
      </trkpt>
      <trkpt lat="46.23999159783125" lon="15.154145741835237">
        <ele>258.20001220703125</ele>
        <time>2025-01-01T12:17:18Z</time>
      </trkpt>
      <trkpt lat="46.23992797918618" lon="15.154131157323718">
        <ele>258.20001220703125</ele>
        <time>2025-01-01T12:17:19Z</time>
      </trkpt>
      <trkpt lat="46.239862348884344" lon="15.154116824269295">
        <ele>258.0</ele>
        <time>2025-01-01T12:17:20Z</time>
      </trkpt>
      <trkpt lat="46.23979554511607" lon="15.154097797349095">
        <ele>257.79998779296875</ele>
        <time>2025-01-01T12:17:21Z</time>
      </trkpt>
      <trkpt lat="46.23973033390939" lon="15.154076088219881">
        <ele>257.79998779296875</ele>
        <time>2025-01-01T12:17:23Z</time>
      </trkpt>
      <trkpt lat="46.239662105217576" lon="15.154049433767796">
        <ele>257.6000061035156</ele>
        <time>2025-01-01T12:17:24Z</time>
      </trkpt>
      <trkpt lat="46.23959731310606" lon="15.154020432382822">
        <ele>257.3999938964844</ele>
        <time>2025-01-01T12:17:25Z</time>
      </trkpt>
      <trkpt lat="46.23953461647034" lon="15.153990760445595">
        <ele>257.3999938964844</ele>
        <time>2025-01-01T12:17:26Z</time>
      </trkpt>
      <trkpt lat="46.239473512396216" lon="15.153965363278985">
        <ele>257.3999938964844</ele>
        <time>2025-01-01T12:17:27Z</time>
      </trkpt>
      <trkpt lat="46.23941349796951" lon="15.153940385207534">
        <ele>257.3999938964844</ele>
        <time>2025-01-01T12:17:28Z</time>
      </trkpt>
      <trkpt lat="46.23935700394213" lon="15.153917418792844">
        <ele>257.3999938964844</ele>
        <time>2025-01-01T12:17:29Z</time>
      </trkpt>
      <trkpt lat="46.23930377885699" lon="15.153896631672978">
        <ele>257.6000061035156</ele>
        <time>2025-01-01T12:17:30Z</time>
      </trkpt>
      <trkpt lat="46.239255079999566" lon="15.153878526762128">
        <ele>257.6000061035156</ele>
        <time>2025-01-01T12:17:31Z</time>
      </trkpt>
      <trkpt lat="46.2392118293792" lon="15.15386251732707">
        <ele>257.79998779296875</ele>
        <time>2025-01-01T12:17:32Z</time>
      </trkpt>
      <trkpt lat="46.23917017132044" lon="15.153852291405201">
        <ele>257.79998779296875</ele>
        <time>2025-01-01T12:17:33Z</time>
      </trkpt>
      <trkpt lat="46.23912641778588" lon="15.15384298749268">
        <ele>257.79998779296875</ele>
        <time>2025-01-01T12:17:33Z</time>
      </trkpt>
      <trkpt lat="46.23907830566168" lon="15.15382781624794">
        <ele>257.79998779296875</ele>
        <time>2025-01-01T12:17:34Z</time>
      </trkpt>
      <trkpt lat="46.23902658931911" lon="15.153810465708375">
        <ele>257.79998779296875</ele>
        <time>2025-01-01T12:17:35Z</time>
      </trkpt>
      <trkpt lat="46.23897286131978" lon="15.153793953359127">
        <ele>257.6000061035156</ele>
        <time>2025-01-01T12:17:36Z</time>
      </trkpt>
      <trkpt lat="46.23891745693982" lon="15.153773669153452">
        <ele>257.6000061035156</ele>
        <time>2025-01-01T12:17:37Z</time>
      </trkpt>
      <trkpt lat="46.238862220197916" lon="15.15374617651105">
        <ele>257.6000061035156</ele>
        <time>2025-01-01T12:17:38Z</time>
      </trkpt>
      <trkpt lat="46.238808408379555" lon="15.153714828193188">
        <ele>257.6000061035156</ele>
        <time>2025-01-01T12:17:39Z</time>
      </trkpt>
      <trkpt lat="46.238755099475384" lon="15.153675684705377">
        <ele>257.3999938964844</ele>
        <time>2025-01-01T12:17:40Z</time>
      </trkpt>
      <trkpt lat="46.2387059815228" lon="15.153627069666982">
        <ele>257.3999938964844</ele>
        <time>2025-01-01T12:17:41Z</time>
      </trkpt>
      <trkpt lat="46.23866071924567" lon="15.153581891208887">
        <ele>257.3999938964844</ele>
        <time>2025-01-01T12:17:42Z</time>
      </trkpt>
      <trkpt lat="46.23861914500594" lon="15.153541155159473">
        <ele>257.3999938964844</ele>
        <time>2025-01-01T12:17:42Z</time>
      </trkpt>
      <trkpt lat="46.23857505619526" lon="15.153499329462647">
        <ele>257.6000061035156</ele>
        <time>2025-01-01T12:17:44Z</time>
      </trkpt>
      <trkpt lat="46.238526944071054" lon="15.1534569170326">
        <ele>257.6000061035156</ele>
        <time>2025-01-01T12:17:45Z</time>
      </trkpt>
      <trkpt lat="46.238476149737835" lon="15.153416432440281">
        <ele>257.6000061035156</ele>
        <time>2025-01-01T12:17:46Z</time>
      </trkpt>
      <trkpt lat="46.23842066153884" lon="15.153372511267662">
        <ele>257.6000061035156</ele>
        <time>2025-01-01T12:17:47Z</time>
      </trkpt>
      <trkpt lat="46.23836073093116" lon="15.153329679742455">
        <ele>257.6000061035156</ele>
        <time>2025-01-01T12:17:48Z</time>
      </trkpt>
      <trkpt lat="46.238300800323486" lon="15.153299169614911">
        <ele>257.6000061035156</ele>
        <time>2025-01-01T12:17:49Z</time>
      </trkpt>
      <trkpt lat="46.23824539594352" lon="15.153273520991206">
        <ele>257.6000061035156</ele>
        <time>2025-01-01T12:17:50Z</time>
      </trkpt>
      <trkpt lat="46.23819393105805" lon="15.153241166844964">
        <ele>257.6000061035156</ele>
        <time>2025-01-01T12:17:51Z</time>
      </trkpt>
      <trkpt lat="46.238141460344195" lon="15.153198754414916">
        <ele>257.6000061035156</ele>
        <time>2025-01-01T12:17:52Z</time>
      </trkpt>
      <trkpt lat="46.23809150420129" lon="15.153145445510745">
        <ele>257.6000061035156</ele>
        <time>2025-01-01T12:17:53Z</time>
      </trkpt>
      <trkpt lat="46.238047666847706" lon="15.15307973138988">
        <ele>257.6000061035156</ele>
        <time>2025-01-01T12:17:54Z</time>
      </trkpt>
      <trkpt lat="46.23801078647375" lon="15.153004629537463">
        <ele>257.6000061035156</ele>
        <time>2025-01-01T12:17:55Z</time>
      </trkpt>
      <trkpt lat="46.23797751031816" lon="15.15292483381927">
        <ele>257.6000061035156</ele>
        <time>2025-01-01T12:17:56Z</time>
      </trkpt>
      <trkpt lat="46.23794280923903" lon="15.152843277901411">
        <ele>257.6000061035156</ele>
        <time>2025-01-01T12:17:57Z</time>
      </trkpt>
      <trkpt lat="46.23791045509279" lon="15.152762727811933">
        <ele>257.6000061035156</ele>
        <time>2025-01-01T12:17:58Z</time>
      </trkpt>
      <trkpt lat="46.23788120225072" lon="15.152684776112437">
        <ele>257.6000061035156</ele>
        <time>2025-01-01T12:17:59Z</time>
      </trkpt>
      <trkpt lat="46.23784868046641" lon="15.152605902403593">
        <ele>257.6000061035156</ele>
        <time>2025-01-01T12:18:01Z</time>
      </trkpt>
      <trkpt lat="46.237817499786615" lon="15.152525939047337">
        <ele>257.6000061035156</ele>
        <time>2025-01-01T12:18:02Z</time>
      </trkpt>
      <trkpt lat="46.237788582220674" lon="15.152445556595922">
        <ele>257.6000061035156</ele>
        <time>2025-01-01T12:18:03Z</time>
      </trkpt>
      <trkpt lat="46.23776058666408" lon="15.152367521077394">
        <ele>257.6000061035156</ele>
        <time>2025-01-01T12:18:04Z</time>
      </trkpt>
      <trkpt lat="46.237735943868756" lon="15.152290323749185">
        <ele>257.6000061035156</ele>
        <time>2025-01-01T12:18:05Z</time>
      </trkpt>
      <trkpt lat="46.23771163634956" lon="15.152216479182243">
        <ele>257.79998779296875</ele>
        <time>2025-01-01T12:18:06Z</time>
      </trkpt>
      <trkpt lat="46.23769017867744" lon="15.152149004861712">
        <ele>257.79998779296875</ele>
        <time>2025-01-01T12:18:07Z</time>
      </trkpt>
      <trkpt lat="46.2376715708524" lon="15.152088403701782">
        <ele>257.79998779296875</ele>
        <time>2025-01-01T12:18:08Z</time>
      </trkpt>
      <trkpt lat="46.23765539377928" lon="15.152031322941184">
        <ele>257.79998779296875</ele>
        <time>2025-01-01T12:18:08Z</time>
      </trkpt>
      <trkpt lat="46.237643072381616" lon="15.15197885222733">
        <ele>257.79998779296875</ele>
        <time>2025-01-01T12:18:09Z</time>
      </trkpt>
      <trkpt lat="46.237635277211666" lon="15.151932248845696">
        <ele>258.0</ele>
        <time>2025-01-01T12:18:10Z</time>
      </trkpt>
      <trkpt lat="46.23762865550816" lon="15.151881705969572">
        <ele>258.0</ele>
        <time>2025-01-01T12:18:10Z</time>
      </trkpt>
      <trkpt lat="46.237623039633036" lon="15.15182345174253">
        <ele>258.0</ele>
        <time>2025-01-01T12:18:11Z</time>
      </trkpt>
      <trkpt lat="46.237615747377276" lon="15.151760503649712">
        <ele>258.0</ele>
        <time>2025-01-01T12:18:12Z</time>
      </trkpt>
      <trkpt lat="46.23760820366442" lon="15.151693532243371">
        <ele>258.20001220703125</ele>
        <time>2025-01-01T12:18:13Z</time>
      </trkpt>
      <trkpt lat="46.23759873211384" lon="15.151622705161572">
        <ele>258.0</ele>
        <time>2025-01-01T12:18:13Z</time>
      </trkpt>
      <trkpt lat="46.237588338553905" lon="15.151549531146884">
        <ele>258.0</ele>
        <time>2025-01-01T12:18:14Z</time>
      </trkpt>
      <trkpt lat="46.237579537555575" lon="15.151473758742213">
        <ele>258.0</ele>
        <time>2025-01-01T12:18:15Z</time>
      </trkpt>
      <trkpt lat="46.23757090419531" lon="15.15139589086175">
        <ele>258.0</ele>
        <time>2025-01-01T12:18:16Z</time>
      </trkpt>
      <trkpt lat="46.237562857568264" lon="15.151320369914174">
        <ele>258.0</ele>
        <time>2025-01-01T12:18:17Z</time>
      </trkpt>
      <trkpt lat="46.23755447566509" lon="15.15124392695725">
        <ele>258.20001220703125</ele>
        <time>2025-01-01T12:18:18Z</time>
      </trkpt>
      <trkpt lat="46.237548692151904" lon="15.151167484000325">
        <ele>258.20001220703125</ele>
        <time>2025-01-01T12:18:19Z</time>
      </trkpt>
      <trkpt lat="46.237539891153574" lon="15.151092801243067">
        <ele>258.20001220703125</ele>
        <time>2025-01-01T12:18:20Z</time>
      </trkpt>
      <trkpt lat="46.23753184452653" lon="15.15101920813322">
        <ele>258.20001220703125</ele>
        <time>2025-01-01T12:18:21Z</time>
      </trkpt>
      <trkpt lat="46.237525809556246" lon="15.150945615023375">
        <ele>258.3999938964844</ele>
        <time>2025-01-01T12:18:22Z</time>
      </trkpt>
      <trkpt lat="46.23751860111952" lon="15.150874285027385">
        <ele>258.3999938964844</ele>
        <time>2025-01-01T12:18:23Z</time>
      </trkpt>
      <trkpt lat="46.237509632483125" lon="15.150808235630393">
        <ele>258.3999938964844</ele>
        <time>2025-01-01T12:18:24Z</time>
      </trkpt>
      <trkpt lat="46.23749999329448" lon="15.150743443518877">
        <ele>258.6000061035156</ele>
        <time>2025-01-01T12:18:25Z</time>
      </trkpt>
      <trkpt lat="46.23748532496393" lon="15.150681668892503">
        <ele>258.6000061035156</ele>
        <time>2025-01-01T12:18:25Z</time>
      </trkpt>
      <trkpt lat="46.237464370206" lon="15.15062584541738">
        <ele>258.79998779296875</ele>
        <time>2025-01-01T12:18:26Z</time>
      </trkpt>
      <trkpt lat="46.237431932240725" lon="15.150581086054444">
        <ele>259.0</ele>
        <time>2025-01-01T12:18:27Z</time>
      </trkpt>
      <trkpt lat="46.237393291667104" lon="15.150551665574312">
        <ele>259.20001220703125</ele>
        <time>2025-01-01T12:18:28Z</time>
      </trkpt>
      <trkpt lat="46.237351298332214" lon="15.150530626997352">
        <ele>259.3999938964844</ele>
        <time>2025-01-01T12:18:29Z</time>
      </trkpt>
      <trkpt lat="46.23730620369315" lon="15.150513527914882">
        <ele>259.6000061035156</ele>
        <time>2025-01-01T12:18:30Z</time>
      </trkpt>
      <trkpt lat="46.23725825920701" lon="15.150494752451777">
        <ele>259.6000061035156</ele>
        <time>2025-01-01T12:18:31Z</time>
      </trkpt>
      <trkpt lat="46.237210649996996" lon="15.150475725531578">
        <ele>259.6000061035156</ele>
        <time>2025-01-01T12:18:32Z</time>
      </trkpt>
      <trkpt lat="46.23716061003506" lon="15.15045971609652">
        <ele>259.79998779296875</ele>
        <time>2025-01-01T12:18:33Z</time>
      </trkpt>
      <trkpt lat="46.237112414091825" lon="15.150449154898524">
        <ele>259.79998779296875</ele>
        <time>2025-01-01T12:18:34Z</time>
      </trkpt>
      <trkpt lat="46.237064972519875" lon="15.15043968334794">
        <ele>259.79998779296875</ele>
        <time>2025-01-01T12:18:35Z</time>
      </trkpt>
      <trkpt lat="46.23701996169984" lon="15.150433732196689">
        <ele>259.79998779296875</ele>
        <time>2025-01-01T12:18:36Z</time>
      </trkpt>
      <trkpt lat="46.236970676109195" lon="15.15042501501739">
        <ele>259.79998779296875</ele>
        <time>2025-01-01T12:18:36Z</time>
      </trkpt>
      <trkpt lat="46.2369170319289" lon="15.150411436334252">
        <ele>260.0</ele>
        <time>2025-01-01T12:18:37Z</time>
      </trkpt>
      <trkpt lat="46.23686062172055" lon="15.15039760619402">
        <ele>259.79998779296875</ele>
        <time>2025-01-01T12:18:38Z</time>
      </trkpt>
      <trkpt lat="46.23680764809251" lon="15.15038788318634">
        <ele>259.79998779296875</ele>
        <time>2025-01-01T12:18:39Z</time>
      </trkpt>
      <trkpt lat="46.236757105216384" lon="15.150376819074154">
        <ele>259.79998779296875</ele>
        <time>2025-01-01T12:18:40Z</time>
      </trkpt>
      <trkpt lat="46.23670471832156" lon="15.150360893458128">
        <ele>259.79998779296875</ele>
        <time>2025-01-01T12:18:41Z</time>
      </trkpt>
      <trkpt lat="46.23665006831288" lon="15.15034144744277">
        <ele>259.79998779296875</ele>
        <time>2025-01-01T12:18:42Z</time>
      </trkpt>
      <trkpt lat="46.23659365810454" lon="15.150314792990685">
        <ele>259.79998779296875</ele>
        <time>2025-01-01T12:18:43Z</time>
      </trkpt>
      <trkpt lat="46.23654236085713" lon="15.150274559855461">
        <ele>259.6000061035156</ele>
        <time>2025-01-01T12:18:44Z</time>
      </trkpt>
      <trkpt lat="46.236501540988684" lon="15.150220915675163">
        <ele>259.6000061035156</ele>
        <time>2025-01-01T12:18:45Z</time>
      </trkpt>
      <trkpt lat="46.23646566644311" lon="15.150157799944282">
        <ele>259.6000061035156</ele>
        <time>2025-01-01T12:18:46Z</time>
      </trkpt>
      <trkpt lat="46.23643398284912" lon="15.150086218491197">
        <ele>259.6000061035156</ele>
        <time>2025-01-01T12:18:47Z</time>
      </trkpt>
      <trkpt lat="46.23640355654061" lon="15.150008853524923">
        <ele>259.6000061035156</ele>
        <time>2025-01-01T12:18:48Z</time>
      </trkpt>
      <trkpt lat="46.236378913745284" lon="15.149930901825428">
        <ele>259.3999938964844</ele>
        <time>2025-01-01T12:18:49Z</time>
      </trkpt>
      <trkpt lat="46.23635737225413" lon="15.149852698668838">
        <ele>259.6000061035156</ele>
        <time>2025-01-01T12:18:50Z</time>
      </trkpt>
      <trkpt lat="46.23634144663811" lon="15.149778602644801">
        <ele>259.6000061035156</ele>
        <time>2025-01-01T12:18:51Z</time>
      </trkpt>
      <trkpt lat="46.236326191574335" lon="15.149704171344638">
        <ele>259.6000061035156</ele>
        <time>2025-01-01T12:18:52Z</time>
      </trkpt>
      <trkpt lat="46.236309511587024" lon="15.149624291807413">
        <ele>259.6000061035156</ele>
        <time>2025-01-01T12:18:53Z</time>
      </trkpt>
      <trkpt lat="46.236301716417074" lon="15.149545082822442">
        <ele>259.6000061035156</ele>
        <time>2025-01-01T12:18:54Z</time>
      </trkpt>
      <trkpt lat="46.236296854913235" lon="15.14945992268622">
        <ele>259.6000061035156</ele>
        <time>2025-01-01T12:18:55Z</time>
      </trkpt>
      <trkpt lat="46.23628922738135" lon="15.149372247979045">
        <ele>259.79998779296875</ele>
        <time>2025-01-01T12:18:56Z</time>
      </trkpt>
      <trkpt lat="46.23628453351557" lon="15.149286165833473">
        <ele>259.79998779296875</ele>
        <time>2025-01-01T12:18:57Z</time>
      </trkpt>
      <trkpt lat="46.236278833821416" lon="15.149199664592743">
        <ele>259.79998779296875</ele>
        <time>2025-01-01T12:18:58Z</time>
      </trkpt>
      <trkpt lat="46.23627028428018" lon="15.149109559133649">
        <ele>259.79998779296875</ele>
        <time>2025-01-01T12:18:59Z</time>
      </trkpt>
      <trkpt lat="46.23625905252993" lon="15.14902506954968">
        <ele>259.79998779296875</ele>
        <time>2025-01-01T12:19:00Z</time>
      </trkpt>
      <trkpt lat="46.23624983243644" lon="15.14894099906087">
        <ele>259.79998779296875</ele>
        <time>2025-01-01T12:19:01Z</time>
      </trkpt>
      <trkpt lat="46.236240193247795" lon="15.148856425657868">
        <ele>259.79998779296875</ele>
        <time>2025-01-01T12:19:02Z</time>
      </trkpt>
      <trkpt lat="46.23623114079237" lon="15.14877101406455">
        <ele>259.79998779296875</ele>
        <time>2025-01-01T12:19:03Z</time>
      </trkpt>
      <trkpt lat="46.23621856793761" lon="15.148683255538344">
        <ele>259.79998779296875</ele>
        <time>2025-01-01T12:19:04Z</time>
      </trkpt>
      <trkpt lat="46.23621211387217" lon="15.148604633286595">
        <ele>259.79998779296875</ele>
        <time>2025-01-01T12:19:05Z</time>
      </trkpt>
      <trkpt lat="46.23620322905481" lon="15.148526933044195">
        <ele>259.79998779296875</ele>
        <time>2025-01-01T12:19:06Z</time>
      </trkpt>
      <trkpt lat="46.23619417659938" lon="15.148446885868907">
        <ele>259.79998779296875</ele>
        <time>2025-01-01T12:19:07Z</time>
      </trkpt>
      <trkpt lat="46.236189315095544" lon="15.148364743217826">
        <ele>259.79998779296875</ele>
        <time>2025-01-01T12:19:08Z</time>
      </trkpt>
      <trkpt lat="46.236186968162656" lon="15.148280840367079">
        <ele>259.79998779296875</ele>
        <time>2025-01-01T12:19:09Z</time>
      </trkpt>
      <trkpt lat="46.2361899856478" lon="15.148194339126348">
        <ele>259.79998779296875</ele>
        <time>2025-01-01T12:19:10Z</time>
      </trkpt>
      <trkpt lat="46.23619250021875" lon="15.14810741879046">
        <ele>259.79998779296875</ele>
        <time>2025-01-01T12:19:11Z</time>
      </trkpt>
      <trkpt lat="46.2361915782094" lon="15.148022677749395">
        <ele>259.79998779296875</ele>
        <time>2025-01-01T12:19:12Z</time>
      </trkpt>
      <trkpt lat="46.23619149439037" lon="15.147932320833206">
        <ele>259.79998779296875</ele>
        <time>2025-01-01T12:19:13Z</time>
      </trkpt>
      <trkpt lat="46.23619107529521" lon="15.147852106019855">
        <ele>259.79998779296875</ele>
        <time>2025-01-01T12:19:14Z</time>
      </trkpt>
      <trkpt lat="46.236195266246796" lon="15.147780105471611">
        <ele>259.79998779296875</ele>
        <time>2025-01-01T12:19:15Z</time>
      </trkpt>
      <trkpt lat="46.236205995082855" lon="15.147707015275955">
        <ele>260.0</ele>
        <time>2025-01-01T12:19:16Z</time>
      </trkpt>
      <trkpt lat="46.2362156342715" lon="15.147630320861936">
        <ele>259.79998779296875</ele>
        <time>2025-01-01T12:19:17Z</time>
      </trkpt>
      <trkpt lat="46.23622342944145" lon="15.147544490173459">
        <ele>259.79998779296875</ele>
        <time>2025-01-01T12:19:18Z</time>
      </trkpt>
      <trkpt lat="46.23622904531658" lon="15.147446924820542">
        <ele>260.0</ele>
        <time>2025-01-01T12:19:19Z</time>
      </trkpt>
      <trkpt lat="46.23623365536332" lon="15.147357992827892">
        <ele>260.0</ele>
        <time>2025-01-01T12:19:20Z</time>
      </trkpt>
      <trkpt lat="46.236239690333605" lon="15.147269982844591">
        <ele>260.0</ele>
        <time>2025-01-01T12:19:21Z</time>
      </trkpt>
      <trkpt lat="46.23624539002776" lon="15.147180631756783">
        <ele>260.0</ele>
        <time>2025-01-01T12:19:22Z</time>
      </trkpt>
      <trkpt lat="46.23625075444579" lon="15.147091029211879">
        <ele>260.0</ele>
        <time>2025-01-01T12:19:23Z</time>
      </trkpt>
      <trkpt lat="46.236259303987026" lon="15.147013328969479">
        <ele>260.0</ele>
        <time>2025-01-01T12:19:24Z</time>
      </trkpt>
      <trkpt lat="46.236269949004054" lon="15.14693328179419">
        <ele>260.0</ele>
        <time>2025-01-01T12:19:25Z</time>
      </trkpt>
      <trkpt lat="46.236281683668494" lon="15.146861281245947">
        <ele>260.0</ele>
        <time>2025-01-01T12:19:26Z</time>
      </trkpt>
      <trkpt lat="46.23629660345614" lon="15.146782323718071">
        <ele>260.0</ele>
        <time>2025-01-01T12:19:27Z</time>
      </trkpt>
      <trkpt lat="46.23631998896599" lon="15.146705461665988">
        <ele>260.0</ele>
        <time>2025-01-01T12:19:28Z</time>
      </trkpt>
      <trkpt lat="46.236343709751964" lon="15.146622397005558">
        <ele>260.20001220703125</ele>
        <time>2025-01-01T12:19:29Z</time>
      </trkpt>
      <trkpt lat="46.23636567033827" lon="15.146537907421589">
        <ele>260.20001220703125</ele>
        <time>2025-01-01T12:19:30Z</time>
      </trkpt>
      <trkpt lat="46.236382937058806" lon="15.146452998742461">
        <ele>260.20001220703125</ele>
        <time>2025-01-01T12:19:31Z</time>
      </trkpt>
      <trkpt lat="46.23640263453126" lon="15.146364066749811">
        <ele>260.20001220703125</ele>
        <time>2025-01-01T12:19:33Z</time>
      </trkpt>
      <trkpt lat="46.23642367310822" lon="15.14627454802394">
        <ele>260.20001220703125</ele>
        <time>2025-01-01T12:19:34Z</time>
      </trkpt>
      <trkpt lat="46.236443957313895" lon="15.146194165572524">
        <ele>260.3999938964844</ele>
        <time>2025-01-01T12:19:35Z</time>
      </trkpt>
      <trkpt lat="46.23646181076765" lon="15.146121745929122">
        <ele>260.3999938964844</ele>
        <time>2025-01-01T12:19:36Z</time>
      </trkpt>
      <trkpt lat="46.236481592059135" lon="15.146051002666354">
        <ele>260.3999938964844</ele>
        <time>2025-01-01T12:19:37Z</time>
      </trkpt>
      <trkpt lat="46.2365005351603" lon="15.145983109250665">
        <ele>260.6000061035156</ele>
        <time>2025-01-01T12:19:38Z</time>
      </trkpt>
      <trkpt lat="46.23651486821473" lon="15.145921921357512">
        <ele>260.6000061035156</ele>
        <time>2025-01-01T12:19:39Z</time>
      </trkpt>
      <trkpt lat="46.23652886599302" lon="15.145854111760855">
        <ele>260.6000061035156</ele>
        <time>2025-01-01T12:19:39Z</time>
      </trkpt>
      <trkpt lat="46.23654931783676" lon="15.145778758451343">
        <ele>260.6000061035156</ele>
        <time>2025-01-01T12:19:40Z</time>
      </trkpt>
      <trkpt lat="46.23657220043242" lon="15.145688652992249">
        <ele>260.6000061035156</ele>
        <time>2025-01-01T12:19:42Z</time>
      </trkpt>
      <trkpt lat="46.23659281991422" lon="15.145612377673388">
        <ele>260.6000061035156</ele>
        <time>2025-01-01T12:19:42Z</time>
      </trkpt>
      <trkpt lat="46.236619306728244" lon="15.145530318841338">
        <ele>260.6000061035156</ele>
        <time>2025-01-01T12:19:44Z</time>
      </trkpt>
      <trkpt lat="46.236647637560964" lon="15.14544834382832">
        <ele>260.6000061035156</ele>
        <time>2025-01-01T12:19:45Z</time>
      </trkpt>
      <trkpt lat="46.236680494621396" lon="15.145359747111797">
        <ele>260.6000061035156</ele>
        <time>2025-01-01T12:19:46Z</time>
      </trkpt>
      <trkpt lat="46.23670865781605" lon="15.145278442651033">
        <ele>260.6000061035156</ele>
        <time>2025-01-01T12:19:47Z</time>
      </trkpt>
      <trkpt lat="46.23673933558166" lon="15.145192611962557">
        <ele>260.6000061035156</ele>
        <time>2025-01-01T12:19:48Z</time>
      </trkpt>
      <trkpt lat="46.23677269555628" lon="15.145104769617319">
        <ele>260.6000061035156</ele>
        <time>2025-01-01T12:19:49Z</time>
      </trkpt>
      <trkpt lat="46.236792309209704" lon="15.145037798210979">
        <ele>260.79998779296875</ele>
        <time>2025-01-01T12:19:50Z</time>
      </trkpt>
      <trkpt lat="46.23682097531855" lon="15.144966384395957">
        <ele>260.79998779296875</ele>
        <time>2025-01-01T12:19:51Z</time>
      </trkpt>
      <trkpt lat="46.23685131780803" lon="15.144883906468749">
        <ele>260.79998779296875</ele>
        <time>2025-01-01T12:19:52Z</time>
      </trkpt>
      <trkpt lat="46.23689222149551" lon="15.144791537895799">
        <ele>261.0</ele>
        <time>2025-01-01T12:19:54Z</time>
      </trkpt>
      <trkpt lat="46.23693094588816" lon="15.144709395244718">
        <ele>261.0</ele>
        <time>2025-01-01T12:19:55Z</time>
      </trkpt>
      <trkpt lat="46.2369688320905" lon="15.144616439938545">
        <ele>261.0</ele>
        <time>2025-01-01T12:19:56Z</time>
      </trkpt>
      <trkpt lat="46.23700805939734" lon="15.14454536139965">
        <ele>261.0</ele>
        <time>2025-01-01T12:19:57Z</time>
      </trkpt>
      <trkpt lat="46.23704577796161" lon="15.144472438842058">
        <ele>261.0</ele>
        <time>2025-01-01T12:19:58Z</time>
      </trkpt>
      <trkpt lat="46.23708190396428" lon="15.144407982006669">
        <ele>261.0</ele>
        <time>2025-01-01T12:19:59Z</time>
      </trkpt>
      <trkpt lat="46.23711702413857" lon="15.144338579848409">
        <ele>260.79998779296875</ele>
        <time>2025-01-01T12:20:00Z</time>
      </trkpt>
      <trkpt lat="46.23715616762638" lon="15.144273955374956">
        <ele>260.79998779296875</ele>
        <time>2025-01-01T12:20:01Z</time>
      </trkpt>
      <trkpt lat="46.23719757422805" lon="15.14421352185309">
        <ele>260.79998779296875</ele>
        <time>2025-01-01T12:20:02Z</time>
      </trkpt>
      <trkpt lat="46.23724116012454" lon="15.144148813560605">
        <ele>260.79998779296875</ele>
        <time>2025-01-01T12:20:03Z</time>
      </trkpt>
      <trkpt lat="46.23728642240167" lon="15.144091565161943">
        <ele>260.79998779296875</ele>
        <time>2025-01-01T12:20:04Z</time>
      </trkpt>
      <trkpt lat="46.23733269050717" lon="15.144028533250093">
        <ele>260.79998779296875</ele>
        <time>2025-01-01T12:20:06Z</time>
      </trkpt>
      <trkpt lat="46.237377282232046" lon="15.143965249881148">
        <ele>260.79998779296875</ele>
        <time>2025-01-01T12:20:07Z</time>
      </trkpt>
      <trkpt lat="46.237417850643396" lon="15.143901212140918">
        <ele>260.79998779296875</ele>
        <time>2025-01-01T12:20:08Z</time>
      </trkpt>
      <trkpt lat="46.237458335235715" lon="15.143838096410036">
        <ele>260.79998779296875</ele>
        <time>2025-01-01T12:20:09Z</time>
      </trkpt>
      <trkpt lat="46.23750141821802" lon="15.143768191337585">
        <ele>260.79998779296875</ele>
        <time>2025-01-01T12:20:10Z</time>
      </trkpt>
      <trkpt lat="46.23754374682903" lon="15.143696023151278">
        <ele>260.79998779296875</ele>
        <time>2025-01-01T12:20:11Z</time>
      </trkpt>
      <trkpt lat="46.23758506961167" lon="15.143626537173986">
        <ele>261.0</ele>
        <time>2025-01-01T12:20:12Z</time>
      </trkpt>
      <trkpt lat="46.23762773349881" lon="15.143566858023405">
        <ele>261.0</ele>
        <time>2025-01-01T12:20:13Z</time>
      </trkpt>
      <trkpt lat="46.237666457891464" lon="15.143509525805712">
        <ele>261.20001220703125</ele>
        <time>2025-01-01T12:20:14Z</time>
      </trkpt>
      <trkpt lat="46.237706104293466" lon="15.143450181931257">
        <ele>261.3999938964844</ele>
        <time>2025-01-01T12:20:16Z</time>
      </trkpt>
      <trkpt lat="46.23774994164705" lon="15.143390838056803">
        <ele>261.6000061035156</ele>
        <time>2025-01-01T12:20:17Z</time>
      </trkpt>
      <trkpt lat="46.23779780231416" lon="15.143329314887524">
        <ele>261.79998779296875</ele>
        <time>2025-01-01T12:20:18Z</time>
      </trkpt>
      <trkpt lat="46.23784516006708" lon="15.14326854608953">
        <ele>262.0</ele>
        <time>2025-01-01T12:20:19Z</time>
      </trkpt>
      <trkpt lat="46.2378909252584" lon="15.143208028748631">
        <ele>262.0</ele>
        <time>2025-01-01T12:20:20Z</time>
      </trkpt>
      <trkpt lat="46.23794037848711" lon="15.14314977452159">
        <ele>262.0</ele>
        <time>2025-01-01T12:20:21Z</time>
      </trkpt>
      <trkpt lat="46.237989915534854" lon="15.143086407333612">
        <ele>261.79998779296875</ele>
        <time>2025-01-01T12:20:22Z</time>
      </trkpt>
      <trkpt lat="46.23803962022066" lon="15.14302471652627">
        <ele>261.79998779296875</ele>
        <time>2025-01-01T12:20:24Z</time>
      </trkpt>
      <trkpt lat="46.23808857053518" lon="15.142957074567676">
        <ele>262.0</ele>
        <time>2025-01-01T12:20:25Z</time>
      </trkpt>
      <trkpt lat="46.238136598840356" lon="15.142894964665174">
        <ele>262.0</ele>
        <time>2025-01-01T12:20:26Z</time>
      </trkpt>
      <trkpt lat="46.23818697407842" lon="15.142832435667515">
        <ele>262.0</ele>
        <time>2025-01-01T12:20:27Z</time>
      </trkpt>
      <trkpt lat="46.238233828917146" lon="15.14277208596468">
        <ele>261.79998779296875</ele>
        <time>2025-01-01T12:20:28Z</time>
      </trkpt>
      <trkpt lat="46.238281689584255" lon="15.142714669927955">
        <ele>261.79998779296875</ele>
        <time>2025-01-01T12:20:29Z</time>
      </trkpt>
      <trkpt lat="46.238330975174904" lon="15.14265675097704">
        <ele>261.79998779296875</ele>
        <time>2025-01-01T12:20:30Z</time>
      </trkpt>
      <trkpt lat="46.23838319443166" lon="15.142601933330297">
        <ele>261.79998779296875</ele>
        <time>2025-01-01T12:20:31Z</time>
      </trkpt>
      <trkpt lat="46.23843289911747" lon="15.14254191890359">
        <ele>261.79998779296875</ele>
        <time>2025-01-01T12:20:32Z</time>
      </trkpt>
      <trkpt lat="46.238480005413294" lon="15.142473103478551">
        <ele>261.79998779296875</ele>
        <time>2025-01-01T12:20:34Z</time>
      </trkpt>
      <trkpt lat="46.23853205703199" lon="15.142406299710274">
        <ele>261.79998779296875</ele>
        <time>2025-01-01T12:20:35Z</time>
      </trkpt>
      <trkpt lat="46.23858377337456" lon="15.142343519255519">
        <ele>261.79998779296875</ele>
        <time>2025-01-01T12:20:36Z</time>
      </trkpt>
      <trkpt lat="46.2386333104223" lon="15.142273614183068">
        <ele>261.79998779296875</ele>
        <time>2025-01-01T12:20:37Z</time>
      </trkpt>
      <trkpt lat="46.23867756687105" lon="15.142204631119967">
        <ele>261.79998779296875</ele>
        <time>2025-01-01T12:20:38Z</time>
      </trkpt>
      <trkpt lat="46.23872349970043" lon="15.14213296584785">
        <ele>261.79998779296875</ele>
        <time>2025-01-01T12:20:39Z</time>
      </trkpt>
      <trkpt lat="46.23876825906336" lon="15.142065407708287">
        <ele>261.79998779296875</ele>
        <time>2025-01-01T12:20:40Z</time>
      </trkpt>
      <trkpt lat="46.2388130184263" lon="15.141998268663883">
        <ele>262.0</ele>
        <time>2025-01-01T12:20:42Z</time>
      </trkpt>
      <trkpt lat="46.23885802924633" lon="15.141926687210798">
        <ele>262.0</ele>
        <time>2025-01-01T12:20:43Z</time>
      </trkpt>
      <trkpt lat="46.23890211805701" lon="15.141856698319316">
        <ele>262.0</ele>
        <time>2025-01-01T12:20:44Z</time>
      </trkpt>
      <trkpt lat="46.238945787772536" lon="15.14178603887558">
        <ele>262.0</ele>
        <time>2025-01-01T12:20:45Z</time>
      </trkpt>
      <trkpt lat="46.23898954130709" lon="15.141721079126">
        <ele>262.20001220703125</ele>
        <time>2025-01-01T12:20:46Z</time>
      </trkpt>
      <trkpt lat="46.2390339653939" lon="15.141654862090945">
        <ele>262.20001220703125</ele>
        <time>2025-01-01T12:20:48Z</time>
      </trkpt>
      <trkpt lat="46.239076629281044" lon="15.141582358628511">
        <ele>262.20001220703125</ele>
        <time>2025-01-01T12:20:49Z</time>
      </trkpt>
      <trkpt lat="46.23911493457854" lon="15.141502395272255">
        <ele>262.3999938964844</ele>
        <time>2025-01-01T12:20:50Z</time>
      </trkpt>
      <trkpt lat="46.23915114440024" lon="15.141424527391791">
        <ele>262.3999938964844</ele>
        <time>2025-01-01T12:20:51Z</time>
      </trkpt>
      <trkpt lat="46.23918743804097" lon="15.141346659511328">
        <ele>262.3999938964844</ele>
        <time>2025-01-01T12:20:52Z</time>
      </trkpt>
      <trkpt lat="46.23921954073012" lon="15.141265774145722">
        <ele>262.3999938964844</ele>
        <time>2025-01-01T12:20:53Z</time>
      </trkpt>
      <trkpt lat="46.239254996180534" lon="15.141186146065593">
        <ele>262.3999938964844</ele>
        <time>2025-01-01T12:20:54Z</time>
      </trkpt>
      <trkpt lat="46.23929095454514" lon="15.141111295670271">
        <ele>262.20001220703125</ele>
        <time>2025-01-01T12:20:55Z</time>
      </trkpt>
      <trkpt lat="46.239325320348144" lon="15.141031667590141">
        <ele>262.20001220703125</ele>
        <time>2025-01-01T12:20:56Z</time>
      </trkpt>
      <trkpt lat="46.23935733921826" lon="15.140952123329043">
        <ele>262.20001220703125</ele>
        <time>2025-01-01T12:20:58Z</time>
      </trkpt>
      <trkpt lat="46.239388938993216" lon="15.140878781676292">
        <ele>262.20001220703125</ele>
        <time>2025-01-01T12:20:59Z</time>
      </trkpt>
      <trkpt lat="46.23941978439689" lon="15.14080828987062">
        <ele>262.3999938964844</ele>
        <time>2025-01-01T12:21:00Z</time>
      </trkpt>
      <trkpt lat="46.23944987542927" lon="15.140733690932393">
        <ele>262.3999938964844</ele>
        <time>2025-01-01T12:21:01Z</time>
      </trkpt>
      <trkpt lat="46.23947652988136" lon="15.140649620443583">
        <ele>262.6000061035156</ele>
        <time>2025-01-01T12:21:02Z</time>
      </trkpt>
      <trkpt lat="46.23949991539121" lon="15.140565633773804">
        <ele>262.6000061035156</ele>
        <time>2025-01-01T12:21:03Z</time>
      </trkpt>
      <trkpt lat="46.23952296562493" lon="15.140484999865294">
        <ele>262.6000061035156</ele>
        <time>2025-01-01T12:21:04Z</time>
      </trkpt>
      <trkpt lat="46.23954400420189" lon="15.140402941033244">
        <ele>262.6000061035156</ele>
        <time>2025-01-01T12:21:05Z</time>
      </trkpt>
      <trkpt lat="46.23956562951207" lon="15.140314679592848">
        <ele>262.6000061035156</ele>
        <time>2025-01-01T12:21:06Z</time>
      </trkpt>
      <trkpt lat="46.23958658427" lon="15.140225915238261">
        <ele>262.6000061035156</ele>
        <time>2025-01-01T12:21:07Z</time>
      </trkpt>
      <trkpt lat="46.239605359733105" lon="15.140138240531087">
        <ele>262.79998779296875</ele>
        <time>2025-01-01T12:21:09Z</time>
      </trkpt>
      <trkpt lat="46.23962237499654" lon="15.140050230547786">
        <ele>262.79998779296875</ele>
        <time>2025-01-01T12:21:10Z</time>
      </trkpt>
      <trkpt lat="46.2396383844316" lon="15.139958197250962">
        <ele>262.6000061035156</ele>
        <time>2025-01-01T12:21:11Z</time>
      </trkpt>
      <trkpt lat="46.239652801305056" lon="15.139866080135107">
        <ele>262.79998779296875</ele>
        <time>2025-01-01T12:21:12Z</time>
      </trkpt>
      <trkpt lat="46.23966629616916" lon="15.139775890856981">
        <ele>262.79998779296875</ele>
        <time>2025-01-01T12:21:13Z</time>
      </trkpt>
      <trkpt lat="46.239680126309395" lon="15.1396903116256">
        <ele>262.79998779296875</ele>
        <time>2025-01-01T12:21:14Z</time>
      </trkpt>
      <trkpt lat="46.23969487845898" lon="15.139598697423935">
        <ele>262.79998779296875</ele>
        <time>2025-01-01T12:21:15Z</time>
      </trkpt>
      <trkpt lat="46.23970493674278" lon="15.139515632763505">
        <ele>262.79998779296875</ele>
        <time>2025-01-01T12:21:16Z</time>
      </trkpt>
      <trkpt lat="46.23971566557884" lon="15.139434328302741">
        <ele>262.79998779296875</ele>
        <time>2025-01-01T12:21:17Z</time>
      </trkpt>
      <trkpt lat="46.23972530476749" lon="15.139348162338138">
        <ele>262.79998779296875</ele>
        <time>2025-01-01T12:21:18Z</time>
      </trkpt>
      <trkpt lat="46.23973502777517" lon="15.13925931416452">
        <ele>262.79998779296875</ele>
        <time>2025-01-01T12:21:19Z</time>
      </trkpt>
      <trkpt lat="46.23974441550672" lon="15.139167783781886">
        <ele>262.79998779296875</ele>
        <time>2025-01-01T12:21:21Z</time>
      </trkpt>
      <trkpt lat="46.23975330032408" lon="15.139082372188568">
        <ele>262.79998779296875</ele>
        <time>2025-01-01T12:21:22Z</time>
      </trkpt>
      <trkpt lat="46.239759838208556" lon="15.139002408832312">
        <ele>262.6000061035156</ele>
        <time>2025-01-01T12:21:22Z</time>
      </trkpt>
      <trkpt lat="46.239764615893364" lon="15.138923032209277">
        <ele>262.79998779296875</ele>
        <time>2025-01-01T12:21:24Z</time>
      </trkpt>
      <trkpt lat="46.239771069958806" lon="15.138844158500433">
        <ele>262.79998779296875</ele>
        <time>2025-01-01T12:21:24Z</time>
      </trkpt>
      <trkpt lat="46.239776350557804" lon="15.138767715543509">
        <ele>262.79998779296875</ele>
        <time>2025-01-01T12:21:25Z</time>
      </trkpt>
      <trkpt lat="46.23978297226131" lon="15.138687500730157">
        <ele>262.79998779296875</ele>
        <time>2025-01-01T12:21:26Z</time>
      </trkpt>
      <trkpt lat="46.239791102707386" lon="15.138603514060378">
        <ele>262.79998779296875</ele>
        <time>2025-01-01T12:21:27Z</time>
      </trkpt>
      <trkpt lat="46.239795880392194" lon="15.138516929000616">
        <ele>263.0</ele>
        <time>2025-01-01T12:21:29Z</time>
      </trkpt>
      <trkpt lat="46.23979847878218" lon="15.138430679216981">
        <ele>263.0</ele>
        <time>2025-01-01T12:21:30Z</time>
      </trkpt>
      <trkpt lat="46.23979948461056" lon="15.138339400291443">
        <ele>263.0</ele>
        <time>2025-01-01T12:21:31Z</time>
      </trkpt>
      <trkpt lat="46.23980158008635" lon="15.138246193528175">
        <ele>263.0</ele>
        <time>2025-01-01T12:21:32Z</time>
      </trkpt>
      <trkpt lat="46.23980954289436" lon="15.138147957623005">
        <ele>262.79998779296875</ele>
        <time>2025-01-01T12:21:33Z</time>
      </trkpt>
      <trkpt lat="46.239818930625916" lon="15.138068329542875">
        <ele>262.79998779296875</ele>
        <time>2025-01-01T12:21:34Z</time>
      </trkpt>
      <trkpt lat="46.23982102610171" lon="15.137984426692128">
        <ele>262.79998779296875</ele>
        <time>2025-01-01T12:21:35Z</time>
      </trkpt>
      <trkpt lat="46.23982018791139" lon="15.137901278212667">
        <ele>262.79998779296875</ele>
        <time>2025-01-01T12:21:36Z</time>
      </trkpt>
      <trkpt lat="46.239820858463645" lon="15.137809999287128">
        <ele>262.79998779296875</ele>
        <time>2025-01-01T12:21:37Z</time>
      </trkpt>
      <trkpt lat="46.239823373034596" lon="15.13771427795291">
        <ele>262.79998779296875</ele>
        <time>2025-01-01T12:21:38Z</time>
      </trkpt>
      <trkpt lat="46.239825300872326" lon="15.13762777671218">
        <ele>262.79998779296875</ele>
        <time>2025-01-01T12:21:39Z</time>
      </trkpt>
      <trkpt lat="46.23982664197683" lon="15.137541946023703">
        <ele>262.79998779296875</ele>
        <time>2025-01-01T12:21:40Z</time>
      </trkpt>
      <trkpt lat="46.23983141966164" lon="15.137453265488148">
        <ele>262.79998779296875</ele>
        <time>2025-01-01T12:21:41Z</time>
      </trkpt>
      <trkpt lat="46.2398387119174" lon="15.137371039018035">
        <ele>262.79998779296875</ele>
        <time>2025-01-01T12:21:42Z</time>
      </trkpt>
      <trkpt lat="46.239845752716064" lon="15.137286800891161">
        <ele>263.0</ele>
        <time>2025-01-01T12:21:43Z</time>
      </trkpt>
      <trkpt lat="46.239855978637934" lon="15.137210274115205">
        <ele>263.0</ele>
        <time>2025-01-01T12:21:44Z</time>
      </trkpt>
      <trkpt lat="46.23985790647566" lon="15.137123689055443">
        <ele>263.0</ele>
        <time>2025-01-01T12:21:45Z</time>
      </trkpt>
      <trkpt lat="46.23985966667533" lon="15.137045569717884">
        <ele>263.20001220703125</ele>
        <time>2025-01-01T12:21:46Z</time>
      </trkpt>
      <trkpt lat="46.239863354712725" lon="15.136967618018389">
        <ele>263.20001220703125</ele>
        <time>2025-01-01T12:21:47Z</time>
      </trkpt>
      <trkpt lat="46.23986603692174" lon="15.136888241395354">
        <ele>263.20001220703125</ele>
        <time>2025-01-01T12:21:48Z</time>
      </trkpt>
      <trkpt lat="46.239868802949786" lon="15.136806769296527">
        <ele>263.20001220703125</ele>
        <time>2025-01-01T12:21:49Z</time>
      </trkpt>
      <trkpt lat="46.239872155711055" lon="15.136725129559636">
        <ele>263.20001220703125</ele>
        <time>2025-01-01T12:21:50Z</time>
      </trkpt>
      <trkpt lat="46.239877101033926" lon="15.136646004393697">
        <ele>263.3999938964844</ele>
        <time>2025-01-01T12:21:51Z</time>
      </trkpt>
      <trkpt lat="46.239882465451956" lon="15.136569393798709">
        <ele>263.3999938964844</ele>
        <time>2025-01-01T12:21:52Z</time>
      </trkpt>
      <trkpt lat="46.23988749459386" lon="15.136494040489197">
        <ele>263.3999938964844</ele>
        <time>2025-01-01T12:21:53Z</time>
      </trkpt>
      <trkpt lat="46.23989059589803" lon="15.136415753513575">
        <ele>263.3999938964844</ele>
        <time>2025-01-01T12:21:54Z</time>
      </trkpt>
      <trkpt lat="46.23989403247833" lon="15.136336795985699">
        <ele>263.3999938964844</ele>
        <time>2025-01-01T12:21:55Z</time>
      </trkpt>
      <trkpt lat="46.23989629559219" lon="15.13625524006784">
        <ele>263.3999938964844</ele>
        <time>2025-01-01T12:21:56Z</time>
      </trkpt>
      <trkpt lat="46.2398992292583" lon="15.136177372187376">
        <ele>263.3999938964844</ele>
        <time>2025-01-01T12:21:57Z</time>
      </trkpt>
      <trkpt lat="46.239902498200536" lon="15.136102437973022">
        <ele>263.3999938964844</ele>
        <time>2025-01-01T12:21:58Z</time>
      </trkpt>
      <trkpt lat="46.23990308493376" lon="15.136027168482542">
        <ele>263.3999938964844</ele>
        <time>2025-01-01T12:21:59Z</time>
      </trkpt>
      <trkpt lat="46.23990367166698" lon="15.135946283116937">
        <ele>263.3999938964844</ele>
        <time>2025-01-01T12:22:00Z</time>
      </trkpt>
      <trkpt lat="46.23990677297115" lon="15.135866152122617">
        <ele>263.3999938964844</ele>
        <time>2025-01-01T12:22:01Z</time>
      </trkpt>
      <trkpt lat="46.23991062864661" lon="15.135788451880217">
        <ele>263.3999938964844</ele>
        <time>2025-01-01T12:22:01Z</time>
      </trkpt>
      <trkpt lat="46.239914735779166" lon="15.135712176561356">
        <ele>263.3999938964844</ele>
        <time>2025-01-01T12:22:02Z</time>
      </trkpt>
      <trkpt lat="46.23991850763559" lon="15.135637409985065">
        <ele>263.3999938964844</ele>
        <time>2025-01-01T12:22:03Z</time>
      </trkpt>
      <trkpt lat="46.23992177657783" lon="15.135556776076555">
        <ele>263.3999938964844</ele>
        <time>2025-01-01T12:22:04Z</time>
      </trkpt>
      <trkpt lat="46.239924458786845" lon="15.135473124682903">
        <ele>263.3999938964844</ele>
        <time>2025-01-01T12:22:05Z</time>
      </trkpt>
      <trkpt lat="46.239927895367146" lon="15.13538645580411">
        <ele>263.6000061035156</ele>
        <time>2025-01-01T12:22:06Z</time>
      </trkpt>
      <trkpt lat="46.23993334360421" lon="15.135302720591426">
        <ele>263.6000061035156</ele>
        <time>2025-01-01T12:22:07Z</time>
      </trkpt>
      <trkpt lat="46.23993870802224" lon="15.135218314826488">
        <ele>263.6000061035156</ele>
        <time>2025-01-01T12:22:08Z</time>
      </trkpt>
      <trkpt lat="46.239941054955125" lon="15.135133573785424">
        <ele>263.6000061035156</ele>
        <time>2025-01-01T12:22:09Z</time>
      </trkpt>
      <trkpt lat="46.2399423122406" lon="15.1350502576679">
        <ele>263.6000061035156</ele>
        <time>2025-01-01T12:22:10Z</time>
      </trkpt>
      <trkpt lat="46.23994457535446" lon="15.134966857731342">
        <ele>263.79998779296875</ele>
        <time>2025-01-01T12:22:12Z</time>
      </trkpt>
      <trkpt lat="46.2399475928396" lon="15.134882116690278">
        <ele>263.79998779296875</ele>
        <time>2025-01-01T12:22:13Z</time>
      </trkpt>
      <trkpt lat="46.23994859866798" lon="15.134798213839531">
        <ele>263.79998779296875</ele>
        <time>2025-01-01T12:22:14Z</time>
      </trkpt>
      <trkpt lat="46.23995002359152" lon="15.134719675406814">
        <ele>263.79998779296875</ele>
        <time>2025-01-01T12:22:15Z</time>
      </trkpt>
      <trkpt lat="46.23995169997215" lon="15.134642394259572">
        <ele>263.79998779296875</ele>
        <time>2025-01-01T12:22:15Z</time>
      </trkpt>
      <trkpt lat="46.239952286705375" lon="15.13456117361784">
        <ele>263.79998779296875</ele>
        <time>2025-01-01T12:22:16Z</time>
      </trkpt>
      <trkpt lat="46.2399563100189" lon="15.134475091472268">
        <ele>263.79998779296875</ele>
        <time>2025-01-01T12:22:17Z</time>
      </trkpt>
      <trkpt lat="46.23996033333242" lon="15.134390853345394">
        <ele>263.6000061035156</ele>
        <time>2025-01-01T12:22:18Z</time>
      </trkpt>
      <trkpt lat="46.23996226117015" lon="15.134305022656918">
        <ele>263.79998779296875</ele>
        <time>2025-01-01T12:22:19Z</time>
      </trkpt>
      <trkpt lat="46.23996418900788" lon="15.134221874177456">
        <ele>263.79998779296875</ele>
        <time>2025-01-01T12:22:20Z</time>
      </trkpt>
      <trkpt lat="46.239967877045274" lon="15.134144593030214">
        <ele>263.79998779296875</ele>
        <time>2025-01-01T12:22:21Z</time>
      </trkpt>
      <trkpt lat="46.239971816539764" lon="15.13407007791102">
        <ele>263.79998779296875</ele>
        <time>2025-01-01T12:22:22Z</time>
      </trkpt>
      <trkpt lat="46.23997366055846" lon="15.13398852199316">
        <ele>264.0</ele>
        <time>2025-01-01T12:22:23Z</time>
      </trkpt>
      <trkpt lat="46.23997894115746" lon="15.133911492303014">
        <ele>264.0</ele>
        <time>2025-01-01T12:22:24Z</time>
      </trkpt>
      <trkpt lat="46.239986568689346" lon="15.133829852566123">
        <ele>264.0</ele>
        <time>2025-01-01T12:22:25Z</time>
      </trkpt>
      <trkpt lat="46.23999109491706" lon="15.133743267506361">
        <ele>264.0</ele>
        <time>2025-01-01T12:22:26Z</time>
      </trkpt>
      <trkpt lat="46.23999645933509" lon="15.133657101541758">
        <ele>263.79998779296875</ele>
        <time>2025-01-01T12:22:27Z</time>
      </trkpt>
      <trkpt lat="46.24000693671405" lon="15.133573031052947">
        <ele>263.79998779296875</ele>
        <time>2025-01-01T12:22:28Z</time>
      </trkpt>
      <trkpt lat="46.240016827359796" lon="15.133478986099362">
        <ele>263.79998779296875</ele>
        <time>2025-01-01T12:22:29Z</time>
      </trkpt>
      <trkpt lat="46.24002453871071" lon="15.133390976116061">
        <ele>264.0</ele>
        <time>2025-01-01T12:22:31Z</time>
      </trkpt>
      <trkpt lat="46.240027556195855" lon="15.13330539688468">
        <ele>264.0</ele>
        <time>2025-01-01T12:22:32Z</time>
      </trkpt>
      <trkpt lat="46.240025628358126" lon="15.133218728005886">
        <ele>264.0</ele>
        <time>2025-01-01T12:22:33Z</time>
      </trkpt>
      <trkpt lat="46.24002453871071" lon="15.133132562041283">
        <ele>264.20001220703125</ele>
        <time>2025-01-01T12:22:34Z</time>
      </trkpt>
      <trkpt lat="46.24002587981522" lon="15.133051257580519">
        <ele>264.20001220703125</ele>
        <time>2025-01-01T12:22:35Z</time>
      </trkpt>
      <trkpt lat="46.24003325589001" lon="15.132970623672009">
        <ele>264.20001220703125</ele>
        <time>2025-01-01T12:22:36Z</time>
      </trkpt>
      <trkpt lat="46.24003845266998" lon="15.132885631173849">
        <ele>264.20001220703125</ele>
        <time>2025-01-01T12:22:37Z</time>
      </trkpt>
      <trkpt lat="46.240045158192515" lon="15.132801728323102">
        <ele>264.20001220703125</ele>
        <time>2025-01-01T12:22:38Z</time>
      </trkpt>
      <trkpt lat="46.24005161225796" lon="15.132720759138465">
        <ele>264.3999938964844</ele>
        <time>2025-01-01T12:22:39Z</time>
      </trkpt>
      <trkpt lat="46.240054378286004" lon="15.132642723619938">
        <ele>264.3999938964844</ele>
        <time>2025-01-01T12:22:40Z</time>
      </trkpt>
      <trkpt lat="46.24005513265729" lon="15.13256074860692">
        <ele>264.3999938964844</ele>
        <time>2025-01-01T12:22:41Z</time>
      </trkpt>
      <trkpt lat="46.24005873687565" lon="15.132477851584554">
        <ele>264.3999938964844</ele>
        <time>2025-01-01T12:22:42Z</time>
      </trkpt>
      <trkpt lat="46.24006460420787" lon="15.13239897787571">
        <ele>264.6000061035156</ele>
        <time>2025-01-01T12:22:43Z</time>
      </trkpt>
      <trkpt lat="46.24006988480687" lon="15.13231934979558">
        <ele>264.6000061035156</ele>
        <time>2025-01-01T12:22:44Z</time>
      </trkpt>
      <trkpt lat="46.24007374048233" lon="15.132244667038321">
        <ele>264.3999938964844</ele>
        <time>2025-01-01T12:22:45Z</time>
      </trkpt>
      <trkpt lat="46.24008161947131" lon="15.132170654833317">
        <ele>264.6000061035156</ele>
        <time>2025-01-01T12:22:46Z</time>
      </trkpt>
      <trkpt lat="46.240089666098356" lon="15.132095888257027">
        <ele>264.6000061035156</ele>
        <time>2025-01-01T12:22:47Z</time>
      </trkpt>
      <trkpt lat="46.24009528197348" lon="15.132015002891421">
        <ele>264.6000061035156</ele>
        <time>2025-01-01T12:22:48Z</time>
      </trkpt>
      <trkpt lat="46.24009871855378" lon="15.13193135149777">
        <ele>264.3999938964844</ele>
        <time>2025-01-01T12:22:48Z</time>
      </trkpt>
      <trkpt lat="46.24010408297181" lon="15.131858512759209">
        <ele>264.6000061035156</ele>
        <time>2025-01-01T12:22:50Z</time>
      </trkpt>
      <trkpt lat="46.2401117105037" lon="15.131782656535506">
        <ele>264.79998779296875</ele>
        <time>2025-01-01T12:22:51Z</time>
      </trkpt>
      <trkpt lat="46.24011975713074" lon="15.131705878302455">
        <ele>264.79998779296875</ele>
        <time>2025-01-01T12:22:52Z</time>
      </trkpt>
      <trkpt lat="46.24012880958617" lon="15.131628513336182">
        <ele>264.79998779296875</ele>
        <time>2025-01-01T12:22:53Z</time>
      </trkpt>
      <trkpt lat="46.240136520937085" lon="15.131547376513481">
        <ele>265.0</ele>
        <time>2025-01-01T12:22:54Z</time>
      </trkpt>
      <trkpt lat="46.24014272354543" lon="15.131460456177592">
        <ele>265.20001220703125</ele>
        <time>2025-01-01T12:22:55Z</time>
      </trkpt>
      <trkpt lat="46.24014657922089" lon="15.131378313526511">
        <ele>265.20001220703125</ele>
        <time>2025-01-01T12:22:56Z</time>
      </trkpt>
      <trkpt lat="46.240149680525064" lon="15.131298685446382">
        <ele>265.20001220703125</ele>
        <time>2025-01-01T12:22:57Z</time>
      </trkpt>
      <trkpt lat="46.240156553685665" lon="15.131226098164916">
        <ele>265.20001220703125</ele>
        <time>2025-01-01T12:22:58Z</time>
      </trkpt>
      <trkpt lat="46.24016460031271" lon="15.131158204749227">
        <ele>265.3999938964844</ele>
        <time>2025-01-01T12:22:59Z</time>
      </trkpt>
      <trkpt lat="46.24017323367298" lon="15.1310939155519">
        <ele>265.20001220703125</ele>
        <time>2025-01-01T12:22:59Z</time>
      </trkpt>
      <trkpt lat="46.24017943628132" lon="15.131029291078448">
        <ele>265.20001220703125</ele>
        <time>2025-01-01T12:23:00Z</time>
      </trkpt>
      <trkpt lat="46.24018136411905" lon="15.13094823807478">
        <ele>265.3999938964844</ele>
        <time>2025-01-01T12:23:01Z</time>
      </trkpt>
      <trkpt lat="46.24019427224994" lon="15.130874728783965">
        <ele>265.3999938964844</ele>
        <time>2025-01-01T12:23:02Z</time>
      </trkpt>
      <trkpt lat="46.24020139686763" lon="15.130801303312182">
        <ele>265.20001220703125</ele>
        <time>2025-01-01T12:23:03Z</time>
      </trkpt>
      <trkpt lat="46.24020860530436" lon="15.130718657746911">
        <ele>265.3999938964844</ele>
        <time>2025-01-01T12:23:04Z</time>
      </trkpt>
      <trkpt lat="46.24021212570369" lon="15.13063257560134">
        <ele>265.3999938964844</ele>
        <time>2025-01-01T12:23:05Z</time>
      </trkpt>
      <trkpt lat="46.24021606519818" lon="15.130551271140575">
        <ele>265.3999938964844</ele>
        <time>2025-01-01T12:23:06Z</time>
      </trkpt>
      <trkpt lat="46.24021723866463" lon="15.130471978336573">
        <ele>265.3999938964844</ele>
        <time>2025-01-01T12:23:07Z</time>
      </trkpt>
      <trkpt lat="46.24021589756012" lon="15.130393020808697">
        <ele>265.3999938964844</ele>
        <time>2025-01-01T12:23:08Z</time>
      </trkpt>
      <trkpt lat="46.24021841213107" lon="15.130318086594343">
        <ele>265.3999938964844</ele>
        <time>2025-01-01T12:23:09Z</time>
      </trkpt>
      <trkpt lat="46.24022318981588" lon="15.130241895094514">
        <ele>265.3999938964844</ele>
        <time>2025-01-01T12:23:10Z</time>
      </trkpt>
      <trkpt lat="46.24022570438683" lon="15.130154304206371">
        <ele>265.3999938964844</ele>
        <time>2025-01-01T12:23:11Z</time>
      </trkpt>
      <trkpt lat="46.24023266136646" lon="15.130068892613053">
        <ele>265.3999938964844</ele>
        <time>2025-01-01T12:23:12Z</time>
      </trkpt>
      <trkpt lat="46.24024196527898" lon="15.129985073581338">
        <ele>265.3999938964844</ele>
        <time>2025-01-01T12:23:13Z</time>
      </trkpt>
      <trkpt lat="46.240249928086996" lon="15.129906367510557">
        <ele>265.3999938964844</ele>
        <time>2025-01-01T12:23:14Z</time>
      </trkpt>
      <trkpt lat="46.240258226171136" lon="15.129821542650461">
        <ele>265.3999938964844</ele>
        <time>2025-01-01T12:23:15Z</time>
      </trkpt>
      <trkpt lat="46.24026660807431" lon="15.129746859893203">
        <ele>265.3999938964844</ele>
        <time>2025-01-01T12:23:16Z</time>
      </trkpt>
      <trkpt lat="46.240277169272304" lon="15.129670333117247">
        <ele>265.3999938964844</ele>
        <time>2025-01-01T12:23:17Z</time>
      </trkpt>
      <trkpt lat="46.24028638936579" lon="15.129595901817083">
        <ele>265.3999938964844</ele>
        <time>2025-01-01T12:23:17Z</time>
      </trkpt>
      <trkpt lat="46.240294855087996" lon="15.129522392526269">
        <ele>265.3999938964844</ele>
        <time>2025-01-01T12:23:18Z</time>
      </trkpt>
      <trkpt lat="46.240302650257945" lon="15.129447877407074">
        <ele>265.3999938964844</ele>
        <time>2025-01-01T12:23:19Z</time>
      </trkpt>
      <trkpt lat="46.24030969105661" lon="15.129372105002403">
        <ele>265.3999938964844</ele>
        <time>2025-01-01T12:23:20Z</time>
      </trkpt>
      <trkpt lat="46.240314887836576" lon="15.12929717078805">
        <ele>265.6000061035156</ele>
        <time>2025-01-01T12:23:21Z</time>
      </trkpt>
      <trkpt lat="46.24031958170235" lon="15.129223996773362">
        <ele>265.6000061035156</ele>
        <time>2025-01-01T12:23:22Z</time>
      </trkpt>
      <trkpt lat="46.240324107930064" lon="15.129149733111262">
        <ele>265.79998779296875</ele>
        <time>2025-01-01T12:23:23Z</time>
      </trkpt>
      <trkpt lat="46.24032980762422" lon="15.129076642915606">
        <ele>265.79998779296875</ele>
        <time>2025-01-01T12:23:24Z</time>
      </trkpt>
      <trkpt lat="46.24033651314676" lon="15.129002965986729">
        <ele>265.79998779296875</ele>
        <time>2025-01-01T12:23:25Z</time>
      </trkpt>
      <trkpt lat="46.240343218669295" lon="15.12892727740109">
        <ele>265.79998779296875</ele>
        <time>2025-01-01T12:23:26Z</time>
      </trkpt>
      <trkpt lat="46.24034992419183" lon="15.12885200791061">
        <ele>265.79998779296875</ele>
        <time>2025-01-01T12:23:27Z</time>
      </trkpt>
      <trkpt lat="46.2403585575521" lon="15.128779923543334">
        <ele>265.79998779296875</ele>
        <time>2025-01-01T12:23:28Z</time>
      </trkpt>
      <trkpt lat="46.24036601744592" lon="15.128707252442837">
        <ele>265.79998779296875</ele>
        <time>2025-01-01T12:23:29Z</time>
      </trkpt>
      <trkpt lat="46.24037322588265" lon="15.128637263551354">
        <ele>265.79998779296875</ele>
        <time>2025-01-01T12:23:29Z</time>
      </trkpt>
      <trkpt lat="46.24038202688098" lon="15.128566771745682">
        <ele>265.79998779296875</ele>
        <time>2025-01-01T12:23:30Z</time>
      </trkpt>
      <trkpt lat="46.240392588078976" lon="15.128495190292597">
        <ele>266.0</ele>
        <time>2025-01-01T12:23:31Z</time>
      </trkpt>
      <trkpt lat="46.2404000479728" lon="15.128422435373068">
        <ele>266.0</ele>
        <time>2025-01-01T12:23:32Z</time>
      </trkpt>
      <trkpt lat="46.24040558002889" lon="15.128346160054207">
        <ele>266.0</ele>
        <time>2025-01-01T12:23:33Z</time>
      </trkpt>
      <trkpt lat="46.24041178263724" lon="15.128270471468568">
        <ele>266.0</ele>
        <time>2025-01-01T12:23:34Z</time>
      </trkpt>
      <trkpt lat="46.24041924253106" lon="15.128196207806468">
        <ele>265.79998779296875</ele>
        <time>2025-01-01T12:23:35Z</time>
      </trkpt>
      <trkpt lat="46.24042645096779" lon="15.128122949972749">
        <ele>265.79998779296875</ele>
        <time>2025-01-01T12:23:36Z</time>
      </trkpt>
      <trkpt lat="46.24043432995677" lon="15.12804877012968">
        <ele>265.79998779296875</ele>
        <time>2025-01-01T12:23:36Z</time>
      </trkpt>
      <trkpt lat="46.24044103547931" lon="15.12797157280147">
        <ele>265.6000061035156</ele>
        <time>2025-01-01T12:23:37Z</time>
      </trkpt>
      <trkpt lat="46.240450674667954" lon="15.12790015898645">
        <ele>265.79998779296875</ele>
        <time>2025-01-01T12:23:38Z</time>
      </trkpt>
      <trkpt lat="46.240460984408855" lon="15.12782983481884">
        <ele>265.79998779296875</ele>
        <time>2025-01-01T12:23:39Z</time>
      </trkpt>
      <trkpt lat="46.24046919867396" lon="15.127755990251899">
        <ele>265.79998779296875</ele>
        <time>2025-01-01T12:23:40Z</time>
      </trkpt>
      <trkpt lat="46.24048076570034" lon="15.127685749903321">
        <ele>265.79998779296875</ele>
        <time>2025-01-01T12:23:41Z</time>
      </trkpt>
      <trkpt lat="46.24049258418381" lon="15.127614671364427">
        <ele>265.79998779296875</ele>
        <time>2025-01-01T12:23:42Z</time>
      </trkpt>
      <trkpt lat="46.240501971915364" lon="15.127538898959756">
        <ele>265.79998779296875</ele>
        <time>2025-01-01T12:23:43Z</time>
      </trkpt>
      <trkpt lat="46.24050918035209" lon="15.127465222030878">
        <ele>265.79998779296875</ele>
        <time>2025-01-01T12:23:44Z</time>
      </trkpt>
      <trkpt lat="46.240516640245914" lon="15.127390371635556">
        <ele>266.0</ele>
        <time>2025-01-01T12:23:45Z</time>
      </trkpt>
      <trkpt lat="46.24052627943456" lon="15.12731485068798">
        <ele>266.0</ele>
        <time>2025-01-01T12:23:46Z</time>
      </trkpt>
      <trkpt lat="46.24053583480418" lon="15.127238240092993">
        <ele>266.0</ele>
        <time>2025-01-01T12:23:46Z</time>
      </trkpt>
      <trkpt lat="46.24054346233606" lon="15.12716431170702">
        <ele>266.0</ele>
        <time>2025-01-01T12:23:47Z</time>
      </trkpt>
      <trkpt lat="46.2405520118773" lon="15.127089712768793">
        <ele>266.20001220703125</ele>
        <time>2025-01-01T12:23:48Z</time>
      </trkpt>
      <trkpt lat="46.24056173488498" lon="15.127013437449932">
        <ele>266.0</ele>
        <time>2025-01-01T12:23:49Z</time>
      </trkpt>
      <trkpt lat="46.240569949150085" lon="15.126938754692674">
        <ele>266.0</ele>
        <time>2025-01-01T12:23:50Z</time>
      </trkpt>
      <trkpt lat="46.2405742239207" lon="15.126864658668637">
        <ele>266.0</ele>
        <time>2025-01-01T12:23:51Z</time>
      </trkpt>
      <trkpt lat="46.240575732663274" lon="15.126793077215552">
        <ele>266.20001220703125</ele>
        <time>2025-01-01T12:23:52Z</time>
      </trkpt>
      <trkpt lat="46.24057749286294" lon="15.126720322296023">
        <ele>266.20001220703125</ele>
        <time>2025-01-01T12:23:53Z</time>
      </trkpt>
      <trkpt lat="46.24058092944324" lon="15.12664689682424">
        <ele>266.20001220703125</ele>
        <time>2025-01-01T12:23:54Z</time>
      </trkpt>
      <trkpt lat="46.24058939516544" lon="15.126576740294695">
        <ele>266.3999938964844</ele>
        <time>2025-01-01T12:23:55Z</time>
      </trkpt>
      <trkpt lat="46.240598279982805" lon="15.126505745574832">
        <ele>266.3999938964844</ele>
        <time>2025-01-01T12:23:56Z</time>
      </trkpt>
      <trkpt lat="46.24060959555209" lon="15.126435505226254">
        <ele>266.3999938964844</ele>
        <time>2025-01-01T12:23:57Z</time>
      </trkpt>
      <trkpt lat="46.240619737654924" lon="15.126364678144455">
        <ele>266.3999938964844</ele>
        <time>2025-01-01T12:23:57Z</time>
      </trkpt>
      <trkpt lat="46.24062770046294" lon="15.12629410251975">
        <ele>266.3999938964844</ele>
        <time>2025-01-01T12:23:58Z</time>
      </trkpt>
      <trkpt lat="46.24063708819449" lon="15.126225287094712">
        <ele>266.3999938964844</ele>
        <time>2025-01-01T12:23:59Z</time>
      </trkpt>
      <trkpt lat="46.24064823612571" lon="15.126154627650976">
        <ele>266.3999938964844</ele>
        <time>2025-01-01T12:24:00Z</time>
      </trkpt>
      <trkpt lat="46.240659803152084" lon="15.126082124188542">
        <ele>266.3999938964844</ele>
        <time>2025-01-01T12:24:01Z</time>
      </trkpt>
      <trkpt lat="46.240669609978795" lon="15.126013644039631">
        <ele>266.3999938964844</ele>
        <time>2025-01-01T12:24:02Z</time>
      </trkpt>
      <trkpt lat="46.240680422633886" lon="15.125946504995227">
        <ele>266.6000061035156</ele>
        <time>2025-01-01T12:24:03Z</time>
      </trkpt>
      <trkpt lat="46.240692995488644" lon="15.12587777338922">
        <ele>266.6000061035156</ele>
        <time>2025-01-01T12:24:04Z</time>
      </trkpt>
      <trkpt lat="46.24070464633405" lon="15.125809041783214">
        <ele>266.6000061035156</ele>
        <time>2025-01-01T12:24:04Z</time>
      </trkpt>
      <trkpt lat="46.24071738682687" lon="15.125741064548492">
        <ele>266.6000061035156</ele>
        <time>2025-01-01T12:24:05Z</time>
      </trkpt>
      <trkpt lat="46.24072937294841" lon="15.125673422589898">
        <ele>266.6000061035156</ele>
        <time>2025-01-01T12:24:06Z</time>
      </trkpt>
      <trkpt lat="46.2407436221838" lon="15.125606954097748">
        <ele>266.79998779296875</ele>
        <time>2025-01-01T12:24:07Z</time>
      </trkpt>
      <trkpt lat="46.240757033228874" lon="15.125540317967534">
        <ele>266.79998779296875</ele>
        <time>2025-01-01T12:24:08Z</time>
      </trkpt>
      <trkpt lat="46.2407695222646" lon="15.125472592189908">
        <ele>266.79998779296875</ele>
        <time>2025-01-01T12:24:09Z</time>
      </trkpt>
      <trkpt lat="46.24077966436744" lon="15.125401094555855">
        <ele>266.79998779296875</ele>
        <time>2025-01-01T12:24:10Z</time>
      </trkpt>
      <trkpt lat="46.24078821390867" lon="15.125331608578563">
        <ele>266.79998779296875</ele>
        <time>2025-01-01T12:24:10Z</time>
      </trkpt>
      <trkpt lat="46.24079693108797" lon="15.125266397371888">
        <ele>266.79998779296875</ele>
        <time>2025-01-01T12:24:11Z</time>
      </trkpt>
      <trkpt lat="46.240805983543396" lon="15.12520294636488">
        <ele>266.79998779296875</ele>
        <time>2025-01-01T12:24:12Z</time>
      </trkpt>
      <trkpt lat="46.24081193469465" lon="15.125136310234666">
        <ele>266.79998779296875</ele>
        <time>2025-01-01T12:24:13Z</time>
      </trkpt>
      <trkpt lat="46.24081796966493" lon="15.125069003552198">
        <ele>267.0</ele>
        <time>2025-01-01T12:24:14Z</time>
      </trkpt>
      <trkpt lat="46.240825932472944" lon="15.125001026317477">
        <ele>267.0</ele>
        <time>2025-01-01T12:24:15Z</time>
      </trkpt>
      <trkpt lat="46.240833811461926" lon="15.124930534511805">
        <ele>266.79998779296875</ele>
        <time>2025-01-01T12:24:15Z</time>
      </trkpt>
      <trkpt lat="46.24084076844156" lon="15.12485845014453">
        <ele>266.79998779296875</ele>
        <time>2025-01-01T12:24:16Z</time>
      </trkpt>
      <trkpt lat="46.24084998853505" lon="15.124789467081428">
        <ele>266.79998779296875</ele>
        <time>2025-01-01T12:24:17Z</time>
      </trkpt>
      <trkpt lat="46.24085987918079" lon="15.124719562008977">
        <ele>266.79998779296875</ele>
        <time>2025-01-01T12:24:18Z</time>
      </trkpt>
      <trkpt lat="46.24086691997945" lon="15.124645382165909">
        <ele>267.0</ele>
        <time>2025-01-01T12:24:19Z</time>
      </trkpt>
      <trkpt lat="46.240874882787466" lon="15.124570112675428">
        <ele>267.0</ele>
        <time>2025-01-01T12:24:20Z</time>
      </trkpt>
      <trkpt lat="46.24088158831" lon="15.12449936941266">
        <ele>267.0</ele>
        <time>2025-01-01T12:24:21Z</time>
      </trkpt>
      <trkpt lat="46.24088862910867" lon="15.124427285045385">
        <ele>267.0</ele>
        <time>2025-01-01T12:24:22Z</time>
      </trkpt>
      <trkpt lat="46.24089307151735" lon="15.124354111030698">
        <ele>267.0</ele>
        <time>2025-01-01T12:24:22Z</time>
      </trkpt>
      <trkpt lat="46.240897430107" lon="15.124283032491803">
        <ele>267.0</ele>
        <time>2025-01-01T12:24:23Z</time>
      </trkpt>
      <trkpt lat="46.24090162105858" lon="15.124210696667433">
        <ele>267.0</ele>
        <time>2025-01-01T12:24:24Z</time>
      </trkpt>
      <trkpt lat="46.24090681783855" lon="15.124139115214348">
        <ele>267.20001220703125</ele>
        <time>2025-01-01T12:24:25Z</time>
      </trkpt>
      <trkpt lat="46.24091327190399" lon="15.124072981998324">
        <ele>267.20001220703125</ele>
        <time>2025-01-01T12:24:26Z</time>
      </trkpt>
      <trkpt lat="46.24091846868396" lon="15.124005507677794">
        <ele>267.20001220703125</ele>
        <time>2025-01-01T12:24:27Z</time>
      </trkpt>
      <trkpt lat="46.24092207290232" lon="15.123943816870451">
        <ele>267.3999938964844</ele>
        <time>2025-01-01T12:24:28Z</time>
      </trkpt>
      <trkpt lat="46.24092685058713" lon="15.123884892091155">
        <ele>267.3999938964844</ele>
        <time>2025-01-01T12:24:28Z</time>
      </trkpt>
      <trkpt lat="46.24093079008162" lon="15.123832002282143">
        <ele>267.6000061035156</ele>
        <time>2025-01-01T12:24:29Z</time>
      </trkpt>
      <trkpt lat="46.24093481339514" lon="15.123785817995667">
        <ele>267.79998779296875</ele>
        <time>2025-01-01T12:24:30Z</time>
      </trkpt>
      <trkpt lat="46.24094101600349" lon="15.123750865459442">
        <ele>268.0</ele>
        <time>2025-01-01T12:24:31Z</time>
      </trkpt>
      <trkpt lat="46.24095182865858" lon="15.12372488155961">
        <ele>268.0</ele>
        <time>2025-01-01T12:24:31Z</time>
      </trkpt>
      <trkpt lat="46.24097370542586" lon="15.123710045590997">
        <ele>268.20001220703125</ele>
        <time>2025-01-01T12:24:32Z</time>
      </trkpt>
      <trkpt lat="46.241002371534705" lon="15.123708117753267">
        <ele>268.20001220703125</ele>
        <time>2025-01-01T12:24:32Z</time>
      </trkpt>
      <trkpt lat="46.24103648588061" lon="15.123711470514536">
        <ele>268.3999938964844</ele>
        <time>2025-01-01T12:24:33Z</time>
      </trkpt>
      <trkpt lat="46.241072192788124" lon="15.123723121359944">
        <ele>268.3999938964844</ele>
        <time>2025-01-01T12:24:34Z</time>
      </trkpt>
      <trkpt lat="46.24111410230398" lon="15.123738292604685">
        <ele>268.20001220703125</ele>
        <time>2025-01-01T12:24:34Z</time>
      </trkpt>
      <trkpt lat="46.241157269105315" lon="15.123753547668457">
        <ele>268.20001220703125</ele>
        <time>2025-01-01T12:24:35Z</time>
      </trkpt>
      <trkpt lat="46.241203201934695" lon="15.12376494705677">
        <ele>268.20001220703125</ele>
        <time>2025-01-01T12:24:36Z</time>
      </trkpt>
      <trkpt lat="46.24125223606825" lon="15.12377668172121">
        <ele>268.20001220703125</ele>
        <time>2025-01-01T12:24:37Z</time>
      </trkpt>
      <trkpt lat="46.24130344949663" lon="15.123790511861444">
        <ele>268.0</ele>
        <time>2025-01-01T12:24:37Z</time>
      </trkpt>
      <trkpt lat="46.24135633930564" lon="15.123805180191994">
        <ele>267.79998779296875</ele>
        <time>2025-01-01T12:24:38Z</time>
      </trkpt>
      <trkpt lat="46.241412833333015" lon="15.12381817214191">
        <ele>267.79998779296875</ele>
        <time>2025-01-01T12:24:39Z</time>
      </trkpt>
      <trkpt lat="46.241471506655216" lon="15.123832421377301">
        <ele>267.6000061035156</ele>
        <time>2025-01-01T12:24:40Z</time>
      </trkpt>
      <trkpt lat="46.241530599072576" lon="15.12384901754558">
        <ele>267.3999938964844</ele>
        <time>2025-01-01T12:24:41Z</time>
      </trkpt>
      <trkpt lat="46.241591116413474" lon="15.123865697532892">
        <ele>267.20001220703125</ele>
        <time>2025-01-01T12:24:42Z</time>
      </trkpt>
      <trkpt lat="46.2416535615921" lon="15.12388120405376">
        <ele>267.0</ele>
        <time>2025-01-01T12:24:43Z</time>
      </trkpt>
      <trkpt lat="46.24171835370362" lon="15.123895285651088">
        <ele>266.79998779296875</ele>
        <time>2025-01-01T12:24:43Z</time>
      </trkpt>
      <trkpt lat="46.241784235462546" lon="15.123912552371621">
        <ele>266.79998779296875</ele>
        <time>2025-01-01T12:24:45Z</time>
      </trkpt>
      <trkpt lat="46.24184986576438" lon="15.123928226530552">
        <ele>266.6000061035156</ele>
        <time>2025-01-01T12:24:46Z</time>
      </trkpt>
      <trkpt lat="46.24191524460912" lon="15.123944655060768">
        <ele>266.3999938964844</ele>
        <time>2025-01-01T12:24:47Z</time>
      </trkpt>
      <trkpt lat="46.24198271892965" lon="15.123958652839065">
        <ele>266.3999938964844</ele>
        <time>2025-01-01T12:24:48Z</time>
      </trkpt>
      <trkpt lat="46.24204927124083" lon="15.123972399160266">
        <ele>266.20001220703125</ele>
        <time>2025-01-01T12:24:49Z</time>
      </trkpt>
      <trkpt lat="46.242119427770376" lon="15.123987151309848">
        <ele>266.20001220703125</ele>
        <time>2025-01-01T12:24:50Z</time>
      </trkpt>
      <trkpt lat="46.24219000339508" lon="15.124001819640398">
        <ele>266.0</ele>
        <time>2025-01-01T12:24:51Z</time>
      </trkpt>
      <trkpt lat="46.24226074665785" lon="15.124015482142568">
        <ele>266.0</ele>
        <time>2025-01-01T12:24:52Z</time>
      </trkpt>
      <trkpt lat="46.24233216047287" lon="15.124027719721198">
        <ele>265.79998779296875</ele>
        <time>2025-01-01T12:24:53Z</time>
      </trkpt>
      <trkpt lat="46.24240382574499" lon="15.12404347769916">
        <ele>265.79998779296875</ele>
        <time>2025-01-01T12:24:54Z</time>
      </trkpt>
      <trkpt lat="46.24247666448355" lon="15.124058984220028">
        <ele>265.6000061035156</ele>
        <time>2025-01-01T12:24:56Z</time>
      </trkpt>
      <trkpt lat="46.242549419403076" lon="15.124071892350912">
        <ele>265.3999938964844</ele>
        <time>2025-01-01T12:24:57Z</time>
      </trkpt>
      <trkpt lat="46.24262284487486" lon="15.124084213748574">
        <ele>265.3999938964844</ele>
        <time>2025-01-01T12:24:58Z</time>
      </trkpt>
      <trkpt lat="46.242698449641466" lon="15.124097038060427">
        <ele>265.20001220703125</ele>
        <time>2025-01-01T12:24:59Z</time>
      </trkpt>
      <trkpt lat="46.24277430586517" lon="15.124111035838723">
        <ele>265.20001220703125</ele>
        <time>2025-01-01T12:25:00Z</time>
      </trkpt>
      <trkpt lat="46.24284957535565" lon="15.124128051102161">
        <ele>265.0</ele>
        <time>2025-01-01T12:25:01Z</time>
      </trkpt>
      <trkpt lat="46.24292425811291" lon="15.124144982546568">
        <ele>264.79998779296875</ele>
        <time>2025-01-01T12:25:03Z</time>
      </trkpt>
      <trkpt lat="46.24299818649888" lon="15.124159902334213">
        <ele>264.79998779296875</ele>
        <time>2025-01-01T12:25:04Z</time>
      </trkpt>
      <trkpt lat="46.243073204532266" lon="15.124173732474446">
        <ele>264.6000061035156</ele>
        <time>2025-01-01T12:25:05Z</time>
      </trkpt>
      <trkpt lat="46.2431475520134" lon="15.124188233166933">
        <ele>264.6000061035156</ele>
        <time>2025-01-01T12:25:06Z</time>
      </trkpt>
      <trkpt lat="46.243221731856465" lon="15.124201895669103">
        <ele>264.3999938964844</ele>
        <time>2025-01-01T12:25:07Z</time>
      </trkpt>
      <trkpt lat="46.243294989690185" lon="15.12421153485775">
        <ele>264.3999938964844</ele>
        <time>2025-01-01T12:25:09Z</time>
      </trkpt>
      <trkpt lat="46.243366906419396" lon="15.12422083877027">
        <ele>264.20001220703125</ele>
        <time>2025-01-01T12:25:10Z</time>
      </trkpt>
      <trkpt lat="46.243440667167306" lon="15.124233746901155">
        <ele>264.20001220703125</ele>
        <time>2025-01-01T12:25:11Z</time>
      </trkpt>
      <trkpt lat="46.243514427915215" lon="15.124243721365929">
        <ele>264.20001220703125</ele>
        <time>2025-01-01T12:25:12Z</time>
      </trkpt>
      <trkpt lat="46.24358902685344" lon="15.124249421060085">
        <ele>264.20001220703125</ele>
        <time>2025-01-01T12:25:13Z</time>
      </trkpt>
      <trkpt lat="46.24366412870586" lon="15.124254701659083">
        <ele>264.20001220703125</ele>
        <time>2025-01-01T12:25:15Z</time>
      </trkpt>
      <trkpt lat="46.24373730272055" lon="15.124260149896145">
        <ele>264.20001220703125</ele>
        <time>2025-01-01T12:25:16Z</time>
      </trkpt>
      <trkpt lat="46.243809554725885" lon="15.124265933409333">
        <ele>264.20001220703125</ele>
        <time>2025-01-01T12:25:17Z</time>
      </trkpt>
      <trkpt lat="46.2438796274364" lon="15.124270459637046">
        <ele>264.3999938964844</ele>
        <time>2025-01-01T12:25:19Z</time>
      </trkpt>
      <trkpt lat="46.24394970014691" lon="15.124271297827363">
        <ele>264.3999938964844</ele>
        <time>2025-01-01T12:25:20Z</time>
      </trkpt>
      <trkpt lat="46.244019186124206" lon="15.124270794913173">
        <ele>264.3999938964844</ele>
        <time>2025-01-01T12:25:21Z</time>
      </trkpt>
      <trkpt lat="46.2440886721015" lon="15.124271046370268">
        <ele>264.6000061035156</ele>
        <time>2025-01-01T12:25:22Z</time>
      </trkpt>
      <trkpt lat="46.24415849335492" lon="15.12427020817995">
        <ele>264.6000061035156</ele>
        <time>2025-01-01T12:25:24Z</time>
      </trkpt>
      <trkpt lat="46.24422655440867" lon="15.124267609789968">
        <ele>264.6000061035156</ele>
        <time>2025-01-01T12:25:25Z</time>
      </trkpt>
      <trkpt lat="46.24429536983371" lon="15.124264843761921">
        <ele>264.6000061035156</ele>
        <time>2025-01-01T12:25:26Z</time>
      </trkpt>
      <trkpt lat="46.24436376616359" lon="15.124263754114509">
        <ele>264.6000061035156</ele>
        <time>2025-01-01T12:25:27Z</time>
      </trkpt>
      <trkpt lat="46.2444288097322" lon="15.124260652810335">
        <ele>264.6000061035156</ele>
        <time>2025-01-01T12:25:28Z</time>
      </trkpt>
      <trkpt lat="46.244494356215" lon="15.124256126582623">
        <ele>264.79998779296875</ele>
        <time>2025-01-01T12:25:30Z</time>
      </trkpt>
      <trkpt lat="46.24456032179296" lon="15.124252438545227">
        <ele>264.79998779296875</ele>
        <time>2025-01-01T12:25:31Z</time>
      </trkpt>
      <trkpt lat="46.244624024257064" lon="15.124249337241054">
        <ele>264.79998779296875</ele>
        <time>2025-01-01T12:25:32Z</time>
      </trkpt>
      <trkpt lat="46.244687559083104" lon="15.124246403574944">
        <ele>264.79998779296875</ele>
        <time>2025-01-01T12:25:33Z</time>
      </trkpt>
      <trkpt lat="46.24475126154721" lon="15.124242966994643">
        <ele>264.79998779296875</ele>
        <time>2025-01-01T12:25:34Z</time>
      </trkpt>
      <trkpt lat="46.244815634563565" lon="15.124236848205328">
        <ele>264.79998779296875</ele>
        <time>2025-01-01T12:25:35Z</time>
      </trkpt>
      <trkpt lat="46.24488000757992" lon="15.124229891225696">
        <ele>264.79998779296875</ele>
        <time>2025-01-01T12:25:36Z</time>
      </trkpt>
      <trkpt lat="46.24494295567274" lon="15.124227879568934">
        <ele>264.79998779296875</ele>
        <time>2025-01-01T12:25:37Z</time>
      </trkpt>
      <trkpt lat="46.24500699341297" lon="15.124224862083793">
        <ele>264.79998779296875</ele>
        <time>2025-01-01T12:25:38Z</time>
      </trkpt>
      <trkpt lat="46.245071114972234" lon="15.124222096055746">
        <ele>264.79998779296875</ele>
        <time>2025-01-01T12:25:39Z</time>
      </trkpt>
      <trkpt lat="46.24513456597924" lon="15.124221006408334">
        <ele>264.79998779296875</ele>
        <time>2025-01-01T12:25:41Z</time>
      </trkpt>
      <trkpt lat="46.245198687538505" lon="15.124219581484795">
        <ele>264.79998779296875</ele>
        <time>2025-01-01T12:25:42Z</time>
      </trkpt>
      <trkpt lat="46.245262222364545" lon="15.124220168218017">
        <ele>264.79998779296875</ele>
        <time>2025-01-01T12:25:43Z</time>
      </trkpt>
      <trkpt lat="46.245326763018966" lon="15.124223437160254">
        <ele>264.79998779296875</ele>
        <time>2025-01-01T12:25:44Z</time>
      </trkpt>
      <trkpt lat="46.24539105221629" lon="15.124230394139886">
        <ele>264.79998779296875</ele>
        <time>2025-01-01T12:25:45Z</time>
      </trkpt>
      <trkpt lat="46.245455676689744" lon="15.124239614233375">
        <ele>264.79998779296875</ele>
        <time>2025-01-01T12:25:46Z</time>
      </trkpt>
      <trkpt lat="46.245519714429975" lon="15.124247074127197">
        <ele>264.79998779296875</ele>
        <time>2025-01-01T12:25:47Z</time>
      </trkpt>
      <trkpt lat="46.24558350071311" lon="15.124254198744893">
        <ele>264.79998779296875</ele>
        <time>2025-01-01T12:25:48Z</time>
      </trkpt>
      <trkpt lat="46.24564519152045" lon="15.124258808791637">
        <ele>265.0</ele>
        <time>2025-01-01T12:25:49Z</time>
      </trkpt>
      <trkpt lat="46.245708307251334" lon="15.124265598133206">
        <ele>265.0</ele>
        <time>2025-01-01T12:25:51Z</time>
      </trkpt>
      <trkpt lat="46.24577175825834" lon="15.124275237321854">
        <ele>265.0</ele>
        <time>2025-01-01T12:25:52Z</time>
      </trkpt>
      <trkpt lat="46.24583520926535" lon="15.124287055805326">
        <ele>265.0</ele>
        <time>2025-01-01T12:25:53Z</time>
      </trkpt>
      <trkpt lat="46.245897905901074" lon="15.1243004668504">
        <ele>265.0</ele>
        <time>2025-01-01T12:25:54Z</time>
      </trkpt>
      <trkpt lat="46.24595867469907" lon="15.124310944229364">
        <ele>265.20001220703125</ele>
        <time>2025-01-01T12:25:55Z</time>
      </trkpt>
      <trkpt lat="46.24601751565933" lon="15.124320918694139">
        <ele>265.20001220703125</ele>
        <time>2025-01-01T12:25:56Z</time>
      </trkpt>
      <trkpt lat="46.24607602134347" lon="15.12433122843504">
        <ele>265.3999938964844</ele>
        <time>2025-01-01T12:25:57Z</time>
      </trkpt>
      <trkpt lat="46.24613461084664" lon="15.12434497475624">
        <ele>265.3999938964844</ele>
        <time>2025-01-01T12:25:58Z</time>
      </trkpt>
      <trkpt lat="46.24619244597852" lon="15.124360732734203">
        <ele>265.6000061035156</ele>
        <time>2025-01-01T12:26:00Z</time>
      </trkpt>
      <trkpt lat="46.2462470959872" lon="15.124380430206656">
        <ele>265.6000061035156</ele>
        <time>2025-01-01T12:26:00Z</time>
      </trkpt>
      <trkpt lat="46.2463007401675" lon="15.124404318630695">
        <ele>265.79998779296875</ele>
        <time>2025-01-01T12:26:02Z</time>
      </trkpt>
      <trkpt lat="46.246354384347796" lon="15.124430721625686">
        <ele>265.79998779296875</ele>
        <time>2025-01-01T12:26:03Z</time>
      </trkpt>
      <trkpt lat="46.24640970490873" lon="15.124454274773598">
        <ele>265.79998779296875</ele>
        <time>2025-01-01T12:26:04Z</time>
      </trkpt>
      <trkpt lat="46.246464774012566" lon="15.124478582292795">
        <ele>265.79998779296875</ele>
        <time>2025-01-01T12:26:05Z</time>
      </trkpt>
      <trkpt lat="46.24651908874512" lon="15.124501716345549">
        <ele>266.0</ele>
        <time>2025-01-01T12:26:06Z</time>
      </trkpt>
      <trkpt lat="46.24657449312508" lon="15.124519318342209">
        <ele>266.0</ele>
        <time>2025-01-01T12:26:07Z</time>
      </trkpt>
      <trkpt lat="46.24663199298084" lon="15.124536417424679">
        <ele>266.0</ele>
        <time>2025-01-01T12:26:08Z</time>
      </trkpt>
      <trkpt lat="46.24668773263693" lon="15.124555276706815">
        <ele>266.0</ele>
        <time>2025-01-01T12:26:09Z</time>
      </trkpt>
      <trkpt lat="46.24674690887332" lon="15.124570447951555">
        <ele>266.0</ele>
        <time>2025-01-01T12:26:10Z</time>
      </trkpt>
      <trkpt lat="46.24680851586163" lon="15.124580841511488">
        <ele>266.0</ele>
        <time>2025-01-01T12:26:11Z</time>
      </trkpt>
      <trkpt lat="46.24686953611672" lon="15.124585283920169">
        <ele>266.0</ele>
        <time>2025-01-01T12:26:12Z</time>
      </trkpt>
      <trkpt lat="46.24693030491471" lon="15.124587547034025">
        <ele>266.0</ele>
        <time>2025-01-01T12:26:13Z</time>
      </trkpt>
      <trkpt lat="46.24699107371271" lon="15.124590145424008">
        <ele>266.0</ele>
        <time>2025-01-01T12:26:14Z</time>
      </trkpt>
      <trkpt lat="46.24705133959651" lon="15.124591905623674">
        <ele>266.0</ele>
        <time>2025-01-01T12:26:15Z</time>
      </trkpt>
      <trkpt lat="46.24711344949901" lon="15.124592995271087">
        <ele>266.0</ele>
        <time>2025-01-01T12:26:16Z</time>
      </trkpt>
      <trkpt lat="46.247178157791495" lon="15.124591737985611">
        <ele>266.0</ele>
        <time>2025-01-01T12:26:17Z</time>
      </trkpt>
      <trkpt lat="46.24724135734141" lon="15.12459215708077">
        <ele>266.20001220703125</ele>
        <time>2025-01-01T12:26:18Z</time>
      </trkpt>
      <trkpt lat="46.24730447307229" lon="15.124593582004309">
        <ele>266.0</ele>
        <time>2025-01-01T12:26:19Z</time>
      </trkpt>
      <trkpt lat="46.24736909754574" lon="15.124594420194626">
        <ele>266.0</ele>
        <time>2025-01-01T12:26:20Z</time>
      </trkpt>
      <trkpt lat="46.247434141114354" lon="15.124593498185277">
        <ele>266.0</ele>
        <time>2025-01-01T12:26:21Z</time>
      </trkpt>
      <trkpt lat="46.24749876558781" lon="15.124593330547214">
        <ele>265.79998779296875</ele>
        <time>2025-01-01T12:26:22Z</time>
      </trkpt>
      <trkpt lat="46.247563725337386" lon="15.124594001099467">
        <ele>265.79998779296875</ele>
        <time>2025-01-01T12:26:24Z</time>
      </trkpt>
      <trkpt lat="46.24762843362987" lon="15.124596180394292">
        <ele>265.79998779296875</ele>
        <time>2025-01-01T12:26:25Z</time>
      </trkpt>
      <trkpt lat="46.247692639008164" lon="15.124598108232021">
        <ele>265.79998779296875</ele>
        <time>2025-01-01T12:26:26Z</time>
      </trkpt>
      <trkpt lat="46.24775550328195" lon="15.124602047726512">
        <ele>265.79998779296875</ele>
        <time>2025-01-01T12:26:27Z</time>
      </trkpt>
      <trkpt lat="46.247817780822515" lon="15.124606657773256">
        <ele>266.0</ele>
        <time>2025-01-01T12:26:28Z</time>
      </trkpt>
      <trkpt lat="46.247879303991795" lon="15.124612273648381">
        <ele>266.0</ele>
        <time>2025-01-01T12:26:29Z</time>
      </trkpt>
      <trkpt lat="46.24794057570398" lon="15.124618308618665">
        <ele>266.0</ele>
        <time>2025-01-01T12:26:30Z</time>
      </trkpt>
      <trkpt lat="46.24800218269229" lon="15.124626187607646">
        <ele>266.0</ele>
        <time>2025-01-01T12:26:31Z</time>
      </trkpt>
      <trkpt lat="46.24806437641382" lon="15.124633982777596">
        <ele>266.0</ele>
        <time>2025-01-01T12:26:32Z</time>
      </trkpt>
      <trkpt lat="46.24812598340213" lon="15.124638760462403">
        <ele>266.20001220703125</ele>
        <time>2025-01-01T12:26:34Z</time>
      </trkpt>
      <trkpt lat="46.24818583019078" lon="15.12464496307075">
        <ele>266.20001220703125</ele>
        <time>2025-01-01T12:26:35Z</time>
      </trkpt>
      <trkpt lat="46.24824735336006" lon="15.124649992212653">
        <ele>266.3999938964844</ele>
        <time>2025-01-01T12:26:36Z</time>
      </trkpt>
      <trkpt lat="46.24830678105354" lon="15.12465426698327">
        <ele>266.3999938964844</ele>
        <time>2025-01-01T12:26:37Z</time>
      </trkpt>
      <trkpt lat="46.248368974775076" lon="15.124655021354556">
        <ele>266.6000061035156</ele>
        <time>2025-01-01T12:26:38Z</time>
      </trkpt>
      <trkpt lat="46.24843016266823" lon="15.124656111001968">
        <ele>266.6000061035156</ele>
        <time>2025-01-01T12:26:39Z</time>
      </trkpt>
      <trkpt lat="46.248491099104285" lon="15.124654350802302">
        <ele>266.6000061035156</ele>
        <time>2025-01-01T12:26:40Z</time>
      </trkpt>
      <trkpt lat="46.24855128116906" lon="15.124648734927177">
        <ele>266.79998779296875</ele>
        <time>2025-01-01T12:26:41Z</time>
      </trkpt>
      <trkpt lat="46.248611295595765" lon="15.124641191214323">
        <ele>266.79998779296875</ele>
        <time>2025-01-01T12:26:42Z</time>
      </trkpt>
      <trkpt lat="46.24867214821279" lon="15.124631216749549">
        <ele>266.79998779296875</ele>
        <time>2025-01-01T12:26:44Z</time>
      </trkpt>
      <trkpt lat="46.24873065389693" lon="15.12462006881833">
        <ele>266.79998779296875</ele>
        <time>2025-01-01T12:26:45Z</time>
      </trkpt>
      <trkpt lat="46.24878983013332" lon="15.124606406316161">
        <ele>266.6000061035156</ele>
        <time>2025-01-01T12:26:45Z</time>
      </trkpt>
      <trkpt lat="46.248849676921964" lon="15.124591737985611">
        <ele>266.6000061035156</ele>
        <time>2025-01-01T12:26:46Z</time>
      </trkpt>
      <trkpt lat="46.24890943989158" lon="15.124576902016997">
        <ele>266.3999938964844</ele>
        <time>2025-01-01T12:26:47Z</time>
      </trkpt>
      <trkpt lat="46.248969873413444" lon="15.124560557305813">
        <ele>266.3999938964844</ele>
        <time>2025-01-01T12:26:48Z</time>
      </trkpt>
      <trkpt lat="46.24902946874499" lon="15.124546308070421">
        <ele>266.3999938964844</ele>
        <time>2025-01-01T12:26:49Z</time>
      </trkpt>
      <trkpt lat="46.24908847734332" lon="15.124534573405981">
        <ele>266.3999938964844</ele>
        <time>2025-01-01T12:26:50Z</time>
      </trkpt>
      <trkpt lat="46.24914865940809" lon="15.12452426366508">
        <ele>266.3999938964844</ele>
        <time>2025-01-01T12:26:51Z</time>
      </trkpt>
      <trkpt lat="46.24920808710158" lon="15.124509008601308">
        <ele>266.3999938964844</ele>
        <time>2025-01-01T12:26:52Z</time>
      </trkpt>
      <trkpt lat="46.24926676042378" lon="15.124492328613997">
        <ele>266.3999938964844</ele>
        <time>2025-01-01T12:26:53Z</time>
      </trkpt>
      <trkpt lat="46.249325601384044" lon="15.124478582292795">
        <ele>266.3999938964844</ele>
        <time>2025-01-01T12:26:54Z</time>
      </trkpt>
      <trkpt lat="46.249385699629784" lon="15.124465757980943">
        <ele>266.3999938964844</ele>
        <time>2025-01-01T12:26:56Z</time>
      </trkpt>
      <trkpt lat="46.24944596551359" lon="15.124451341107488">
        <ele>266.3999938964844</ele>
        <time>2025-01-01T12:26:57Z</time>
      </trkpt>
      <trkpt lat="46.249507907778025" lon="15.124435666948557">
        <ele>266.3999938964844</ele>
        <time>2025-01-01T12:26:58Z</time>
      </trkpt>
      <trkpt lat="46.24956934712827" lon="15.124421920627356">
        <ele>266.3999938964844</ele>
        <time>2025-01-01T12:26:59Z</time>
      </trkpt>
      <trkpt lat="46.24963078647852" lon="15.124410605058074">
        <ele>266.3999938964844</ele>
        <time>2025-01-01T12:27:00Z</time>
      </trkpt>
      <trkpt lat="46.2496904656291" lon="15.124401468783617">
        <ele>266.3999938964844</ele>
        <time>2025-01-01T12:27:01Z</time>
      </trkpt>
      <trkpt lat="46.24974905513227" lon="15.124388644471765">
        <ele>266.3999938964844</ele>
        <time>2025-01-01T12:27:02Z</time>
      </trkpt>
      <trkpt lat="46.24980689026415" lon="15.124378837645054">
        <ele>266.3999938964844</ele>
        <time>2025-01-01T12:27:03Z</time>
      </trkpt>
      <trkpt lat="46.24986430630088" lon="15.124377245083451">
        <ele>266.3999938964844</ele>
        <time>2025-01-01T12:27:04Z</time>
      </trkpt>
      <trkpt lat="46.249922225251794" lon="15.124385543167591">
        <ele>266.3999938964844</ele>
        <time>2025-01-01T12:27:05Z</time>
      </trkpt>
      <trkpt lat="46.24997964128852" lon="15.124395517632365">
        <ele>266.6000061035156</ele>
        <time>2025-01-01T12:27:06Z</time>
      </trkpt>
      <trkpt lat="46.25003823079169" lon="15.124407755210996">
        <ele>266.6000061035156</ele>
        <time>2025-01-01T12:27:07Z</time>
      </trkpt>
      <trkpt lat="46.250096736475825" lon="15.124422507360578">
        <ele>266.6000061035156</ele>
        <time>2025-01-01T12:27:08Z</time>
      </trkpt>
      <trkpt lat="46.250154823064804" lon="15.124440863728523">
        <ele>266.6000061035156</ele>
        <time>2025-01-01T12:27:09Z</time>
      </trkpt>
      <trkpt lat="46.25021165236831" lon="15.124463327229023">
        <ele>266.79998779296875</ele>
        <time>2025-01-01T12:27:10Z</time>
      </trkpt>
      <trkpt lat="46.25026848167181" lon="15.124490987509489">
        <ele>266.79998779296875</ele>
        <time>2025-01-01T12:27:11Z</time>
      </trkpt>
      <trkpt lat="46.250323886051774" lon="15.124520072713494">
        <ele>266.79998779296875</ele>
        <time>2025-01-01T12:27:12Z</time>
      </trkpt>
      <trkpt lat="46.250377697870135" lon="15.124551001936197">
        <ele>266.79998779296875</ele>
        <time>2025-01-01T12:27:13Z</time>
      </trkpt>
      <trkpt lat="46.25043167732656" lon="15.12458436191082">
        <ele>267.0</ele>
        <time>2025-01-01T12:27:14Z</time>
      </trkpt>
      <trkpt lat="46.250483728945255" lon="15.12461856007576">
        <ele>267.0</ele>
        <time>2025-01-01T12:27:15Z</time>
      </trkpt>
      <trkpt lat="46.25053494237363" lon="15.124652925878763">
        <ele>267.0</ele>
        <time>2025-01-01T12:27:16Z</time>
      </trkpt>
      <trkpt lat="46.250586323440075" lon="15.12468796223402">
        <ele>267.20001220703125</ele>
        <time>2025-01-01T12:27:18Z</time>
      </trkpt>
      <trkpt lat="46.25063627958298" lon="15.124720986932516">
        <ele>267.20001220703125</ele>
        <time>2025-01-01T12:27:19Z</time>
      </trkpt>
      <trkpt lat="46.25068640336394" lon="15.124755520373583">
        <ele>267.20001220703125</ele>
        <time>2025-01-01T12:27:19Z</time>
      </trkpt>
      <trkpt lat="46.250736778602004" lon="15.124789969995618">
        <ele>267.20001220703125</ele>
        <time>2025-01-01T12:27:20Z</time>
      </trkpt>
      <trkpt lat="46.25078782439232" lon="15.12482383288443">
        <ele>267.20001220703125</ele>
        <time>2025-01-01T12:27:21Z</time>
      </trkpt>
      <trkpt lat="46.25083677470684" lon="15.124857109040022">
        <ele>267.3999938964844</ele>
        <time>2025-01-01T12:27:22Z</time>
      </trkpt>
      <trkpt lat="46.2508855573833" lon="15.12489222921431">
        <ele>267.3999938964844</ele>
        <time>2025-01-01T12:27:23Z</time>
      </trkpt>
      <trkpt lat="46.25093593262136" lon="15.124926846474409">
        <ele>267.3999938964844</ele>
        <time>2025-01-01T12:27:24Z</time>
      </trkpt>
      <trkpt lat="46.25098421238363" lon="15.124962804839015">
        <ele>267.3999938964844</ele>
        <time>2025-01-01T12:27:25Z</time>
      </trkpt>
      <trkpt lat="46.25103324651718" lon="15.124999769032001">
        <ele>267.3999938964844</ele>
        <time>2025-01-01T12:27:26Z</time>
      </trkpt>
      <trkpt lat="46.251084208488464" lon="15.125032877549529">
        <ele>267.3999938964844</ele>
        <time>2025-01-01T12:27:27Z</time>
      </trkpt>
      <trkpt lat="46.251138523221016" lon="15.1250568497926">
        <ele>267.3999938964844</ele>
        <time>2025-01-01T12:27:28Z</time>
      </trkpt>
      <trkpt lat="46.25119434669614" lon="15.125076714903116">
        <ele>267.3999938964844</ele>
        <time>2025-01-01T12:27:29Z</time>
      </trkpt>
      <trkpt lat="46.251250337809324" lon="15.125090628862381">
        <ele>267.3999938964844</ele>
        <time>2025-01-01T12:27:30Z</time>
      </trkpt>
      <trkpt lat="46.251305574551225" lon="15.125105045735836">
        <ele>267.3999938964844</ele>
        <time>2025-01-01T12:27:31Z</time>
      </trkpt>
      <trkpt lat="46.25136215239763" lon="15.125115271657705">
        <ele>267.6000061035156</ele>
        <time>2025-01-01T12:27:32Z</time>
      </trkpt>
      <trkpt lat="46.2514207419008" lon="15.12512231245637">
        <ele>267.6000061035156</ele>
        <time>2025-01-01T12:27:33Z</time>
      </trkpt>
      <trkpt lat="46.25148084014654" lon="15.12512331828475">
        <ele>267.3999938964844</ele>
        <time>2025-01-01T12:27:34Z</time>
      </trkpt>
      <trkpt lat="46.25153741799295" lon="15.125117870047688">
        <ele>267.3999938964844</ele>
        <time>2025-01-01T12:27:35Z</time>
      </trkpt>
      <trkpt lat="46.25159416347742" lon="15.125106973573565">
        <ele>267.3999938964844</ele>
        <time>2025-01-01T12:27:36Z</time>
      </trkpt>
      <trkpt lat="46.25165141187608" lon="15.1250930596143">
        <ele>267.3999938964844</ele>
        <time>2025-01-01T12:27:37Z</time>
      </trkpt>
      <trkpt lat="46.25170807354152" lon="15.125077636912465">
        <ele>267.3999938964844</ele>
        <time>2025-01-01T12:27:38Z</time>
      </trkpt>
      <trkpt lat="46.25176356174052" lon="15.125056682154536">
        <ele>267.3999938964844</ele>
        <time>2025-01-01T12:27:39Z</time>
      </trkpt>
      <trkpt lat="46.251815697178245" lon="15.125023405998945">
        <ele>267.3999938964844</ele>
        <time>2025-01-01T12:27:40Z</time>
      </trkpt>
      <trkpt lat="46.25186724588275" lon="15.124986777082086">
        <ele>267.3999938964844</ele>
        <time>2025-01-01T12:27:41Z</time>
      </trkpt>
      <trkpt lat="46.25191896222532" lon="15.124948471784592">
        <ele>267.3999938964844</ele>
        <time>2025-01-01T12:27:42Z</time>
      </trkpt>
      <trkpt lat="46.25197101384401" lon="15.124907065182924">
        <ele>267.3999938964844</ele>
        <time>2025-01-01T12:27:43Z</time>
      </trkpt>
      <trkpt lat="46.25202029943466" lon="15.12486431747675">
        <ele>267.3999938964844</ele>
        <time>2025-01-01T12:27:44Z</time>
      </trkpt>
      <trkpt lat="46.25206908211112" lon="15.12481645680964">
        <ele>267.3999938964844</ele>
        <time>2025-01-01T12:27:45Z</time>
      </trkpt>
      <trkpt lat="46.25211585313082" lon="15.12476658448577">
        <ele>267.20001220703125</ele>
        <time>2025-01-01T12:27:46Z</time>
      </trkpt>
      <trkpt lat="46.25216186977923" lon="15.124713024124503">
        <ele>267.20001220703125</ele>
        <time>2025-01-01T12:27:47Z</time>
      </trkpt>
      <trkpt lat="46.25220545567572" lon="15.124656027182937">
        <ele>267.20001220703125</ele>
        <time>2025-01-01T12:27:48Z</time>
      </trkpt>
      <trkpt lat="46.25224736519158" lon="15.124596180394292">
        <ele>267.20001220703125</ele>
        <time>2025-01-01T12:27:49Z</time>
      </trkpt>
      <trkpt lat="46.25228986144066" lon="15.12453205883503">
        <ele>267.0</ele>
        <time>2025-01-01T12:27:50Z</time>
      </trkpt>
      <trkpt lat="46.25233378261328" lon="15.124469110742211">
        <ele>267.0</ele>
        <time>2025-01-01T12:27:51Z</time>
      </trkpt>
      <trkpt lat="46.25237845815718" lon="15.12440549209714">
        <ele>267.0</ele>
        <time>2025-01-01T12:27:52Z</time>
      </trkpt>
      <trkpt lat="46.25242187641561" lon="15.124339694157243">
        <ele>267.0</ele>
        <time>2025-01-01T12:27:53Z</time>
      </trkpt>
      <trkpt lat="46.252465629950166" lon="15.124272555112839">
        <ele>267.0</ele>
        <time>2025-01-01T12:27:54Z</time>
      </trkpt>
      <trkpt lat="46.25250929966569" lon="15.124207511544228">
        <ele>266.79998779296875</ele>
        <time>2025-01-01T12:27:55Z</time>
      </trkpt>
      <trkpt lat="46.25255330465734" lon="15.124142384156585">
        <ele>266.79998779296875</ele>
        <time>2025-01-01T12:27:56Z</time>
      </trkpt>
      <trkpt lat="46.25259596854448" lon="15.124072395265102">
        <ele>266.79998779296875</ele>
        <time>2025-01-01T12:27:57Z</time>
      </trkpt>
      <trkpt lat="46.25263745896518" lon="15.124000143259764">
        <ele>266.79998779296875</ele>
        <time>2025-01-01T12:27:58Z</time>
      </trkpt>
      <trkpt lat="46.252676686272025" lon="15.123926466330886">
        <ele>266.79998779296875</ele>
        <time>2025-01-01T12:27:59Z</time>
      </trkpt>
      <trkpt lat="46.25271515920758" lon="15.123853459954262">
        <ele>266.6000061035156</ele>
        <time>2025-01-01T12:28:00Z</time>
      </trkpt>
      <trkpt lat="46.25275371596217" lon="15.123780453577638">
        <ele>266.6000061035156</ele>
        <time>2025-01-01T12:28:01Z</time>
      </trkpt>
      <trkpt lat="46.252790512517095" lon="15.12370677664876">
        <ele>266.6000061035156</ele>
        <time>2025-01-01T12:28:02Z</time>
      </trkpt>
      <trkpt lat="46.25282588414848" lon="15.123629327863455">
        <ele>266.6000061035156</ele>
        <time>2025-01-01T12:28:04Z</time>
      </trkpt>
      <trkpt lat="46.25286125577986" lon="15.123550789430737">
        <ele>266.6000061035156</ele>
        <time>2025-01-01T12:28:05Z</time>
      </trkpt>
      <trkpt lat="46.25289637595415" lon="15.123473927378654">
        <ele>266.6000061035156</ele>
        <time>2025-01-01T12:28:06Z</time>
      </trkpt>
      <trkpt lat="46.25293107703328" lon="15.123396310955286">
        <ele>266.6000061035156</ele>
        <time>2025-01-01T12:28:07Z</time>
      </trkpt>
      <trkpt lat="46.25296410173178" lon="15.123320538550615">
        <ele>266.6000061035156</ele>
        <time>2025-01-01T12:28:08Z</time>
      </trkpt>
      <trkpt lat="46.2529958691448" lon="15.123245101422071">
        <ele>266.6000061035156</ele>
        <time>2025-01-01T12:28:09Z</time>
      </trkpt>
      <trkpt lat="46.25302713364363" lon="15.123167736455798">
        <ele>266.6000061035156</ele>
        <time>2025-01-01T12:28:10Z</time>
      </trkpt>
      <trkpt lat="46.25306133180857" lon="15.123091042041779">
        <ele>266.6000061035156</ele>
        <time>2025-01-01T12:28:11Z</time>
      </trkpt>
      <trkpt lat="46.253095865249634" lon="15.123015101999044">
        <ele>266.6000061035156</ele>
        <time>2025-01-01T12:28:12Z</time>
      </trkpt>
      <trkpt lat="46.25313081778586" lon="15.122942430898547">
        <ele>266.6000061035156</ele>
        <time>2025-01-01T12:28:13Z</time>
      </trkpt>
      <trkpt lat="46.2531666085124" lon="15.122870849445462">
        <ele>266.79998779296875</ele>
        <time>2025-01-01T12:28:14Z</time>
      </trkpt>
      <trkpt lat="46.25320357270539" lon="15.122800776734948">
        <ele>266.79998779296875</ele>
        <time>2025-01-01T12:28:15Z</time>
      </trkpt>
      <trkpt lat="46.25324095599353" lon="15.122731709852815">
        <ele>266.79998779296875</ele>
        <time>2025-01-01T12:28:17Z</time>
      </trkpt>
      <trkpt lat="46.25327976420522" lon="15.122663900256157">
        <ele>267.0</ele>
        <time>2025-01-01T12:28:18Z</time>
      </trkpt>
      <trkpt lat="46.253320164978504" lon="15.12259709648788">
        <ele>267.0</ele>
        <time>2025-01-01T12:28:19Z</time>
      </trkpt>
      <trkpt lat="46.25336098484695" lon="15.122534818947315">
        <ele>267.0</ele>
        <time>2025-01-01T12:28:20Z</time>
      </trkpt>
      <trkpt lat="46.2534049898386" lon="15.122474553063512">
        <ele>267.0</ele>
        <time>2025-01-01T12:28:21Z</time>
      </trkpt>
      <trkpt lat="46.25344958156347" lon="15.122419567778707">
        <ele>267.0</ele>
        <time>2025-01-01T12:28:22Z</time>
      </trkpt>
      <trkpt lat="46.25349635258317" lon="15.1223732996732">
        <ele>267.20001220703125</ele>
        <time>2025-01-01T12:28:23Z</time>
      </trkpt>
      <trkpt lat="46.25354572199285" lon="15.122329713776708">
        <ele>267.20001220703125</ele>
        <time>2025-01-01T12:28:24Z</time>
      </trkpt>
      <trkpt lat="46.25359651632607" lon="15.122289899736643">
        <ele>267.20001220703125</ele>
        <time>2025-01-01T12:28:25Z</time>
      </trkpt>
      <trkpt lat="46.25364580191672" lon="15.122249079868197">
        <ele>267.20001220703125</ele>
        <time>2025-01-01T12:28:26Z</time>
      </trkpt>
      <trkpt lat="46.253692489117384" lon="15.12220867909491">
        <ele>267.20001220703125</ele>
        <time>2025-01-01T12:28:27Z</time>
      </trkpt>
      <trkpt lat="46.25373967923224" lon="15.122171714901924">
        <ele>267.3999938964844</ele>
        <time>2025-01-01T12:28:28Z</time>
      </trkpt>
      <trkpt lat="46.25378862954676" lon="15.122134247794747">
        <ele>267.3999938964844</ele>
        <time>2025-01-01T12:28:29Z</time>
      </trkpt>
      <trkpt lat="46.25384093262255" lon="15.122100301086903">
        <ele>267.3999938964844</ele>
        <time>2025-01-01T12:28:30Z</time>
      </trkpt>
      <trkpt lat="46.253891391679645" lon="15.122068701311946">
        <ele>267.6000061035156</ele>
        <time>2025-01-01T12:28:31Z</time>
      </trkpt>
      <trkpt lat="46.25394101254642" lon="15.122032575309277">
        <ele>267.6000061035156</ele>
        <time>2025-01-01T12:28:32Z</time>
      </trkpt>
      <trkpt lat="46.25398602336645" lon="15.12199410237372">
        <ele>267.6000061035156</ele>
        <time>2025-01-01T12:28:33Z</time>
      </trkpt>
      <trkpt lat="46.25403086654842" lon="15.121957724913955">
        <ele>267.79998779296875</ele>
        <time>2025-01-01T12:28:34Z</time>
      </trkpt>
      <trkpt lat="46.25407529063523" lon="15.12192570604384">
        <ele>267.79998779296875</ele>
        <time>2025-01-01T12:28:35Z</time>
      </trkpt>
      <trkpt lat="46.254121977835894" lon="15.121898129582405">
        <ele>268.0</ele>
        <time>2025-01-01T12:28:36Z</time>
      </trkpt>
      <trkpt lat="46.25416631810367" lon="15.121871642768383">
        <ele>268.0</ele>
        <time>2025-01-01T12:28:37Z</time>
      </trkpt>
      <trkpt lat="46.25421023927629" lon="15.12184951454401">
        <ele>268.0</ele>
        <time>2025-01-01T12:28:38Z</time>
      </trkpt>
      <trkpt lat="46.25425675883889" lon="15.121829062700272">
        <ele>268.20001220703125</ele>
        <time>2025-01-01T12:28:39Z</time>
      </trkpt>
      <trkpt lat="46.25430470332503" lon="15.121812969446182">
        <ele>268.20001220703125</ele>
        <time>2025-01-01T12:28:39Z</time>
      </trkpt>
      <trkpt lat="46.25435432419181" lon="15.121802659705281">
        <ele>268.20001220703125</ele>
        <time>2025-01-01T12:28:40Z</time>
      </trkpt>
      <trkpt lat="46.254405956715345" lon="15.121795702725649">
        <ele>268.20001220703125</ele>
        <time>2025-01-01T12:28:41Z</time>
      </trkpt>
      <trkpt lat="46.25446052290499" lon="15.121794948354363">
        <ele>268.20001220703125</ele>
        <time>2025-01-01T12:28:42Z</time>
      </trkpt>
      <trkpt lat="46.25451265834272" lon="15.121801570057869">
        <ele>268.20001220703125</ele>
        <time>2025-01-01T12:28:43Z</time>
      </trkpt>
      <trkpt lat="46.25456353649497" lon="15.121812717989087">
        <ele>268.20001220703125</ele>
        <time>2025-01-01T12:28:44Z</time>
      </trkpt>
      <trkpt lat="46.25461642630398" lon="15.121828308328986">
        <ele>268.20001220703125</ele>
        <time>2025-01-01T12:28:45Z</time>
      </trkpt>
      <trkpt lat="46.25466512516141" lon="15.121844736859202">
        <ele>268.20001220703125</ele>
        <time>2025-01-01T12:28:46Z</time>
      </trkpt>
      <trkpt lat="46.25471608713269" lon="15.121864434331656">
        <ele>268.20001220703125</ele>
        <time>2025-01-01T12:28:47Z</time>
      </trkpt>
      <trkpt lat="46.25476537272334" lon="15.121885975822806">
        <ele>268.20001220703125</ele>
        <time>2025-01-01T12:28:47Z</time>
      </trkpt>
      <trkpt lat="46.254818849265575" lon="15.121910031884909">
        <ele>268.20001220703125</ele>
        <time>2025-01-01T12:28:48Z</time>
      </trkpt>
      <trkpt lat="46.25487291254103" lon="15.121929896995425">
        <ele>268.20001220703125</ele>
        <time>2025-01-01T12:28:49Z</time>
      </trkpt>
      <trkpt lat="46.25492596998811" lon="15.12194431386888">
        <ele>268.20001220703125</ele>
        <time>2025-01-01T12:28:50Z</time>
      </trkpt>
      <trkpt lat="46.25497592613101" lon="15.12195311486721">
        <ele>268.20001220703125</ele>
        <time>2025-01-01T12:28:51Z</time>
      </trkpt>
      <trkpt lat="46.25503074377775" lon="15.121959736570716">
        <ele>268.20001220703125</ele>
        <time>2025-01-01T12:28:52Z</time>
      </trkpt>
      <trkpt lat="46.25508799217641" lon="15.121972812339664">
        <ele>268.3999938964844</ele>
        <time>2025-01-01T12:28:53Z</time>
      </trkpt>
      <trkpt lat="46.2551421392709" lon="15.12197314761579">
        <ele>268.3999938964844</ele>
        <time>2025-01-01T12:28:54Z</time>
      </trkpt>
      <trkpt lat="46.25519586727023" lon="15.121962251141667">
        <ele>268.6000061035156</ele>
        <time>2025-01-01T12:28:55Z</time>
      </trkpt>
      <trkpt lat="46.25524423085153" lon="15.121941212564707">
        <ele>268.6000061035156</ele>
        <time>2025-01-01T12:28:56Z</time>
      </trkpt>
      <trkpt lat="46.25528966076672" lon="15.121912714093924">
        <ele>268.79998779296875</ele>
        <time>2025-01-01T12:28:57Z</time>
      </trkpt>
      <trkpt lat="46.25533467158675" lon="15.121879018843174">
        <ele>268.79998779296875</ele>
        <time>2025-01-01T12:28:58Z</time>
      </trkpt>
      <trkpt lat="46.2553770840168" lon="15.121844820678234">
        <ele>269.0</ele>
        <time>2025-01-01T12:28:59Z</time>
      </trkpt>
      <trkpt lat="46.25541656278074" lon="15.121813723817468">
        <ele>269.20001220703125</ele>
        <time>2025-01-01T12:29:00Z</time>
      </trkpt>
      <trkpt lat="46.2554529402405" lon="15.121784470975399">
        <ele>269.3999938964844</ele>
        <time>2025-01-01T12:29:01Z</time>
      </trkpt>
      <trkpt lat="46.25548663549125" lon="15.121756475418806">
        <ele>269.6000061035156</ele>
        <time>2025-01-01T12:29:02Z</time>
      </trkpt>
      <trkpt lat="46.25551991164684" lon="15.121733089908957">
        <ele>269.79998779296875</ele>
        <time>2025-01-01T12:29:03Z</time>
      </trkpt>
      <trkpt lat="46.25555234961212" lon="15.121710877865553">
        <ele>270.0</ele>
        <time>2025-01-01T12:29:04Z</time>
      </trkpt>
      <trkpt lat="46.25558537431061" lon="15.12168724089861">
        <ele>270.20001220703125</ele>
        <time>2025-01-01T12:29:04Z</time>
      </trkpt>
      <trkpt lat="46.25561663880944" lon="15.121669890359044">
        <ele>270.3999938964844</ele>
        <time>2025-01-01T12:29:05Z</time>
      </trkpt>
      <trkpt lat="46.25564622692764" lon="15.12165111489594">
        <ele>270.6000061035156</ele>
        <time>2025-01-01T12:29:06Z</time>
      </trkpt>
      <trkpt lat="46.255673887208104" lon="15.12163007631898">
        <ele>270.79998779296875</ele>
        <time>2025-01-01T12:29:07Z</time>
      </trkpt>
      <trkpt lat="46.255699368193746" lon="15.121610127389431">
        <ele>271.0</ele>
        <time>2025-01-01T12:29:07Z</time>
      </trkpt>
      <trkpt lat="46.25572702847421" lon="15.121595794335008">
        <ele>271.20001220703125</ele>
        <time>2025-01-01T12:29:08Z</time>
      </trkpt>
      <trkpt lat="46.25575385056436" lon="15.121583389118314">
        <ele>271.3999938964844</ele>
        <time>2025-01-01T12:29:09Z</time>
      </trkpt>
      <trkpt lat="46.25578025355935" lon="15.12157341465354">
        <ele>271.3999938964844</ele>
        <time>2025-01-01T12:29:09Z</time>
      </trkpt>
      <trkpt lat="46.25580841675401" lon="15.121563775464892">
        <ele>271.6000061035156</ele>
        <time>2025-01-01T12:29:10Z</time>
      </trkpt>
      <trkpt lat="46.255836579948664" lon="15.121550364419818">
        <ele>271.79998779296875</ele>
        <time>2025-01-01T12:29:11Z</time>
      </trkpt>
      <trkpt lat="46.25586675480008" lon="15.121538043022156">
        <ele>272.0</ele>
        <time>2025-01-01T12:29:12Z</time>
      </trkpt>
      <trkpt lat="46.25589491799474" lon="15.121522201225162">
        <ele>272.20001220703125</ele>
        <time>2025-01-01T12:29:12Z</time>
      </trkpt>
      <trkpt lat="46.25592291355133" lon="15.121502336114645">
        <ele>272.3999938964844</ele>
        <time>2025-01-01T12:29:13Z</time>
      </trkpt>
      <trkpt lat="46.255945628508925" lon="15.12148892506957">
        <ele>272.6000061035156</ele>
        <time>2025-01-01T12:29:14Z</time>
      </trkpt>
      <trkpt lat="46.2559675052762" lon="15.121477525681257">
        <ele>272.79998779296875</ele>
        <time>2025-01-01T12:29:14Z</time>
      </trkpt>
      <trkpt lat="46.25598879531026" lon="15.121464617550373">
        <ele>272.79998779296875</ele>
        <time>2025-01-01T12:29:15Z</time>
      </trkpt>
      <trkpt lat="46.25601025298238" lon="15.121452799066901">
        <ele>273.0</ele>
        <time>2025-01-01T12:29:15Z</time>
      </trkpt>
      <trkpt lat="46.256031626835465" lon="15.121444165706635">
        <ele>273.20001220703125</ele>
        <time>2025-01-01T12:29:16Z</time>
      </trkpt>
      <trkpt lat="46.25604989938438" lon="15.121434610337019">
        <ele>273.3999938964844</ele>
        <time>2025-01-01T12:29:17Z</time>
      </trkpt>
      <trkpt lat="46.256069261580706" lon="15.121425138786435">
        <ele>273.3999938964844</ele>
        <time>2025-01-01T12:29:17Z</time>
      </trkpt>
      <trkpt lat="46.25609180890024" lon="15.121416505426168">
        <ele>273.6000061035156</ele>
        <time>2025-01-01T12:29:18Z</time>
      </trkpt>
      <trkpt lat="46.25611636787653" lon="15.121409464627504">
        <ele>273.6000061035156</ele>
        <time>2025-01-01T12:29:18Z</time>
      </trkpt>
      <trkpt lat="46.25613933429122" lon="15.121402507647872">
        <ele>273.79998779296875</ele>
        <time>2025-01-01T12:29:19Z</time>
      </trkpt>
      <trkpt lat="46.25615970231593" lon="15.121400747448206">
        <ele>274.0</ele>
        <time>2025-01-01T12:29:19Z</time>
      </trkpt>
      <trkpt lat="46.256174286827445" lon="15.121416840702295">
        <ele>274.0</ele>
        <time>2025-01-01T12:29:20Z</time>
      </trkpt>
      <trkpt lat="46.256185099482536" lon="15.121439723297954">
        <ele>274.0</ele>
        <time>2025-01-01T12:29:20Z</time>
      </trkpt>
      <trkpt lat="46.25619012862444" lon="15.121450619772077">
        <ele>274.20001220703125</ele>
        <time>2025-01-01T12:29:20Z</time>
      </trkpt>
      <trkpt lat="46.25619012862444" lon="15.121450619772077">
        <ele>274.20001220703125</ele>
        <time>2025-01-01T12:29:20Z</time>
      </trkpt>
      <trkpt lat="46.256214771419764" lon="15.121481297537684">
        <ele>274.20001220703125</ele>
        <time>2025-01-01T12:29:21Z</time>
      </trkpt>
      <trkpt lat="46.256239330396056" lon="15.121497139334679">
        <ele>274.0</ele>
        <time>2025-01-01T12:29:21Z</time>
      </trkpt>
      <trkpt lat="46.256270511075854" lon="15.121503761038184">
        <ele>274.0</ele>
        <time>2025-01-01T12:29:22Z</time>
      </trkpt>
      <trkpt lat="46.25629968009889" lon="15.121499402448535">
        <ele>274.0</ele>
        <time>2025-01-01T12:29:22Z</time>
      </trkpt>
      <trkpt lat="46.256323819980025" lon="15.121484147384763">
        <ele>274.0</ele>
        <time>2025-01-01T12:29:23Z</time>
      </trkpt>
      <trkpt lat="46.25634787604213" lon="15.121463863179088">
        <ele>274.0</ele>
        <time>2025-01-01T12:29:23Z</time>
      </trkpt>
      <trkpt lat="46.25637402758002" lon="15.121446931734681">
        <ele>274.0</ele>
        <time>2025-01-01T12:29:24Z</time>
      </trkpt>
      <trkpt lat="46.25640654936433" lon="15.121434610337019">
        <ele>274.0</ele>
        <time>2025-01-01T12:29:24Z</time>
      </trkpt>
      <trkpt lat="46.25644393265247" lon="15.121427485719323">
        <ele>274.0</ele>
        <time>2025-01-01T12:29:25Z</time>
      </trkpt>
      <trkpt lat="46.25648056156933" lon="15.121423630043864">
        <ele>274.0</ele>
        <time>2025-01-01T12:29:26Z</time>
      </trkpt>
      <trkpt lat="46.25651651993394" lon="15.121420361101627">
        <ele>274.0</ele>
        <time>2025-01-01T12:29:26Z</time>
      </trkpt>
      <trkpt lat="46.25655532814562" lon="15.121417427435517">
        <ele>274.0</ele>
        <time>2025-01-01T12:29:27Z</time>
      </trkpt>
      <trkpt lat="46.25659614801407" lon="15.12141759507358">
        <ele>274.0</ele>
        <time>2025-01-01T12:29:27Z</time>
      </trkpt>
      <trkpt lat="46.25663856044412" lon="15.121414912864566">
        <ele>273.79998779296875</ele>
        <time>2025-01-01T12:29:28Z</time>
      </trkpt>
      <trkpt lat="46.25668214634061" lon="15.12140879407525">
        <ele>273.79998779296875</ele>
        <time>2025-01-01T12:29:29Z</time>
      </trkpt>
      <trkpt lat="46.25672774389386" lon="15.12140292674303">
        <ele>273.79998779296875</ele>
        <time>2025-01-01T12:29:30Z</time>
      </trkpt>
      <trkpt lat="46.256775353103876" lon="15.121397646144032">
        <ele>273.79998779296875</ele>
        <time>2025-01-01T12:29:30Z</time>
      </trkpt>
      <trkpt lat="46.25682447105646" lon="15.121398735791445">
        <ele>273.79998779296875</ele>
        <time>2025-01-01T12:29:31Z</time>
      </trkpt>
      <trkpt lat="46.256873086094856" lon="15.121409799903631">
        <ele>273.79998779296875</ele>
        <time>2025-01-01T12:29:32Z</time>
      </trkpt>
      <trkpt lat="46.2569226231426" lon="15.12142488732934">
        <ele>273.79998779296875</ele>
        <time>2025-01-01T12:29:33Z</time>
      </trkpt>
      <trkpt lat="46.25697232782841" lon="15.12144349515438">
        <ele>273.79998779296875</ele>
        <time>2025-01-01T12:29:34Z</time>
      </trkpt>
      <trkpt lat="46.257024044170976" lon="15.121459001675248">
        <ele>273.79998779296875</ele>
        <time>2025-01-01T12:29:35Z</time>
      </trkpt>
      <trkpt lat="46.25707735307515" lon="15.121482135728002">
        <ele>273.79998779296875</ele>
        <time>2025-01-01T12:29:36Z</time>
      </trkpt>
      <trkpt lat="46.25713569112122" lon="15.121500911191106">
        <ele>273.79998779296875</ele>
        <time>2025-01-01T12:29:37Z</time>
      </trkpt>
      <trkpt lat="46.257193107157946" lon="15.121517423540354">
        <ele>273.79998779296875</ele>
        <time>2025-01-01T12:29:38Z</time>
      </trkpt>
      <trkpt lat="46.25725488178432" lon="15.12153334915638">
        <ele>273.79998779296875</ele>
        <time>2025-01-01T12:29:39Z</time>
      </trkpt>
      <trkpt lat="46.2573164049536" lon="15.121550615876913">
        <ele>273.79998779296875</ele>
        <time>2025-01-01T12:29:40Z</time>
      </trkpt>
      <trkpt lat="46.25738429836929" lon="15.121563775464892">
        <ele>273.79998779296875</ele>
        <time>2025-01-01T12:29:41Z</time>
      </trkpt>
      <trkpt lat="46.257451102137566" lon="15.121576515957713">
        <ele>273.79998779296875</ele>
        <time>2025-01-01T12:29:42Z</time>
      </trkpt>
      <trkpt lat="46.257517989724874" lon="15.121592860668898">
        <ele>273.79998779296875</ele>
        <time>2025-01-01T12:29:43Z</time>
      </trkpt>
      <trkpt lat="46.257584039121866" lon="15.121608953922987">
        <ele>273.79998779296875</ele>
        <time>2025-01-01T12:29:44Z</time>
      </trkpt>
      <trkpt lat="46.257648412138224" lon="15.121627310290933">
        <ele>273.79998779296875</ele>
        <time>2025-01-01T12:29:46Z</time>
      </trkpt>
      <trkpt lat="46.257712533697486" lon="15.121648600324988">
        <ele>273.79998779296875</ele>
        <time>2025-01-01T12:29:47Z</time>
      </trkpt>
      <trkpt lat="46.25777715817094" lon="15.121667375788093">
        <ele>274.0</ele>
        <time>2025-01-01T12:29:48Z</time>
      </trkpt>
      <trkpt lat="46.25784236937761" lon="15.12168925255537">
        <ele>274.0</ele>
        <time>2025-01-01T12:29:49Z</time>
      </trkpt>
      <trkpt lat="46.257911855354905" lon="15.121707106009126">
        <ele>274.20001220703125</ele>
        <time>2025-01-01T12:29:51Z</time>
      </trkpt>
      <trkpt lat="46.2579813413322" lon="15.121722696349025">
        <ele>274.20001220703125</ele>
        <time>2025-01-01T12:29:52Z</time>
      </trkpt>
      <trkpt lat="46.25804998911917" lon="15.121737783774734">
        <ele>274.20001220703125</ele>
        <time>2025-01-01T12:29:53Z</time>
      </trkpt>
      <trkpt lat="46.2581193074584" lon="15.121754296123981">
        <ele>274.20001220703125</ele>
        <time>2025-01-01T12:29:54Z</time>
      </trkpt>
      <trkpt lat="46.25818803906441" lon="15.121770640835166">
        <ele>274.20001220703125</ele>
        <time>2025-01-01T12:29:55Z</time>
      </trkpt>
      <trkpt lat="46.25825459137559" lon="15.121787153184414">
        <ele>274.20001220703125</ele>
        <time>2025-01-01T12:29:57Z</time>
      </trkpt>
      <trkpt lat="46.25832064077258" lon="15.121805425733328">
        <ele>274.20001220703125</ele>
        <time>2025-01-01T12:29:58Z</time>
      </trkpt>
      <trkpt lat="46.25838643871248" lon="15.121826799586415">
        <ele>274.20001220703125</ele>
        <time>2025-01-01T12:29:59Z</time>
      </trkpt>
      <trkpt lat="46.258453745394945" lon="15.121847670525312">
        <ele>274.20001220703125</ele>
        <time>2025-01-01T12:30:00Z</time>
      </trkpt>
      <trkpt lat="46.25851912423968" lon="15.121865859255195">
        <ele>274.3999938964844</ele>
        <time>2025-01-01T12:30:01Z</time>
      </trkpt>
      <trkpt lat="46.25858332961798" lon="15.121880359947681">
        <ele>274.3999938964844</ele>
        <time>2025-01-01T12:30:02Z</time>
      </trkpt>
      <trkpt lat="46.25864879228175" lon="15.121893351897597">
        <ele>274.3999938964844</ele>
        <time>2025-01-01T12:30:04Z</time>
      </trkpt>
      <trkpt lat="46.25871308147907" lon="15.121906930580735">
        <ele>274.3999938964844</ele>
        <time>2025-01-01T12:30:05Z</time>
      </trkpt>
      <trkpt lat="46.258775191381574" lon="15.121921515092254">
        <ele>274.6000061035156</ele>
        <time>2025-01-01T12:30:06Z</time>
      </trkpt>
      <trkpt lat="46.258834870532155" lon="15.121936686336994">
        <ele>274.6000061035156</ele>
        <time>2025-01-01T12:30:07Z</time>
      </trkpt>
      <trkpt lat="46.258889101445675" lon="15.121959401294589">
        <ele>274.6000061035156</ele>
        <time>2025-01-01T12:30:08Z</time>
      </trkpt>
      <trkpt lat="46.25893050804734" lon="15.122003741562366">
        <ele>274.6000061035156</ele>
        <time>2025-01-01T12:30:09Z</time>
      </trkpt>
      <trkpt lat="46.2589552346617" lon="15.122070210054517">
        <ele>274.6000061035156</ele>
        <time>2025-01-01T12:30:10Z</time>
      </trkpt>
      <trkpt lat="46.25896101817489" lon="15.122151263058186">
        <ele>274.6000061035156</ele>
        <time>2025-01-01T12:30:11Z</time>
      </trkpt>
      <trkpt lat="46.25894953496754" lon="15.12223700992763">
        <ele>274.3999938964844</ele>
        <time>2025-01-01T12:30:12Z</time>
      </trkpt>
      <trkpt lat="46.258922880515456" lon="15.12231714092195">
        <ele>274.3999938964844</ele>
        <time>2025-01-01T12:30:13Z</time>
      </trkpt>
      <trkpt lat="46.25889136455953" lon="15.122397607192397">
        <ele>274.3999938964844</ele>
        <time>2025-01-01T12:30:14Z</time>
      </trkpt>
      <trkpt lat="46.25886211171746" lon="15.122483102604747">
        <ele>274.3999938964844</ele>
        <time>2025-01-01T12:30:15Z</time>
      </trkpt>
      <trkpt lat="46.2588378880173" lon="15.122571280226111">
        <ele>274.3999938964844</ele>
        <time>2025-01-01T12:30:16Z</time>
      </trkpt>
      <trkpt lat="46.25881316140294" lon="15.122659876942635">
        <ele>274.20001220703125</ele>
        <time>2025-01-01T12:30:17Z</time>
      </trkpt>
      <trkpt lat="46.25879304483533" lon="15.122748892754316">
        <ele>274.20001220703125</ele>
        <time>2025-01-01T12:30:18Z</time>
      </trkpt>
      <trkpt lat="46.25877401791513" lon="15.12283899821341">
        <ele>274.20001220703125</ele>
        <time>2025-01-01T12:30:19Z</time>
      </trkpt>
      <trkpt lat="46.25875599682331" lon="15.122931031510234">
        <ele>274.20001220703125</ele>
        <time>2025-01-01T12:30:20Z</time>
      </trkpt>
      <trkpt lat="46.25873780809343" lon="15.12302566319704">
        <ele>274.0</ele>
        <time>2025-01-01T12:30:21Z</time>
      </trkpt>
      <trkpt lat="46.25872020609677" lon="15.12312138453126">
        <ele>274.0</ele>
        <time>2025-01-01T12:30:22Z</time>
      </trkpt>
      <trkpt lat="46.25870360992849" lon="15.12321861460805">
        <ele>274.0</ele>
        <time>2025-01-01T12:30:24Z</time>
      </trkpt>
      <trkpt lat="46.258689276874065" lon="15.12331735342741">
        <ele>274.0</ele>
        <time>2025-01-01T12:30:25Z</time>
      </trkpt>
      <trkpt lat="46.25867284834385" lon="15.123417098075151">
        <ele>274.0</ele>
        <time>2025-01-01T12:30:26Z</time>
      </trkpt>
      <trkpt lat="46.25865516252816" lon="15.123514663428068">
        <ele>273.79998779296875</ele>
        <time>2025-01-01T12:30:27Z</time>
      </trkpt>
      <trkpt lat="46.25863672234118" lon="15.12361248023808">
        <ele>273.79998779296875</ele>
        <time>2025-01-01T12:30:28Z</time>
      </trkpt>
      <trkpt lat="46.25861777924001" lon="15.123713063076138">
        <ele>273.79998779296875</ele>
        <time>2025-01-01T12:30:30Z</time>
      </trkpt>
      <trkpt lat="46.2586010992527" lon="15.123813394457102">
        <ele>273.79998779296875</ele>
        <time>2025-01-01T12:30:31Z</time>
      </trkpt>
      <trkpt lat="46.258581820875406" lon="15.123914312571287">
        <ele>273.79998779296875</ele>
        <time>2025-01-01T12:30:32Z</time>
      </trkpt>
      <trkpt lat="46.258564637973905" lon="15.124016739428043">
        <ele>273.79998779296875</ele>
        <time>2025-01-01T12:30:33Z</time>
      </trkpt>
      <trkpt lat="46.25854820944369" lon="15.124120339751244">
        <ele>273.79998779296875</ele>
        <time>2025-01-01T12:30:34Z</time>
      </trkpt>
      <trkpt lat="46.258530020713806" lon="15.124221928417683">
        <ele>273.6000061035156</ele>
        <time>2025-01-01T12:30:36Z</time>
      </trkpt>
      <trkpt lat="46.25851065851748" lon="15.124323349446058">
        <ele>273.6000061035156</ele>
        <time>2025-01-01T12:30:37Z</time>
      </trkpt>
      <trkpt lat="46.25849029049277" lon="15.124425943940878">
        <ele>273.6000061035156</ele>
        <time>2025-01-01T12:30:38Z</time>
      </trkpt>
      <trkpt lat="46.25846874900162" lon="15.124527364969254">
        <ele>273.3999938964844</ele>
        <time>2025-01-01T12:30:39Z</time>
      </trkpt>
      <trkpt lat="46.258449302986264" lon="15.124629624187946">
        <ele>273.3999938964844</ele>
        <time>2025-01-01T12:30:40Z</time>
      </trkpt>
      <trkpt lat="46.25843094661832" lon="15.124733056873083">
        <ele>273.20001220703125</ele>
        <time>2025-01-01T12:30:42Z</time>
      </trkpt>
      <trkpt lat="46.25841376371682" lon="15.124833891168237">
        <ele>273.20001220703125</ele>
        <time>2025-01-01T12:30:43Z</time>
      </trkpt>
      <trkpt lat="46.25839641317725" lon="15.124936066567898">
        <ele>273.20001220703125</ele>
        <time>2025-01-01T12:30:44Z</time>
      </trkpt>
      <trkpt lat="46.258380990475416" lon="15.12503731995821">
        <ele>273.20001220703125</ele>
        <time>2025-01-01T12:30:45Z</time>
      </trkpt>
      <trkpt lat="46.258371183648705" lon="15.125137902796268">
        <ele>273.20001220703125</ele>
        <time>2025-01-01T12:30:46Z</time>
      </trkpt>
      <trkpt lat="46.25836749561131" lon="15.125238234177232">
        <ele>273.20001220703125</ele>
        <time>2025-01-01T12:30:48Z</time>
      </trkpt>
      <trkpt lat="46.25837093219161" lon="15.125342085957527">
        <ele>273.0</ele>
        <time>2025-01-01T12:30:49Z</time>
      </trkpt>
      <trkpt lat="46.25838350504637" lon="15.125444177538157">
        <ele>272.79998779296875</ele>
        <time>2025-01-01T12:30:50Z</time>
      </trkpt>
      <trkpt lat="46.25841158442199" lon="15.125539395958185">
        <ele>272.79998779296875</ele>
        <time>2025-01-01T12:30:51Z</time>
      </trkpt>
      <trkpt lat="46.258454164490104" lon="15.125619024038315">
        <ele>272.79998779296875</ele>
        <time>2025-01-01T12:30:52Z</time>
      </trkpt>
      <trkpt lat="46.258509904146194" lon="15.125683229416609">
        <ele>272.79998779296875</ele>
        <time>2025-01-01T12:30:53Z</time>
      </trkpt>
      <trkpt lat="46.25857461243868" lon="15.125728072598577">
        <ele>272.79998779296875</ele>
        <time>2025-01-01T12:30:55Z</time>
      </trkpt>
      <trkpt lat="46.258640326559544" lon="15.125762857496738">
        <ele>272.79998779296875</ele>
        <time>2025-01-01T12:30:56Z</time>
      </trkpt>
      <trkpt lat="46.25870604068041" lon="15.125797474756837">
        <ele>272.79998779296875</ele>
        <time>2025-01-01T12:30:57Z</time>
      </trkpt>
      <trkpt lat="46.25877343118191" lon="15.125828823074698">
        <ele>272.79998779296875</ele>
        <time>2025-01-01T12:30:58Z</time>
      </trkpt>
      <trkpt lat="46.258839732035995" lon="15.12585866264999">
        <ele>272.79998779296875</ele>
        <time>2025-01-01T12:30:59Z</time>
      </trkpt>
      <trkpt lat="46.25890745781362" lon="15.125884730368853">
        <ele>272.79998779296875</ele>
        <time>2025-01-01T12:31:01Z</time>
      </trkpt>
      <trkpt lat="46.25897518359125" lon="15.12590954080224">
        <ele>272.79998779296875</ele>
        <time>2025-01-01T12:31:02Z</time>
      </trkpt>
      <trkpt lat="46.25904240645468" lon="15.125936698168516">
        <ele>272.79998779296875</ele>
        <time>2025-01-01T12:31:03Z</time>
      </trkpt>
      <trkpt lat="46.259109545499086" lon="15.125965112820268">
        <ele>272.79998779296875</ele>
        <time>2025-01-01T12:31:04Z</time>
      </trkpt>
      <trkpt lat="46.2591761816293" lon="15.125995371490717">
        <ele>272.79998779296875</ele>
        <time>2025-01-01T12:31:05Z</time>
      </trkpt>
      <trkpt lat="46.25924248248339" lon="15.126029485836625">
        <ele>272.6000061035156</ele>
        <time>2025-01-01T12:31:06Z</time>
      </trkpt>
      <trkpt lat="46.25930777750909" lon="15.126069551333785">
        <ele>272.79998779296875</ele>
        <time>2025-01-01T12:31:08Z</time>
      </trkpt>
      <trkpt lat="46.25937055796385" lon="15.126114645972848">
        <ele>272.79998779296875</ele>
        <time>2025-01-01T12:31:09Z</time>
      </trkpt>
      <trkpt lat="46.25943275168538" lon="15.126165188848972">
        <ele>272.79998779296875</ele>
        <time>2025-01-01T12:31:10Z</time>
      </trkpt>
      <trkpt lat="46.259490167722106" lon="15.126226292923093">
        <ele>272.79998779296875</ele>
        <time>2025-01-01T12:31:11Z</time>
      </trkpt>
      <trkpt lat="46.25954154878855" lon="15.126290749758482">
        <ele>272.79998779296875</ele>
        <time>2025-01-01T12:31:13Z</time>
      </trkpt>
      <trkpt lat="46.2595889903605" lon="15.126359900459647">
        <ele>272.79998779296875</ele>
        <time>2025-01-01T12:31:14Z</time>
      </trkpt>
      <trkpt lat="46.259632743895054" lon="15.126433996483684">
        <ele>272.79998779296875</ele>
        <time>2025-01-01T12:31:15Z</time>
      </trkpt>
      <trkpt lat="46.25967498868704" lon="15.12651002034545">
        <ele>272.79998779296875</ele>
        <time>2025-01-01T12:31:16Z</time>
      </trkpt>
      <trkpt lat="46.259717401117086" lon="15.126586630940437">
        <ele>272.79998779296875</ele>
        <time>2025-01-01T12:31:17Z</time>
      </trkpt>
      <trkpt lat="46.25976006500423" lon="15.126660224050283">
        <ele>272.79998779296875</ele>
        <time>2025-01-01T12:31:18Z</time>
      </trkpt>
      <trkpt lat="46.259802393615246" lon="15.126734487712383">
        <ele>272.79998779296875</ele>
        <time>2025-01-01T12:31:19Z</time>
      </trkpt>
      <trkpt lat="46.25984162092209" lon="15.12681051157415">
        <ele>273.0</ele>
        <time>2025-01-01T12:31:21Z</time>
      </trkpt>
      <trkpt lat="46.25988135114312" lon="15.126889552921057">
        <ele>273.0</ele>
        <time>2025-01-01T12:31:22Z</time>
      </trkpt>
      <trkpt lat="46.2599204108119" lon="15.126970270648599">
        <ele>273.0</ele>
        <time>2025-01-01T12:31:23Z</time>
      </trkpt>
      <trkpt lat="46.259959135204554" lon="15.127050317823887">
        <ele>273.0</ele>
        <time>2025-01-01T12:31:24Z</time>
      </trkpt>
      <trkpt lat="46.259999284520745" lon="15.127127850428224">
        <ele>273.0</ele>
        <time>2025-01-01T12:31:25Z</time>
      </trkpt>
      <trkpt lat="46.260040774941444" lon="15.127204209566116">
        <ele>272.79998779296875</ele>
        <time>2025-01-01T12:31:26Z</time>
      </trkpt>
      <trkpt lat="46.26008193008602" lon="15.127281742170453">
        <ele>272.79998779296875</ele>
        <time>2025-01-01T12:31:28Z</time>
      </trkpt>
      <trkpt lat="46.26012325286865" lon="15.127357011660933">
        <ele>272.79998779296875</ele>
        <time>2025-01-01T12:31:29Z</time>
      </trkpt>
      <trkpt lat="46.26016549766064" lon="15.127431526780128">
        <ele>272.79998779296875</ele>
        <time>2025-01-01T12:31:30Z</time>
      </trkpt>
      <trkpt lat="46.260209418833256" lon="15.127505706623197">
        <ele>272.79998779296875</ele>
        <time>2025-01-01T12:31:31Z</time>
      </trkpt>
      <trkpt lat="46.26025250181556" lon="15.12758164666593">
        <ele>272.6000061035156</ele>
        <time>2025-01-01T12:31:32Z</time>
      </trkpt>
      <trkpt lat="46.26029575243592" lon="15.127657167613506">
        <ele>272.6000061035156</ele>
        <time>2025-01-01T12:31:33Z</time>
      </trkpt>
      <trkpt lat="46.260341769084334" lon="15.127733945846558">
        <ele>272.6000061035156</ele>
        <time>2025-01-01T12:31:34Z</time>
      </trkpt>
      <trkpt lat="46.26038694754243" lon="15.127809885889292">
        <ele>272.6000061035156</ele>
        <time>2025-01-01T12:31:36Z</time>
      </trkpt>
      <trkpt lat="46.260432209819555" lon="15.12788456864655">
        <ele>272.6000061035156</ele>
        <time>2025-01-01T12:31:37Z</time>
      </trkpt>
      <trkpt lat="46.26047638244927" lon="15.12795732356608">
        <ele>272.6000061035156</ele>
        <time>2025-01-01T12:31:38Z</time>
      </trkpt>
      <trkpt lat="46.26052097417414" lon="15.1280287373811">
        <ele>272.6000061035156</ele>
        <time>2025-01-01T12:31:39Z</time>
      </trkpt>
      <trkpt lat="46.26056598499417" lon="15.128101576119661">
        <ele>272.3999938964844</ele>
        <time>2025-01-01T12:31:40Z</time>
      </trkpt>
      <trkpt lat="46.26060890033841" lon="15.128173241391778">
        <ele>272.3999938964844</ele>
        <time>2025-01-01T12:31:41Z</time>
      </trkpt>
      <trkpt lat="46.26065265387297" lon="15.12824515812099">
        <ele>272.3999938964844</ele>
        <time>2025-01-01T12:31:42Z</time>
      </trkpt>
      <trkpt lat="46.260697664693" lon="15.128317913040519">
        <ele>272.3999938964844</ele>
        <time>2025-01-01T12:31:43Z</time>
      </trkpt>
      <trkpt lat="46.26074141822755" lon="15.128391338512301">
        <ele>272.20001220703125</ele>
        <time>2025-01-01T12:31:44Z</time>
      </trkpt>
      <trkpt lat="46.260782489553094" lon="15.128466775640845">
        <ele>272.20001220703125</ele>
        <time>2025-01-01T12:31:46Z</time>
      </trkpt>
      <trkpt lat="46.26082129776478" lon="15.128541123121977">
        <ele>272.3999938964844</ele>
        <time>2025-01-01T12:31:47Z</time>
      </trkpt>
      <trkpt lat="46.26086287200451" lon="15.128617398440838">
        <ele>272.3999938964844</ele>
        <time>2025-01-01T12:31:48Z</time>
      </trkpt>
      <trkpt lat="46.26090511679649" lon="15.128693422302604">
        <ele>272.20001220703125</ele>
        <time>2025-01-01T12:31:49Z</time>
      </trkpt>
      <trkpt lat="46.260948702692986" lon="15.128770703449845">
        <ele>272.20001220703125</ele>
        <time>2025-01-01T12:31:50Z</time>
      </trkpt>
      <trkpt lat="46.26099010929465" lon="15.128847900778055">
        <ele>272.20001220703125</ele>
        <time>2025-01-01T12:31:51Z</time>
      </trkpt>
      <trkpt lat="46.261031683534384" lon="15.128927528858185">
        <ele>272.20001220703125</ele>
        <time>2025-01-01T12:31:52Z</time>
      </trkpt>
      <trkpt lat="46.261072838678956" lon="15.12900891713798">
        <ele>272.20001220703125</ele>
        <time>2025-01-01T12:31:54Z</time>
      </trkpt>
      <trkpt lat="46.26111147925258" lon="15.129090556874871">
        <ele>272.20001220703125</ele>
        <time>2025-01-01T12:31:55Z</time>
      </trkpt>
      <trkpt lat="46.26115037128329" lon="15.129170017316937">
        <ele>272.20001220703125</ele>
        <time>2025-01-01T12:31:56Z</time>
      </trkpt>
      <trkpt lat="46.261186581104994" lon="15.12925073504448">
        <ele>272.20001220703125</ele>
        <time>2025-01-01T12:31:57Z</time>
      </trkpt>
      <trkpt lat="46.26122346147895" lon="15.12933581136167">
        <ele>272.20001220703125</ele>
        <time>2025-01-01T12:31:58Z</time>
      </trkpt>
      <trkpt lat="46.26125983893871" lon="15.129420049488544">
        <ele>272.20001220703125</ele>
        <time>2025-01-01T12:31:59Z</time>
      </trkpt>
      <trkpt lat="46.261295545846224" lon="15.129504958167672">
        <ele>272.3999938964844</ele>
        <time>2025-01-01T12:32:01Z</time>
      </trkpt>
      <trkpt lat="46.26133158802986" lon="15.129589280113578">
        <ele>272.3999938964844</ele>
        <time>2025-01-01T12:32:02Z</time>
      </trkpt>
      <trkpt lat="46.2613676302135" lon="15.129675278440118">
        <ele>272.3999938964844</ele>
        <time>2025-01-01T12:32:03Z</time>
      </trkpt>
      <trkpt lat="46.26140442676842" lon="15.129760941490531">
        <ele>272.3999938964844</ele>
        <time>2025-01-01T12:32:04Z</time>
      </trkpt>
      <trkpt lat="46.261441642418504" lon="15.129849119111896">
        <ele>272.3999938964844</ele>
        <time>2025-01-01T12:32:06Z</time>
      </trkpt>
      <trkpt lat="46.261479863896966" lon="15.129937883466482">
        <ele>272.3999938964844</ele>
        <time>2025-01-01T12:32:07Z</time>
      </trkpt>
      <trkpt lat="46.261519594118" lon="15.130025390535593">
        <ele>272.3999938964844</ele>
        <time>2025-01-01T12:32:08Z</time>
      </trkpt>
      <trkpt lat="46.26156502403319" lon="15.130104767158628">
        <ele>272.3999938964844</ele>
        <time>2025-01-01T12:32:09Z</time>
      </trkpt>
      <trkpt lat="46.261621098965406" lon="15.130171235650778">
        <ele>272.3999938964844</ele>
        <time>2025-01-01T12:32:11Z</time>
      </trkpt>
      <trkpt lat="46.261685052886605" lon="15.130222700536251">
        <ele>272.3999938964844</ele>
        <time>2025-01-01T12:32:12Z</time>
      </trkpt>
      <trkpt lat="46.261754455044866" lon="15.130260586738586">
        <ele>272.3999938964844</ele>
        <time>2025-01-01T12:32:13Z</time>
      </trkpt>
      <trkpt lat="46.2618285510689" lon="15.130289420485497">
        <ele>272.3999938964844</ele>
        <time>2025-01-01T12:32:14Z</time>
      </trkpt>
      <trkpt lat="46.26190331764519" lon="15.130315907299519">
        <ele>272.3999938964844</ele>
        <time>2025-01-01T12:32:16Z</time>
      </trkpt>
      <trkpt lat="46.26197758130729" lon="15.130340633913875">
        <ele>272.6000061035156</ele>
        <time>2025-01-01T12:32:17Z</time>
      </trkpt>
      <trkpt lat="46.262053437530994" lon="15.130362259224057">
        <ele>272.6000061035156</ele>
        <time>2025-01-01T12:32:19Z</time>
      </trkpt>
      <trkpt lat="46.26212954521179" lon="15.130383297801018">
        <ele>272.6000061035156</ele>
        <time>2025-01-01T12:32:20Z</time>
      </trkpt>
      <trkpt lat="46.26220799982548" lon="15.130401151254773">
        <ele>272.6000061035156</ele>
        <time>2025-01-01T12:32:21Z</time>
      </trkpt>
      <trkpt lat="46.26228586770594" lon="15.130420178174973">
        <ele>272.6000061035156</ele>
        <time>2025-01-01T12:32:23Z</time>
      </trkpt>
      <trkpt lat="46.26236314885318" lon="15.130442138761282">
        <ele>272.6000061035156</ele>
        <time>2025-01-01T12:32:24Z</time>
      </trkpt>
      <trkpt lat="46.26243917271495" lon="15.130466781556606">
        <ele>272.3999938964844</ele>
        <time>2025-01-01T12:32:25Z</time>
      </trkpt>
      <trkpt lat="46.262515950948" lon="15.130491005256772">
        <ele>272.20001220703125</ele>
        <time>2025-01-01T12:32:26Z</time>
      </trkpt>
      <trkpt lat="46.26259029842913" lon="15.130515228956938">
        <ele>272.20001220703125</ele>
        <time>2025-01-01T12:32:28Z</time>
      </trkpt>
      <trkpt lat="46.26266598701477" lon="15.130542470142245">
        <ele>272.20001220703125</ele>
        <time>2025-01-01T12:32:29Z</time>
      </trkpt>
      <trkpt lat="46.2627421785146" lon="15.130571890622377">
        <ele>272.20001220703125</ele>
        <time>2025-01-01T12:32:30Z</time>
      </trkpt>
      <trkpt lat="46.26281853765249" lon="15.130599467083812">
        <ele>272.20001220703125</ele>
        <time>2025-01-01T12:32:32Z</time>
      </trkpt>
      <trkpt lat="46.2628941424191" lon="15.130625702440739">
        <ele>272.20001220703125</ele>
        <time>2025-01-01T12:32:33Z</time>
      </trkpt>
      <trkpt lat="46.262972094118595" lon="15.130649590864778">
        <ele>272.20001220703125</ele>
        <time>2025-01-01T12:32:34Z</time>
      </trkpt>
      <trkpt lat="46.26304996199906" lon="15.13067364692688">
        <ele>272.0</ele>
        <time>2025-01-01T12:32:35Z</time>
      </trkpt>
      <trkpt lat="46.26312715932727" lon="15.130698708817363">
        <ele>272.0</ele>
        <time>2025-01-01T12:32:37Z</time>
      </trkpt>
      <trkpt lat="46.26320410519838" lon="15.130723267793655">
        <ele>271.79998779296875</ele>
        <time>2025-01-01T12:32:38Z</time>
      </trkpt>
      <trkpt lat="46.26327929086983" lon="15.130751095712185">
        <ele>271.79998779296875</ele>
        <time>2025-01-01T12:32:39Z</time>
      </trkpt>
      <trkpt lat="46.263352297246456" lon="15.130784874781966">
        <ele>271.79998779296875</ele>
        <time>2025-01-01T12:32:41Z</time>
      </trkpt>
      <trkpt lat="46.26342178322375" lon="15.13082711957395">
        <ele>271.79998779296875</ele>
        <time>2025-01-01T12:32:42Z</time>
      </trkpt>
      <trkpt lat="46.26348598860204" lon="15.13088176958263">
        <ele>271.79998779296875</ele>
        <time>2025-01-01T12:32:43Z</time>
      </trkpt>
      <trkpt lat="46.26354415901005" lon="15.130950417369604">
        <ele>271.79998779296875</ele>
        <time>2025-01-01T12:32:44Z</time>
      </trkpt>
      <trkpt lat="46.26359394751489" lon="15.131029626354575">
        <ele>272.0</ele>
        <time>2025-01-01T12:32:46Z</time>
      </trkpt>
      <trkpt lat="46.263639545068145" lon="15.131112691015005">
        <ele>272.0</ele>
        <time>2025-01-01T12:32:47Z</time>
      </trkpt>
      <trkpt lat="46.2636851426214" lon="15.1311940792948">
        <ele>272.0</ele>
        <time>2025-01-01T12:32:48Z</time>
      </trkpt>
      <trkpt lat="46.263735266402364" lon="15.131267672404647">
        <ele>272.20001220703125</ele>
        <time>2025-01-01T12:32:50Z</time>
      </trkpt>
      <trkpt lat="46.26379176042974" lon="15.131331542506814">
        <ele>272.20001220703125</ele>
        <time>2025-01-01T12:32:51Z</time>
      </trkpt>
      <trkpt lat="46.26385521143675" lon="15.131386443972588">
        <ele>272.3999938964844</ele>
        <time>2025-01-01T12:32:53Z</time>
      </trkpt>
      <trkpt lat="46.263922434300184" lon="15.13142952695489">
        <ele>272.3999938964844</ele>
        <time>2025-01-01T12:32:54Z</time>
      </trkpt>
      <trkpt lat="46.263992339372635" lon="15.131464144214988">
        <ele>272.3999938964844</ele>
        <time>2025-01-01T12:32:55Z</time>
      </trkpt>
      <trkpt lat="46.26406291499734" lon="15.131495827808976">
        <ele>272.3999938964844</ele>
        <time>2025-01-01T12:32:56Z</time>
      </trkpt>
      <trkpt lat="46.2641323171556" lon="15.131521057337523">
        <ele>272.3999938964844</ele>
        <time>2025-01-01T12:32:58Z</time>
      </trkpt>
      <trkpt lat="46.264200462028384" lon="15.131545113399625">
        <ele>272.20001220703125</ele>
        <time>2025-01-01T12:32:59Z</time>
      </trkpt>
      <trkpt lat="46.26426860690117" lon="15.131572941318154">
        <ele>272.20001220703125</ele>
        <time>2025-01-01T12:33:00Z</time>
      </trkpt>
      <trkpt lat="46.26433524303138" lon="15.131602948531508">
        <ele>272.20001220703125</ele>
        <time>2025-01-01T12:33:01Z</time>
      </trkpt>
      <trkpt lat="46.26440154388547" lon="15.131636392325163">
        <ele>272.20001220703125</ele>
        <time>2025-01-01T12:33:02Z</time>
      </trkpt>
      <trkpt lat="46.26446449197829" lon="15.131675703451037">
        <ele>272.20001220703125</ele>
        <time>2025-01-01T12:33:03Z</time>
      </trkpt>
      <trkpt lat="46.26451981253922" lon="15.131730437278748">
        <ele>272.20001220703125</ele>
        <time>2025-01-01T12:33:05Z</time>
      </trkpt>
      <trkpt lat="46.26455996185541" lon="15.131805958226323">
        <ele>272.20001220703125</ele>
        <time>2025-01-01T12:33:06Z</time>
      </trkpt>
      <trkpt lat="46.264583515003324" lon="15.131894974038005">
        <ele>272.20001220703125</ele>
        <time>2025-01-01T12:33:07Z</time>
      </trkpt>
      <trkpt lat="46.264595249667764" lon="15.131988851353526">
        <ele>272.20001220703125</ele>
        <time>2025-01-01T12:33:08Z</time>
      </trkpt>
      <trkpt lat="46.26460061408579" lon="15.132086416706443">
        <ele>272.20001220703125</ele>
        <time>2025-01-01T12:33:09Z</time>
      </trkpt>
      <trkpt lat="46.264601703733206" lon="15.132187334820628">
        <ele>272.20001220703125</ele>
        <time>2025-01-01T12:33:10Z</time>
      </trkpt>
      <trkpt lat="46.264603631570935" lon="15.132285570725799">
        <ele>272.20001220703125</ele>
        <time>2025-01-01T12:33:11Z</time>
      </trkpt>
      <trkpt lat="46.2646088283509" lon="15.132381459698081">
        <ele>272.20001220703125</ele>
        <time>2025-01-01T12:33:13Z</time>
      </trkpt>
      <trkpt lat="46.26461519859731" lon="15.132478857412934">
        <ele>272.20001220703125</ele>
        <time>2025-01-01T12:33:14Z</time>
      </trkpt>
      <trkpt lat="46.26462399959564" lon="15.13257591985166">
        <ele>272.20001220703125</ele>
        <time>2025-01-01T12:33:15Z</time>
      </trkpt>
      <trkpt lat="46.26463263295591" lon="15.132669880986214">
        <ele>272.20001220703125</ele>
        <time>2025-01-01T12:33:16Z</time>
      </trkpt>
      <trkpt lat="46.2646400090307" lon="15.132761998102069">
        <ele>272.0</ele>
        <time>2025-01-01T12:33:17Z</time>
      </trkpt>
      <trkpt lat="46.26465157605708" lon="15.132852187380195">
        <ele>272.0</ele>
        <time>2025-01-01T12:33:18Z</time>
      </trkpt>
      <trkpt lat="46.264667082577944" lon="15.1329399459064">
        <ele>272.0</ele>
        <time>2025-01-01T12:33:19Z</time>
      </trkpt>
      <trkpt lat="46.26468267291784" lon="15.133029213175178">
        <ele>271.79998779296875</ele>
        <time>2025-01-01T12:33:20Z</time>
      </trkpt>
      <trkpt lat="46.26470119692385" lon="15.133120659738779">
        <ele>271.79998779296875</ele>
        <time>2025-01-01T12:33:21Z</time>
      </trkpt>
      <trkpt lat="46.264716032892466" lon="15.133214872330427">
        <ele>272.0</ele>
        <time>2025-01-01T12:33:22Z</time>
      </trkpt>
      <trkpt lat="46.2647211458534" lon="15.13330983929336">
        <ele>271.79998779296875</ele>
        <time>2025-01-01T12:33:23Z</time>
      </trkpt>
      <trkpt lat="46.264719972386956" lon="15.133407823741436">
        <ele>271.79998779296875</ele>
        <time>2025-01-01T12:33:25Z</time>
      </trkpt>
      <trkpt lat="46.264715446159244" lon="15.1335081551224">
        <ele>271.79998779296875</ele>
        <time>2025-01-01T12:33:26Z</time>
      </trkpt>
      <trkpt lat="46.264701280742884" lon="15.13360446318984">
        <ele>271.79998779296875</ele>
        <time>2025-01-01T12:33:27Z</time>
      </trkpt>
      <trkpt lat="46.26467680558562" lon="15.133696999400854">
        <ele>271.79998779296875</ele>
        <time>2025-01-01T12:33:28Z</time>
      </trkpt>
      <trkpt lat="46.264646127820015" lon="15.133787104859948">
        <ele>271.6000061035156</ele>
        <time>2025-01-01T12:33:29Z</time>
      </trkpt>
      <trkpt lat="46.2646125163883" lon="15.133874444290996">
        <ele>271.6000061035156</ele>
        <time>2025-01-01T12:33:30Z</time>
      </trkpt>
      <trkpt lat="46.264576222747564" lon="15.133955832570791">
        <ele>271.6000061035156</ele>
        <time>2025-01-01T12:33:31Z</time>
      </trkpt>
      <trkpt lat="46.26453749835491" lon="15.13403546065092">
        <ele>271.6000061035156</ele>
        <time>2025-01-01T12:33:33Z</time>
      </trkpt>
      <trkpt lat="46.264499528333545" lon="15.134115507826209">
        <ele>271.6000061035156</ele>
        <time>2025-01-01T12:33:34Z</time>
      </trkpt>
      <trkpt lat="46.264462899416685" lon="15.134197734296322">
        <ele>271.6000061035156</ele>
        <time>2025-01-01T12:33:35Z</time>
      </trkpt>
      <trkpt lat="46.264427779242396" lon="15.134281050413847">
        <ele>271.6000061035156</ele>
        <time>2025-01-01T12:33:36Z</time>
      </trkpt>
      <trkpt lat="46.264395425096154" lon="15.134367467835546">
        <ele>271.6000061035156</ele>
        <time>2025-01-01T12:33:37Z</time>
      </trkpt>
      <trkpt lat="46.2643635738641" lon="15.134455393999815">
        <ele>271.3999938964844</ele>
        <time>2025-01-01T12:33:38Z</time>
      </trkpt>
      <trkpt lat="46.264331890270114" lon="15.134539632126689">
        <ele>271.3999938964844</ele>
        <time>2025-01-01T12:33:39Z</time>
      </trkpt>
      <trkpt lat="46.264297273010015" lon="15.134618505835533">
        <ele>271.3999938964844</ele>
        <time>2025-01-01T12:33:41Z</time>
      </trkpt>
      <trkpt lat="46.26426173374057" lon="15.13470089994371">
        <ele>271.20001220703125</ele>
        <time>2025-01-01T12:33:41Z</time>
      </trkpt>
      <trkpt lat="46.264227367937565" lon="15.134787568822503">
        <ele>271.20001220703125</ele>
        <time>2025-01-01T12:33:43Z</time>
      </trkpt>
      <trkpt lat="46.2641978636384" lon="15.13487490825355">
        <ele>271.20001220703125</ele>
        <time>2025-01-01T12:33:44Z</time>
      </trkpt>
      <trkpt lat="46.26416794024408" lon="15.134960822761059">
        <ele>271.20001220703125</ele>
        <time>2025-01-01T12:33:45Z</time>
      </trkpt>
      <trkpt lat="46.2641339097172" lon="15.135042713955045">
        <ele>271.3999938964844</ele>
        <time>2025-01-01T12:33:46Z</time>
      </trkpt>
      <trkpt lat="46.26409778371453" lon="15.135122509673238">
        <ele>271.3999938964844</ele>
        <time>2025-01-01T12:33:47Z</time>
      </trkpt>
      <trkpt lat="46.264065178111196" lon="15.135200880467892">
        <ele>271.20001220703125</ele>
        <time>2025-01-01T12:33:48Z</time>
      </trkpt>
      <trkpt lat="46.26403357833624" lon="15.135280340909958">
        <ele>271.3999938964844</ele>
        <time>2025-01-01T12:33:50Z</time>
      </trkpt>
      <trkpt lat="46.263998709619045" lon="15.135356364771724">
        <ele>271.3999938964844</ele>
        <time>2025-01-01T12:33:51Z</time>
      </trkpt>
      <trkpt lat="46.263961493968964" lon="15.135428197681904">
        <ele>271.20001220703125</ele>
        <time>2025-01-01T12:33:52Z</time>
      </trkpt>
      <trkpt lat="46.263924362137914" lon="15.135496007278562">
        <ele>271.20001220703125</ele>
        <time>2025-01-01T12:33:53Z</time>
      </trkpt>
      <trkpt lat="46.26388840377331" lon="15.135564152151346">
        <ele>271.20001220703125</ele>
        <time>2025-01-01T12:33:54Z</time>
      </trkpt>
      <trkpt lat="46.26385093666613" lon="15.135631375014782">
        <ele>271.20001220703125</ele>
        <time>2025-01-01T12:33:55Z</time>
      </trkpt>
      <trkpt lat="46.26381380483508" lon="15.135699100792408">
        <ele>271.20001220703125</ele>
        <time>2025-01-01T12:33:56Z</time>
      </trkpt>
      <trkpt lat="46.26377994194627" lon="15.135763809084892">
        <ele>271.20001220703125</ele>
        <time>2025-01-01T12:33:57Z</time>
      </trkpt>
      <trkpt lat="46.26374532468617" lon="15.135830445215106">
        <ele>271.20001220703125</ele>
        <time>2025-01-01T12:33:58Z</time>
      </trkpt>
      <trkpt lat="46.26370953395963" lon="15.135889034718275">
        <ele>271.20001220703125</ele>
        <time>2025-01-01T12:33:59Z</time>
      </trkpt>
      <trkpt lat="46.26366863027215" lon="15.135942762717605">
        <ele>271.20001220703125</ele>
        <time>2025-01-01T12:33:59Z</time>
      </trkpt>
      <trkpt lat="46.26362546347082" lon="15.13599774800241">
        <ele>271.0</ele>
        <time>2025-01-01T12:34:00Z</time>
      </trkpt>
      <trkpt lat="46.26357961446047" lon="15.136053990572691">
        <ele>271.0</ele>
        <time>2025-01-01T12:34:01Z</time>
      </trkpt>
      <trkpt lat="46.263532591983676" lon="15.136110736057162">
        <ele>271.0</ele>
        <time>2025-01-01T12:34:02Z</time>
      </trkpt>
      <trkpt lat="46.263481713831425" lon="15.136166559532285">
        <ele>271.0</ele>
        <time>2025-01-01T12:34:03Z</time>
      </trkpt>
      <trkpt lat="46.26343150623143" lon="15.136221125721931">
        <ele>270.79998779296875</ele>
        <time>2025-01-01T12:34:04Z</time>
      </trkpt>
      <trkpt lat="46.26338431611657" lon="15.13627870939672">
        <ele>270.79998779296875</ele>
        <time>2025-01-01T12:34:05Z</time>
      </trkpt>
      <trkpt lat="46.263342993333936" lon="15.136344423517585">
        <ele>270.79998779296875</ele>
        <time>2025-01-01T12:34:06Z</time>
      </trkpt>
      <trkpt lat="46.26330737024546" lon="15.136415921151638">
        <ele>270.79998779296875</ele>
        <time>2025-01-01T12:34:08Z</time>
      </trkpt>
      <trkpt lat="46.263274094089866" lon="15.136490939185023">
        <ele>270.79998779296875</ele>
        <time>2025-01-01T12:34:09Z</time>
      </trkpt>
      <trkpt lat="46.263242829591036" lon="15.136568052694201">
        <ele>270.6000061035156</ele>
        <time>2025-01-01T12:34:09Z</time>
      </trkpt>
      <trkpt lat="46.26321173273027" lon="15.136646339669824">
        <ele>270.6000061035156</ele>
        <time>2025-01-01T12:34:11Z</time>
      </trkpt>
      <trkpt lat="46.2631840724498" lon="15.136727811768651">
        <ele>270.6000061035156</ele>
        <time>2025-01-01T12:34:12Z</time>
      </trkpt>
      <trkpt lat="46.26315959729254" lon="15.136810122057796">
        <ele>270.6000061035156</ele>
        <time>2025-01-01T12:34:13Z</time>
      </trkpt>
      <trkpt lat="46.2631393969059" lon="15.13689486309886">
        <ele>270.6000061035156</ele>
        <time>2025-01-01T12:34:14Z</time>
      </trkpt>
      <trkpt lat="46.263122633099556" lon="15.136981531977654">
        <ele>270.6000061035156</ele>
        <time>2025-01-01T12:34:15Z</time>
      </trkpt>
      <trkpt lat="46.26311207190156" lon="15.13706979341805">
        <ele>270.3999938964844</ele>
        <time>2025-01-01T12:34:16Z</time>
      </trkpt>
      <trkpt lat="46.26310419291258" lon="15.137161575257778">
        <ele>270.3999938964844</ele>
        <time>2025-01-01T12:34:17Z</time>
      </trkpt>
      <trkpt lat="46.263096230104566" lon="15.137252351269126">
        <ele>270.3999938964844</ele>
        <time>2025-01-01T12:34:18Z</time>
      </trkpt>
      <trkpt lat="46.26309094950557" lon="15.13734295964241">
        <ele>270.3999938964844</ele>
        <time>2025-01-01T12:34:19Z</time>
      </trkpt>
      <trkpt lat="46.26308709383011" lon="15.137432143092155">
        <ele>270.3999938964844</ele>
        <time>2025-01-01T12:34:20Z</time>
      </trkpt>
      <trkpt lat="46.26308323815465" lon="15.137520907446742">
        <ele>270.3999938964844</ele>
        <time>2025-01-01T12:34:21Z</time>
      </trkpt>
      <trkpt lat="46.26307829283178" lon="15.137609085068107">
        <ele>270.3999938964844</ele>
        <time>2025-01-01T12:34:22Z</time>
      </trkpt>
      <trkpt lat="46.26307477243245" lon="15.137697849422693">
        <ele>270.3999938964844</ele>
        <time>2025-01-01T12:34:23Z</time>
      </trkpt>
      <trkpt lat="46.26307745464146" lon="15.137787535786629">
        <ele>270.3999938964844</ele>
        <time>2025-01-01T12:34:24Z</time>
      </trkpt>
      <trkpt lat="46.26309120096266" lon="15.137880491092801">
        <ele>270.3999938964844</ele>
        <time>2025-01-01T12:34:25Z</time>
      </trkpt>
      <trkpt lat="46.26310922205448" lon="15.137969758361578">
        <ele>270.3999938964844</ele>
        <time>2025-01-01T12:34:26Z</time>
      </trkpt>
      <trkpt lat="46.26312573440373" lon="15.138055589050055">
        <ele>270.3999938964844</ele>
        <time>2025-01-01T12:34:28Z</time>
      </trkpt>
      <trkpt lat="46.26314082182944" lon="15.138143934309483">
        <ele>270.3999938964844</ele>
        <time>2025-01-01T12:34:29Z</time>
      </trkpt>
      <trkpt lat="46.26315322704613" lon="15.138237224891782">
        <ele>270.20001220703125</ele>
        <time>2025-01-01T12:34:30Z</time>
      </trkpt>
      <trkpt lat="46.26316102221608" lon="15.138331018388271">
        <ele>270.20001220703125</ele>
        <time>2025-01-01T12:34:31Z</time>
      </trkpt>
      <trkpt lat="46.263164626434445" lon="15.138424979522824">
        <ele>270.20001220703125</ele>
        <time>2025-01-01T12:34:32Z</time>
      </trkpt>
      <trkpt lat="46.26316303387284" lon="15.138519192114472">
        <ele>270.20001220703125</ele>
        <time>2025-01-01T12:34:33Z</time>
      </trkpt>
      <trkpt lat="46.26316077075899" lon="15.138615416362882">
        <ele>270.20001220703125</ele>
        <time>2025-01-01T12:34:34Z</time>
      </trkpt>
      <trkpt lat="46.26316051930189" lon="15.138714155182242">
        <ele>270.20001220703125</ele>
        <time>2025-01-01T12:34:35Z</time>
      </trkpt>
      <trkpt lat="46.26315909437835" lon="15.13881180435419">
        <ele>270.20001220703125</ele>
        <time>2025-01-01T12:34:36Z</time>
      </trkpt>
      <trkpt lat="46.263153897598386" lon="15.138909202069044">
        <ele>270.0</ele>
        <time>2025-01-01T12:34:37Z</time>
      </trkpt>
      <trkpt lat="46.26314417459071" lon="15.139006599783897">
        <ele>270.0</ele>
        <time>2025-01-01T12:34:39Z</time>
      </trkpt>
      <trkpt lat="46.26313294284046" lon="15.139104332774878">
        <ele>270.0</ele>
        <time>2025-01-01T12:34:40Z</time>
      </trkpt>
      <trkpt lat="46.2631187774241" lon="15.139200054109097">
        <ele>269.79998779296875</ele>
        <time>2025-01-01T12:34:41Z</time>
      </trkpt>
      <trkpt lat="46.26310142688453" lon="15.139294853433967">
        <ele>269.79998779296875</ele>
        <time>2025-01-01T12:34:42Z</time>
      </trkpt>
      <trkpt lat="46.26308089122176" lon="15.1393898203969">
        <ele>269.79998779296875</ele>
        <time>2025-01-01T12:34:43Z</time>
      </trkpt>
      <trkpt lat="46.263056667521596" lon="15.13947824947536">
        <ele>269.6000061035156</ele>
        <time>2025-01-01T12:34:44Z</time>
      </trkpt>
      <trkpt lat="46.263031270354986" lon="15.139567852020264">
        <ele>269.6000061035156</ele>
        <time>2025-01-01T12:34:45Z</time>
      </trkpt>
      <trkpt lat="46.26300369389355" lon="15.139657286927104">
        <ele>269.6000061035156</ele>
        <time>2025-01-01T12:34:46Z</time>
      </trkpt>
      <trkpt lat="46.26297636888921" lon="15.139744961634278">
        <ele>269.3999938964844</ele>
        <time>2025-01-01T12:34:47Z</time>
      </trkpt>
      <trkpt lat="46.262949546799064" lon="15.139832133427262">
        <ele>269.3999938964844</ele>
        <time>2025-01-01T12:34:48Z</time>
      </trkpt>
      <trkpt lat="46.26292255707085" lon="15.13991947285831">
        <ele>269.3999938964844</ele>
        <time>2025-01-01T12:34:50Z</time>
      </trkpt>
      <trkpt lat="46.262892466038465" lon="15.140003627166152">
        <ele>269.3999938964844</ele>
        <time>2025-01-01T12:34:51Z</time>
      </trkpt>
      <trkpt lat="46.262859692797065" lon="15.14008761383593">
        <ele>269.3999938964844</ele>
        <time>2025-01-01T12:34:52Z</time>
      </trkpt>
      <trkpt lat="46.26282767392695" lon="15.14017017558217">
        <ele>269.3999938964844</ele>
        <time>2025-01-01T12:34:53Z</time>
      </trkpt>
      <trkpt lat="46.26279674470425" lon="15.14025567099452">
        <ele>269.3999938964844</ele>
        <time>2025-01-01T12:34:54Z</time>
      </trkpt>
      <trkpt lat="46.262762043625116" lon="15.140337478369474">
        <ele>269.3999938964844</ele>
        <time>2025-01-01T12:34:55Z</time>
      </trkpt>
      <trkpt lat="46.26272507943213" lon="15.140415178611875">
        <ele>269.20001220703125</ele>
        <time>2025-01-01T12:34:56Z</time>
      </trkpt>
      <trkpt lat="46.26268710941076" lon="15.140491789206862">
        <ele>269.20001220703125</ele>
        <time>2025-01-01T12:34:57Z</time>
      </trkpt>
      <trkpt lat="46.26264654099941" lon="15.140567226335406">
        <ele>269.20001220703125</ele>
        <time>2025-01-01T12:34:58Z</time>
      </trkpt>
      <trkpt lat="46.26260697841644" lon="15.14064316637814">
        <ele>269.20001220703125</ele>
        <time>2025-01-01T12:35:00Z</time>
      </trkpt>
      <trkpt lat="46.26256825402379" lon="15.140719441697001">
        <ele>269.20001220703125</ele>
        <time>2025-01-01T12:35:01Z</time>
      </trkpt>
      <trkpt lat="46.262528439983726" lon="15.140795214101672">
        <ele>269.20001220703125</ele>
        <time>2025-01-01T12:35:02Z</time>
      </trkpt>
      <trkpt lat="46.262488793581724" lon="15.140869477763772">
        <ele>269.20001220703125</ele>
        <time>2025-01-01T12:35:03Z</time>
      </trkpt>
      <trkpt lat="46.26244755461812" lon="15.14094172976911">
        <ele>269.20001220703125</ele>
        <time>2025-01-01T12:35:04Z</time>
      </trkpt>
      <trkpt lat="46.26240698620677" lon="15.141016077250242">
        <ele>269.20001220703125</ele>
        <time>2025-01-01T12:35:05Z</time>
      </trkpt>
      <trkpt lat="46.262371111661196" lon="15.14109461568296">
        <ele>269.0</ele>
        <time>2025-01-01T12:35:06Z</time>
      </trkpt>
      <trkpt lat="46.26233892515302" lon="15.141175836324692">
        <ele>269.0</ele>
        <time>2025-01-01T12:35:07Z</time>
      </trkpt>
      <trkpt lat="46.262309504672885" lon="15.141259990632534">
        <ele>269.0</ele>
        <time>2025-01-01T12:35:08Z</time>
      </trkpt>
      <trkpt lat="46.26228109002113" lon="15.141346491873264">
        <ele>269.0</ele>
        <time>2025-01-01T12:35:09Z</time>
      </trkpt>
      <trkpt lat="46.262254267930984" lon="15.141433160752058">
        <ele>269.0</ele>
        <time>2025-01-01T12:35:11Z</time>
      </trkpt>
      <trkpt lat="46.262231804430485" lon="15.141520332545042">
        <ele>269.0</ele>
        <time>2025-01-01T12:35:12Z</time>
      </trkpt>
      <trkpt lat="46.26221294514835" lon="15.14160968363285">
        <ele>268.79998779296875</ele>
        <time>2025-01-01T12:35:13Z</time>
      </trkpt>
      <trkpt lat="46.26219391822815" lon="15.141699202358723">
        <ele>268.79998779296875</ele>
        <time>2025-01-01T12:35:14Z</time>
      </trkpt>
      <trkpt lat="46.26217723824084" lon="15.141789140179753">
        <ele>268.79998779296875</ele>
        <time>2025-01-01T12:35:15Z</time>
      </trkpt>
      <trkpt lat="46.26216407865286" lon="15.141880670562387">
        <ele>268.79998779296875</ele>
        <time>2025-01-01T12:35:16Z</time>
      </trkpt>
      <trkpt lat="46.26215133816004" lon="15.141972452402115">
        <ele>268.79998779296875</ele>
        <time>2025-01-01T12:35:17Z</time>
      </trkpt>
      <trkpt lat="46.26213926821947" lon="15.142065910622478">
        <ele>268.79998779296875</ele>
        <time>2025-01-01T12:35:18Z</time>
      </trkpt>
      <trkpt lat="46.26212694682181" lon="15.142160207033157">
        <ele>268.79998779296875</ele>
        <time>2025-01-01T12:35:19Z</time>
      </trkpt>
      <trkpt lat="46.26211462542415" lon="15.142251905053854">
        <ele>268.79998779296875</ele>
        <time>2025-01-01T12:35:20Z</time>
      </trkpt>
      <trkpt lat="46.26210490241647" lon="15.142345363274217">
        <ele>268.6000061035156</ele>
        <time>2025-01-01T12:35:21Z</time>
      </trkpt>
      <trkpt lat="46.26209559850395" lon="15.142439408227801">
        <ele>268.6000061035156</ele>
        <time>2025-01-01T12:35:22Z</time>
      </trkpt>
      <trkpt lat="46.26208604313433" lon="15.142534878104925">
        <ele>268.6000061035156</ele>
        <time>2025-01-01T12:35:24Z</time>
      </trkpt>
      <trkpt lat="46.26207414083183" lon="15.142630347982049">
        <ele>268.6000061035156</ele>
        <time>2025-01-01T12:35:25Z</time>
      </trkpt>
      <trkpt lat="46.26206207089126" lon="15.142723638564348">
        <ele>268.6000061035156</ele>
        <time>2025-01-01T12:35:26Z</time>
      </trkpt>
      <trkpt lat="46.262048156931996" lon="15.14281558804214">
        <ele>268.6000061035156</ele>
        <time>2025-01-01T12:35:27Z</time>
      </trkpt>
      <trkpt lat="46.26203625462949" lon="15.142909968271852">
        <ele>268.6000061035156</ele>
        <time>2025-01-01T12:35:28Z</time>
      </trkpt>
      <trkpt lat="46.26202485524118" lon="15.143006527796388">
        <ele>268.6000061035156</ele>
        <time>2025-01-01T12:35:29Z</time>
      </trkpt>
      <trkpt lat="46.262013455852866" lon="15.143103674054146">
        <ele>268.3999938964844</ele>
        <time>2025-01-01T12:35:30Z</time>
      </trkpt>
      <trkpt lat="46.262003146111965" lon="15.14319864101708">
        <ele>268.3999938964844</ele>
        <time>2025-01-01T12:35:31Z</time>
      </trkpt>
      <trkpt lat="46.26199409365654" lon="15.14329344034195">
        <ele>268.3999938964844</ele>
        <time>2025-01-01T12:35:33Z</time>
      </trkpt>
      <trkpt lat="46.26198856160045" lon="15.143388491123915">
        <ele>268.3999938964844</ele>
        <time>2025-01-01T12:35:34Z</time>
      </trkpt>
      <trkpt lat="46.26198931597173" lon="15.143484631553292">
        <ele>268.3999938964844</ele>
        <time>2025-01-01T12:35:35Z</time>
      </trkpt>
      <trkpt lat="46.26199468038976" lon="15.143579179421067">
        <ele>268.6000061035156</ele>
        <time>2025-01-01T12:35:36Z</time>
      </trkpt>
      <trkpt lat="46.26200976781547" lon="15.143671799451113">
        <ele>268.6000061035156</ele>
        <time>2025-01-01T12:35:37Z</time>
      </trkpt>
      <trkpt lat="46.262030052021146" lon="15.143762743100524">
        <ele>268.6000061035156</ele>
        <time>2025-01-01T12:35:38Z</time>
      </trkpt>
      <trkpt lat="46.262054862454534" lon="15.143852345645428">
        <ele>268.79998779296875</ele>
        <time>2025-01-01T12:35:40Z</time>
      </trkpt>
      <trkpt lat="46.26208302564919" lon="15.143940607085824">
        <ele>268.79998779296875</ele>
        <time>2025-01-01T12:35:41Z</time>
      </trkpt>
      <trkpt lat="46.262111188843846" lon="15.144028784707189">
        <ele>268.79998779296875</ele>
        <time>2025-01-01T12:35:42Z</time>
      </trkpt>
      <trkpt lat="46.26214228570461" lon="15.144116710871458">
        <ele>268.79998779296875</ele>
        <time>2025-01-01T12:35:43Z</time>
      </trkpt>
      <trkpt lat="46.26217195764184" lon="15.144202709197998">
        <ele>268.6000061035156</ele>
        <time>2025-01-01T12:35:44Z</time>
      </trkpt>
      <trkpt lat="46.26220112666488" lon="15.144287198781967">
        <ele>268.6000061035156</ele>
        <time>2025-01-01T12:35:45Z</time>
      </trkpt>
      <trkpt lat="46.26223213970661" lon="15.144372610375285">
        <ele>268.6000061035156</ele>
        <time>2025-01-01T12:35:46Z</time>
      </trkpt>
      <trkpt lat="46.26226633787155" lon="15.144455758854747">
        <ele>268.6000061035156</ele>
        <time>2025-01-01T12:35:48Z</time>
      </trkpt>
      <trkpt lat="46.26230129040778" lon="15.144536476582289">
        <ele>268.6000061035156</ele>
        <time>2025-01-01T12:35:49Z</time>
      </trkpt>
      <trkpt lat="46.262334985658526" lon="15.144619373604655">
        <ele>268.3999938964844</ele>
        <time>2025-01-01T12:35:50Z</time>
      </trkpt>
      <trkpt lat="46.26236977055669" lon="15.144702354446054">
        <ele>268.3999938964844</ele>
        <time>2025-01-01T12:35:51Z</time>
      </trkpt>
      <trkpt lat="46.26240405254066" lon="15.144785419106483">
        <ele>268.3999938964844</ele>
        <time>2025-01-01T12:35:52Z</time>
      </trkpt>
      <trkpt lat="46.26243925653398" lon="15.144869489595294">
        <ele>268.20001220703125</ele>
        <time>2025-01-01T12:35:53Z</time>
      </trkpt>
      <trkpt lat="46.262474628165364" lon="15.144953895360231">
        <ele>268.20001220703125</ele>
        <time>2025-01-01T12:35:54Z</time>
      </trkpt>
      <trkpt lat="46.262506982311606" lon="15.145040480419993">
        <ele>268.20001220703125</ele>
        <time>2025-01-01T12:35:55Z</time>
      </trkpt>
      <trkpt lat="46.262528356164694" lon="15.145130837336183">
        <ele>268.20001220703125</ele>
        <time>2025-01-01T12:35:56Z</time>
      </trkpt>
      <trkpt lat="46.26254126429558" lon="15.145223792642355">
        <ele>268.20001220703125</ele>
        <time>2025-01-01T12:35:58Z</time>
      </trkpt>
      <trkpt lat="46.262545455247164" lon="15.145318927243352">
        <ele>268.20001220703125</ele>
        <time>2025-01-01T12:35:59Z</time>
      </trkpt>
      <trkpt lat="46.26254511997104" lon="15.145414061844349">
        <ele>268.0</ele>
        <time>2025-01-01T12:36:00Z</time>
      </trkpt>
      <trkpt lat="46.2625400070101" lon="15.145508693531156">
        <ele>268.0</ele>
        <time>2025-01-01T12:36:01Z</time>
      </trkpt>
      <trkpt lat="46.262531876564026" lon="15.145604414865375">
        <ele>268.0</ele>
        <time>2025-01-01T12:36:02Z</time>
      </trkpt>
      <trkpt lat="46.26252232119441" lon="15.14570097438991">
        <ele>268.0</ele>
        <time>2025-01-01T12:36:03Z</time>
      </trkpt>
      <trkpt lat="46.262512765824795" lon="15.145797450095415">
        <ele>268.0</ele>
        <time>2025-01-01T12:36:04Z</time>
      </trkpt>
      <trkpt lat="46.26250237226486" lon="15.145895769819617">
        <ele>268.0</ele>
        <time>2025-01-01T12:36:05Z</time>
      </trkpt>
      <trkpt lat="46.26249340362847" lon="15.145993083715439">
        <ele>267.79998779296875</ele>
        <time>2025-01-01T12:36:06Z</time>
      </trkpt>
      <trkpt lat="46.26248334534466" lon="15.146090229973197">
        <ele>267.79998779296875</ele>
        <time>2025-01-01T12:36:08Z</time>
      </trkpt>
      <trkpt lat="46.26247529871762" lon="15.146188046783209">
        <ele>267.79998779296875</ele>
        <time>2025-01-01T12:36:09Z</time>
      </trkpt>
      <trkpt lat="46.26246792264283" lon="15.146287623792887">
        <ele>267.79998779296875</ele>
        <time>2025-01-01T12:36:10Z</time>
      </trkpt>
      <trkpt lat="46.26245928928256" lon="15.146385608240962">
        <ele>267.6000061035156</ele>
        <time>2025-01-01T12:36:11Z</time>
      </trkpt>
      <trkpt lat="46.26245208084583" lon="15.146483844146132">
        <ele>267.6000061035156</ele>
        <time>2025-01-01T12:36:12Z</time>
      </trkpt>
      <trkpt lat="46.262444788590074" lon="15.146582834422588">
        <ele>267.6000061035156</ele>
        <time>2025-01-01T12:36:13Z</time>
      </trkpt>
      <trkpt lat="46.26243682578206" lon="15.146681740880013">
        <ele>267.3999938964844</ele>
        <time>2025-01-01T12:36:14Z</time>
      </trkpt>
      <trkpt lat="46.26243028789759" lon="15.146777965128422">
        <ele>267.3999938964844</ele>
        <time>2025-01-01T12:36:15Z</time>
      </trkpt>
      <trkpt lat="46.26242324709892" lon="15.146874440833926">
        <ele>267.3999938964844</ele>
        <time>2025-01-01T12:36:17Z</time>
      </trkpt>
      <trkpt lat="46.262417966499925" lon="15.146972425282001">
        <ele>267.3999938964844</ele>
        <time>2025-01-01T12:36:18Z</time>
      </trkpt>
      <trkpt lat="46.2624139431864" lon="15.147069152444601">
        <ele>267.20001220703125</ele>
        <time>2025-01-01T12:36:19Z</time>
      </trkpt>
      <trkpt lat="46.26240950077772" lon="15.147167388349771">
        <ele>267.20001220703125</ele>
        <time>2025-01-01T12:36:20Z</time>
      </trkpt>
      <trkpt lat="46.262405309826136" lon="15.147262690588832">
        <ele>267.20001220703125</ele>
        <time>2025-01-01T12:36:21Z</time>
      </trkpt>
      <trkpt lat="46.26240103505552" lon="15.147357992827892">
        <ele>267.20001220703125</ele>
        <time>2025-01-01T12:36:22Z</time>
      </trkpt>
      <trkpt lat="46.26239583827555" lon="15.14745463617146">
        <ele>267.20001220703125</ele>
        <time>2025-01-01T12:36:23Z</time>
      </trkpt>
      <trkpt lat="46.262389635667205" lon="15.147550692781806">
        <ele>267.20001220703125</ele>
        <time>2025-01-01T12:36:24Z</time>
      </trkpt>
      <trkpt lat="46.262387707829475" lon="15.147647000849247">
        <ele>267.20001220703125</ele>
        <time>2025-01-01T12:36:26Z</time>
      </trkpt>
      <trkpt lat="46.26238745637238" lon="15.147745236754417">
        <ele>267.0</ele>
        <time>2025-01-01T12:36:27Z</time>
      </trkpt>
      <trkpt lat="46.26238544471562" lon="15.147840538993478">
        <ele>267.0</ele>
        <time>2025-01-01T12:36:28Z</time>
      </trkpt>
      <trkpt lat="46.26238385215402" lon="15.14793693087995">
        <ele>267.0</ele>
        <time>2025-01-01T12:36:29Z</time>
      </trkpt>
      <trkpt lat="46.262380834668875" lon="15.148031562566757">
        <ele>267.0</ele>
        <time>2025-01-01T12:36:30Z</time>
      </trkpt>
      <trkpt lat="46.262377398088574" lon="15.148125439882278">
        <ele>267.0</ele>
        <time>2025-01-01T12:36:31Z</time>
      </trkpt>
      <trkpt lat="46.26237555406988" lon="15.148220742121339">
        <ele>267.0</ele>
        <time>2025-01-01T12:36:32Z</time>
      </trkpt>
      <trkpt lat="46.26237714663148" lon="15.14831755310297">
        <ele>267.0</ele>
        <time>2025-01-01T12:36:33Z</time>
      </trkpt>
      <trkpt lat="46.262379409745336" lon="15.148412771522999">
        <ele>266.79998779296875</ele>
        <time>2025-01-01T12:36:34Z</time>
      </trkpt>
      <trkpt lat="46.26237907446921" lon="15.148507906123996">
        <ele>266.79998779296875</ele>
        <time>2025-01-01T12:36:35Z</time>
      </trkpt>
      <trkpt lat="46.26237723045051" lon="15.148604968562722">
        <ele>266.79998779296875</ele>
        <time>2025-01-01T12:36:37Z</time>
      </trkpt>
      <trkpt lat="46.26237521879375" lon="15.148699767887592">
        <ele>266.79998779296875</ele>
        <time>2025-01-01T12:36:38Z</time>
      </trkpt>
      <trkpt lat="46.262372536584735" lon="15.148794399574399">
        <ele>266.6000061035156</ele>
        <time>2025-01-01T12:36:39Z</time>
      </trkpt>
      <trkpt lat="46.2623690161854" lon="15.148889534175396">
        <ele>266.6000061035156</ele>
        <time>2025-01-01T12:36:40Z</time>
      </trkpt>
      <trkpt lat="46.262367675080895" lon="15.14898399822414">
        <ele>266.6000061035156</ele>
        <time>2025-01-01T12:36:41Z</time>
      </trkpt>
      <trkpt lat="46.26236826181412" lon="15.149078629910946">
        <ele>266.6000061035156</ele>
        <time>2025-01-01T12:36:42Z</time>
      </trkpt>
      <trkpt lat="46.262369183823466" lon="15.149173513054848">
        <ele>266.6000061035156</ele>
        <time>2025-01-01T12:36:43Z</time>
      </trkpt>
      <trkpt lat="46.26237127929926" lon="15.149266049265862">
        <ele>266.3999938964844</ele>
        <time>2025-01-01T12:36:44Z</time>
      </trkpt>
      <trkpt lat="46.26237127929926" lon="15.149361854419112">
        <ele>266.3999938964844</ele>
        <time>2025-01-01T12:36:45Z</time>
      </trkpt>
      <trkpt lat="46.26237069256604" lon="15.14945849776268">
        <ele>266.3999938964844</ele>
        <time>2025-01-01T12:36:46Z</time>
      </trkpt>
      <trkpt lat="46.26237027347088" lon="15.149554051458836">
        <ele>266.20001220703125</ele>
        <time>2025-01-01T12:36:47Z</time>
      </trkpt>
      <trkpt lat="46.2623727042228" lon="15.14965195208788">
        <ele>266.20001220703125</ele>
        <time>2025-01-01T12:36:48Z</time>
      </trkpt>
      <trkpt lat="46.26237706281245" lon="15.149749098345637">
        <ele>266.20001220703125</ele>
        <time>2025-01-01T12:36:50Z</time>
      </trkpt>
      <trkpt lat="46.26238510943949" lon="15.14984448440373">
        <ele>266.20001220703125</ele>
        <time>2025-01-01T12:36:51Z</time>
      </trkpt>
      <trkpt lat="46.262394497171044" lon="15.149941043928266">
        <ele>266.20001220703125</ele>
        <time>2025-01-01T12:36:52Z</time>
      </trkpt>
      <trkpt lat="46.26240489073098" lon="15.150036681443453">
        <ele>266.20001220703125</ele>
        <time>2025-01-01T12:36:53Z</time>
      </trkpt>
      <trkpt lat="46.26241662539542" lon="15.150131145492196">
        <ele>266.20001220703125</ele>
        <time>2025-01-01T12:36:54Z</time>
      </trkpt>
      <trkpt lat="46.26242567785084" lon="15.150226363912225">
        <ele>266.0</ele>
        <time>2025-01-01T12:36:55Z</time>
      </trkpt>
      <trkpt lat="46.26243598759174" lon="15.150323091074824">
        <ele>266.0</ele>
        <time>2025-01-01T12:36:56Z</time>
      </trkpt>
      <trkpt lat="46.262443950399756" lon="15.150420907884836">
        <ele>266.0</ele>
        <time>2025-01-01T12:36:58Z</time>
      </trkpt>
      <trkpt lat="46.26244990155101" lon="15.150520484894514">
        <ele>265.79998779296875</ele>
        <time>2025-01-01T12:36:59Z</time>
      </trkpt>
      <trkpt lat="46.26245149411261" lon="15.15061897225678">
        <ele>265.79998779296875</ele>
        <time>2025-01-01T12:37:00Z</time>
      </trkpt>
      <trkpt lat="46.26244889572263" lon="15.150718130171299">
        <ele>265.79998779296875</ele>
        <time>2025-01-01T12:37:01Z</time>
      </trkpt>
      <trkpt lat="46.26244319602847" lon="15.150816952809691">
        <ele>265.6000061035156</ele>
        <time>2025-01-01T12:37:02Z</time>
      </trkpt>
      <trkpt lat="46.26243523322046" lon="15.15091560781002">
        <ele>265.6000061035156</ele>
        <time>2025-01-01T12:37:03Z</time>
      </trkpt>
      <trkpt lat="46.26242886297405" lon="15.151013508439064">
        <ele>265.3999938964844</ele>
        <time>2025-01-01T12:37:04Z</time>
      </trkpt>
      <trkpt lat="46.26241930760443" lon="15.151111157611012">
        <ele>265.3999938964844</ele>
        <time>2025-01-01T12:37:05Z</time>
      </trkpt>
      <trkpt lat="46.26240740530193" lon="15.15120872296393">
        <ele>265.3999938964844</ele>
        <time>2025-01-01T12:37:06Z</time>
      </trkpt>
      <trkpt lat="46.26239466480911" lon="15.151308802887797">
        <ele>265.3999938964844</ele>
        <time>2025-01-01T12:37:08Z</time>
      </trkpt>
      <trkpt lat="46.262383265420794" lon="15.151404272764921">
        <ele>265.3999938964844</ele>
        <time>2025-01-01T12:37:09Z</time>
      </trkpt>
      <trkpt lat="46.262372033670545" lon="15.151499826461077">
        <ele>265.3999938964844</ele>
        <time>2025-01-01T12:37:10Z</time>
      </trkpt>
      <trkpt lat="46.26235753297806" lon="15.151592949405313">
        <ele>265.20001220703125</ele>
        <time>2025-01-01T12:37:11Z</time>
      </trkpt>
      <trkpt lat="46.262339847162366" lon="15.15168422833085">
        <ele>265.20001220703125</ele>
        <time>2025-01-01T12:37:12Z</time>
      </trkpt>
      <trkpt lat="46.262317802757025" lon="15.151774669066072">
        <ele>265.0</ele>
        <time>2025-01-01T12:37:13Z</time>
      </trkpt>
      <trkpt lat="46.2622931599617" lon="15.151860751211643">
        <ele>265.0</ele>
        <time>2025-01-01T12:37:14Z</time>
      </trkpt>
      <trkpt lat="46.26226323656738" lon="15.151938535273075">
        <ele>265.0</ele>
        <time>2025-01-01T12:37:15Z</time>
      </trkpt>
      <trkpt lat="46.262231385335326" lon="15.152014726772904">
        <ele>264.79998779296875</ele>
        <time>2025-01-01T12:37:16Z</time>
      </trkpt>
      <trkpt lat="46.26219794154167" lon="15.152089912444353">
        <ele>264.79998779296875</ele>
        <time>2025-01-01T12:37:17Z</time>
      </trkpt>
      <trkpt lat="46.26216064207256" lon="15.152163421735168">
        <ele>264.79998779296875</ele>
        <time>2025-01-01T12:37:18Z</time>
      </trkpt>
      <trkpt lat="46.26212149858475" lon="15.152232069522142">
        <ele>264.6000061035156</ele>
        <time>2025-01-01T12:37:19Z</time>
      </trkpt>
      <trkpt lat="46.26207766123116" lon="15.152295352891088">
        <ele>264.6000061035156</ele>
        <time>2025-01-01T12:37:20Z</time>
      </trkpt>
      <trkpt lat="46.26203122548759" lon="15.152354193851352">
        <ele>264.6000061035156</ele>
        <time>2025-01-01T12:37:21Z</time>
      </trkpt>
      <trkpt lat="46.26198294572532" lon="15.152406748384237">
        <ele>264.6000061035156</ele>
        <time>2025-01-01T12:37:22Z</time>
      </trkpt>
      <trkpt lat="46.26193257048726" lon="15.15245134010911">
        <ele>264.3999938964844</ele>
        <time>2025-01-01T12:37:23Z</time>
      </trkpt>
      <trkpt lat="46.26188068650663" lon="15.152490232139826">
        <ele>264.3999938964844</ele>
        <time>2025-01-01T12:37:24Z</time>
      </trkpt>
      <trkpt lat="46.26182788051665" lon="15.152529291808605">
        <ele>264.20001220703125</ele>
        <time>2025-01-01T12:37:25Z</time>
      </trkpt>
      <trkpt lat="46.261773314327" lon="15.152569273486733">
        <ele>264.20001220703125</ele>
        <time>2025-01-01T12:37:26Z</time>
      </trkpt>
      <trkpt lat="46.26171707175672" lon="15.15261109918356">
        <ele>264.20001220703125</ele>
        <time>2025-01-01T12:37:27Z</time>
      </trkpt>
      <trkpt lat="46.26166233792901" lon="15.152654265984893">
        <ele>264.20001220703125</ele>
        <time>2025-01-01T12:37:28Z</time>
      </trkpt>
      <trkpt lat="46.26160844229162" lon="15.15269860625267">
        <ele>264.20001220703125</ele>
        <time>2025-01-01T12:37:29Z</time>
      </trkpt>
      <trkpt lat="46.261555049568415" lon="15.152743952348828">
        <ele>264.0</ele>
        <time>2025-01-01T12:37:30Z</time>
      </trkpt>
      <trkpt lat="46.26150350086391" lon="15.152791226282716">
        <ele>264.0</ele>
        <time>2025-01-01T12:37:31Z</time>
      </trkpt>
      <trkpt lat="46.261452874168754" lon="15.152840595692396">
        <ele>264.0</ele>
        <time>2025-01-01T12:37:32Z</time>
      </trkpt>
      <trkpt lat="46.261402079835534" lon="15.152891976758838">
        <ele>264.0</ele>
        <time>2025-01-01T12:37:33Z</time>
      </trkpt>
      <trkpt lat="46.26135505735874" lon="15.152945453301072">
        <ele>264.0</ele>
        <time>2025-01-01T12:37:34Z</time>
      </trkpt>
      <trkpt lat="46.261311220005155" lon="15.1530044618994">
        <ele>264.0</ele>
        <time>2025-01-01T12:37:35Z</time>
      </trkpt>
      <trkpt lat="46.26126897521317" lon="15.153066404163837">
        <ele>264.0</ele>
        <time>2025-01-01T12:37:36Z</time>
      </trkpt>
      <trkpt lat="46.261227652430534" lon="15.153131783008575">
        <ele>264.20001220703125</ele>
        <time>2025-01-01T12:37:37Z</time>
      </trkpt>
      <trkpt lat="46.26118507236242" lon="15.153199844062328">
        <ele>264.20001220703125</ele>
        <time>2025-01-01T12:37:39Z</time>
      </trkpt>
      <trkpt lat="46.26114274375141" lon="15.153266061097383">
        <ele>264.20001220703125</ele>
        <time>2025-01-01T12:37:40Z</time>
      </trkpt>
      <trkpt lat="46.26110251061618" lon="15.153336971998215">
        <ele>264.20001220703125</ele>
        <time>2025-01-01T12:37:41Z</time>
      </trkpt>
      <trkpt lat="46.261063450947404" lon="15.153409224003553">
        <ele>264.20001220703125</ele>
        <time>2025-01-01T12:37:42Z</time>
      </trkpt>
      <trkpt lat="46.26102279871702" lon="15.153482062742114">
        <ele>264.20001220703125</ele>
        <time>2025-01-01T12:37:43Z</time>
      </trkpt>
      <trkpt lat="46.260982900857925" lon="15.153557918965816">
        <ele>264.20001220703125</ele>
        <time>2025-01-01T12:37:44Z</time>
      </trkpt>
      <trkpt lat="46.26094484701753" lon="15.153632769361138">
        <ele>264.20001220703125</ele>
        <time>2025-01-01T12:37:45Z</time>
      </trkpt>
      <trkpt lat="46.26090595498681" lon="15.153708709403872">
        <ele>264.20001220703125</ele>
        <time>2025-01-01T12:37:46Z</time>
      </trkpt>
      <trkpt lat="46.26086689531803" lon="15.15378481708467">
        <ele>264.0</ele>
        <time>2025-01-01T12:37:47Z</time>
      </trkpt>
      <trkpt lat="46.26082565635443" lon="15.15386494807899">
        <ele>264.0</ele>
        <time>2025-01-01T12:37:48Z</time>
      </trkpt>
      <trkpt lat="46.26078416593373" lon="15.153943737968802">
        <ele>264.0</ele>
        <time>2025-01-01T12:37:50Z</time>
      </trkpt>
      <trkpt lat="46.26073990948498" lon="15.15401883982122">
        <ele>263.79998779296875</ele>
        <time>2025-01-01T12:37:51Z</time>
      </trkpt>
      <trkpt lat="46.26069724559784" lon="15.15409310348332">
        <ele>263.79998779296875</ele>
        <time>2025-01-01T12:37:52Z</time>
      </trkpt>
      <trkpt lat="46.26065567135811" lon="15.154169546440244">
        <ele>263.6000061035156</ele>
        <time>2025-01-01T12:37:53Z</time>
      </trkpt>
      <trkpt lat="46.260616360232234" lon="15.15424657613039">
        <ele>263.6000061035156</ele>
        <time>2025-01-01T12:37:54Z</time>
      </trkpt>
      <trkpt lat="46.26057696528733" lon="15.15432083979249">
        <ele>263.3999938964844</ele>
        <time>2025-01-01T12:37:55Z</time>
      </trkpt>
      <trkpt lat="46.260539665818214" lon="15.154395019635558">
        <ele>263.3999938964844</ele>
        <time>2025-01-01T12:37:56Z</time>
      </trkpt>
      <trkpt lat="46.26050295308232" lon="15.154469534754753">
        <ele>263.20001220703125</ele>
        <time>2025-01-01T12:37:57Z</time>
      </trkpt>
      <trkpt lat="46.260467329993844" lon="15.154544301331043">
        <ele>263.20001220703125</ele>
        <time>2025-01-01T12:37:58Z</time>
      </trkpt>
      <trkpt lat="46.260432628914714" lon="15.154619570821524">
        <ele>263.20001220703125</ele>
        <time>2025-01-01T12:37:59Z</time>
      </trkpt>
      <trkpt lat="46.26039926894009" lon="15.154694588854909">
        <ele>263.0</ele>
        <time>2025-01-01T12:38:00Z</time>
      </trkpt>
      <trkpt lat="46.260364735499024" lon="15.154765332117677">
        <ele>263.0</ele>
        <time>2025-01-01T12:38:01Z</time>
      </trkpt>
      <trkpt lat="46.260329112410545" lon="15.154834315180779">
        <ele>263.0</ele>
        <time>2025-01-01T12:38:02Z</time>
      </trkpt>
      <trkpt lat="46.26029524952173" lon="15.154901621863246">
        <ele>263.0</ele>
        <time>2025-01-01T12:38:03Z</time>
      </trkpt>
      <trkpt lat="46.26025803387165" lon="15.154965911060572">
        <ele>263.0</ele>
        <time>2025-01-01T12:38:04Z</time>
      </trkpt>
      <trkpt lat="46.26021897420287" lon="15.15502693131566">
        <ele>263.0</ele>
        <time>2025-01-01T12:38:05Z</time>
      </trkpt>
      <trkpt lat="46.26017631031573" lon="15.155089208856225">
        <ele>263.0</ele>
        <time>2025-01-01T12:38:06Z</time>
      </trkpt>
      <trkpt lat="46.26013356260955" lon="15.155151151120663">
        <ele>263.0</ele>
        <time>2025-01-01T12:38:07Z</time>
      </trkpt>
      <trkpt lat="46.26009022817016" lon="15.155210914090276">
        <ele>263.0</ele>
        <time>2025-01-01T12:38:08Z</time>
      </trkpt>
      <trkpt lat="46.260044882074" lon="15.155264558270574">
        <ele>263.0</ele>
        <time>2025-01-01T12:38:09Z</time>
      </trkpt>
      <trkpt lat="46.25999886542559" lon="15.155315855517983">
        <ele>263.0</ele>
        <time>2025-01-01T12:38:10Z</time>
      </trkpt>
      <trkpt lat="46.25995368696749" lon="15.155366146937013">
        <ele>263.0</ele>
        <time>2025-01-01T12:38:11Z</time>
      </trkpt>
      <trkpt lat="46.25990808941424" lon="15.155413839966059">
        <ele>263.0</ele>
        <time>2025-01-01T12:38:12Z</time>
      </trkpt>
      <trkpt lat="46.2598635815084" lon="15.155459772795439">
        <ele>263.0</ele>
        <time>2025-01-01T12:38:13Z</time>
      </trkpt>
      <trkpt lat="46.25981957651675" lon="15.155499503016472">
        <ele>263.0</ele>
        <time>2025-01-01T12:38:14Z</time>
      </trkpt>
      <trkpt lat="46.25978101976216" lon="15.155541496351361">
        <ele>263.0</ele>
        <time>2025-01-01T12:38:14Z</time>
      </trkpt>
      <trkpt lat="46.25975713133812" lon="15.155593547970057">
        <ele>263.0</ele>
        <time>2025-01-01T12:38:15Z</time>
      </trkpt>
      <trkpt lat="46.25975537113845" lon="15.155649203807116">
        <ele>263.0</ele>
        <time>2025-01-01T12:38:16Z</time>
      </trkpt>
      <trkpt lat="46.259772554039955" lon="15.15569924376905">
        <ele>263.0</ele>
        <time>2025-01-01T12:38:17Z</time>
      </trkpt>
      <trkpt lat="46.25980323180556" lon="15.155737465247512">
        <ele>263.0</ele>
        <time>2025-01-01T12:38:17Z</time>
      </trkpt>
      <trkpt lat="46.25984120182693" lon="15.155765125527978">
        <ele>263.0</ele>
        <time>2025-01-01T12:38:18Z</time>
      </trkpt>
      <trkpt lat="46.25988654792309" lon="15.155792869627476">
        <ele>263.0</ele>
        <time>2025-01-01T12:38:19Z</time>
      </trkpt>
      <trkpt lat="46.2599325645715" lon="15.155822290107608">
        <ele>263.0</ele>
        <time>2025-01-01T12:38:20Z</time>
      </trkpt>
      <trkpt lat="46.259977743029594" lon="15.15585271641612">
        <ele>262.79998779296875</ele>
        <time>2025-01-01T12:38:20Z</time>
      </trkpt>
      <trkpt lat="46.26002183184028" lon="15.155883561819792">
        <ele>262.79998779296875</ele>
        <time>2025-01-01T12:38:21Z</time>
      </trkpt>
      <trkpt lat="46.26006759703159" lon="15.155919771641493">
        <ele>262.79998779296875</ele>
        <time>2025-01-01T12:38:22Z</time>
      </trkpt>
      <trkpt lat="46.26011537387967" lon="15.15595531091094">
        <ele>262.79998779296875</ele>
        <time>2025-01-01T12:38:23Z</time>
      </trkpt>
      <trkpt lat="46.26016507856548" lon="15.155990347266197">
        <ele>262.79998779296875</ele>
        <time>2025-01-01T12:38:24Z</time>
      </trkpt>
      <trkpt lat="46.26021612435579" lon="15.156021695584059">
        <ele>262.79998779296875</ele>
        <time>2025-01-01T12:38:25Z</time>
      </trkpt>
      <trkpt lat="46.26026717014611" lon="15.156050529330969">
        <ele>262.79998779296875</ele>
        <time>2025-01-01T12:38:26Z</time>
      </trkpt>
      <trkpt lat="46.26032039523125" lon="15.156077602878213">
        <ele>262.79998779296875</ele>
        <time>2025-01-01T12:38:27Z</time>
      </trkpt>
      <trkpt lat="46.260374039411545" lon="15.156105933710933">
        <ele>263.0</ele>
        <time>2025-01-01T12:38:28Z</time>
      </trkpt>
      <trkpt lat="46.260426342487335" lon="15.156136527657509">
        <ele>263.0</ele>
        <time>2025-01-01T12:38:29Z</time>
      </trkpt>
      <trkpt lat="46.26048040576279" lon="15.156170139089227">
        <ele>263.0</ele>
        <time>2025-01-01T12:38:30Z</time>
      </trkpt>
      <trkpt lat="46.260534804314375" lon="15.156206013634801">
        <ele>263.0</ele>
        <time>2025-01-01T12:38:31Z</time>
      </trkpt>
      <trkpt lat="46.260588029399514" lon="15.156237445771694">
        <ele>263.0</ele>
        <time>2025-01-01T12:38:32Z</time>
      </trkpt>
      <trkpt lat="46.260641338303685" lon="15.15627097338438">
        <ele>263.0</ele>
        <time>2025-01-01T12:38:33Z</time>
      </trkpt>
      <trkpt lat="46.26069431193173" lon="15.156305003911257">
        <ele>263.0</ele>
        <time>2025-01-01T12:38:34Z</time>
      </trkpt>
      <trkpt lat="46.2607460282743" lon="15.156341968104243">
        <ele>263.0</ele>
        <time>2025-01-01T12:38:35Z</time>
      </trkpt>
      <trkpt lat="46.26079657115042" lon="15.156378010287881">
        <ele>263.0</ele>
        <time>2025-01-01T12:38:36Z</time>
      </trkpt>
      <trkpt lat="46.26084677875042" lon="15.156408939510584">
        <ele>263.0</ele>
        <time>2025-01-01T12:38:37Z</time>
      </trkpt>
      <trkpt lat="46.260892963036895" lon="15.156445987522602">
        <ele>263.0</ele>
        <time>2025-01-01T12:38:38Z</time>
      </trkpt>
      <trkpt lat="46.26092699356377" lon="15.156497871503234">
        <ele>263.0</ele>
        <time>2025-01-01T12:38:39Z</time>
      </trkpt>
      <trkpt lat="46.26094224862754" lon="15.15656459145248">
        <ele>263.0</ele>
        <time>2025-01-01T12:38:39Z</time>
      </trkpt>
      <trkpt lat="46.26093780621886" lon="15.156638519838452">
        <ele>263.0</ele>
        <time>2025-01-01T12:38:40Z</time>
      </trkpt>
      <trkpt lat="46.26092095859349" lon="15.156712615862489">
        <ele>263.0</ele>
        <time>2025-01-01T12:38:41Z</time>
      </trkpt>
      <trkpt lat="46.260899836197495" lon="15.156785370782018">
        <ele>263.0</ele>
        <time>2025-01-01T12:38:42Z</time>
      </trkpt>
      <trkpt lat="46.26087569631636" lon="15.156861478462815">
        <ele>263.0</ele>
        <time>2025-01-01T12:38:43Z</time>
      </trkpt>
      <trkpt lat="46.260851388797164" lon="15.156938089057803">
        <ele>263.0</ele>
        <time>2025-01-01T12:38:44Z</time>
      </trkpt>
      <trkpt lat="46.260828422382474" lon="15.157016711309552">
        <ele>263.0</ele>
        <time>2025-01-01T12:38:45Z</time>
      </trkpt>
      <trkpt lat="46.26080637797713" lon="15.157099524512887">
        <ele>263.0</ele>
        <time>2025-01-01T12:38:46Z</time>
      </trkpt>
      <trkpt lat="46.26078433357179" lon="15.157183762639761">
        <ele>263.0</ele>
        <time>2025-01-01T12:38:47Z</time>
      </trkpt>
      <trkpt lat="46.26076379790902" lon="15.157269844785333">
        <ele>263.0</ele>
        <time>2025-01-01T12:38:48Z</time>
      </trkpt>
      <trkpt lat="46.260743513703346" lon="15.157360788434744">
        <ele>263.0</ele>
        <time>2025-01-01T12:38:49Z</time>
      </trkpt>
      <trkpt lat="46.2607235647738" lon="15.157452654093504">
        <ele>262.79998779296875</ele>
        <time>2025-01-01T12:38:50Z</time>
      </trkpt>
      <trkpt lat="46.26070462167263" lon="15.15754627995193">
        <ele>262.79998779296875</ele>
        <time>2025-01-01T12:38:52Z</time>
      </trkpt>
      <trkpt lat="46.26068542711437" lon="15.157638983801007">
        <ele>262.79998779296875</ele>
        <time>2025-01-01T12:38:53Z</time>
      </trkpt>
      <trkpt lat="46.260668663308024" lon="15.157733364030719">
        <ele>262.6000061035156</ele>
        <time>2025-01-01T12:38:54Z</time>
      </trkpt>
      <trkpt lat="46.26065290533006" lon="15.157827995717525">
        <ele>262.6000061035156</ele>
        <time>2025-01-01T12:38:55Z</time>
      </trkpt>
      <trkpt lat="46.260637901723385" lon="15.15792204067111">
        <ele>262.6000061035156</ele>
        <time>2025-01-01T12:38:56Z</time>
      </trkpt>
      <trkpt lat="46.26062541268766" lon="15.158016169443727">
        <ele>262.6000061035156</ele>
        <time>2025-01-01T12:38:57Z</time>
      </trkpt>
      <trkpt lat="46.2606165278703" lon="15.158115327358246">
        <ele>262.6000061035156</ele>
        <time>2025-01-01T12:38:58Z</time>
      </trkpt>
      <trkpt lat="46.260606637224555" lon="15.158212892711163">
        <ele>262.6000061035156</ele>
        <time>2025-01-01T12:38:59Z</time>
      </trkpt>
      <trkpt lat="46.26059431582689" lon="15.158311212435365">
        <ele>262.3999938964844</ele>
        <time>2025-01-01T12:39:00Z</time>
      </trkpt>
      <trkpt lat="46.26058199442923" lon="15.158407101407647">
        <ele>262.3999938964844</ele>
        <time>2025-01-01T12:39:02Z</time>
      </trkpt>
      <trkpt lat="46.260569002479315" lon="15.158502319827676">
        <ele>262.3999938964844</ele>
        <time>2025-01-01T12:39:03Z</time>
      </trkpt>
      <trkpt lat="46.260555842891335" lon="15.158598208799958">
        <ele>262.3999938964844</ele>
        <time>2025-01-01T12:39:04Z</time>
      </trkpt>
      <trkpt lat="46.260545030236244" lon="15.158691080287099">
        <ele>262.3999938964844</ele>
        <time>2025-01-01T12:39:05Z</time>
      </trkpt>
      <trkpt lat="46.26053614541888" lon="15.158784789964557">
        <ele>262.3999938964844</ele>
        <time>2025-01-01T12:39:06Z</time>
      </trkpt>
      <trkpt lat="46.2605266738683" lon="15.158876404166222">
        <ele>262.20001220703125</ele>
        <time>2025-01-01T12:39:07Z</time>
      </trkpt>
      <trkpt lat="46.26051736995578" lon="15.15896969474852">
        <ele>262.20001220703125</ele>
        <time>2025-01-01T12:39:08Z</time>
      </trkpt>
      <trkpt lat="46.2605145201087" lon="15.159064745530486">
        <ele>262.20001220703125</ele>
        <time>2025-01-01T12:39:09Z</time>
      </trkpt>
      <trkpt lat="46.26051887869835" lon="15.159159628674388">
        <ele>262.20001220703125</ele>
        <time>2025-01-01T12:39:10Z</time>
      </trkpt>
      <trkpt lat="46.260523572564125" lon="15.159254763275385">
        <ele>262.20001220703125</ele>
        <time>2025-01-01T12:39:12Z</time>
      </trkpt>
      <trkpt lat="46.26052608713508" lon="15.159347131848335">
        <ele>262.20001220703125</ele>
        <time>2025-01-01T12:39:13Z</time>
      </trkpt>
      <trkpt lat="46.260526925325394" lon="15.159439416602254">
        <ele>262.20001220703125</ele>
        <time>2025-01-01T12:39:14Z</time>
      </trkpt>
      <trkpt lat="46.26052776351571" lon="15.159535640850663">
        <ele>262.20001220703125</ele>
        <time>2025-01-01T12:39:15Z</time>
      </trkpt>
      <trkpt lat="46.260529942810535" lon="15.15962884761393">
        <ele>262.20001220703125</ele>
        <time>2025-01-01T12:39:16Z</time>
      </trkpt>
      <trkpt lat="46.26053455285728" lon="15.159721216186881">
        <ele>262.20001220703125</ele>
        <time>2025-01-01T12:39:17Z</time>
      </trkpt>
      <trkpt lat="46.260541174560785" lon="15.159815764054656">
        <ele>262.20001220703125</ele>
        <time>2025-01-01T12:39:18Z</time>
      </trkpt>
      <trkpt lat="46.26055123284459" lon="15.15990930609405">
        <ele>262.0</ele>
        <time>2025-01-01T12:39:19Z</time>
      </trkpt>
      <trkpt lat="46.260562129318714" lon="15.160002764314413">
        <ele>262.0</ele>
        <time>2025-01-01T12:39:20Z</time>
      </trkpt>
      <trkpt lat="46.26057210378349" lon="15.160097647458315">
        <ele>262.0</ele>
        <time>2025-01-01T12:39:21Z</time>
      </trkpt>
      <trkpt lat="46.26058090478182" lon="15.160193620249629">
        <ele>261.79998779296875</ele>
        <time>2025-01-01T12:39:22Z</time>
      </trkpt>
      <trkpt lat="46.26058819703758" lon="15.16029093414545">
        <ele>261.79998779296875</ele>
        <time>2025-01-01T12:39:24Z</time>
      </trkpt>
      <trkpt lat="46.26059523783624" lon="15.160385984927416">
        <ele>261.79998779296875</ele>
        <time>2025-01-01T12:39:25Z</time>
      </trkpt>
      <trkpt lat="46.2606059666723" lon="15.160480448976159">
        <ele>261.79998779296875</ele>
        <time>2025-01-01T12:39:26Z</time>
      </trkpt>
      <trkpt lat="46.26061728224158" lon="15.160572566092014">
        <ele>261.79998779296875</ele>
        <time>2025-01-01T12:39:27Z</time>
      </trkpt>
      <trkpt lat="46.26062608323991" lon="15.160668203607202">
        <ele>261.79998779296875</ele>
        <time>2025-01-01T12:39:28Z</time>
      </trkpt>
      <trkpt lat="46.26063228584826" lon="15.160766942426562">
        <ele>261.79998779296875</ele>
        <time>2025-01-01T12:39:29Z</time>
      </trkpt>
      <trkpt lat="46.260637901723385" lon="15.160862999036908">
        <ele>261.79998779296875</ele>
        <time>2025-01-01T12:39:30Z</time>
      </trkpt>
      <trkpt lat="46.260647624731064" lon="15.16095687635243">
        <ele>261.79998779296875</ele>
        <time>2025-01-01T12:39:32Z</time>
      </trkpt>
      <trkpt lat="46.26065835356712" lon="15.161047149449587">
        <ele>261.79998779296875</ele>
        <time>2025-01-01T12:39:33Z</time>
      </trkpt>
      <trkpt lat="46.26066422089934" lon="15.161137338727713">
        <ele>261.79998779296875</ele>
        <time>2025-01-01T12:39:34Z</time>
      </trkpt>
      <trkpt lat="46.260670172050595" lon="15.161226019263268">
        <ele>261.6000061035156</ele>
        <time>2025-01-01T12:39:35Z</time>
      </trkpt>
      <trkpt lat="46.260676458477974" lon="15.161313358694315">
        <ele>261.6000061035156</ele>
        <time>2025-01-01T12:39:36Z</time>
      </trkpt>
      <trkpt lat="46.260684337466955" lon="15.16140061430633">
        <ele>261.6000061035156</ele>
        <time>2025-01-01T12:39:37Z</time>
      </trkpt>
      <trkpt lat="46.26069389283657" lon="15.161488121375442">
        <ele>261.6000061035156</ele>
        <time>2025-01-01T12:39:38Z</time>
      </trkpt>
      <trkpt lat="46.260702358558774" lon="15.161575125530362">
        <ele>261.6000061035156</ele>
        <time>2025-01-01T12:39:39Z</time>
      </trkpt>
      <trkpt lat="46.26071149483323" lon="15.161662632599473">
        <ele>261.6000061035156</ele>
        <time>2025-01-01T12:39:40Z</time>
      </trkpt>
      <trkpt lat="46.260720463469625" lon="15.16174997203052">
        <ele>261.6000061035156</ele>
        <time>2025-01-01T12:39:41Z</time>
      </trkpt>
      <trkpt lat="46.26072909682989" lon="15.161839239299297">
        <ele>261.6000061035156</ele>
        <time>2025-01-01T12:39:42Z</time>
      </trkpt>
      <trkpt lat="46.260738568380475" lon="15.161929344758391">
        <ele>261.6000061035156</ele>
        <time>2025-01-01T12:39:43Z</time>
      </trkpt>
      <trkpt lat="46.26074745319784" lon="15.16201769001782">
        <ele>261.6000061035156</ele>
        <time>2025-01-01T12:39:44Z</time>
      </trkpt>
      <trkpt lat="46.260755667462945" lon="15.162107544019818">
        <ele>261.3999938964844</ele>
        <time>2025-01-01T12:39:45Z</time>
      </trkpt>
      <trkpt lat="46.260762037709355" lon="15.162199074402452">
        <ele>261.3999938964844</ele>
        <time>2025-01-01T12:39:46Z</time>
      </trkpt>
      <trkpt lat="46.26076706685126" lon="15.162290101870894">
        <ele>261.3999938964844</ele>
        <time>2025-01-01T12:39:47Z</time>
      </trkpt>
      <trkpt lat="46.260771844536066" lon="15.162381548434496">
        <ele>261.3999938964844</ele>
        <time>2025-01-01T12:39:48Z</time>
      </trkpt>
      <trkpt lat="46.26077653840184" lon="15.162474671378732">
        <ele>261.3999938964844</ele>
        <time>2025-01-01T12:39:49Z</time>
      </trkpt>
      <trkpt lat="46.26078098081052" lon="15.162567710503936">
        <ele>261.3999938964844</ele>
        <time>2025-01-01T12:39:50Z</time>
      </trkpt>
      <trkpt lat="46.2607838306576" lon="15.162661001086235">
        <ele>261.3999938964844</ele>
        <time>2025-01-01T12:39:52Z</time>
      </trkpt>
      <trkpt lat="46.26078533940017" lon="15.162756470963359">
        <ele>261.3999938964844</ele>
        <time>2025-01-01T12:39:53Z</time>
      </trkpt>
      <trkpt lat="46.26078668050468" lon="15.162852024659514">
        <ele>261.3999938964844</ele>
        <time>2025-01-01T12:39:54Z</time>
      </trkpt>
      <trkpt lat="46.26078877598047" lon="15.162946656346321">
        <ele>261.20001220703125</ele>
        <time>2025-01-01T12:39:55Z</time>
      </trkpt>
      <trkpt lat="46.260793721303344" lon="15.163041707128286">
        <ele>261.3999938964844</ele>
        <time>2025-01-01T12:39:56Z</time>
      </trkpt>
      <trkpt lat="46.260798247531056" lon="15.16313566826284">
        <ele>261.3999938964844</ele>
        <time>2025-01-01T12:39:57Z</time>
      </trkpt>
      <trkpt lat="46.26080034300685" lon="15.163229797035456">
        <ele>261.3999938964844</ele>
        <time>2025-01-01T12:39:58Z</time>
      </trkpt>
      <trkpt lat="46.26080268993974" lon="15.163327027112246">
        <ele>261.3999938964844</ele>
        <time>2025-01-01T12:40:00Z</time>
      </trkpt>
      <trkpt lat="46.260802103206515" lon="15.163420988246799">
        <ele>261.3999938964844</ele>
        <time>2025-01-01T12:40:01Z</time>
      </trkpt>
      <trkpt lat="46.26080185174942" lon="15.163513608276844">
        <ele>261.3999938964844</ele>
        <time>2025-01-01T12:40:02Z</time>
      </trkpt>
      <trkpt lat="46.26080227084458" lon="15.163606647402048">
        <ele>261.3999938964844</ele>
        <time>2025-01-01T12:40:03Z</time>
      </trkpt>
      <trkpt lat="46.26080151647329" lon="15.16369960270822">
        <ele>261.3999938964844</ele>
        <time>2025-01-01T12:40:04Z</time>
      </trkpt>
      <trkpt lat="46.26080034300685" lon="15.163792222738266">
        <ele>261.3999938964844</ele>
        <time>2025-01-01T12:40:05Z</time>
      </trkpt>
      <trkpt lat="46.26079849898815" lon="15.163884591311216">
        <ele>261.3999938964844</ele>
        <time>2025-01-01T12:40:06Z</time>
      </trkpt>
      <trkpt lat="46.26079791225493" lon="15.163979222998023">
        <ele>261.3999938964844</ele>
        <time>2025-01-01T12:40:07Z</time>
      </trkpt>
      <trkpt lat="46.260797241702676" lon="15.164072010666132">
        <ele>261.3999938964844</ele>
        <time>2025-01-01T12:40:08Z</time>
      </trkpt>
      <trkpt lat="46.2607978284359" lon="15.1641652174294">
        <ele>261.6000061035156</ele>
        <time>2025-01-01T12:40:10Z</time>
      </trkpt>
      <trkpt lat="46.2607994209975" lon="15.164258508011699">
        <ele>261.6000061035156</ele>
        <time>2025-01-01T12:40:11Z</time>
      </trkpt>
      <trkpt lat="46.260799672454596" lon="15.164352552965283">
        <ele>261.6000061035156</ele>
        <time>2025-01-01T12:40:12Z</time>
      </trkpt>
      <trkpt lat="46.26080076210201" lon="15.164447100833058">
        <ele>261.6000061035156</ele>
        <time>2025-01-01T12:40:13Z</time>
      </trkpt>
      <trkpt lat="46.26080000773072" lon="15.164540894329548">
        <ele>261.6000061035156</ele>
        <time>2025-01-01T12:40:14Z</time>
      </trkpt>
      <trkpt lat="46.26079841516912" lon="15.164634436368942">
        <ele>261.6000061035156</ele>
        <time>2025-01-01T12:40:15Z</time>
      </trkpt>
      <trkpt lat="46.26079548150301" lon="15.164727810770273">
        <ele>261.79998779296875</ele>
        <time>2025-01-01T12:40:17Z</time>
      </trkpt>
      <trkpt lat="46.260794308036566" lon="15.164820095524192">
        <ele>261.79998779296875</ele>
        <time>2025-01-01T12:40:18Z</time>
      </trkpt>
      <trkpt lat="46.26079455949366" lon="15.164913050830364">
        <ele>261.79998779296875</ele>
        <time>2025-01-01T12:40:19Z</time>
      </trkpt>
      <trkpt lat="46.26079355366528" lon="15.165006341412663">
        <ele>261.79998779296875</ele>
        <time>2025-01-01T12:40:20Z</time>
      </trkpt>
      <trkpt lat="46.26079313457012" lon="15.165101056918502">
        <ele>261.79998779296875</ele>
        <time>2025-01-01T12:40:21Z</time>
      </trkpt>
      <trkpt lat="46.26079455949366" lon="15.165196191519499">
        <ele>261.79998779296875</ele>
        <time>2025-01-01T12:40:22Z</time>
      </trkpt>
      <trkpt lat="46.26079447567463" lon="15.165292415767908">
        <ele>261.79998779296875</ele>
        <time>2025-01-01T12:40:23Z</time>
      </trkpt>
      <trkpt lat="46.26079489476979" lon="15.165386628359556">
        <ele>261.79998779296875</ele>
        <time>2025-01-01T12:40:24Z</time>
      </trkpt>
      <trkpt lat="46.260796654969454" lon="15.16548310406506">
        <ele>261.79998779296875</ele>
        <time>2025-01-01T12:40:25Z</time>
      </trkpt>
      <trkpt lat="46.26079807989299" lon="15.165578490123153">
        <ele>261.6000061035156</ele>
        <time>2025-01-01T12:40:26Z</time>
      </trkpt>
      <trkpt lat="46.260797660797834" lon="15.165673373267055">
        <ele>261.79998779296875</ele>
        <time>2025-01-01T12:40:28Z</time>
      </trkpt>
      <trkpt lat="46.260796235874295" lon="15.165767669677734">
        <ele>261.6000061035156</ele>
        <time>2025-01-01T12:40:29Z</time>
      </trkpt>
      <trkpt lat="46.260795230045915" lon="15.165861463174224">
        <ele>261.6000061035156</ele>
        <time>2025-01-01T12:40:30Z</time>
      </trkpt>
      <trkpt lat="46.26079590059817" lon="15.165956262499094">
        <ele>261.6000061035156</ele>
        <time>2025-01-01T12:40:31Z</time>
      </trkpt>
      <trkpt lat="46.26079606823623" lon="15.16605181619525">
        <ele>261.6000061035156</ele>
        <time>2025-01-01T12:40:32Z</time>
      </trkpt>
      <trkpt lat="46.26079606823623" lon="15.166148710995913">
        <ele>261.6000061035156</ele>
        <time>2025-01-01T12:40:33Z</time>
      </trkpt>
      <trkpt lat="46.260796235874295" lon="15.166247198358178">
        <ele>261.6000061035156</ele>
        <time>2025-01-01T12:40:34Z</time>
      </trkpt>
      <trkpt lat="46.26079455949366" lon="15.166344176977873">
        <ele>261.6000061035156</ele>
        <time>2025-01-01T12:40:36Z</time>
      </trkpt>
      <trkpt lat="46.26079313457012" lon="15.16644082032144">
        <ele>261.6000061035156</ele>
        <time>2025-01-01T12:40:37Z</time>
      </trkpt>
      <trkpt lat="46.26079246401787" lon="15.16653704456985">
        <ele>261.3999938964844</ele>
        <time>2025-01-01T12:40:38Z</time>
      </trkpt>
      <trkpt lat="46.260793302208185" lon="15.16663427464664">
        <ele>261.3999938964844</ele>
        <time>2025-01-01T12:40:39Z</time>
      </trkpt>
      <trkpt lat="46.26079397276044" lon="15.166731253266335">
        <ele>261.3999938964844</ele>
        <time>2025-01-01T12:40:40Z</time>
      </trkpt>
      <trkpt lat="46.26079405657947" lon="15.166829153895378">
        <ele>261.3999938964844</ele>
        <time>2025-01-01T12:40:41Z</time>
      </trkpt>
      <trkpt lat="46.26079028472304" lon="15.166928730905056">
        <ele>261.3999938964844</ele>
        <time>2025-01-01T12:40:42Z</time>
      </trkpt>
      <trkpt lat="46.260786512866616" lon="15.167028224095702">
        <ele>261.3999938964844</ele>
        <time>2025-01-01T12:40:43Z</time>
      </trkpt>
      <trkpt lat="46.26078173518181" lon="15.167127717286348">
        <ele>261.20001220703125</ele>
        <time>2025-01-01T12:40:44Z</time>
      </trkpt>
      <trkpt lat="46.26077578403056" lon="15.167224444448948">
        <ele>261.0</ele>
        <time>2025-01-01T12:40:45Z</time>
      </trkpt>
      <trkpt lat="46.2607700843364" lon="15.167321842163801">
        <ele>261.0</ele>
        <time>2025-01-01T12:40:47Z</time>
      </trkpt>
      <trkpt lat="46.260764468461275" lon="15.167421251535416">
        <ele>260.79998779296875</ele>
        <time>2025-01-01T12:40:48Z</time>
      </trkpt>
      <trkpt lat="46.26075684092939" lon="15.167521080002189">
        <ele>260.79998779296875</ele>
        <time>2025-01-01T12:40:49Z</time>
      </trkpt>
      <trkpt lat="46.2607510574162" lon="15.167621495202184">
        <ele>260.6000061035156</ele>
        <time>2025-01-01T12:40:50Z</time>
      </trkpt>
      <trkpt lat="46.26074753701687" lon="15.167724257335067">
        <ele>260.6000061035156</ele>
        <time>2025-01-01T12:40:51Z</time>
      </trkpt>
      <trkpt lat="46.26074217259884" lon="15.167823666706681">
        <ele>260.6000061035156</ele>
        <time>2025-01-01T12:40:52Z</time>
      </trkpt>
      <trkpt lat="46.260736053809524" lon="15.167924165725708">
        <ele>260.6000061035156</ele>
        <time>2025-01-01T12:40:53Z</time>
      </trkpt>
      <trkpt lat="46.26072708517313" lon="15.168025000020862">
        <ele>260.6000061035156</ele>
        <time>2025-01-01T12:40:55Z</time>
      </trkpt>
      <trkpt lat="46.260720044374466" lon="15.168126672506332">
        <ele>260.6000061035156</ele>
        <time>2025-01-01T12:40:56Z</time>
      </trkpt>
      <trkpt lat="46.26071233302355" lon="15.168228093534708">
        <ele>260.3999938964844</ele>
        <time>2025-01-01T12:40:57Z</time>
      </trkpt>
      <trkpt lat="46.26070353202522" lon="15.1683269161731">
        <ele>260.3999938964844</ele>
        <time>2025-01-01T12:40:58Z</time>
      </trkpt>
      <trkpt lat="46.260693138465285" lon="15.168425990268588">
        <ele>260.3999938964844</ele>
        <time>2025-01-01T12:40:59Z</time>
      </trkpt>
      <trkpt lat="46.26068316400051" lon="15.168524142354727">
        <ele>260.20001220703125</ele>
        <time>2025-01-01T12:41:00Z</time>
      </trkpt>
      <trkpt lat="46.26067469827831" lon="15.168622294440866">
        <ele>260.20001220703125</ele>
        <time>2025-01-01T12:41:01Z</time>
      </trkpt>
      <trkpt lat="46.26066598109901" lon="15.168719859793782">
        <ele>260.20001220703125</ele>
        <time>2025-01-01T12:41:03Z</time>
      </trkpt>
      <trkpt lat="46.2606543302536" lon="15.168817425146699">
        <ele>260.20001220703125</ele>
        <time>2025-01-01T12:41:04Z</time>
      </trkpt>
      <trkpt lat="46.26063806936145" lon="15.168913481757045">
        <ele>260.20001220703125</ele>
        <time>2025-01-01T12:41:05Z</time>
      </trkpt>
      <trkpt lat="46.26061761751771" lon="15.169006520882249">
        <ele>260.20001220703125</ele>
        <time>2025-01-01T12:41:06Z</time>
      </trkpt>
      <trkpt lat="46.26059322617948" lon="15.169097883626819">
        <ele>260.20001220703125</ele>
        <time>2025-01-01T12:41:07Z</time>
      </trkpt>
      <trkpt lat="46.26056623645127" lon="15.16918589361012">
        <ele>260.20001220703125</ele>
        <time>2025-01-01T12:41:08Z</time>
      </trkpt>
      <trkpt lat="46.260537235066295" lon="15.169270383194089">
        <ele>260.20001220703125</ele>
        <time>2025-01-01T12:41:10Z</time>
      </trkpt>
      <trkpt lat="46.260508401319385" lon="15.169354369863868">
        <ele>260.20001220703125</ele>
        <time>2025-01-01T12:41:11Z</time>
      </trkpt>
      <trkpt lat="46.26048141159117" lon="15.1694390270859">
        <ele>260.0</ele>
        <time>2025-01-01T12:41:12Z</time>
      </trkpt>
      <trkpt lat="46.260453667491674" lon="15.169527288526297">
        <ele>260.0</ele>
        <time>2025-01-01T12:41:13Z</time>
      </trkpt>
      <trkpt lat="46.26042759977281" lon="15.1696134544909">
        <ele>260.0</ele>
        <time>2025-01-01T12:41:14Z</time>
      </trkpt>
      <trkpt lat="46.26040169969201" lon="15.169701464474201">
        <ele>260.0</ele>
        <time>2025-01-01T12:41:15Z</time>
      </trkpt>
      <trkpt lat="46.260378398001194" lon="15.169791067019105">
        <ele>260.0</ele>
        <time>2025-01-01T12:41:16Z</time>
      </trkpt>
      <trkpt lat="46.260356521233916" lon="15.169880418106914">
        <ele>260.0</ele>
        <time>2025-01-01T12:41:17Z</time>
      </trkpt>
      <trkpt lat="46.260338332504034" lon="15.169970272108912">
        <ele>260.0</ele>
        <time>2025-01-01T12:41:18Z</time>
      </trkpt>
      <trkpt lat="46.26032483763993" lon="15.17006297595799">
        <ele>260.0</ele>
        <time>2025-01-01T12:41:19Z</time>
      </trkpt>
      <trkpt lat="46.26031561754644" lon="15.17015635035932">
        <ele>259.79998779296875</ele>
        <time>2025-01-01T12:41:20Z</time>
      </trkpt>
      <trkpt lat="46.26031695865095" lon="15.170249976217747">
        <ele>259.79998779296875</ele>
        <time>2025-01-01T12:41:22Z</time>
      </trkpt>
      <trkpt lat="46.26033036969602" lon="15.170339830219746">
        <ele>259.79998779296875</ele>
        <time>2025-01-01T12:41:23Z</time>
      </trkpt>
      <trkpt lat="46.26036272384226" lon="15.170419123023748">
        <ele>259.6000061035156</ele>
        <time>2025-01-01T12:41:24Z</time>
      </trkpt>
      <trkpt lat="46.260406309738755" lon="15.170487267896533">
        <ele>259.6000061035156</ele>
        <time>2025-01-01T12:41:25Z</time>
      </trkpt>
      <trkpt lat="46.260457606986165" lon="15.17054669559002">
        <ele>259.6000061035156</ele>
        <time>2025-01-01T12:41:26Z</time>
      </trkpt>
      <trkpt lat="46.26051351428032" lon="15.170601094141603">
        <ele>259.6000061035156</ele>
        <time>2025-01-01T12:41:27Z</time>
      </trkpt>
      <trkpt lat="46.26056925393641" lon="15.170657085254788">
        <ele>259.3999938964844</ele>
        <time>2025-01-01T12:41:28Z</time>
      </trkpt>
      <trkpt lat="46.260625161230564" lon="15.170714585110545">
        <ele>259.3999938964844</ele>
        <time>2025-01-01T12:41:29Z</time>
      </trkpt>
      <trkpt lat="46.26067872159183" lon="15.170775186270475">
        <ele>259.3999938964844</ele>
        <time>2025-01-01T12:41:30Z</time>
      </trkpt>
      <trkpt lat="46.260730773210526" lon="15.170836793258786">
        <ele>259.20001220703125</ele>
        <time>2025-01-01T12:41:31Z</time>
      </trkpt>
      <trkpt lat="46.26078123226762" lon="15.170903597027063">
        <ele>259.20001220703125</ele>
        <time>2025-01-01T12:41:32Z</time>
      </trkpt>
      <trkpt lat="46.26082666218281" lon="15.17097576521337">
        <ele>259.20001220703125</ele>
        <time>2025-01-01T12:41:34Z</time>
      </trkpt>
      <trkpt lat="46.26086588948965" lon="15.171047430485487">
        <ele>259.20001220703125</ele>
        <time>2025-01-01T12:41:35Z</time>
      </trkpt>
      <trkpt lat="46.2609014287591" lon="15.171122699975967">
        <ele>259.20001220703125</ele>
        <time>2025-01-01T12:41:36Z</time>
      </trkpt>
      <trkpt lat="46.26093612983823" lon="15.171204758808017">
        <ele>259.3999938964844</ele>
        <time>2025-01-01T12:41:37Z</time>
      </trkpt>
      <trkpt lat="46.26097141765058" lon="15.17128405161202">
        <ele>259.3999938964844</ele>
        <time>2025-01-01T12:41:38Z</time>
      </trkpt>
      <trkpt lat="46.26100838184357" lon="15.17135689035058">
        <ele>259.6000061035156</ele>
        <time>2025-01-01T12:41:39Z</time>
      </trkpt>
      <trkpt lat="46.261048782616854" lon="15.17142386175692">
        <ele>259.6000061035156</ele>
        <time>2025-01-01T12:41:40Z</time>
      </trkpt>
      <trkpt lat="46.261091446504" lon="15.171489156782627">
        <ele>259.6000061035156</ele>
        <time>2025-01-01T12:41:42Z</time>
      </trkpt>
      <trkpt lat="46.26113645732403" lon="15.171554451808333">
        <ele>259.6000061035156</ele>
        <time>2025-01-01T12:41:43Z</time>
      </trkpt>
      <trkpt lat="46.26118347980082" lon="15.171613125130534">
        <ele>259.79998779296875</ele>
        <time>2025-01-01T12:41:44Z</time>
      </trkpt>
      <trkpt lat="46.26123326830566" lon="15.17166618257761">
        <ele>259.79998779296875</ele>
        <time>2025-01-01T12:41:45Z</time>
      </trkpt>
      <trkpt lat="46.26128573901951" lon="15.171709768474102">
        <ele>259.79998779296875</ele>
        <time>2025-01-01T12:41:46Z</time>
      </trkpt>
      <trkpt lat="46.26133971847594" lon="15.171748995780945">
        <ele>260.0</ele>
        <time>2025-01-01T12:41:47Z</time>
      </trkpt>
      <trkpt lat="46.261395374313" lon="15.17178051173687">
        <ele>260.0</ele>
        <time>2025-01-01T12:41:48Z</time>
      </trkpt>
      <trkpt lat="46.26145505346358" lon="15.171800712123513">
        <ele>260.20001220703125</ele>
        <time>2025-01-01T12:41:49Z</time>
      </trkpt>
      <trkpt lat="46.26151674427092" lon="15.17180691473186">
        <ele>260.20001220703125</ele>
        <time>2025-01-01T12:41:51Z</time>
      </trkpt>
      <trkpt lat="46.26157860271633" lon="15.171805322170258">
        <ele>260.20001220703125</ele>
        <time>2025-01-01T12:41:52Z</time>
      </trkpt>
      <trkpt lat="46.26164180226624" lon="15.171801801770926">
        <ele>260.20001220703125</ele>
        <time>2025-01-01T12:41:53Z</time>
      </trkpt>
      <trkpt lat="46.26170500181615" lon="15.17179668880999">
        <ele>260.20001220703125</ele>
        <time>2025-01-01T12:41:54Z</time>
      </trkpt>
      <trkpt lat="46.26176786608994" lon="15.171790570020676">
        <ele>260.20001220703125</ele>
        <time>2025-01-01T12:41:55Z</time>
      </trkpt>
      <trkpt lat="46.26183098182082" lon="15.171781852841377">
        <ele>260.20001220703125</ele>
        <time>2025-01-01T12:41:56Z</time>
      </trkpt>
      <trkpt lat="46.26189493574202" lon="15.171773470938206">
        <ele>260.20001220703125</ele>
        <time>2025-01-01T12:41:57Z</time>
      </trkpt>
      <trkpt lat="46.26195780001581" lon="15.17176827415824">
        <ele>260.20001220703125</ele>
        <time>2025-01-01T12:41:58Z</time>
      </trkpt>
      <trkpt lat="46.26202099956572" lon="15.171768022701144">
        <ele>260.20001220703125</ele>
        <time>2025-01-01T12:41:59Z</time>
      </trkpt>
      <trkpt lat="46.26208394765854" lon="15.171781433746219">
        <ele>260.20001220703125</ele>
        <time>2025-01-01T12:42:00Z</time>
      </trkpt>
      <trkpt lat="46.262143794447184" lon="15.17181571573019">
        <ele>260.20001220703125</ele>
        <time>2025-01-01T12:42:01Z</time>
      </trkpt>
      <trkpt lat="46.26220045611262" lon="15.171865001320839">
        <ele>260.0</ele>
        <time>2025-01-01T12:42:02Z</time>
      </trkpt>
      <trkpt lat="46.2622500769794" lon="15.171927697956562">
        <ele>260.0</ele>
        <time>2025-01-01T12:42:03Z</time>
      </trkpt>
      <trkpt lat="46.262291483581066" lon="15.172003386542201">
        <ele>260.0</ele>
        <time>2025-01-01T12:42:05Z</time>
      </trkpt>
      <trkpt lat="46.26232107169926" lon="15.172086283564568">
        <ele>260.0</ele>
        <time>2025-01-01T12:42:06Z</time>
      </trkpt>
      <trkpt lat="46.26234646886587" lon="15.172169180586934">
        <ele>260.0</ele>
        <time>2025-01-01T12:42:07Z</time>
      </trkpt>
      <trkpt lat="46.26237672753632" lon="15.172247299924493">
        <ele>260.0</ele>
        <time>2025-01-01T12:42:08Z</time>
      </trkpt>
      <trkpt lat="46.262409165501595" lon="15.172319719567895">
        <ele>260.20001220703125</ele>
        <time>2025-01-01T12:42:09Z</time>
      </trkpt>
      <trkpt lat="46.26244562678039" lon="15.172387948259711">
        <ele>260.3999938964844</ele>
        <time>2025-01-01T12:42:10Z</time>
      </trkpt>
      <trkpt lat="46.26248225569725" lon="15.17245332710445">
        <ele>260.3999938964844</ele>
        <time>2025-01-01T12:42:11Z</time>
      </trkpt>
      <trkpt lat="46.262517711147666" lon="15.172516023740172">
        <ele>260.6000061035156</ele>
        <time>2025-01-01T12:42:12Z</time>
      </trkpt>
      <trkpt lat="46.26255601644516" lon="15.172578133642673">
        <ele>260.6000061035156</ele>
        <time>2025-01-01T12:42:13Z</time>
      </trkpt>
      <trkpt lat="46.26259314827621" lon="15.172640578821301">
        <ele>260.79998779296875</ele>
        <time>2025-01-01T12:42:15Z</time>
      </trkpt>
      <trkpt lat="46.26262726262212" lon="15.172701263800263">
        <ele>260.79998779296875</ele>
        <time>2025-01-01T12:42:16Z</time>
      </trkpt>
      <trkpt lat="46.262664310634136" lon="15.172761026769876">
        <ele>261.0</ele>
        <time>2025-01-01T12:42:17Z</time>
      </trkpt>
      <trkpt lat="46.26270269975066" lon="15.172820454463363">
        <ele>261.20001220703125</ele>
        <time>2025-01-01T12:42:18Z</time>
      </trkpt>
      <trkpt lat="46.26274326816201" lon="15.172880217432976">
        <ele>261.20001220703125</ele>
        <time>2025-01-01T12:42:19Z</time>
      </trkpt>
      <trkpt lat="46.26278132200241" lon="15.17293956130743">
        <ele>261.20001220703125</ele>
        <time>2025-01-01T12:42:20Z</time>
      </trkpt>
      <trkpt lat="46.2628180347383" lon="15.172998402267694">
        <ele>261.3999938964844</ele>
        <time>2025-01-01T12:42:21Z</time>
      </trkpt>
      <trkpt lat="46.26285466365516" lon="15.173057494685054">
        <ele>261.3999938964844</ele>
        <time>2025-01-01T12:42:22Z</time>
      </trkpt>
      <trkpt lat="46.262891460210085" lon="15.173116838559508">
        <ele>261.6000061035156</ele>
        <time>2025-01-01T12:42:23Z</time>
      </trkpt>
      <trkpt lat="46.26292934641242" lon="15.173177188262343">
        <ele>261.79998779296875</ele>
        <time>2025-01-01T12:42:24Z</time>
      </trkpt>
      <trkpt lat="46.26296790316701" lon="15.173236448317766">
        <ele>261.79998779296875</ele>
        <time>2025-01-01T12:42:25Z</time>
      </trkpt>
      <trkpt lat="46.26300662755966" lon="15.17329378053546">
        <ele>262.0</ele>
        <time>2025-01-01T12:42:26Z</time>
      </trkpt>
      <trkpt lat="46.26304510049522" lon="15.173349855467677">
        <ele>262.0</ele>
        <time>2025-01-01T12:42:27Z</time>
      </trkpt>
      <trkpt lat="46.263086423277855" lon="15.173401404172182">
        <ele>262.0</ele>
        <time>2025-01-01T12:42:28Z</time>
      </trkpt>
      <trkpt lat="46.26313059590757" lon="15.173446582630277">
        <ele>262.20001220703125</ele>
        <time>2025-01-01T12:42:29Z</time>
      </trkpt>
      <trkpt lat="46.26317619346082" lon="15.173484804108739">
        <ele>262.3999938964844</ele>
        <time>2025-01-01T12:42:30Z</time>
      </trkpt>
      <trkpt lat="46.263223718851805" lon="15.173523109406233">
        <ele>262.3999938964844</ele>
        <time>2025-01-01T12:42:31Z</time>
      </trkpt>
      <trkpt lat="46.263271663337946" lon="15.173560157418251">
        <ele>262.6000061035156</ele>
        <time>2025-01-01T12:42:32Z</time>
      </trkpt>
      <trkpt lat="46.26331960782409" lon="15.173595109954476">
        <ele>262.6000061035156</ele>
        <time>2025-01-01T12:42:33Z</time>
      </trkpt>
      <trkpt lat="46.263364451006055" lon="15.17362997867167">
        <ele>262.79998779296875</ele>
        <time>2025-01-01T12:42:34Z</time>
      </trkpt>
      <trkpt lat="46.263408372178674" lon="15.173664260655642">
        <ele>262.79998779296875</ele>
        <time>2025-01-01T12:42:35Z</time>
      </trkpt>
      <trkpt lat="46.263455394655466" lon="15.173698626458645">
        <ele>263.0</ele>
        <time>2025-01-01T12:42:36Z</time>
      </trkpt>
      <trkpt lat="46.263503171503544" lon="15.17372913658619">
        <ele>263.0</ele>
        <time>2025-01-01T12:42:37Z</time>
      </trkpt>
      <trkpt lat="46.2635522056371" lon="15.173756796866655">
        <ele>263.0</ele>
        <time>2025-01-01T12:42:38Z</time>
      </trkpt>
      <trkpt lat="46.263601407408714" lon="15.17377900891006">
        <ele>263.0</ele>
        <time>2025-01-01T12:42:39Z</time>
      </trkpt>
      <trkpt lat="46.26365161500871" lon="15.173799963667989">
        <ele>263.0</ele>
        <time>2025-01-01T12:42:40Z</time>
      </trkpt>
      <trkpt lat="46.263702074065804" lon="15.173821253702044">
        <ele>263.20001220703125</ele>
        <time>2025-01-01T12:42:41Z</time>
      </trkpt>
      <trkpt lat="46.26375311985612" lon="15.173841370269656">
        <ele>263.20001220703125</ele>
        <time>2025-01-01T12:42:42Z</time>
      </trkpt>
      <trkpt lat="46.26380366273224" lon="15.173857128247619">
        <ele>263.20001220703125</ele>
        <time>2025-01-01T12:42:43Z</time>
      </trkpt>
      <trkpt lat="46.263854121789336" lon="15.173872634768486">
        <ele>263.3999938964844</ele>
        <time>2025-01-01T12:42:44Z</time>
      </trkpt>
      <trkpt lat="46.263904329389334" lon="15.173890236765146">
        <ele>263.3999938964844</ele>
        <time>2025-01-01T12:42:45Z</time>
      </trkpt>
      <trkpt lat="46.26395587809384" lon="15.173903061076999">
        <ele>263.3999938964844</ele>
        <time>2025-01-01T12:42:46Z</time>
      </trkpt>
      <trkpt lat="46.264008013531566" lon="15.173910856246948">
        <ele>263.3999938964844</ele>
        <time>2025-01-01T12:42:47Z</time>
      </trkpt>
      <trkpt lat="46.264060232788324" lon="15.173915969207883">
        <ele>263.6000061035156</ele>
        <time>2025-01-01T12:42:48Z</time>
      </trkpt>
      <trkpt lat="46.26411228440702" lon="15.17392217181623">
        <ele>263.6000061035156</ele>
        <time>2025-01-01T12:42:49Z</time>
      </trkpt>
      <trkpt lat="46.26416358165443" lon="15.173927787691355">
        <ele>263.6000061035156</ele>
        <time>2025-01-01T12:42:50Z</time>
      </trkpt>
      <trkpt lat="46.26421496272087" lon="15.173933571204543">
        <ele>263.6000061035156</ele>
        <time>2025-01-01T12:42:50Z</time>
      </trkpt>
      <trkpt lat="46.26426667906344" lon="15.173941031098366">
        <ele>263.79998779296875</ele>
        <time>2025-01-01T12:42:51Z</time>
      </trkpt>
      <trkpt lat="46.26432107761502" lon="15.173950083553791">
        <ele>263.79998779296875</ele>
        <time>2025-01-01T12:42:52Z</time>
      </trkpt>
      <trkpt lat="46.26437312923372" lon="15.173958130180836">
        <ele>263.79998779296875</ele>
        <time>2025-01-01T12:42:53Z</time>
      </trkpt>
      <trkpt lat="46.26442509703338" lon="15.173966092988849">
        <ele>263.79998779296875</ele>
        <time>2025-01-01T12:42:54Z</time>
      </trkpt>
      <trkpt lat="46.264477064833045" lon="15.173970703035593">
        <ele>264.0</ele>
        <time>2025-01-01T12:42:55Z</time>
      </trkpt>
      <trkpt lat="46.26452869735658" lon="15.173974810168147">
        <ele>264.0</ele>
        <time>2025-01-01T12:42:56Z</time>
      </trkpt>
      <trkpt lat="46.26457806676626" lon="15.17397740855813">
        <ele>264.0</ele>
        <time>2025-01-01T12:42:57Z</time>
      </trkpt>
      <trkpt lat="46.264627519994974" lon="15.173982186242938">
        <ele>264.20001220703125</ele>
        <time>2025-01-01T12:42:58Z</time>
      </trkpt>
      <trkpt lat="46.26467613503337" lon="15.173988388851285">
        <ele>264.3999938964844</ele>
        <time>2025-01-01T12:42:59Z</time>
      </trkpt>
      <trkpt lat="46.264724247157574" lon="15.173998195677996">
        <ele>264.3999938964844</ele>
        <time>2025-01-01T12:43:00Z</time>
      </trkpt>
      <trkpt lat="46.26477261073887" lon="15.174010265618563">
        <ele>264.3999938964844</ele>
        <time>2025-01-01T12:43:01Z</time>
      </trkpt>
      <trkpt lat="46.264822483062744" lon="15.174019150435925">
        <ele>264.6000061035156</ele>
        <time>2025-01-01T12:43:02Z</time>
      </trkpt>
      <trkpt lat="46.264873277395964" lon="15.174024598672986">
        <ele>264.6000061035156</ele>
        <time>2025-01-01T12:43:03Z</time>
      </trkpt>
      <trkpt lat="46.26492356881499" lon="15.17402920871973">
        <ele>264.79998779296875</ele>
        <time>2025-01-01T12:43:04Z</time>
      </trkpt>
      <trkpt lat="46.264974530786276" lon="15.1740359980613">
        <ele>264.79998779296875</ele>
        <time>2025-01-01T12:43:05Z</time>
      </trkpt>
      <trkpt lat="46.26502540893853" lon="15.174046726897359">
        <ele>265.0</ele>
        <time>2025-01-01T12:43:06Z</time>
      </trkpt>
      <trkpt lat="46.265074107795954" lon="15.174057120457292">
        <ele>265.0</ele>
        <time>2025-01-01T12:43:07Z</time>
      </trkpt>
      <trkpt lat="46.26512330956757" lon="15.17406826838851">
        <ele>265.20001220703125</ele>
        <time>2025-01-01T12:43:08Z</time>
      </trkpt>
      <trkpt lat="46.265170415863395" lon="15.174077739939094">
        <ele>265.3999938964844</ele>
        <time>2025-01-01T12:43:09Z</time>
      </trkpt>
      <trkpt lat="46.26521626487374" lon="15.174087965860963">
        <ele>265.6000061035156</ele>
        <time>2025-01-01T12:43:10Z</time>
      </trkpt>
      <trkpt lat="46.265263203531504" lon="15.174097688868642">
        <ele>265.79998779296875</ele>
        <time>2025-01-01T12:43:11Z</time>
      </trkpt>
      <trkpt lat="46.26530712470412" lon="15.174107914790511">
        <ele>265.79998779296875</ele>
        <time>2025-01-01T12:43:11Z</time>
      </trkpt>
      <trkpt lat="46.26534945331514" lon="15.174115877598524">
        <ele>266.0</ele>
        <time>2025-01-01T12:43:12Z</time>
      </trkpt>
      <trkpt lat="46.26539161428809" lon="15.174120739102364">
        <ele>266.20001220703125</ele>
        <time>2025-01-01T12:43:13Z</time>
      </trkpt>
      <trkpt lat="46.265433272346854" lon="15.17412694171071">
        <ele>266.3999938964844</ele>
        <time>2025-01-01T12:43:14Z</time>
      </trkpt>
      <trkpt lat="46.26547182910144" lon="15.174135323613882">
        <ele>266.79998779296875</ele>
        <time>2025-01-01T12:43:15Z</time>
      </trkpt>
      <trkpt lat="46.265508541837335" lon="15.174146136268973">
        <ele>267.0</ele>
        <time>2025-01-01T12:43:16Z</time>
      </trkpt>
      <trkpt lat="46.26554341055453" lon="15.174160217866302">
        <ele>267.20001220703125</ele>
        <time>2025-01-01T12:43:17Z</time>
      </trkpt>
      <trkpt lat="46.265577943995595" lon="15.174173461273313">
        <ele>267.3999938964844</ele>
        <time>2025-01-01T12:43:18Z</time>
      </trkpt>
      <trkpt lat="46.26561331562698" lon="15.174188213422894">
        <ele>267.6000061035156</ele>
        <time>2025-01-01T12:43:19Z</time>
      </trkpt>
      <trkpt lat="46.26564919017255" lon="15.174203300848603">
        <ele>267.79998779296875</ele>
        <time>2025-01-01T12:43:20Z</time>
      </trkpt>
      <trkpt lat="46.26568078994751" lon="15.174217382445931">
        <ele>268.0</ele>
        <time>2025-01-01T12:43:20Z</time>
      </trkpt>
      <trkpt lat="46.26571096479893" lon="15.17423347570002">
        <ele>268.3999938964844</ele>
        <time>2025-01-01T12:43:21Z</time>
      </trkpt>
      <trkpt lat="46.26574172638357" lon="15.17424906603992">
        <ele>268.6000061035156</ele>
        <time>2025-01-01T12:43:22Z</time>
      </trkpt>
      <trkpt lat="46.26577173359692" lon="15.174265243113041">
        <ele>268.79998779296875</ele>
        <time>2025-01-01T12:43:23Z</time>
      </trkpt>
      <trkpt lat="46.2658020760864" lon="15.17428183928132">
        <ele>269.0</ele>
        <time>2025-01-01T12:43:24Z</time>
      </trkpt>
      <trkpt lat="46.26583116129041" lon="15.17429399304092">
        <ele>269.20001220703125</ele>
        <time>2025-01-01T12:43:25Z</time>
      </trkpt>
      <trkpt lat="46.265858905389905" lon="15.174311259761453">
        <ele>269.3999938964844</ele>
        <time>2025-01-01T12:43:25Z</time>
      </trkpt>
      <trkpt lat="46.26589050516486" lon="15.174328777939081">
        <ele>269.6000061035156</ele>
        <time>2025-01-01T12:43:26Z</time>
      </trkpt>
      <trkpt lat="46.26592235639691" lon="15.174346212297678">
        <ele>269.79998779296875</ele>
        <time>2025-01-01T12:43:27Z</time>
      </trkpt>
      <trkpt lat="46.26595144160092" lon="15.174363981932402">
        <ele>270.0</ele>
        <time>2025-01-01T12:43:28Z</time>
      </trkpt>
      <trkpt lat="46.26597952097654" lon="15.174381416290998">
        <ele>270.20001220703125</ele>
        <time>2025-01-01T12:43:28Z</time>
      </trkpt>
      <trkpt lat="46.266008941456676" lon="15.174399353563786">
        <ele>270.3999938964844</ele>
        <time>2025-01-01T12:43:29Z</time>
      </trkpt>
      <trkpt lat="46.266035763546824" lon="15.174418464303017">
        <ele>270.6000061035156</ele>
        <time>2025-01-01T12:43:30Z</time>
      </trkpt>
      <trkpt lat="46.26606526784599" lon="15.174437826499343">
        <ele>270.79998779296875</ele>
        <time>2025-01-01T12:43:31Z</time>
      </trkpt>
      <trkpt lat="46.266094939783216" lon="15.174455679953098">
        <ele>271.0</ele>
        <time>2025-01-01T12:43:31Z</time>
      </trkpt>
      <trkpt lat="46.266123689711094" lon="15.174473449587822">
        <ele>271.20001220703125</ele>
        <time>2025-01-01T12:43:32Z</time>
      </trkpt>
      <trkpt lat="46.26615143381059" lon="15.174491303041577">
        <ele>271.3999938964844</ele>
        <time>2025-01-01T12:43:33Z</time>
      </trkpt>
      <trkpt lat="46.266176998615265" lon="15.174507983028889">
        <ele>271.6000061035156</ele>
        <time>2025-01-01T12:43:34Z</time>
      </trkpt>
      <trkpt lat="46.266202731058" lon="15.17452516593039">
        <ele>271.79998779296875</ele>
        <time>2025-01-01T12:43:34Z</time>
      </trkpt>
      <trkpt lat="46.26622988842428" lon="15.17454276792705">
        <ele>272.0</ele>
        <time>2025-01-01T12:43:35Z</time>
      </trkpt>
      <trkpt lat="46.266256626695395" lon="15.174559950828552">
        <ele>272.20001220703125</ele>
        <time>2025-01-01T12:43:36Z</time>
      </trkpt>
      <trkpt lat="46.26628529280424" lon="15.174574702978134">
        <ele>272.3999938964844</ele>
        <time>2025-01-01T12:43:37Z</time>
      </trkpt>
      <trkpt lat="46.26631177961826" lon="15.1745920535177">
        <ele>272.6000061035156</ele>
        <time>2025-01-01T12:43:37Z</time>
      </trkpt>
      <trkpt lat="46.26633608713746" lon="15.174611834809184">
        <ele>272.6000061035156</ele>
        <time>2025-01-01T12:43:38Z</time>
      </trkpt>
      <trkpt lat="46.26636064611375" lon="15.174630610272288">
        <ele>272.79998779296875</ele>
        <time>2025-01-01T12:43:38Z</time>
      </trkpt>
      <trkpt lat="46.266385624185205" lon="15.174650307744741">
        <ele>273.0</ele>
        <time>2025-01-01T12:43:39Z</time>
      </trkpt>
      <trkpt lat="46.26641185954213" lon="15.174666987732053">
        <ele>273.20001220703125</ele>
        <time>2025-01-01T12:43:40Z</time>
      </trkpt>
      <trkpt lat="46.26643901690841" lon="15.17468299716711">
        <ele>273.20001220703125</ele>
        <time>2025-01-01T12:43:40Z</time>
      </trkpt>
      <trkpt lat="46.26646642573178" lon="15.174699760973454">
        <ele>273.3999938964844</ele>
        <time>2025-01-01T12:43:41Z</time>
      </trkpt>
      <trkpt lat="46.26649375073612" lon="15.174717530608177">
        <ele>273.6000061035156</ele>
        <time>2025-01-01T12:43:42Z</time>
      </trkpt>
      <trkpt lat="46.26651981845498" lon="15.174732282757759">
        <ele>273.6000061035156</ele>
        <time>2025-01-01T12:43:42Z</time>
      </trkpt>
      <trkpt lat="46.26654563471675" lon="15.174748376011848">
        <ele>273.79998779296875</ele>
        <time>2025-01-01T12:43:43Z</time>
      </trkpt>
      <trkpt lat="46.26657153479755" lon="15.17476363107562">
        <ele>274.0</ele>
        <time>2025-01-01T12:43:44Z</time>
      </trkpt>
      <trkpt lat="46.266596680507064" lon="15.174780562520027">
        <ele>274.0</ele>
        <time>2025-01-01T12:43:44Z</time>
      </trkpt>
      <trkpt lat="46.26662132330239" lon="15.174796152859926">
        <ele>274.20001220703125</ele>
        <time>2025-01-01T12:43:45Z</time>
      </trkpt>
      <trkpt lat="46.266646720469" lon="15.174811659380794">
        <ele>274.20001220703125</ele>
        <time>2025-01-01T12:43:45Z</time>
      </trkpt>
      <trkpt lat="46.26667505130172" lon="15.174823896959424">
        <ele>274.3999938964844</ele>
        <time>2025-01-01T12:43:46Z</time>
      </trkpt>
      <trkpt lat="46.26670413650572" lon="15.174837810918689">
        <ele>274.6000061035156</ele>
        <time>2025-01-01T12:43:47Z</time>
      </trkpt>
      <trkpt lat="46.266731629148126" lon="15.174854658544064">
        <ele>274.6000061035156</ele>
        <time>2025-01-01T12:43:47Z</time>
      </trkpt>
      <trkpt lat="46.26676012761891" lon="15.174871506169438">
        <ele>274.79998779296875</ele>
        <time>2025-01-01T12:43:48Z</time>
      </trkpt>
      <trkpt lat="46.26678954809904" lon="15.174887012690306">
        <ele>274.79998779296875</ele>
        <time>2025-01-01T12:43:49Z</time>
      </trkpt>
      <trkpt lat="46.2668193038553" lon="15.17490042373538">
        <ele>275.0</ele>
        <time>2025-01-01T12:43:49Z</time>
      </trkpt>
      <trkpt lat="46.266851741820574" lon="15.17491408623755">
        <ele>275.0</ele>
        <time>2025-01-01T12:43:50Z</time>
      </trkpt>
      <trkpt lat="46.2668832577765" lon="15.174930933862925">
        <ele>275.20001220703125</ele>
        <time>2025-01-01T12:43:51Z</time>
      </trkpt>
      <trkpt lat="46.266915276646614" lon="15.174946775659919">
        <ele>275.20001220703125</ele>
        <time>2025-01-01T12:43:51Z</time>
      </trkpt>
      <trkpt lat="46.26694729551673" lon="15.17496295273304">
        <ele>275.20001220703125</ele>
        <time>2025-01-01T12:43:52Z</time>
      </trkpt>
      <trkpt lat="46.266977805644274" lon="15.17497812397778">
        <ele>275.3999938964844</ele>
        <time>2025-01-01T12:43:53Z</time>
      </trkpt>
      <trkpt lat="46.26701099798083" lon="15.174992373213172">
        <ele>275.3999938964844</ele>
        <time>2025-01-01T12:43:53Z</time>
      </trkpt>
      <trkpt lat="46.26704360358417" lon="15.175010897219181">
        <ele>275.3999938964844</ele>
        <time>2025-01-01T12:43:54Z</time>
      </trkpt>
      <trkpt lat="46.267077047377825" lon="15.175028750672936">
        <ele>275.6000061035156</ele>
        <time>2025-01-01T12:43:55Z</time>
      </trkpt>
      <trkpt lat="46.26711057499051" lon="15.175045263022184">
        <ele>275.6000061035156</ele>
        <time>2025-01-01T12:43:55Z</time>
      </trkpt>
      <trkpt lat="46.267144940793514" lon="15.175062026828527">
        <ele>275.6000061035156</ele>
        <time>2025-01-01T12:43:56Z</time>
      </trkpt>
      <trkpt lat="46.26717930659652" lon="15.175078539177775">
        <ele>275.6000061035156</ele>
        <time>2025-01-01T12:43:56Z</time>
      </trkpt>
      <trkpt lat="46.267215348780155" lon="15.17509639263153">
        <ele>275.6000061035156</ele>
        <time>2025-01-01T12:43:57Z</time>
      </trkpt>
      <trkpt lat="46.267252480611205" lon="15.17511885613203">
        <ele>275.6000061035156</ele>
        <time>2025-01-01T12:43:58Z</time>
      </trkpt>
      <trkpt lat="46.26729246228933" lon="15.175142912194133">
        <ele>275.6000061035156</ele>
        <time>2025-01-01T12:43:59Z</time>
      </trkpt>
      <trkpt lat="46.26733495853841" lon="15.175167554989457">
        <ele>275.6000061035156</ele>
        <time>2025-01-01T12:43:59Z</time>
      </trkpt>
      <trkpt lat="46.26738022081554" lon="15.175187336280942">
        <ele>275.6000061035156</ele>
        <time>2025-01-01T12:44:00Z</time>
      </trkpt>
      <trkpt lat="46.26742774620652" lon="15.175207117572427">
        <ele>275.6000061035156</ele>
        <time>2025-01-01T12:44:01Z</time>
      </trkpt>
      <trkpt lat="46.26747753471136" lon="15.17522832378745">
        <ele>275.3999938964844</ele>
        <time>2025-01-01T12:44:02Z</time>
      </trkpt>
      <trkpt lat="46.26752774231136" lon="15.175249697640538">
        <ele>275.3999938964844</ele>
        <time>2025-01-01T12:44:03Z</time>
      </trkpt>
      <trkpt lat="46.267580296844244" lon="15.175270987674594">
        <ele>275.20001220703125</ele>
        <time>2025-01-01T12:44:03Z</time>
      </trkpt>
      <trkpt lat="46.267634527757764" lon="15.175294876098633">
        <ele>275.0</ele>
        <time>2025-01-01T12:44:04Z</time>
      </trkpt>
      <trkpt lat="46.26769185997546" lon="15.175318932160735">
        <ele>274.79998779296875</ele>
        <time>2025-01-01T12:44:05Z</time>
      </trkpt>
      <trkpt lat="46.26775061711669" lon="15.175341479480267">
        <ele>274.6000061035156</ele>
        <time>2025-01-01T12:44:06Z</time>
      </trkpt>
      <trkpt lat="46.26780870370567" lon="15.175362266600132">
        <ele>274.3999938964844</ele>
        <time>2025-01-01T12:44:07Z</time>
      </trkpt>
      <trkpt lat="46.267869137227535" lon="15.17537978477776">
        <ele>274.20001220703125</ele>
        <time>2025-01-01T12:44:08Z</time>
      </trkpt>
      <trkpt lat="46.2679314147681" lon="15.175400488078594">
        <ele>274.0</ele>
        <time>2025-01-01T12:44:09Z</time>
      </trkpt>
      <trkpt lat="46.2679935246706" lon="15.17542370595038">
        <ele>273.79998779296875</ele>
        <time>2025-01-01T12:44:09Z</time>
      </trkpt>
      <trkpt lat="46.268056724220514" lon="15.175449354574084">
        <ele>273.6000061035156</ele>
        <time>2025-01-01T12:44:10Z</time>
      </trkpt>
      <trkpt lat="46.268121264874935" lon="15.175479110330343">
        <ele>273.20001220703125</ele>
        <time>2025-01-01T12:44:11Z</time>
      </trkpt>
      <trkpt lat="46.26818706281483" lon="15.175512051209807">
        <ele>273.0</ele>
        <time>2025-01-01T12:44:12Z</time>
      </trkpt>
      <trkpt lat="46.26825504004955" lon="15.175547003746033">
        <ele>272.79998779296875</ele>
        <time>2025-01-01T12:44:13Z</time>
      </trkpt>
      <trkpt lat="46.268324945122004" lon="15.17558103427291">
        <ele>272.3999938964844</ele>
        <time>2025-01-01T12:44:14Z</time>
      </trkpt>
      <trkpt lat="46.26839694567025" lon="15.17561623826623">
        <ele>272.0</ele>
        <time>2025-01-01T12:44:15Z</time>
      </trkpt>
      <trkpt lat="46.26847221516073" lon="15.175653705373406">
        <ele>271.6000061035156</ele>
        <time>2025-01-01T12:44:16Z</time>
      </trkpt>
      <trkpt lat="46.26854966394603" lon="15.175689915195107">
        <ele>271.20001220703125</ele>
        <time>2025-01-01T12:44:17Z</time>
      </trkpt>
      <trkpt lat="46.26862811855972" lon="15.175726627930999">
        <ele>270.6000061035156</ele>
        <time>2025-01-01T12:44:18Z</time>
      </trkpt>
      <trkpt lat="46.26870992593467" lon="15.175766190513968">
        <ele>270.20001220703125</ele>
        <time>2025-01-01T12:44:19Z</time>
      </trkpt>
      <trkpt lat="46.26879567280412" lon="15.175808435305953">
        <ele>269.6000061035156</ele>
        <time>2025-01-01T12:44:21Z</time>
      </trkpt>
      <trkpt lat="46.26888426952064" lon="15.175850847736001">
        <ele>269.0</ele>
        <time>2025-01-01T12:44:22Z</time>
      </trkpt>
      <trkpt lat="46.268973452970386" lon="15.17589627765119">
        <ele>268.3999938964844</ele>
        <time>2025-01-01T12:44:23Z</time>
      </trkpt>
      <trkpt lat="46.26906707882881" lon="15.175941875204444">
        <ele>267.79998779296875</ele>
        <time>2025-01-01T12:44:24Z</time>
      </trkpt>
      <trkpt lat="46.26916388981044" lon="15.175986969843507">
        <ele>267.0</ele>
        <time>2025-01-01T12:44:25Z</time>
      </trkpt>
      <trkpt lat="46.2692523188889" lon="15.176029046997428">
        <ele>266.6000061035156</ele>
        <time>2025-01-01T12:44:26Z</time>
      </trkpt>
      <trkpt lat="46.26933488063514" lon="15.176068441942334">
        <ele>266.0</ele>
        <time>2025-01-01T12:44:27Z</time>
      </trkpt>
      <trkpt lat="46.269417526200414" lon="15.176107920706272">
        <ele>265.6000061035156</ele>
        <time>2025-01-01T12:44:29Z</time>
      </trkpt>
      <trkpt lat="46.26952137798071" lon="15.176158044487238">
        <ele>265.3999938964844</ele>
        <time>2025-01-01T12:44:30Z</time>
      </trkpt>
      <trkpt lat="46.26960854977369" lon="15.176203390583396">
        <ele>265.20001220703125</ele>
        <time>2025-01-01T12:44:32Z</time>
      </trkpt>
      <trkpt lat="46.26970276236534" lon="15.1762515027076">
        <ele>265.20001220703125</ele>
        <time>2025-01-01T12:44:33Z</time>
      </trkpt>
      <trkpt lat="46.26979345455766" lon="15.176296764984727">
        <ele>265.3999938964844</ele>
        <time>2025-01-01T12:44:35Z</time>
      </trkpt>
      <trkpt lat="46.26988096162677" lon="15.176336830481887">
        <ele>265.6000061035156</ele>
        <time>2025-01-01T12:44:37Z</time>
      </trkpt>
      <trkpt lat="46.269966289401054" lon="15.176373459398746">
        <ele>265.79998779296875</ele>
        <time>2025-01-01T12:44:39Z</time>
      </trkpt>
      <trkpt lat="46.270048432052135" lon="15.176412519067526">
        <ele>266.0</ele>
        <time>2025-01-01T12:44:40Z</time>
      </trkpt>
      <trkpt lat="46.27012889832258" lon="15.176452165469527">
        <ele>266.20001220703125</ele>
        <time>2025-01-01T12:44:42Z</time>
      </trkpt>
      <trkpt lat="46.270204000175" lon="15.176492230966687">
        <ele>266.6000061035156</ele>
        <time>2025-01-01T12:44:44Z</time>
      </trkpt>
      <trkpt lat="46.27027700655162" lon="15.176530368626118">
        <ele>266.79998779296875</ele>
        <time>2025-01-01T12:44:45Z</time>
      </trkpt>
      <trkpt lat="46.27034666016698" lon="15.17656515352428">
        <ele>267.0</ele>
        <time>2025-01-01T12:44:47Z</time>
      </trkpt>
      <trkpt lat="46.270416313782334" lon="15.176595412194729">
        <ele>267.20001220703125</ele>
        <time>2025-01-01T12:44:48Z</time>
      </trkpt>
      <trkpt lat="46.2704854644835" lon="15.176625922322273">
        <ele>267.3999938964844</ele>
        <time>2025-01-01T12:44:50Z</time>
      </trkpt>
      <trkpt lat="46.27055293880403" lon="15.176656683906913">
        <ele>267.6000061035156</ele>
        <time>2025-01-01T12:44:51Z</time>
      </trkpt>
      <trkpt lat="46.2706202454865" lon="15.17668685875833">
        <ele>267.79998779296875</ele>
        <time>2025-01-01T12:44:53Z</time>
      </trkpt>
      <trkpt lat="46.27068688161671" lon="15.176713345572352">
        <ele>268.0</ele>
        <time>2025-01-01T12:44:54Z</time>
      </trkpt>
      <trkpt lat="46.27075217664242" lon="15.176738239824772">
        <ele>268.20001220703125</ele>
        <time>2025-01-01T12:44:55Z</time>
      </trkpt>
      <trkpt lat="46.27081864513457" lon="15.176764307543635">
        <ele>268.3999938964844</ele>
        <time>2025-01-01T12:44:57Z</time>
      </trkpt>
      <trkpt lat="46.27088419161737" lon="15.176790207624435">
        <ele>268.3999938964844</ele>
        <time>2025-01-01T12:44:58Z</time>
      </trkpt>
      <trkpt lat="46.27094973810017" lon="15.176812000572681">
        <ele>268.3999938964844</ele>
        <time>2025-01-01T12:44:59Z</time>
      </trkpt>
      <trkpt lat="46.271017882972956" lon="15.176830189302564">
        <ele>268.6000061035156</ele>
        <time>2025-01-01T12:45:00Z</time>
      </trkpt>
      <trkpt lat="46.27108795568347" lon="15.176845025271177">
        <ele>268.6000061035156</ele>
        <time>2025-01-01T12:45:02Z</time>
      </trkpt>
      <trkpt lat="46.27115920186043" lon="15.176858184859157">
        <ele>268.3999938964844</ele>
        <time>2025-01-01T12:45:03Z</time>
      </trkpt>
      <trkpt lat="46.27123111858964" lon="15.176870254799724">
        <ele>268.3999938964844</ele>
        <time>2025-01-01T12:45:04Z</time>
      </trkpt>
      <trkpt lat="46.27130328677595" lon="15.176883498206735">
        <ele>268.3999938964844</ele>
        <time>2025-01-01T12:45:05Z</time>
      </trkpt>
      <trkpt lat="46.27137277275324" lon="15.176901770755649">
        <ele>268.20001220703125</ele>
        <time>2025-01-01T12:45:06Z</time>
      </trkpt>
      <trkpt lat="46.2714437674731" lon="15.17692037858069">
        <ele>268.20001220703125</ele>
        <time>2025-01-01T12:45:07Z</time>
      </trkpt>
      <trkpt lat="46.27151660621166" lon="15.176938232034445">
        <ele>268.0</ele>
        <time>2025-01-01T12:45:08Z</time>
      </trkpt>
      <trkpt lat="46.27159112133086" lon="15.17695558257401">
        <ele>267.79998779296875</ele>
        <time>2025-01-01T12:45:10Z</time>
      </trkpt>
      <trkpt lat="46.27166546881199" lon="15.176972346380353">
        <ele>267.79998779296875</ele>
        <time>2025-01-01T12:45:11Z</time>
      </trkpt>
      <trkpt lat="46.271740486845374" lon="15.176991457119584">
        <ele>267.6000061035156</ele>
        <time>2025-01-01T12:45:12Z</time>
      </trkpt>
      <trkpt lat="46.27181617543101" lon="15.177015094086528">
        <ele>267.3999938964844</ele>
        <time>2025-01-01T12:45:13Z</time>
      </trkpt>
      <trkpt lat="46.27189035527408" lon="15.177039233967662">
        <ele>267.3999938964844</ele>
        <time>2025-01-01T12:45:14Z</time>
      </trkpt>
      <trkpt lat="46.27196663059294" lon="15.177062703296542">
        <ele>267.20001220703125</ele>
        <time>2025-01-01T12:45:16Z</time>
      </trkpt>
      <trkpt lat="46.272042486816645" lon="15.177088938653469">
        <ele>267.0</ele>
        <time>2025-01-01T12:45:17Z</time>
      </trkpt>
      <trkpt lat="46.272119181230664" lon="15.177117940038443">
        <ele>267.0</ele>
        <time>2025-01-01T12:45:18Z</time>
      </trkpt>
      <trkpt lat="46.272194953635335" lon="15.177148953080177">
        <ele>266.79998779296875</ele>
        <time>2025-01-01T12:45:19Z</time>
      </trkpt>
      <trkpt lat="46.27226930111647" lon="15.17717988230288">
        <ele>266.79998779296875</ele>
        <time>2025-01-01T12:45:21Z</time>
      </trkpt>
      <trkpt lat="46.272342558950186" lon="15.177212823182344">
        <ele>266.6000061035156</ele>
        <time>2025-01-01T12:45:22Z</time>
      </trkpt>
      <trkpt lat="46.27241414040327" lon="15.177244422957301">
        <ele>266.6000061035156</ele>
        <time>2025-01-01T12:45:23Z</time>
      </trkpt>
      <trkpt lat="46.27248496748507" lon="15.177277028560638">
        <ele>266.6000061035156</ele>
        <time>2025-01-01T12:45:24Z</time>
      </trkpt>
      <trkpt lat="46.27255252562463" lon="15.177313070744276">
        <ele>266.79998779296875</ele>
        <time>2025-01-01T12:45:26Z</time>
      </trkpt>
      <trkpt lat="46.2726198323071" lon="15.17735380679369">
        <ele>266.79998779296875</ele>
        <time>2025-01-01T12:45:27Z</time>
      </trkpt>
      <trkpt lat="46.272684624418616" lon="15.177396470680833">
        <ele>266.79998779296875</ele>
        <time>2025-01-01T12:45:28Z</time>
      </trkpt>
      <trkpt lat="46.27274815924466" lon="15.177442152053118">
        <ele>266.79998779296875</ele>
        <time>2025-01-01T12:45:29Z</time>
      </trkpt>
      <trkpt lat="46.272812616080046" lon="15.177486324682832">
        <ele>266.79998779296875</ele>
        <time>2025-01-01T12:45:31Z</time>
      </trkpt>
      <trkpt lat="46.27287925221026" lon="15.177526138722897">
        <ele>266.79998779296875</ele>
        <time>2025-01-01T12:45:32Z</time>
      </trkpt>
      <trkpt lat="46.272947983816266" lon="15.177563857287169">
        <ele>266.6000061035156</ele>
        <time>2025-01-01T12:45:33Z</time>
      </trkpt>
      <trkpt lat="46.27301621250808" lon="15.177592020481825">
        <ele>266.6000061035156</ele>
        <time>2025-01-01T12:45:34Z</time>
      </trkpt>
      <trkpt lat="46.27308502793312" lon="15.177612220868468">
        <ele>266.6000061035156</ele>
        <time>2025-01-01T12:45:35Z</time>
      </trkpt>
      <trkpt lat="46.27315350808203" lon="15.177620770409703">
        <ele>266.6000061035156</ele>
        <time>2025-01-01T12:45:37Z</time>
      </trkpt>
      <trkpt lat="46.27322324551642" lon="15.177615992724895">
        <ele>266.6000061035156</ele>
        <time>2025-01-01T12:45:38Z</time>
      </trkpt>
      <trkpt lat="46.2732897978276" lon="15.177604593336582">
        <ele>266.6000061035156</ele>
        <time>2025-01-01T12:45:39Z</time>
      </trkpt>
      <trkpt lat="46.27335618250072" lon="15.177589757367969">
        <ele>266.6000061035156</ele>
        <time>2025-01-01T12:45:40Z</time>
      </trkpt>
      <trkpt lat="46.273422986269" lon="15.177574250847101">
        <ele>266.79998779296875</ele>
        <time>2025-01-01T12:45:41Z</time>
      </trkpt>
      <trkpt lat="46.273489790037274" lon="15.177557487040758">
        <ele>266.79998779296875</ele>
        <time>2025-01-01T12:45:43Z</time>
      </trkpt>
      <trkpt lat="46.27355508506298" lon="15.177540052682161">
        <ele>266.79998779296875</ele>
        <time>2025-01-01T12:45:44Z</time>
      </trkpt>
      <trkpt lat="46.27361920662224" lon="15.177530329674482">
        <ele>266.79998779296875</ele>
        <time>2025-01-01T12:45:45Z</time>
      </trkpt>
      <trkpt lat="46.273684753105044" lon="15.177522031590343">
        <ele>267.0</ele>
        <time>2025-01-01T12:45:46Z</time>
      </trkpt>
      <trkpt lat="46.273747365921736" lon="15.177506022155285">
        <ele>267.0</ele>
        <time>2025-01-01T12:45:47Z</time>
      </trkpt>
      <trkpt lat="46.27381391823292" lon="15.177494371309876">
        <ele>267.0</ele>
        <time>2025-01-01T12:45:48Z</time>
      </trkpt>
      <trkpt lat="46.27387569285929" lon="15.17748724669218">
        <ele>267.0</ele>
        <time>2025-01-01T12:45:49Z</time>
      </trkpt>
      <trkpt lat="46.27393553964794" lon="15.177484061568975">
        <ele>267.0</ele>
        <time>2025-01-01T12:45:50Z</time>
      </trkpt>
      <trkpt lat="46.273997062817216" lon="15.177489845082164">
        <ele>267.20001220703125</ele>
        <time>2025-01-01T12:45:52Z</time>
      </trkpt>
      <trkpt lat="46.274057161062956" lon="15.177512895315886">
        <ele>267.3999938964844</ele>
        <time>2025-01-01T12:45:53Z</time>
      </trkpt>
      <trkpt lat="46.274114744737744" lon="15.17754734493792">
        <ele>267.3999938964844</ele>
        <time>2025-01-01T12:45:54Z</time>
      </trkpt>
      <trkpt lat="46.27417056821287" lon="15.17758397385478">
        <ele>267.6000061035156</ele>
        <time>2025-01-01T12:45:55Z</time>
      </trkpt>
      <trkpt lat="46.27422253601253" lon="15.177624877542257">
        <ele>267.79998779296875</ele>
        <time>2025-01-01T12:45:56Z</time>
      </trkpt>
      <trkpt lat="46.27426939085126" lon="15.177670391276479">
        <ele>268.0</ele>
        <time>2025-01-01T12:45:58Z</time>
      </trkpt>
      <trkpt lat="46.27431079745293" lon="15.17771640792489">
        <ele>268.0</ele>
        <time>2025-01-01T12:45:59Z</time>
      </trkpt>
      <trkpt lat="46.274354215711355" lon="15.177764520049095">
        <ele>268.20001220703125</ele>
        <time>2025-01-01T12:46:00Z</time>
      </trkpt>
      <trkpt lat="46.27439486794174" lon="15.177807351574302">
        <ele>268.3999938964844</ele>
        <time>2025-01-01T12:46:01Z</time>
      </trkpt>
      <trkpt lat="46.27443862147629" lon="15.177863175049424">
        <ele>268.6000061035156</ele>
        <time>2025-01-01T12:46:02Z</time>
      </trkpt>
      <trkpt lat="46.27447600476444" lon="15.177925787866116">
        <ele>268.79998779296875</ele>
        <time>2025-01-01T12:46:03Z</time>
      </trkpt>
      <trkpt lat="46.27451020292938" lon="15.177982114255428">
        <ele>269.0</ele>
        <time>2025-01-01T12:46:04Z</time>
      </trkpt>
      <trkpt lat="46.2745419703424" lon="15.178040703758597">
        <ele>269.3999938964844</ele>
        <time>2025-01-01T12:46:06Z</time>
      </trkpt>
      <trkpt lat="46.274570720270276" lon="15.178101304918528">
        <ele>269.6000061035156</ele>
        <time>2025-01-01T12:46:07Z</time>
      </trkpt>
      <trkpt lat="46.27459972165525" lon="15.17816198989749">
        <ele>269.79998779296875</ele>
        <time>2025-01-01T12:46:08Z</time>
      </trkpt>
      <trkpt lat="46.274621933698654" lon="15.178219908848405">
        <ele>270.20001220703125</ele>
        <time>2025-01-01T12:46:09Z</time>
      </trkpt>
      <trkpt lat="46.27464179880917" lon="15.178276402875781">
        <ele>270.3999938964844</ele>
        <time>2025-01-01T12:46:10Z</time>
      </trkpt>
      <trkpt lat="46.27465881407261" lon="15.17833641730249">
        <ele>270.79998779296875</ele>
        <time>2025-01-01T12:46:11Z</time>
      </trkpt>
      <trkpt lat="46.27467071637511" lon="15.17839651554823">
        <ele>271.0</ele>
        <time>2025-01-01T12:46:12Z</time>
      </trkpt>
      <trkpt lat="46.2746904976666" lon="15.17845175229013">
        <ele>271.3999938964844</ele>
        <time>2025-01-01T12:46:13Z</time>
      </trkpt>
      <trkpt lat="46.274707932025194" lon="15.178501289337873">
        <ele>271.6000061035156</ele>
        <time>2025-01-01T12:46:14Z</time>
      </trkpt>
      <trkpt lat="46.27472075633705" lon="15.178549233824015">
        <ele>272.0</ele>
        <time>2025-01-01T12:46:15Z</time>
      </trkpt>
      <trkpt lat="46.27473525702953" lon="15.178600614890456">
        <ele>272.20001220703125</ele>
        <time>2025-01-01T12:46:16Z</time>
      </trkpt>
      <trkpt lat="46.27475453540683" lon="15.17865794710815">
        <ele>272.3999938964844</ele>
        <time>2025-01-01T12:46:17Z</time>
      </trkpt>
      <trkpt lat="46.274773981422186" lon="15.178715698421001">
        <ele>272.6000061035156</ele>
        <time>2025-01-01T12:46:18Z</time>
      </trkpt>
      <trkpt lat="46.27479904331267" lon="15.17876305617392">
        <ele>272.79998779296875</ele>
        <time>2025-01-01T12:46:19Z</time>
      </trkpt>
      <trkpt lat="46.27482259646058" lon="15.17880748026073">
        <ele>273.0</ele>
        <time>2025-01-01T12:46:20Z</time>
      </trkpt>
      <trkpt lat="46.27485000528395" lon="15.17884612083435">
        <ele>273.20001220703125</ele>
        <time>2025-01-01T12:46:21Z</time>
      </trkpt>
      <trkpt lat="46.27487238496542" lon="15.178886018693447">
        <ele>273.20001220703125</ele>
        <time>2025-01-01T12:46:21Z</time>
      </trkpt>
      <trkpt lat="46.27489828504622" lon="15.178922647610307">
        <ele>273.3999938964844</ele>
        <time>2025-01-01T12:46:22Z</time>
      </trkpt>
      <trkpt lat="46.274934662505984" lon="15.17895944416523">
        <ele>273.6000061035156</ele>
        <time>2025-01-01T12:46:23Z</time>
      </trkpt>
      <trkpt lat="46.27497506327927" lon="15.178989199921489">
        <ele>273.79998779296875</ele>
        <time>2025-01-01T12:46:24Z</time>
      </trkpt>
      <trkpt lat="46.275014290586114" lon="15.179020380601287">
        <ele>274.0</ele>
        <time>2025-01-01T12:46:25Z</time>
      </trkpt>
      <trkpt lat="46.27505259588361" lon="15.179045107215643">
        <ele>274.0</ele>
        <time>2025-01-01T12:46:26Z</time>
      </trkpt>
      <trkpt lat="46.27509810961783" lon="15.179068828001618">
        <ele>274.20001220703125</ele>
        <time>2025-01-01T12:46:27Z</time>
      </trkpt>
      <trkpt lat="46.27513918094337" lon="15.17907871864736">
        <ele>274.3999938964844</ele>
        <time>2025-01-01T12:46:28Z</time>
      </trkpt>
      <trkpt lat="46.275165751576424" lon="15.179089363664389">
        <ele>274.6000061035156</ele>
        <time>2025-01-01T12:46:29Z</time>
      </trkpt>
      <trkpt lat="46.27520464360714" lon="15.17910017631948">
        <ele>274.79998779296875</ele>
        <time>2025-01-01T12:46:29Z</time>
      </trkpt>
      <trkpt lat="46.275247978046536" lon="15.17911920323968">
        <ele>275.0</ele>
        <time>2025-01-01T12:46:30Z</time>
      </trkpt>
      <trkpt lat="46.275291480124" lon="15.179138984531164">
        <ele>275.0</ele>
        <time>2025-01-01T12:46:31Z</time>
      </trkpt>
      <trkpt lat="46.275330036878586" lon="15.179158179089427">
        <ele>275.20001220703125</ele>
        <time>2025-01-01T12:46:32Z</time>
      </trkpt>
      <trkpt lat="46.27536683343351" lon="15.17917737364769">
        <ele>275.3999938964844</ele>
        <time>2025-01-01T12:46:33Z</time>
      </trkpt>
      <trkpt lat="46.27540463581681" lon="15.17919447273016">
        <ele>275.6000061035156</ele>
        <time>2025-01-01T12:46:34Z</time>
      </trkpt>
      <trkpt lat="46.27544151619077" lon="15.179211739450693">
        <ele>275.79998779296875</ele>
        <time>2025-01-01T12:46:35Z</time>
      </trkpt>
      <trkpt lat="46.27547881565988" lon="15.17922330647707">
        <ele>275.79998779296875</ele>
        <time>2025-01-01T12:46:35Z</time>
      </trkpt>
      <trkpt lat="46.27551552839577" lon="15.179234454408288">
        <ele>276.0</ele>
        <time>2025-01-01T12:46:36Z</time>
      </trkpt>
      <trkpt lat="46.27555299550295" lon="15.179246608167887">
        <ele>276.20001220703125</ele>
        <time>2025-01-01T12:46:37Z</time>
      </trkpt>
      <trkpt lat="46.27559121698141" lon="15.179255995899439">
        <ele>276.3999938964844</ele>
        <time>2025-01-01T12:46:38Z</time>
      </trkpt>
      <trkpt lat="46.275629019364715" lon="15.179265467450023">
        <ele>276.6000061035156</ele>
        <time>2025-01-01T12:46:39Z</time>
      </trkpt>
      <trkpt lat="46.27566548064351" lon="15.179278124123812">
        <ele>276.79998779296875</ele>
        <time>2025-01-01T12:46:40Z</time>
      </trkpt>
      <trkpt lat="46.27570068463683" lon="15.179289942607284">
        <ele>277.0</ele>
        <time>2025-01-01T12:46:41Z</time>
      </trkpt>
      <trkpt lat="46.27573639154434" lon="15.17930343747139">
        <ele>277.20001220703125</ele>
        <time>2025-01-01T12:46:41Z</time>
      </trkpt>
      <trkpt lat="46.275768745690584" lon="15.179313998669386">
        <ele>277.3999938964844</ele>
        <time>2025-01-01T12:46:42Z</time>
      </trkpt>
      <trkpt lat="46.27579992637038" lon="15.179323721677065">
        <ele>277.6000061035156</ele>
        <time>2025-01-01T12:46:43Z</time>
      </trkpt>
      <trkpt lat="46.27583269961178" lon="15.179333109408617">
        <ele>277.79998779296875</ele>
        <time>2025-01-01T12:46:44Z</time>
      </trkpt>
      <trkpt lat="46.2758644670248" lon="15.179338809102774">
        <ele>278.0</ele>
        <time>2025-01-01T12:46:44Z</time>
      </trkpt>
      <trkpt lat="46.27589707262814" lon="15.179343419149518">
        <ele>278.0</ele>
        <time>2025-01-01T12:46:45Z</time>
      </trkpt>
      <trkpt lat="46.275928588584065" lon="15.179347023367882">
        <ele>278.20001220703125</ele>
        <time>2025-01-01T12:46:46Z</time>
      </trkpt>
      <trkpt lat="46.27595909871161" lon="15.179351968690753">
        <ele>278.3999938964844</ele>
        <time>2025-01-01T12:46:47Z</time>
      </trkpt>
      <trkpt lat="46.27599220722914" lon="15.179355069994926">
        <ele>278.6000061035156</ele>
        <time>2025-01-01T12:46:47Z</time>
      </trkpt>
      <trkpt lat="46.27602715976536" lon="15.179351046681404">
        <ele>278.79998779296875</ele>
        <time>2025-01-01T12:46:48Z</time>
      </trkpt>
      <trkpt lat="46.27606085501611" lon="15.179345346987247">
        <ele>278.79998779296875</ele>
        <time>2025-01-01T12:46:49Z</time>
      </trkpt>
      <trkpt lat="46.27609538845718" lon="15.179348699748516">
        <ele>279.0</ele>
        <time>2025-01-01T12:46:50Z</time>
      </trkpt>
      <trkpt lat="46.27612975426018" lon="15.179350543767214">
        <ele>279.20001220703125</ele>
        <time>2025-01-01T12:46:50Z</time>
      </trkpt>
      <trkpt lat="46.27616386860609" lon="15.17935716547072">
        <ele>279.3999938964844</ele>
        <time>2025-01-01T12:46:51Z</time>
      </trkpt>
      <trkpt lat="46.27619605511427" lon="15.179359093308449">
        <ele>279.6000061035156</ele>
        <time>2025-01-01T12:46:52Z</time>
      </trkpt>
      <trkpt lat="46.27622782252729" lon="15.17935917712748">
        <ele>279.6000061035156</ele>
        <time>2025-01-01T12:46:52Z</time>
      </trkpt>
      <trkpt lat="46.27625782974064" lon="15.179356997832656">
        <ele>279.79998779296875</ele>
        <time>2025-01-01T12:46:53Z</time>
      </trkpt>
      <trkpt lat="46.276285741478205" lon="15.179355908185244">
        <ele>280.0</ele>
        <time>2025-01-01T12:46:54Z</time>
      </trkpt>
      <trkpt lat="46.27631390467286" lon="15.179349957033992">
        <ele>280.20001220703125</ele>
        <time>2025-01-01T12:46:55Z</time>
      </trkpt>
      <trkpt lat="46.27634324133396" lon="15.179342916235328">
        <ele>280.3999938964844</ele>
        <time>2025-01-01T12:46:55Z</time>
      </trkpt>
      <trkpt lat="46.27637433819473" lon="15.179332941770554">
        <ele>280.6000061035156</ele>
        <time>2025-01-01T12:46:56Z</time>
      </trkpt>
      <trkpt lat="46.276403004303575" lon="15.1793166808784">
        <ele>280.79998779296875</ele>
        <time>2025-01-01T12:46:57Z</time>
      </trkpt>
      <trkpt lat="46.2764294911176" lon="15.1792994979769">
        <ele>281.0</ele>
        <time>2025-01-01T12:46:58Z</time>
      </trkpt>
      <trkpt lat="46.276457235217094" lon="15.179284829646349">
        <ele>281.20001220703125</ele>
        <time>2025-01-01T12:46:58Z</time>
      </trkpt>
      <trkpt lat="46.276483135297894" lon="15.179271250963211">
        <ele>281.3999938964844</ele>
        <time>2025-01-01T12:46:59Z</time>
      </trkpt>
      <trkpt lat="46.276506185531616" lon="15.179256750270724">
        <ele>281.6000061035156</ele>
        <time>2025-01-01T12:47:00Z</time>
      </trkpt>
      <trkpt lat="46.27652672119439" lon="15.17924191430211">
        <ele>281.79998779296875</ele>
        <time>2025-01-01T12:47:00Z</time>
      </trkpt>
      <trkpt lat="46.27654893323779" lon="15.179231269285083">
        <ele>282.0</ele>
        <time>2025-01-01T12:47:01Z</time>
      </trkpt>
      <trkpt lat="46.276573576033115" lon="15.179216852411628">
        <ele>282.20001220703125</ele>
        <time>2025-01-01T12:47:02Z</time>
      </trkpt>
      <trkpt lat="46.27659620717168" lon="15.179199250414968">
        <ele>282.3999938964844</ele>
        <time>2025-01-01T12:47:02Z</time>
      </trkpt>
      <trkpt lat="46.27662026323378" lon="15.179181396961212">
        <ele>282.79998779296875</ele>
        <time>2025-01-01T12:47:03Z</time>
      </trkpt>
      <trkpt lat="46.276642894372344" lon="15.179163459688425">
        <ele>283.0</ele>
        <time>2025-01-01T12:47:04Z</time>
      </trkpt>
      <trkpt lat="46.276665441691875" lon="15.179147198796272">
        <ele>283.20001220703125</ele>
        <time>2025-01-01T12:47:05Z</time>
      </trkpt>
      <trkpt lat="46.27668723464012" lon="15.179128926247358">
        <ele>283.20001220703125</ele>
        <time>2025-01-01T12:47:05Z</time>
      </trkpt>
      <trkpt lat="46.27670785412192" lon="15.17911140806973">
        <ele>283.3999938964844</ele>
        <time>2025-01-01T12:47:06Z</time>
      </trkpt>
      <trkpt lat="46.2767281383276" lon="15.17909137532115">
        <ele>283.6000061035156</ele>
        <time>2025-01-01T12:47:06Z</time>
      </trkpt>
      <trkpt lat="46.2767487578094" lon="15.179073354229331">
        <ele>283.79998779296875</ele>
        <time>2025-01-01T12:47:07Z</time>
      </trkpt>
      <trkpt lat="46.27676761709154" lon="15.179058434441686">
        <ele>284.0</ele>
        <time>2025-01-01T12:47:08Z</time>
      </trkpt>
      <trkpt lat="46.276785638183355" lon="15.179046364501119">
        <ele>284.20001220703125</ele>
        <time>2025-01-01T12:47:08Z</time>
      </trkpt>
      <trkpt lat="46.276803659275174" lon="15.179034462198615">
        <ele>284.3999938964844</ele>
        <time>2025-01-01T12:47:09Z</time>
      </trkpt>
      <trkpt lat="46.2768246140331" lon="15.179015602916479">
        <ele>284.3999938964844</ele>
        <time>2025-01-01T12:47:09Z</time>
      </trkpt>
      <trkpt lat="46.27684682607651" lon="15.178997917100787">
        <ele>284.6000061035156</ele>
        <time>2025-01-01T12:47:10Z</time>
      </trkpt>
      <trkpt lat="46.27687004394829" lon="15.178987355902791">
        <ele>284.79998779296875</ele>
        <time>2025-01-01T12:47:10Z</time>
      </trkpt>
      <trkpt lat="46.276893597096205" lon="15.17897805199027">
        <ele>284.79998779296875</ele>
        <time>2025-01-01T12:47:11Z</time>
      </trkpt>
      <trkpt lat="46.27691480331123" lon="15.178967490792274">
        <ele>285.0</ele>
        <time>2025-01-01T12:47:12Z</time>
      </trkpt>
      <trkpt lat="46.27693592570722" lon="15.178954331204295">
        <ele>285.0</ele>
        <time>2025-01-01T12:47:12Z</time>
      </trkpt>
      <trkpt lat="46.276960065588355" lon="15.17894234508276">
        <ele>285.0</ele>
        <time>2025-01-01T12:47:12Z</time>
      </trkpt>
      <trkpt lat="46.27698479220271" lon="15.17892868258059">
        <ele>285.0</ele>
        <time>2025-01-01T12:47:13Z</time>
      </trkpt>
      <trkpt lat="46.27700759097934" lon="15.178911751136184">
        <ele>285.20001220703125</ele>
        <time>2025-01-01T12:47:13Z</time>
      </trkpt>
      <trkpt lat="46.27702720463276" lon="15.178892808035016">
        <ele>285.20001220703125</ele>
        <time>2025-01-01T12:47:14Z</time>
      </trkpt>
      <trkpt lat="46.277042208239436" lon="15.178865566849709">
        <ele>285.3999938964844</ele>
        <time>2025-01-01T12:47:15Z</time>
      </trkpt>
      <trkpt lat="46.27705838531256" lon="15.178839499130845">
        <ele>285.6000061035156</ele>
        <time>2025-01-01T12:47:15Z</time>
      </trkpt>
      <trkpt lat="46.27706433646381" lon="15.178828937932849">
        <ele>287.3999938964844</ele>
        <time>2025-01-01T12:47:16Z</time>
      </trkpt>
      <trkpt lat="46.27707892097533" lon="15.178837906569242">
        <ele>287.3999938964844</ele>
        <time>2025-01-01T12:47:16Z</time>
      </trkpt>
      <trkpt lat="46.27709660679102" lon="15.178832961246371">
        <ele>287.3999938964844</ele>
        <time>2025-01-01T12:47:16Z</time>
      </trkpt>
      <trkpt lat="46.27710993401706" lon="15.178823992609978">
        <ele>287.3999938964844</ele>
        <time>2025-01-01T12:47:17Z</time>
      </trkpt>
      <trkpt lat="46.27712141722441" lon="15.178813431411982">
        <ele>287.3999938964844</ele>
        <time>2025-01-01T12:47:17Z</time>
      </trkpt>
      <trkpt lat="46.27713901922107" lon="15.17880362458527">
        <ele>287.3999938964844</ele>
        <time>2025-01-01T12:47:17Z</time>
      </trkpt>
      <trkpt lat="46.277166260406375" lon="15.178795410320163">
        <ele>287.3999938964844</ele>
        <time>2025-01-01T12:47:18Z</time>
      </trkpt>
      <trkpt lat="46.27719350159168" lon="15.178787531331182">
        <ele>287.6000061035156</ele>
        <time>2025-01-01T12:47:18Z</time>
      </trkpt>
      <trkpt lat="46.277223424986005" lon="15.17877571284771">
        <ele>287.6000061035156</ele>
        <time>2025-01-01T12:47:19Z</time>
      </trkpt>
      <trkpt lat="46.277255192399025" lon="15.178767582401633">
        <ele>287.6000061035156</ele>
        <time>2025-01-01T12:47:19Z</time>
      </trkpt>
      <trkpt lat="46.27728427760303" lon="15.178762720897794">
        <ele>287.79998779296875</ele>
        <time>2025-01-01T12:47:20Z</time>
      </trkpt>
      <trkpt lat="46.27731369808316" lon="15.178755344823003">
        <ele>287.79998779296875</ele>
        <time>2025-01-01T12:47:21Z</time>
      </trkpt>
      <trkpt lat="46.27734236419201" lon="15.178746208548546">
        <ele>288.0</ele>
        <time>2025-01-01T12:47:21Z</time>
      </trkpt>
      <trkpt lat="46.27737019211054" lon="15.178741263225675">
        <ele>288.0</ele>
        <time>2025-01-01T12:47:22Z</time>
      </trkpt>
      <trkpt lat="46.277399864047766" lon="15.178737239912152">
        <ele>288.20001220703125</ele>
        <time>2025-01-01T12:47:23Z</time>
      </trkpt>
      <trkpt lat="46.27743280492723" lon="15.178726930171251">
        <ele>288.20001220703125</ele>
        <time>2025-01-01T12:47:23Z</time>
      </trkpt>
      <trkpt lat="46.27746373414993" lon="15.178717793896794">
        <ele>288.20001220703125</ele>
        <time>2025-01-01T12:47:24Z</time>
      </trkpt>
      <trkpt lat="46.27749617211521" lon="15.178707148879766">
        <ele>288.3999938964844</ele>
        <time>2025-01-01T12:47:24Z</time>
      </trkpt>
      <trkpt lat="46.277524922043085" lon="15.178697006776929">
        <ele>288.3999938964844</ele>
        <time>2025-01-01T12:47:25Z</time>
      </trkpt>
      <trkpt lat="46.277551241219044" lon="15.178687032312155">
        <ele>288.3999938964844</ele>
        <time>2025-01-01T12:47:25Z</time>
      </trkpt>
      <trkpt lat="46.27758242189884" lon="15.178676806390285">
        <ele>288.6000061035156</ele>
        <time>2025-01-01T12:47:26Z</time>
      </trkpt>
      <trkpt lat="46.277614273130894" lon="15.178668340668082">
        <ele>288.6000061035156</ele>
        <time>2025-01-01T12:47:27Z</time>
      </trkpt>
      <trkpt lat="46.2776452023536" lon="15.178660294041038">
        <ele>288.6000061035156</ele>
        <time>2025-01-01T12:47:27Z</time>
      </trkpt>
      <trkpt lat="46.27767403610051" lon="15.178649900481105">
        <ele>288.79998779296875</ele>
        <time>2025-01-01T12:47:28Z</time>
      </trkpt>
      <trkpt lat="46.277701864019036" lon="15.178641434758902">
        <ele>288.79998779296875</ele>
        <time>2025-01-01T12:47:28Z</time>
      </trkpt>
      <trkpt lat="46.27773279324174" lon="15.17863548360765">
        <ele>289.0</ele>
        <time>2025-01-01T12:47:29Z</time>
      </trkpt>
      <trkpt lat="46.27776615321636" lon="15.178626012057066">
        <ele>289.0</ele>
        <time>2025-01-01T12:47:30Z</time>
      </trkpt>
      <trkpt lat="46.27779775299132" lon="15.178611846640706">
        <ele>289.20001220703125</ele>
        <time>2025-01-01T12:47:31Z</time>
      </trkpt>
      <trkpt lat="46.277830777689815" lon="15.178598603233695">
        <ele>289.20001220703125</ele>
        <time>2025-01-01T12:47:31Z</time>
      </trkpt>
      <trkpt lat="46.27786531113088" lon="15.17859055660665">
        <ele>289.3999938964844</ele>
        <time>2025-01-01T12:47:32Z</time>
      </trkpt>
      <trkpt lat="46.27789883874357" lon="15.17858368344605">
        <ele>289.3999938964844</ele>
        <time>2025-01-01T12:47:33Z</time>
      </trkpt>
      <trkpt lat="46.27793404273689" lon="15.178576726466417">
        <ele>289.6000061035156</ele>
        <time>2025-01-01T12:47:33Z</time>
      </trkpt>
      <trkpt lat="46.27797025255859" lon="15.178565997630358">
        <ele>289.6000061035156</ele>
        <time>2025-01-01T12:47:34Z</time>
      </trkpt>
      <trkpt lat="46.27800679765642" lon="15.178552838042378">
        <ele>289.79998779296875</ele>
        <time>2025-01-01T12:47:35Z</time>
      </trkpt>
      <trkpt lat="46.27804149873555" lon="15.178539678454399">
        <ele>289.79998779296875</ele>
        <time>2025-01-01T12:47:36Z</time>
      </trkpt>
      <trkpt lat="46.2780749425292" lon="15.178526686504483">
        <ele>289.79998779296875</ele>
        <time>2025-01-01T12:47:36Z</time>
      </trkpt>
      <trkpt lat="46.278110817074776" lon="15.178513694554567">
        <ele>290.0</ele>
        <time>2025-01-01T12:47:37Z</time>
      </trkpt>
      <trkpt lat="46.27814685925841" lon="15.178499110043049">
        <ele>290.0</ele>
        <time>2025-01-01T12:47:38Z</time>
      </trkpt>
      <trkpt lat="46.27818172797561" lon="15.17848745919764">
        <ele>290.20001220703125</ele>
        <time>2025-01-01T12:47:38Z</time>
      </trkpt>
      <trkpt lat="46.27821617759764" lon="15.178480753675103">
        <ele>290.20001220703125</ele>
        <time>2025-01-01T12:47:39Z</time>
      </trkpt>
      <trkpt lat="46.27825087867677" lon="15.178469689562917">
        <ele>290.3999938964844</ele>
        <time>2025-01-01T12:47:40Z</time>
      </trkpt>
      <trkpt lat="46.278285663574934" lon="15.178459044545889">
        <ele>290.3999938964844</ele>
        <time>2025-01-01T12:47:40Z</time>
      </trkpt>
      <trkpt lat="46.27831717953086" lon="15.178447980433702">
        <ele>290.6000061035156</ele>
        <time>2025-01-01T12:47:41Z</time>
      </trkpt>
      <trkpt lat="46.278346767649055" lon="15.178439682349563">
        <ele>290.6000061035156</ele>
        <time>2025-01-01T12:47:42Z</time>
      </trkpt>
      <trkpt lat="46.27838088199496" lon="15.17843029461801">
        <ele>290.79998779296875</ele>
        <time>2025-01-01T12:47:43Z</time>
      </trkpt>
      <trkpt lat="46.278415750712156" lon="15.178420739248395">
        <ele>290.79998779296875</ele>
        <time>2025-01-01T12:47:43Z</time>
      </trkpt>
      <trkpt lat="46.27845078706741" lon="15.178407914936543">
        <ele>290.79998779296875</ele>
        <time>2025-01-01T12:47:44Z</time>
      </trkpt>
      <trkpt lat="46.27848573960364" lon="15.17839903011918">
        <ele>291.0</ele>
        <time>2025-01-01T12:47:45Z</time>
      </trkpt>
      <trkpt lat="46.278518261387944" lon="15.178387714549899">
        <ele>291.20001220703125</ele>
        <time>2025-01-01T12:47:45Z</time>
      </trkpt>
      <trkpt lat="46.278550531715155" lon="15.178371956571937">
        <ele>291.20001220703125</ele>
        <time>2025-01-01T12:47:46Z</time>
      </trkpt>
      <trkpt lat="46.27858556807041" lon="15.17835795879364">
        <ele>291.3999938964844</ele>
        <time>2025-01-01T12:47:47Z</time>
      </trkpt>
      <trkpt lat="46.27862102352083" lon="15.178346056491137">
        <ele>291.3999938964844</ele>
        <time>2025-01-01T12:47:47Z</time>
      </trkpt>
      <trkpt lat="46.27866041846573" lon="15.178333399817348">
        <ele>291.6000061035156</ele>
        <time>2025-01-01T12:47:48Z</time>
      </trkpt>
      <trkpt lat="46.278698053210974" lon="15.178315797820687">
        <ele>291.6000061035156</ele>
        <time>2025-01-01T12:47:49Z</time>
      </trkpt>
      <trkpt lat="46.278733257204294" lon="15.17830464988947">
        <ele>291.6000061035156</ele>
        <time>2025-01-01T12:47:50Z</time>
      </trkpt>
      <trkpt lat="46.278768545016646" lon="15.178291825577617">
        <ele>291.79998779296875</ele>
        <time>2025-01-01T12:47:50Z</time>
      </trkpt>
      <trkpt lat="46.27880525775254" lon="15.178277660161257">
        <ele>291.79998779296875</ele>
        <time>2025-01-01T12:47:51Z</time>
      </trkpt>
      <trkpt lat="46.27884037792683" lon="15.17826215364039">
        <ele>292.0</ele>
        <time>2025-01-01T12:47:52Z</time>
      </trkpt>
      <trkpt lat="46.27887616865337" lon="15.178247736766934">
        <ele>292.0</ele>
        <time>2025-01-01T12:47:53Z</time>
      </trkpt>
      <trkpt lat="46.278910199180245" lon="15.178231308236718">
        <ele>292.20001220703125</ele>
        <time>2025-01-01T12:47:53Z</time>
      </trkpt>
      <trkpt lat="46.278945822268724" lon="15.178215634077787">
        <ele>292.20001220703125</ele>
        <time>2025-01-01T12:47:54Z</time>
      </trkpt>
      <trkpt lat="46.27898161299527" lon="15.178201301023364">
        <ele>292.20001220703125</ele>
        <time>2025-01-01T12:47:55Z</time>
      </trkpt>
      <trkpt lat="46.27901824191213" lon="15.178185878321528">
        <ele>292.3999938964844</ele>
        <time>2025-01-01T12:47:56Z</time>
      </trkpt>
      <trkpt lat="46.27905545756221" lon="15.17817422747612">
        <ele>292.3999938964844</ele>
        <time>2025-01-01T12:47:56Z</time>
      </trkpt>
      <trkpt lat="46.27909351140261" lon="15.178163414821029">
        <ele>292.3999938964844</ele>
        <time>2025-01-01T12:47:57Z</time>
      </trkpt>
      <trkpt lat="46.27913290634751" lon="15.178150087594986">
        <ele>292.3999938964844</ele>
        <time>2025-01-01T12:47:58Z</time>
      </trkpt>
      <trkpt lat="46.27916903235018" lon="15.17813416197896">
        <ele>292.3999938964844</ele>
        <time>2025-01-01T12:47:58Z</time>
      </trkpt>
      <trkpt lat="46.27920708619058" lon="15.178117649629712">
        <ele>292.3999938964844</ele>
        <time>2025-01-01T12:47:59Z</time>
      </trkpt>
      <trkpt lat="46.27924698404968" lon="15.178102310746908">
        <ele>292.3999938964844</ele>
        <time>2025-01-01T12:48:00Z</time>
      </trkpt>
      <trkpt lat="46.27928487025201" lon="15.178086049854755">
        <ele>292.3999938964844</ele>
        <time>2025-01-01T12:48:00Z</time>
      </trkpt>
      <trkpt lat="46.27931881695986" lon="15.178069788962603">
        <ele>292.6000061035156</ele>
        <time>2025-01-01T12:48:01Z</time>
      </trkpt>
      <trkpt lat="46.27935502678156" lon="15.17805453389883">
        <ele>292.6000061035156</ele>
        <time>2025-01-01T12:48:02Z</time>
      </trkpt>
      <trkpt lat="46.27939023077488" lon="15.178038524463773">
        <ele>292.6000061035156</ele>
        <time>2025-01-01T12:48:02Z</time>
      </trkpt>
      <trkpt lat="46.279428116977215" lon="15.178023437038064">
        <ele>292.79998779296875</ele>
        <time>2025-01-01T12:48:03Z</time>
      </trkpt>
      <trkpt lat="46.279466254636645" lon="15.178007846698165">
        <ele>292.79998779296875</ele>
        <time>2025-01-01T12:48:04Z</time>
      </trkpt>
      <trkpt lat="46.27950330264866" lon="15.177993094548583">
        <ele>292.79998779296875</ele>
        <time>2025-01-01T12:48:05Z</time>
      </trkpt>
      <trkpt lat="46.2795393448323" lon="15.17797683365643">
        <ele>292.79998779296875</ele>
        <time>2025-01-01T12:48:05Z</time>
      </trkpt>
      <trkpt lat="46.27957706339657" lon="15.177957555279136">
        <ele>292.79998779296875</ele>
        <time>2025-01-01T12:48:06Z</time>
      </trkpt>
      <trkpt lat="46.27961846999824" lon="15.17793576233089">
        <ele>293.0</ele>
        <time>2025-01-01T12:48:07Z</time>
      </trkpt>
      <trkpt lat="46.2796603795141" lon="15.177916651591659">
        <ele>293.0</ele>
        <time>2025-01-01T12:48:08Z</time>
      </trkpt>
      <trkpt lat="46.27970329485834" lon="15.17789619974792">
        <ele>293.0</ele>
        <time>2025-01-01T12:48:08Z</time>
      </trkpt>
      <trkpt lat="46.279746294021606" lon="15.177874993532896">
        <ele>293.0</ele>
        <time>2025-01-01T12:48:09Z</time>
      </trkpt>
      <trkpt lat="46.279788287356496" lon="15.17785420641303">
        <ele>293.0</ele>
        <time>2025-01-01T12:48:10Z</time>
      </trkpt>
      <trkpt lat="46.279825838282704" lon="15.177831994369626">
        <ele>293.20001220703125</ele>
        <time>2025-01-01T12:48:11Z</time>
      </trkpt>
      <trkpt lat="46.27986523322761" lon="15.177815314382315">
        <ele>293.3999938964844</ele>
        <time>2025-01-01T12:48:12Z</time>
      </trkpt>
      <trkpt lat="46.27990479581058" lon="15.177802238613367">
        <ele>293.3999938964844</ele>
        <time>2025-01-01T12:48:12Z</time>
      </trkpt>
      <trkpt lat="46.27994293347001" lon="15.177786648273468">
        <ele>293.6000061035156</ele>
        <time>2025-01-01T12:48:13Z</time>
      </trkpt>
      <trkpt lat="46.27997956238687" lon="15.177766615524888">
        <ele>293.6000061035156</ele>
        <time>2025-01-01T12:48:14Z</time>
      </trkpt>
      <trkpt lat="46.280017951503396" lon="15.1777452416718">
        <ele>293.79998779296875</ele>
        <time>2025-01-01T12:48:15Z</time>
      </trkpt>
      <trkpt lat="46.28005592152476" lon="15.177725292742252">
        <ele>293.79998779296875</ele>
        <time>2025-01-01T12:48:16Z</time>
      </trkpt>
      <trkpt lat="46.280091712251306" lon="15.177704421803355">
        <ele>294.0</ele>
        <time>2025-01-01T12:48:16Z</time>
      </trkpt>
      <trkpt lat="46.28012750297785" lon="15.177679779008031">
        <ele>294.20001220703125</ele>
        <time>2025-01-01T12:48:17Z</time>
      </trkpt>
      <trkpt lat="46.28016228787601" lon="15.17765530385077">
        <ele>294.20001220703125</ele>
        <time>2025-01-01T12:48:18Z</time>
      </trkpt>
      <trkpt lat="46.28019933588803" lon="15.177635690197349">
        <ele>294.3999938964844</ele>
        <time>2025-01-01T12:48:19Z</time>
      </trkpt>
      <trkpt lat="46.28023747354746" lon="15.177616914734244">
        <ele>294.3999938964844</ele>
        <time>2025-01-01T12:48:20Z</time>
      </trkpt>
      <trkpt lat="46.28027661703527" lon="15.17759914509952">
        <ele>294.3999938964844</ele>
        <time>2025-01-01T12:48:20Z</time>
      </trkpt>
      <trkpt lat="46.28031768836081" lon="15.177583387121558">
        <ele>294.6000061035156</ele>
        <time>2025-01-01T12:48:21Z</time>
      </trkpt>
      <trkpt lat="46.280359933152795" lon="15.177571065723896">
        <ele>294.6000061035156</ele>
        <time>2025-01-01T12:48:22Z</time>
      </trkpt>
      <trkpt lat="46.28040318377316" lon="15.17756201326847">
        <ele>294.79998779296875</ele>
        <time>2025-01-01T12:48:23Z</time>
      </trkpt>
      <trkpt lat="46.280445512384176" lon="15.1775536313653">
        <ele>294.79998779296875</ele>
        <time>2025-01-01T12:48:24Z</time>
      </trkpt>
      <trkpt lat="46.280484488233924" lon="15.177546758204699">
        <ele>294.79998779296875</ele>
        <time>2025-01-01T12:48:24Z</time>
      </trkpt>
      <trkpt lat="46.280527571216226" lon="15.177547177299857">
        <ele>295.0</ele>
        <time>2025-01-01T12:48:25Z</time>
      </trkpt>
      <trkpt lat="46.28057484515011" lon="15.177550446242094">
        <ele>295.0</ele>
        <time>2025-01-01T12:48:26Z</time>
      </trkpt>
      <trkpt lat="46.28062538802624" lon="15.177549608051777">
        <ele>295.0</ele>
        <time>2025-01-01T12:48:27Z</time>
      </trkpt>
      <trkpt lat="46.28068087622523" lon="15.177550362423062">
        <ele>295.0</ele>
        <time>2025-01-01T12:48:28Z</time>
      </trkpt>
      <trkpt lat="46.28073317930102" lon="15.177549440413713">
        <ele>295.0</ele>
        <time>2025-01-01T12:48:29Z</time>
      </trkpt>
      <trkpt lat="46.280783638358116" lon="15.177546925842762">
        <ele>295.0</ele>
        <time>2025-01-01T12:48:30Z</time>
      </trkpt>
      <trkpt lat="46.280833426862955" lon="15.177543740719557">
        <ele>295.0</ele>
        <time>2025-01-01T12:48:30Z</time>
      </trkpt>
      <trkpt lat="46.28088145516813" lon="15.177538627758622">
        <ele>295.20001220703125</ele>
        <time>2025-01-01T12:48:32Z</time>
      </trkpt>
      <trkpt lat="46.280929651111364" lon="15.177535442635417">
        <ele>295.20001220703125</ele>
        <time>2025-01-01T12:48:32Z</time>
      </trkpt>
      <trkpt lat="46.280977092683315" lon="15.17753267660737">
        <ele>295.20001220703125</ele>
        <time>2025-01-01T12:48:33Z</time>
      </trkpt>
      <trkpt lat="46.281026881188154" lon="15.177530497312546">
        <ele>295.3999938964844</ele>
        <time>2025-01-01T12:48:34Z</time>
      </trkpt>
      <trkpt lat="46.2810745742172" lon="15.177526725456119">
        <ele>295.3999938964844</ele>
        <time>2025-01-01T12:48:35Z</time>
      </trkpt>
      <trkpt lat="46.281123692169785" lon="15.177525551989675">
        <ele>295.3999938964844</ele>
        <time>2025-01-01T12:48:36Z</time>
      </trkpt>
      <trkpt lat="46.28117272630334" lon="15.177525468170643">
        <ele>295.3999938964844</ele>
        <time>2025-01-01T12:48:37Z</time>
      </trkpt>
      <trkpt lat="46.28122176043689" lon="15.177523959428072">
        <ele>295.3999938964844</ele>
        <time>2025-01-01T12:48:38Z</time>
      </trkpt>
      <trkpt lat="46.28127356059849" lon="15.177518762648106">
        <ele>295.3999938964844</ele>
        <time>2025-01-01T12:48:38Z</time>
      </trkpt>
      <trkpt lat="46.28132536076009" lon="15.17752144485712">
        <ele>295.3999938964844</ele>
        <time>2025-01-01T12:48:39Z</time>
      </trkpt>
      <trkpt lat="46.28137405961752" lon="15.177522031590343">
        <ele>295.20001220703125</ele>
        <time>2025-01-01T12:48:40Z</time>
      </trkpt>
      <trkpt lat="46.28142401576042" lon="15.177520187571645">
        <ele>295.20001220703125</ele>
        <time>2025-01-01T12:48:41Z</time>
      </trkpt>
      <trkpt lat="46.28147724084556" lon="15.177524294704199">
        <ele>295.20001220703125</ele>
        <time>2025-01-01T12:48:42Z</time>
      </trkpt>
      <trkpt lat="46.28152644261718" lon="15.177529156208038">
        <ele>295.20001220703125</ele>
        <time>2025-01-01T12:48:43Z</time>
      </trkpt>
      <trkpt lat="46.281575141474605" lon="15.177536867558956">
        <ele>295.20001220703125</ele>
        <time>2025-01-01T12:48:43Z</time>
      </trkpt>
      <trkpt lat="46.28162384033203" lon="15.177548434585333">
        <ele>295.3999938964844</ele>
        <time>2025-01-01T12:48:44Z</time>
      </trkpt>
      <trkpt lat="46.281674383208156" lon="15.177565952762961">
        <ele>295.3999938964844</ele>
        <time>2025-01-01T12:48:45Z</time>
      </trkpt>
      <trkpt lat="46.28172459080815" lon="15.17758497968316">
        <ele>295.3999938964844</ele>
        <time>2025-01-01T12:48:46Z</time>
      </trkpt>
      <trkpt lat="46.28177337348461" lon="15.17760400660336">
        <ele>295.3999938964844</ele>
        <time>2025-01-01T12:48:47Z</time>
      </trkpt>
      <trkpt lat="46.28182014450431" lon="15.177624793723226">
        <ele>295.3999938964844</ele>
        <time>2025-01-01T12:48:48Z</time>
      </trkpt>
      <trkpt lat="46.28186599351466" lon="15.177648346871138">
        <ele>295.3999938964844</ele>
        <time>2025-01-01T12:48:49Z</time>
      </trkpt>
      <trkpt lat="46.28190999850631" lon="15.177674246951938">
        <ele>295.6000061035156</ele>
        <time>2025-01-01T12:48:50Z</time>
      </trkpt>
      <trkpt lat="46.28195274621248" lon="15.177701823413372">
        <ele>295.6000061035156</ele>
        <time>2025-01-01T12:48:51Z</time>
      </trkpt>
      <trkpt lat="46.28199222497642" lon="15.177727304399014">
        <ele>295.6000061035156</ele>
        <time>2025-01-01T12:48:51Z</time>
      </trkpt>
      <trkpt lat="46.282031536102295" lon="15.177754629403353">
        <ele>295.79998779296875</ele>
        <time>2025-01-01T12:48:52Z</time>
      </trkpt>
      <trkpt lat="46.28206891939044" lon="15.177782792598009">
        <ele>295.79998779296875</ele>
        <time>2025-01-01T12:48:53Z</time>
      </trkpt>
      <trkpt lat="46.282104291021824" lon="15.177810871973634">
        <ele>295.79998779296875</ele>
        <time>2025-01-01T12:48:54Z</time>
      </trkpt>
      <trkpt lat="46.282137567177415" lon="15.177837610244751">
        <ele>296.0</ele>
        <time>2025-01-01T12:48:55Z</time>
      </trkpt>
      <trkpt lat="46.28216807730496" lon="15.177865857258439">
        <ele>296.0</ele>
        <time>2025-01-01T12:48:55Z</time>
      </trkpt>
      <trkpt lat="46.282198168337345" lon="15.177893349900842">
        <ele>296.0</ele>
        <time>2025-01-01T12:48:56Z</time>
      </trkpt>
      <trkpt lat="46.28222591243684" lon="15.177921010181308">
        <ele>296.0</ele>
        <time>2025-01-01T12:48:56Z</time>
      </trkpt>
      <trkpt lat="46.28225273452699" lon="15.177946239709854">
        <ele>296.20001220703125</ele>
        <time>2025-01-01T12:48:57Z</time>
      </trkpt>
      <trkpt lat="46.28228098154068" lon="15.177972558885813">
        <ele>296.0</ele>
        <time>2025-01-01T12:48:58Z</time>
      </trkpt>
      <trkpt lat="46.28231258131564" lon="15.177997620776296">
        <ele>296.0</ele>
        <time>2025-01-01T12:48:58Z</time>
      </trkpt>
      <trkpt lat="46.282343761995435" lon="15.178023185580969">
        <ele>296.0</ele>
        <time>2025-01-01T12:48:59Z</time>
      </trkpt>
      <trkpt lat="46.28237175755203" lon="15.17804665490985">
        <ele>296.0</ele>
        <time>2025-01-01T12:48:59Z</time>
      </trkpt>
      <trkpt lat="46.282402435317636" lon="15.178073309361935">
        <ele>296.0</ele>
        <time>2025-01-01T12:49:00Z</time>
      </trkpt>
      <trkpt lat="46.2824353761971" lon="15.178106166422367">
        <ele>296.0</ele>
        <time>2025-01-01T12:49:01Z</time>
      </trkpt>
      <trkpt lat="46.28247141838074" lon="15.178144806995988">
        <ele>296.0</ele>
        <time>2025-01-01T12:49:01Z</time>
      </trkpt>
      <trkpt lat="46.2825080472976" lon="15.178186800330877">
        <ele>296.0</ele>
        <time>2025-01-01T12:49:02Z</time>
      </trkpt>
      <trkpt lat="46.28254333510995" lon="15.178233236074448">
        <ele>296.0</ele>
        <time>2025-01-01T12:49:03Z</time>
      </trkpt>
      <trkpt lat="46.282577281817794" lon="15.178281348198652">
        <ele>296.0</ele>
        <time>2025-01-01T12:49:04Z</time>
      </trkpt>
      <trkpt lat="46.2826113961637" lon="15.178328873589635">
        <ele>296.20001220703125</ele>
        <time>2025-01-01T12:49:05Z</time>
      </trkpt>
      <trkpt lat="46.28264559432864" lon="15.178375979885459">
        <ele>296.20001220703125</ele>
        <time>2025-01-01T12:49:06Z</time>
      </trkpt>
      <trkpt lat="46.28267526626587" lon="15.178423756733537">
        <ele>296.3999938964844</ele>
        <time>2025-01-01T12:49:07Z</time>
      </trkpt>
      <trkpt lat="46.28270619548857" lon="15.178473042324185">
        <ele>296.3999938964844</ele>
        <time>2025-01-01T12:49:07Z</time>
      </trkpt>
      <trkpt lat="46.28274223767221" lon="15.178523249924183">
        <ele>296.3999938964844</ele>
        <time>2025-01-01T12:49:08Z</time>
      </trkpt>
      <trkpt lat="46.282780626788735" lon="15.178572116419673">
        <ele>296.3999938964844</ele>
        <time>2025-01-01T12:49:09Z</time>
      </trkpt>
      <trkpt lat="46.28282136283815" lon="15.178619977086782">
        <ele>296.3999938964844</ele>
        <time>2025-01-01T12:49:10Z</time>
      </trkpt>
      <trkpt lat="46.282863188534975" lon="15.178670519962907">
        <ele>296.3999938964844</ele>
        <time>2025-01-01T12:49:11Z</time>
      </trkpt>
      <trkpt lat="46.28290300257504" lon="15.178728019818664">
        <ele>296.20001220703125</ele>
        <time>2025-01-01T12:49:12Z</time>
      </trkpt>
      <trkpt lat="46.282939463853836" lon="15.178790464997292">
        <ele>296.0</ele>
        <time>2025-01-01T12:49:13Z</time>
      </trkpt>
      <trkpt lat="46.28297760151327" lon="15.178858190774918">
        <ele>295.79998779296875</ele>
        <time>2025-01-01T12:49:13Z</time>
      </trkpt>
      <trkpt lat="46.283019511029124" lon="15.178929269313812">
        <ele>295.6000061035156</ele>
        <time>2025-01-01T12:49:14Z</time>
      </trkpt>
      <trkpt lat="46.283061504364014" lon="15.179000599309802">
        <ele>295.3999938964844</ele>
        <time>2025-01-01T12:49:15Z</time>
      </trkpt>
      <trkpt lat="46.28310634754598" lon="15.179073102772236">
        <ele>295.20001220703125</ele>
        <time>2025-01-01T12:49:16Z</time>
      </trkpt>
      <trkpt lat="46.28315303474665" lon="15.17914954572916">
        <ele>294.79998779296875</ele>
        <time>2025-01-01T12:49:17Z</time>
      </trkpt>
      <trkpt lat="46.28320148214698" lon="15.179231772199273">
        <ele>294.6000061035156</ele>
        <time>2025-01-01T12:49:18Z</time>
      </trkpt>
      <trkpt lat="46.283253114670515" lon="15.1793166808784">
        <ele>294.20001220703125</ele>
        <time>2025-01-01T12:49:19Z</time>
      </trkpt>
      <trkpt lat="46.28330265171826" lon="15.179406702518463">
        <ele>294.0</ele>
        <time>2025-01-01T12:49:20Z</time>
      </trkpt>
      <trkpt lat="46.28334866836667" lon="15.179502926766872">
        <ele>293.6000061035156</ele>
        <time>2025-01-01T12:49:22Z</time>
      </trkpt>
      <trkpt lat="46.28339401446283" lon="15.17960443161428">
        <ele>293.20001220703125</ele>
        <time>2025-01-01T12:49:23Z</time>
      </trkpt>
      <trkpt lat="46.28343994729221" lon="15.179709121584892">
        <ele>292.79998779296875</ele>
        <time>2025-01-01T12:49:24Z</time>
      </trkpt>
      <trkpt lat="46.28348529338837" lon="15.179816661402583">
        <ele>292.6000061035156</ele>
        <time>2025-01-01T12:49:25Z</time>
      </trkpt>
      <trkpt lat="46.28353273496032" lon="15.179926631972194">
        <ele>292.20001220703125</ele>
        <time>2025-01-01T12:49:26Z</time>
      </trkpt>
      <trkpt lat="46.28357975743711" lon="15.180041044950485">
        <ele>291.6000061035156</ele>
        <time>2025-01-01T12:49:27Z</time>
      </trkpt>
      <trkpt lat="46.28362418152392" lon="15.180161073803902">
        <ele>291.20001220703125</ele>
        <time>2025-01-01T12:49:29Z</time>
      </trkpt>
      <trkpt lat="46.28366617485881" lon="15.180285293608904">
        <ele>290.79998779296875</ele>
        <time>2025-01-01T12:49:30Z</time>
      </trkpt>
      <trkpt lat="46.28370481543243" lon="15.180412782356143">
        <ele>290.3999938964844</ele>
        <time>2025-01-01T12:49:31Z</time>
      </trkpt>
      <trkpt lat="46.28374429419637" lon="15.180540103465319">
        <ele>290.0</ele>
        <time>2025-01-01T12:49:33Z</time>
      </trkpt>
      <trkpt lat="46.28379047848284" lon="15.180663485080004">
        <ele>289.6000061035156</ele>
        <time>2025-01-01T12:49:34Z</time>
      </trkpt>
      <trkpt lat="46.28384361974895" lon="15.18078250810504">
        <ele>289.20001220703125</ele>
        <time>2025-01-01T12:49:35Z</time>
      </trkpt>
      <trkpt lat="46.283902963623405" lon="15.180895579978824">
        <ele>289.0</ele>
        <time>2025-01-01T12:49:37Z</time>
      </trkpt>
      <trkpt lat="46.28396775573492" lon="15.1810038741678">
        <ele>288.6000061035156</ele>
        <time>2025-01-01T12:49:38Z</time>
      </trkpt>
      <trkpt lat="46.284033888950944" lon="15.181111497804523">
        <ele>288.20001220703125</ele>
        <time>2025-01-01T12:49:40Z</time>
      </trkpt>
      <trkpt lat="46.28409708850086" lon="15.181219708174467">
        <ele>288.0</ele>
        <time>2025-01-01T12:49:41Z</time>
      </trkpt>
      <trkpt lat="46.284158527851105" lon="15.181328756734729">
        <ele>287.6000061035156</ele>
        <time>2025-01-01T12:49:42Z</time>
      </trkpt>
      <trkpt lat="46.284220051020384" lon="15.181438978761435">
        <ele>287.20001220703125</ele>
        <time>2025-01-01T12:49:44Z</time>
      </trkpt>
      <trkpt lat="46.284281238913536" lon="15.181547775864601">
        <ele>287.0</ele>
        <time>2025-01-01T12:49:45Z</time>
      </trkpt>
      <trkpt lat="46.28434586338699" lon="15.181657746434212">
        <ele>286.6000061035156</ele>
        <time>2025-01-01T12:49:47Z</time>
      </trkpt>
      <trkpt lat="46.284411158412695" lon="15.181769812479615">
        <ele>286.3999938964844</ele>
        <time>2025-01-01T12:49:48Z</time>
      </trkpt>
      <trkpt lat="46.28447553142905" lon="15.181880537420511">
        <ele>286.0</ele>
        <time>2025-01-01T12:49:50Z</time>
      </trkpt>
      <trkpt lat="46.28453831188381" lon="15.181990172713995">
        <ele>285.6000061035156</ele>
        <time>2025-01-01T12:49:51Z</time>
      </trkpt>
      <trkpt lat="46.28460017032921" lon="15.182102071121335">
        <ele>285.20001220703125</ele>
        <time>2025-01-01T12:49:52Z</time>
      </trkpt>
      <trkpt lat="46.28466043621302" lon="15.182215059176087">
        <ele>285.0</ele>
        <time>2025-01-01T12:49:54Z</time>
      </trkpt>
      <trkpt lat="46.2847198639065" lon="15.182328466325998">
        <ele>284.6000061035156</ele>
        <time>2025-01-01T12:49:55Z</time>
      </trkpt>
      <trkpt lat="46.28477795049548" lon="15.182443130761385">
        <ele>284.3999938964844</ele>
        <time>2025-01-01T12:49:57Z</time>
      </trkpt>
      <trkpt lat="46.284836288541555" lon="15.182556118816137">
        <ele>284.0</ele>
        <time>2025-01-01T12:49:58Z</time>
      </trkpt>
      <trkpt lat="46.28490041010082" lon="15.182660641148686">
        <ele>283.79998779296875</ele>
        <time>2025-01-01T12:49:59Z</time>
      </trkpt>
      <trkpt lat="46.284968638792634" lon="15.182759631425142">
        <ele>283.3999938964844</ele>
        <time>2025-01-01T12:50:01Z</time>
      </trkpt>
      <trkpt lat="46.28503795713186" lon="15.182853424921632">
        <ele>283.20001220703125</ele>
        <time>2025-01-01T12:50:02Z</time>
      </trkpt>
      <trkpt lat="46.285111298784614" lon="15.182940093800426">
        <ele>282.79998779296875</ele>
        <time>2025-01-01T12:50:04Z</time>
      </trkpt>
      <trkpt lat="46.285187657922506" lon="15.183017458766699">
        <ele>282.6000061035156</ele>
        <time>2025-01-01T12:50:05Z</time>
      </trkpt>
      <trkpt lat="46.2852658610791" lon="15.183089291676879">
        <ele>282.20001220703125</ele>
        <time>2025-01-01T12:50:06Z</time>
      </trkpt>
      <trkpt lat="46.28534481860697" lon="15.18315777182579">
        <ele>282.0</ele>
        <time>2025-01-01T12:50:08Z</time>
      </trkpt>
      <trkpt lat="46.285424111410975" lon="15.183221558108926">
        <ele>281.6000061035156</ele>
        <time>2025-01-01T12:50:09Z</time>
      </trkpt>
      <trkpt lat="46.28550541587174" lon="15.183281237259507">
        <ele>281.3999938964844</ele>
        <time>2025-01-01T12:50:10Z</time>
      </trkpt>
      <trkpt lat="46.285587223246694" lon="15.183337815105915">
        <ele>281.0</ele>
        <time>2025-01-01T12:50:11Z</time>
      </trkpt>
      <trkpt lat="46.28566827625036" lon="15.183393387123942">
        <ele>280.79998779296875</ele>
        <time>2025-01-01T12:50:13Z</time>
      </trkpt>
      <trkpt lat="46.28574723377824" lon="15.183453569188714">
        <ele>280.3999938964844</ele>
        <time>2025-01-01T12:50:14Z</time>
      </trkpt>
      <trkpt lat="46.2858253531158" lon="15.183522384613752">
        <ele>280.0</ele>
        <time>2025-01-01T12:50:15Z</time>
      </trkpt>
      <trkpt lat="46.28589048050344" lon="15.183613998815417">
        <ele>279.6000061035156</ele>
        <time>2025-01-01T12:50:16Z</time>
      </trkpt>
      <trkpt lat="46.28593700006604" lon="15.183733440935612">
        <ele>279.20001220703125</ele>
        <time>2025-01-01T12:50:18Z</time>
      </trkpt>
      <trkpt lat="46.28596658818424" lon="15.18386478535831">
        <ele>278.6000061035156</ele>
        <time>2025-01-01T12:50:19Z</time>
      </trkpt>
      <trkpt lat="46.28598636947572" lon="15.184002164751291">
        <ele>278.20001220703125</ele>
        <time>2025-01-01T12:50:20Z</time>
      </trkpt>
      <trkpt lat="46.28599659539759" lon="15.184145160019398">
        <ele>277.79998779296875</ele>
        <time>2025-01-01T12:50:22Z</time>
      </trkpt>
      <trkpt lat="46.28599651157856" lon="15.184286646544933">
        <ele>277.6000061035156</ele>
        <time>2025-01-01T12:50:23Z</time>
      </trkpt>
      <trkpt lat="46.285986956208944" lon="15.184426037594676">
        <ele>277.3999938964844</ele>
        <time>2025-01-01T12:50:25Z</time>
      </trkpt>
      <trkpt lat="46.2859736289829" lon="15.184562830254436">
        <ele>277.20001220703125</ele>
        <time>2025-01-01T12:50:26Z</time>
      </trkpt>
      <trkpt lat="46.285960553213954" lon="15.18469886854291">
        <ele>277.20001220703125</ele>
        <time>2025-01-01T12:50:28Z</time>
      </trkpt>
      <trkpt lat="46.285948818549514" lon="15.184831218793988">
        <ele>277.3999938964844</ele>
        <time>2025-01-01T12:50:29Z</time>
      </trkpt>
      <trkpt lat="46.285940101370215" lon="15.184958204627037">
        <ele>277.3999938964844</ele>
        <time>2025-01-01T12:50:31Z</time>
      </trkpt>
      <trkpt lat="46.285933731123805" lon="15.185083765536547">
        <ele>277.6000061035156</ele>
        <time>2025-01-01T12:50:33Z</time>
      </trkpt>
      <trkpt lat="46.28593138419092" lon="15.1852070633322">
        <ele>278.0</ele>
        <time>2025-01-01T12:50:35Z</time>
      </trkpt>
      <trkpt lat="46.28593306057155" lon="15.18532432615757">
        <ele>278.20001220703125</ele>
        <time>2025-01-01T12:50:36Z</time>
      </trkpt>
      <trkpt lat="46.28593649715185" lon="15.185437900945544">
        <ele>278.3999938964844</ele>
        <time>2025-01-01T12:50:38Z</time>
      </trkpt>
      <trkpt lat="46.28594219684601" lon="15.185549966990948">
        <ele>278.6000061035156</ele>
        <time>2025-01-01T12:50:39Z</time>
      </trkpt>
      <trkpt lat="46.28595200367272" lon="15.185661111027002">
        <ele>278.79998779296875</ele>
        <time>2025-01-01T12:50:41Z</time>
      </trkpt>
      <trkpt lat="46.28596432507038" lon="15.185770494863391">
        <ele>279.0</ele>
        <time>2025-01-01T12:50:42Z</time>
      </trkpt>
      <trkpt lat="46.285980166867375" lon="15.185875687748194">
        <ele>279.20001220703125</ele>
        <time>2025-01-01T12:50:44Z</time>
      </trkpt>
      <trkpt lat="46.28600179217756" lon="15.185976019129157">
        <ele>279.20001220703125</ele>
        <time>2025-01-01T12:50:45Z</time>
      </trkpt>
      <trkpt lat="46.28602777607739" lon="15.186073165386915">
        <ele>279.3999938964844</ele>
        <time>2025-01-01T12:50:46Z</time>
      </trkpt>
      <trkpt lat="46.28606356680393" lon="15.186164863407612">
        <ele>279.6000061035156</ele>
        <time>2025-01-01T12:50:48Z</time>
      </trkpt>
      <trkpt lat="46.28610438667238" lon="15.18624541349709">
        <ele>279.6000061035156</ele>
        <time>2025-01-01T12:50:49Z</time>
      </trkpt>
      <trkpt lat="46.286148307845" lon="15.186322275549173">
        <ele>279.6000061035156</ele>
        <time>2025-01-01T12:50:50Z</time>
      </trkpt>
      <trkpt lat="46.28619792871177" lon="15.186394024640322">
        <ele>279.79998779296875</ele>
        <time>2025-01-01T12:50:52Z</time>
      </trkpt>
      <trkpt lat="46.286246879026294" lon="15.186462001875043">
        <ele>279.79998779296875</ele>
        <time>2025-01-01T12:50:53Z</time>
      </trkpt>
      <trkpt lat="46.28629909828305" lon="15.186527380719781">
        <ele>279.79998779296875</ele>
        <time>2025-01-01T12:50:54Z</time>
      </trkpt>
      <trkpt lat="46.28635324537754" lon="15.186591167002916">
        <ele>280.0</ele>
        <time>2025-01-01T12:50:55Z</time>
      </trkpt>
      <trkpt lat="46.286406219005585" lon="15.186656462028623">
        <ele>280.0</ele>
        <time>2025-01-01T12:50:57Z</time>
      </trkpt>
      <trkpt lat="46.286455588415265" lon="15.186725109815598">
        <ele>280.0</ele>
        <time>2025-01-01T12:50:58Z</time>
      </trkpt>
      <trkpt lat="46.28650235943496" lon="15.186798954382539">
        <ele>280.0</ele>
        <time>2025-01-01T12:50:59Z</time>
      </trkpt>
      <trkpt lat="46.28654820844531" lon="15.186875900253654">
        <ele>280.20001220703125</ele>
        <time>2025-01-01T12:51:00Z</time>
      </trkpt>
      <trkpt lat="46.286592464894056" lon="15.186955779790878">
        <ele>280.20001220703125</ele>
        <time>2025-01-01T12:51:01Z</time>
      </trkpt>
      <trkpt lat="46.28663160838187" lon="15.187038090080023">
        <ele>280.0</ele>
        <time>2025-01-01T12:51:02Z</time>
      </trkpt>
      <trkpt lat="46.28666698001325" lon="15.187124591320753">
        <ele>280.20001220703125</ele>
        <time>2025-01-01T12:51:04Z</time>
      </trkpt>
      <trkpt lat="46.28669899888337" lon="15.187214948236942">
        <ele>280.0</ele>
        <time>2025-01-01T12:51:05Z</time>
      </trkpt>
      <trkpt lat="46.28671953454614" lon="15.187311926856637">
        <ele>280.0</ele>
        <time>2025-01-01T12:51:06Z</time>
      </trkpt>
      <trkpt lat="46.28672079183161" lon="15.187414772808552">
        <ele>279.79998779296875</ele>
        <time>2025-01-01T12:51:07Z</time>
      </trkpt>
      <trkpt lat="46.286700339987874" lon="15.187518121674657">
        <ele>279.6000061035156</ele>
        <time>2025-01-01T12:51:08Z</time>
      </trkpt>
      <trkpt lat="46.286661280319095" lon="15.187617028132081">
        <ele>279.3999938964844</ele>
        <time>2025-01-01T12:51:09Z</time>
      </trkpt>
      <trkpt lat="46.28661517985165" lon="15.187709731981158">
        <ele>279.20001220703125</ele>
        <time>2025-01-01T12:51:11Z</time>
      </trkpt>
      <trkpt lat="46.28657025285065" lon="15.187805285677314">
        <ele>279.0</ele>
        <time>2025-01-01T12:51:12Z</time>
      </trkpt>
      <trkpt lat="46.28652733750641" lon="15.187901426106691">
        <ele>278.79998779296875</ele>
        <time>2025-01-01T12:51:13Z</time>
      </trkpt>
      <trkpt lat="46.28648618236184" lon="15.187995722517371">
        <ele>278.3999938964844</ele>
        <time>2025-01-01T12:51:14Z</time>
      </trkpt>
      <trkpt lat="46.28644754178822" lon="15.188098400831223">
        <ele>278.3999938964844</ele>
        <time>2025-01-01T12:51:15Z</time>
      </trkpt>
      <trkpt lat="46.2864139303565" lon="15.18820434808731">
        <ele>278.20001220703125</ele>
        <time>2025-01-01T12:51:17Z</time>
      </trkpt>
      <trkpt lat="46.28638383932412" lon="15.188308535143733">
        <ele>277.79998779296875</ele>
        <time>2025-01-01T12:51:18Z</time>
      </trkpt>
      <trkpt lat="46.286365231499076" lon="15.18841682933271">
        <ele>277.79998779296875</ele>
        <time>2025-01-01T12:51:19Z</time>
      </trkpt>
      <trkpt lat="46.28635802306235" lon="15.188528057187796">
        <ele>277.6000061035156</ele>
        <time>2025-01-01T12:51:20Z</time>
      </trkpt>
      <trkpt lat="46.286361794918776" lon="15.188638111576438">
        <ele>277.6000061035156</ele>
        <time>2025-01-01T12:51:21Z</time>
      </trkpt>
      <trkpt lat="46.286368584260345" lon="15.188748836517334">
        <ele>277.6000061035156</ele>
        <time>2025-01-01T12:51:23Z</time>
      </trkpt>
      <trkpt lat="46.286372523754835" lon="15.188859896734357">
        <ele>277.6000061035156</ele>
        <time>2025-01-01T12:51:24Z</time>
      </trkpt>
      <trkpt lat="46.28637461923063" lon="15.18896852619946">
        <ele>277.6000061035156</ele>
        <time>2025-01-01T12:51:25Z</time>
      </trkpt>
      <trkpt lat="46.28636782988906" lon="15.18907455727458">
        <ele>277.6000061035156</ele>
        <time>2025-01-01T12:51:27Z</time>
      </trkpt>
      <trkpt lat="46.28635114990175" lon="15.189174553379416">
        <ele>277.6000061035156</ele>
        <time>2025-01-01T12:51:28Z</time>
      </trkpt>
      <trkpt lat="46.286327596753836" lon="15.189265664666891">
        <ele>277.79998779296875</ele>
        <time>2025-01-01T12:51:29Z</time>
      </trkpt>
      <trkpt lat="46.286301696673036" lon="15.18935208208859">
        <ele>278.0</ele>
        <time>2025-01-01T12:51:30Z</time>
      </trkpt>
      <trkpt lat="46.28627470694482" lon="15.18943028524518">
        <ele>278.20001220703125</ele>
        <time>2025-01-01T12:51:32Z</time>
      </trkpt>
      <trkpt lat="46.286244448274374" lon="15.189505303278565">
        <ele>278.6000061035156</ele>
        <time>2025-01-01T12:51:33Z</time>
      </trkpt>
      <trkpt lat="46.28621653653681" lon="15.189576297998428">
        <ele>278.79998779296875</ele>
        <time>2025-01-01T12:51:34Z</time>
      </trkpt>
      <trkpt lat="46.28618803806603" lon="15.189643017947674">
        <ele>279.20001220703125</ele>
        <time>2025-01-01T12:51:36Z</time>
      </trkpt>
      <trkpt lat="46.286163898184896" lon="15.18970881588757">
        <ele>279.6000061035156</ele>
        <time>2025-01-01T12:51:37Z</time>
      </trkpt>
      <trkpt lat="46.28614076413214" lon="15.189771177247167">
        <ele>280.0</ele>
        <time>2025-01-01T12:51:38Z</time>
      </trkpt>
      <trkpt lat="46.28611779771745" lon="15.18983194604516">
        <ele>280.3999938964844</ele>
        <time>2025-01-01T12:51:40Z</time>
      </trkpt>
      <trkpt lat="46.28609659150243" lon="15.189893385395408">
        <ele>280.6000061035156</ele>
        <time>2025-01-01T12:51:41Z</time>
      </trkpt>
      <trkpt lat="46.28607622347772" lon="15.189953818917274">
        <ele>281.0</ele>
        <time>2025-01-01T12:51:42Z</time>
      </trkpt>
      <trkpt lat="46.2860547658056" lon="15.19000687636435">
        <ele>281.20001220703125</ele>
        <time>2025-01-01T12:51:43Z</time>
      </trkpt>
      <trkpt lat="46.2860357388854" lon="15.190058341249824">
        <ele>281.6000061035156</ele>
        <time>2025-01-01T12:51:44Z</time>
      </trkpt>
      <trkpt lat="46.28601813688874" lon="15.190112572163343">
        <ele>282.0</ele>
        <time>2025-01-01T12:51:45Z</time>
      </trkpt>
      <trkpt lat="46.28599961288273" lon="15.190164791420102">
        <ele>282.20001220703125</ele>
        <time>2025-01-01T12:51:46Z</time>
      </trkpt>
      <trkpt lat="46.28597899340093" lon="15.190216926857829">
        <ele>282.3999938964844</ele>
        <time>2025-01-01T12:51:47Z</time>
      </trkpt>
      <trkpt lat="46.285958709195256" lon="15.190269900485873">
        <ele>282.6000061035156</ele>
        <time>2025-01-01T12:51:48Z</time>
      </trkpt>
      <trkpt lat="46.28593733534217" lon="15.19032304175198">
        <ele>282.6000061035156</ele>
        <time>2025-01-01T12:51:49Z</time>
      </trkpt>
      <trkpt lat="46.28591797314584" lon="15.190378529950976">
        <ele>282.79998779296875</ele>
        <time>2025-01-01T12:51:50Z</time>
      </trkpt>
      <trkpt lat="46.28589634783566" lon="15.190435526892543">
        <ele>282.79998779296875</ele>
        <time>2025-01-01T12:51:50Z</time>
      </trkpt>
      <trkpt lat="46.285875644534826" lon="15.190494451671839">
        <ele>282.79998779296875</ele>
        <time>2025-01-01T12:51:51Z</time>
      </trkpt>
      <trkpt lat="46.285855025053024" lon="15.190554549917579">
        <ele>282.79998779296875</ele>
        <time>2025-01-01T12:51:52Z</time>
      </trkpt>
      <trkpt lat="46.28583583049476" lon="15.190614983439445">
        <ele>282.79998779296875</ele>
        <time>2025-01-01T12:51:53Z</time>
      </trkpt>
      <trkpt lat="46.28581864759326" lon="15.19067575223744">
        <ele>282.79998779296875</ele>
        <time>2025-01-01T12:51:54Z</time>
      </trkpt>
      <trkpt lat="46.28580171614885" lon="15.19073593430221">
        <ele>282.79998779296875</ele>
        <time>2025-01-01T12:51:54Z</time>
      </trkpt>
      <trkpt lat="46.285786125808954" lon="15.19079988822341">
        <ele>282.79998779296875</ele>
        <time>2025-01-01T12:51:55Z</time>
      </trkpt>
      <trkpt lat="46.2857701163739" lon="15.190860740840435">
        <ele>283.0</ele>
        <time>2025-01-01T12:51:56Z</time>
      </trkpt>
      <trkpt lat="46.28575352020562" lon="15.190921174362302">
        <ele>283.0</ele>
        <time>2025-01-01T12:51:57Z</time>
      </trkpt>
      <trkpt lat="46.285737762227654" lon="15.19098311662674">
        <ele>283.0</ele>
        <time>2025-01-01T12:51:58Z</time>
      </trkpt>
      <trkpt lat="46.28572326153517" lon="15.191046567633748">
        <ele>283.0</ele>
        <time>2025-01-01T12:51:58Z</time>
      </trkpt>
      <trkpt lat="46.285710856318474" lon="15.191111359745264">
        <ele>283.20001220703125</ele>
        <time>2025-01-01T12:51:59Z</time>
      </trkpt>
      <trkpt lat="46.285701133310795" lon="15.191176068037748">
        <ele>283.20001220703125</ele>
        <time>2025-01-01T12:52:00Z</time>
      </trkpt>
      <trkpt lat="46.28569208085537" lon="15.191242787986994">
        <ele>283.20001220703125</ele>
        <time>2025-01-01T12:52:01Z</time>
      </trkpt>
      <trkpt lat="46.28568395040929" lon="15.191308166831732">
        <ele>283.3999938964844</ele>
        <time>2025-01-01T12:52:02Z</time>
      </trkpt>
      <trkpt lat="46.28567934036255" lon="15.191372875124216">
        <ele>283.3999938964844</ele>
        <time>2025-01-01T12:52:03Z</time>
      </trkpt>
      <trkpt lat="46.2856768257916" lon="15.191435990855098">
        <ele>283.3999938964844</ele>
        <time>2025-01-01T12:52:04Z</time>
      </trkpt>
      <trkpt lat="46.28567649051547" lon="15.191500280052423">
        <ele>283.6000061035156</ele>
        <time>2025-01-01T12:52:05Z</time>
      </trkpt>
      <trkpt lat="46.285678166896105" lon="15.191561970859766">
        <ele>283.6000061035156</ele>
        <time>2025-01-01T12:52:05Z</time>
      </trkpt>
      <trkpt lat="46.2856802623719" lon="15.191621733829379">
        <ele>283.79998779296875</ele>
        <time>2025-01-01T12:52:06Z</time>
      </trkpt>
      <trkpt lat="46.285684034228325" lon="15.191681999713182">
        <ele>283.79998779296875</ele>
        <time>2025-01-01T12:52:07Z</time>
      </trkpt>
      <trkpt lat="46.28569048829377" lon="15.191744696348906">
        <ele>284.0</ele>
        <time>2025-01-01T12:52:08Z</time>
      </trkpt>
      <trkpt lat="46.28569853492081" lon="15.191806051880121">
        <ele>284.0</ele>
        <time>2025-01-01T12:52:09Z</time>
      </trkpt>
      <trkpt lat="46.28570641390979" lon="15.191864892840385">
        <ele>284.20001220703125</ele>
        <time>2025-01-01T12:52:10Z</time>
      </trkpt>
      <trkpt lat="46.285712365061045" lon="15.191923063248396">
        <ele>284.20001220703125</ele>
        <time>2025-01-01T12:52:10Z</time>
      </trkpt>
      <trkpt lat="46.28571714274585" lon="15.191979305818677">
        <ele>284.3999938964844</ele>
        <time>2025-01-01T12:52:11Z</time>
      </trkpt>
      <trkpt lat="46.285724099725485" lon="15.192039487883449">
        <ele>284.3999938964844</ele>
        <time>2025-01-01T12:52:12Z</time>
      </trkpt>
      <trkpt lat="46.28573155961931" lon="15.192099502310157">
        <ele>284.3999938964844</ele>
        <time>2025-01-01T12:52:13Z</time>
      </trkpt>
      <trkpt lat="46.28574186936021" lon="15.192160354927182">
        <ele>284.6000061035156</ele>
        <time>2025-01-01T12:52:13Z</time>
      </trkpt>
      <trkpt lat="46.28575301729143" lon="15.192220117896795">
        <ele>284.6000061035156</ele>
        <time>2025-01-01T12:52:14Z</time>
      </trkpt>
      <trkpt lat="46.28576341085136" lon="15.192279126495123">
        <ele>284.79998779296875</ele>
        <time>2025-01-01T12:52:15Z</time>
      </trkpt>
      <trkpt lat="46.28576994873583" lon="15.192336961627007">
        <ele>284.79998779296875</ele>
        <time>2025-01-01T12:52:16Z</time>
      </trkpt>
      <trkpt lat="46.28577715717256" lon="15.19239823333919">
        <ele>285.0</ele>
        <time>2025-01-01T12:52:17Z</time>
      </trkpt>
      <trkpt lat="46.28578604198992" lon="15.19245833158493">
        <ele>285.0</ele>
        <time>2025-01-01T12:52:18Z</time>
      </trkpt>
      <trkpt lat="46.28579434007406" lon="15.192515328526497">
        <ele>285.20001220703125</ele>
        <time>2025-01-01T12:52:18Z</time>
      </trkpt>
      <trkpt lat="46.28580297343433" lon="15.192569559440017">
        <ele>285.20001220703125</ele>
        <time>2025-01-01T12:52:19Z</time>
      </trkpt>
      <trkpt lat="46.285811522975564" lon="15.192623538896441">
        <ele>285.3999938964844</ele>
        <time>2025-01-01T12:52:20Z</time>
      </trkpt>
      <trkpt lat="46.285817390307784" lon="15.192677937448025">
        <ele>285.6000061035156</ele>
        <time>2025-01-01T12:52:21Z</time>
      </trkpt>
      <trkpt lat="46.28582317382097" lon="15.192730408161879">
        <ele>285.6000061035156</ele>
        <time>2025-01-01T12:52:21Z</time>
      </trkpt>
      <trkpt lat="46.28582987934351" lon="15.192781705409288">
        <ele>285.79998779296875</ele>
        <time>2025-01-01T12:52:22Z</time>
      </trkpt>
      <trkpt lat="46.28583608195186" lon="15.19283015280962">
        <ele>286.0</ele>
        <time>2025-01-01T12:52:23Z</time>
      </trkpt>
      <trkpt lat="46.28584362566471" lon="15.192877845838666">
        <ele>286.20001220703125</ele>
        <time>2025-01-01T12:52:24Z</time>
      </trkpt>
      <trkpt lat="46.285849660634995" lon="15.192922605201602">
        <ele>286.3999938964844</ele>
        <time>2025-01-01T12:52:25Z</time>
      </trkpt>
      <trkpt lat="46.285855108872056" lon="15.192964766174555">
        <ele>286.6000061035156</ele>
        <time>2025-01-01T12:52:25Z</time>
      </trkpt>
      <trkpt lat="46.28586206585169" lon="15.193006927147508">
        <ele>286.79998779296875</ele>
        <time>2025-01-01T12:52:26Z</time>
      </trkpt>
      <trkpt lat="46.285866759717464" lon="15.193049339577556">
        <ele>287.0</ele>
        <time>2025-01-01T12:52:27Z</time>
      </trkpt>
      <trkpt lat="46.28587287850678" lon="15.193092506378889">
        <ele>287.20001220703125</ele>
        <time>2025-01-01T12:52:28Z</time>
      </trkpt>
      <trkpt lat="46.285877991467714" lon="15.193133996799588">
        <ele>287.3999938964844</ele>
        <time>2025-01-01T12:52:28Z</time>
      </trkpt>
      <trkpt lat="46.28588159568608" lon="15.193174229934812">
        <ele>287.6000061035156</ele>
        <time>2025-01-01T12:52:29Z</time>
      </trkpt>
      <trkpt lat="46.28588670864701" lon="15.193214295431972">
        <ele>287.79998779296875</ele>
        <time>2025-01-01T12:52:30Z</time>
      </trkpt>
      <trkpt lat="46.285892659798265" lon="15.193254025653005">
        <ele>288.0</ele>
        <time>2025-01-01T12:52:30Z</time>
      </trkpt>
      <trkpt lat="46.28589928150177" lon="15.193294091150165">
        <ele>288.20001220703125</ele>
        <time>2025-01-01T12:52:31Z</time>
      </trkpt>
      <trkpt lat="46.2859046459198" lon="15.19333633594215">
        <ele>288.3999938964844</ele>
        <time>2025-01-01T12:52:32Z</time>
      </trkpt>
      <trkpt lat="46.28591001033783" lon="15.19337640143931">
        <ele>288.6000061035156</ele>
        <time>2025-01-01T12:52:33Z</time>
      </trkpt>
      <trkpt lat="46.28591596148908" lon="15.193415125831962">
        <ele>288.79998779296875</ele>
        <time>2025-01-01T12:52:33Z</time>
      </trkpt>
      <trkpt lat="46.28592124208808" lon="15.193454185500741">
        <ele>289.20001220703125</ele>
        <time>2025-01-01T12:52:34Z</time>
      </trkpt>
      <trkpt lat="46.285927863791585" lon="15.193493077531457">
        <ele>289.3999938964844</ele>
        <time>2025-01-01T12:52:35Z</time>
      </trkpt>
      <trkpt lat="46.285934736952186" lon="15.193532556295395">
        <ele>289.6000061035156</ele>
        <time>2025-01-01T12:52:36Z</time>
      </trkpt>
      <trkpt lat="46.28593917936087" lon="15.193571113049984">
        <ele>289.79998779296875</ele>
        <time>2025-01-01T12:52:36Z</time>
      </trkpt>
      <trkpt lat="46.28594320267439" lon="15.193609083071351">
        <ele>290.0</ele>
        <time>2025-01-01T12:52:37Z</time>
      </trkpt>
      <trkpt lat="46.28594923764467" lon="15.193645628169179">
        <ele>290.0</ele>
        <time>2025-01-01T12:52:38Z</time>
      </trkpt>
      <trkpt lat="46.28595535643399" lon="15.19367991015315">
        <ele>290.20001220703125</ele>
        <time>2025-01-01T12:52:38Z</time>
      </trkpt>
      <trkpt lat="46.28596038557589" lon="15.193715197965503">
        <ele>290.3999938964844</ele>
        <time>2025-01-01T12:52:39Z</time>
      </trkpt>
      <trkpt lat="46.285966001451015" lon="15.19374973140657">
        <ele>290.6000061035156</ele>
        <time>2025-01-01T12:52:39Z</time>
      </trkpt>
      <trkpt lat="46.28597446717322" lon="15.193783594295382">
        <ele>290.79998779296875</ele>
        <time>2025-01-01T12:52:40Z</time>
      </trkpt>
      <trkpt lat="46.285980166867375" lon="15.193816954270005">
        <ele>291.0</ele>
        <time>2025-01-01T12:52:41Z</time>
      </trkpt>
      <trkpt lat="46.285986956208944" lon="15.193851320073009">
        <ele>291.20001220703125</ele>
        <time>2025-01-01T12:52:41Z</time>
      </trkpt>
      <trkpt lat="46.285993829369545" lon="15.193887362256646">
        <ele>291.3999938964844</ele>
        <time>2025-01-01T12:52:42Z</time>
      </trkpt>
      <trkpt lat="46.286001708358526" lon="15.193921644240618">
        <ele>291.3999938964844</ele>
        <time>2025-01-01T12:52:43Z</time>
      </trkpt>
      <trkpt lat="46.286011431366205" lon="15.193959027528763">
        <ele>291.6000061035156</ele>
        <time>2025-01-01T12:52:43Z</time>
      </trkpt>
      <trkpt lat="46.286018220707774" lon="15.1939950697124">
        <ele>291.79998779296875</ele>
        <time>2025-01-01T12:52:44Z</time>
      </trkpt>
      <trkpt lat="46.286024088039994" lon="15.194030608981848">
        <ele>291.79998779296875</ele>
        <time>2025-01-01T12:52:44Z</time>
      </trkpt>
      <trkpt lat="46.28602962009609" lon="15.194064974784851">
        <ele>292.0</ele>
        <time>2025-01-01T12:52:45Z</time>
      </trkpt>
      <trkpt lat="46.28603766672313" lon="15.194099759683013">
        <ele>292.20001220703125</ele>
        <time>2025-01-01T12:52:46Z</time>
      </trkpt>
      <trkpt lat="46.28604688681662" lon="15.194133622571826">
        <ele>292.20001220703125</ele>
        <time>2025-01-01T12:52:46Z</time>
      </trkpt>
      <trkpt lat="46.28605803474784" lon="15.1941660605371">
        <ele>292.3999938964844</ele>
        <time>2025-01-01T12:52:47Z</time>
      </trkpt>
      <trkpt lat="46.28606976941228" lon="15.194199504330754">
        <ele>292.3999938964844</ele>
        <time>2025-01-01T12:52:47Z</time>
      </trkpt>
      <trkpt lat="46.28608385100961" lon="15.194233199581504">
        <ele>292.6000061035156</ele>
        <time>2025-01-01T12:52:48Z</time>
      </trkpt>
      <trkpt lat="46.28609952516854" lon="15.194265637546778">
        <ele>292.79998779296875</ele>
        <time>2025-01-01T12:52:49Z</time>
      </trkpt>
      <trkpt lat="46.28611243329942" lon="15.194295980036259">
        <ele>292.79998779296875</ele>
        <time>2025-01-01T12:52:49Z</time>
      </trkpt>
      <trkpt lat="46.28612441942096" lon="15.194327747449279">
        <ele>293.0</ele>
        <time>2025-01-01T12:52:50Z</time>
      </trkpt>
      <trkpt lat="46.28613741137087" lon="15.194356916472316">
        <ele>293.20001220703125</ele>
        <time>2025-01-01T12:52:50Z</time>
      </trkpt>
      <trkpt lat="46.28615300171077" lon="15.194387678056955">
        <ele>293.20001220703125</ele>
        <time>2025-01-01T12:52:51Z</time>
      </trkpt>
      <trkpt lat="46.28616959787905" lon="15.194417769089341">
        <ele>293.3999938964844</ele>
        <time>2025-01-01T12:52:51Z</time>
      </trkpt>
      <trkpt lat="46.28618694841862" lon="15.194446351379156">
        <ele>293.3999938964844</ele>
        <time>2025-01-01T12:52:52Z</time>
      </trkpt>
      <trkpt lat="46.286205388605595" lon="15.194472838193178">
        <ele>293.6000061035156</ele>
        <time>2025-01-01T12:52:53Z</time>
      </trkpt>
      <trkpt lat="46.28622232005" lon="15.19449882209301">
        <ele>293.79998779296875</ele>
        <time>2025-01-01T12:52:53Z</time>
      </trkpt>
      <trkpt lat="46.286241514608264" lon="15.194523883983493">
        <ele>294.0</ele>
        <time>2025-01-01T12:52:54Z</time>
      </trkpt>
      <trkpt lat="46.28626003861427" lon="15.19455062225461">
        <ele>294.0</ele>
        <time>2025-01-01T12:52:54Z</time>
      </trkpt>
      <trkpt lat="46.286278646439314" lon="15.194577109068632">
        <ele>294.20001220703125</ele>
        <time>2025-01-01T12:52:55Z</time>
      </trkpt>
      <trkpt lat="46.28629742190242" lon="15.194602757692337">
        <ele>294.3999938964844</ele>
        <time>2025-01-01T12:52:56Z</time>
      </trkpt>
      <trkpt lat="46.28631770610809" lon="15.194627651944757">
        <ele>294.3999938964844</ele>
        <time>2025-01-01T12:52:56Z</time>
      </trkpt>
      <trkpt lat="46.28633765503764" lon="15.194653132930398">
        <ele>294.6000061035156</ele>
        <time>2025-01-01T12:52:57Z</time>
      </trkpt>
      <trkpt lat="46.28635701723397" lon="15.194679368287325">
        <ele>294.6000061035156</ele>
        <time>2025-01-01T12:52:57Z</time>
      </trkpt>
      <trkpt lat="46.2863761279732" lon="15.19470501691103">
        <ele>294.79998779296875</ele>
        <time>2025-01-01T12:52:58Z</time>
      </trkpt>
      <trkpt lat="46.28639507107437" lon="15.194731084629893">
        <ele>294.79998779296875</ele>
        <time>2025-01-01T12:52:58Z</time>
      </trkpt>
      <trkpt lat="46.286412589251995" lon="15.194757236167789">
        <ele>295.0</ele>
        <time>2025-01-01T12:52:59Z</time>
      </trkpt>
      <trkpt lat="46.28643153235316" lon="15.194784561172128">
        <ele>295.0</ele>
        <time>2025-01-01T12:53:00Z</time>
      </trkpt>
      <trkpt lat="46.28645005635917" lon="15.194809874519706">
        <ele>295.20001220703125</ele>
        <time>2025-01-01T12:53:00Z</time>
      </trkpt>
      <trkpt lat="46.286468831822276" lon="15.194834936410189">
        <ele>295.20001220703125</ele>
        <time>2025-01-01T12:53:01Z</time>
      </trkpt>
      <trkpt lat="46.28648811019957" lon="15.194862680509686">
        <ele>295.3999938964844</ele>
        <time>2025-01-01T12:53:01Z</time>
      </trkpt>
      <trkpt lat="46.28650554455817" lon="15.194892939180136">
        <ele>295.3999938964844</ele>
        <time>2025-01-01T12:53:02Z</time>
      </trkpt>
      <trkpt lat="46.2865212187171" lon="15.194923700764775">
        <ele>295.6000061035156</ele>
        <time>2025-01-01T12:53:02Z</time>
      </trkpt>
      <trkpt lat="46.28653538413346" lon="15.194954043254256">
        <ele>295.6000061035156</ele>
        <time>2025-01-01T12:53:03Z</time>
      </trkpt>
      <trkpt lat="46.28655063919723" lon="15.194982290267944">
        <ele>295.79998779296875</ele>
        <time>2025-01-01T12:53:04Z</time>
      </trkpt>
      <trkpt lat="46.286567905917764" lon="15.195009028539062">
        <ele>295.79998779296875</ele>
        <time>2025-01-01T12:53:04Z</time>
      </trkpt>
      <trkpt lat="46.286581652238965" lon="15.195035431534052">
        <ele>296.0</ele>
        <time>2025-01-01T12:53:05Z</time>
      </trkpt>
      <trkpt lat="46.286592883989215" lon="15.195062085986137">
        <ele>296.0</ele>
        <time>2025-01-01T12:53:05Z</time>
      </trkpt>
      <trkpt lat="46.28660327754915" lon="15.195090919733047">
        <ele>296.20001220703125</ele>
        <time>2025-01-01T12:53:06Z</time>
      </trkpt>
      <trkpt lat="46.28661174327135" lon="15.195121513679624">
        <ele>296.3999938964844</ele>
        <time>2025-01-01T12:53:06Z</time>
      </trkpt>
      <trkpt lat="46.28661962226033" lon="15.19515261054039">
        <ele>296.6000061035156</ele>
        <time>2025-01-01T12:53:07Z</time>
      </trkpt>
      <trkpt lat="46.28662624396384" lon="15.195183120667934">
        <ele>296.6000061035156</ele>
        <time>2025-01-01T12:53:07Z</time>
      </trkpt>
      <trkpt lat="46.286631021648645" lon="15.195212122052908">
        <ele>296.79998779296875</ele>
        <time>2025-01-01T12:53:08Z</time>
      </trkpt>
      <trkpt lat="46.28663470968604" lon="15.19524204544723">
        <ele>297.0</ele>
        <time>2025-01-01T12:53:08Z</time>
      </trkpt>
      <trkpt lat="46.28663797862828" lon="15.19527330994606">
        <ele>297.20001220703125</ele>
        <time>2025-01-01T12:53:09Z</time>
      </trkpt>
      <trkpt lat="46.28664166666567" lon="15.195300802588463">
        <ele>297.3999938964844</ele>
        <time>2025-01-01T12:53:10Z</time>
      </trkpt>
      <trkpt lat="46.2866435945034" lon="15.195327876135707">
        <ele>297.6000061035156</ele>
        <time>2025-01-01T12:53:10Z</time>
      </trkpt>
      <trkpt lat="46.2866435945034" lon="15.195354949682951">
        <ele>297.79998779296875</ele>
        <time>2025-01-01T12:53:11Z</time>
      </trkpt>
      <trkpt lat="46.28664342686534" lon="15.19538227468729">
        <ele>297.79998779296875</ele>
        <time>2025-01-01T12:53:11Z</time>
      </trkpt>
      <trkpt lat="46.28664233721793" lon="15.195410186424851">
        <ele>298.0</ele>
        <time>2025-01-01T12:53:12Z</time>
      </trkpt>
      <trkpt lat="46.28663898445666" lon="15.195436840876937">
        <ele>298.3999938964844</ele>
        <time>2025-01-01T12:53:13Z</time>
      </trkpt>
      <trkpt lat="46.286634961143136" lon="15.195463243871927">
        <ele>298.3999938964844</ele>
        <time>2025-01-01T12:53:13Z</time>
      </trkpt>
      <trkpt lat="46.28663026727736" lon="15.195490820333362">
        <ele>298.6000061035156</ele>
        <time>2025-01-01T12:53:14Z</time>
      </trkpt>
      <trkpt lat="46.286622723564506" lon="15.195518312975764">
        <ele>298.79998779296875</ele>
        <time>2025-01-01T12:53:14Z</time>
      </trkpt>
      <trkpt lat="46.286615850403905" lon="15.195547649636865">
        <ele>299.0</ele>
        <time>2025-01-01T12:53:15Z</time>
      </trkpt>
      <trkpt lat="46.28660713322461" lon="15.195574220269918">
        <ele>299.20001220703125</ele>
        <time>2025-01-01T12:53:15Z</time>
      </trkpt>
      <trkpt lat="46.28659757785499" lon="15.195598946884274">
        <ele>299.3999938964844</ele>
        <time>2025-01-01T12:53:16Z</time>
      </trkpt>
      <trkpt lat="46.286589531227946" lon="15.195626774802804">
        <ele>299.6000061035156</ele>
        <time>2025-01-01T12:53:17Z</time>
      </trkpt>
      <trkpt lat="46.28658039495349" lon="15.195651585236192">
        <ele>299.79998779296875</ele>
        <time>2025-01-01T12:53:17Z</time>
      </trkpt>
      <trkpt lat="46.28657016903162" lon="15.1956788264215">
        <ele>300.0</ele>
        <time>2025-01-01T12:53:18Z</time>
      </trkpt>
      <trkpt lat="46.286560697481036" lon="15.195704558864236">
        <ele>300.20001220703125</ele>
        <time>2025-01-01T12:53:18Z</time>
      </trkpt>
      <trkpt lat="46.28655105829239" lon="15.195732051506639">
        <ele>300.20001220703125</ele>
        <time>2025-01-01T12:53:19Z</time>
      </trkpt>
      <trkpt lat="46.28654284402728" lon="15.195758789777756">
        <ele>300.6000061035156</ele>
        <time>2025-01-01T12:53:20Z</time>
      </trkpt>
      <trkpt lat="46.28653538413346" lon="15.19578443840146">
        <ele>300.79998779296875</ele>
        <time>2025-01-01T12:53:20Z</time>
      </trkpt>
      <trkpt lat="46.286527924239635" lon="15.195809919387102">
        <ele>301.0</ele>
        <time>2025-01-01T12:53:21Z</time>
      </trkpt>
      <trkpt lat="46.28652096726" lon="15.195837328210473">
        <ele>301.20001220703125</ele>
        <time>2025-01-01T12:53:21Z</time>
      </trkpt>
      <trkpt lat="46.286515267565846" lon="15.195859791710973">
        <ele>301.3999938964844</ele>
        <time>2025-01-01T12:53:22Z</time>
      </trkpt>
      <trkpt lat="46.28650965169072" lon="15.195884350687265">
        <ele>301.3999938964844</ele>
        <time>2025-01-01T12:53:22Z</time>
      </trkpt>
      <trkpt lat="46.28650160506368" lon="15.19590899348259">
        <ele>301.79998779296875</ele>
        <time>2025-01-01T12:53:23Z</time>
      </trkpt>
      <trkpt lat="46.286493223160505" lon="15.1959343906492">
        <ele>301.79998779296875</ele>
        <time>2025-01-01T12:53:24Z</time>
      </trkpt>
      <trkpt lat="46.2864831648767" lon="15.195962386205792">
        <ele>302.0</ele>
        <time>2025-01-01T12:53:24Z</time>
      </trkpt>
      <trkpt lat="46.28647302277386" lon="15.195988118648529">
        <ele>302.20001220703125</ele>
        <time>2025-01-01T12:53:25Z</time>
      </trkpt>
      <trkpt lat="46.28646648488939" lon="15.19601603038609">
        <ele>302.3999938964844</ele>
        <time>2025-01-01T12:53:25Z</time>
      </trkpt>
      <trkpt lat="46.28646162338555" lon="15.196043187752366">
        <ele>302.6000061035156</ele>
        <time>2025-01-01T12:53:26Z</time>
      </trkpt>
      <trkpt lat="46.28645927645266" lon="15.196071183308959">
        <ele>302.6000061035156</ele>
        <time>2025-01-01T12:53:26Z</time>
      </trkpt>
      <trkpt lat="46.28645827062428" lon="15.196097921580076">
        <ele>302.79998779296875</ele>
        <time>2025-01-01T12:53:27Z</time>
      </trkpt>
      <trkpt lat="46.286454163491726" lon="15.196127090603113">
        <ele>303.0</ele>
        <time>2025-01-01T12:53:27Z</time>
      </trkpt>
      <trkpt lat="46.286450140178204" lon="15.196155002340674">
        <ele>303.20001220703125</ele>
        <time>2025-01-01T12:53:28Z</time>
      </trkpt>
      <trkpt lat="46.28644703887403" lon="15.196182243525982">
        <ele>303.20001220703125</ele>
        <time>2025-01-01T12:53:28Z</time>
      </trkpt>
      <trkpt lat="46.28644620068371" lon="15.196208478882909">
        <ele>303.3999938964844</ele>
        <time>2025-01-01T12:53:29Z</time>
      </trkpt>
      <trkpt lat="46.286444859579206" lon="15.196235300973058">
        <ele>303.3999938964844</ele>
        <time>2025-01-01T12:53:29Z</time>
      </trkpt>
      <trkpt lat="46.28644125536084" lon="15.196263883262873">
        <ele>303.6000061035156</ele>
        <time>2025-01-01T12:53:30Z</time>
      </trkpt>
      <trkpt lat="46.28644083626568" lon="15.196292633190751">
        <ele>303.79998779296875</ele>
        <time>2025-01-01T12:53:30Z</time>
      </trkpt>
      <trkpt lat="46.28644150681794" lon="15.196323310956359">
        <ele>303.79998779296875</ele>
        <time>2025-01-01T12:53:31Z</time>
      </trkpt>
      <trkpt lat="46.286442931741476" lon="15.196351138874888">
        <ele>304.0</ele>
        <time>2025-01-01T12:53:31Z</time>
      </trkpt>
      <trkpt lat="46.28644402138889" lon="15.196378799155354">
        <ele>304.20001220703125</ele>
        <time>2025-01-01T12:53:32Z</time>
      </trkpt>
      <trkpt lat="46.28644519485533" lon="15.196407549083233">
        <ele>304.20001220703125</ele>
        <time>2025-01-01T12:53:32Z</time>
      </trkpt>
      <trkpt lat="46.286447793245316" lon="15.19643529318273">
        <ele>304.3999938964844</ele>
        <time>2025-01-01T12:53:33Z</time>
      </trkpt>
      <trkpt lat="46.28645106218755" lon="15.196463372558355">
        <ele>304.6000061035156</ele>
        <time>2025-01-01T12:53:33Z</time>
      </trkpt>
      <trkpt lat="46.286453157663345" lon="15.19649195484817">
        <ele>304.6000061035156</ele>
        <time>2025-01-01T12:53:34Z</time>
      </trkpt>
      <trkpt lat="46.286456091329455" lon="15.196521626785398">
        <ele>304.79998779296875</ele>
        <time>2025-01-01T12:53:34Z</time>
      </trkpt>
      <trkpt lat="46.286458941176534" lon="15.196549957618117">
        <ele>304.79998779296875</ele>
        <time>2025-01-01T12:53:35Z</time>
      </trkpt>
      <trkpt lat="46.28645919263363" lon="15.196580048650503">
        <ele>305.0</ele>
        <time>2025-01-01T12:53:35Z</time>
      </trkpt>
      <trkpt lat="46.28645818680525" lon="15.196609385311604">
        <ele>305.20001220703125</ele>
        <time>2025-01-01T12:53:36Z</time>
      </trkpt>
      <trkpt lat="46.28645818680525" lon="15.196638973429799">
        <ele>305.20001220703125</ele>
        <time>2025-01-01T12:53:36Z</time>
      </trkpt>
      <trkpt lat="46.28645785152912" lon="15.196669399738312">
        <ele>305.3999938964844</ele>
        <time>2025-01-01T12:53:37Z</time>
      </trkpt>
      <trkpt lat="46.28645684570074" lon="15.196697730571032">
        <ele>305.3999938964844</ele>
        <time>2025-01-01T12:53:37Z</time>
      </trkpt>
      <trkpt lat="46.28645449876785" lon="15.196726731956005">
        <ele>305.6000061035156</ele>
        <time>2025-01-01T12:53:38Z</time>
      </trkpt>
      <trkpt lat="46.28645248711109" lon="15.19675673916936">
        <ele>305.6000061035156</ele>
        <time>2025-01-01T12:53:38Z</time>
      </trkpt>
      <trkpt lat="46.28644963726401" lon="15.19678708165884">
        <ele>305.79998779296875</ele>
        <time>2025-01-01T12:53:39Z</time>
      </trkpt>
      <trkpt lat="46.28644645214081" lon="15.196814574301243">
        <ele>305.79998779296875</ele>
        <time>2025-01-01T12:53:39Z</time>
      </trkpt>
      <trkpt lat="46.28644016571343" lon="15.196840558201075">
        <ele>306.0</ele>
        <time>2025-01-01T12:53:40Z</time>
      </trkpt>
      <trkpt lat="46.28643278963864" lon="15.196865368634462">
        <ele>306.0</ele>
        <time>2025-01-01T12:53:40Z</time>
      </trkpt>
      <trkpt lat="46.286429185420275" lon="15.196890933439136">
        <ele>306.20001220703125</ele>
        <time>2025-01-01T12:53:41Z</time>
      </trkpt>
      <trkpt lat="46.286422815173864" lon="15.196919431909919">
        <ele>306.3999938964844</ele>
        <time>2025-01-01T12:53:41Z</time>
      </trkpt>
      <trkpt lat="46.28641686402261" lon="15.196946254000068">
        <ele>306.3999938964844</ele>
        <time>2025-01-01T12:53:41Z</time>
      </trkpt>
      <trkpt lat="46.2864104937762" lon="15.196973998099566">
        <ele>306.6000061035156</ele>
        <time>2025-01-01T12:53:42Z</time>
      </trkpt>
      <trkpt lat="46.286401860415936" lon="15.1969981379807">
        <ele>306.79998779296875</ele>
        <time>2025-01-01T12:53:43Z</time>
      </trkpt>
      <trkpt lat="46.286394484341145" lon="15.197025462985039">
        <ele>307.0</ele>
        <time>2025-01-01T12:53:43Z</time>
      </trkpt>
      <trkpt lat="46.28638794645667" lon="15.197051698341966">
        <ele>307.0</ele>
        <time>2025-01-01T12:53:44Z</time>
      </trkpt>
      <trkpt lat="46.28637948073447" lon="15.197078017517924">
        <ele>307.20001220703125</ele>
        <time>2025-01-01T12:53:44Z</time>
      </trkpt>
      <trkpt lat="46.28637185320258" lon="15.197104001417756">
        <ele>307.3999938964844</ele>
        <time>2025-01-01T12:53:45Z</time>
      </trkpt>
      <trkpt lat="46.28636405803263" lon="15.197131326422095">
        <ele>307.3999938964844</ele>
        <time>2025-01-01T12:53:45Z</time>
      </trkpt>
      <trkpt lat="46.286353413015604" lon="15.197154125198722">
        <ele>307.6000061035156</ele>
        <time>2025-01-01T12:53:46Z</time>
      </trkpt>
      <trkpt lat="46.28634444437921" lon="15.197178516536951">
        <ele>307.6000061035156</ele>
        <time>2025-01-01T12:53:46Z</time>
      </trkpt>
      <trkpt lat="46.286336816847324" lon="15.197202740237117">
        <ele>307.79998779296875</ele>
        <time>2025-01-01T12:53:47Z</time>
      </trkpt>
      <trkpt lat="46.28632918931544" lon="15.1972278021276">
        <ele>307.79998779296875</ele>
        <time>2025-01-01T12:53:47Z</time>
      </trkpt>
      <trkpt lat="46.286321142688394" lon="15.197257557883859">
        <ele>308.0</ele>
        <time>2025-01-01T12:53:47Z</time>
      </trkpt>
      <trkpt lat="46.28631519153714" lon="15.197284212335944">
        <ele>308.20001220703125</ele>
        <time>2025-01-01T12:53:48Z</time>
      </trkpt>
      <trkpt lat="46.286311000585556" lon="15.197309525683522">
        <ele>308.20001220703125</ele>
        <time>2025-01-01T12:53:48Z</time>
      </trkpt>
      <trkpt lat="46.28630882129073" lon="15.197335677221417">
        <ele>308.3999938964844</ele>
        <time>2025-01-01T12:53:49Z</time>
      </trkpt>
      <trkpt lat="46.28630639053881" lon="15.19736316986382">
        <ele>308.6000061035156</ele>
        <time>2025-01-01T12:53:50Z</time>
      </trkpt>
      <trkpt lat="46.28630178049207" lon="15.197389321401715">
        <ele>308.6000061035156</ele>
        <time>2025-01-01T12:53:50Z</time>
      </trkpt>
      <trkpt lat="46.28629549406469" lon="15.197415556758642">
        <ele>308.79998779296875</ele>
        <time>2025-01-01T12:53:50Z</time>
      </trkpt>
      <trkpt lat="46.286286944523454" lon="15.197444641962647">
        <ele>309.0</ele>
        <time>2025-01-01T12:53:51Z</time>
      </trkpt>
      <trkpt lat="46.28628149628639" lon="15.197472553700209">
        <ele>309.0</ele>
        <time>2025-01-01T12:53:51Z</time>
      </trkpt>
      <trkpt lat="46.28627831116319" lon="15.197501135990024">
        <ele>309.20001220703125</ele>
        <time>2025-01-01T12:53:52Z</time>
      </trkpt>
      <trkpt lat="46.28627613186836" lon="15.197530053555965">
        <ele>309.20001220703125</ele>
        <time>2025-01-01T12:53:52Z</time>
      </trkpt>
      <trkpt lat="46.286272862926126" lon="15.197557713836432">
        <ele>309.3999938964844</ele>
        <time>2025-01-01T12:53:53Z</time>
      </trkpt>
      <trkpt lat="46.28626783378422" lon="15.197587385773659">
        <ele>309.3999938964844</ele>
        <time>2025-01-01T12:53:53Z</time>
      </trkpt>
      <trkpt lat="46.286262134090066" lon="15.19761479459703">
        <ele>309.6000061035156</ele>
        <time>2025-01-01T12:53:54Z</time>
      </trkpt>
      <trkpt lat="46.28625735640526" lon="15.197642706334591">
        <ele>309.6000061035156</ele>
        <time>2025-01-01T12:53:54Z</time>
      </trkpt>
      <trkpt lat="46.28625408746302" lon="15.197668774053454">
        <ele>309.79998779296875</ele>
        <time>2025-01-01T12:53:55Z</time>
      </trkpt>
      <trkpt lat="46.28624972887337" lon="15.19769643433392">
        <ele>309.79998779296875</ele>
        <time>2025-01-01T12:53:55Z</time>
      </trkpt>
      <trkpt lat="46.28624528646469" lon="15.197727866470814">
        <ele>310.0</ele>
        <time>2025-01-01T12:53:56Z</time>
      </trkpt>
      <trkpt lat="46.286239670589566" lon="15.197756281122565">
        <ele>310.0</ele>
        <time>2025-01-01T12:53:56Z</time>
      </trkpt>
      <trkpt lat="46.286230366677046" lon="15.197784695774317">
        <ele>310.20001220703125</ele>
        <time>2025-01-01T12:53:57Z</time>
      </trkpt>
      <trkpt lat="46.28622282296419" lon="15.197814032435417">
        <ele>310.20001220703125</ele>
        <time>2025-01-01T12:53:57Z</time>
      </trkpt>
      <trkpt lat="46.28621351905167" lon="15.197839429602027">
        <ele>310.20001220703125</ele>
        <time>2025-01-01T12:53:57Z</time>
      </trkpt>
      <trkpt lat="46.2862067297101" lon="15.197868850082159">
        <ele>310.20001220703125</ele>
        <time>2025-01-01T12:53:58Z</time>
      </trkpt>
      <trkpt lat="46.286199605092406" lon="15.197900114580989">
        <ele>310.3999938964844</ele>
        <time>2025-01-01T12:53:58Z</time>
      </trkpt>
      <trkpt lat="46.28619197756052" lon="15.197933558374643">
        <ele>310.3999938964844</ele>
        <time>2025-01-01T12:53:59Z</time>
      </trkpt>
      <trkpt lat="46.286183930933475" lon="15.19796951673925">
        <ele>310.3999938964844</ele>
        <time>2025-01-01T12:53:59Z</time>
      </trkpt>
      <trkpt lat="46.286173621192575" lon="15.197992147877812">
        <ele>310.3999938964844</ele>
        <time>2025-01-01T12:54:00Z</time>
      </trkpt>
      <trkpt lat="46.28616507165134" lon="15.198031291365623">
        <ele>310.3999938964844</ele>
        <time>2025-01-01T12:54:00Z</time>
      </trkpt>
      <trkpt lat="46.28615451045334" lon="15.198074206709862">
        <ele>310.3999938964844</ele>
        <time>2025-01-01T12:54:01Z</time>
      </trkpt>
      <trkpt lat="46.286143865436316" lon="15.198118630796671">
        <ele>310.3999938964844</ele>
        <time>2025-01-01T12:54:01Z</time>
      </trkpt>
      <trkpt lat="46.286129197105765" lon="15.198166323825717">
        <ele>310.3999938964844</ele>
        <time>2025-01-01T12:54:02Z</time>
      </trkpt>
      <trkpt lat="46.28611570224166" lon="15.198213681578636">
        <ele>310.3999938964844</ele>
        <time>2025-01-01T12:54:02Z</time>
      </trkpt>
      <trkpt lat="46.28610053099692" lon="15.19826129078865">
        <ele>310.20001220703125</ele>
        <time>2025-01-01T12:54:03Z</time>
      </trkpt>
      <trkpt lat="46.28608007915318" lon="15.198310073465109">
        <ele>310.20001220703125</ele>
        <time>2025-01-01T12:54:03Z</time>
      </trkpt>
      <trkpt lat="46.28605853766203" lon="15.198362544178963">
        <ele>310.0</ele>
        <time>2025-01-01T12:54:04Z</time>
      </trkpt>
      <trkpt lat="46.28603649325669" lon="15.198423648253083">
        <ele>309.79998779296875</ele>
        <time>2025-01-01T12:54:05Z</time>
      </trkpt>
      <trkpt lat="46.28600816242397" lon="15.19849288277328">
        <ele>309.6000061035156</ele>
        <time>2025-01-01T12:54:05Z</time>
      </trkpt>
      <trkpt lat="46.28597857430577" lon="15.198570918291807">
        <ele>309.20001220703125</ele>
        <time>2025-01-01T12:54:06Z</time>
      </trkpt>
      <trkpt lat="46.28594848327339" lon="15.198657838627696">
        <ele>308.6000061035156</ele>
        <time>2025-01-01T12:54:07Z</time>
      </trkpt>
      <trkpt lat="46.28591353073716" lon="15.198756828904152">
        <ele>308.20001220703125</ele>
        <time>2025-01-01T12:54:08Z</time>
      </trkpt>
      <trkpt lat="46.28588251769543" lon="15.198867889121175">
        <ele>307.6000061035156</ele>
        <time>2025-01-01T12:54:09Z</time>
      </trkpt>
      <trkpt lat="46.285861479118466" lon="15.198982888832688">
        <ele>307.0</ele>
        <time>2025-01-01T12:54:10Z</time>
      </trkpt>
      <trkpt lat="46.285829208791256" lon="15.199109455570579">
        <ele>306.3999938964844</ele>
        <time>2025-01-01T12:54:11Z</time>
      </trkpt>
      <trkpt lat="46.28582309000194" lon="15.199242644011974">
        <ele>305.6000061035156</ele>
        <time>2025-01-01T12:54:12Z</time>
      </trkpt>
      <trkpt lat="46.28583231009543" lon="15.199381113052368">
        <ele>304.79998779296875</ele>
        <time>2025-01-01T12:54:13Z</time>
      </trkpt>
      <trkpt lat="46.285852175205946" lon="15.19952293485403">
        <ele>304.0</ele>
        <time>2025-01-01T12:54:14Z</time>
      </trkpt>
      <trkpt lat="46.285873129963875" lon="15.199665762484074">
        <ele>303.3999938964844</ele>
        <time>2025-01-01T12:54:15Z</time>
      </trkpt>
      <trkpt lat="46.28589232452214" lon="15.199814876541495">
        <ele>302.79998779296875</ele>
        <time>2025-01-01T12:54:17Z</time>
      </trkpt>
      <trkpt lat="46.28590757958591" lon="15.199967259541154">
        <ele>302.20001220703125</ele>
        <time>2025-01-01T12:54:18Z</time>
      </trkpt>
      <trkpt lat="46.28591436892748" lon="15.200123330578208">
        <ele>301.3999938964844</ele>
        <time>2025-01-01T12:54:19Z</time>
      </trkpt>
      <trkpt lat="46.28593448549509" lon="15.200282502919436">
        <ele>300.20001220703125</ele>
        <time>2025-01-01T12:54:20Z</time>
      </trkpt>
      <trkpt lat="46.28595921210945" lon="15.200443184003234">
        <ele>299.20001220703125</ele>
        <time>2025-01-01T12:54:22Z</time>
      </trkpt>
      <trkpt lat="46.28598930314183" lon="15.200609061866999">
        <ele>298.3999938964844</ele>
        <time>2025-01-01T12:54:23Z</time>
      </trkpt>
      <trkpt lat="46.28601444885135" lon="15.200774185359478">
        <ele>297.6000061035156</ele>
        <time>2025-01-01T12:54:24Z</time>
      </trkpt>
      <trkpt lat="46.28605225123465" lon="15.200950540602207">
        <ele>296.6000061035156</ele>
        <time>2025-01-01T12:54:26Z</time>
      </trkpt>
      <trkpt lat="46.2860841024667" lon="15.201125303283334">
        <ele>295.6000061035156</ele>
        <time>2025-01-01T12:54:27Z</time>
      </trkpt>
      <trkpt lat="46.28610539250076" lon="15.201298305764794">
        <ele>294.3999938964844</ele>
        <time>2025-01-01T12:54:28Z</time>
      </trkpt>
      <trkpt lat="46.28612651489675" lon="15.201472733169794">
        <ele>293.3999938964844</ele>
        <time>2025-01-01T12:54:30Z</time>
      </trkpt>
      <trkpt lat="46.28615744411945" lon="15.201647831127048">
        <ele>292.3999938964844</ele>
        <time>2025-01-01T12:54:31Z</time>
      </trkpt>
      <trkpt lat="46.28619130700827" lon="15.201818067580462">
        <ele>291.3999938964844</ele>
        <time>2025-01-01T12:54:33Z</time>
      </trkpt>
      <trkpt lat="46.28622961230576" lon="15.201982939615846">
        <ele>290.6000061035156</ele>
        <time>2025-01-01T12:54:34Z</time>
      </trkpt>
      <trkpt lat="46.2862794008106" lon="15.202141357585788">
        <ele>289.6000061035156</ele>
        <time>2025-01-01T12:54:35Z</time>
      </trkpt>
      <trkpt lat="46.28633698448539" lon="15.202295752242208">
        <ele>288.6000061035156</ele>
        <time>2025-01-01T12:54:37Z</time>
      </trkpt>
      <trkpt lat="46.286394987255335" lon="15.202431287616491">
        <ele>288.0</ele>
        <time>2025-01-01T12:54:38Z</time>
      </trkpt>
      <trkpt lat="46.2864538282156" lon="15.202556177973747">
        <ele>287.3999938964844</ele>
        <time>2025-01-01T12:54:39Z</time>
      </trkpt>
      <trkpt lat="46.2865074723959" lon="15.202671848237514">
        <ele>286.6000061035156</ele>
        <time>2025-01-01T12:54:40Z</time>
      </trkpt>
      <trkpt lat="46.28655114211142" lon="15.20277762785554">
        <ele>286.20001220703125</ele>
        <time>2025-01-01T12:54:42Z</time>
      </trkpt>
      <trkpt lat="46.28659296780825" lon="15.202878043055534">
        <ele>285.6000061035156</ele>
        <time>2025-01-01T12:54:42Z</time>
      </trkpt>
      <trkpt lat="46.28663504496217" lon="15.202973429113626">
        <ele>285.20001220703125</ele>
        <time>2025-01-01T12:54:43Z</time>
      </trkpt>
      <trkpt lat="46.28667712211609" lon="15.203053476288915">
        <ele>284.79998779296875</ele>
        <time>2025-01-01T12:54:44Z</time>
      </trkpt>
      <trkpt lat="46.286709727719426" lon="15.203135199844837">
        <ele>284.6000061035156</ele>
        <time>2025-01-01T12:54:45Z</time>
      </trkpt>
      <trkpt lat="46.28670562058687" lon="15.203215833753347">
        <ele>284.6000061035156</ele>
        <time>2025-01-01T12:54:46Z</time>
      </trkpt>
      <trkpt lat="46.286686258390546" lon="15.203292025253177">
        <ele>284.3999938964844</ele>
        <time>2025-01-01T12:54:47Z</time>
      </trkpt>
      <trkpt lat="46.28664786927402" lon="15.20335765555501">
        <ele>284.3999938964844</ele>
        <time>2025-01-01T12:54:48Z</time>
      </trkpt>
      <trkpt lat="46.286596823483706" lon="15.20341046154499">
        <ele>284.20001220703125</ele>
        <time>2025-01-01T12:54:49Z</time>
      </trkpt>
      <trkpt lat="46.28653873689473" lon="15.203456142917275">
        <ele>284.0</ele>
        <time>2025-01-01T12:54:50Z</time>
      </trkpt>
      <trkpt lat="46.28648039884865" lon="15.203501656651497">
        <ele>284.0</ele>
        <time>2025-01-01T12:54:51Z</time>
      </trkpt>
      <trkpt lat="46.286419378593564" lon="15.203547840937972">
        <ele>283.79998779296875</ele>
        <time>2025-01-01T12:54:52Z</time>
      </trkpt>
      <trkpt lat="46.28635726869106" lon="15.20359268411994">
        <ele>283.6000061035156</ele>
        <time>2025-01-01T12:54:53Z</time>
      </trkpt>
      <trkpt lat="46.28629524260759" lon="15.20363811403513">
        <ele>283.6000061035156</ele>
        <time>2025-01-01T12:54:54Z</time>
      </trkpt>
      <trkpt lat="46.2862326297909" lon="15.203685890883207">
        <ele>283.3999938964844</ele>
        <time>2025-01-01T12:54:55Z</time>
      </trkpt>
      <trkpt lat="46.286167334765196" lon="15.203733080998063">
        <ele>283.0</ele>
        <time>2025-01-01T12:54:56Z</time>
      </trkpt>
      <trkpt lat="46.28609977662563" lon="15.203778007999063">
        <ele>282.79998779296875</ele>
        <time>2025-01-01T12:54:57Z</time>
      </trkpt>
      <trkpt lat="46.28603548742831" lon="15.203823186457157">
        <ele>282.79998779296875</ele>
        <time>2025-01-01T12:54:59Z</time>
      </trkpt>
      <trkpt lat="46.2859701924026" lon="15.20387071184814">
        <ele>282.6000061035156</ele>
        <time>2025-01-01T12:55:00Z</time>
      </trkpt>
      <trkpt lat="46.285902885720134" lon="15.203916057944298">
        <ele>282.3999938964844</ele>
        <time>2025-01-01T12:55:01Z</time>
      </trkpt>
      <trkpt lat="46.28583658486605" lon="15.203961739316583">
        <ele>282.3999938964844</ele>
        <time>2025-01-01T12:55:02Z</time>
      </trkpt>
      <trkpt lat="46.28576885908842" lon="15.2040075045079">
        <ele>282.3999938964844</ele>
        <time>2025-01-01T12:55:03Z</time>
      </trkpt>
      <trkpt lat="46.28570339642465" lon="15.204051928594708">
        <ele>282.20001220703125</ele>
        <time>2025-01-01T12:55:04Z</time>
      </trkpt>
      <trkpt lat="46.28563826903701" lon="15.204098029062152">
        <ele>282.20001220703125</ele>
        <time>2025-01-01T12:55:06Z</time>
      </trkpt>
      <trkpt lat="46.28557289019227" lon="15.20414287224412">
        <ele>282.20001220703125</ele>
        <time>2025-01-01T12:55:07Z</time>
      </trkpt>
      <trkpt lat="46.285507595166564" lon="15.204187966883183">
        <ele>282.20001220703125</ele>
        <time>2025-01-01T12:55:08Z</time>
      </trkpt>
      <trkpt lat="46.28544087521732" lon="15.204232642427087">
        <ele>282.20001220703125</ele>
        <time>2025-01-01T12:55:09Z</time>
      </trkpt>
      <trkpt lat="46.285370886325836" lon="15.204274132847786">
        <ele>282.20001220703125</ele>
        <time>2025-01-01T12:55:11Z</time>
      </trkpt>
      <trkpt lat="46.28530416637659" lon="15.20431688055396">
        <ele>282.0</ele>
        <time>2025-01-01T12:55:12Z</time>
      </trkpt>
      <trkpt lat="46.28523669205606" lon="15.204359712079167">
        <ele>282.0</ele>
        <time>2025-01-01T12:55:13Z</time>
      </trkpt>
      <trkpt lat="46.285168044269085" lon="15.204405980184674">
        <ele>281.79998779296875</ele>
        <time>2025-01-01T12:55:14Z</time>
      </trkpt>
      <trkpt lat="46.285101072862744" lon="15.204450320452452">
        <ele>281.79998779296875</ele>
        <time>2025-01-01T12:55:15Z</time>
      </trkpt>
      <trkpt lat="46.28503602929413" lon="15.20449759438634">
        <ele>281.79998779296875</ele>
        <time>2025-01-01T12:55:17Z</time>
      </trkpt>
      <trkpt lat="46.284972243011" lon="15.204549813643098">
        <ele>281.6000061035156</ele>
        <time>2025-01-01T12:55:18Z</time>
      </trkpt>
      <trkpt lat="46.28491281531751" lon="15.204606642946601">
        <ele>281.6000061035156</ele>
        <time>2025-01-01T12:55:19Z</time>
      </trkpt>
      <trkpt lat="46.284855818375945" lon="15.204667244106531">
        <ele>281.3999938964844</ele>
        <time>2025-01-01T12:55:20Z</time>
      </trkpt>
      <trkpt lat="46.28479982726276" lon="15.204738657921553">
        <ele>281.3999938964844</ele>
        <time>2025-01-01T12:55:21Z</time>
      </trkpt>
      <trkpt lat="46.284750290215015" lon="15.204814346507192">
        <ele>281.20001220703125</ele>
        <time>2025-01-01T12:55:22Z</time>
      </trkpt>
      <trkpt lat="46.284701842814684" lon="15.204891292378306">
        <ele>281.20001220703125</ele>
        <time>2025-01-01T12:55:23Z</time>
      </trkpt>
      <trkpt lat="46.28465389832854" lon="15.20496966317296">
        <ele>281.0</ele>
        <time>2025-01-01T12:55:25Z</time>
      </trkpt>
      <trkpt lat="46.28460545092821" lon="15.205051386728883">
        <ele>281.0</ele>
        <time>2025-01-01T12:55:26Z</time>
      </trkpt>
      <trkpt lat="46.284559266641736" lon="15.205133948475122">
        <ele>281.0</ele>
        <time>2025-01-01T12:55:27Z</time>
      </trkpt>
      <trkpt lat="46.284514758735895" lon="15.205213576555252">
        <ele>280.79998779296875</ele>
        <time>2025-01-01T12:55:28Z</time>
      </trkpt>
      <trkpt lat="46.28447452560067" lon="15.205294461920857">
        <ele>280.79998779296875</ele>
        <time>2025-01-01T12:55:29Z</time>
      </trkpt>
      <trkpt lat="46.28443571738899" lon="15.205377778038383">
        <ele>280.79998779296875</ele>
        <time>2025-01-01T12:55:30Z</time>
      </trkpt>
      <trkpt lat="46.28439950756729" lon="15.205464698374271">
        <ele>280.6000061035156</ele>
        <time>2025-01-01T12:55:31Z</time>
      </trkpt>
      <trkpt lat="46.28436405211687" lon="15.205551702529192">
        <ele>280.6000061035156</ele>
        <time>2025-01-01T12:55:33Z</time>
      </trkpt>
      <trkpt lat="46.284329015761614" lon="15.205635773018003">
        <ele>280.6000061035156</ele>
        <time>2025-01-01T12:55:34Z</time>
      </trkpt>
      <trkpt lat="46.28429506905377" lon="15.205720514059067">
        <ele>280.6000061035156</ele>
        <time>2025-01-01T12:55:35Z</time>
      </trkpt>
      <trkpt lat="46.28426179289818" lon="15.205805422738194">
        <ele>280.6000061035156</ele>
        <time>2025-01-01T12:55:36Z</time>
      </trkpt>
      <trkpt lat="46.2842280138284" lon="15.205887733027339">
        <ele>280.6000061035156</ele>
        <time>2025-01-01T12:55:37Z</time>
      </trkpt>
      <trkpt lat="46.284192809835076" lon="15.205969205126166">
        <ele>280.6000061035156</ele>
        <time>2025-01-01T12:55:38Z</time>
      </trkpt>
      <trkpt lat="46.28415727056563" lon="15.206052856519818">
        <ele>280.6000061035156</ele>
        <time>2025-01-01T12:55:40Z</time>
      </trkpt>
      <trkpt lat="46.284123407676816" lon="15.206134496256709">
        <ele>280.6000061035156</ele>
        <time>2025-01-01T12:55:41Z</time>
      </trkpt>
      <trkpt lat="46.284091556444764" lon="15.206218734383583">
        <ele>280.6000061035156</ele>
        <time>2025-01-01T12:55:42Z</time>
      </trkpt>
      <trkpt lat="46.28405878320336" lon="15.206301463767886">
        <ele>280.3999938964844</ele>
        <time>2025-01-01T12:55:43Z</time>
      </trkpt>
      <trkpt lat="46.28402341157198" lon="15.206382349133492">
        <ele>280.3999938964844</ele>
        <time>2025-01-01T12:55:44Z</time>
      </trkpt>
      <trkpt lat="46.283987537026405" lon="15.206462983042002">
        <ele>280.20001220703125</ele>
        <time>2025-01-01T12:55:45Z</time>
      </trkpt>
      <trkpt lat="46.28395224921405" lon="15.20654403604567">
        <ele>280.20001220703125</ele>
        <time>2025-01-01T12:55:46Z</time>
      </trkpt>
      <trkpt lat="46.28392073325813" lon="15.206626681610942">
        <ele>280.20001220703125</ele>
        <time>2025-01-01T12:55:47Z</time>
      </trkpt>
      <trkpt lat="46.28388963639736" lon="15.206707064062357">
        <ele>280.20001220703125</ele>
        <time>2025-01-01T12:55:48Z</time>
      </trkpt>
      <trkpt lat="46.28385594114661" lon="15.206786775961518">
        <ele>280.20001220703125</ele>
        <time>2025-01-01T12:55:49Z</time>
      </trkpt>
      <trkpt lat="46.28382157534361" lon="15.206865314394236">
        <ele>280.20001220703125</ele>
        <time>2025-01-01T12:55:50Z</time>
      </trkpt>
      <trkpt lat="46.28379031084478" lon="15.206944774836302">
        <ele>280.20001220703125</ele>
        <time>2025-01-01T12:55:52Z</time>
      </trkpt>
      <trkpt lat="46.28375854343176" lon="15.207021050155163">
        <ele>280.20001220703125</ele>
        <time>2025-01-01T12:55:53Z</time>
      </trkpt>
      <trkpt lat="46.28372308798134" lon="15.207091122865677">
        <ele>280.3999938964844</ele>
        <time>2025-01-01T12:55:54Z</time>
      </trkpt>
      <trkpt lat="46.28368377685547" lon="15.207159351557493">
        <ele>280.3999938964844</ele>
        <time>2025-01-01T12:55:55Z</time>
      </trkpt>
      <trkpt lat="46.283646896481514" lon="15.207226825878024">
        <ele>280.3999938964844</ele>
        <time>2025-01-01T12:55:56Z</time>
      </trkpt>
      <trkpt lat="46.28361102193594" lon="15.207293797284365">
        <ele>280.6000061035156</ele>
        <time>2025-01-01T12:55:57Z</time>
      </trkpt>
      <trkpt lat="46.28357389010489" lon="15.207363199442625">
        <ele>280.6000061035156</ele>
        <time>2025-01-01T12:55:58Z</time>
      </trkpt>
      <trkpt lat="46.28353642299771" lon="15.207431763410568">
        <ele>280.6000061035156</ele>
        <time>2025-01-01T12:55:59Z</time>
      </trkpt>
      <trkpt lat="46.28349878825247" lon="15.20749932155013">
        <ele>280.6000061035156</ele>
        <time>2025-01-01T12:56:00Z</time>
      </trkpt>
      <trkpt lat="46.283462243154645" lon="15.207565790042281">
        <ele>280.6000061035156</ele>
        <time>2025-01-01T12:56:01Z</time>
      </trkpt>
      <trkpt lat="46.28342092037201" lon="15.207631504163146">
        <ele>280.6000061035156</ele>
        <time>2025-01-01T12:56:02Z</time>
      </trkpt>
      <trkpt lat="46.283379681408405" lon="15.207699816673994">
        <ele>280.6000061035156</ele>
        <time>2025-01-01T12:56:03Z</time>
      </trkpt>
      <trkpt lat="46.28333877772093" lon="15.207770559936762">
        <ele>280.6000061035156</ele>
        <time>2025-01-01T12:56:04Z</time>
      </trkpt>
      <trkpt lat="46.28329586237669" lon="15.207844153046608">
        <ele>280.3999938964844</ele>
        <time>2025-01-01T12:56:05Z</time>
      </trkpt>
      <trkpt lat="46.2832520250231" lon="15.207918668165803">
        <ele>280.20001220703125</ele>
        <time>2025-01-01T12:56:06Z</time>
      </trkpt>
      <trkpt lat="46.283205673098564" lon="15.20799569785595">
        <ele>279.79998779296875</ele>
        <time>2025-01-01T12:56:07Z</time>
      </trkpt>
      <trkpt lat="46.28315504640341" lon="15.208070883527398">
        <ele>279.3999938964844</ele>
        <time>2025-01-01T12:56:08Z</time>
      </trkpt>
      <trkpt lat="46.28310056403279" lon="15.208146153017879">
        <ele>279.0</ele>
        <time>2025-01-01T12:56:09Z</time>
      </trkpt>
      <trkpt lat="46.28304130397737" lon="15.208222260698676">
        <ele>278.6000061035156</ele>
        <time>2025-01-01T12:56:10Z</time>
      </trkpt>
      <trkpt lat="46.28297735005617" lon="15.208293003961444">
        <ele>278.20001220703125</ele>
        <time>2025-01-01T12:56:11Z</time>
      </trkpt>
      <trkpt lat="46.282908618450165" lon="15.208358131349087">
        <ele>277.3999938964844</ele>
        <time>2025-01-01T12:56:12Z</time>
      </trkpt>
      <trkpt lat="46.28283569589257" lon="15.20841940306127">
        <ele>277.0</ele>
        <time>2025-01-01T12:56:13Z</time>
      </trkpt>
      <trkpt lat="46.282761516049504" lon="15.2084765676409">
        <ele>276.3999938964844</ele>
        <time>2025-01-01T12:56:14Z</time>
      </trkpt>
      <trkpt lat="46.28268649801612" lon="15.20853130146861">
        <ele>276.20001220703125</ele>
        <time>2025-01-01T12:56:15Z</time>
      </trkpt>
      <trkpt lat="46.28261173143983" lon="15.208581928163767">
        <ele>275.79998779296875</ele>
        <time>2025-01-01T12:56:17Z</time>
      </trkpt>
      <trkpt lat="46.28253696486354" lon="15.208628866821527">
        <ele>275.6000061035156</ele>
        <time>2025-01-01T12:56:18Z</time>
      </trkpt>
      <trkpt lat="46.282463455572724" lon="15.20867446437478">
        <ele>275.3999938964844</ele>
        <time>2025-01-01T12:56:19Z</time>
      </trkpt>
      <trkpt lat="46.2823922932148" lon="15.208714194595814">
        <ele>275.3999938964844</ele>
        <time>2025-01-01T12:56:20Z</time>
      </trkpt>
      <trkpt lat="46.282321298494935" lon="15.20874965004623">
        <ele>275.20001220703125</ele>
        <time>2025-01-01T12:56:21Z</time>
      </trkpt>
      <trkpt lat="46.28225306980312" lon="15.208788458257914">
        <ele>275.20001220703125</ele>
        <time>2025-01-01T12:56:23Z</time>
      </trkpt>
      <trkpt lat="46.28218702040613" lon="15.208826679736376">
        <ele>275.20001220703125</ele>
        <time>2025-01-01T12:56:24Z</time>
      </trkpt>
      <trkpt lat="46.28212256357074" lon="15.20885861478746">
        <ele>275.20001220703125</ele>
        <time>2025-01-01T12:56:25Z</time>
      </trkpt>
      <trkpt lat="46.28205668181181" lon="15.208889376372099">
        <ele>275.20001220703125</ele>
        <time>2025-01-01T12:56:26Z</time>
      </trkpt>
      <trkpt lat="46.28199230879545" lon="15.208924496546388">
        <ele>275.3999938964844</ele>
        <time>2025-01-01T12:56:28Z</time>
      </trkpt>
      <trkpt lat="46.28192902542651" lon="15.208962298929691">
        <ele>275.3999938964844</ele>
        <time>2025-01-01T12:56:29Z</time>
      </trkpt>
      <trkpt lat="46.28186607733369" lon="15.208999766036868">
        <ele>275.3999938964844</ele>
        <time>2025-01-01T12:56:30Z</time>
      </trkpt>
      <trkpt lat="46.28180455416441" lon="15.209038741886616">
        <ele>275.3999938964844</ele>
        <time>2025-01-01T12:56:31Z</time>
      </trkpt>
      <trkpt lat="46.281742276623845" lon="15.2090775500983">
        <ele>275.6000061035156</ele>
        <time>2025-01-01T12:56:32Z</time>
      </trkpt>
      <trkpt lat="46.28167957998812" lon="15.209116693586111">
        <ele>275.6000061035156</ele>
        <time>2025-01-01T12:56:34Z</time>
      </trkpt>
      <trkpt lat="46.281616715714335" lon="15.209155334159732">
        <ele>275.6000061035156</ele>
        <time>2025-01-01T12:56:35Z</time>
      </trkpt>
      <trkpt lat="46.28155100159347" lon="15.209194980561733">
        <ele>275.6000061035156</ele>
        <time>2025-01-01T12:56:36Z</time>
      </trkpt>
      <trkpt lat="46.28148453310132" lon="15.209235297515988">
        <ele>275.6000061035156</ele>
        <time>2025-01-01T12:56:37Z</time>
      </trkpt>
      <trkpt lat="46.28141747787595" lon="15.209276787936687">
        <ele>275.3999938964844</ele>
        <time>2025-01-01T12:56:38Z</time>
      </trkpt>
      <trkpt lat="46.281350338831544" lon="15.209317104890943">
        <ele>275.3999938964844</ele>
        <time>2025-01-01T12:56:39Z</time>
      </trkpt>
      <trkpt lat="46.28128328360617" lon="15.209355996921659">
        <ele>275.3999938964844</ele>
        <time>2025-01-01T12:56:41Z</time>
      </trkpt>
      <trkpt lat="46.281216479837894" lon="15.209393380209804">
        <ele>275.3999938964844</ele>
        <time>2025-01-01T12:56:42Z</time>
      </trkpt>
      <trkpt lat="46.28114749677479" lon="15.209427662193775">
        <ele>275.20001220703125</ele>
        <time>2025-01-01T12:56:43Z</time>
      </trkpt>
      <trkpt lat="46.281079268082976" lon="15.209457417950034">
        <ele>275.20001220703125</ele>
        <time>2025-01-01T12:56:44Z</time>
      </trkpt>
      <trkpt lat="46.28101053647697" lon="15.209482563659549">
        <ele>275.20001220703125</ele>
        <time>2025-01-01T12:56:45Z</time>
      </trkpt>
      <trkpt lat="46.28094113431871" lon="15.20950653590262">
        <ele>275.0</ele>
        <time>2025-01-01T12:56:46Z</time>
      </trkpt>
      <trkpt lat="46.28086988814175" lon="15.209530591964722">
        <ele>275.0</ele>
        <time>2025-01-01T12:56:48Z</time>
      </trkpt>
      <trkpt lat="46.28079688176513" lon="15.209555486217141">
        <ele>274.79998779296875</ele>
        <time>2025-01-01T12:56:49Z</time>
      </trkpt>
      <trkpt lat="46.28072429448366" lon="15.209582392126322">
        <ele>274.79998779296875</ele>
        <time>2025-01-01T12:56:50Z</time>
      </trkpt>
      <trkpt lat="46.28065422177315" lon="15.209609884768724">
        <ele>274.6000061035156</ele>
        <time>2025-01-01T12:56:51Z</time>
      </trkpt>
      <trkpt lat="46.28058305941522" lon="15.209639221429825">
        <ele>274.3999938964844</ele>
        <time>2025-01-01T12:56:52Z</time>
      </trkpt>
      <trkpt lat="46.280514830723405" lon="15.209676017984748">
        <ele>274.3999938964844</ele>
        <time>2025-01-01T12:56:54Z</time>
      </trkpt>
      <trkpt lat="46.28044861368835" lon="15.209720190614462">
        <ele>274.20001220703125</ele>
        <time>2025-01-01T12:56:55Z</time>
      </trkpt>
      <trkpt lat="46.28038407303393" lon="15.209766961634159">
        <ele>274.0</ele>
        <time>2025-01-01T12:56:56Z</time>
      </trkpt>
      <trkpt lat="46.280321376398206" lon="15.20981733687222">
        <ele>273.79998779296875</ele>
        <time>2025-01-01T12:56:57Z</time>
      </trkpt>
      <trkpt lat="46.28026035614312" lon="15.209867879748344">
        <ele>273.6000061035156</ele>
        <time>2025-01-01T12:56:58Z</time>
      </trkpt>
      <trkpt lat="46.28019941970706" lon="15.209922194480896">
        <ele>273.6000061035156</ele>
        <time>2025-01-01T12:56:59Z</time>
      </trkpt>
      <trkpt lat="46.28013898618519" lon="15.209978185594082">
        <ele>273.3999938964844</ele>
        <time>2025-01-01T12:57:00Z</time>
      </trkpt>
      <trkpt lat="46.28007788211107" lon="15.21003669127822">
        <ele>273.3999938964844</ele>
        <time>2025-01-01T12:57:01Z</time>
      </trkpt>
      <trkpt lat="46.280014514923096" lon="15.210093101486564">
        <ele>273.20001220703125</ele>
        <time>2025-01-01T12:57:02Z</time>
      </trkpt>
      <trkpt lat="46.27994963899255" lon="15.210148422047496">
        <ele>273.0</ele>
        <time>2025-01-01T12:57:04Z</time>
      </trkpt>
      <trkpt lat="46.27988459542394" lon="15.210204077884555">
        <ele>273.0</ele>
        <time>2025-01-01T12:57:05Z</time>
      </trkpt>
      <trkpt lat="46.279820976778865" lon="15.210260152816772">
        <ele>272.79998779296875</ele>
        <time>2025-01-01T12:57:06Z</time>
      </trkpt>
      <trkpt lat="46.279760459437966" lon="15.21031723357737">
        <ele>272.79998779296875</ele>
        <time>2025-01-01T12:57:07Z</time>
      </trkpt>
      <trkpt lat="46.279700780287385" lon="15.210374984890223">
        <ele>272.6000061035156</ele>
        <time>2025-01-01T12:57:08Z</time>
      </trkpt>
      <trkpt lat="46.27964076586068" lon="15.210432317107916">
        <ele>272.6000061035156</ele>
        <time>2025-01-01T12:57:09Z</time>
      </trkpt>
      <trkpt lat="46.27958091907203" lon="15.21048964932561">
        <ele>272.6000061035156</ele>
        <time>2025-01-01T12:57:11Z</time>
      </trkpt>
      <trkpt lat="46.27952266484499" lon="15.210551172494888">
        <ele>272.3999938964844</ele>
        <time>2025-01-01T12:57:12Z</time>
      </trkpt>
      <trkpt lat="46.279466673731804" lon="15.210616467520595">
        <ele>272.3999938964844</ele>
        <time>2025-01-01T12:57:13Z</time>
      </trkpt>
      <trkpt lat="46.27941043116152" lon="15.210682097822428">
        <ele>272.3999938964844</ele>
        <time>2025-01-01T12:57:14Z</time>
      </trkpt>
      <trkpt lat="46.279355362057686" lon="15.210747476667166">
        <ele>272.3999938964844</ele>
        <time>2025-01-01T12:57:15Z</time>
      </trkpt>
      <trkpt lat="46.27930079586804" lon="15.210816208273172">
        <ele>272.3999938964844</ele>
        <time>2025-01-01T12:57:17Z</time>
      </trkpt>
      <trkpt lat="46.27924614585936" lon="15.210885107517242">
        <ele>272.3999938964844</ele>
        <time>2025-01-01T12:57:18Z</time>
      </trkpt>
      <trkpt lat="46.27919283695519" lon="15.210953336209059">
        <ele>272.20001220703125</ele>
        <time>2025-01-01T12:57:19Z</time>
      </trkpt>
      <trkpt lat="46.279138438403606" lon="15.211024833843112">
        <ele>272.20001220703125</ele>
        <time>2025-01-01T12:57:20Z</time>
      </trkpt>
      <trkpt lat="46.27908647060394" lon="15.211095158010721">
        <ele>272.20001220703125</ele>
        <time>2025-01-01T12:57:21Z</time>
      </trkpt>
      <trkpt lat="46.27903458662331" lon="15.211166571825743">
        <ele>272.0</ele>
        <time>2025-01-01T12:57:22Z</time>
      </trkpt>
      <trkpt lat="46.278985971584916" lon="15.211239913478494">
        <ele>272.0</ele>
        <time>2025-01-01T12:57:24Z</time>
      </trkpt>
      <trkpt lat="46.278939032927155" lon="15.21131250075996">
        <ele>271.79998779296875</ele>
        <time>2025-01-01T12:57:25Z</time>
      </trkpt>
      <trkpt lat="46.27889268100262" lon="15.2113897819072">
        <ele>271.6000061035156</ele>
        <time>2025-01-01T12:57:26Z</time>
      </trkpt>
      <trkpt lat="46.278848089277744" lon="15.211466811597347">
        <ele>271.6000061035156</ele>
        <time>2025-01-01T12:57:27Z</time>
      </trkpt>
      <trkpt lat="46.278805676847696" lon="15.21154610440135">
        <ele>271.3999938964844</ele>
        <time>2025-01-01T12:57:28Z</time>
      </trkpt>
      <trkpt lat="46.27876368351281" lon="15.211631767451763">
        <ele>271.3999938964844</ele>
        <time>2025-01-01T12:57:29Z</time>
      </trkpt>
      <trkpt lat="46.27872328273952" lon="15.211715837940574">
        <ele>271.20001220703125</ele>
        <time>2025-01-01T12:57:30Z</time>
      </trkpt>
      <trkpt lat="46.27868606708944" lon="15.211800495162606">
        <ele>271.20001220703125</ele>
        <time>2025-01-01T12:57:31Z</time>
      </trkpt>
      <trkpt lat="46.27864809706807" lon="15.211886577308178">
        <ele>271.20001220703125</ele>
        <time>2025-01-01T12:57:33Z</time>
      </trkpt>
      <trkpt lat="46.27861029468477" lon="15.211972743272781">
        <ele>271.0</ele>
        <time>2025-01-01T12:57:34Z</time>
      </trkpt>
      <trkpt lat="46.27857467159629" lon="15.212057987228036">
        <ele>271.0</ele>
        <time>2025-01-01T12:57:35Z</time>
      </trkpt>
      <trkpt lat="46.27853753976524" lon="15.212145745754242">
        <ele>270.79998779296875</ele>
        <time>2025-01-01T12:57:36Z</time>
      </trkpt>
      <trkpt lat="46.27849956974387" lon="15.212237108498812">
        <ele>270.79998779296875</ele>
        <time>2025-01-01T12:57:37Z</time>
      </trkpt>
      <trkpt lat="46.27846042625606" lon="15.212327968329191">
        <ele>270.6000061035156</ele>
        <time>2025-01-01T12:57:38Z</time>
      </trkpt>
      <trkpt lat="46.278421115130186" lon="15.212417906150222">
        <ele>270.6000061035156</ele>
        <time>2025-01-01T12:57:39Z</time>
      </trkpt>
      <trkpt lat="46.27838222309947" lon="15.212507592514157">
        <ele>270.6000061035156</ele>
        <time>2025-01-01T12:57:41Z</time>
      </trkpt>
      <trkpt lat="46.27834559418261" lon="15.212599877268076">
        <ele>270.3999938964844</ele>
        <time>2025-01-01T12:57:42Z</time>
      </trkpt>
      <trkpt lat="46.27831022255123" lon="15.21269291639328">
        <ele>270.3999938964844</ele>
        <time>2025-01-01T12:57:43Z</time>
      </trkpt>
      <trkpt lat="46.27827334217727" lon="15.212784614413977">
        <ele>270.20001220703125</ele>
        <time>2025-01-01T12:57:44Z</time>
      </trkpt>
      <trkpt lat="46.27823461778462" lon="15.212876982986927">
        <ele>270.20001220703125</ele>
        <time>2025-01-01T12:57:45Z</time>
      </trkpt>
      <trkpt lat="46.27819513902068" lon="15.212969770655036">
        <ele>270.0</ele>
        <time>2025-01-01T12:57:47Z</time>
      </trkpt>
      <trkpt lat="46.27815582789481" lon="15.213063647970557">
        <ele>270.0</ele>
        <time>2025-01-01T12:57:48Z</time>
      </trkpt>
      <trkpt lat="46.278118109330535" lon="15.213158279657364">
        <ele>269.79998779296875</ele>
        <time>2025-01-01T12:57:49Z</time>
      </trkpt>
      <trkpt lat="46.278078043833375" lon="15.21325240842998">
        <ele>269.79998779296875</ele>
        <time>2025-01-01T12:57:50Z</time>
      </trkpt>
      <trkpt lat="46.27803437411785" lon="15.213342597708106">
        <ele>269.6000061035156</ele>
        <time>2025-01-01T12:57:51Z</time>
      </trkpt>
      <trkpt lat="46.27798601053655" lon="15.213427254930139">
        <ele>269.6000061035156</ele>
        <time>2025-01-01T12:57:53Z</time>
      </trkpt>
      <trkpt lat="46.277933958917856" lon="15.213508559390903">
        <ele>269.3999938964844</ele>
        <time>2025-01-01T12:57:54Z</time>
      </trkpt>
      <trkpt lat="46.27787838689983" lon="15.213589696213603">
        <ele>269.20001220703125</ele>
        <time>2025-01-01T12:57:55Z</time>
      </trkpt>
      <trkpt lat="46.27782180905342" lon="15.213668989017606">
        <ele>269.20001220703125</ele>
        <time>2025-01-01T12:57:56Z</time>
      </trkpt>
      <trkpt lat="46.27776556648314" lon="15.213746773079038">
        <ele>269.0</ele>
        <time>2025-01-01T12:57:58Z</time>
      </trkpt>
      <trkpt lat="46.27770940773189" lon="15.213825730606914">
        <ele>268.79998779296875</ele>
        <time>2025-01-01T12:57:59Z</time>
      </trkpt>
      <trkpt lat="46.277654841542244" lon="15.213903011754155">
        <ele>268.79998779296875</ele>
        <time>2025-01-01T12:58:00Z</time>
      </trkpt>
      <trkpt lat="46.27760203555226" lon="15.213981131091714">
        <ele>268.6000061035156</ele>
        <time>2025-01-01T12:58:01Z</time>
      </trkpt>
      <trkpt lat="46.27754872664809" lon="15.214055813848972">
        <ele>268.3999938964844</ele>
        <time>2025-01-01T12:58:02Z</time>
      </trkpt>
      <trkpt lat="46.27749424427748" lon="15.214130580425262">
        <ele>268.3999938964844</ele>
        <time>2025-01-01T12:58:04Z</time>
      </trkpt>
      <trkpt lat="46.27744026482105" lon="15.214209370315075">
        <ele>268.3999938964844</ele>
        <time>2025-01-01T12:58:05Z</time>
      </trkpt>
      <trkpt lat="46.27738821320236" lon="15.214292518794537">
        <ele>268.3999938964844</ele>
        <time>2025-01-01T12:58:06Z</time>
      </trkpt>
      <trkpt lat="46.27733465284109" lon="15.21437231451273">
        <ele>268.3999938964844</ele>
        <time>2025-01-01T12:58:07Z</time>
      </trkpt>
      <trkpt lat="46.27728167921305" lon="15.214446326717734">
        <ele>268.3999938964844</ele>
        <time>2025-01-01T12:58:09Z</time>
      </trkpt>
      <trkpt lat="46.27722769975662" lon="15.21452084183693">
        <ele>268.20001220703125</ele>
        <time>2025-01-01T12:58:10Z</time>
      </trkpt>
      <trkpt lat="46.27717338502407" lon="15.214597703889012">
        <ele>268.20001220703125</ele>
        <time>2025-01-01T12:58:11Z</time>
      </trkpt>
      <trkpt lat="46.2771184835583" lon="15.214674901217222">
        <ele>268.20001220703125</ele>
        <time>2025-01-01T12:58:12Z</time>
      </trkpt>
      <trkpt lat="46.27706374973059" lon="15.214752266183496">
        <ele>268.0</ele>
        <time>2025-01-01T12:58:14Z</time>
      </trkpt>
      <trkpt lat="46.27701027318835" lon="15.214827451854944">
        <ele>268.0</ele>
        <time>2025-01-01T12:58:15Z</time>
      </trkpt>
      <trkpt lat="46.276956629008055" lon="15.214900961145759">
        <ele>268.0</ele>
        <time>2025-01-01T12:58:16Z</time>
      </trkpt>
      <trkpt lat="46.276903403922915" lon="15.214980421587825">
        <ele>268.0</ele>
        <time>2025-01-01T12:58:17Z</time>
      </trkpt>
      <trkpt lat="46.27685026265681" lon="15.215060636401176">
        <ele>268.20001220703125</ele>
        <time>2025-01-01T12:58:19Z</time>
      </trkpt>
      <trkpt lat="46.27679821103811" lon="15.215134900063276">
        <ele>268.0</ele>
        <time>2025-01-01T12:58:20Z</time>
      </trkpt>
      <trkpt lat="46.27674632705748" lon="15.215214109048247">
        <ele>268.0</ele>
        <time>2025-01-01T12:58:21Z</time>
      </trkpt>
      <trkpt lat="46.27669360488653" lon="15.215293653309345">
        <ele>267.79998779296875</ele>
        <time>2025-01-01T12:58:22Z</time>
      </trkpt>
      <trkpt lat="46.27663979306817" lon="15.215376550331712">
        <ele>267.79998779296875</ele>
        <time>2025-01-01T12:58:24Z</time>
      </trkpt>
      <trkpt lat="46.27658715471625" lon="15.215461710467935">
        <ele>267.6000061035156</ele>
        <time>2025-01-01T12:58:25Z</time>
      </trkpt>
      <trkpt lat="46.27653568983078" lon="15.215544942766428">
        <ele>267.6000061035156</ele>
        <time>2025-01-01T12:58:26Z</time>
      </trkpt>
      <trkpt lat="46.27648430876434" lon="15.215628510341048">
        <ele>267.6000061035156</ele>
        <time>2025-01-01T12:58:28Z</time>
      </trkpt>
      <trkpt lat="46.27643410116434" lon="15.215710904449224">
        <ele>267.3999938964844</ele>
        <time>2025-01-01T12:58:29Z</time>
      </trkpt>
      <trkpt lat="46.27638523466885" lon="15.215790197253227">
        <ele>267.3999938964844</ele>
        <time>2025-01-01T12:58:30Z</time>
      </trkpt>
      <trkpt lat="46.276337541639805" lon="15.21587049588561">
        <ele>267.3999938964844</ele>
        <time>2025-01-01T12:58:31Z</time>
      </trkpt>
      <trkpt lat="46.27628792077303" lon="15.215949788689613">
        <ele>267.3999938964844</ele>
        <time>2025-01-01T12:58:33Z</time>
      </trkpt>
      <trkpt lat="46.2762394733727" lon="15.216027740389109">
        <ele>267.20001220703125</ele>
        <time>2025-01-01T12:58:34Z</time>
      </trkpt>
      <trkpt lat="46.276188008487225" lon="15.216109715402126">
        <ele>267.20001220703125</ele>
        <time>2025-01-01T12:58:35Z</time>
      </trkpt>
      <trkpt lat="46.2761374656111" lon="15.216186745092273">
        <ele>267.20001220703125</ele>
        <time>2025-01-01T12:58:36Z</time>
      </trkpt>
      <trkpt lat="46.27608918584883" lon="15.216264696791768">
        <ele>267.20001220703125</ele>
        <time>2025-01-01T12:58:37Z</time>
      </trkpt>
      <trkpt lat="46.27604216337204" lon="15.2163424808532">
        <ele>267.3999938964844</ele>
        <time>2025-01-01T12:58:39Z</time>
      </trkpt>
      <trkpt lat="46.275998996570706" lon="15.216419510543346">
        <ele>267.3999938964844</ele>
        <time>2025-01-01T12:58:40Z</time>
      </trkpt>
      <trkpt lat="46.2759580090642" lon="15.216495282948017">
        <ele>267.6000061035156</ele>
        <time>2025-01-01T12:58:41Z</time>
      </trkpt>
      <trkpt lat="46.27591551281512" lon="15.216563176363707">
        <ele>267.6000061035156</ele>
        <time>2025-01-01T12:58:42Z</time>
      </trkpt>
      <trkpt lat="46.27587301656604" lon="15.216628136113286">
        <ele>267.79998779296875</ele>
        <time>2025-01-01T12:58:44Z</time>
      </trkpt>
      <trkpt lat="46.2758319452405" lon="15.216686306521297">
        <ele>268.0</ele>
        <time>2025-01-01T12:58:45Z</time>
      </trkpt>
      <trkpt lat="46.275788275524974" lon="15.216740285977721">
        <ele>268.20001220703125</ele>
        <time>2025-01-01T12:58:46Z</time>
      </trkpt>
      <trkpt lat="46.27574745565653" lon="15.216792337596416">
        <ele>268.3999938964844</ele>
        <time>2025-01-01T12:58:47Z</time>
      </trkpt>
      <trkpt lat="46.27570789307356" lon="15.21683550439775">
        <ele>268.79998779296875</ele>
        <time>2025-01-01T12:58:48Z</time>
      </trkpt>
      <trkpt lat="46.27567327581346" lon="15.216882023960352">
        <ele>269.0</ele>
        <time>2025-01-01T12:58:49Z</time>
      </trkpt>
      <trkpt lat="46.27564016729593" lon="15.216922257095575">
        <ele>269.20001220703125</ele>
        <time>2025-01-01T12:58:50Z</time>
      </trkpt>
      <trkpt lat="46.275608986616135" lon="15.216956455260515">
        <ele>269.3999938964844</ele>
        <time>2025-01-01T12:58:51Z</time>
      </trkpt>
      <trkpt lat="46.27557361498475" lon="15.21698646247387">
        <ele>269.6000061035156</ele>
        <time>2025-01-01T12:58:52Z</time>
      </trkpt>
      <trkpt lat="46.27553950063884" lon="15.217019654810429">
        <ele>269.79998779296875</ele>
        <time>2025-01-01T12:58:53Z</time>
      </trkpt>
      <trkpt lat="46.27550890669227" lon="15.217054858803749">
        <ele>270.0</ele>
        <time>2025-01-01T12:58:54Z</time>
      </trkpt>
      <trkpt lat="46.27548174932599" lon="15.217092409729958">
        <ele>270.0</ele>
        <time>2025-01-01T12:58:55Z</time>
      </trkpt>
      <trkpt lat="46.27544495277107" lon="15.217129709199071">
        <ele>270.20001220703125</ele>
        <time>2025-01-01T12:58:56Z</time>
      </trkpt>
      <trkpt lat="46.27540614455938" lon="15.217168433591723">
        <ele>270.20001220703125</ele>
        <time>2025-01-01T12:58:56Z</time>
      </trkpt>
      <trkpt lat="46.275370102375746" lon="15.217209504917264">
        <ele>270.20001220703125</ele>
        <time>2025-01-01T12:58:57Z</time>
      </trkpt>
      <trkpt lat="46.27533406019211" lon="15.217248480767012">
        <ele>270.20001220703125</ele>
        <time>2025-01-01T12:58:58Z</time>
      </trkpt>
      <trkpt lat="46.27528829500079" lon="15.217286869883537">
        <ele>270.20001220703125</ele>
        <time>2025-01-01T12:58:59Z</time>
      </trkpt>
      <trkpt lat="46.27524269744754" lon="15.21732123568654">
        <ele>270.3999938964844</ele>
        <time>2025-01-01T12:59:00Z</time>
      </trkpt>
      <trkpt lat="46.27519936300814" lon="15.21735928952694">
        <ele>270.3999938964844</ele>
        <time>2025-01-01T12:59:01Z</time>
      </trkpt>
      <trkpt lat="46.27515544183552" lon="15.217400444671512">
        <ele>270.3999938964844</ele>
        <time>2025-01-01T12:59:02Z</time>
      </trkpt>
      <trkpt lat="46.27511193975806" lon="15.217443276196718">
        <ele>270.6000061035156</ele>
        <time>2025-01-01T12:59:03Z</time>
      </trkpt>
      <trkpt lat="46.27506944350898" lon="15.217486694455147">
        <ele>270.6000061035156</ele>
        <time>2025-01-01T12:59:04Z</time>
      </trkpt>
      <trkpt lat="46.275026109069586" lon="15.217528436332941">
        <ele>270.6000061035156</ele>
        <time>2025-01-01T12:59:05Z</time>
      </trkpt>
      <trkpt lat="46.274983529001474" lon="15.21757336333394">
        <ele>270.6000061035156</ele>
        <time>2025-01-01T12:59:06Z</time>
      </trkpt>
      <trkpt lat="46.274940613657236" lon="15.217616446316242">
        <ele>270.6000061035156</ele>
        <time>2025-01-01T12:59:06Z</time>
      </trkpt>
      <trkpt lat="46.274897698313" lon="15.21766279824078">
        <ele>270.6000061035156</ele>
        <time>2025-01-01T12:59:07Z</time>
      </trkpt>
      <trkpt lat="46.27485536970198" lon="15.217716610059142">
        <ele>270.6000061035156</ele>
        <time>2025-01-01T12:59:08Z</time>
      </trkpt>
      <trkpt lat="46.27481228671968" lon="15.217770338058472">
        <ele>270.6000061035156</ele>
        <time>2025-01-01T12:59:09Z</time>
      </trkpt>
      <trkpt lat="46.274768030270934" lon="15.21782498806715">
        <ele>270.6000061035156</ele>
        <time>2025-01-01T12:59:10Z</time>
      </trkpt>
      <trkpt lat="46.27472092397511" lon="15.217874106019735">
        <ele>270.3999938964844</ele>
        <time>2025-01-01T12:59:11Z</time>
      </trkpt>
      <trkpt lat="46.27466719597578" lon="15.217924229800701">
        <ele>270.3999938964844</ele>
        <time>2025-01-01T12:59:12Z</time>
      </trkpt>
      <trkpt lat="46.27461749128997" lon="15.217974688857794">
        <ele>270.20001220703125</ele>
        <time>2025-01-01T12:59:13Z</time>
      </trkpt>
      <trkpt lat="46.2745694629848" lon="15.218026489019394">
        <ele>270.20001220703125</ele>
        <time>2025-01-01T12:59:14Z</time>
      </trkpt>
      <trkpt lat="46.274518333375454" lon="15.218073595315218">
        <ele>270.0</ele>
        <time>2025-01-01T12:59:15Z</time>
      </trkpt>
      <trkpt lat="46.27446636557579" lon="15.218116426840425">
        <ele>269.79998779296875</ele>
        <time>2025-01-01T12:59:16Z</time>
      </trkpt>
      <trkpt lat="46.274415822699666" lon="15.218156073242426">
        <ele>269.79998779296875</ele>
        <time>2025-01-01T12:59:17Z</time>
      </trkpt>
      <trkpt lat="46.27436527982354" lon="15.218190606683493">
        <ele>269.6000061035156</ele>
        <time>2025-01-01T12:59:18Z</time>
      </trkpt>
      <trkpt lat="46.27431180328131" lon="15.218222038820386">
        <ele>269.6000061035156</ele>
        <time>2025-01-01T12:59:19Z</time>
      </trkpt>
      <trkpt lat="46.274254554882646" lon="15.218249866738915">
        <ele>269.6000061035156</ele>
        <time>2025-01-01T12:59:20Z</time>
      </trkpt>
      <trkpt lat="46.27419579774141" lon="15.218277191743255">
        <ele>269.6000061035156</ele>
        <time>2025-01-01T12:59:21Z</time>
      </trkpt>
      <trkpt lat="46.27413268201053" lon="15.218302924185991">
        <ele>269.3999938964844</ele>
        <time>2025-01-01T12:59:22Z</time>
      </trkpt>
      <trkpt lat="46.2740668002516" lon="15.218327399343252">
        <ele>269.20001220703125</ele>
        <time>2025-01-01T12:59:23Z</time>
      </trkpt>
      <trkpt lat="46.27400259487331" lon="15.21835271269083">
        <ele>269.0</ele>
        <time>2025-01-01T12:59:24Z</time>
      </trkpt>
      <trkpt lat="46.27393813803792" lon="15.21837467327714">
        <ele>268.79998779296875</ele>
        <time>2025-01-01T12:59:25Z</time>
      </trkpt>
      <trkpt lat="46.2738683167845" lon="15.21840007044375">
        <ele>268.3999938964844</ele>
        <time>2025-01-01T12:59:25Z</time>
      </trkpt>
      <trkpt lat="46.27379681915045" lon="15.218428652733564">
        <ele>268.20001220703125</ele>
        <time>2025-01-01T12:59:27Z</time>
      </trkpt>
      <trkpt lat="46.273727836087346" lon="15.21846167743206">
        <ele>267.79998779296875</ele>
        <time>2025-01-01T12:59:27Z</time>
      </trkpt>
      <trkpt lat="46.27365667372942" lon="15.218495288863778">
        <ele>267.6000061035156</ele>
        <time>2025-01-01T12:59:29Z</time>
      </trkpt>
      <trkpt lat="46.273583080619574" lon="15.218528900295496">
        <ele>267.20001220703125</ele>
        <time>2025-01-01T12:59:30Z</time>
      </trkpt>
      <trkpt lat="46.27351242117584" lon="15.218561422079802">
        <ele>267.0</ele>
        <time>2025-01-01T12:59:31Z</time>
      </trkpt>
      <trkpt lat="46.27344058826566" lon="15.218594446778297">
        <ele>266.79998779296875</ele>
        <time>2025-01-01T12:59:32Z</time>
      </trkpt>
      <trkpt lat="46.273368587717414" lon="15.218628393486142">
        <ele>266.79998779296875</ele>
        <time>2025-01-01T12:59:33Z</time>
      </trkpt>
      <trkpt lat="46.27330186776817" lon="15.218667117878795">
        <ele>266.6000061035156</ele>
        <time>2025-01-01T12:59:34Z</time>
      </trkpt>
      <trkpt lat="46.273237159475684" lon="15.218708692118526">
        <ele>266.6000061035156</ele>
        <time>2025-01-01T12:59:35Z</time>
      </trkpt>
      <trkpt lat="46.27317253500223" lon="15.218751691281796">
        <ele>266.6000061035156</ele>
        <time>2025-01-01T12:59:37Z</time>
      </trkpt>
      <trkpt lat="46.27310858108103" lon="15.218796031549573">
        <ele>266.6000061035156</ele>
        <time>2025-01-01T12:59:38Z</time>
      </trkpt>
      <trkpt lat="46.27304445952177" lon="15.21884037181735">
        <ele>266.6000061035156</ele>
        <time>2025-01-01T12:59:39Z</time>
      </trkpt>
      <trkpt lat="46.272979667410254" lon="15.218885717913508">
        <ele>266.6000061035156</ele>
        <time>2025-01-01T12:59:40Z</time>
      </trkpt>
      <trkpt lat="46.27291454002261" lon="15.21892980672419">
        <ele>266.6000061035156</ele>
        <time>2025-01-01T12:59:41Z</time>
      </trkpt>
      <trkpt lat="46.27284798771143" lon="15.21897666156292">
        <ele>266.6000061035156</ele>
        <time>2025-01-01T12:59:43Z</time>
      </trkpt>
      <trkpt lat="46.27278361469507" lon="15.21902703680098">
        <ele>266.3999938964844</ele>
        <time>2025-01-01T12:59:44Z</time>
      </trkpt>
      <trkpt lat="46.27271748147905" lon="15.219077663496137">
        <ele>266.20001220703125</ele>
        <time>2025-01-01T12:59:45Z</time>
      </trkpt>
      <trkpt lat="46.27265118062496" lon="15.219127871096134">
        <ele>266.0</ele>
        <time>2025-01-01T12:59:46Z</time>
      </trkpt>
      <trkpt lat="46.27258119173348" lon="15.21917849779129">
        <ele>265.79998779296875</ele>
        <time>2025-01-01T12:59:47Z</time>
      </trkpt>
      <trkpt lat="46.27250877209008" lon="15.219226023182273">
        <ele>265.6000061035156</ele>
        <time>2025-01-01T12:59:48Z</time>
      </trkpt>
      <trkpt lat="46.27243459224701" lon="15.219276649877429">
        <ele>265.20001220703125</ele>
        <time>2025-01-01T12:59:49Z</time>
      </trkpt>
      <trkpt lat="46.272363094612956" lon="15.219331216067076">
        <ele>264.79998779296875</ele>
        <time>2025-01-01T12:59:51Z</time>
      </trkpt>
      <trkpt lat="46.272293105721474" lon="15.219385614618659">
        <ele>264.6000061035156</ele>
        <time>2025-01-01T12:59:52Z</time>
      </trkpt>
      <trkpt lat="46.27222437411547" lon="15.219438588246703">
        <ele>264.20001220703125</ele>
        <time>2025-01-01T12:59:53Z</time>
      </trkpt>
      <trkpt lat="46.27215480431914" lon="15.219488209113479">
        <ele>264.0</ele>
        <time>2025-01-01T12:59:54Z</time>
      </trkpt>
      <trkpt lat="46.27208674326539" lon="15.219537829980254">
        <ele>263.79998779296875</ele>
        <time>2025-01-01T12:59:55Z</time>
      </trkpt>
      <trkpt lat="46.27201977185905" lon="15.219589294865727">
        <ele>263.6000061035156</ele>
        <time>2025-01-01T12:59:56Z</time>
      </trkpt>
      <trkpt lat="46.27195321954787" lon="15.219639670103788">
        <ele>263.3999938964844</ele>
        <time>2025-01-01T12:59:57Z</time>
      </trkpt>
      <trkpt lat="46.27188742160797" lon="15.219685267657042">
        <ele>263.3999938964844</ele>
        <time>2025-01-01T12:59:58Z</time>
      </trkpt>
      <trkpt lat="46.27182296477258" lon="15.219732793048024">
        <ele>263.20001220703125</ele>
        <time>2025-01-01T13:00:00Z</time>
      </trkpt>
      <trkpt lat="46.27175884321332" lon="15.219781827181578">
        <ele>263.0</ele>
        <time>2025-01-01T13:00:01Z</time>
      </trkpt>
      <trkpt lat="46.27169572748244" lon="15.219834130257368">
        <ele>263.0</ele>
        <time>2025-01-01T13:00:02Z</time>
      </trkpt>
      <trkpt lat="46.271632108837366" lon="15.219889702275395">
        <ele>262.79998779296875</ele>
        <time>2025-01-01T13:00:03Z</time>
      </trkpt>
      <trkpt lat="46.27156916074455" lon="15.21994317881763">
        <ele>262.79998779296875</ele>
        <time>2025-01-01T13:00:04Z</time>
      </trkpt>
      <trkpt lat="46.27150579355657" lon="15.219997242093086">
        <ele>262.6000061035156</ele>
        <time>2025-01-01T13:00:05Z</time>
      </trkpt>
      <trkpt lat="46.271443013101816" lon="15.220050886273384">
        <ele>262.3999938964844</ele>
        <time>2025-01-01T13:00:06Z</time>
      </trkpt>
      <trkpt lat="46.27138081938028" lon="15.220102434977889">
        <ele>262.20001220703125</ele>
        <time>2025-01-01T13:00:07Z</time>
      </trkpt>
      <trkpt lat="46.271319799125195" lon="15.220157923176885">
        <ele>262.20001220703125</ele>
        <time>2025-01-01T13:00:09Z</time>
      </trkpt>
      <trkpt lat="46.27125944942236" lon="15.220215003937483">
        <ele>262.20001220703125</ele>
        <time>2025-01-01T13:00:10Z</time>
      </trkpt>
      <trkpt lat="46.27119750715792" lon="15.220272755250335">
        <ele>262.0</ele>
        <time>2025-01-01T13:00:11Z</time>
      </trkpt>
      <trkpt lat="46.27113522961736" lon="15.22032723762095">
        <ele>262.0</ele>
        <time>2025-01-01T13:00:12Z</time>
      </trkpt>
      <trkpt lat="46.27107479609549" lon="15.220384737476707">
        <ele>261.79998779296875</ele>
        <time>2025-01-01T13:00:13Z</time>
      </trkpt>
      <trkpt lat="46.271015955135226" lon="15.220446093007922">
        <ele>261.79998779296875</ele>
        <time>2025-01-01T13:00:15Z</time>
      </trkpt>
      <trkpt lat="46.27095493488014" lon="15.220506526529789">
        <ele>261.6000061035156</ele>
        <time>2025-01-01T13:00:16Z</time>
      </trkpt>
      <trkpt lat="46.27089450135827" lon="15.220566960051656">
        <ele>261.6000061035156</ele>
        <time>2025-01-01T13:00:17Z</time>
      </trkpt>
      <trkpt lat="46.27083582803607" lon="15.220628567039967">
        <ele>261.6000061035156</ele>
        <time>2025-01-01T13:00:18Z</time>
      </trkpt>
      <trkpt lat="46.27077925018966" lon="15.220698304474354">
        <ele>261.3999938964844</ele>
        <time>2025-01-01T13:00:19Z</time>
      </trkpt>
      <trkpt lat="46.27072300761938" lon="15.220769885927439">
        <ele>261.20001220703125</ele>
        <time>2025-01-01T13:00:20Z</time>
      </trkpt>
      <trkpt lat="46.27066718414426" lon="15.220838114619255">
        <ele>261.20001220703125</ele>
        <time>2025-01-01T13:00:22Z</time>
      </trkpt>
      <trkpt lat="46.27061203122139" lon="15.220905672758818">
        <ele>261.0</ele>
        <time>2025-01-01T13:00:23Z</time>
      </trkpt>
      <trkpt lat="46.27055981196463" lon="15.220975829288363">
        <ele>260.79998779296875</ele>
        <time>2025-01-01T13:00:24Z</time>
      </trkpt>
      <trkpt lat="46.270509688183665" lon="15.221053445711732">
        <ele>260.79998779296875</ele>
        <time>2025-01-01T13:00:25Z</time>
      </trkpt>
      <trkpt lat="46.270459396764636" lon="15.221136342734098">
        <ele>260.6000061035156</ele>
        <time>2025-01-01T13:00:26Z</time>
      </trkpt>
      <trkpt lat="46.27040969207883" lon="15.221218904480338">
        <ele>260.3999938964844</ele>
        <time>2025-01-01T13:00:27Z</time>
      </trkpt>
      <trkpt lat="46.27035948447883" lon="15.221299873664975">
        <ele>260.3999938964844</ele>
        <time>2025-01-01T13:00:28Z</time>
      </trkpt>
      <trkpt lat="46.27031019888818" lon="15.221381178125739">
        <ele>260.20001220703125</ele>
        <time>2025-01-01T13:00:30Z</time>
      </trkpt>
      <trkpt lat="46.27026250585914" lon="15.221465583890676">
        <ele>260.20001220703125</ele>
        <time>2025-01-01T13:00:31Z</time>
      </trkpt>
      <trkpt lat="46.270215986296535" lon="15.221548480913043">
        <ele>260.20001220703125</ele>
        <time>2025-01-01T13:00:32Z</time>
      </trkpt>
      <trkpt lat="46.270169131457806" lon="15.221632048487663">
        <ele>260.0</ele>
        <time>2025-01-01T13:00:33Z</time>
      </trkpt>
      <trkpt lat="46.27012244425714" lon="15.221710670739412">
        <ele>260.0</ele>
        <time>2025-01-01T13:00:34Z</time>
      </trkpt>
      <trkpt lat="46.2700760923326" lon="15.221788035705686">
        <ele>260.0</ele>
        <time>2025-01-01T13:00:36Z</time>
      </trkpt>
      <trkpt lat="46.27002915367484" lon="15.221863808110356">
        <ele>259.79998779296875</ele>
        <time>2025-01-01T13:00:37Z</time>
      </trkpt>
      <trkpt lat="46.26998137682676" lon="15.221943771466613">
        <ele>259.79998779296875</ele>
        <time>2025-01-01T13:00:38Z</time>
      </trkpt>
      <trkpt lat="46.26993536017835" lon="15.222023483365774">
        <ele>259.79998779296875</ele>
        <time>2025-01-01T13:00:39Z</time>
      </trkpt>
      <trkpt lat="46.26989219337702" lon="15.22210244089365">
        <ele>259.79998779296875</ele>
        <time>2025-01-01T13:00:40Z</time>
      </trkpt>
      <trkpt lat="46.26984793692827" lon="15.222183493897319">
        <ele>259.79998779296875</ele>
        <time>2025-01-01T13:00:42Z</time>
      </trkpt>
      <trkpt lat="46.2698033452034" lon="15.22226127795875">
        <ele>259.79998779296875</ele>
        <time>2025-01-01T13:00:43Z</time>
      </trkpt>
      <trkpt lat="46.26975925639272" lon="15.222340235486627">
        <ele>259.6000061035156</ele>
        <time>2025-01-01T13:00:44Z</time>
      </trkpt>
      <trkpt lat="46.26971483230591" lon="15.2224176004529">
        <ele>259.6000061035156</ele>
        <time>2025-01-01T13:00:45Z</time>
      </trkpt>
      <trkpt lat="46.26967133022845" lon="15.22249236702919">
        <ele>259.6000061035156</ele>
        <time>2025-01-01T13:00:46Z</time>
      </trkpt>
      <trkpt lat="46.26962757669389" lon="15.22256906144321">
        <ele>259.6000061035156</ele>
        <time>2025-01-01T13:00:47Z</time>
      </trkpt>
      <trkpt lat="46.26958482898772" lon="15.222645085304976">
        <ele>259.6000061035156</ele>
        <time>2025-01-01T13:00:49Z</time>
      </trkpt>
      <trkpt lat="46.269543170928955" lon="15.22272203117609">
        <ele>259.6000061035156</ele>
        <time>2025-01-01T13:00:50Z</time>
      </trkpt>
      <trkpt lat="46.26950025558472" lon="15.22280065342784">
        <ele>259.6000061035156</ele>
        <time>2025-01-01T13:00:51Z</time>
      </trkpt>
      <trkpt lat="46.26945784315467" lon="15.222880868241191">
        <ele>259.6000061035156</ele>
        <time>2025-01-01T13:00:52Z</time>
      </trkpt>
      <trkpt lat="46.269414173439145" lon="15.222960077226162">
        <ele>259.6000061035156</ele>
        <time>2025-01-01T13:00:53Z</time>
      </trkpt>
      <trkpt lat="46.26936958171427" lon="15.223037777468562">
        <ele>259.3999938964844</ele>
        <time>2025-01-01T13:00:54Z</time>
      </trkpt>
      <trkpt lat="46.269323732703924" lon="15.223114807158709">
        <ele>259.3999938964844</ele>
        <time>2025-01-01T13:00:55Z</time>
      </trkpt>
      <trkpt lat="46.26927696168423" lon="15.22319351322949">
        <ele>259.20001220703125</ele>
        <time>2025-01-01T13:00:57Z</time>
      </trkpt>
      <trkpt lat="46.269232453778386" lon="15.223273728042841">
        <ele>259.0</ele>
        <time>2025-01-01T13:00:58Z</time>
      </trkpt>
      <trkpt lat="46.26918786205351" lon="15.22335385903716">
        <ele>258.79998779296875</ele>
        <time>2025-01-01T13:00:59Z</time>
      </trkpt>
      <trkpt lat="46.26914427615702" lon="15.223434995859861">
        <ele>258.79998779296875</ele>
        <time>2025-01-01T13:01:00Z</time>
      </trkpt>
      <trkpt lat="46.269100522622466" lon="15.223517222329974">
        <ele>258.6000061035156</ele>
        <time>2025-01-01T13:01:01Z</time>
      </trkpt>
      <trkpt lat="46.26905299723148" lon="15.223597856238484">
        <ele>258.3999938964844</ele>
        <time>2025-01-01T13:01:02Z</time>
      </trkpt>
      <trkpt lat="46.269005220383406" lon="15.22368117235601">
        <ele>258.20001220703125</ele>
        <time>2025-01-01T13:01:03Z</time>
      </trkpt>
      <trkpt lat="46.26895953901112" lon="15.223762979730964">
        <ele>258.20001220703125</ele>
        <time>2025-01-01T13:01:04Z</time>
      </trkpt>
      <trkpt lat="46.268913857638836" lon="15.223842691630125">
        <ele>258.20001220703125</ele>
        <time>2025-01-01T13:01:06Z</time>
      </trkpt>
      <trkpt lat="46.26886717043817" lon="15.223921230062842">
        <ele>258.0</ele>
        <time>2025-01-01T13:01:07Z</time>
      </trkpt>
      <trkpt lat="46.26881813630462" lon="15.223998427391052">
        <ele>258.0</ele>
        <time>2025-01-01T13:01:08Z</time>
      </trkpt>
      <trkpt lat="46.26876616850495" lon="15.224077552556992">
        <ele>258.0</ele>
        <time>2025-01-01T13:01:09Z</time>
      </trkpt>
      <trkpt lat="46.268714955076575" lon="15.224155588075519">
        <ele>258.0</ele>
        <time>2025-01-01T13:01:10Z</time>
      </trkpt>
      <trkpt lat="46.268663574010134" lon="15.224231695756316">
        <ele>257.79998779296875</ele>
        <time>2025-01-01T13:01:12Z</time>
      </trkpt>
      <trkpt lat="46.2686135340482" lon="15.224305372685194">
        <ele>257.79998779296875</ele>
        <time>2025-01-01T13:01:13Z</time>
      </trkpt>
      <trkpt lat="46.26856215298176" lon="15.22437846288085">
        <ele>257.6000061035156</ele>
        <time>2025-01-01T13:01:14Z</time>
      </trkpt>
      <trkpt lat="46.26851144246757" lon="15.22445079870522">
        <ele>257.6000061035156</ele>
        <time>2025-01-01T13:01:15Z</time>
      </trkpt>
      <trkpt lat="46.26846173778176" lon="15.224527576938272">
        <ele>257.6000061035156</ele>
        <time>2025-01-01T13:01:16Z</time>
      </trkpt>
      <trkpt lat="46.26841119490564" lon="15.224604103714228">
        <ele>257.3999938964844</ele>
        <time>2025-01-01T13:01:17Z</time>
      </trkpt>
      <trkpt lat="46.268358305096626" lon="15.224679037928581">
        <ele>257.20001220703125</ele>
        <time>2025-01-01T13:01:18Z</time>
      </trkpt>
      <trkpt lat="46.26830440945923" lon="15.2247557323426">
        <ele>257.20001220703125</ele>
        <time>2025-01-01T13:01:20Z</time>
      </trkpt>
      <trkpt lat="46.26824992708862" lon="15.224830750375986">
        <ele>257.0</ele>
        <time>2025-01-01T13:01:21Z</time>
      </trkpt>
      <trkpt lat="46.26819636672735" lon="15.224902080371976">
        <ele>257.0</ele>
        <time>2025-01-01T13:01:22Z</time>
      </trkpt>
      <trkpt lat="46.2681438960135" lon="15.224975254386663">
        <ele>257.0</ele>
        <time>2025-01-01T13:01:23Z</time>
      </trkpt>
      <trkpt lat="46.268093939870596" lon="15.225050104781985">
        <ele>256.79998779296875</ele>
        <time>2025-01-01T13:01:24Z</time>
      </trkpt>
      <trkpt lat="46.26804566010833" lon="15.225127888843417">
        <ele>256.79998779296875</ele>
        <time>2025-01-01T13:01:26Z</time>
      </trkpt>
      <trkpt lat="46.26799738034606" lon="15.225207600742579">
        <ele>256.79998779296875</ele>
        <time>2025-01-01T13:01:27Z</time>
      </trkpt>
      <trkpt lat="46.26794750802219" lon="15.225285720080137">
        <ele>256.79998779296875</ele>
        <time>2025-01-01T13:01:28Z</time>
      </trkpt>
      <trkpt lat="46.267895037308335" lon="15.22536065429449">
        <ele>256.79998779296875</ele>
        <time>2025-01-01T13:01:29Z</time>
      </trkpt>
      <trkpt lat="46.26784390769899" lon="15.225437097251415">
        <ele>256.6000061035156</ele>
        <time>2025-01-01T13:01:30Z</time>
      </trkpt>
      <trkpt lat="46.26779420301318" lon="15.225513204932213">
        <ele>256.6000061035156</ele>
        <time>2025-01-01T13:01:32Z</time>
      </trkpt>
      <trkpt lat="46.267743492498994" lon="15.225588558241725">
        <ele>256.6000061035156</ele>
        <time>2025-01-01T13:01:33Z</time>
      </trkpt>
      <trkpt lat="46.267693703994155" lon="15.22566307336092">
        <ele>256.3999938964844</ele>
        <time>2025-01-01T13:01:34Z</time>
      </trkpt>
      <trkpt lat="46.267642825841904" lon="15.225735744461417">
        <ele>256.6000061035156</ele>
        <time>2025-01-01T13:01:35Z</time>
      </trkpt>
      <trkpt lat="46.26759278587997" lon="15.22580673918128">
        <ele>256.6000061035156</ele>
        <time>2025-01-01T13:01:37Z</time>
      </trkpt>
      <trkpt lat="46.267540315166116" lon="15.225872537121177">
        <ele>256.6000061035156</ele>
        <time>2025-01-01T13:01:38Z</time>
      </trkpt>
      <trkpt lat="46.26748809590936" lon="15.225935569033027">
        <ele>256.79998779296875</ele>
        <time>2025-01-01T13:01:39Z</time>
      </trkpt>
      <trkpt lat="46.26743780449033" lon="15.225997846573591">
        <ele>257.0</ele>
        <time>2025-01-01T13:01:41Z</time>
      </trkpt>
      <trkpt lat="46.26738809980452" lon="15.226056352257729">
        <ele>257.0</ele>
        <time>2025-01-01T13:01:42Z</time>
      </trkpt>
      <trkpt lat="46.26733839511871" lon="15.226117204874754">
        <ele>257.20001220703125</ele>
        <time>2025-01-01T13:01:43Z</time>
      </trkpt>
      <trkpt lat="46.267289193347096" lon="15.226173782721162">
        <ele>257.20001220703125</ele>
        <time>2025-01-01T13:01:44Z</time>
      </trkpt>
      <trkpt lat="46.26724133267999" lon="15.226228684186935">
        <ele>257.3999938964844</ele>
        <time>2025-01-01T13:01:45Z</time>
      </trkpt>
      <trkpt lat="46.267193388193846" lon="15.226284842938185">
        <ele>257.6000061035156</ele>
        <time>2025-01-01T13:01:47Z</time>
      </trkpt>
      <trkpt lat="46.26714804209769" lon="15.226339912042022">
        <ele>257.79998779296875</ele>
        <time>2025-01-01T13:01:48Z</time>
      </trkpt>
      <trkpt lat="46.26710529439151" lon="15.226395316421986">
        <ele>258.0</ele>
        <time>2025-01-01T13:01:49Z</time>
      </trkpt>
      <trkpt lat="46.26706321723759" lon="15.22645172663033">
        <ele>258.0</ele>
        <time>2025-01-01T13:01:50Z</time>
      </trkpt>
      <trkpt lat="46.26702197827399" lon="15.226508136838675">
        <ele>258.3999938964844</ele>
        <time>2025-01-01T13:01:51Z</time>
      </trkpt>
      <trkpt lat="46.26698350533843" lon="15.226564714685082">
        <ele>258.3999938964844</ele>
        <time>2025-01-01T13:01:52Z</time>
      </trkpt>
      <trkpt lat="46.26694670878351" lon="15.226625315845013">
        <ele>258.6000061035156</ele>
        <time>2025-01-01T13:01:53Z</time>
      </trkpt>
      <trkpt lat="46.2669091578573" lon="15.22668482735753">
        <ele>258.79998779296875</ele>
        <time>2025-01-01T13:01:55Z</time>
      </trkpt>
      <trkpt lat="46.266873367130756" lon="15.226744003593922">
        <ele>258.79998779296875</ele>
        <time>2025-01-01T13:01:56Z</time>
      </trkpt>
      <trkpt lat="46.26683841459453" lon="15.226802928373218">
        <ele>258.6000061035156</ele>
        <time>2025-01-01T13:01:56Z</time>
      </trkpt>
      <trkpt lat="46.26680270768702" lon="15.226861266419291">
        <ele>258.6000061035156</ele>
        <time>2025-01-01T13:01:57Z</time>
      </trkpt>
      <trkpt lat="46.266765743494034" lon="15.226928489282727">
        <ele>258.3999938964844</ele>
        <time>2025-01-01T13:01:58Z</time>
      </trkpt>
      <trkpt lat="46.26672685146332" lon="15.227000238373876">
        <ele>258.3999938964844</ele>
        <time>2025-01-01T13:01:59Z</time>
      </trkpt>
      <trkpt lat="46.26668770797551" lon="15.227071987465024">
        <ele>258.0</ele>
        <time>2025-01-01T13:02:00Z</time>
      </trkpt>
      <trkpt lat="46.26664822921157" lon="15.227141221985221">
        <ele>257.79998779296875</ele>
        <time>2025-01-01T13:02:01Z</time>
      </trkpt>
      <trkpt lat="46.266609001904726" lon="15.227216072380543">
        <ele>257.6000061035156</ele>
        <time>2025-01-01T13:02:02Z</time>
      </trkpt>
      <trkpt lat="46.2665690202266" lon="15.227295784279704">
        <ele>257.3999938964844</ele>
        <time>2025-01-01T13:02:03Z</time>
      </trkpt>
      <trkpt lat="46.26652996055782" lon="15.22738303989172">
        <ele>257.20001220703125</ele>
        <time>2025-01-01T13:02:04Z</time>
      </trkpt>
      <trkpt lat="46.26649098470807" lon="15.227470295503736">
        <ele>257.0</ele>
        <time>2025-01-01T13:02:05Z</time>
      </trkpt>
      <trkpt lat="46.26645251177251" lon="15.227547073736787">
        <ele>256.79998779296875</ele>
        <time>2025-01-01T13:02:06Z</time>
      </trkpt>
      <trkpt lat="46.26641236245632" lon="15.227625276893377">
        <ele>256.6000061035156</ele>
        <time>2025-01-01T13:02:07Z</time>
      </trkpt>
      <trkpt lat="46.26637171022594" lon="15.227710269391537">
        <ele>256.3999938964844</ele>
        <time>2025-01-01T13:02:08Z</time>
      </trkpt>
      <trkpt lat="46.266335835680366" lon="15.227798279374838">
        <ele>256.3999938964844</ele>
        <time>2025-01-01T13:02:09Z</time>
      </trkpt>
      <trkpt lat="46.26630004495382" lon="15.22788385860622">
        <ele>256.20001220703125</ele>
        <time>2025-01-01T13:02:10Z</time>
      </trkpt>
      <trkpt lat="46.26626433804631" lon="15.227976310998201">
        <ele>256.20001220703125</ele>
        <time>2025-01-01T13:02:11Z</time>
      </trkpt>
      <trkpt lat="46.26622997224331" lon="15.228068763390183">
        <ele>256.20001220703125</ele>
        <time>2025-01-01T13:02:13Z</time>
      </trkpt>
      <trkpt lat="46.266196528449655" lon="15.228159204125404">
        <ele>256.0</ele>
        <time>2025-01-01T13:02:14Z</time>
      </trkpt>
      <trkpt lat="46.2661612406373" lon="15.228251237422228">
        <ele>256.0</ele>
        <time>2025-01-01T13:02:15Z</time>
      </trkpt>
      <trkpt lat="46.26612897031009" lon="15.228345869109035">
        <ele>256.0</ele>
        <time>2025-01-01T13:02:16Z</time>
      </trkpt>
      <trkpt lat="46.266100220382214" lon="15.228443602100015">
        <ele>256.0</ele>
        <time>2025-01-01T13:02:17Z</time>
      </trkpt>
      <trkpt lat="46.26606887206435" lon="15.22854158654809">
        <ele>256.0</ele>
        <time>2025-01-01T13:02:19Z</time>
      </trkpt>
      <trkpt lat="46.2660386133939" lon="15.228629680350423">
        <ele>256.20001220703125</ele>
        <time>2025-01-01T13:02:20Z</time>
      </trkpt>
      <trkpt lat="46.2660092767328" lon="15.22871701978147">
        <ele>256.20001220703125</ele>
        <time>2025-01-01T13:02:21Z</time>
      </trkpt>
      <trkpt lat="46.265984466299415" lon="15.228806287050247">
        <ele>256.20001220703125</ele>
        <time>2025-01-01T13:02:22Z</time>
      </trkpt>
      <trkpt lat="46.26595848239958" lon="15.22888901643455">
        <ele>256.3999938964844</ele>
        <time>2025-01-01T13:02:24Z</time>
      </trkpt>
      <trkpt lat="46.26592939719558" lon="15.228968560695648">
        <ele>256.6000061035156</ele>
        <time>2025-01-01T13:02:25Z</time>
      </trkpt>
      <trkpt lat="46.26590115018189" lon="15.22903704084456">
        <ele>256.6000061035156</ele>
        <time>2025-01-01T13:02:26Z</time>
      </trkpt>
      <trkpt lat="46.265873573720455" lon="15.22910107858479">
        <ele>256.79998779296875</ele>
        <time>2025-01-01T13:02:27Z</time>
      </trkpt>
      <trkpt lat="46.26584314741194" lon="15.229172240942717">
        <ele>256.79998779296875</ele>
        <time>2025-01-01T13:02:28Z</time>
      </trkpt>
      <trkpt lat="46.265809619799256" lon="15.229239547625184">
        <ele>257.0</ele>
        <time>2025-01-01T13:02:29Z</time>
      </trkpt>
      <trkpt lat="46.265777852386236" lon="15.229310374706984">
        <ele>257.0</ele>
        <time>2025-01-01T13:02:30Z</time>
      </trkpt>
      <trkpt lat="46.26574231311679" lon="15.229376927018166">
        <ele>257.0</ele>
        <time>2025-01-01T13:02:31Z</time>
      </trkpt>
      <trkpt lat="46.26570409163833" lon="15.229435851797462">
        <ele>257.0</ele>
        <time>2025-01-01T13:02:32Z</time>
      </trkpt>
      <trkpt lat="46.26566218212247" lon="15.229497458785772">
        <ele>257.0</ele>
        <time>2025-01-01T13:02:33Z</time>
      </trkpt>
      <trkpt lat="46.26561717130244" lon="15.2295633405447">
        <ele>257.0</ele>
        <time>2025-01-01T13:02:34Z</time>
      </trkpt>
      <trkpt lat="46.26557492651045" lon="15.229630060493946">
        <ele>257.0</ele>
        <time>2025-01-01T13:02:35Z</time>
      </trkpt>
      <trkpt lat="46.26553125679493" lon="15.22969376295805">
        <ele>257.0</ele>
        <time>2025-01-01T13:02:36Z</time>
      </trkpt>
      <trkpt lat="46.26548917964101" lon="15.229755118489265">
        <ele>257.0</ele>
        <time>2025-01-01T13:02:37Z</time>
      </trkpt>
      <trkpt lat="46.26544467173517" lon="15.22981303744018">
        <ele>257.0</ele>
        <time>2025-01-01T13:02:38Z</time>
      </trkpt>
      <trkpt lat="46.265398571267724" lon="15.22986182011664">
        <ele>257.0</ele>
        <time>2025-01-01T13:02:39Z</time>
      </trkpt>
      <trkpt lat="46.265351213514805" lon="15.229909932240844">
        <ele>257.0</ele>
        <time>2025-01-01T13:02:40Z</time>
      </trkpt>
      <trkpt lat="46.265304358676076" lon="15.229956284165382">
        <ele>257.0</ele>
        <time>2025-01-01T13:02:41Z</time>
      </trkpt>
      <trkpt lat="46.265256498008966" lon="15.230003222823143">
        <ele>257.0</ele>
        <time>2025-01-01T13:02:42Z</time>
      </trkpt>
      <trkpt lat="46.26521232537925" lon="15.230048317462206">
        <ele>257.0</ele>
        <time>2025-01-01T13:02:43Z</time>
      </trkpt>
      <trkpt lat="46.26516907475889" lon="15.230092154815793">
        <ele>257.20001220703125</ele>
        <time>2025-01-01T13:02:44Z</time>
      </trkpt>
      <trkpt lat="46.26512565650046" lon="15.230132723227143">
        <ele>257.20001220703125</ele>
        <time>2025-01-01T13:02:45Z</time>
      </trkpt>
      <trkpt lat="46.26507972367108" lon="15.230170441791415">
        <ele>257.3999938964844</ele>
        <time>2025-01-01T13:02:46Z</time>
      </trkpt>
      <trkpt lat="46.26503597013652" lon="15.230208579450846">
        <ele>257.6000061035156</ele>
        <time>2025-01-01T13:02:47Z</time>
      </trkpt>
      <trkpt lat="46.26499431207776" lon="15.230247974395752">
        <ele>257.6000061035156</ele>
        <time>2025-01-01T13:02:48Z</time>
      </trkpt>
      <trkpt lat="46.26495114527643" lon="15.230284770950675">
        <ele>257.79998779296875</ele>
        <time>2025-01-01T13:02:49Z</time>
      </trkpt>
      <trkpt lat="46.26490965485573" lon="15.23031729273498">
        <ele>257.79998779296875</ele>
        <time>2025-01-01T13:02:50Z</time>
      </trkpt>
      <trkpt lat="46.264870343729854" lon="15.230350736528635">
        <ele>258.0</ele>
        <time>2025-01-01T13:02:51Z</time>
      </trkpt>
      <trkpt lat="46.264832792803645" lon="15.230388455092907">
        <ele>258.20001220703125</ele>
        <time>2025-01-01T13:02:52Z</time>
      </trkpt>
      <trkpt lat="46.26479775644839" lon="15.230426844209433">
        <ele>258.20001220703125</ele>
        <time>2025-01-01T13:02:53Z</time>
      </trkpt>
      <trkpt lat="46.26476473174989" lon="15.230465568602085">
        <ele>258.3999938964844</ele>
        <time>2025-01-01T13:02:54Z</time>
      </trkpt>
      <trkpt lat="46.264731204137206" lon="15.23050831630826">
        <ele>258.6000061035156</ele>
        <time>2025-01-01T13:02:55Z</time>
      </trkpt>
      <trkpt lat="46.26469776034355" lon="15.2305528242141">
        <ele>258.79998779296875</ele>
        <time>2025-01-01T13:02:56Z</time>
      </trkpt>
      <trkpt lat="46.264665238559246" lon="15.230596996843815">
        <ele>259.0</ele>
        <time>2025-01-01T13:02:57Z</time>
      </trkpt>
      <trkpt lat="46.26463405787945" lon="15.230642762035131">
        <ele>259.20001220703125</ele>
        <time>2025-01-01T13:02:58Z</time>
      </trkpt>
      <trkpt lat="46.26460614614189" lon="15.230691712349653">
        <ele>259.20001220703125</ele>
        <time>2025-01-01T13:02:58Z</time>
      </trkpt>
      <trkpt lat="46.26458192244172" lon="15.230741249397397">
        <ele>259.3999938964844</ele>
        <time>2025-01-01T13:02:59Z</time>
      </trkpt>
      <trkpt lat="46.26455987803638" lon="15.230791121721268">
        <ele>259.3999938964844</ele>
        <time>2025-01-01T13:03:00Z</time>
      </trkpt>
      <trkpt lat="46.26453699544072" lon="15.23084007203579">
        <ele>259.6000061035156</ele>
        <time>2025-01-01T13:03:01Z</time>
      </trkpt>
      <trkpt lat="46.26451637595892" lon="15.230890363454819">
        <ele>259.6000061035156</ele>
        <time>2025-01-01T13:03:02Z</time>
      </trkpt>
      <trkpt lat="46.264496175572276" lon="15.23094174452126">
        <ele>259.6000061035156</ele>
        <time>2025-01-01T13:03:02Z</time>
      </trkpt>
      <trkpt lat="46.26447698101401" lon="15.230998070910573">
        <ele>259.6000061035156</ele>
        <time>2025-01-01T13:03:03Z</time>
      </trkpt>
      <trkpt lat="46.26445954665542" lon="15.231057163327932">
        <ele>259.6000061035156</ele>
        <time>2025-01-01T13:03:04Z</time>
      </trkpt>
      <trkpt lat="46.26444638706744" lon="15.231112567707896">
        <ele>259.6000061035156</ele>
        <time>2025-01-01T13:03:04Z</time>
      </trkpt>
      <trkpt lat="46.26443540677428" lon="15.231173923239112">
        <ele>259.6000061035156</ele>
        <time>2025-01-01T13:03:05Z</time>
      </trkpt>
      <trkpt lat="46.26442023552954" lon="15.231239134445786">
        <ele>259.3999938964844</ele>
        <time>2025-01-01T13:03:06Z</time>
      </trkpt>
      <trkpt lat="46.26439827494323" lon="15.231298645958304">
        <ele>259.20001220703125</ele>
        <time>2025-01-01T13:03:07Z</time>
      </trkpt>
    </trkseg>
  </trk>
</gpx>