<?xml version="1.0" encoding="UTF-8"?>
<gpx creator="Garmin Connect" version="1.1" schemaLocation="http://www.topografix.com/GPX/1/1 http://www.topografix.com/GPX/11.xsd" xmlns="http://www.topografix.com/GPX/1/1" xmlns:xsi="http://www.w3.org/2001/XMLSchema-instance" xsi:schemaLocation="http://www.topografix.com/GPX/1/1 http://www.topografix.com/GPX/1/1/gpx.xsd http://www.garmin.com/xmlschemas/GpxExtensions/v3 http://www.garmin.com/xmlschemas/GpxExtensionsv3.xsd http://www.garmin.com/xmlschemas/TrackPointExtension/v1 http://www.garmin.com/xmlschemas/TrackPointExtensionv1.xsd http://www.garmin.com/xmlschemas/PowerExtension/v1 http://www.garmin.com/xmlschemas/PowerExtensionv1.xsd http://www.topografix.com/GPX/gpx_style/0/2 http://www.topografix.com/GPX/gpx_style/0/2/gpx_style.xsd" xmlns:gpxtpx="http://www.garmin.com/xmlschemas/TrackPointExtension/v1" xmlns:gpxx="http://www.garmin.com/xmlschemas/GpxExtensions/v3" xmlns:gpxpx="http://www.garmin.com/xmlschemas/PowerExtension/v1" xmlns:gpx_style="http://www.topografix.com/GPX/gpx_style/0/2">
  <metadata>
    <name>2026-26-04_Celje-Braslovče-Šempeter-Celje:0:wDkeKWRMV5Q</name>
    <author>
      <name>gpx.studio</name>
      <link href="https://gpx.studio"/>
    </author>
    <link href="connect.garmin.com">
      <text>Garmin Connect</text>
    </link>
  </metadata>
  <trk>
    <name>Celje Cestno kolesarstvo:0:wDkeKWRMV5Q</name>
    <type>road_biking</type>
    <trkseg>
      <trkpt lat="46.26448008231819" lon="15.231289090588689">
        <ele>260.6000061035156</ele>
      </trkpt>
      <trkpt lat="46.264500450342894" lon="15.231239385902882">
        <ele>260.79998779296875</ele>
      </trkpt>
      <trkpt lat="46.26451302319765" lon="15.231186579912901">
        <ele>261</ele>
      </trkpt>
      <trkpt lat="46.264522075653076" lon="15.23113771341741">
        <ele>261</ele>
      </trkpt>
      <trkpt lat="46.26453246921301" lon="15.231089014559984">
        <ele>261.20001220703125</ele>
      </trkpt>
      <trkpt lat="46.26454462297261" lon="15.231038639321923">
        <ele>261.20001220703125</ele>
      </trkpt>
      <trkpt lat="46.26455979421735" lon="15.23098566569388">
        <ele>261.3999938964844</ele>
      </trkpt>
      <trkpt lat="46.26457555219531" lon="15.230931267142296">
        <ele>261.3999938964844</ele>
      </trkpt>
      <trkpt lat="46.26459307037294" lon="15.230874605476856">
        <ele>261.3999938964844</ele>
      </trkpt>
      <trkpt lat="46.264613438397646" lon="15.230815093964338">
        <ele>261.3999938964844</ele>
      </trkpt>
      <trkpt lat="46.264639254659414" lon="15.230752481147647">
        <ele>261.6000061035156</ele>
      </trkpt>
      <trkpt lat="46.264668172225356" lon="15.230693304911256">
        <ele>261.3999938964844</ele>
      </trkpt>
      <trkpt lat="46.264699855819345" lon="15.230635134503245">
        <ele>261.3999938964844</ele>
      </trkpt>
      <trkpt lat="46.26473614946008" lon="15.230577969923615">
        <ele>261.20001220703125</ele>
      </trkpt>
      <trkpt lat="46.264778478071094" lon="15.230523068457842">
        <ele>261</ele>
      </trkpt>
      <trkpt lat="46.26482558436692" lon="15.230468334630132">
        <ele>260.79998779296875</ele>
      </trkpt>
      <trkpt lat="46.26487788744271" lon="15.230416283011436">
        <ele>260.6000061035156</ele>
      </trkpt>
      <trkpt lat="46.26493463292718" lon="15.230368841439486">
        <ele>260.3999938964844</ele>
      </trkpt>
      <trkpt lat="46.26499431207776" lon="15.230320477858186">
        <ele>260.20001220703125</ele>
      </trkpt>
      <trkpt lat="46.265056086704135" lon="15.230268593877554">
        <ele>260</ele>
      </trkpt>
      <trkpt lat="46.265120627358556" lon="15.230213608592749">
        <ele>259.79998779296875</ele>
      </trkpt>
      <trkpt lat="46.265186006203294" lon="15.230162059888244">
        <ele>259.6000061035156</ele>
      </trkpt>
      <trkpt lat="46.26525079831481" lon="15.230110511183739">
        <ele>259.3999938964844</ele>
      </trkpt>
      <trkpt lat="46.26531634479761" lon="15.230054771527648">
        <ele>259.20001220703125</ele>
      </trkpt>
      <trkpt lat="46.26537946052849" lon="15.229994086548686">
        <ele>259</ele>
      </trkpt>
      <trkpt lat="46.26544190570712" lon="15.229928707703948">
        <ele>259</ele>
      </trkpt>
      <trkpt lat="46.26550150103867" lon="15.22985796444118">
        <ele>259</ele>
      </trkpt>
      <trkpt lat="46.26555824652314" lon="15.229782946407795">
        <ele>259</ele>
      </trkpt>
      <trkpt lat="46.26561474055052" lon="15.229705916717649">
        <ele>259</ele>
      </trkpt>
      <trkpt lat="46.26566813327372" lon="15.229626875370741">
        <ele>259</ele>
      </trkpt>
      <trkpt lat="46.265718173235655" lon="15.22954624146223">
        <ele>259</ele>
      </trkpt>
      <trkpt lat="46.265768548473716" lon="15.229466697201133">
        <ele>259</ele>
      </trkpt>
      <trkpt lat="46.26581666059792" lon="15.229386482387781">
        <ele>259</ele>
      </trkpt>
      <trkpt lat="46.26586250960827" lon="15.229306099936366">
        <ele>259</ele>
      </trkpt>
      <trkpt lat="46.26590324565768" lon="15.22922177799046">
        <ele>259</ele>
      </trkpt>
      <trkpt lat="46.265941550955176" lon="15.229136198759079">
        <ele>259</ele>
      </trkpt>
      <trkpt lat="46.26597700640559" lon="15.229046260938048">
        <ele>259</ele>
      </trkpt>
      <trkpt lat="46.26601221039891" lon="15.228951293975115">
        <ele>259</ele>
      </trkpt>
      <trkpt lat="46.26604666002095" lon="15.228851465508342">
        <ele>259</ele>
      </trkpt>
      <trkpt lat="46.26608094200492" lon="15.228750295937061">
        <ele>259</ele>
      </trkpt>
      <trkpt lat="46.266119331121445" lon="15.228652227669954">
        <ele>258.79998779296875</ele>
      </trkpt>
      <trkpt lat="46.26615981571376" lon="15.228556841611862">
        <ele>258.79998779296875</ele>
      </trkpt>
      <trkpt lat="46.266200970858335" lon="15.228458940982819">
        <ele>258.6000061035156</ele>
      </trkpt>
      <trkpt lat="46.266238605603576" lon="15.228358944877982">
        <ele>258.6000061035156</ele>
      </trkpt>
      <trkpt lat="46.266274228692055" lon="15.228258445858955">
        <ele>258.3999938964844</ele>
      </trkpt>
      <trkpt lat="46.26631102524698" lon="15.228156857192516">
        <ele>258.3999938964844</ele>
      </trkpt>
      <trkpt lat="46.266348492354155" lon="15.228058286011219">
        <ele>258.20001220703125</ele>
      </trkpt>
      <trkpt lat="46.2663840316236" lon="15.227965246886015">
        <ele>258.20001220703125</ele>
      </trkpt>
      <trkpt lat="46.26641806215048" lon="15.227871788665652">
        <ele>258</ele>
      </trkpt>
      <trkpt lat="46.266453098505735" lon="15.227776821702719">
        <ele>258</ele>
      </trkpt>
      <trkpt lat="46.26649048179388" lon="15.227682776749134">
        <ele>258</ele>
      </trkpt>
      <trkpt lat="46.266529792919755" lon="15.22759024053812">
        <ele>258.20001220703125</ele>
      </trkpt>
      <trkpt lat="46.266568852588534" lon="15.2275032363832">
        <ele>258.20001220703125</ele>
      </trkpt>
      <trkpt lat="46.26660875044763" lon="15.227415645495057">
        <ele>258.3999938964844</ele>
      </trkpt>
      <trkpt lat="46.266649570316076" lon="15.227327300235629">
        <ele>258.6000061035156</ele>
      </trkpt>
      <trkpt lat="46.26668997108936" lon="15.227242643013597">
        <ele>258.6000061035156</ele>
      </trkpt>
      <trkpt lat="46.266735568642616" lon="15.227167122066021">
        <ele>259</ele>
      </trkpt>
      <trkpt lat="46.26677831634879" lon="15.227083805948496">
        <ele>259.20001220703125</ele>
      </trkpt>
      <trkpt lat="46.26681653782725" lon="15.226996717974544">
        <ele>259.3999938964844</ele>
      </trkpt>
      <trkpt lat="46.26685903407633" lon="15.226911809295416">
        <ele>259.6000061035156</ele>
      </trkpt>
      <trkpt lat="46.26689851284027" lon="15.226829163730145">
        <ele>259.79998779296875</ele>
      </trkpt>
      <trkpt lat="46.26693413592875" lon="15.226749368011951">
        <ele>260</ele>
      </trkpt>
      <trkpt lat="46.2669728603214" lon="15.226671919226646">
        <ele>260.3999938964844</ele>
      </trkpt>
      <trkpt lat="46.267015440389514" lon="15.22660125978291">
        <ele>260.3999938964844</ele>
      </trkpt>
      <trkpt lat="46.26706212759018" lon="15.226536970585585">
        <ele>260.6000061035156</ele>
      </trkpt>
      <trkpt lat="46.26711149699986" lon="15.226470669731498">
        <ele>260.6000061035156</ele>
      </trkpt>
      <trkpt lat="46.26716346479952" lon="15.226402273401618">
        <ele>260.3999938964844</ele>
      </trkpt>
      <trkpt lat="46.26721618697047" lon="15.226332452148199">
        <ele>260.3999938964844</ele>
      </trkpt>
      <trkpt lat="46.26727142371237" lon="15.226261960342526">
        <ele>260.20001220703125</ele>
      </trkpt>
      <trkpt lat="46.26733152195811" lon="15.226189624518156">
        <ele>260</ele>
      </trkpt>
      <trkpt lat="46.267392709851265" lon="15.226118210703135">
        <ele>259.79998779296875</ele>
      </trkpt>
      <trkpt lat="46.26745565794408" lon="15.226046293973923">
        <ele>259.79998779296875</ele>
      </trkpt>
      <trkpt lat="46.26751718111336" lon="15.225971192121506">
        <ele>259.6000061035156</ele>
      </trkpt>
      <trkpt lat="46.267576944082975" lon="15.22589709609747">
        <ele>259.3999938964844</ele>
      </trkpt>
      <trkpt lat="46.26763905398548" lon="15.225824424996972">
        <ele>259.20001220703125</ele>
      </trkpt>
      <trkpt lat="46.26769890077412" lon="15.225746221840382">
        <ele>259</ele>
      </trkpt>
      <trkpt lat="46.26775547862053" lon="15.225665587931871">
        <ele>259</ele>
      </trkpt>
      <trkpt lat="46.26781071536243" lon="15.22558487020433">
        <ele>258.79998779296875</ele>
      </trkpt>
      <trkpt lat="46.2678658682853" lon="15.225502057000995">
        <ele>258.79998779296875</ele>
      </trkpt>
      <trkpt lat="46.26792009919882" lon="15.225418573245406">
        <ele>258.79998779296875</ele>
      </trkpt>
      <trkpt lat="46.26797550357878" lon="15.225337604060769">
        <ele>259</ele>
      </trkpt>
      <trkpt lat="46.268028477206826" lon="15.225258730351925">
        <ele>259</ele>
      </trkpt>
      <trkpt lat="46.26808002591133" lon="15.225181449204683">
        <ele>258.79998779296875</ele>
      </trkpt>
      <trkpt lat="46.2681317422539" lon="15.225101904943585">
        <ele>259</ele>
      </trkpt>
      <trkpt lat="46.26818270422518" lon="15.225022276863456">
        <ele>258.79998779296875</ele>
      </trkpt>
      <trkpt lat="46.268232660368085" lon="15.224944660440087">
        <ele>259</ele>
      </trkpt>
      <trkpt lat="46.26828630454838" lon="15.2248680498451">
        <ele>259</ele>
      </trkpt>
      <trkpt lat="46.268335757777095" lon="15.224792780354619">
        <ele>259</ele>
      </trkpt>
      <trkpt lat="46.26838588155806" lon="15.224720193073153">
        <ele>259.20001220703125</ele>
      </trkpt>
      <trkpt lat="46.26842594705522" lon="15.224665375426412">
        <ele>259.20001220703125</ele>
      </trkpt>
      <trkpt lat="46.268478417769074" lon="15.224596308544278">
        <ele>259.20001220703125</ele>
      </trkpt>
      <trkpt lat="46.268530217930675" lon="15.22452455945313">
        <ele>259.20001220703125</ele>
      </trkpt>
      <trkpt lat="46.268583526834846" lon="15.224452139809728">
        <ele>259.20001220703125</ele>
      </trkpt>
      <trkpt lat="46.268647061660886" lon="15.224363878369331">
        <ele>259.3999938964844</ele>
      </trkpt>
      <trkpt lat="46.268697855994105" lon="15.224287519231439">
        <ele>259.3999938964844</ele>
      </trkpt>
      <trkpt lat="46.268747141584754" lon="15.224211746826768">
        <ele>259.6000061035156</ele>
      </trkpt>
      <trkpt lat="46.26878519542515" lon="15.224151983857155">
        <ele>259.6000061035156</ele>
      </trkpt>
      <trkpt lat="46.26883389428258" lon="15.22407847456634">
        <ele>259.79998779296875</ele>
      </trkpt>
      <trkpt lat="46.26888133585453" lon="15.224002031609416">
        <ele>259.79998779296875</ele>
      </trkpt>
      <trkpt lat="46.26892877742648" lon="15.223923660814762">
        <ele>260</ele>
      </trkpt>
      <trkpt lat="46.26898384653032" lon="15.223829532042146">
        <ele>260.20001220703125</ele>
      </trkpt>
      <trkpt lat="46.269027935341" lon="15.223750658333302">
        <ele>260.20001220703125</ele>
      </trkpt>
      <trkpt lat="46.269062804058194" lon="15.22368561476469">
        <ele>260.3999938964844</ele>
      </trkpt>
      <trkpt lat="46.269107311964035" lon="15.223606321960688">
        <ele>260.3999938964844</ele>
      </trkpt>
      <trkpt lat="46.269150814041495" lon="15.223529292270541">
        <ele>260.3999938964844</ele>
      </trkpt>
      <trkpt lat="46.26919263973832" lon="15.223451759666204">
        <ele>260.6000061035156</ele>
      </trkpt>
      <trkpt lat="46.269235303625464" lon="15.223374981433153">
        <ele>260.79998779296875</ele>
      </trkpt>
      <trkpt lat="46.269276374951005" lon="15.223298538476229">
        <ele>260.79998779296875</ele>
      </trkpt>
      <trkpt lat="46.26932457089424" lon="15.223209857940674">
        <ele>261</ele>
      </trkpt>
      <trkpt lat="46.269356003031135" lon="15.22315302863717">
        <ele>261.3999938964844</ele>
      </trkpt>
      <trkpt lat="46.26940260641277" lon="15.223069544881582">
        <ele>261.3999938964844</ele>
      </trkpt>
      <trkpt lat="46.269440995529294" lon="15.223000645637512">
        <ele>261.6000061035156</ele>
      </trkpt>
      <trkpt lat="46.269481144845486" lon="15.222933338955045">
        <ele>261.79998779296875</ele>
      </trkpt>
      <trkpt lat="46.269513415172696" lon="15.222882041707635">
        <ele>262</ele>
      </trkpt>
      <trkpt lat="46.26955943182111" lon="15.222806939855218">
        <ele>262</ele>
      </trkpt>
      <trkpt lat="46.269595976918936" lon="15.222742650657892">
        <ele>262.20001220703125</ele>
      </trkpt>
      <trkpt lat="46.26962405629456" lon="15.222688671201468">
        <ele>262.20001220703125</ele>
      </trkpt>
      <trkpt lat="46.26966638490558" lon="15.222608875483274">
        <ele>262.20001220703125</ele>
      </trkpt>
      <trkpt lat="46.269702427089214" lon="15.22254173643887">
        <ele>262.20001220703125</ele>
      </trkpt>
      <trkpt lat="46.26973167993128" lon="15.222487254068255">
        <ele>262.20001220703125</ele>
      </trkpt>
      <trkpt lat="46.269779205322266" lon="15.222407709807158">
        <ele>262.20001220703125</ele>
      </trkpt>
      <trkpt lat="46.26982002519071" lon="15.222343420609832">
        <ele>262.20001220703125</ele>
      </trkpt>
      <trkpt lat="46.269860761240125" lon="15.222277538850904">
        <ele>262.20001220703125</ele>
      </trkpt>
      <trkpt lat="46.26989898271859" lon="15.222209142521024">
        <ele>262.20001220703125</ele>
      </trkpt>
      <trkpt lat="46.269936030730605" lon="15.222139488905668">
        <ele>262.20001220703125</ele>
      </trkpt>
      <trkpt lat="46.26997425220907" lon="15.222071595489979">
        <ele>262.20001220703125</ele>
      </trkpt>
      <trkpt lat="46.27001297660172" lon="15.222004121169448">
        <ele>262.20001220703125</ele>
      </trkpt>
      <trkpt lat="46.270051868632436" lon="15.221936730667949">
        <ele>262.20001220703125</ele>
      </trkpt>
      <trkpt lat="46.270091850310564" lon="15.221869088709354">
        <ele>262</ele>
      </trkpt>
      <trkpt lat="46.27013116143644" lon="15.221798848360777">
        <ele>262</ele>
      </trkpt>
      <trkpt lat="46.270169131457806" lon="15.22172818891704">
        <ele>262</ele>
      </trkpt>
      <trkpt lat="46.27020844258368" lon="15.221659624949098">
        <ele>262.20001220703125</ele>
      </trkpt>
      <trkpt lat="46.27024750225246" lon="15.221590222790837">
        <ele>262.20001220703125</ele>
      </trkpt>
      <trkpt lat="46.27028765156865" lon="15.221522497013211">
        <ele>262.20001220703125</ele>
      </trkpt>
      <trkpt lat="46.27032914198935" lon="15.221453262493014">
        <ele>262.20001220703125</ele>
      </trkpt>
      <trkpt lat="46.27036979421973" lon="15.221382770687342">
        <ele>262.20001220703125</ele>
      </trkpt>
      <trkpt lat="46.27041153609753" lon="15.2213123627007">
        <ele>262.20001220703125</ele>
      </trkpt>
      <trkpt lat="46.27045311033726" lon="15.22124346345663">
        <ele>262.20001220703125</ele>
      </trkpt>
      <trkpt lat="46.270495438948274" lon="15.221175402402878">
        <ele>262.20001220703125</ele>
      </trkpt>
      <trkpt lat="46.270534582436085" lon="15.221110777929425">
        <ele>262.20001220703125</ele>
      </trkpt>
      <trkpt lat="46.27057573758066" lon="15.221043890342116">
        <ele>262.20001220703125</ele>
      </trkpt>
      <trkpt lat="46.27061689272523" lon="15.220979433506727">
        <ele>262.20001220703125</ele>
      </trkpt>
      <trkpt lat="46.27065813168883" lon="15.220920005813241">
        <ele>262.3999938964844</ele>
      </trkpt>
      <trkpt lat="46.270699705928564" lon="15.220864349976182">
        <ele>262.3999938964844</ele>
      </trkpt>
      <trkpt lat="46.27074413001537" lon="15.220811543986201">
        <ele>262.6000061035156</ele>
      </trkpt>
      <trkpt lat="46.270788218826056" lon="15.22076259367168">
        <ele>262.79998779296875</ele>
      </trkpt>
      <trkpt lat="46.27083306200802" lon="15.22071179933846">
        <ele>262.79998779296875</ele>
      </trkpt>
      <trkpt lat="46.2708774022758" lon="15.220660837367177">
        <ele>263</ele>
      </trkpt>
      <trkpt lat="46.27092241309583" lon="15.220609288662672">
        <ele>263</ele>
      </trkpt>
      <trkpt lat="46.27096683718264" lon="15.220558913424611">
        <ele>263</ele>
      </trkpt>
      <trkpt lat="46.271013943478465" lon="15.220512310042977">
        <ele>263.20001220703125</ele>
      </trkpt>
      <trkpt lat="46.27106096595526" lon="15.220468221232295">
        <ele>263.20001220703125</ele>
      </trkpt>
      <trkpt lat="46.27110614441335" lon="15.220419522374868">
        <ele>263.3999938964844</ele>
      </trkpt>
      <trkpt lat="46.271150149405" lon="15.22037174552679">
        <ele>263.3999938964844</ele>
      </trkpt>
      <trkpt lat="46.271196668967605" lon="15.22032824344933">
        <ele>263.3999938964844</ele>
      </trkpt>
      <trkpt lat="46.27124520018697" lon="15.220285076647997">
        <ele>263.6000061035156</ele>
      </trkpt>
      <trkpt lat="46.27129431813955" lon="15.220244256779552">
        <ele>263.6000061035156</ele>
      </trkpt>
      <trkpt lat="46.271342262625694" lon="15.22020310163498">
        <ele>263.6000061035156</ele>
      </trkpt>
      <trkpt lat="46.271388698369265" lon="15.220161275938153">
        <ele>263.79998779296875</ele>
      </trkpt>
      <trkpt lat="46.27143454737961" lon="15.220119534060359">
        <ele>263.79998779296875</ele>
      </trkpt>
      <trkpt lat="46.27148081548512" lon="15.220078462734818">
        <ele>263.79998779296875</ele>
      </trkpt>
      <trkpt lat="46.2715283408761" lon="15.220039654523134">
        <ele>263.79998779296875</ele>
      </trkpt>
      <trkpt lat="46.27157527953386" lon="15.219998331740499">
        <ele>264</ele>
      </trkpt>
      <trkpt lat="46.27162255346775" lon="15.219958098605275">
        <ele>264</ele>
      </trkpt>
      <trkpt lat="46.27167007885873" lon="15.219920044764876">
        <ele>264.20001220703125</ele>
      </trkpt>
      <trkpt lat="46.271717101335526" lon="15.219882661476731">
        <ele>264.20001220703125</ele>
      </trkpt>
      <trkpt lat="46.271763956174254" lon="15.219845278188586">
        <ele>264.3999938964844</ele>
      </trkpt>
      <trkpt lat="46.27181123010814" lon="15.219806972891092">
        <ele>264.3999938964844</ele>
      </trkpt>
      <trkpt lat="46.27186009660363" lon="15.21977067925036">
        <ele>264.6000061035156</ele>
      </trkpt>
      <trkpt lat="46.271908627822995" lon="15.219734804704785">
        <ele>264.6000061035156</ele>
      </trkpt>
      <trkpt lat="46.27195782959461" lon="15.219699265435338">
        <ele>264.6000061035156</ele>
      </trkpt>
      <trkpt lat="46.272004852071404" lon="15.219663139432669">
        <ele>264.79998779296875</ele>
      </trkpt>
      <trkpt lat="46.27205497585237" lon="15.219628773629665">
        <ele>264.79998779296875</ele>
      </trkpt>
      <trkpt lat="46.27210350707173" lon="15.219593737274408">
        <ele>264.79998779296875</ele>
      </trkpt>
      <trkpt lat="46.272151786834" lon="15.219556353986263">
        <ele>265</ele>
      </trkpt>
      <trkpt lat="46.27219956368208" lon="15.219518886879086">
        <ele>265</ele>
      </trkpt>
      <trkpt lat="46.27224843017757" lon="15.219481084495783">
        <ele>265</ele>
      </trkpt>
      <trkpt lat="46.27229880541563" lon="15.219444958493114">
        <ele>265.20001220703125</ele>
      </trkpt>
      <trkpt lat="46.2723470851779" lon="15.219410173594952">
        <ele>265.3999938964844</ele>
      </trkpt>
      <trkpt lat="46.27239746041596" lon="15.219376729801297">
        <ele>265.3999938964844</ele>
      </trkpt>
      <trkpt lat="46.2724472489208" lon="15.21934119053185">
        <ele>265.6000061035156</ele>
      </trkpt>
      <trkpt lat="46.27249368466437" lon="15.219307579100132">
        <ele>265.79998779296875</ele>
      </trkpt>
      <trkpt lat="46.272538527846336" lon="15.219274302944541">
        <ele>265.79998779296875</ele>
      </trkpt>
      <trkpt lat="46.27258320339024" lon="15.219240691512823">
        <ele>266.20001220703125</ele>
      </trkpt>
      <trkpt lat="46.27262678928673" lon="15.219208421185613">
        <ele>266.3999938964844</ele>
      </trkpt>
      <trkpt lat="46.27266827970743" lon="15.219177408143878">
        <ele>266.6000061035156</ele>
      </trkpt>
      <trkpt lat="46.27270859666169" lon="15.219148071482778">
        <ele>266.79998779296875</ele>
      </trkpt>
      <trkpt lat="46.27274966798723" lon="15.219118315726519">
        <ele>267</ele>
      </trkpt>
      <trkpt lat="46.27279233187437" lon="15.219087051227689">
        <ele>267.20001220703125</ele>
      </trkpt>
      <trkpt lat="46.27283533103764" lon="15.21905587054789">
        <ele>267.20001220703125</ele>
      </trkpt>
      <trkpt lat="46.27287640236318" lon="15.219024522230029">
        <ele>267.3999938964844</ele>
      </trkpt>
      <trkpt lat="46.272918647155166" lon="15.21899426355958">
        <ele>267.6000061035156</ele>
      </trkpt>
      <trkpt lat="46.2729602213949" lon="15.218963837251067">
        <ele>268</ele>
      </trkpt>
      <trkpt lat="46.273002633824944" lon="15.218932572752237">
        <ele>268.20001220703125</ele>
      </trkpt>
      <trkpt lat="46.27304697409272" lon="15.218901559710503">
        <ele>268.20001220703125</ele>
      </trkpt>
      <trkpt lat="46.27309022471309" lon="15.218870379030704">
        <ele>268.3999938964844</ele>
      </trkpt>
      <trkpt lat="46.27313104458153" lon="15.218839282169938">
        <ele>268.3999938964844</ele>
      </trkpt>
      <trkpt lat="46.27317387610674" lon="15.218809191137552">
        <ele>268.3999938964844</ele>
      </trkpt>
      <trkpt lat="46.27321930602193" lon="15.218779183924198">
        <ele>268.6000061035156</ele>
      </trkpt>
      <trkpt lat="46.273265574127436" lon="15.2187480032444">
        <ele>268.6000061035156</ele>
      </trkpt>
      <trkpt lat="46.273314943537116" lon="15.218715900555253">
        <ele>268.6000061035156</ele>
      </trkpt>
      <trkpt lat="46.27336355857551" lon="15.21868840791285">
        <ele>268.6000061035156</ele>
      </trkpt>
      <trkpt lat="46.273415107280016" lon="15.218660747632384">
        <ele>268.6000061035156</ele>
      </trkpt>
      <trkpt lat="46.273468751460314" lon="15.21863317117095">
        <ele>268.6000061035156</ele>
      </trkpt>
      <trkpt lat="46.27352432347834" lon="15.21860626526177">
        <ele>268.79998779296875</ele>
      </trkpt>
      <trkpt lat="46.27357947640121" lon="15.218583047389984">
        <ele>268.79998779296875</ele>
      </trkpt>
      <trkpt lat="46.27363412640989" lon="15.218560500070453">
        <ele>268.79998779296875</ele>
      </trkpt>
      <trkpt lat="46.27368567511439" lon="15.218532755970955">
        <ele>269</ele>
      </trkpt>
      <trkpt lat="46.273737056180835" lon="15.218510124832392">
        <ele>269.20001220703125</ele>
      </trkpt>
      <trkpt lat="46.27378919161856" lon="15.218489421531558">
        <ele>269.20001220703125</ele>
      </trkpt>
      <trkpt lat="46.27383931539953" lon="15.218471987172961">
        <ele>269.3999938964844</ele>
      </trkpt>
      <trkpt lat="46.27387745305896" lon="15.218454971909523">
        <ele>269.6000061035156</ele>
      </trkpt>
      <trkpt lat="46.27393193542957" lon="15.21843041293323">
        <ele>269.6000061035156</ele>
      </trkpt>
      <trkpt lat="46.27397283911705" lon="15.218404596671462">
        <ele>269.79998779296875</ele>
      </trkpt>
      <trkpt lat="46.27402011305094" lon="15.218388251960278">
        <ele>270</ele>
      </trkpt>
      <trkpt lat="46.2740668002516" lon="15.218373415991664">
        <ele>270.20001220703125</ele>
      </trkpt>
      <trkpt lat="46.274114241823554" lon="15.218357238918543">
        <ele>270.3999938964844</ele>
      </trkpt>
      <trkpt lat="46.274161180481315" lon="15.218340223655105">
        <ele>270.6000061035156</ele>
      </trkpt>
      <trkpt lat="46.274208538234234" lon="15.218323962762952">
        <ele>270.79998779296875</ele>
      </trkpt>
      <trkpt lat="46.27425380051136" lon="15.218305354937911">
        <ele>270.79998779296875</ele>
      </trkpt>
      <trkpt lat="46.27429788932204" lon="15.218287333846092">
        <ele>271</ele>
      </trkpt>
      <trkpt lat="46.27434264868498" lon="15.218269731849432">
        <ele>271.20001220703125</ele>
      </trkpt>
      <trkpt lat="46.274386988952756" lon="15.218248944729567">
        <ele>271.3999938964844</ele>
      </trkpt>
      <trkpt lat="46.27443501725793" lon="15.218222038820386">
        <ele>271.6000061035156</ele>
      </trkpt>
      <trkpt lat="46.27447893843055" lon="15.218198234215379">
        <ele>271.6000061035156</ele>
      </trkpt>
      <trkpt lat="46.27452101558447" lon="15.218166215345263">
        <ele>271.79998779296875</ele>
      </trkpt>
      <trkpt lat="46.27456317655742" lon="15.218127993866801">
        <ele>271.79998779296875</ele>
      </trkpt>
      <trkpt lat="46.2746059242636" lon="15.218086838722229">
        <ele>271.79998779296875</ele>
      </trkpt>
      <trkpt lat="46.27464724704623" lon="15.21804140880704">
        <ele>271.79998779296875</ele>
      </trkpt>
      <trkpt lat="46.2746886536479" lon="15.217996900901198">
        <ele>272</ele>
      </trkpt>
      <trkpt lat="46.274732826277614" lon="15.21794954314828">
        <ele>272</ele>
      </trkpt>
      <trkpt lat="46.274776831269264" lon="15.217903526499867">
        <ele>272</ele>
      </trkpt>
      <trkpt lat="46.27481874078512" lon="15.217856923118234">
        <ele>272</ele>
      </trkpt>
      <trkpt lat="46.274857465177774" lon="15.217806715518236">
        <ele>272</ele>
      </trkpt>
      <trkpt lat="46.27489635720849" lon="15.21775709465146">
        <ele>272</ele>
      </trkpt>
      <trkpt lat="46.27493793144822" lon="15.217710407450795">
        <ele>272.20001220703125</ele>
      </trkpt>
      <trkpt lat="46.27497925423086" lon="15.217662965878844">
        <ele>272.20001220703125</ele>
      </trkpt>
      <trkpt lat="46.27502200193703" lon="15.21761636249721">
        <ele>272.20001220703125</ele>
      </trkpt>
      <trkpt lat="46.27506634220481" lon="15.21757093258202">
        <ele>272.20001220703125</ele>
      </trkpt>
      <trkpt lat="46.275112526491284" lon="15.217524329200387">
        <ele>272.20001220703125</ele>
      </trkpt>
      <trkpt lat="46.2751582916826" lon="15.217480743303895">
        <ele>272.20001220703125</ele>
      </trkpt>
      <trkpt lat="46.275205397978425" lon="15.21743648685515">
        <ele>272.3999938964844</ele>
      </trkpt>
      <trkpt lat="46.27525459975004" lon="15.217389883473516">
        <ele>272.3999938964844</ele>
      </trkpt>
      <trkpt lat="46.275305058807135" lon="15.217348309233785">
        <ele>272.3999938964844</ele>
      </trkpt>
      <trkpt lat="46.27535652369261" lon="15.21730849519372">
        <ele>272.3999938964844</ele>
      </trkpt>
      <trkpt lat="46.275407150387764" lon="15.217266334220767">
        <ele>272.3999938964844</ele>
      </trkpt>
      <trkpt lat="46.27545920200646" lon="15.217217467725277">
        <ele>272.3999938964844</ele>
      </trkpt>
      <trkpt lat="46.275510834529996" lon="15.21716583520174">
        <ele>272.6000061035156</ele>
      </trkpt>
      <trkpt lat="46.275560203939676" lon="15.217104814946651">
        <ele>272.6000061035156</ele>
      </trkpt>
      <trkpt lat="46.27561267465353" lon="15.217046309262514">
        <ele>272.6000061035156</ele>
      </trkpt>
      <trkpt lat="46.27566556446254" lon="15.216991575434804">
        <ele>272.3999938964844</ele>
      </trkpt>
      <trkpt lat="46.27571786753833" lon="15.216936841607094">
        <ele>272.3999938964844</ele>
      </trkpt>
      <trkpt lat="46.2757714278996" lon="15.216877330094576">
        <ele>272.20001220703125</ele>
      </trkpt>
      <trkpt lat="46.27582783810794" lon="15.216811867430806">
        <ele>271.79998779296875</ele>
      </trkpt>
      <trkpt lat="46.27588382922113" lon="15.216735592111945">
        <ele>271.6000061035156</ele>
      </trkpt>
      <trkpt lat="46.275944681838155" lon="15.216653365641832">
        <ele>271.20001220703125</ele>
      </trkpt>
      <trkpt lat="46.27600000239909" lon="15.216568456962705">
        <ele>271</ele>
      </trkpt>
      <trkpt lat="46.276053143665195" lon="15.216477429494262">
        <ele>270.6000061035156</ele>
      </trkpt>
      <trkpt lat="46.276108883321285" lon="15.216384138911963">
        <ele>270.3999938964844</ele>
      </trkpt>
      <trkpt lat="46.27616420388222" lon="15.216289507225156">
        <ele>270.20001220703125</ele>
      </trkpt>
      <trkpt lat="46.276216339319944" lon="15.216195797547698">
        <ele>270.20001220703125</ele>
      </trkpt>
      <trkpt lat="46.27626847475767" lon="15.216103596612811">
        <ele>270</ele>
      </trkpt>
      <trkpt lat="46.27632169984281" lon="15.216006617993116">
        <ele>270</ele>
      </trkpt>
      <trkpt lat="46.27637593075633" lon="15.215915841981769">
        <ele>270</ele>
      </trkpt>
      <trkpt lat="46.27642731182277" lon="15.215828334912658">
        <ele>270</ele>
      </trkpt>
      <trkpt lat="46.27647902816534" lon="15.215742588043213">
        <ele>270</ele>
      </trkpt>
      <trkpt lat="46.27653225325048" lon="15.215654158964753">
        <ele>270</ele>
      </trkpt>
      <trkpt lat="46.27658640034497" lon="15.21556606516242">
        <ele>270</ele>
      </trkpt>
      <trkpt lat="46.27663736231625" lon="15.215481743216515">
        <ele>270</ele>
      </trkpt>
      <trkpt lat="46.276686899363995" lon="15.215398343279958">
        <ele>270.20001220703125</ele>
      </trkpt>
      <trkpt lat="46.27673610113561" lon="15.215316619724035">
        <ele>270.20001220703125</ele>
      </trkpt>
      <trkpt lat="46.276787566021085" lon="15.2152338065207">
        <ele>270.3999938964844</ele>
      </trkpt>
      <trkpt lat="46.276838360354304" lon="15.215158285573125">
        <ele>270.3999938964844</ele>
      </trkpt>
      <trkpt lat="46.27688739448786" lon="15.215082261711359">
        <ele>270.6000061035156</ele>
      </trkpt>
      <trkpt lat="46.27693642862141" lon="15.21500900387764">
        <ele>270.6000061035156</ele>
      </trkpt>
      <trkpt lat="46.27697775140405" lon="15.214949827641249">
        <ele>270.6000061035156</ele>
      </trkpt>
      <trkpt lat="46.27702527679503" lon="15.214878162369132">
        <ele>270.6000061035156</ele>
      </trkpt>
      <trkpt lat="46.27707414329052" lon="15.214804401621222">
        <ele>270.6000061035156</ele>
      </trkpt>
      <trkpt lat="46.27713390626013" lon="15.21471538580954">
        <ele>270.6000061035156</ele>
      </trkpt>
      <trkpt lat="46.27718595787883" lon="15.214641457423568">
        <ele>270.79998779296875</ele>
      </trkpt>
      <trkpt lat="46.277237171307206" lon="15.214569456875324">
        <ele>270.79998779296875</ele>
      </trkpt>
      <trkpt lat="46.27728687599301" lon="15.214497037231922">
        <ele>270.79998779296875</ele>
      </trkpt>
      <trkpt lat="46.27733607776463" lon="15.214424952864647">
        <ele>271</ele>
      </trkpt>
      <trkpt lat="46.277386201545596" lon="15.214355299249291">
        <ele>271</ele>
      </trkpt>
      <trkpt lat="46.27743808552623" lon="15.214286986738443">
        <ele>271</ele>
      </trkpt>
      <trkpt lat="46.27749047242105" lon="15.214215656742454">
        <ele>271</ele>
      </trkpt>
      <trkpt lat="46.277539590373635" lon="15.21414365619421">
        <ele>271</ele>
      </trkpt>
      <trkpt lat="46.27758803777397" lon="15.214073918759823">
        <ele>271</ele>
      </trkpt>
      <trkpt lat="46.277636317536235" lon="15.214005690068007">
        <ele>271</ele>
      </trkpt>
      <trkpt lat="46.277686106041074" lon="15.213938634842634">
        <ele>270.79998779296875</ele>
      </trkpt>
      <trkpt lat="46.27773522399366" lon="15.213871747255325">
        <ele>270.79998779296875</ele>
      </trkpt>
      <trkpt lat="46.27778409048915" lon="15.213805865496397">
        <ele>270.79998779296875</ele>
      </trkpt>
      <trkpt lat="46.277831280604005" lon="15.213739397004247">
        <ele>271</ele>
      </trkpt>
      <trkpt lat="46.27787637524307" lon="15.213672509416938">
        <ele>271</ele>
      </trkpt>
      <trkpt lat="46.27792239189148" lon="15.213606543838978">
        <ele>271</ele>
      </trkpt>
      <trkpt lat="46.27796581014991" lon="15.213542003184557">
        <ele>271.20001220703125</ele>
      </trkpt>
      <trkpt lat="46.27800855785608" lon="15.213479306548834">
        <ele>271.3999938964844</ele>
      </trkpt>
      <trkpt lat="46.27804954536259" lon="15.213415939360857">
        <ele>271.3999938964844</ele>
      </trkpt>
      <trkpt lat="46.27808810211718" lon="15.213347040116787">
        <ele>271.79998779296875</ele>
      </trkpt>
      <trkpt lat="46.27812221646309" lon="15.213273698464036">
        <ele>271.79998779296875</ele>
      </trkpt>
      <trkpt lat="46.27815239131451" lon="15.213195160031319">
        <ele>272</ele>
      </trkpt>
      <trkpt lat="46.27818139269948" lon="15.213116202503443">
        <ele>272</ele>
      </trkpt>
      <trkpt lat="46.27821232192218" lon="15.213041603565216">
        <ele>272.20001220703125</ele>
      </trkpt>
      <trkpt lat="46.278245598077774" lon="15.212968764826655">
        <ele>272.20001220703125</ele>
      </trkpt>
      <trkpt lat="46.27827811986208" lon="15.21289424970746">
        <ele>272.20001220703125</ele>
      </trkpt>
      <trkpt lat="46.27831080928445" lon="15.212817722931504">
        <ele>272.3999938964844</ele>
      </trkpt>
      <trkpt lat="46.278342325240374" lon="15.212743040174246">
        <ele>272.3999938964844</ele>
      </trkpt>
      <trkpt lat="46.27837141044438" lon="15.212661232799292">
        <ele>272.6000061035156</ele>
      </trkpt>
      <trkpt lat="46.27840083092451" lon="15.212580431252718">
        <ele>272.6000061035156</ele>
      </trkpt>
      <trkpt lat="46.2784325145185" lon="15.21250138990581">
        <ele>272.6000061035156</ele>
      </trkpt>
      <trkpt lat="46.278464617207646" lon="15.212422264739871">
        <ele>272.6000061035156</ele>
      </trkpt>
      <trkpt lat="46.27849931828678" lon="15.21234406158328">
        <ele>272.79998779296875</ele>
      </trkpt>
      <trkpt lat="46.278532929718494" lon="15.21226585842669">
        <ele>272.79998779296875</ele>
      </trkpt>
      <trkpt lat="46.278568133711815" lon="15.212186900898814">
        <ele>272.79998779296875</ele>
      </trkpt>
      <trkpt lat="46.27860224805772" lon="15.21210903301835">
        <ele>273</ele>
      </trkpt>
      <trkpt lat="46.27863577567041" lon="15.212029907852411">
        <ele>273</ele>
      </trkpt>
      <trkpt lat="46.27866947092116" lon="15.211952207610011">
        <ele>273.20001220703125</ele>
      </trkpt>
      <trkpt lat="46.278704423457384" lon="15.21187542937696">
        <ele>273.20001220703125</ele>
      </trkpt>
      <trkpt lat="46.27873795107007" lon="15.211798064410686">
        <ele>273.3999938964844</ele>
      </trkpt>
      <trkpt lat="46.278772400692105" lon="15.211724387481809">
        <ele>273.3999938964844</ele>
      </trkpt>
      <trkpt lat="46.27880768850446" lon="15.211652303114533">
        <ele>273.3999938964844</ele>
      </trkpt>
      <trkpt lat="46.27884155139327" lon="15.211582481861115">
        <ele>273.6000061035156</ele>
      </trkpt>
      <trkpt lat="46.27887181006372" lon="15.211524227634072">
        <ele>273.6000061035156</ele>
      </trkpt>
      <trkpt lat="46.27891103737056" lon="15.2114571724087">
        <ele>273.79998779296875</ele>
      </trkpt>
      <trkpt lat="46.27895286306739" lon="15.21139221265912">
        <ele>273.79998779296875</ele>
      </trkpt>
      <trkpt lat="46.27899527549744" lon="15.211324570700526">
        <ele>274</ele>
      </trkpt>
      <trkpt lat="46.27903810702264" lon="15.211257264018059">
        <ele>274</ele>
      </trkpt>
      <trkpt lat="46.279082112014294" lon="15.211191046983004">
        <ele>274</ele>
      </trkpt>
      <trkpt lat="46.27912695519626" lon="15.211125835776329">
        <ele>274.20001220703125</ele>
      </trkpt>
      <trkpt lat="46.27917339093983" lon="15.211063390597701">
        <ele>274.20001220703125</ele>
      </trkpt>
      <trkpt lat="46.279219994321465" lon="15.211000693961978">
        <ele>274.20001220703125</ele>
      </trkpt>
      <trkpt lat="46.279267854988575" lon="15.210938667878509">
        <ele>274.20001220703125</ele>
      </trkpt>
      <trkpt lat="46.27931613475084" lon="15.210878569632769">
        <ele>274.20001220703125</ele>
      </trkpt>
      <trkpt lat="46.27936474978924" lon="15.210817130282521">
        <ele>274.20001220703125</ele>
      </trkpt>
      <trkpt lat="46.27941319718957" lon="15.2107560262084">
        <ele>274.3999938964844</ele>
      </trkpt>
      <trkpt lat="46.27946197986603" lon="15.210695844143629">
        <ele>274.3999938964844</ele>
      </trkpt>
      <trkpt lat="46.279522497206926" lon="15.210628621280193">
        <ele>274.6000061035156</ele>
      </trkpt>
      <trkpt lat="46.27957387827337" lon="15.210573049262166">
        <ele>274.79998779296875</ele>
      </trkpt>
      <trkpt lat="46.27962484024465" lon="15.210520578548312">
        <ele>274.79998779296875</ele>
      </trkpt>
      <trkpt lat="46.279677394777536" lon="15.210469868034124">
        <ele>275</ele>
      </trkpt>
      <trkpt lat="46.27972827292979" lon="15.210419073700905">
        <ele>275</ele>
      </trkpt>
      <trkpt lat="46.27978082746267" lon="15.210369788110256">
        <ele>275</ele>
      </trkpt>
      <trkpt lat="46.279832292348146" lon="15.210318574681878">
        <ele>275</ele>
      </trkpt>
      <trkpt lat="46.27988585270941" lon="15.210271803662181">
        <ele>275</ele>
      </trkpt>
      <trkpt lat="46.27994058653712" lon="15.210227044299245">
        <ele>275</ele>
      </trkpt>
      <trkpt lat="46.27999272197485" lon="15.210180524736643">
        <ele>275</ele>
      </trkpt>
      <trkpt lat="46.280046282336116" lon="15.210131155326962">
        <ele>275</ele>
      </trkpt>
      <trkpt lat="46.28009766340256" lon="15.210080947726965">
        <ele>275.20001220703125</ele>
      </trkpt>
      <trkpt lat="46.280149882659316" lon="15.210034595802426">
        <ele>275.20001220703125</ele>
      </trkpt>
      <trkpt lat="46.280204532667994" lon="15.209991429001093">
        <ele>275.20001220703125</ele>
      </trkpt>
      <trkpt lat="46.2802579253912" lon="15.209947004914284">
        <ele>275.3999938964844</ele>
      </trkpt>
      <trkpt lat="46.28031073138118" lon="15.209902413189411">
        <ele>275.3999938964844</ele>
      </trkpt>
      <trkpt lat="46.28036253154278" lon="15.209857486188412">
        <ele>275.3999938964844</ele>
      </trkpt>
      <trkpt lat="46.28041299059987" lon="15.209816498681903">
        <ele>275.6000061035156</ele>
      </trkpt>
      <trkpt lat="46.280465461313725" lon="15.209776181727648">
        <ele>275.6000061035156</ele>
      </trkpt>
      <trkpt lat="46.2805169261992" lon="15.209737122058868">
        <ele>275.6000061035156</ele>
      </trkpt>
      <trkpt lat="46.28056939691305" lon="15.209700493142009">
        <ele>275.79998779296875</ele>
      </trkpt>
      <trkpt lat="46.28062354400754" lon="15.20967124029994">
        <ele>275.79998779296875</ele>
      </trkpt>
      <trkpt lat="46.28067844547331" lon="15.20964676514268">
        <ele>275.79998779296875</ele>
      </trkpt>
      <trkpt lat="46.280731838196516" lon="15.209628492593765">
        <ele>276</ele>
      </trkpt>
      <trkpt lat="46.28078632056713" lon="15.209612483158708">
        <ele>276</ele>
      </trkpt>
      <trkpt lat="46.280839713290334" lon="15.209596054628491">
        <ele>276</ele>
      </trkpt>
      <trkpt lat="46.28089042380452" lon="15.209578536450863">
        <ele>276.20001220703125</ele>
      </trkpt>
      <trkpt lat="46.2809400446713" lon="15.20956126973033">
        <ele>276.20001220703125</ele>
      </trkpt>
      <trkpt lat="46.28099050372839" lon="15.20954417064786">
        <ele>276.3999938964844</ele>
      </trkpt>
      <trkpt lat="46.28104037605226" lon="15.209526233375072">
        <ele>276.3999938964844</ele>
      </trkpt>
      <trkpt lat="46.28109108656645" lon="15.20950946956873">
        <ele>276.6000061035156</ele>
      </trkpt>
      <trkpt lat="46.28113894723356" lon="15.209490023553371">
        <ele>276.6000061035156</ele>
      </trkpt>
      <trkpt lat="46.28118881955743" lon="15.209469236433506">
        <ele>276.79998779296875</ele>
      </trkpt>
      <trkpt lat="46.281237015500665" lon="15.209447611123323">
        <ele>276.79998779296875</ele>
      </trkpt>
      <trkpt lat="46.28128454089165" lon="15.209419364109635">
        <ele>276.79998779296875</ele>
      </trkpt>
      <trkpt lat="46.281331814825535" lon="15.20938541740179">
        <ele>277</ele>
      </trkpt>
      <trkpt lat="46.28138177096844" lon="15.209351554512978">
        <ele>277</ele>
      </trkpt>
      <trkpt lat="46.281433906406164" lon="15.209321463480592">
        <ele>277</ele>
      </trkpt>
      <trkpt lat="46.28148486837745" lon="15.209291875362396">
        <ele>277.20001220703125</ele>
      </trkpt>
      <trkpt lat="46.28153474070132" lon="15.209263376891613">
        <ele>277.20001220703125</ele>
      </trkpt>
      <trkpt lat="46.281585451215506" lon="15.209234040230513">
        <ele>277.20001220703125</ele>
      </trkpt>
      <trkpt lat="46.28163607791066" lon="15.209204535931349">
        <ele>277.20001220703125</ele>
      </trkpt>
      <trkpt lat="46.28168729133904" lon="15.209176624193788">
        <ele>277.3999938964844</ele>
      </trkpt>
      <trkpt lat="46.28173657692969" lon="15.209146114066243">
        <ele>277.3999938964844</ele>
      </trkpt>
      <trkpt lat="46.28178661689162" lon="15.20911660976708">
        <ele>277.3999938964844</ele>
      </trkpt>
      <trkpt lat="46.281837495043874" lon="15.209087105467916">
        <ele>277.3999938964844</ele>
      </trkpt>
      <trkpt lat="46.28188904374838" lon="15.209056679159403">
        <ele>277.3999938964844</ele>
      </trkpt>
      <trkpt lat="46.28193908371031" lon="15.209025330841541">
        <ele>277.3999938964844</ele>
      </trkpt>
      <trkpt lat="46.281990464776754" lon="15.20899691618979">
        <ele>277.3999938964844</ele>
      </trkpt>
      <trkpt lat="46.28204293549061" lon="15.208969423547387">
        <ele>277.3999938964844</ele>
      </trkpt>
      <trkpt lat="46.282096579670906" lon="15.20893975161016">
        <ele>277.3999938964844</ele>
      </trkpt>
      <trkpt lat="46.282149720937014" lon="15.208907565101981">
        <ele>277.3999938964844</ele>
      </trkpt>
      <trkpt lat="46.282204454764724" lon="15.208872277289629">
        <ele>277.3999938964844</ele>
      </trkpt>
      <trkpt lat="46.282260278239846" lon="15.208841683343053">
        <ele>277.3999938964844</ele>
      </trkpt>
      <trkpt lat="46.28231727518141" lon="15.208811508491635">
        <ele>277.20001220703125</ele>
      </trkpt>
      <trkpt lat="46.28237368538976" lon="15.208778232336044">
        <ele>277.20001220703125</ele>
      </trkpt>
      <trkpt lat="46.282429760321975" lon="15.208744872361422">
        <ele>277.20001220703125</ele>
      </trkpt>
      <trkpt lat="46.282484494149685" lon="15.208707991987467">
        <ele>277.20001220703125</ele>
      </trkpt>
      <trkpt lat="46.28254031762481" lon="15.208671195432544">
        <ele>277.3999938964844</ele>
      </trkpt>
      <trkpt lat="46.28258574754" lon="15.208641020581126">
        <ele>277.3999938964844</ele>
      </trkpt>
      <trkpt lat="46.282643247395754" lon="15.208604391664267">
        <ele>277.3999938964844</ele>
      </trkpt>
      <trkpt lat="46.282712230458856" lon="15.208561141043901">
        <ele>277.3999938964844</ele>
      </trkpt>
      <trkpt lat="46.282757157459855" lon="15.208533648401499">
        <ele>277.3999938964844</ele>
      </trkpt>
      <trkpt lat="46.28281314857304" lon="15.208496348932385">
        <ele>277.3999938964844</ele>
      </trkpt>
      <trkpt lat="46.282866625115275" lon="15.208456786349416">
        <ele>277.3999938964844</ele>
      </trkpt>
      <trkpt lat="46.282913982868195" lon="15.20841596648097">
        <ele>277.6000061035156</ele>
      </trkpt>
      <trkpt lat="46.28295924514532" lon="15.208371123299003">
        <ele>277.79998779296875</ele>
      </trkpt>
      <trkpt lat="46.28300283104181" lon="15.208326280117035">
        <ele>278.20001220703125</ele>
      </trkpt>
      <trkpt lat="46.283045997843146" lon="15.208283113315701">
        <ele>278.3999938964844</ele>
      </trkpt>
      <trkpt lat="46.28308530896902" lon="15.2082400303334">
        <ele>278.79998779296875</ele>
      </trkpt>
      <trkpt lat="46.283122692257166" lon="15.208192924037576">
        <ele>279</ele>
      </trkpt>
      <trkpt lat="46.283157309517264" lon="15.208148080855608">
        <ele>279.20001220703125</ele>
      </trkpt>
      <trkpt lat="46.283191088587046" lon="15.20810424350202">
        <ele>279.6000061035156</ele>
      </trkpt>
      <trkpt lat="46.2832295615226" lon="15.20804950967431">
        <ele>279.79998779296875</ele>
      </trkpt>
      <trkpt lat="46.283254036679864" lon="15.208012713119388">
        <ele>280</ele>
      </trkpt>
      <trkpt lat="46.28329133614898" lon="15.20795764401555">
        <ele>280.20001220703125</ele>
      </trkpt>
      <trkpt lat="46.28332042135298" lon="15.207911627367139">
        <ele>280.3999938964844</ele>
      </trkpt>
      <trkpt lat="46.28334732726216" lon="15.207866029813886">
        <ele>280.6000061035156</ele>
      </trkpt>
      <trkpt lat="46.28337339498103" lon="15.20781984552741">
        <ele>280.79998779296875</ele>
      </trkpt>
      <trkpt lat="46.283400217071176" lon="15.207772990688682">
        <ele>281</ele>
      </trkpt>
      <trkpt lat="46.28342695534229" lon="15.20772797986865">
        <ele>281.20001220703125</ele>
      </trkpt>
      <trkpt lat="46.28345184959471" lon="15.20768254995346">
        <ele>281.20001220703125</ele>
      </trkpt>
      <trkpt lat="46.283473474904895" lon="15.207645585760474">
        <ele>281.3999938964844</ele>
      </trkpt>
      <trkpt lat="46.28350314684212" lon="15.207590097561479">
        <ele>281.3999938964844</ele>
      </trkpt>
      <trkpt lat="46.283532064408064" lon="15.207542069256306">
        <ele>281.3999938964844</ele>
      </trkpt>
      <trkpt lat="46.28355955705047" lon="15.207492029294372">
        <ele>281.6000061035156</ele>
      </trkpt>
      <trkpt lat="46.28359115682542" lon="15.207439726218581">
        <ele>281.6000061035156</ele>
      </trkpt>
      <trkpt lat="46.28362082876265" lon="15.207386752590537">
        <ele>281.6000061035156</ele>
      </trkpt>
      <trkpt lat="46.283644046634436" lon="15.207342244684696">
        <ele>281.79998779296875</ele>
      </trkpt>
      <trkpt lat="46.28367296420038" lon="15.207283571362495">
        <ele>281.79998779296875</ele>
      </trkpt>
      <trkpt lat="46.28370825201273" lon="15.207214755937457">
        <ele>281.79998779296875</ele>
      </trkpt>
      <trkpt lat="46.28374110907316" lon="15.20715524442494">
        <ele>281.79998779296875</ele>
      </trkpt>
      <trkpt lat="46.28377321176231" lon="15.207091961055994">
        <ele>281.6000061035156</ele>
      </trkpt>
      <trkpt lat="46.28380363807082" lon="15.20702633075416">
        <ele>281.6000061035156</ele>
      </trkpt>
      <trkpt lat="46.283833645284176" lon="15.206959694623947">
        <ele>281.3999938964844</ele>
      </trkpt>
      <trkpt lat="46.283864323049784" lon="15.206890292465687">
        <ele>281.3999938964844</ele>
      </trkpt>
      <trkpt lat="46.283894246444106" lon="15.206821225583553">
        <ele>281.3999938964844</ele>
      </trkpt>
      <trkpt lat="46.28392391838133" lon="15.206750649958849">
        <ele>281.3999938964844</ele>
      </trkpt>
      <trkpt lat="46.28395359031856" lon="15.206677727401257">
        <ele>281.20001220703125</ele>
      </trkpt>
      <trkpt lat="46.2839827593416" lon="15.206603463739157">
        <ele>281.20001220703125</ele>
      </trkpt>
      <trkpt lat="46.284011509269476" lon="15.206530541181564">
        <ele>281.20001220703125</ele>
      </trkpt>
      <trkpt lat="46.2840411812067" lon="15.206455187872052">
        <ele>281.20001220703125</ele>
      </trkpt>
      <trkpt lat="46.28406926058233" lon="15.206380672752857">
        <ele>281.20001220703125</ele>
      </trkpt>
      <trkpt lat="46.28409834578633" lon="15.206305151805282">
        <ele>281.3999938964844</ele>
      </trkpt>
      <trkpt lat="46.284128688275814" lon="15.206229966133833">
        <ele>281.3999938964844</ele>
      </trkpt>
      <trkpt lat="46.28415249288082" lon="15.206170370802283">
        <ele>281.3999938964844</ele>
      </trkpt>
      <trkpt lat="46.284189373254776" lon="15.20608277991414">
        <ele>281.3999938964844</ele>
      </trkpt>
      <trkpt lat="46.284216698259115" lon="15.206024860963225">
        <ele>281.3999938964844</ele>
      </trkpt>
      <trkpt lat="46.284255255013704" lon="15.205939868465066">
        <ele>281.3999938964844</ele>
      </trkpt>
      <trkpt lat="46.284279227256775" lon="15.20588438026607">
        <ele>281.3999938964844</ele>
      </trkpt>
      <trkpt lat="46.284308061003685" lon="15.205809446051717">
        <ele>281.3999938964844</ele>
      </trkpt>
      <trkpt lat="46.284343767911196" lon="15.205721016973257">
        <ele>281.6000061035156</ele>
      </trkpt>
      <trkpt lat="46.28437369130552" lon="15.205652620643377">
        <ele>281.6000061035156</ele>
      </trkpt>
      <trkpt lat="46.28440269269049" lon="15.205583553761244">
        <ele>281.79998779296875</ele>
      </trkpt>
      <trkpt lat="46.28443060442805" lon="15.205512894317508">
        <ele>281.79998779296875</ele>
      </trkpt>
      <trkpt lat="46.28446027636528" lon="15.205441480502486">
        <ele>282</ele>
      </trkpt>
      <trkpt lat="46.28449296578765" lon="15.205370569601655">
        <ele>282</ele>
      </trkpt>
      <trkpt lat="46.2845195364207" lon="15.205313991755247">
        <ele>282</ele>
      </trkpt>
      <trkpt lat="46.28456152975559" lon="15.205229334533215">
        <ele>282</ele>
      </trkpt>
      <trkpt lat="46.284596817567945" lon="15.205157585442066">
        <ele>282.20001220703125</ele>
      </trkpt>
      <trkpt lat="46.28462992608547" lon="15.205081896856427">
        <ele>282.20001220703125</ele>
      </trkpt>
      <trkpt lat="46.28466404043138" lon="15.205009058117867">
        <ele>282.20001220703125</ele>
      </trkpt>
      <trkpt lat="46.28470125608146" lon="15.20493839867413">
        <ele>282.20001220703125</ele>
      </trkpt>
      <trkpt lat="46.28474132157862" lon="15.204873522743583">
        <ele>282.3999938964844</ele>
      </trkpt>
      <trkpt lat="46.284783985465765" lon="15.204811748117208">
        <ele>282.3999938964844</ele>
      </trkpt>
      <trkpt lat="46.28482815809548" lon="15.20475123077631">
        <ele>282.3999938964844</ele>
      </trkpt>
      <trkpt lat="46.28487325273454" lon="15.204698089510202">
        <ele>282.6000061035156</ele>
      </trkpt>
      <trkpt lat="46.28492195159197" lon="15.204650312662125">
        <ele>282.6000061035156</ele>
      </trkpt>
      <trkpt lat="46.2849719915539" lon="15.204605888575315">
        <ele>282.79998779296875</ele>
      </trkpt>
      <trkpt lat="46.28502412699163" lon="15.204564733430743">
        <ele>282.79998779296875</ele>
      </trkpt>
      <trkpt lat="46.28507626242936" lon="15.204525338485837">
        <ele>283</ele>
      </trkpt>
      <trkpt lat="46.28511808812618" lon="15.20449717529118">
        <ele>283</ele>
      </trkpt>
      <trkpt lat="46.28518296405673" lon="15.20445367321372">
        <ele>283</ele>
      </trkpt>
      <trkpt lat="46.28523635677993" lon="15.204418888315558">
        <ele>283</ele>
      </trkpt>
      <trkpt lat="46.28528983332217" lon="15.204385947436094">
        <ele>283</ele>
      </trkpt>
      <trkpt lat="46.28534289076924" lon="15.204351833090186">
        <ele>283</ele>
      </trkpt>
      <trkpt lat="46.285394271835685" lon="15.204315120354295">
        <ele>282.79998779296875</ele>
      </trkpt>
      <trkpt lat="46.2854469101876" lon="15.204281425103545">
        <ele>283</ele>
      </trkpt>
      <trkpt lat="46.28550021909177" lon="15.204245718196034">
        <ele>283</ele>
      </trkpt>
      <trkpt lat="46.285551181063056" lon="15.204207748174667">
        <ele>283</ele>
      </trkpt>
      <trkpt lat="46.285602478310466" lon="15.204171873629093">
        <ele>283</ele>
      </trkpt>
      <trkpt lat="46.28565645776689" lon="15.204137675464153">
        <ele>283</ele>
      </trkpt>
      <trkpt lat="46.28571068868041" lon="15.204102052375674">
        <ele>283</ele>
      </trkpt>
      <trkpt lat="46.28576433286071" lon="15.204067099839449">
        <ele>283</ele>
      </trkpt>
      <trkpt lat="46.28581730648875" lon="15.204029716551304">
        <ele>283</ele>
      </trkpt>
      <trkpt lat="46.28587086685002" lon="15.203991997987032">
        <ele>283</ele>
      </trkpt>
      <trkpt lat="46.28592484630644" lon="15.203955871984363">
        <ele>283.20001220703125</ele>
      </trkpt>
      <trkpt lat="46.28596759401262" lon="15.203926702961326">
        <ele>283.20001220703125</ele>
      </trkpt>
      <trkpt lat="46.28603205084801" lon="15.203886134549975">
        <ele>283.3999938964844</ele>
      </trkpt>
      <trkpt lat="46.28608603030443" lon="15.203852104023099">
        <ele>283.3999938964844</ele>
      </trkpt>
      <trkpt lat="46.28614068031311" lon="15.203816397115588">
        <ele>283.6000061035156</ele>
      </trkpt>
      <trkpt lat="46.28619533032179" lon="15.203776583075523">
        <ele>283.6000061035156</ele>
      </trkpt>
      <trkpt lat="46.28624813631177" lon="15.203736769035459">
        <ele>283.6000061035156</ele>
      </trkpt>
      <trkpt lat="46.28629934974015" lon="15.20369628444314">
        <ele>283.79998779296875</ele>
      </trkpt>
      <trkpt lat="46.28634670749307" lon="15.20365471020341">
        <ele>284</ele>
      </trkpt>
      <trkpt lat="46.2863949034363" lon="15.203615985810757">
        <ele>284.20001220703125</ele>
      </trkpt>
      <trkpt lat="46.286442345008254" lon="15.203580278903246">
        <ele>284.20001220703125</ele>
      </trkpt>
      <trkpt lat="46.28648802638054" lon="15.20354968495667">
        <ele>284.3999938964844</ele>
      </trkpt>
      <trkpt lat="46.28653102554381" lon="15.203519593924284">
        <ele>284.6000061035156</ele>
      </trkpt>
      <trkpt lat="46.28657159395516" lon="15.203484641388059">
        <ele>284.79998779296875</ele>
      </trkpt>
      <trkpt lat="46.2866110727191" lon="15.20345052704215">
        <ele>284.79998779296875</ele>
      </trkpt>
      <trkpt lat="46.28664778545499" lon="15.20341725088656">
        <ele>284.79998779296875</ele>
      </trkpt>
      <trkpt lat="46.28668173216283" lon="15.203383220359683">
        <ele>285</ele>
      </trkpt>
      <trkpt lat="46.28671249374747" lon="15.203352961689234">
        <ele>285</ele>
      </trkpt>
      <trkpt lat="46.28673730418086" lon="15.203320356085896">
        <ele>285.20001220703125</ele>
      </trkpt>
      <trkpt lat="46.2867543194443" lon="15.203283308073878">
        <ele>285.20001220703125</ele>
      </trkpt>
      <trkpt lat="46.28676161170006" lon="15.20324382930994">
        <ele>285.3999938964844</ele>
      </trkpt>
      <trkpt lat="46.28676177933812" lon="15.203196723014116">
        <ele>285.3999938964844</ele>
      </trkpt>
      <trkpt lat="46.28675398416817" lon="15.203144084662199">
        <ele>285.6000061035156</ele>
      </trkpt>
      <trkpt lat="46.28674082458019" lon="15.203099073842168">
        <ele>285.6000061035156</ele>
      </trkpt>
      <trkpt lat="46.2867215462029" lon="15.20304400473833">
        <ele>285.6000061035156</ele>
      </trkpt>
      <trkpt lat="46.28669514320791" lon="15.20297845825553">
        <ele>285.3999938964844</ele>
      </trkpt>
      <trkpt lat="46.286672512069345" lon="15.202921712771058">
        <ele>285.6000061035156</ele>
      </trkpt>
      <trkpt lat="46.28664937801659" lon="15.202865805476904">
        <ele>285.6000061035156</ele>
      </trkpt>
      <trkpt lat="46.28663077019155" lon="15.202823728322983">
        <ele>285.6000061035156</ele>
      </trkpt>
      <trkpt lat="46.28660202026367" lon="15.202760361135006">
        <ele>285.6000061035156</ele>
      </trkpt>
      <trkpt lat="46.28658475354314" lon="15.20271954126656">
        <ele>285.79998779296875</ele>
      </trkpt>
      <trkpt lat="46.28656530752778" lon="15.202669417485595">
        <ele>286</ele>
      </trkpt>
      <trkpt lat="46.286547956988215" lon="15.20261594094336">
        <ele>286.20001220703125</ele>
      </trkpt>
      <trkpt lat="46.28653027117252" lon="15.202565733343363">
        <ele>286.3999938964844</ele>
      </trkpt>
      <trkpt lat="46.28650973550975" lon="15.202516363933682">
        <ele>286.6000061035156</ele>
      </trkpt>
      <trkpt lat="46.286490792408586" lon="15.202471101656556">
        <ele>286.79998779296875</ele>
      </trkpt>
      <trkpt lat="46.28647394478321" lon="15.202429862692952">
        <ele>287</ele>
      </trkpt>
      <trkpt lat="46.28645776771009" lon="15.202388875186443">
        <ele>287.20001220703125</ele>
      </trkpt>
      <trkpt lat="46.28643907606602" lon="15.202345876023173">
        <ele>287.6000061035156</ele>
      </trkpt>
      <trkpt lat="46.286428179591894" lon="15.202318886294961">
        <ele>287.79998779296875</ele>
      </trkpt>
      <trkpt lat="46.28641476854682" lon="15.202282592654228">
        <ele>288.20001220703125</ele>
      </trkpt>
      <trkpt lat="46.28639909438789" lon="15.20223431289196">
        <ele>288.3999938964844</ele>
      </trkpt>
      <trkpt lat="46.28638551570475" lon="15.20219374448061">
        <ele>288.6000061035156</ele>
      </trkpt>
      <trkpt lat="46.286368165165186" lon="15.202153846621513">
        <ele>289</ele>
      </trkpt>
      <trkpt lat="46.28635232336819" lon="15.202117636799812">
        <ele>289.20001220703125</ele>
      </trkpt>
      <trkpt lat="46.28633790649474" lon="15.202078828588128">
        <ele>289.3999938964844</ele>
      </trkpt>
      <trkpt lat="46.28632424399257" lon="15.202038260176778">
        <ele>289.6000061035156</ele>
      </trkpt>
      <trkpt lat="46.286311000585556" lon="15.202000457793474">
        <ele>289.79998779296875</ele>
      </trkpt>
      <trkpt lat="46.286297757178545" lon="15.201968187466264">
        <ele>290.20001220703125</ele>
      </trkpt>
      <trkpt lat="46.28628300502896" lon="15.201930636540055">
        <ele>290.3999938964844</ele>
      </trkpt>
      <trkpt lat="46.28626347519457" lon="15.201883614063263">
        <ele>290.6000061035156</ele>
      </trkpt>
      <trkpt lat="46.2862516567111" lon="15.20184581167996">
        <ele>290.79998779296875</ele>
      </trkpt>
      <trkpt lat="46.28624034114182" lon="15.201806919649243">
        <ele>291</ele>
      </trkpt>
      <trkpt lat="46.286226427182555" lon="15.201764674857259">
        <ele>291.20001220703125</ele>
      </trkpt>
      <trkpt lat="46.28621846437454" lon="15.201724944636226">
        <ele>291.3999938964844</ele>
      </trkpt>
      <trkpt lat="46.286210250109434" lon="15.201686387881637">
        <ele>291.79998779296875</ele>
      </trkpt>
      <trkpt lat="46.28620161674917" lon="15.201648166403174">
        <ele>292</ele>
      </trkpt>
      <trkpt lat="46.28619097173214" lon="15.20160835236311">
        <ele>292.20001220703125</ele>
      </trkpt>
      <trkpt lat="46.28618133254349" lon="15.201573399826884">
        <ele>292.6000061035156</ele>
      </trkpt>
      <trkpt lat="46.286173202097416" lon="15.201532579958439">
        <ele>292.79998779296875</ele>
      </trkpt>
      <trkpt lat="46.2861652392894" lon="15.201484384015203">
        <ele>293</ele>
      </trkpt>
      <trkpt lat="46.2861583661288" lon="15.201440211385489">
        <ele>293.3999938964844</ele>
      </trkpt>
      <trkpt lat="46.28615526482463" lon="15.201403079554439">
        <ele>293.6000061035156</ele>
      </trkpt>
      <trkpt lat="46.28614797256887" lon="15.201350608840585">
        <ele>293.79998779296875</ele>
      </trkpt>
      <trkpt lat="46.286145374178886" lon="15.201306771486998">
        <ele>294.20001220703125</ele>
      </trkpt>
      <trkpt lat="46.28613908775151" lon="15.201262263581157">
        <ele>294.3999938964844</ele>
      </trkpt>
      <trkpt lat="46.28613330423832" lon="15.201218677684665">
        <ele>294.6000061035156</ele>
      </trkpt>
      <trkpt lat="46.28612550906837" lon="15.201175678521395">
        <ele>294.79998779296875</ele>
      </trkpt>
      <trkpt lat="46.28611737862229" lon="15.201141815632582">
        <ele>295.20001220703125</ele>
      </trkpt>
      <trkpt lat="46.2861068174243" lon="15.201091775670648">
        <ele>295.3999938964844</ele>
      </trkpt>
      <trkpt lat="46.28609759733081" lon="15.201051542535424">
        <ele>295.6000061035156</ele>
      </trkpt>
      <trkpt lat="46.28609089180827" lon="15.201010638847947">
        <ele>296</ele>
      </trkpt>
      <trkpt lat="46.2860843539238" lon="15.20096872933209">
        <ele>296.20001220703125</ele>
      </trkpt>
      <trkpt lat="46.286076894029975" lon="15.200928328558803">
        <ele>296.3999938964844</ele>
      </trkpt>
      <trkpt lat="46.28607094287872" lon="15.200888849794865">
        <ele>296.79998779296875</ele>
      </trkpt>
      <trkpt lat="46.286066668108106" lon="15.200850209221244">
        <ele>297</ele>
      </trkpt>
      <trkpt lat="46.286061303690076" lon="15.200813161209226">
        <ele>297.20001220703125</ele>
      </trkpt>
      <trkpt lat="46.28605711273849" lon="15.200773514807224">
        <ele>297.6000061035156</ele>
      </trkpt>
      <trkpt lat="46.28605174832046" lon="15.200732527300715">
        <ele>297.79998779296875</ele>
      </trkpt>
      <trkpt lat="46.28604252822697" lon="15.200693299993873">
        <ele>298.20001220703125</ele>
      </trkpt>
      <trkpt lat="46.2860357388854" lon="15.200653821229935">
        <ele>298.3999938964844</ele>
      </trkpt>
      <trkpt lat="46.28603020682931" lon="15.200615599751472">
        <ele>298.6000061035156</ele>
      </trkpt>
      <trkpt lat="46.28602392040193" lon="15.200576707720757">
        <ele>298.79998779296875</ele>
      </trkpt>
      <trkpt lat="46.28601838834584" lon="15.200540078803897">
        <ele>299.20001220703125</ele>
      </trkpt>
      <trkpt lat="46.28601310774684" lon="15.200506802648306">
        <ele>299.3999938964844</ele>
      </trkpt>
      <trkpt lat="46.28600338473916" lon="15.200468832626939">
        <ele>299.6000061035156</ele>
      </trkpt>
      <trkpt lat="46.28599600866437" lon="15.20042885094881">
        <ele>299.79998779296875</ele>
      </trkpt>
      <trkpt lat="46.285984609276056" lon="15.200393227860332">
        <ele>300</ele>
      </trkpt>
      <trkpt lat="46.28597899340093" lon="15.200359784066677">
        <ele>300.20001220703125</ele>
      </trkpt>
      <trkpt lat="46.28597438335419" lon="15.200322400778532">
        <ele>300.3999938964844</ele>
      </trkpt>
      <trkpt lat="46.28596910275519" lon="15.200287532061338">
        <ele>300.6000061035156</ele>
      </trkpt>
      <trkpt lat="46.285961056128144" lon="15.200250819325447">
        <ele>300.79998779296875</ele>
      </trkpt>
      <trkpt lat="46.285955272614956" lon="15.200222739949822">
        <ele>301</ele>
      </trkpt>
      <trkpt lat="46.285950327292085" lon="15.200176807120442">
        <ele>301.20001220703125</ele>
      </trkpt>
      <trkpt lat="46.285946974530816" lon="15.20013908855617">
        <ele>301.3999938964844</ele>
      </trkpt>
      <trkpt lat="46.285943035036325" lon="15.200102208182216">
        <ele>301.6000061035156</ele>
      </trkpt>
      <trkpt lat="46.285937083885074" lon="15.200065914541483">
        <ele>301.6000061035156</ele>
      </trkpt>
      <trkpt lat="46.28593197092414" lon="15.200029788538814">
        <ele>301.79998779296875</ele>
      </trkpt>
      <trkpt lat="46.28593012690544" lon="15.199990728870034">
        <ele>302.20001220703125</ele>
      </trkpt>
      <trkpt lat="46.285926438868046" lon="15.199951501563191">
        <ele>302.3999938964844</ele>
      </trkpt>
      <trkpt lat="46.285925433039665" lon="15.199921242892742">
        <ele>302.6000061035156</ele>
      </trkpt>
      <trkpt lat="46.28592132590711" lon="15.199877070263028">
        <ele>302.79998779296875</ele>
      </trkpt>
      <trkpt lat="46.28591621294618" lon="15.19984245300293">
        <ele>302.79998779296875</ele>
      </trkpt>
      <trkpt lat="46.285912692546844" lon="15.199806913733482">
        <ele>303.20001220703125</ele>
      </trkpt>
      <trkpt lat="46.28590657375753" lon="15.199771709740162">
        <ele>303.20001220703125</ele>
      </trkpt>
      <trkpt lat="46.28590028733015" lon="15.199735667556524">
        <ele>303.3999938964844</ele>
      </trkpt>
      <trkpt lat="46.285894168540835" lon="15.199702475219965">
        <ele>303.6000061035156</ele>
      </trkpt>
      <trkpt lat="46.285889307036996" lon="15.199671629816294">
        <ele>303.79998779296875</ele>
      </trkpt>
      <trkpt lat="46.285889307036996" lon="15.199643550440669">
        <ele>304.20001220703125</ele>
      </trkpt>
      <trkpt lat="46.28588846884668" lon="15.199616393074393">
        <ele>304.3999938964844</ele>
      </trkpt>
      <trkpt lat="46.2858890555799" lon="15.199581440538168">
        <ele>304.3999938964844</ele>
      </trkpt>
      <trkpt lat="46.28588670864701" lon="15.199546990916133">
        <ele>304.6000061035156</ele>
      </trkpt>
      <trkpt lat="46.28588209860027" lon="15.199512206017971">
        <ele>304.79998779296875</ele>
      </trkpt>
      <trkpt lat="46.28587623126805" lon="15.19947750493884">
        <ele>305</ele>
      </trkpt>
      <trkpt lat="46.28587044775486" lon="15.199450263753533">
        <ele>305.20001220703125</ele>
      </trkpt>
      <trkpt lat="46.28586550243199" lon="15.199414640665054">
        <ele>305.20001220703125</ele>
      </trkpt>
      <trkpt lat="46.28586365841329" lon="15.199387734755874">
        <ele>305.3999938964844</ele>
      </trkpt>
      <trkpt lat="46.28586231730878" lon="15.199355380609632">
        <ele>305.6000061035156</ele>
      </trkpt>
      <trkpt lat="46.28585837781429" lon="15.199320847168565">
        <ele>305.6000061035156</ele>
      </trkpt>
      <trkpt lat="46.28585586324334" lon="15.199288241565228">
        <ele>305.79998779296875</ele>
      </trkpt>
      <trkpt lat="46.28585536032915" lon="15.199259240180254">
        <ele>306</ele>
      </trkpt>
      <trkpt lat="46.285851588472724" lon="15.199229568243027">
        <ele>306.20001220703125</ele>
      </trkpt>
      <trkpt lat="46.285854522138834" lon="15.199200147762895">
        <ele>306.3999938964844</ele>
      </trkpt>
      <trkpt lat="46.28585779108107" lon="15.199169889092445">
        <ele>306.6000061035156</ele>
      </trkpt>
      <trkpt lat="46.2858597189188" lon="15.199139965698123">
        <ele>306.79998779296875</ele>
      </trkpt>
      <trkpt lat="46.28586231730878" lon="15.199108701199293">
        <ele>307</ele>
      </trkpt>
      <trkpt lat="46.28586567007005" lon="15.199077017605305">
        <ele>307.20001220703125</ele>
      </trkpt>
      <trkpt lat="46.285872207954526" lon="15.199045753106475">
        <ele>307.3999938964844</ele>
      </trkpt>
      <trkpt lat="46.28587790764868" lon="15.199016416445374">
        <ele>307.6000061035156</ele>
      </trkpt>
      <trkpt lat="46.28588452935219" lon="15.198985319584608">
        <ele>307.79998779296875</ele>
      </trkpt>
      <trkpt lat="46.28589425235987" lon="15.198951289057732">
        <ele>307.79998779296875</ele>
      </trkpt>
      <trkpt lat="46.28590313717723" lon="15.1989218685776">
        <ele>308</ele>
      </trkpt>
      <trkpt lat="46.28591244108975" lon="15.198891358450055">
        <ele>308.20001220703125</ele>
      </trkpt>
      <trkpt lat="46.285920571535826" lon="15.198862189427018">
        <ele>308.3999938964844</ele>
      </trkpt>
      <trkpt lat="46.28592970781028" lon="15.198834529146552">
        <ele>308.79998779296875</ele>
      </trkpt>
      <trkpt lat="46.28593993373215" lon="15.198806952685118">
        <ele>309</ele>
      </trkpt>
      <trkpt lat="46.28595066256821" lon="15.198778035119176">
        <ele>309</ele>
      </trkpt>
      <trkpt lat="46.28596264868975" lon="15.19875624217093">
        <ele>309.20001220703125</ele>
      </trkpt>
      <trkpt lat="46.285975221544504" lon="15.19873327575624">
        <ele>309.6000061035156</ele>
      </trkpt>
      <trkpt lat="46.28598477691412" lon="15.19871131516993">
        <ele>309.79998779296875</ele>
      </trkpt>
      <trkpt lat="46.285993410274386" lon="15.19869027659297">
        <ele>310</ele>
      </trkpt>
      <trkpt lat="46.286002965644" lon="15.198664125055075">
        <ele>310.20001220703125</ele>
      </trkpt>
      <trkpt lat="46.28601369448006" lon="15.198636800050735">
        <ele>310.3999938964844</ele>
      </trkpt>
      <trkpt lat="46.28602190874517" lon="15.198607631027699">
        <ele>310.6000061035156</ele>
      </trkpt>
      <trkpt lat="46.28603464923799" lon="15.19858474843204">
        <ele>311</ele>
      </trkpt>
      <trkpt lat="46.286044120788574" lon="15.19856178201735">
        <ele>311</ele>
      </trkpt>
      <trkpt lat="46.28605183213949" lon="15.198538228869438">
        <ele>311.20001220703125</ele>
      </trkpt>
      <trkpt lat="46.28606281243265" lon="15.198512077331543">
        <ele>311.3999938964844</ele>
      </trkpt>
      <trkpt lat="46.2860703561455" lon="15.198482489213347">
        <ele>311.6000061035156</ele>
      </trkpt>
      <trkpt lat="46.28607714548707" lon="15.198454577475786">
        <ele>311.79998779296875</ele>
      </trkpt>
      <trkpt lat="46.28608502447605" lon="15.198429515585303">
        <ele>311.79998779296875</ele>
      </trkpt>
      <trkpt lat="46.286096004769206" lon="15.19840881228447">
        <ele>312</ele>
      </trkpt>
      <trkpt lat="46.28610748797655" lon="15.198384672403336">
        <ele>312.20001220703125</ele>
      </trkpt>
      <trkpt lat="46.286114025861025" lon="15.19836287945509">
        <ele>312.3999938964844</ele>
      </trkpt>
      <trkpt lat="46.28611997701228" lon="15.198335805907845">
        <ele>312.3999938964844</ele>
      </trkpt>
      <trkpt lat="46.2861255928874" lon="15.198318120092154">
        <ele>312.6000061035156</ele>
      </trkpt>
      <trkpt lat="46.28613129258156" lon="15.198294399306178">
        <ele>312.79998779296875</ele>
      </trkpt>
      <trkpt lat="46.28614059649408" lon="15.198269002139568">
        <ele>313</ele>
      </trkpt>
      <trkpt lat="46.28614470362663" lon="15.198234217241406">
        <ele>313</ele>
      </trkpt>
      <trkpt lat="46.28615543246269" lon="15.198198510333896">
        <ele>313.20001220703125</ele>
      </trkpt>
      <trkpt lat="46.28616767004132" lon="15.198168251663446">
        <ele>313.20001220703125</ele>
      </trkpt>
      <trkpt lat="46.28617990761995" lon="15.198135310783982">
        <ele>313.3999938964844</ele>
      </trkpt>
      <trkpt lat="46.28619331866503" lon="15.198093317449093">
        <ele>313.3999938964844</ele>
      </trkpt>
      <trkpt lat="46.286204382777214" lon="15.19805945456028">
        <ele>313.6000061035156</ele>
      </trkpt>
      <trkpt lat="46.28620999865234" lon="15.198004804551601">
        <ele>313.6000061035156</ele>
      </trkpt>
      <trkpt lat="46.28622014075518" lon="15.19796658307314">
        <ele>313.6000061035156</ele>
      </trkpt>
      <trkpt lat="46.28622869029641" lon="15.19792609848082">
        <ele>313.6000061035156</ele>
      </trkpt>
      <trkpt lat="46.28623732365668" lon="15.197867844253778">
        <ele>313.6000061035156</ele>
      </trkpt>
      <trkpt lat="46.28624327480793" lon="15.197807243093848">
        <ele>313.6000061035156</ele>
      </trkpt>
      <trkpt lat="46.28625073470175" lon="15.19775066524744">
        <ele>313.3999938964844</ele>
      </trkpt>
      <trkpt lat="46.28626934252679" lon="15.197692662477493">
        <ele>313.3999938964844</ele>
      </trkpt>
      <trkpt lat="46.28628090955317" lon="15.19764312542975">
        <ele>313.20001220703125</ele>
      </trkpt>
      <trkpt lat="46.28629809245467" lon="15.197560731321573">
        <ele>313.20001220703125</ele>
      </trkpt>
      <trkpt lat="46.286316281184554" lon="15.197486551478505">
        <ele>313</ele>
      </trkpt>
      <trkpt lat="46.286333883181214" lon="15.19742326810956">
        <ele>312.6000061035156</ele>
      </trkpt>
      <trkpt lat="46.286357352510095" lon="15.197323188185692">
        <ele>312.3999938964844</ele>
      </trkpt>
      <trkpt lat="46.286377385258675" lon="15.197231909260154">
        <ele>312</ele>
      </trkpt>
      <trkpt lat="46.28639666363597" lon="15.197152029722929">
        <ele>311.6000061035156</ele>
      </trkpt>
      <trkpt lat="46.28642566502094" lon="15.197030827403069">
        <ele>311</ele>
      </trkpt>
      <trkpt lat="46.286450643092394" lon="15.196921359747648">
        <ele>310.3999938964844</ele>
      </trkpt>
      <trkpt lat="46.28647293895483" lon="15.19680711440742">
        <ele>310</ele>
      </trkpt>
      <trkpt lat="46.286484925076365" lon="15.19668348133564">
        <ele>309.3999938964844</ele>
      </trkpt>
      <trkpt lat="46.286485930904746" lon="15.196579126641154">
        <ele>309</ele>
      </trkpt>
      <trkpt lat="46.286481907591224" lon="15.196420289576054">
        <ele>308.3999938964844</ele>
      </trkpt>
      <trkpt lat="46.28647914156318" lon="15.19628039561212">
        <ele>307.6000061035156</ele>
      </trkpt>
      <trkpt lat="46.28648727200925" lon="15.196135640144348">
        <ele>307</ele>
      </trkpt>
      <trkpt lat="46.28651015460491" lon="15.195990297943354">
        <ele>306.20001220703125</ele>
      </trkpt>
      <trkpt lat="46.28654477186501" lon="15.195843866094947">
        <ele>305.3999938964844</ele>
      </trkpt>
      <trkpt lat="46.28659028559923" lon="15.195700284093618">
        <ele>304.6000061035156</ele>
      </trkpt>
      <trkpt lat="46.28663378767669" lon="15.195554355159402">
        <ele>303.6000061035156</ele>
      </trkpt>
      <trkpt lat="46.286666644737124" lon="15.195400295779109">
        <ele>302.6000061035156</ele>
      </trkpt>
      <trkpt lat="46.28666890785098" lon="15.195239530876279">
        <ele>301.6000061035156</ele>
      </trkpt>
      <trkpt lat="46.28663630224764" lon="15.19507734104991">
        <ele>300.79998779296875</ele>
      </trkpt>
      <trkpt lat="46.28657796420157" lon="15.19492688588798">
        <ele>300</ele>
      </trkpt>
      <trkpt lat="46.28651585429907" lon="15.19481842406094">
        <ele>299.20001220703125</ele>
      </trkpt>
      <trkpt lat="46.28641476854682" lon="15.19466302357614">
        <ele>298.20001220703125</ele>
      </trkpt>
      <trkpt lat="46.28632650710642" lon="15.194538803771138">
        <ele>297.3999938964844</ele>
      </trkpt>
      <trkpt lat="46.28623707219958" lon="15.19441232085228">
        <ele>296.79998779296875</ele>
      </trkpt>
      <trkpt lat="46.28615643829107" lon="15.19427502527833">
        <ele>296.20001220703125</ele>
      </trkpt>
      <trkpt lat="46.28610245883465" lon="15.194151224568486">
        <ele>295.6000061035156</ele>
      </trkpt>
      <trkpt lat="46.28604345023632" lon="15.19394813105464">
        <ele>294.79998779296875</ele>
      </trkpt>
      <trkpt lat="46.28600724041462" lon="15.193767501041293">
        <ele>294.3999938964844</ele>
      </trkpt>
      <trkpt lat="46.285982094705105" lon="15.193583769723773">
        <ele>293.79998779296875</ele>
      </trkpt>
      <trkpt lat="46.2859564460814" lon="15.193397775292397">
        <ele>293</ele>
      </trkpt>
      <trkpt lat="46.2859287019819" lon="15.193208260461688">
        <ele>292.20001220703125</ele>
      </trkpt>
      <trkpt lat="46.28589877858758" lon="15.19301388412714">
        <ele>291</ele>
      </trkpt>
      <trkpt lat="46.28586743026972" lon="15.192817579954863">
        <ele>290</ele>
      </trkpt>
      <trkpt lat="46.28583918325603" lon="15.192622616887093">
        <ele>289.20001220703125</ele>
      </trkpt>
      <trkpt lat="46.28581185825169" lon="15.192428408190608">
        <ele>288.20001220703125</ele>
      </trkpt>
      <trkpt lat="46.285786209627986" lon="15.192240569740534">
        <ele>287.3999938964844</ele>
      </trkpt>
      <trkpt lat="46.2857613991946" lon="15.19206346012652">
        <ele>286.79998779296875</ele>
      </trkpt>
      <trkpt lat="46.2857389356941" lon="15.191891295835376">
        <ele>286.20001220703125</ele>
      </trkpt>
      <trkpt lat="46.285719657316804" lon="15.191719802096486">
        <ele>285.79998779296875</ele>
      </trkpt>
      <trkpt lat="46.28570565953851" lon="15.19154948182404">
        <ele>285.3999938964844</ele>
      </trkpt>
      <trkpt lat="46.28570222295821" lon="15.19137748517096">
        <ele>285</ele>
      </trkpt>
      <trkpt lat="46.285714376717806" lon="15.19120641052723">
        <ele>284.79998779296875</ele>
      </trkpt>
      <trkpt lat="46.285739690065384" lon="15.19104078412056">
        <ele>284.6000061035156</ele>
      </trkpt>
      <trkpt lat="46.28577807918191" lon="15.190878510475159">
        <ele>284.3999938964844</ele>
      </trkpt>
      <trkpt lat="46.28582434728742" lon="15.190723529085517">
        <ele>284.20001220703125</ele>
      </trkpt>
      <trkpt lat="46.28587195649743" lon="15.190575420856476">
        <ele>284.20001220703125</ele>
      </trkpt>
      <trkpt lat="46.28592073917389" lon="15.190429743379354">
        <ele>284.20001220703125</ele>
      </trkpt>
      <trkpt lat="46.28597027622163" lon="15.190284568816423">
        <ele>284.20001220703125</ele>
      </trkpt>
      <trkpt lat="46.28602157346904" lon="15.190139897167683">
        <ele>284</ele>
      </trkpt>
      <trkpt lat="46.28607421182096" lon="15.189998662099242">
        <ele>284</ele>
      </trkpt>
      <trkpt lat="46.28612861037254" lon="15.189861450344324">
        <ele>283.6000061035156</ele>
      </trkpt>
      <trkpt lat="46.28618401475251" lon="15.189721807837486">
        <ele>283.3999938964844</ele>
      </trkpt>
      <trkpt lat="46.28623933531344" lon="15.189577303826809">
        <ele>282.79998779296875</ele>
      </trkpt>
      <trkpt lat="46.286296835169196" lon="15.18943028524518">
        <ele>282.20001220703125</ele>
      </trkpt>
      <trkpt lat="46.286351988092065" lon="15.189275806769729">
        <ele>281.6000061035156</ele>
      </trkpt>
      <trkpt lat="46.286393059417605" lon="15.189110767096281">
        <ele>281</ele>
      </trkpt>
      <trkpt lat="46.28641082905233" lon="15.188939273357391">
        <ele>280.20001220703125</ele>
      </trkpt>
      <trkpt lat="46.28640856593847" lon="15.188766857609153">
        <ele>279.6000061035156</ele>
      </trkpt>
      <trkpt lat="46.286398423835635" lon="15.188593436032534">
        <ele>279.20001220703125</ele>
      </trkpt>
      <trkpt lat="46.286397501826286" lon="15.188425797969103">
        <ele>279</ele>
      </trkpt>
      <trkpt lat="46.286418959498405" lon="15.188264697790146">
        <ele>278.79998779296875</ele>
      </trkpt>
      <trkpt lat="46.2864588573575" lon="15.188114661723375">
        <ele>278.79998779296875</ele>
      </trkpt>
      <trkpt lat="46.2865109089762" lon="15.187977869063616">
        <ele>278.6000061035156</ele>
      </trkpt>
      <trkpt lat="46.28656874410808" lon="15.187851218506694">
        <ele>278.79998779296875</ele>
      </trkpt>
      <trkpt lat="46.28662389703095" lon="15.187730770558119">
        <ele>278.79998779296875</ele>
      </trkpt>
      <trkpt lat="46.28667083568871" lon="15.187614681199193">
        <ele>279</ele>
      </trkpt>
      <trkpt lat="46.286712577566504" lon="15.187499262392521">
        <ele>279.20001220703125</ele>
      </trkpt>
      <trkpt lat="46.28674543462694" lon="15.1873829215765">
        <ele>279.6000061035156</ele>
      </trkpt>
      <trkpt lat="46.28675490617752" lon="15.187266329303384">
        <ele>279.79998779296875</ele>
      </trkpt>
      <trkpt lat="46.28673738799989" lon="15.187152670696378">
        <ele>280.20001220703125</ele>
      </trkpt>
      <trkpt lat="46.2866972386837" lon="15.187048651278019">
        <ele>280.3999938964844</ele>
      </trkpt>
      <trkpt lat="46.286651473492384" lon="15.186951337382197">
        <ele>280.6000061035156</ele>
      </trkpt>
      <trkpt lat="46.28660294227302" lon="15.186856118962169">
        <ele>281</ele>
      </trkpt>
      <trkpt lat="46.286560110747814" lon="15.186780598014593">
        <ele>281</ele>
      </trkpt>
      <trkpt lat="46.28650629892945" lon="15.186691833660007">
        <ele>281.20001220703125</ele>
      </trkpt>
      <trkpt lat="46.28643513657153" lon="15.186590747907758">
        <ele>281.20001220703125</ele>
      </trkpt>
      <trkpt lat="46.28637143410742" lon="15.186512880027294">
        <ele>281.3999938964844</ele>
      </trkpt>
      <trkpt lat="46.28630907274783" lon="15.186433754861355">
        <ele>281.3999938964844</ele>
      </trkpt>
      <trkpt lat="46.2862463761121" lon="15.186351612210274">
        <ele>281.3999938964844</ele>
      </trkpt>
      <trkpt lat="46.28618569113314" lon="15.186265110969543">
        <ele>281.20001220703125</ele>
      </trkpt>
      <trkpt lat="46.28613078966737" lon="15.186173412948847">
        <ele>281.20001220703125</ele>
      </trkpt>
      <trkpt lat="46.286077396944165" lon="15.186076769605279">
        <ele>281</ele>
      </trkpt>
      <trkpt lat="46.286041270941496" lon="15.185991860926151">
        <ele>280.79998779296875</ele>
      </trkpt>
      <trkpt lat="46.286000702530146" lon="15.1858564093709">
        <ele>280.79998779296875</ele>
      </trkpt>
      <trkpt lat="46.2859805021435" lon="15.185736883431673">
        <ele>280.79998779296875</ele>
      </trkpt>
      <trkpt lat="46.28596541471779" lon="15.185614340007305">
        <ele>280.6000061035156</ele>
      </trkpt>
      <trkpt lat="46.28595544025302" lon="15.185491293668747">
        <ele>280.6000061035156</ele>
      </trkpt>
      <trkpt lat="46.285949908196926" lon="15.185365062206984">
        <ele>280.6000061035156</ele>
      </trkpt>
      <trkpt lat="46.28594856709242" lon="15.185234639793634">
        <ele>280.6000061035156</ele>
      </trkpt>
      <trkpt lat="46.28594705834985" lon="15.185101870447397">
        <ele>280.3999938964844</ele>
      </trkpt>
      <trkpt lat="46.28594764508307" lon="15.18496960401535">
        <ele>280.20001220703125</ele>
      </trkpt>
      <trkpt lat="46.285948902368546" lon="15.184834823012352">
        <ele>280.20001220703125</ele>
      </trkpt>
      <trkpt lat="46.285954266786575" lon="15.184698784723878">
        <ele>280</ele>
      </trkpt>
      <trkpt lat="46.28596482798457" lon="15.18456400372088">
        <ele>279.79998779296875</ele>
      </trkpt>
      <trkpt lat="46.28597907721996" lon="15.184429306536913">
        <ele>279.6000061035156</ele>
      </trkpt>
      <trkpt lat="46.285993326455355" lon="15.184297291561961">
        <ele>279.6000061035156</ele>
      </trkpt>
      <trkpt lat="46.28599910996854" lon="15.184193942695856">
        <ele>279.3999938964844</ele>
      </trkpt>
      <trkpt lat="46.285995757207274" lon="15.184037033468485">
        <ele>279.20001220703125</ele>
      </trkpt>
      <trkpt lat="46.28598201088607" lon="15.183911556378007">
        <ele>279.20001220703125</ele>
      </trkpt>
      <trkpt lat="46.28596038557589" lon="15.183793539181352">
        <ele>279.20001220703125</ele>
      </trkpt>
      <trkpt lat="46.2859374191612" lon="15.183704188093543">
        <ele>279.20001220703125</ele>
      </trkpt>
      <trkpt lat="46.285904478281736" lon="15.183598073199391">
        <ele>279.3999938964844</ele>
      </trkpt>
      <trkpt lat="46.285861479118466" lon="15.183504950255156">
        <ele>279.6000061035156</ele>
      </trkpt>
      <trkpt lat="46.28579610027373" lon="15.183421801775694">
        <ele>280</ele>
      </trkpt>
      <trkpt lat="46.28573608584702" lon="15.183372851461172">
        <ele>280.3999938964844</ele>
      </trkpt>
      <trkpt lat="46.285678669810295" lon="15.18333219923079">
        <ele>280.6000061035156</ele>
      </trkpt>
      <trkpt lat="46.28563265316188" lon="15.183298839256167">
        <ele>281</ele>
      </trkpt>
      <trkpt lat="46.28557716496289" lon="15.18325206823647">
        <ele>281.20001220703125</ele>
      </trkpt>
      <trkpt lat="46.285513462498784" lon="15.183201190084219">
        <ele>281.6000061035156</ele>
      </trkpt>
      <trkpt lat="46.28547205589712" lon="15.183170093223453">
        <ele>281.79998779296875</ele>
      </trkpt>
      <trkpt lat="46.28541950136423" lon="15.183127848431468">
        <ele>282.20001220703125</ele>
      </trkpt>
      <trkpt lat="46.285368455573916" lon="15.183086190372705">
        <ele>282.3999938964844</ele>
      </trkpt>
      <trkpt lat="46.285319589078426" lon="15.183045202866197">
        <ele>282.6000061035156</ele>
      </trkpt>
      <trkpt lat="46.28527197986841" lon="15.183007065206766">
        <ele>282.79998779296875</ele>
      </trkpt>
      <trkpt lat="46.285214982926846" lon="15.182961216196418">
        <ele>283</ele>
      </trkpt>
      <trkpt lat="46.28516779281199" lon="15.182924084365368">
        <ele>283.20001220703125</ele>
      </trkpt>
      <trkpt lat="46.285123536363244" lon="15.182884521782398">
        <ele>283.20001220703125</ele>
      </trkpt>
      <trkpt lat="46.28508221358061" lon="15.182841941714287">
        <ele>283.3999938964844</ele>
      </trkpt>
      <trkpt lat="46.28504893742502" lon="15.182806150987744">
        <ele>283.6000061035156</ele>
      </trkpt>
      <trkpt lat="46.28500786609948" lon="15.18276046961546">
        <ele>283.79998779296875</ele>
      </trkpt>
      <trkpt lat="46.284970147535205" lon="15.182712441310287">
        <ele>283.79998779296875</ele>
      </trkpt>
      <trkpt lat="46.28493670374155" lon="15.182662988081574">
        <ele>284</ele>
      </trkpt>
      <trkpt lat="46.284900242462754" lon="15.182599956169724">
        <ele>284.20001220703125</ele>
      </trkpt>
      <trkpt lat="46.28487157635391" lon="15.182546814903617">
        <ele>284.20001220703125</ele>
      </trkpt>
      <trkpt lat="46.28484986722469" lon="15.182505827397108">
        <ele>284.3999938964844</ele>
      </trkpt>
      <trkpt lat="46.28481541760266" lon="15.18244480714202">
        <ele>284.6000061035156</ele>
      </trkpt>
      <trkpt lat="46.284786416217685" lon="15.182394683361053">
        <ele>284.79998779296875</ele>
      </trkpt>
      <trkpt lat="46.28476604819298" lon="15.18235445022583">
        <ele>284.79998779296875</ele>
      </trkpt>
      <trkpt lat="46.28474215976894" lon="15.18230214715004">
        <ele>285</ele>
      </trkpt>
      <trkpt lat="46.28471089527011" lon="15.182240707799792">
        <ele>285.20001220703125</ele>
      </trkpt>
      <trkpt lat="46.28468834795058" lon="15.182199720293283">
        <ele>285.20001220703125</ele>
      </trkpt>
      <trkpt lat="46.28466043621302" lon="15.182149931788445">
        <ele>285.3999938964844</ele>
      </trkpt>
      <trkpt lat="46.28463277593255" lon="15.182101149111986">
        <ele>285.3999938964844</ele>
      </trkpt>
      <trkpt lat="46.284604696556926" lon="15.182050773873925">
        <ele>285.3999938964844</ele>
      </trkpt>
      <trkpt lat="46.28457712009549" lon="15.181999895721674">
        <ele>285.6000061035156</ele>
      </trkpt>
      <trkpt lat="46.284544598311186" lon="15.181940719485283">
        <ele>285.6000061035156</ele>
      </trkpt>
      <trkpt lat="46.28452272154391" lon="15.181900821626186">
        <ele>285.79998779296875</ele>
      </trkpt>
      <trkpt lat="46.28448994830251" lon="15.181841142475605">
        <ele>286</ele>
      </trkpt>
      <trkpt lat="46.284462455660105" lon="15.18179101869464">
        <ele>286.20001220703125</ele>
      </trkpt>
      <trkpt lat="46.28444066271186" lon="15.181754222139716">
        <ele>286.20001220703125</ele>
      </trkpt>
      <trkpt lat="46.284410655498505" lon="15.181707618758082">
        <ele>286.3999938964844</ele>
      </trkpt>
      <trkpt lat="46.28437461331487" lon="15.181653052568436">
        <ele>286.6000061035156</ele>
      </trkpt>
      <trkpt lat="46.28435214981437" lon="15.181616423651576">
        <ele>286.79998779296875</ele>
      </trkpt>
      <trkpt lat="46.28432331606746" lon="15.181570071727037">
        <ele>286.79998779296875</ele>
      </trkpt>
      <trkpt lat="46.28429364413023" lon="15.181523971259594">
        <ele>287</ele>
      </trkpt>
      <trkpt lat="46.28426380455494" lon="15.181478876620531">
        <ele>287.20001220703125</ele>
      </trkpt>
      <trkpt lat="46.28423019312322" lon="15.181422298774123">
        <ele>287.3999938964844</ele>
      </trkpt>
      <trkpt lat="46.284206472337246" lon="15.181381814181805">
        <ele>287.3999938964844</ele>
      </trkpt>
      <trkpt lat="46.284177051857114" lon="15.181333282962441">
        <ele>287.6000061035156</ele>
      </trkpt>
      <trkpt lat="46.284148804843426" lon="15.181285757571459">
        <ele>287.79998779296875</ele>
      </trkpt>
      <trkpt lat="46.28412114456296" lon="15.18123789690435">
        <ele>288</ele>
      </trkpt>
      <trkpt lat="46.28409281373024" lon="15.181189365684986">
        <ele>288</ele>
      </trkpt>
      <trkpt lat="46.2840638961643" lon="15.18114167265594">
        <ele>288.20001220703125</ele>
      </trkpt>
      <trkpt lat="46.28403472714126" lon="15.181093979626894">
        <ele>288.20001220703125</ele>
      </trkpt>
      <trkpt lat="46.284004552289844" lon="15.181041928008199">
        <ele>288.3999938964844</ele>
      </trkpt>
      <trkpt lat="46.28397647291422" lon="15.18098870292306">
        <ele>288.3999938964844</ele>
      </trkpt>
      <trkpt lat="46.28394722007215" lon="15.18093690276146">
        <ele>288.6000061035156</ele>
      </trkpt>
      <trkpt lat="46.28391645848751" lon="15.180886359885335">
        <ele>288.6000061035156</ele>
      </trkpt>
      <trkpt lat="46.28388511016965" lon="15.180836906656623">
        <ele>288.79998779296875</ele>
      </trkpt>
      <trkpt lat="46.28385292366147" lon="15.180787369608879">
        <ele>289</ele>
      </trkpt>
      <trkpt lat="46.283824257552624" lon="15.180736826732755">
        <ele>289</ele>
      </trkpt>
      <trkpt lat="46.28380103968084" lon="15.180685110390186">
        <ele>289.20001220703125</ele>
      </trkpt>
      <trkpt lat="46.2837805878371" lon="15.180632220581174">
        <ele>289.20001220703125</ele>
      </trkpt>
      <trkpt lat="46.2837615609169" lon="15.180580504238605">
        <ele>289.3999938964844</ele>
      </trkpt>
      <trkpt lat="46.28374102525413" lon="15.18052945844829">
        <ele>289.3999938964844</ele>
      </trkpt>
      <trkpt lat="46.283722249791026" lon="15.180478161200881">
        <ele>289.6000061035156</ele>
      </trkpt>
      <trkpt lat="46.283705066889524" lon="15.180424936115742">
        <ele>289.6000061035156</ele>
      </trkpt>
      <trkpt lat="46.283691404387355" lon="15.180372968316078">
        <ele>289.79998779296875</ele>
      </trkpt>
      <trkpt lat="46.28367740660906" lon="15.18032225780189">
        <ele>290</ele>
      </trkpt>
      <trkpt lat="46.28366223536432" lon="15.180269116535783">
        <ele>290.20001220703125</ele>
      </trkpt>
      <trkpt lat="46.283647986128926" lon="15.180218825116754">
        <ele>290.20001220703125</ele>
      </trkpt>
      <trkpt lat="46.28363289870322" lon="15.18016928806901">
        <ele>290.3999938964844</ele>
      </trkpt>
      <trkpt lat="46.283615212887526" lon="15.180121259763837">
        <ele>290.6000061035156</ele>
      </trkpt>
      <trkpt lat="46.283597527071834" lon="15.180074069648981">
        <ele>290.6000061035156</ele>
      </trkpt>
      <trkpt lat="46.283580008894205" lon="15.180026963353157">
        <ele>290.79998779296875</ele>
      </trkpt>
      <trkpt lat="46.28356173634529" lon="15.17998170107603">
        <ele>291</ele>
      </trkpt>
      <trkpt lat="46.28354212269187" lon="15.179938869550824">
        <ele>291</ele>
      </trkpt>
      <trkpt lat="46.283526197075844" lon="15.179897211492062">
        <ele>291.20001220703125</ele>
      </trkpt>
      <trkpt lat="46.28350926563144" lon="15.17985655926168">
        <ele>291.3999938964844</ele>
      </trkpt>
      <trkpt lat="46.28349099308252" lon="15.179817415773869">
        <ele>291.6000061035156</ele>
      </trkpt>
      <trkpt lat="46.28347531892359" lon="15.179777517914772">
        <ele>291.6000061035156</ele>
      </trkpt>
      <trkpt lat="46.28346056677401" lon="15.179738458245993">
        <ele>291.79998779296875</ele>
      </trkpt>
      <trkpt lat="46.283447155728936" lon="15.17969780601561">
        <ele>291.79998779296875</ele>
      </trkpt>
      <trkpt lat="46.283433912321925" lon="15.179656483232975">
        <ele>292</ele>
      </trkpt>
      <trkpt lat="46.2834179867059" lon="15.179614992812276">
        <ele>292.20001220703125</ele>
      </trkpt>
      <trkpt lat="46.28340222872794" lon="15.179574340581894">
        <ele>292.20001220703125</ele>
      </trkpt>
      <trkpt lat="46.283384039998055" lon="15.179536789655685">
        <ele>292.3999938964844</ele>
      </trkpt>
      <trkpt lat="46.2833643425256" lon="15.179498987272382">
        <ele>292.3999938964844</ele>
      </trkpt>
      <trkpt lat="46.2833455670625" lon="15.179460681974888">
        <ele>292.6000061035156</ele>
      </trkpt>
      <trkpt lat="46.283328384160995" lon="15.179422460496426">
        <ele>292.79998779296875</ele>
      </trkpt>
      <trkpt lat="46.28331002779305" lon="15.179383736103773">
        <ele>292.79998779296875</ele>
      </trkpt>
      <trkpt lat="46.28329100087285" lon="15.179349286481738">
        <ele>293</ele>
      </trkpt>
      <trkpt lat="46.28327230922878" lon="15.179315423592925">
        <ele>293</ele>
      </trkpt>
      <trkpt lat="46.28325529396534" lon="15.179282817989588">
        <ele>293.20001220703125</ele>
      </trkpt>
      <trkpt lat="46.283237021416426" lon="15.179250966757536">
        <ele>293.3999938964844</ele>
      </trkpt>
      <trkpt lat="46.283219419419765" lon="15.179218528792262">
        <ele>293.6000061035156</ele>
      </trkpt>
      <trkpt lat="46.2832004763186" lon="15.179184079170227">
        <ele>293.6000061035156</ele>
      </trkpt>
      <trkpt lat="46.28318237140775" lon="15.179149713367224">
        <ele>293.79998779296875</ele>
      </trkpt>
      <trkpt lat="46.28316359594464" lon="15.179118700325489">
        <ele>294</ele>
      </trkpt>
      <trkpt lat="46.28314331173897" lon="15.179086429998279">
        <ele>294.20001220703125</ele>
      </trkpt>
      <trkpt lat="46.28312386572361" lon="15.179055081680417">
        <ele>294.20001220703125</ele>
      </trkpt>
      <trkpt lat="46.2831071857363" lon="15.179022727534175">
        <ele>294.3999938964844</ele>
      </trkpt>
      <trkpt lat="46.28309218212962" lon="15.178988361731172">
        <ele>294.3999938964844</ele>
      </trkpt>
      <trkpt lat="46.28307550214231" lon="15.178954834118485">
        <ele>294.3999938964844</ele>
      </trkpt>
      <trkpt lat="46.283059073612094" lon="15.178922479972243">
        <ele>294.6000061035156</ele>
      </trkpt>
      <trkpt lat="46.28304113633931" lon="15.178891634568572">
        <ele>294.6000061035156</ele>
      </trkpt>
      <trkpt lat="46.28302277997136" lon="15.178864728659391">
        <ele>294.6000061035156</ele>
      </trkpt>
      <trkpt lat="46.28300609998405" lon="15.178837152197957">
        <ele>294.6000061035156</ele>
      </trkpt>
      <trkpt lat="46.28298950381577" lon="15.178807396441698">
        <ele>294.79998779296875</ele>
      </trkpt>
      <trkpt lat="46.282974164932966" lon="15.178777975961566">
        <ele>294.79998779296875</ele>
      </trkpt>
      <trkpt lat="46.28295664675534" lon="15.178750483319163">
        <ele>295</ele>
      </trkpt>
      <trkpt lat="46.282939463853836" lon="15.17872198484838">
        <ele>295.20001220703125</ele>
      </trkpt>
      <trkpt lat="46.282919934019446" lon="15.178692312911153">
        <ele>295.3999938964844</ele>
      </trkpt>
      <trkpt lat="46.282901745289564" lon="15.178661635145545">
        <ele>295.3999938964844</ele>
      </trkpt>
      <trkpt lat="46.28288506530225" lon="15.178632885217667">
        <ele>295.6000061035156</ele>
      </trkpt>
      <trkpt lat="46.28286930732429" lon="15.178608074784279">
        <ele>295.6000061035156</ele>
      </trkpt>
      <trkpt lat="46.28285472281277" lon="15.17858318053186">
        <ele>295.6000061035156</ele>
      </trkpt>
      <trkpt lat="46.28284248523414" lon="15.178561555221677">
        <ele>295.79998779296875</ele>
      </trkpt>
      <trkpt lat="46.28282857127488" lon="15.178539426997304">
        <ele>295.79998779296875</ele>
      </trkpt>
      <trkpt lat="46.28281457349658" lon="15.178519561886787">
        <ele>295.79998779296875</ele>
      </trkpt>
      <trkpt lat="46.28280334174633" lon="15.178500870242715">
        <ele>295.79998779296875</ele>
      </trkpt>
      <trkpt lat="46.28279705531895" lon="15.17848452553153">
        <ele>295.79998779296875</ele>
      </trkpt>
      <trkpt lat="46.282794708386064" lon="15.178477065637708">
        <ele>295.79998779296875</ele>
      </trkpt>
      <trkpt lat="46.282794708386064" lon="15.178477065637708">
        <ele>296</ele>
      </trkpt>
      <trkpt lat="46.282761599868536" lon="15.17842828296125">
        <ele>296</ele>
      </trkpt>
      <trkpt lat="46.28274709917605" lon="15.17840632237494">
        <ele>296</ele>
      </trkpt>
      <trkpt lat="46.28273117356002" lon="15.178385870531201">
        <ele>296</ele>
      </trkpt>
      <trkpt lat="46.282710721716285" lon="15.178362652659416">
        <ele>296</ele>
      </trkpt>
      <trkpt lat="46.28268842585385" lon="15.178333651274443">
        <ele>296</ele>
      </trkpt>
      <trkpt lat="46.282663783058524" lon="15.178301967680454">
        <ele>296</ele>
      </trkpt>
      <trkpt lat="46.282634446397424" lon="15.178267015144229">
        <ele>296</ele>
      </trkpt>
      <trkpt lat="46.28260041587055" lon="15.178230134770274">
        <ele>296</ele>
      </trkpt>
      <trkpt lat="46.28256345167756" lon="15.17819182947278">
        <ele>296</ele>
      </trkpt>
      <trkpt lat="46.282523134723306" lon="15.178151931613684">
        <ele>295.79998779296875</ele>
      </trkpt>
      <trkpt lat="46.282479632645845" lon="15.178108178079128">
        <ele>295.79998779296875</ele>
      </trkpt>
      <trkpt lat="46.28243529237807" lon="15.178062999621034">
        <ele>295.79998779296875</ele>
      </trkpt>
      <trkpt lat="46.28238902427256" lon="15.17801882699132">
        <ele>295.6000061035156</ele>
      </trkpt>
      <trkpt lat="46.282341834157705" lon="15.177976246923208">
        <ele>295.6000061035156</ele>
      </trkpt>
      <trkpt lat="46.28229330293834" lon="15.17793333157897">
        <ele>295.3999938964844</ele>
      </trkpt>
      <trkpt lat="46.28224426880479" lon="15.17788840457797">
        <ele>295.3999938964844</ele>
      </trkpt>
      <trkpt lat="46.282195653766394" lon="15.177845656871796">
        <ele>295.3999938964844</ele>
      </trkpt>
      <trkpt lat="46.28214611671865" lon="15.177806932479143">
        <ele>295.3999938964844</ele>
      </trkpt>
      <trkpt lat="46.28209674730897" lon="15.17776862718165">
        <ele>295.3999938964844</ele>
      </trkpt>
      <trkpt lat="46.28204452805221" lon="15.177730405703187">
        <ele>295.20001220703125</ele>
      </trkpt>
      <trkpt lat="46.281989542767406" lon="15.17769101075828">
        <ele>295.20001220703125</ele>
      </trkpt>
      <trkpt lat="46.28193489275873" lon="15.177651196718216">
        <ele>295.20001220703125</ele>
      </trkpt>
      <trkpt lat="46.28187965601683" lon="15.177617417648435">
        <ele>295.20001220703125</ele>
      </trkpt>
      <trkpt lat="46.28182123415172" lon="15.177587661892176">
        <ele>295.20001220703125</ele>
      </trkpt>
      <trkpt lat="46.28177530132234" lon="15.17756586894393">
        <ele>295</ele>
      </trkpt>
      <trkpt lat="46.281705647706985" lon="15.177537454292178">
        <ele>295</ele>
      </trkpt>
      <trkpt lat="46.28164630383253" lon="15.177521696314216">
        <ele>294.79998779296875</ele>
      </trkpt>
      <trkpt lat="46.281585954129696" lon="15.177507530897856">
        <ele>294.79998779296875</ele>
      </trkpt>
      <trkpt lat="46.28152493387461" lon="15.177494790405035">
        <ele>294.6000061035156</ele>
      </trkpt>
      <trkpt lat="46.281465254724026" lon="15.177486157044768">
        <ele>294.6000061035156</ele>
      </trkpt>
      <trkpt lat="46.28140331245959" lon="15.177481211721897">
        <ele>294.6000061035156</ele>
      </trkpt>
      <trkpt lat="46.28134053200483" lon="15.177479116246104">
        <ele>294.6000061035156</ele>
      </trkpt>
      <trkpt lat="46.28128043375909" lon="15.177477858960629">
        <ele>294.6000061035156</ele>
      </trkpt>
      <trkpt lat="46.28122016787529" lon="15.177475595846772">
        <ele>294.6000061035156</ele>
      </trkpt>
      <trkpt lat="46.28115713596344" lon="15.177475344389677">
        <ele>294.6000061035156</ele>
      </trkpt>
      <trkpt lat="46.28109309822321" lon="15.177473668009043">
        <ele>294.6000061035156</ele>
      </trkpt>
      <trkpt lat="46.28103056922555" lon="15.17747350037098">
        <ele>294.3999938964844</ele>
      </trkpt>
      <trkpt lat="46.28096720203757" lon="15.177476601675153">
        <ele>294.3999938964844</ele>
      </trkpt>
      <trkpt lat="46.28091774880886" lon="15.177477356046438">
        <ele>294.3999938964844</ele>
      </trkpt>
      <trkpt lat="46.280843233689666" lon="15.177477858960629">
        <ele>294.3999938964844</ele>
      </trkpt>
      <trkpt lat="46.28079210408032" lon="15.177477188408375">
        <ele>294.20001220703125</ele>
      </trkpt>
      <trkpt lat="46.2807154096663" lon="15.17747743986547">
        <ele>294.20001220703125</ele>
      </trkpt>
      <trkpt lat="46.28066411241889" lon="15.177478361874819">
        <ele>294.20001220703125</ele>
      </trkpt>
      <trkpt lat="46.280587166547775" lon="15.17748037353158">
        <ele>294.20001220703125</ele>
      </trkpt>
      <trkpt lat="46.28053620457649" lon="15.177481127902865">
        <ele>294.20001220703125</ele>
      </trkpt>
      <trkpt lat="46.28046026453376" lon="15.17748431302607">
        <ele>294.20001220703125</ele>
      </trkpt>
      <trkpt lat="46.28040745854378" lon="15.177491353824735">
        <ele>294.20001220703125</ele>
      </trkpt>
      <trkpt lat="46.28034442663193" lon="15.17750677652657">
        <ele>294.20001220703125</ele>
      </trkpt>
      <trkpt lat="46.280272509902716" lon="15.177529910579324">
        <ele>294</ele>
      </trkpt>
      <trkpt lat="46.28021023236215" lon="15.177554469555616">
        <ele>293.79998779296875</ele>
      </trkpt>
      <trkpt lat="46.28014795482159" lon="15.177583890035748">
        <ele>293.79998779296875</ele>
      </trkpt>
      <trkpt lat="46.280088275671005" lon="15.177617501467466">
        <ele>293.6000061035156</ele>
      </trkpt>
      <trkpt lat="46.28003815189004" lon="15.177644658833742">
        <ele>293.3999938964844</ele>
      </trkpt>
      <trkpt lat="46.27996497787535" lon="15.17768556252122">
        <ele>293.20001220703125</ele>
      </trkpt>
      <trkpt lat="46.27990043722093" lon="15.177724538370967">
        <ele>293</ele>
      </trkpt>
      <trkpt lat="46.27983346581459" lon="15.177763178944588">
        <ele>292.79998779296875</ele>
      </trkpt>
      <trkpt lat="46.27976356074214" lon="15.177796622738242">
        <ele>292.6000061035156</ele>
      </trkpt>
      <trkpt lat="46.27969072200358" lon="15.177828641608357">
        <ele>292.6000061035156</ele>
      </trkpt>
      <trkpt lat="46.27961603924632" lon="15.177865019068122">
        <ele>292.3999938964844</ele>
      </trkpt>
      <trkpt lat="46.279541943222284" lon="15.17789963632822">
        <ele>292.20001220703125</ele>
      </trkpt>
      <trkpt lat="46.27946600317955" lon="15.17793475650251">
        <ele>292</ele>
      </trkpt>
      <trkpt lat="46.279388973489404" lon="15.177969625219703">
        <ele>292</ele>
      </trkpt>
      <trkpt lat="46.279312781989574" lon="15.17800172790885">
        <ele>292</ele>
      </trkpt>
      <trkpt lat="46.279235668480396" lon="15.178036680445075">
        <ele>292</ele>
      </trkpt>
      <trkpt lat="46.27916341647506" lon="15.178066184744239">
        <ele>292</ele>
      </trkpt>
      <trkpt lat="46.27909116446972" lon="15.178094012662768">
        <ele>292</ele>
      </trkpt>
      <trkpt lat="46.27902100794017" lon="15.178121589124203">
        <ele>291.79998779296875</ele>
      </trkpt>
      <trkpt lat="46.27894984558225" lon="15.178149081766605">
        <ele>291.79998779296875</ele>
      </trkpt>
      <trkpt lat="46.27887834794819" lon="15.178177915513515">
        <ele>291.6000061035156</ele>
      </trkpt>
      <trkpt lat="46.27880617976189" lon="15.178203899413347">
        <ele>291.3999938964844</ele>
      </trkpt>
      <trkpt lat="46.27873468212783" lon="15.17823038622737">
        <ele>291.3999938964844</ele>
      </trkpt>
      <trkpt lat="46.278661927208304" lon="15.178256621584296">
        <ele>291.20001220703125</ele>
      </trkpt>
      <trkpt lat="46.27858741208911" lon="15.17828369513154">
        <ele>291</ele>
      </trkpt>
      <trkpt lat="46.2785136513412" lon="15.178309511393309">
        <ele>290.79998779296875</ele>
      </trkpt>
      <trkpt lat="46.27843787893653" lon="15.17833348363638">
        <ele>290.6000061035156</ele>
      </trkpt>
      <trkpt lat="46.27836227416992" lon="15.178362065926194">
        <ele>290.3999938964844</ele>
      </trkpt>
      <trkpt lat="46.27828759141266" lon="15.178392492234707">
        <ele>290.20001220703125</ele>
      </trkpt>
      <trkpt lat="46.27821081317961" lon="15.17842099070549">
        <ele>290</ele>
      </trkpt>
      <trkpt lat="46.27813302911818" lon="15.178448734804988">
        <ele>289.79998779296875</ele>
      </trkpt>
      <trkpt lat="46.278053149580956" lon="15.178472036495805">
        <ele>289.6000061035156</ele>
      </trkpt>
      <trkpt lat="46.27797259949148" lon="15.17849382944405">
        <ele>289.3999938964844</ele>
      </trkpt>
      <trkpt lat="46.27789221704006" lon="15.178519561886787">
        <ele>289.3999938964844</ele>
      </trkpt>
      <trkpt lat="46.27781099639833" lon="15.178541941568255">
        <ele>289.20001220703125</ele>
      </trkpt>
      <trkpt lat="46.27772801555693" lon="15.178564907982945">
        <ele>289</ele>
      </trkpt>
      <trkpt lat="46.277644112706184" lon="15.178591562435031">
        <ele>288.79998779296875</ele>
      </trkpt>
      <trkpt lat="46.27755928784609" lon="15.178618300706148">
        <ele>288.6000061035156</ele>
      </trkpt>
      <trkpt lat="46.277475636452436" lon="15.178643194958568">
        <ele>288.3999938964844</ele>
      </trkpt>
      <trkpt lat="46.27739114686847" lon="15.178665071725845">
        <ele>288.20001220703125</ele>
      </trkpt>
      <trkpt lat="46.27730657346547" lon="15.178689630702138">
        <ele>288</ele>
      </trkpt>
      <trkpt lat="46.2772218324244" lon="15.178715866059065">
        <ele>287.79998779296875</ele>
      </trkpt>
      <trkpt lat="46.27713675610721" lon="15.178747298195958">
        <ele>287.6000061035156</ele>
      </trkpt>
      <trkpt lat="46.277051428332925" lon="15.178786357864738">
        <ele>287.6000061035156</ele>
      </trkpt>
      <trkpt lat="46.2769665196538" lon="15.178832206875086">
        <ele>287.3999938964844</ele>
      </trkpt>
      <trkpt lat="46.27688404172659" lon="15.17888710834086">
        <ele>287.20001220703125</ele>
      </trkpt>
      <trkpt lat="46.2768021505326" lon="15.178950894623995">
        <ele>287</ele>
      </trkpt>
      <trkpt lat="46.27671749331057" lon="15.179021302610636">
        <ele>286.79998779296875</ele>
      </trkpt>
      <trkpt lat="46.2766279745847" lon="15.179097158834338">
        <ele>286.20001220703125</ele>
      </trkpt>
      <trkpt lat="46.27653535455465" lon="15.179172428324819">
        <ele>285.79998779296875</ele>
      </trkpt>
      <trkpt lat="46.276457319036126" lon="15.179225066676736">
        <ele>285</ele>
      </trkpt>
      <trkpt lat="46.27633393742144" lon="15.179291786625981">
        <ele>284.3999938964844</ele>
      </trkpt>
      <trkpt lat="46.27622354775667" lon="15.179332355037332">
        <ele>283.6000061035156</ele>
      </trkpt>
      <trkpt lat="46.27611097879708" lon="15.179359428584576">
        <ele>282.3999938964844</ele>
      </trkpt>
      <trkpt lat="46.27599690109491" lon="15.17936747521162">
        <ele>281.79998779296875</ele>
      </trkpt>
      <trkpt lat="46.27588156610727" lon="15.179353728890419">
        <ele>281</ele>
      </trkpt>
      <trkpt lat="46.275767739862204" lon="15.179326571524143">
        <ele>280.3999938964844</ele>
      </trkpt>
      <trkpt lat="46.27567679621279" lon="15.179296983405948">
        <ele>280</ele>
      </trkpt>
      <trkpt lat="46.27554050646722" lon="15.17924627289176">
        <ele>279.20001220703125</ele>
      </trkpt>
      <trkpt lat="46.2754278536886" lon="15.179200088605285">
        <ele>278.79998779296875</ele>
      </trkpt>
      <trkpt lat="46.27531352452934" lon="15.179163878783584">
        <ele>278.3999938964844</ele>
      </trkpt>
      <trkpt lat="46.27520062029362" lon="15.179132111370564">
        <ele>278</ele>
      </trkpt>
      <trkpt lat="46.275110179558396" lon="15.179102439433336">
        <ele>277.3999938964844</ele>
      </trkpt>
      <trkpt lat="46.27500079572201" lon="15.179033791646361">
        <ele>277</ele>
      </trkpt>
      <trkpt lat="46.27488059923053" lon="15.178921725600958">
        <ele>276.6000061035156</ele>
      </trkpt>
      <trkpt lat="46.27481245435774" lon="15.17882751300931">
        <ele>276.20001220703125</ele>
      </trkpt>
      <trkpt lat="46.27474112436175" lon="15.17869658768177">
        <ele>275.79998779296875</ele>
      </trkpt>
      <trkpt lat="46.274684965610504" lon="15.178545964881778">
        <ele>275.20001220703125</ele>
      </trkpt>
      <trkpt lat="46.27463199198246" lon="15.178383523598313">
        <ele>274.79998779296875</ele>
      </trkpt>
      <trkpt lat="46.27456904388964" lon="15.178231056779623">
        <ele>274.20001220703125</ele>
      </trkpt>
      <trkpt lat="46.27449570223689" lon="15.178097113966942">
        <ele>273.6000061035156</ele>
      </trkpt>
      <trkpt lat="46.274414733052254" lon="15.177977588027716">
        <ele>273</ele>
      </trkpt>
      <trkpt lat="46.27432613633573" lon="15.177859906107187">
        <ele>272.3999938964844</ele>
      </trkpt>
      <trkpt lat="46.27421566285193" lon="15.17773250117898">
        <ele>271.79998779296875</ele>
      </trkpt>
      <trkpt lat="46.274137711152434" lon="15.177659327164292">
        <ele>271.20001220703125</ele>
      </trkpt>
      <trkpt lat="46.274032266810536" lon="15.1775864046067">
        <ele>271</ele>
      </trkpt>
      <trkpt lat="46.27392313443124" lon="15.17753703519702">
        <ele>270.79998779296875</ele>
      </trkpt>
      <trkpt lat="46.27381199039519" lon="15.177511386573315">
        <ele>270.6000061035156</ele>
      </trkpt>
      <trkpt lat="46.27370168454945" lon="15.177510380744934">
        <ele>270.3999938964844</ele>
      </trkpt>
      <trkpt lat="46.27359808422625" lon="15.177521863952279">
        <ele>270.3999938964844</ele>
      </trkpt>
      <trkpt lat="46.27349582500756" lon="15.177545752376318">
        <ele>270.20001220703125</ele>
      </trkpt>
      <trkpt lat="46.27339348196983" lon="15.17757366411388">
        <ele>270.20001220703125</ele>
      </trkpt>
      <trkpt lat="46.27329214476049" lon="15.177594618871808">
        <ele>270.20001220703125</ele>
      </trkpt>
      <trkpt lat="46.27319156192243" lon="15.17761280760169">
        <ele>270.20001220703125</ele>
      </trkpt>
      <trkpt lat="46.27306968905032" lon="15.177623787894845">
        <ele>270.20001220703125</ele>
      </trkpt>
      <trkpt lat="46.27299056388438" lon="15.17761087976396">
        <ele>270.20001220703125</ele>
      </trkpt>
      <trkpt lat="46.27289450727403" lon="15.17758246511221">
        <ele>270.3999938964844</ele>
      </trkpt>
      <trkpt lat="46.272786129266024" lon="15.177529072389007">
        <ele>270.3999938964844</ele>
      </trkpt>
      <trkpt lat="46.27271949313581" lon="15.17748381011188">
        <ele>270.6000061035156</ele>
      </trkpt>
      <trkpt lat="46.27263592556119" lon="15.177422035485506">
        <ele>270.6000061035156</ele>
      </trkpt>
      <trkpt lat="46.27253785729408" lon="15.17735238187015">
        <ele>270.6000061035156</ele>
      </trkpt>
      <trkpt lat="46.2724713049829" lon="15.17730887979269">
        <ele>270.6000061035156</ele>
      </trkpt>
      <trkpt lat="46.27238782122731" lon="15.177260767668486">
        <ele>270.6000061035156</ele>
      </trkpt>
      <trkpt lat="46.272304924204946" lon="15.177217684686184">
        <ele>270.6000061035156</ele>
      </trkpt>
      <trkpt lat="46.272220350801945" lon="15.177178122103214">
        <ele>270.6000061035156</ele>
      </trkpt>
      <trkpt lat="46.27213611267507" lon="15.177142499014735">
        <ele>270.79998779296875</ele>
      </trkpt>
      <trkpt lat="46.27205204218626" lon="15.177107462659478">
        <ele>270.79998779296875</ele>
      </trkpt>
      <trkpt lat="46.271970150992274" lon="15.177073515951633">
        <ele>271</ele>
      </trkpt>
      <trkpt lat="46.27189069055021" lon="15.177040072157979">
        <ele>271</ele>
      </trkpt>
      <trkpt lat="46.27179589122534" lon="15.177004029974341">
        <ele>271.20001220703125</ele>
      </trkpt>
      <trkpt lat="46.271734116598964" lon="15.176984332501888">
        <ele>271.3999938964844</ele>
      </trkpt>
      <trkpt lat="46.271657003089786" lon="15.17696245573461">
        <ele>271.3999938964844</ele>
      </trkpt>
      <trkpt lat="46.271580308675766" lon="15.176942674443126">
        <ele>271.3999938964844</ele>
      </trkpt>
      <trkpt lat="46.2715061288327" lon="15.176923060789704">
        <ele>271.3999938964844</ele>
      </trkpt>
      <trkpt lat="46.2714318651706" lon="15.176903028041124">
        <ele>271.3999938964844</ele>
      </trkpt>
      <trkpt lat="46.27136120572686" lon="15.176885426044464">
        <ele>271.6000061035156</ele>
      </trkpt>
      <trkpt lat="46.27129063010216" lon="15.176868997514248">
        <ele>271.6000061035156</ele>
      </trkpt>
      <trkpt lat="46.271221060305834" lon="15.176851814612746">
        <ele>271.79998779296875</ele>
      </trkpt>
      <trkpt lat="46.271150233224034" lon="15.176832033321261">
        <ele>272</ele>
      </trkpt>
      <trkpt lat="46.27108242362738" lon="15.176814263686538">
        <ele>272.20001220703125</ele>
      </trkpt>
      <trkpt lat="46.271016877144575" lon="15.1767972484231">
        <ele>272.3999938964844</ele>
      </trkpt>
      <trkpt lat="46.27095367759466" lon="15.176780400797725">
        <ele>272.6000061035156</ele>
      </trkpt>
      <trkpt lat="46.27089215442538" lon="15.176760200411081">
        <ele>272.79998779296875</ele>
      </trkpt>
      <trkpt lat="46.270832223817706" lon="15.176737988367677">
        <ele>273</ele>
      </trkpt>
      <trkpt lat="46.27077371813357" lon="15.176715441048145">
        <ele>273</ele>
      </trkpt>
      <trkpt lat="46.27071412280202" lon="15.176691552624106">
        <ele>273</ele>
      </trkpt>
      <trkpt lat="46.27065503038466" lon="15.176664562895894">
        <ele>273</ele>
      </trkpt>
      <trkpt lat="46.2705943454057" lon="15.176638411357999">
        <ele>273</ele>
      </trkpt>
      <trkpt lat="46.27053424715996" lon="15.176613014191389">
        <ele>273</ele>
      </trkpt>
      <trkpt lat="46.270472975447774" lon="15.176584934815764">
        <ele>272.79998779296875</ele>
      </trkpt>
      <trkpt lat="46.27040030434728" lon="15.176550652831793">
        <ele>272.6000061035156</ele>
      </trkpt>
      <trkpt lat="46.2703525274992" lon="15.176524668931961">
        <ele>272.3999938964844</ele>
      </trkpt>
      <trkpt lat="46.27029159106314" lon="15.176492230966687">
        <ele>272.20001220703125</ele>
      </trkpt>
      <trkpt lat="46.27023082226515" lon="15.17645912244916">
        <ele>272</ele>
      </trkpt>
      <trkpt lat="46.27016695216298" lon="15.176428779959679">
        <ele>271.79998779296875</ele>
      </trkpt>
      <trkpt lat="46.27010132186115" lon="15.176397347822785">
        <ele>271.6000061035156</ele>
      </trkpt>
      <trkpt lat="46.270033763721585" lon="15.176366586238146">
        <ele>271.3999938964844</ele>
      </trkpt>
      <trkpt lat="46.269963355734944" lon="15.176335321739316">
        <ele>271.20001220703125</ele>
      </trkpt>
      <trkpt lat="46.269892109557986" lon="15.176301542669535">
        <ele>271</ele>
      </trkpt>
      <trkpt lat="46.26980292610824" lon="15.176260219886899">
        <ele>270.79998779296875</ele>
      </trkpt>
      <trkpt lat="46.26972807571292" lon="15.176224680617452">
        <ele>270.3999938964844</ele>
      </trkpt>
      <trkpt lat="46.26965330913663" lon="15.1761893928051">
        <ele>270.20001220703125</ele>
      </trkpt>
      <trkpt lat="46.26957569271326" lon="15.176154188811779">
        <ele>270</ele>
      </trkpt>
      <trkpt lat="46.2694994173944" lon="15.176116973161697">
        <ele>269.6000061035156</ele>
      </trkpt>
      <trkpt lat="46.26942506991327" lon="15.176076656207442">
        <ele>269.3999938964844</ele>
      </trkpt>
      <trkpt lat="46.26934393309057" lon="15.176040446385741">
        <ele>269.3999938964844</ele>
      </trkpt>
      <trkpt lat="46.26926774159074" lon="15.175997279584408">
        <ele>269.3999938964844</ele>
      </trkpt>
      <trkpt lat="46.26919155009091" lon="15.175954699516296">
        <ele>269.3999938964844</ele>
      </trkpt>
      <trkpt lat="46.26911527477205" lon="15.175917148590088">
        <ele>269.3999938964844</ele>
      </trkpt>
      <trkpt lat="46.269069677218795" lon="15.175904324278235">
        <ele>269.79998779296875</ele>
      </trkpt>
      <trkpt lat="46.26901217736304" lon="15.1758820284158">
        <ele>270</ele>
      </trkpt>
      <trkpt lat="46.26896180212498" lon="15.175854032859206">
        <ele>270.3999938964844</ele>
      </trkpt>
      <trkpt lat="46.26890245825052" lon="15.175817236304283">
        <ele>270.6000061035156</ele>
      </trkpt>
      <trkpt lat="46.26885644160211" lon="15.175791587680578">
        <ele>271</ele>
      </trkpt>
      <trkpt lat="46.268813107162714" lon="15.17576769925654">
        <ele>271.3999938964844</ele>
      </trkpt>
      <trkpt lat="46.26877203583717" lon="15.175744397565722">
        <ele>271.79998779296875</ele>
      </trkpt>
      <trkpt lat="46.268728617578745" lon="15.175721850246191">
        <ele>272.20001220703125</ele>
      </trkpt>
      <trkpt lat="46.26868846826255" lon="15.175702907145023">
        <ele>272.3999938964844</ele>
      </trkpt>
      <trkpt lat="46.26864865422249" lon="15.175684466958046">
        <ele>272.79998779296875</ele>
      </trkpt>
      <trkpt lat="46.26860624179244" lon="15.175666529685259">
        <ele>273</ele>
      </trkpt>
      <trkpt lat="46.26857087016106" lon="15.175650687888265">
        <ele>273.20001220703125</ele>
      </trkpt>
      <trkpt lat="46.268519489094615" lon="15.175624452531338">
        <ele>273.6000061035156</ele>
      </trkpt>
      <trkpt lat="46.26847858540714" lon="15.175604252144694">
        <ele>273.79998779296875</ele>
      </trkpt>
      <trkpt lat="46.26844053156674" lon="15.175585895776749">
        <ele>274</ele>
      </trkpt>
      <trkpt lat="46.268404237926006" lon="15.175565863028169">
        <ele>274.20001220703125</ele>
      </trkpt>
      <trkpt lat="46.26837020739913" lon="15.175550188869238">
        <ele>274.3999938964844</ele>
      </trkpt>
      <trkpt lat="46.26834321767092" lon="15.175538202747703">
        <ele>274.79998779296875</ele>
      </trkpt>
      <trkpt lat="46.26830440945923" lon="15.175519175827503">
        <ele>275</ele>
      </trkpt>
      <trkpt lat="46.26827406696975" lon="15.17550140619278">
        <ele>275.3999938964844</ele>
      </trkpt>
      <trkpt lat="46.26824229955673" lon="15.175484893843532">
        <ele>275.6000061035156</ele>
      </trkpt>
      <trkpt lat="46.268209191039205" lon="15.175468800589442">
        <ele>275.79998779296875</ele>
      </trkpt>
      <trkpt lat="46.26817557960749" lon="15.175450779497623">
        <ele>276</ele>
      </trkpt>
      <trkpt lat="46.26814196817577" lon="15.175434602424502">
        <ele>276.20001220703125</ele>
      </trkpt>
      <trkpt lat="46.26810936257243" lon="15.175420269370079">
        <ele>276.3999938964844</ele>
      </trkpt>
      <trkpt lat="46.26808254048228" lon="15.175410294905305">
        <ele>276.6000061035156</ele>
      </trkpt>
      <trkpt lat="46.26804281026125" lon="15.175393112003803">
        <ele>276.6000061035156</ele>
      </trkpt>
      <trkpt lat="46.26800995320082" lon="15.175379700958729">
        <ele>276.79998779296875</ele>
      </trkpt>
      <trkpt lat="46.267977096140385" lon="15.175366122275591">
        <ele>277</ele>
      </trkpt>
      <trkpt lat="46.267945328727365" lon="15.175354219973087">
        <ele>277.20001220703125</ele>
      </trkpt>
      <trkpt lat="46.267913142219186" lon="15.175342066213489">
        <ele>277.20001220703125</ele>
      </trkpt>
      <trkpt lat="46.26787902787328" lon="15.175329744815826">
        <ele>277.20001220703125</ele>
      </trkpt>
      <trkpt lat="46.26784600317478" lon="15.175316669046879">
        <ele>277.3999938964844</ele>
      </trkpt>
      <trkpt lat="46.267812978476286" lon="15.175302755087614">
        <ele>277.3999938964844</ele>
      </trkpt>
      <trkpt lat="46.267779199406505" lon="15.1752913556993">
        <ele>277.6000061035156</ele>
      </trkpt>
      <trkpt lat="46.26774659380317" lon="15.17528205178678">
        <ele>277.79998779296875</ele>
      </trkpt>
      <trkpt lat="46.26771457493305" lon="15.175272161141038">
        <ele>277.79998779296875</ele>
      </trkpt>
      <trkpt lat="46.267682891339064" lon="15.175260761752725">
        <ele>278</ele>
      </trkpt>
      <trkpt lat="46.267650704830885" lon="15.175248272716999">
        <ele>278</ele>
      </trkpt>
      <trkpt lat="46.26762078143656" lon="15.17523461021483">
        <ele>278</ele>
      </trkpt>
      <trkpt lat="46.26759672537446" lon="15.175222372636199">
        <ele>278.20001220703125</ele>
      </trkpt>
      <trkpt lat="46.26756504178047" lon="15.175212230533361">
        <ele>278.20001220703125</ele>
      </trkpt>
      <trkpt lat="46.26752673648298" lon="15.175198651850224">
        <ele>278.3999938964844</ele>
      </trkpt>
      <trkpt lat="46.26749698072672" lon="15.175185911357403">
        <ele>278.3999938964844</ele>
      </trkpt>
      <trkpt lat="46.26747124828398" lon="15.175176104530692">
        <ele>278.6000061035156</ele>
      </trkpt>
      <trkpt lat="46.26743939705193" lon="15.175164202228189">
        <ele>278.6000061035156</ele>
      </trkpt>
      <trkpt lat="46.267403019592166" lon="15.17515104264021">
        <ele>278.6000061035156</ele>
      </trkpt>
      <trkpt lat="46.26737812533975" lon="15.175140397623181">
        <ele>278.79998779296875</ele>
      </trkpt>
      <trkpt lat="46.267341915518045" lon="15.175125394016504">
        <ele>278.79998779296875</ele>
      </trkpt>
      <trkpt lat="46.26731023192406" lon="15.175110725685954">
        <ele>279</ele>
      </trkpt>
      <trkpt lat="46.26727812923491" lon="15.17509387806058">
        <ele>279</ele>
      </trkpt>
      <trkpt lat="46.26724636182189" lon="15.175076946616173">
        <ele>279</ele>
      </trkpt>
      <trkpt lat="46.26721316948533" lon="15.175062865018845">
        <ele>279.20001220703125</ele>
      </trkpt>
      <trkpt lat="46.267179222777486" lon="15.175044424831867">
        <ele>279.20001220703125</ele>
      </trkpt>
      <trkpt lat="46.26714460551739" lon="15.175027577206492">
        <ele>279.20001220703125</ele>
      </trkpt>
      <trkpt lat="46.26710889860988" lon="15.175012908875942">
        <ele>279.20001220703125</ele>
      </trkpt>
      <trkpt lat="46.26707159914076" lon="15.174997821450233">
        <ele>279.20001220703125</ele>
      </trkpt>
      <trkpt lat="46.267031617462635" lon="15.174978291615844">
        <ele>279.20001220703125</ele>
      </trkpt>
      <trkpt lat="46.266999850049615" lon="15.174958007410169">
        <ele>279.20001220703125</ele>
      </trkpt>
      <trkpt lat="46.26695089973509" lon="15.174926491454244">
        <ele>279.20001220703125</ele>
      </trkpt>
      <trkpt lat="46.26691552810371" lon="15.174904111772776">
        <ele>279</ele>
      </trkpt>
      <trkpt lat="46.266860123723745" lon="15.174873601645231">
        <ele>278.79998779296875</ele>
      </trkpt>
      <trkpt lat="46.26681209541857" lon="15.174848539754748">
        <ele>278.6000061035156</ele>
      </trkpt>
      <trkpt lat="46.2667590379715" lon="15.174824316054583">
        <ele>278.3999938964844</ele>
      </trkpt>
      <trkpt lat="46.266701370477676" lon="15.174799673259258">
        <ele>278.3999938964844</ele>
      </trkpt>
      <trkpt lat="46.26664470881224" lon="15.174769666045904">
        <ele>278.20001220703125</ele>
      </trkpt>
      <trkpt lat="46.26658729277551" lon="15.17473823390901">
        <ele>278</ele>
      </trkpt>
      <trkpt lat="46.26653054729104" lon="15.174702778458595">
        <ele>278</ele>
      </trkpt>
      <trkpt lat="46.26647053286433" lon="15.174665730446577">
        <ele>277.79998779296875</ele>
      </trkpt>
      <trkpt lat="46.266408087685704" lon="15.174627089872956">
        <ele>277.6000061035156</ele>
      </trkpt>
      <trkpt lat="46.26634337939322" lon="15.174586018547416">
        <ele>277.3999938964844</ele>
      </trkpt>
      <trkpt lat="46.26627582125366" lon="15.17454276792705">
        <ele>277</ele>
      </trkpt>
      <trkpt lat="46.26620667055249" lon="15.174497840926051">
        <ele>276.79998779296875</ele>
      </trkpt>
      <trkpt lat="46.26613525673747" lon="15.174448639154434">
        <ele>276.3999938964844</ele>
      </trkpt>
      <trkpt lat="46.266061663627625" lon="15.174395833164454">
        <ele>276</ele>
      </trkpt>
      <trkpt lat="46.265984466299415" lon="15.17434244044125">
        <ele>275.6000061035156</ele>
      </trkpt>
      <trkpt lat="46.26590324565768" lon="15.174292400479317">
        <ele>275.20001220703125</ele>
      </trkpt>
      <trkpt lat="46.26581649295986" lon="15.174248144030571">
        <ele>274.6000061035156</ele>
      </trkpt>
      <trkpt lat="46.265724962577224" lon="15.17420656979084">
        <ele>274.20001220703125</ele>
      </trkpt>
      <trkpt lat="46.26562932506204" lon="15.174166169017553">
        <ele>273.6000061035156</ele>
      </trkpt>
      <trkpt lat="46.26552840694785" lon="15.174129121005535">
        <ele>272.79998779296875</ele>
      </trkpt>
      <trkpt lat="46.265425058081746" lon="15.174098275601864">
        <ele>272</ele>
      </trkpt>
      <trkpt lat="46.265318440273404" lon="15.174072291702032">
        <ele>271.20001220703125</ele>
      </trkpt>
      <trkpt lat="46.26521014608443" lon="15.174052929505706">
        <ele>270.3999938964844</ele>
      </trkpt>
      <trkpt lat="46.265123561024666" lon="15.174039183184505">
        <ele>269.79998779296875</ele>
      </trkpt>
      <trkpt lat="46.265019960701466" lon="15.174017390236259">
        <ele>269</ele>
      </trkpt>
      <trkpt lat="46.264911415055394" lon="15.173995094373822">
        <ele>268.3999938964844</ele>
      </trkpt>
      <trkpt lat="46.264781411737204" lon="15.173975229263306">
        <ele>267.79998779296875</ele>
      </trkpt>
      <trkpt lat="46.26469574868679" lon="15.173964500427246">
        <ele>267.3999938964844</ele>
      </trkpt>
      <trkpt lat="46.264592316001654" lon="15.173952598124743">
        <ele>267.20001220703125</ele>
      </trkpt>
      <trkpt lat="46.26448863185942" lon="15.173941450193524">
        <ele>267</ele>
      </trkpt>
      <trkpt lat="46.264384696260095" lon="15.173930386081338">
        <ele>267</ele>
      </trkpt>
      <trkpt lat="46.26428076066077" lon="15.173917897045612">
        <ele>267.20001220703125</ele>
      </trkpt>
      <trkpt lat="46.264177076518536" lon="15.173905491828918">
        <ele>267.20001220703125</ele>
      </trkpt>
      <trkpt lat="46.26407456584275" lon="15.173891745507717">
        <ele>267.20001220703125</ele>
      </trkpt>
      <trkpt lat="46.26395462080836" lon="15.173870623111725">
        <ele>267.3999938964844</ele>
      </trkpt>
      <trkpt lat="46.26387666910887" lon="15.173850590363145">
        <ele>267.3999938964844</ele>
      </trkpt>
      <trkpt lat="46.26376007683575" lon="15.173818655312061">
        <ele>267.3999938964844</ele>
      </trkpt>
      <trkpt lat="46.263664523139596" lon="15.173787055537105">
        <ele>267.20001220703125</ele>
      </trkpt>
      <trkpt lat="46.26359042711556" lon="15.17375604249537">
        <ele>267.20001220703125</ele>
      </trkpt>
      <trkpt lat="46.26349914819002" lon="15.173708433285356">
        <ele>267</ele>
      </trkpt>
      <trkpt lat="46.263394206762314" lon="15.173640875145793">
        <ele>266.79998779296875</ele>
      </trkpt>
      <trkpt lat="46.263310220092535" lon="15.173574322834611">
        <ele>266.79998779296875</ele>
      </trkpt>
      <trkpt lat="46.263244673609734" lon="15.173519421368837">
        <ele>266.79998779296875</ele>
      </trkpt>
      <trkpt lat="46.263166135177016" lon="15.17344867810607">
        <ele>266.6000061035156</ele>
      </trkpt>
      <trkpt lat="46.26307678408921" lon="15.17335630953312">
        <ele>266.6000061035156</ele>
      </trkpt>
      <trkpt lat="46.26300545409322" lon="15.173270227387547">
        <ele>266.6000061035156</ele>
      </trkpt>
      <trkpt lat="46.262939907610416" lon="15.173177439719439">
        <ele>266.3999938964844</ele>
      </trkpt>
      <trkpt lat="46.26287813298404" lon="15.173079455271363">
        <ele>266.20001220703125</ele>
      </trkpt>
      <trkpt lat="46.26281677745283" lon="15.172980213537812">
        <ele>266</ele>
      </trkpt>
      <trkpt lat="46.262753661721945" lon="15.172879546880722">
        <ele>265.79998779296875</ele>
      </trkpt>
      <trkpt lat="46.262691635638475" lon="15.172780305147171">
        <ele>265.6000061035156</ele>
      </trkpt>
      <trkpt lat="46.262628603726625" lon="15.172681398689747">
        <ele>265.3999938964844</ele>
      </trkpt>
      <trkpt lat="46.26256724819541" lon="15.17258333042264">
        <ele>265.20001220703125</ele>
      </trkpt>
      <trkpt lat="46.26250807195902" lon="15.172484759241343">
        <ele>265</ele>
      </trkpt>
      <trkpt lat="46.262451158836484" lon="15.172384176403284">
        <ele>264.79998779296875</ele>
      </trkpt>
      <trkpt lat="46.2623967602849" lon="15.172278648242354">
        <ele>264.6000061035156</ele>
      </trkpt>
      <trkpt lat="46.262346804142" lon="15.172169851139188">
        <ele>264.3999938964844</ele>
      </trkpt>
      <trkpt lat="46.262302212417126" lon="15.17205510288477">
        <ele>264.20001220703125</ele>
      </trkpt>
      <trkpt lat="46.262267511337996" lon="15.171966087073088">
        <ele>264</ele>
      </trkpt>
      <trkpt lat="46.26220565289259" lon="15.171847399324179">
        <ele>263.79998779296875</ele>
      </trkpt>
      <trkpt lat="46.26214941032231" lon="15.171788893640041">
        <ele>263.6000061035156</ele>
      </trkpt>
      <trkpt lat="46.262055952101946" lon="15.171730471774936">
        <ele>263.6000061035156</ele>
      </trkpt>
      <trkpt lat="46.261972887441516" lon="15.171712869778275">
        <ele>263.3999938964844</ele>
      </trkpt>
      <trkpt lat="46.26190851442516" lon="15.171712953597307">
        <ele>263.3999938964844</ele>
      </trkpt>
      <trkpt lat="46.26181052997708" lon="15.171717815101147">
        <ele>263.3999938964844</ele>
      </trkpt>
      <trkpt lat="46.261729476973414" lon="15.17172334715724">
        <ele>263.3999938964844</ele>
      </trkpt>
      <trkpt lat="46.26164825633168" lon="15.171731058508158">
        <ele>263.3999938964844</ele>
      </trkpt>
      <trkpt lat="46.26156670041382" lon="15.1717375125736">
        <ele>263.20001220703125</ele>
      </trkpt>
      <trkpt lat="46.26148791052401" lon="15.171738350763917">
        <ele>263.3999938964844</ele>
      </trkpt>
      <trkpt lat="46.261409958824515" lon="15.17172770574689">
        <ele>263.20001220703125</ele>
      </trkpt>
      <trkpt lat="46.26133510842919" lon="15.17170138657093">
        <ele>263.3999938964844</ele>
      </trkpt>
      <trkpt lat="46.261264281347394" lon="15.171656794846058">
        <ele>263.3999938964844</ele>
      </trkpt>
      <trkpt lat="46.261197896674275" lon="15.171599965542555">
        <ele>263.6000061035156</ele>
      </trkpt>
      <trkpt lat="46.261135870590806" lon="15.171530647203326">
        <ele>263.6000061035156</ele>
      </trkpt>
      <trkpt lat="46.26107702963054" lon="15.171454204246402">
        <ele>263.6000061035156</ele>
      </trkpt>
      <trkpt lat="46.2610238045454" lon="15.171372648328543">
        <ele>263.6000061035156</ele>
      </trkpt>
      <trkpt lat="46.26097619533539" lon="15.171280447393656">
        <ele>263.6000061035156</ele>
      </trkpt>
      <trkpt lat="46.26093143597245" lon="15.171182295307517">
        <ele>263.6000061035156</ele>
      </trkpt>
      <trkpt lat="46.260889107361436" lon="15.17108229920268">
        <ele>263.3999938964844</ele>
      </trkpt>
      <trkpt lat="46.260857842862606" lon="15.17100216820836">
        <ele>263.3999938964844</ele>
      </trkpt>
      <trkpt lat="46.26081023365259" lon="15.170904602855444">
        <ele>263.3999938964844</ele>
      </trkpt>
      <trkpt lat="46.2607492133975" lon="15.170802595093846">
        <ele>263.3999938964844</ele>
      </trkpt>
      <trkpt lat="46.260690623894334" lon="15.170730175450444">
        <ele>263.3999938964844</ele>
      </trkpt>
      <trkpt lat="46.26064192503691" lon="15.170678375288844">
        <ele>263.3999938964844</ele>
      </trkpt>
      <trkpt lat="46.26058149151504" lon="15.17061609774828">
        <ele>263.3999938964844</ele>
      </trkpt>
      <trkpt lat="46.2605195492506" lon="15.170551557093859">
        <ele>263.3999938964844</ele>
      </trkpt>
      <trkpt lat="46.260457606986165" lon="15.17048659734428">
        <ele>263.6000061035156</ele>
      </trkpt>
      <trkpt lat="46.26040069386363" lon="15.170418620109558">
        <ele>263.3999938964844</ele>
      </trkpt>
      <trkpt lat="46.2603572756052" lon="15.170331196859479">
        <ele>263.6000061035156</ele>
      </trkpt>
      <trkpt lat="46.2603297829628" lon="15.170207396149635">
        <ele>263.6000061035156</ele>
      </trkpt>
      <trkpt lat="46.26033078879118" lon="15.170097425580025">
        <ele>263.6000061035156</ele>
      </trkpt>
      <trkpt lat="46.26034587621689" lon="15.169990472495556">
        <ele>263.79998779296875</ele>
      </trkpt>
      <trkpt lat="46.26036750152707" lon="15.169884106144309">
        <ele>263.79998779296875</ele>
      </trkpt>
      <trkpt lat="46.26039340160787" lon="15.169779667630792">
        <ele>263.79998779296875</ele>
      </trkpt>
      <trkpt lat="46.26042374409735" lon="15.169677743688226">
        <ele>263.79998779296875</ele>
      </trkpt>
      <trkpt lat="46.260456684976816" lon="15.169577496126294">
        <ele>263.79998779296875</ele>
      </trkpt>
      <trkpt lat="46.26049071550369" lon="15.169479930773377">
        <ele>263.79998779296875</ele>
      </trkpt>
      <trkpt lat="46.26052441075444" lon="15.169383874163032">
        <ele>263.79998779296875</ele>
      </trkpt>
      <trkpt lat="46.26055106520653" lon="15.169307766482234">
        <ele>263.79998779296875</ele>
      </trkpt>
      <trkpt lat="46.260588029399514" lon="15.169194443151355">
        <ele>264</ele>
      </trkpt>
      <trkpt lat="46.2606165278703" lon="15.169098302721977">
        <ele>264</ele>
      </trkpt>
      <trkpt lat="46.260643769055605" lon="15.16900165937841">
        <ele>264</ele>
      </trkpt>
      <trkpt lat="46.260667238384485" lon="15.168903088197112">
        <ele>264.20001220703125</ele>
      </trkpt>
      <trkpt lat="46.26068442128599" lon="15.168802924454212">
        <ele>264.20001220703125</ele>
      </trkpt>
      <trkpt lat="46.260696491226554" lon="15.168701084330678">
        <ele>264.20001220703125</ele>
      </trkpt>
      <trkpt lat="46.26070604659617" lon="15.168598238378763">
        <ele>264.3999938964844</ele>
      </trkpt>
      <trkpt lat="46.26071501523256" lon="15.168495895341039">
        <ele>264.3999938964844</ele>
      </trkpt>
      <trkpt lat="46.26072423532605" lon="15.168391540646553">
        <ele>264.3999938964844</ele>
      </trkpt>
      <trkpt lat="46.26073345541954" lon="15.168289029970765">
        <ele>264.6000061035156</ele>
      </trkpt>
      <trkpt lat="46.260742507874966" lon="15.168186854571104">
        <ele>264.6000061035156</ele>
      </trkpt>
      <trkpt lat="46.26074988394976" lon="15.168084176257253">
        <ele>264.6000061035156</ele>
      </trkpt>
      <trkpt lat="46.260756086558104" lon="15.167982755228877">
        <ele>264.6000061035156</ele>
      </trkpt>
      <trkpt lat="46.26076220534742" lon="15.16788024455309">
        <ele>264.6000061035156</ele>
      </trkpt>
      <trkpt lat="46.2607684917748" lon="15.167777063325047">
        <ele>264.6000061035156</ele>
      </trkpt>
      <trkpt lat="46.26077410764992" lon="15.167676145210862">
        <ele>264.6000061035156</ele>
      </trkpt>
      <trkpt lat="46.26077997498214" lon="15.167576484382153">
        <ele>264.6000061035156</ele>
      </trkpt>
      <trkpt lat="46.26078760251403" lon="15.16747472807765">
        <ele>264.6000061035156</ele>
      </trkpt>
      <trkpt lat="46.260795313864946" lon="15.16737263649702">
        <ele>264.6000061035156</ele>
      </trkpt>
      <trkpt lat="46.260801600292325" lon="15.167270209640265">
        <ele>264.6000061035156</ele>
      </trkpt>
      <trkpt lat="46.260806964710355" lon="15.167166022583842">
        <ele>264.79998779296875</ele>
      </trkpt>
      <trkpt lat="46.260810401290655" lon="15.167063092812896">
        <ele>264.79998779296875</ele>
      </trkpt>
      <trkpt lat="46.26081559807062" lon="15.166957480832934">
        <ele>264.79998779296875</ele>
      </trkpt>
      <trkpt lat="46.260821633040905" lon="15.166851365938783">
        <ele>264.79998779296875</ele>
      </trkpt>
      <trkpt lat="46.26082523725927" lon="15.16674424521625">
        <ele>264.79998779296875</ele>
      </trkpt>
      <trkpt lat="46.260825991630554" lon="15.166638633236289">
        <ele>264.79998779296875</ele>
      </trkpt>
      <trkpt lat="46.26082708127797" lon="15.166531009599566">
        <ele>264.6000061035156</ele>
      </trkpt>
      <trkpt lat="46.26082758419216" lon="15.166424056515098">
        <ele>264.6000061035156</ele>
      </trkpt>
      <trkpt lat="46.26082833856344" lon="15.166316851973534">
        <ele>264.6000061035156</ele>
      </trkpt>
      <trkpt lat="46.260829009115696" lon="15.166210737079382">
        <ele>264.6000061035156</ele>
      </trkpt>
      <trkpt lat="46.26083026640117" lon="15.166103532537818">
        <ele>264.6000061035156</ele>
      </trkpt>
      <trkpt lat="46.26083118841052" lon="15.165997501462698">
        <ele>264.6000061035156</ele>
      </trkpt>
      <trkpt lat="46.26083152368665" lon="15.165890799835324">
        <ele>264.6000061035156</ele>
      </trkpt>
      <trkpt lat="46.26083068549633" lon="15.165782757103443">
        <ele>264.6000061035156</ele>
      </trkpt>
      <trkpt lat="46.26082867383957" lon="15.16567362472415">
        <ele>264.79998779296875</ele>
      </trkpt>
      <trkpt lat="46.260828003287315" lon="15.165564743801951">
        <ele>264.79998779296875</ele>
      </trkpt>
      <trkpt lat="46.26082741655409" lon="15.165453935042024">
        <ele>264.79998779296875</ele>
      </trkpt>
      <trkpt lat="46.26082783564925" lon="15.16534329392016">
        <ele>264.79998779296875</ele>
      </trkpt>
      <trkpt lat="46.260830434039235" lon="15.16523340716958">
        <ele>264.79998779296875</ele>
      </trkpt>
      <trkpt lat="46.260833870619535" lon="15.16512293368578">
        <ele>264.79998779296875</ele>
      </trkpt>
      <trkpt lat="46.260836301371455" lon="15.165010197088122">
        <ele>264.79998779296875</ele>
      </trkpt>
      <trkpt lat="46.26083604991436" lon="15.164896454662085">
        <ele>264.79998779296875</ele>
      </trkpt>
      <trkpt lat="46.26083655282855" lon="15.164782209321856">
        <ele>264.79998779296875</ele>
      </trkpt>
      <trkpt lat="46.2608374748379" lon="15.16467148438096">
        <ele>264.79998779296875</ele>
      </trkpt>
      <trkpt lat="46.260836804285645" lon="15.164557490497828">
        <ele>264.79998779296875</ele>
      </trkpt>
      <trkpt lat="46.2608358822763" lon="15.164445172995329">
        <ele>264.79998779296875</ele>
      </trkpt>
      <trkpt lat="46.26083454117179" lon="15.164331262931228">
        <ele>264.6000061035156</ele>
      </trkpt>
      <trkpt lat="46.26083345152438" lon="15.164216933771968">
        <ele>264.6000061035156</ele>
      </trkpt>
      <trkpt lat="46.26083320006728" lon="15.164101766422391">
        <ele>264.6000061035156</ele>
      </trkpt>
      <trkpt lat="46.2608321942389" lon="15.163986179977655">
        <ele>264.6000061035156</ele>
      </trkpt>
      <trkpt lat="46.26083261333406" lon="15.163870677351952">
        <ele>264.6000061035156</ele>
      </trkpt>
      <trkpt lat="46.260832445695996" lon="15.163756515830755">
        <ele>264.3999938964844</ele>
      </trkpt>
      <trkpt lat="46.26083202660084" lon="15.163641851395369">
        <ele>264.6000061035156</ele>
      </trkpt>
      <trkpt lat="46.260829931125045" lon="15.163528192788363">
        <ele>264.6000061035156</ele>
      </trkpt>
      <trkpt lat="46.26082817092538" lon="15.16341520473361">
        <ele>264.6000061035156</ele>
      </trkpt>
      <trkpt lat="46.260826578363776" lon="15.163302887231112">
        <ele>264.6000061035156</ele>
      </trkpt>
      <trkpt lat="46.26082465052605" lon="15.163190318271518">
        <ele>264.6000061035156</ele>
      </trkpt>
      <trkpt lat="46.260822135955095" lon="15.163076659664512">
        <ele>264.6000061035156</ele>
      </trkpt>
      <trkpt lat="46.26081936992705" lon="15.162962162867188">
        <ele>264.6000061035156</ele>
      </trkpt>
      <trkpt lat="46.26081601716578" lon="15.162846157327294">
        <ele>264.6000061035156</ele>
      </trkpt>
      <trkpt lat="46.26081274822354" lon="15.162728140130639">
        <ele>264.3999938964844</ele>
      </trkpt>
      <trkpt lat="46.260809479281306" lon="15.162611044943333">
        <ele>264.3999938964844</ele>
      </trkpt>
      <trkpt lat="46.2608062941581" lon="15.162492441013455">
        <ele>264.3999938964844</ele>
      </trkpt>
      <trkpt lat="46.26080193556845" lon="15.162373250350356">
        <ele>264.3999938964844</ele>
      </trkpt>
      <trkpt lat="46.26079606823623" lon="15.162254562601447">
        <ele>264.3999938964844</ele>
      </trkpt>
      <trkpt lat="46.260787853971124" lon="15.162136629223824">
        <ele>264.3999938964844</ele>
      </trkpt>
      <trkpt lat="46.260780058801174" lon="15.162018612027168">
        <ele>264.3999938964844</ele>
      </trkpt>
      <trkpt lat="46.260768827050924" lon="15.161901600658894">
        <ele>264.3999938964844</ele>
      </trkpt>
      <trkpt lat="46.26075549982488" lon="15.161784337833524">
        <ele>264.3999938964844</ele>
      </trkpt>
      <trkpt lat="46.26074435189366" lon="15.161666069179773">
        <ele>264.3999938964844</ele>
      </trkpt>
      <trkpt lat="46.26073395833373" lon="15.161546375602484">
        <ele>264.3999938964844</ele>
      </trkpt>
      <trkpt lat="46.26072264276445" lon="15.161426346749067">
        <ele>264.3999938964844</ele>
      </trkpt>
      <trkpt lat="46.26071015372872" lon="15.161305144429207">
        <ele>264.3999938964844</ele>
      </trkpt>
      <trkpt lat="46.2606992572546" lon="15.161180756986141">
        <ele>264.3999938964844</ele>
      </trkpt>
      <trkpt lat="46.260691126808524" lon="15.16105611808598">
        <ele>264.6000061035156</ele>
      </trkpt>
      <trkpt lat="46.26068131998181" lon="15.160931646823883">
        <ele>264.6000061035156</ele>
      </trkpt>
      <trkpt lat="46.26066748984158" lon="15.160807678475976">
        <ele>264.6000061035156</ele>
      </trkpt>
      <trkpt lat="46.26065558753908" lon="15.160683374851942">
        <ele>264.79998779296875</ele>
      </trkpt>
      <trkpt lat="46.26064318232238" lon="15.16055814921856">
        <ele>264.79998779296875</ele>
      </trkpt>
      <trkpt lat="46.26063077710569" lon="15.160433007404208">
        <ele>264.79998779296875</ele>
      </trkpt>
      <trkpt lat="46.26061870716512" lon="15.160308871418238">
        <ele>264.79998779296875</ele>
      </trkpt>
      <trkpt lat="46.26060680486262" lon="15.160185405984521">
        <ele>264.79998779296875</ele>
      </trkpt>
      <trkpt lat="46.26059456728399" lon="15.16006076708436">
        <ele>264.79998779296875</ele>
      </trkpt>
      <trkpt lat="46.260584173724055" lon="15.159935289993882">
        <ele>264.79998779296875</ele>
      </trkpt>
      <trkpt lat="46.26057378016412" lon="15.15980863943696">
        <ele>264.79998779296875</ele>
      </trkpt>
      <trkpt lat="46.26056296750903" lon="15.159681821241975">
        <ele>264.79998779296875</ele>
      </trkpt>
      <trkpt lat="46.26055508852005" lon="15.159554667770863">
        <ele>264.79998779296875</ele>
      </trkpt>
      <trkpt lat="46.26055014319718" lon="15.15942994505167">
        <ele>264.79998779296875</ele>
      </trkpt>
      <trkpt lat="46.260548047721386" lon="15.159304970875382">
        <ele>264.79998779296875</ele>
      </trkpt>
      <trkpt lat="46.26054712571204" lon="15.159177398309112">
        <ele>264.79998779296875</ele>
      </trkpt>
      <trkpt lat="46.26054821535945" lon="15.159051585942507">
        <ele>264.6000061035156</ele>
      </trkpt>
      <trkpt lat="46.26055156812072" lon="15.158925270661712">
        <ele>264.79998779296875</ele>
      </trkpt>
      <trkpt lat="46.26055852510035" lon="15.1587981171906">
        <ele>264.79998779296875</ele>
      </trkpt>
      <trkpt lat="46.26056824810803" lon="15.158671801909804">
        <ele>264.79998779296875</ele>
      </trkpt>
      <trkpt lat="46.26058149151504" lon="15.158548755571246">
        <ele>264.79998779296875</ele>
      </trkpt>
      <trkpt lat="46.260596327483654" lon="15.158425960689783">
        <ele>265</ele>
      </trkpt>
      <trkpt lat="46.26061208546162" lon="15.158302495256066">
        <ele>265</ele>
      </trkpt>
      <trkpt lat="46.26062993891537" lon="15.158178023993969">
        <ele>265.20001220703125</ele>
      </trkpt>
      <trkpt lat="46.26064829528332" lon="15.158055564388633">
        <ele>265.20001220703125</ele>
      </trkpt>
      <trkpt lat="46.26066438853741" lon="15.157932937145233">
        <ele>265.20001220703125</ele>
      </trkpt>
      <trkpt lat="46.26067905686796" lon="15.157815087586641">
        <ele>265.20001220703125</ele>
      </trkpt>
      <trkpt lat="46.260694563388824" lon="15.157699165865779">
        <ele>265.20001220703125</ele>
      </trkpt>
      <trkpt lat="46.2607130035758" lon="15.157584166154265">
        <ele>265.20001220703125</ele>
      </trkpt>
      <trkpt lat="46.26073630526662" lon="15.157472603023052">
        <ele>265.20001220703125</ele>
      </trkpt>
      <trkpt lat="46.260762540623546" lon="15.157364811748266">
        <ele>265.20001220703125</ele>
      </trkpt>
      <trkpt lat="46.26078860834241" lon="15.15725802630186">
        <ele>265.20001220703125</ele>
      </trkpt>
      <trkpt lat="46.26081551425159" lon="15.157153755426407">
        <ele>265.3999938964844</ele>
      </trkpt>
      <trkpt lat="46.26084007322788" lon="15.15705132856965">
        <ele>265.20001220703125</ele>
      </trkpt>
      <trkpt lat="46.26086329109967" lon="15.15694965608418">
        <ele>265.3999938964844</ele>
      </trkpt>
      <trkpt lat="46.26088893972337" lon="15.156852174550295">
        <ele>265.6000061035156</ele>
      </trkpt>
      <trkpt lat="46.26091668382287" lon="15.156763074919581">
        <ele>265.6000061035156</ele>
      </trkpt>
      <trkpt lat="46.26094308681786" lon="15.156684704124928">
        <ele>265.6000061035156</ele>
      </trkpt>
      <trkpt lat="46.26096161082387" lon="15.15661052428186">
        <ele>265.6000061035156</ele>
      </trkpt>
      <trkpt lat="46.26096655614674" lon="15.156538859009743">
        <ele>265.6000061035156</ele>
      </trkpt>
      <trkpt lat="46.26094987615943" lon="15.156469205394387">
        <ele>265.6000061035156</ele>
      </trkpt>
      <trkpt lat="46.26091651618481" lon="15.156408352777362">
        <ele>265.6000061035156</ele>
      </trkpt>
      <trkpt lat="46.26086940988898" lon="15.156363677233458">
        <ele>265.6000061035156</ele>
      </trkpt>
      <trkpt lat="46.26081149093807" lon="15.156323527917266">
        <ele>265.6000061035156</ele>
      </trkpt>
      <trkpt lat="46.26075600273907" lon="15.156286815181375">
        <ele>265.6000061035156</ele>
      </trkpt>
      <trkpt lat="46.26069833524525" lon="15.156248258426785">
        <ele>265.6000061035156</ele>
      </trkpt>
      <trkpt lat="46.2606405839324" lon="15.156212719157338">
        <ele>265.6000061035156</ele>
      </trkpt>
      <trkpt lat="46.26058107241988" lon="15.156178437173367">
        <ele>265.6000061035156</ele>
      </trkpt>
      <trkpt lat="46.26052030362189" lon="15.156143233180046">
        <ele>265.6000061035156</ele>
      </trkpt>
      <trkpt lat="46.260458528995514" lon="15.156107945367694">
        <ele>265.6000061035156</ele>
      </trkpt>
      <trkpt lat="46.260396502912045" lon="15.156070897355676">
        <ele>265.6000061035156</ele>
      </trkpt>
      <trkpt lat="46.26033095642924" lon="15.156029406934977">
        <ele>265.6000061035156</ele>
      </trkpt>
      <trkpt lat="46.26026918180287" lon="15.155992861837149">
        <ele>265.6000061035156</ele>
      </trkpt>
      <trkpt lat="46.26020975410938" lon="15.155957657843828">
        <ele>265.3999938964844</ele>
      </trkpt>
      <trkpt lat="46.26015015877783" lon="15.155921699479222">
        <ele>265.3999938964844</ele>
      </trkpt>
      <trkpt lat="46.26009022817016" lon="15.155884232372046">
        <ele>265.3999938964844</ele>
      </trkpt>
      <trkpt lat="46.26003029756248" lon="15.15584098175168">
        <ele>265.3999938964844</ele>
      </trkpt>
      <trkpt lat="46.25997078604996" lon="15.15579890459776">
        <ele>265.3999938964844</ele>
      </trkpt>
      <trkpt lat="46.25991144217551" lon="15.155762443318963">
        <ele>265.3999938964844</ele>
      </trkpt>
      <trkpt lat="46.259854109957814" lon="15.155728328973055">
        <ele>265.6000061035156</ele>
      </trkpt>
      <trkpt lat="46.25980800949037" lon="15.155681977048516">
        <ele>265.6000061035156</ele>
      </trkpt>
      <trkpt lat="46.25978454016149" lon="15.155624896287918">
        <ele>265.79998779296875</ele>
      </trkpt>
      <trkpt lat="46.25978847965598" lon="15.15557510778308">
        <ele>265.79998779296875</ele>
      </trkpt>
      <trkpt lat="46.259815553203225" lon="15.155510064214468">
        <ele>265.79998779296875</ele>
      </trkpt>
      <trkpt lat="46.25985436141491" lon="15.155469663441181">
        <ele>265.79998779296875</ele>
      </trkpt>
      <trkpt lat="46.25989736057818" lon="15.155432866886258">
        <ele>265.79998779296875</ele>
      </trkpt>
      <trkpt lat="46.25994136556983" lon="15.155392717570066">
        <ele>265.6000061035156</ele>
      </trkpt>
      <trkpt lat="46.259982604533434" lon="15.155348628759384">
        <ele>265.6000061035156</ele>
      </trkpt>
      <trkpt lat="46.260025184601545" lon="15.15530101954937">
        <ele>265.6000061035156</ele>
      </trkpt>
      <trkpt lat="46.26006776466966" lon="15.155250895768404">
        <ele>265.6000061035156</ele>
      </trkpt>
      <trkpt lat="46.26010950654745" lon="15.15519649721682">
        <ele>265.6000061035156</ele>
      </trkpt>
      <trkpt lat="46.260151667520404" lon="15.155141847208142">
        <ele>265.6000061035156</ele>
      </trkpt>
      <trkpt lat="46.26019433140755" lon="15.155084431171417">
        <ele>265.6000061035156</ele>
      </trkpt>
      <trkpt lat="46.26023548655212" lon="15.155023243278265">
        <ele>265.79998779296875</ele>
      </trkpt>
      <trkpt lat="46.26027412712574" lon="15.15495803207159">
        <ele>265.79998779296875</ele>
      </trkpt>
      <trkpt lat="46.26031083986163" lon="15.154888210818172">
        <ele>265.79998779296875</ele>
      </trkpt>
      <trkpt lat="46.26034704968333" lon="15.154816545546055">
        <ele>265.79998779296875</ele>
      </trkpt>
      <trkpt lat="46.26038200221956" lon="15.154744628816843">
        <ele>265.79998779296875</ele>
      </trkpt>
      <trkpt lat="46.26041812822223" lon="15.154671957716346">
        <ele>265.79998779296875</ele>
      </trkpt>
      <trkpt lat="46.26044905744493" lon="15.154614625498652">
        <ele>265.79998779296875</ele>
      </trkpt>
      <trkpt lat="46.26048577018082" lon="15.154543966054916">
        <ele>265.6000061035156</ele>
      </trkpt>
      <trkpt lat="46.26052977517247" lon="15.154460314661264">
        <ele>265.6000061035156</ele>
      </trkpt>
      <trkpt lat="46.26056766137481" lon="15.154390493407845">
        <ele>265.6000061035156</ele>
      </trkpt>
      <trkpt lat="46.26060546375811" lon="15.154321007430553">
        <ele>265.6000061035156</ele>
      </trkpt>
      <trkpt lat="46.26064418815076" lon="15.154250180348754">
        <ele>265.6000061035156</ele>
      </trkpt>
      <trkpt lat="46.26068308018148" lon="15.154179185628891">
        <ele>265.6000061035156</ele>
      </trkpt>
      <trkpt lat="46.260720044374466" lon="15.154107604175806">
        <ele>265.6000061035156</ele>
      </trkpt>
      <trkpt lat="46.26075734384358" lon="15.154036609455943">
        <ele>265.79998779296875</ele>
      </trkpt>
      <trkpt lat="46.26079321838915" lon="15.153963938355446">
        <ele>265.79998779296875</ele>
      </trkpt>
      <trkpt lat="46.26083076931536" lon="15.15389327891171">
        <ele>266</ele>
      </trkpt>
      <trkpt lat="46.26087117008865" lon="15.153825553134084">
        <ele>266.20001220703125</ele>
      </trkpt>
      <trkpt lat="46.260912073776126" lon="15.15375841408968">
        <ele>266.3999938964844</ele>
      </trkpt>
      <trkpt lat="46.26095088198781" lon="15.15368951484561">
        <ele>266.6000061035156</ele>
      </trkpt>
      <trkpt lat="46.26099077984691" lon="15.153620196506381">
        <ele>266.6000061035156</ele>
      </trkpt>
      <trkpt lat="46.26102078706026" lon="15.153564037755132">
        <ele>266.6000061035156</ele>
      </trkpt>
      <trkpt lat="46.2610652949661" lon="15.153478123247623">
        <ele>266.6000061035156</ele>
      </trkpt>
      <trkpt lat="46.26110318116844" lon="15.153410146012902">
        <ele>266.6000061035156</ele>
      </trkpt>
      <trkpt lat="46.261140229180455" lon="15.15334309078753">
        <ele>266.6000061035156</ele>
      </trkpt>
      <trkpt lat="46.261177361011505" lon="15.153273520991206">
        <ele>266.6000061035156</ele>
      </trkpt>
      <trkpt lat="46.26121507957578" lon="15.15320386737585">
        <ele>266.6000061035156</ele>
      </trkpt>
      <trkpt lat="46.26125472597778" lon="15.153136979788542">
        <ele>266.6000061035156</ele>
      </trkpt>
      <trkpt lat="46.2612983956933" lon="15.153071265667677">
        <ele>266.6000061035156</ele>
      </trkpt>
      <trkpt lat="46.26134583726525" lon="15.153008233755827">
        <ele>266.6000061035156</ele>
      </trkpt>
      <trkpt lat="46.261394368484616" lon="15.152946207672358">
        <ele>266.6000061035156</ele>
      </trkpt>
      <trkpt lat="46.26144524663687" lon="15.152887450531125">
        <ele>266.6000061035156</ele>
      </trkpt>
      <trkpt lat="46.26149922609329" lon="15.152831291779876">
        <ele>266.6000061035156</ele>
      </trkpt>
      <trkpt lat="46.26155530102551" lon="15.152777647599578">
        <ele>266.6000061035156</ele>
      </trkpt>
      <trkpt lat="46.26161154359579" lon="15.152728278189898">
        <ele>266.6000061035156</ele>
      </trkpt>
      <trkpt lat="46.261669881641865" lon="15.152680417522788">
        <ele>266.6000061035156</ele>
      </trkpt>
      <trkpt lat="46.26172872260213" lon="15.152636412531137">
        <ele>266.6000061035156</ele>
      </trkpt>
      <trkpt lat="46.261786138638854" lon="15.15259450301528">
        <ele>266.6000061035156</ele>
      </trkpt>
      <trkpt lat="46.26184221357107" lon="15.152548151090741">
        <ele>266.3999938964844</ele>
      </trkpt>
      <trkpt lat="46.26189669594169" lon="15.152502804994583">
        <ele>266.6000061035156</ele>
      </trkpt>
      <trkpt lat="46.26195050776005" lon="15.1524587161839">
        <ele>266.6000061035156</ele>
      </trkpt>
      <trkpt lat="46.262003649026155" lon="15.15241320244968">
        <ele>266.6000061035156</ele>
      </trkpt>
      <trkpt lat="46.26205259934068" lon="15.152361234650016">
        <ele>266.6000061035156</ele>
      </trkpt>
      <trkpt lat="46.262099370360374" lon="15.152301890775561">
        <ele>266.6000061035156</ele>
      </trkpt>
      <trkpt lat="46.2621427886188" lon="15.152239613234997">
        <ele>266.6000061035156</ele>
      </trkpt>
      <trkpt lat="46.262180507183075" lon="15.152171552181244">
        <ele>266.6000061035156</ele>
      </trkpt>
      <trkpt lat="46.26221696846187" lon="15.152101814746857">
        <ele>266.6000061035156</ele>
      </trkpt>
      <trkpt lat="46.26225066371262" lon="15.152029562741518">
        <ele>266.6000061035156</ele>
      </trkpt>
      <trkpt lat="46.26228109002113" lon="15.151956556364894">
        <ele>266.79998779296875</ele>
      </trkpt>
      <trkpt lat="46.26230631954968" lon="15.151879861950874">
        <ele>267</ele>
      </trkpt>
      <trkpt lat="46.2623296212405" lon="15.15179947949946">
        <ele>267</ele>
      </trkpt>
      <trkpt lat="46.26235065981746" lon="15.151717588305473">
        <ele>267.20001220703125</ele>
      </trkpt>
      <trkpt lat="46.26237002201378" lon="15.151634272187948">
        <ele>267.20001220703125</ele>
      </trkpt>
      <trkpt lat="46.26238837838173" lon="15.151549950242043">
        <ele>267.20001220703125</ele>
      </trkpt>
      <trkpt lat="46.2624038849026" lon="15.151465041562915">
        <ele>267.20001220703125</ele>
      </trkpt>
      <trkpt lat="46.26241721212864" lon="15.151378875598311">
        <ele>267.3999938964844</ele>
      </trkpt>
      <trkpt lat="46.26243053935468" lon="15.151290027424693">
        <ele>267.3999938964844</ele>
      </trkpt>
      <trkpt lat="46.2624400947243" lon="15.151202855631709">
        <ele>267.3999938964844</ele>
      </trkpt>
      <trkpt lat="46.26244839280844" lon="15.151132280007005">
        <ele>267.6000061035156</ele>
      </trkpt>
      <trkpt lat="46.26245962455869" lon="15.151027170941234">
        <ele>267.6000061035156</ele>
      </trkpt>
      <trkpt lat="46.262469263747334" lon="15.150937903672457">
        <ele>267.79998779296875</ele>
      </trkpt>
      <trkpt lat="46.26247647218406" lon="15.150848804041743">
        <ele>267.79998779296875</ele>
      </trkpt>
      <trkpt lat="46.26248066313565" lon="15.15077730640769">
        <ele>267.79998779296875</ele>
      </trkpt>
      <trkpt lat="46.26248334534466" lon="15.150668174028397">
        <ele>268</ele>
      </trkpt>
      <trkpt lat="46.26248225569725" lon="15.150578236207366">
        <ele>268</ele>
      </trkpt>
      <trkpt lat="46.262478148564696" lon="15.150486957281828">
        <ele>268</ele>
      </trkpt>
      <trkpt lat="46.26247311942279" lon="15.150396097451448">
        <ele>268</ele>
      </trkpt>
      <trkpt lat="46.26246691681445" lon="15.150306662544608">
        <ele>268.20001220703125</ele>
      </trkpt>
      <trkpt lat="46.26245819963515" lon="15.150217227637768">
        <ele>268.20001220703125</ele>
      </trkpt>
      <trkpt lat="46.26244797371328" lon="15.150128211826086">
        <ele>268.20001220703125</ele>
      </trkpt>
      <trkpt lat="46.2624398432672" lon="15.150054870173335">
        <ele>268.20001220703125</ele>
      </trkpt>
      <trkpt lat="46.262428192421794" lon="15.149946240708232">
        <ele>268.3999938964844</ele>
      </trkpt>
      <trkpt lat="46.262418050318956" lon="15.149856135249138">
        <ele>268.3999938964844</ele>
      </trkpt>
      <trkpt lat="46.26241126097739" lon="15.1497648563236">
        <ele>268.3999938964844</ele>
      </trkpt>
      <trkpt lat="46.26240656711161" lon="15.149670811370015">
        <ele>268.3999938964844</ele>
      </trkpt>
      <trkpt lat="46.2624020408839" lon="15.149574503302574">
        <ele>268.3999938964844</ele>
      </trkpt>
      <trkpt lat="46.26239868812263" lon="15.149480374529958">
        <ele>268.3999938964844</ele>
      </trkpt>
      <trkpt lat="46.26239818520844" lon="15.14938523992896">
        <ele>268.3999938964844</ele>
      </trkpt>
      <trkpt lat="46.26239734701812" lon="15.149289267137647">
        <ele>268.3999938964844</ele>
      </trkpt>
      <trkpt lat="46.262396425008774" lon="15.149191617965698">
        <ele>268.3999938964844</ele>
      </trkpt>
      <trkpt lat="46.262397430837154" lon="15.149090783670545">
        <ele>268.3999938964844</ele>
      </trkpt>
      <trkpt lat="46.262397514656186" lon="15.148989949375391">
        <ele>268.3999938964844</ele>
      </trkpt>
      <trkpt lat="46.26239885576069" lon="15.148887857794762">
        <ele>268.3999938964844</ele>
      </trkpt>
      <trkpt lat="46.26240053214133" lon="15.14878618530929">
        <ele>268.3999938964844</ele>
      </trkpt>
      <trkpt lat="46.262402795255184" lon="15.148684429004788">
        <ele>268.3999938964844</ele>
      </trkpt>
      <trkpt lat="46.26240396872163" lon="15.148583259433508">
        <ele>268.6000061035156</ele>
      </trkpt>
      <trkpt lat="46.26240405254066" lon="15.1484817545861">
        <ele>268.6000061035156</ele>
      </trkpt>
      <trkpt lat="46.26240489073098" lon="15.148379327729344">
        <ele>268.6000061035156</ele>
      </trkpt>
      <trkpt lat="46.26240455545485" lon="15.14827799052">
        <ele>268.79998779296875</ele>
      </trkpt>
      <trkpt lat="46.262404723092914" lon="15.148176150396466">
        <ele>268.79998779296875</ele>
      </trkpt>
      <trkpt lat="46.26240489073098" lon="15.148075064644217">
        <ele>268.79998779296875</ele>
      </trkpt>
      <trkpt lat="46.26240648329258" lon="15.147972470149398">
        <ele>268.79998779296875</ele>
      </trkpt>
      <trkpt lat="46.26240941695869" lon="15.147870127111673">
        <ele>268.79998779296875</ele>
      </trkpt>
      <trkpt lat="46.26241201534867" lon="15.14776585623622">
        <ele>268.79998779296875</ele>
      </trkpt>
      <trkpt lat="46.262413524091244" lon="15.147662088274956">
        <ele>268.79998779296875</ele>
      </trkpt>
      <trkpt lat="46.262414027005434" lon="15.14755915850401">
        <ele>269</ele>
      </trkpt>
      <trkpt lat="46.26241612248123" lon="15.147459246218204">
        <ele>269</ele>
      </trkpt>
      <trkpt lat="46.26241955906153" lon="15.147357825189829">
        <ele>269</ele>
      </trkpt>
      <trkpt lat="46.26242458820343" lon="15.14725430868566">
        <ele>269.20001220703125</ele>
      </trkpt>
      <trkpt lat="46.26243179664016" lon="15.147149786353111">
        <ele>269.20001220703125</ele>
      </trkpt>
      <trkpt lat="46.2624400947243" lon="15.14704610221088">
        <ele>269.3999938964844</ele>
      </trkpt>
      <trkpt lat="46.26244805753231" lon="15.146944429725409">
        <ele>269.3999938964844</ele>
      </trkpt>
      <trkpt lat="46.26245551742613" lon="15.14684233814478">
        <ele>269.3999938964844</ele>
      </trkpt>
      <trkpt lat="46.262462390586734" lon="15.146742258220911">
        <ele>269.3999938964844</ele>
      </trkpt>
      <trkpt lat="46.26246708445251" lon="15.146643184125423">
        <ele>269.3999938964844</ele>
      </trkpt>
      <trkpt lat="46.26247186213732" lon="15.146541176363826">
        <ele>269.3999938964844</ele>
      </trkpt>
      <trkpt lat="46.262478064745665" lon="15.146441934630275">
        <ele>269.3999938964844</ele>
      </trkpt>
      <trkpt lat="46.262483429163694" lon="15.146361133083701">
        <ele>269.3999938964844</ele>
      </trkpt>
      <trkpt lat="46.26249147579074" lon="15.146240098401904">
        <ele>269.3999938964844</ele>
      </trkpt>
      <trkpt lat="46.262499103322625" lon="15.146141108125448">
        <ele>269.3999938964844</ele>
      </trkpt>
      <trkpt lat="46.26250958070159" lon="15.146042536944151">
        <ele>269.3999938964844</ele>
      </trkpt>
      <trkpt lat="46.26251787878573" lon="15.145960645750165">
        <ele>269.3999938964844</ele>
      </trkpt>
      <trkpt lat="46.26252927817404" lon="15.145837850868702">
        <ele>269.6000061035156</ele>
      </trkpt>
      <trkpt lat="46.26253858208656" lon="15.145738022401929">
        <ele>269.6000061035156</ele>
      </trkpt>
      <trkpt lat="46.26254905946553" lon="15.14563886448741">
        <ele>269.6000061035156</ele>
      </trkpt>
      <trkpt lat="46.262558698654175" lon="15.145541299134493">
        <ele>269.6000061035156</ele>
      </trkpt>
      <trkpt lat="46.2625677511096" lon="15.14544490724802">
        <ele>269.79998779296875</ele>
      </trkpt>
      <trkpt lat="46.262575797736645" lon="15.14534323476255">
        <ele>269.79998779296875</ele>
      </trkpt>
      <trkpt lat="46.26257755793631" lon="15.145243322476745">
        <ele>269.79998779296875</ele>
      </trkpt>
      <trkpt lat="46.26256875693798" lon="15.145144080743194">
        <ele>269.79998779296875</ele>
      </trkpt>
      <trkpt lat="46.262549394741654" lon="15.14504618011415">
        <ele>270</ele>
      </trkpt>
      <trkpt lat="46.262523997575045" lon="15.144951296970248">
        <ele>270</ele>
      </trkpt>
      <trkpt lat="46.26249977387488" lon="15.144880805164576">
        <ele>270</ele>
      </trkpt>
      <trkpt lat="46.26246456988156" lon="15.144793130457401">
        <ele>270</ele>
      </trkpt>
      <trkpt lat="46.26241863705218" lon="15.144688859581947">
        <ele>270</ele>
      </trkpt>
      <trkpt lat="46.26238846220076" lon="15.144617529585958">
        <ele>270</ele>
      </trkpt>
      <trkpt lat="46.2623518332839" lon="15.144528849050403">
        <ele>270</ele>
      </trkpt>
      <trkpt lat="46.26230740919709" lon="15.144421895965934">
        <ele>270</ele>
      </trkpt>
      <trkpt lat="46.262273294851184" lon="15.144331622868776">
        <ele>270</ele>
      </trkpt>
      <trkpt lat="46.262242114171386" lon="15.144239757210016">
        <ele>270</ele>
      </trkpt>
      <trkpt lat="46.26220892183483" lon="15.144146801903844">
        <ele>270</ele>
      </trkpt>
      <trkpt lat="46.262176567688584" lon="15.144053930416703">
        <ele>270</ele>
      </trkpt>
      <trkpt lat="46.26214505173266" lon="15.143961142748594">
        <ele>270</ele>
      </trkpt>
      <trkpt lat="46.26211588270962" lon="15.143869360908866">
        <ele>269.79998779296875</ele>
      </trkpt>
      <trkpt lat="46.26208805479109" lon="15.14377573505044">
        <ele>270</ele>
      </trkpt>
      <trkpt lat="46.26206282526255" lon="15.143680600449443">
        <ele>270</ele>
      </trkpt>
      <trkpt lat="46.262042876333" lon="15.143581526353955">
        <ele>270</ele>
      </trkpt>
      <trkpt lat="46.2620307225734" lon="15.143481194972992">
        <ele>270.20001220703125</ele>
      </trkpt>
      <trkpt lat="46.26202636398375" lon="15.143377091735601">
        <ele>270.20001220703125</ele>
      </trkpt>
      <trkpt lat="46.26202879473567" lon="15.143271898850799">
        <ele>270.3999938964844</ele>
      </trkpt>
      <trkpt lat="46.26203650608659" lon="15.143167963251472">
        <ele>270.3999938964844</ele>
      </trkpt>
      <trkpt lat="46.262049498036504" lon="15.143062183633447">
        <ele>270.3999938964844</ele>
      </trkpt>
      <trkpt lat="46.262063244357705" lon="15.142955733463168">
        <ele>270.3999938964844</ele>
      </trkpt>
      <trkpt lat="46.262078331783414" lon="15.142851043492556">
        <ele>270.3999938964844</ele>
      </trkpt>
      <trkpt lat="46.262092581018806" lon="15.142746353521943">
        <ele>270.3999938964844</ele>
      </trkpt>
      <trkpt lat="46.26210590824485" lon="15.142642837017775">
        <ele>270.3999938964844</ele>
      </trkpt>
      <trkpt lat="46.26211822964251" lon="15.142539907246828">
        <ele>270.3999938964844</ele>
      </trkpt>
      <trkpt lat="46.26213222742081" lon="15.142439492046833">
        <ele>270.3999938964844</ele>
      </trkpt>
      <trkpt lat="46.2621464766562" lon="15.142338741570711">
        <ele>270.3999938964844</ele>
      </trkpt>
      <trkpt lat="46.26215871423483" lon="15.142234303057194">
        <ele>270.3999938964844</ele>
      </trkpt>
      <trkpt lat="46.26217044889927" lon="15.14213246293366">
        <ele>270.3999938964844</ele>
      </trkpt>
      <trkpt lat="46.2621826864779" lon="15.142030119895935">
        <ele>270.3999938964844</ele>
      </trkpt>
      <trkpt lat="46.262198528274894" lon="15.141926351934671">
        <ele>270.3999938964844</ele>
      </trkpt>
      <trkpt lat="46.26221462152898" lon="15.14182317070663">
        <ele>270.3999938964844</ele>
      </trkpt>
      <trkpt lat="46.26223021186888" lon="15.14171957038343">
        <ele>270.3999938964844</ele>
      </trkpt>
      <trkpt lat="46.26224563457072" lon="15.141617059707642">
        <ele>270.3999938964844</ele>
      </trkpt>
      <trkpt lat="46.262263571843505" lon="15.141515554860234">
        <ele>270.3999938964844</ele>
      </trkpt>
      <trkpt lat="46.26228963956237" lon="15.141416396945715">
        <ele>270.3999938964844</ele>
      </trkpt>
      <trkpt lat="46.26232157461345" lon="15.141320759430528">
        <ele>270.3999938964844</ele>
      </trkpt>
      <trkpt lat="46.262354515492916" lon="15.141226379200816">
        <ele>270.3999938964844</ele>
      </trkpt>
      <trkpt lat="46.262390641495585" lon="15.141134010627866">
        <ele>270.3999938964844</ele>
      </trkpt>
      <trkpt lat="46.26242810860276" lon="15.141045162454247">
        <ele>270.3999938964844</ele>
      </trkpt>
      <trkpt lat="46.26246557570994" lon="15.140955979004502">
        <ele>270.3999938964844</ele>
      </trkpt>
      <trkpt lat="46.26250631175935" lon="15.140871740877628">
        <ele>270.6000061035156</ele>
      </trkpt>
      <trkpt lat="46.262549981474876" lon="15.140792112797499">
        <ele>270.6000061035156</ele>
      </trkpt>
      <trkpt lat="46.262594908475876" lon="15.14071399345994">
        <ele>270.79998779296875</ele>
      </trkpt>
      <trkpt lat="46.2626369856298" lon="15.140635538846254">
        <ele>270.79998779296875</ele>
      </trkpt>
      <trkpt lat="46.26267855986953" lon="15.140554821118712">
        <ele>270.79998779296875</ele>
      </trkpt>
      <trkpt lat="46.26272005029023" lon="15.140475863590837">
        <ele>271</ele>
      </trkpt>
      <trkpt lat="46.26276019960642" lon="15.140397744253278">
        <ele>271</ele>
      </trkpt>
      <trkpt lat="46.2627992592752" lon="15.140316691249609">
        <ele>271</ele>
      </trkpt>
      <trkpt lat="46.262834714725614" lon="15.140231614932418">
        <ele>271</ele>
      </trkpt>
      <trkpt lat="46.26286614686251" lon="15.140145281329751">
        <ele>271</ele>
      </trkpt>
      <trkpt lat="46.26289715990424" lon="15.140059785917401">
        <ele>271.20001220703125</ele>
      </trkpt>
      <trkpt lat="46.26292741857469" lon="15.139971356838942">
        <ele>271.20001220703125</ele>
      </trkpt>
      <trkpt lat="46.262955414131284" lon="15.139881670475006">
        <ele>271.3999938964844</ele>
      </trkpt>
      <trkpt lat="46.26298081129789" lon="15.139793744310737">
        <ele>271.3999938964844</ele>
      </trkpt>
      <trkpt lat="46.26300511881709" lon="15.1397093385458">
        <ele>271.20001220703125</ele>
      </trkpt>
      <trkpt lat="46.26302909106016" lon="15.139628369361162">
        <ele>271.20001220703125</ele>
      </trkpt>
      <trkpt lat="46.26305306330323" lon="15.139547819271684">
        <ele>271.3999938964844</ele>
      </trkpt>
      <trkpt lat="46.26307778991759" lon="15.139468358829618">
        <ele>271.3999938964844</ele>
      </trkpt>
      <trkpt lat="46.26310226507485" lon="15.139391412958503">
        <ele>271.3999938964844</ele>
      </trkpt>
      <trkpt lat="46.26312187872827" lon="15.139315808191895">
        <ele>271.3999938964844</ele>
      </trkpt>
      <trkpt lat="46.263136798515916" lon="15.139238610863686">
        <ele>271.3999938964844</ele>
      </trkpt>
      <trkpt lat="46.263150461018085" lon="15.13916116207838">
        <ele>271.3999938964844</ele>
      </trkpt>
      <trkpt lat="46.2631652969867" lon="15.139084216207266">
        <ele>271.3999938964844</ele>
      </trkpt>
      <trkpt lat="46.263178288936615" lon="15.1390047557652">
        <ele>271.6000061035156</ele>
      </trkpt>
      <trkpt lat="46.26318625174463" lon="15.138921607285738">
        <ele>271.6000061035156</ele>
      </trkpt>
      <trkpt lat="46.26318968832493" lon="15.13883770443499">
        <ele>271.79998779296875</ele>
      </trkpt>
      <trkpt lat="46.263193460181355" lon="15.138749023899436">
        <ele>271.79998779296875</ele>
      </trkpt>
      <trkpt lat="46.2631964776665" lon="15.138659169897437">
        <ele>271.79998779296875</ele>
      </trkpt>
      <trkpt lat="46.26319840550423" lon="15.138566717505455">
        <ele>271.79998779296875</ele>
      </trkpt>
      <trkpt lat="46.26319907605648" lon="15.138476444408298">
        <ele>271.79998779296875</ele>
      </trkpt>
      <trkpt lat="46.263199243694544" lon="15.138385500758886">
        <ele>271.79998779296875</ele>
      </trkpt>
      <trkpt lat="46.26319874078035" lon="15.13829623349011">
        <ele>271.6000061035156</ele>
      </trkpt>
      <trkpt lat="46.26319371163845" lon="15.13820780441165">
        <ele>271.6000061035156</ele>
      </trkpt>
      <trkpt lat="46.263182731345296" lon="15.138119459152222">
        <ele>271.6000061035156</ele>
      </trkpt>
      <trkpt lat="46.263164626434445" lon="15.138031113892794">
        <ele>271.6000061035156</ele>
      </trkpt>
      <trkpt lat="46.263143084943295" lon="15.137940840795636">
        <ele>271.6000061035156</ele>
      </trkpt>
      <trkpt lat="46.26312623731792" lon="15.137847801670432">
        <ele>271.6000061035156</ele>
      </trkpt>
      <trkpt lat="46.26311517320573" lon="15.137753086164594">
        <ele>271.6000061035156</ele>
      </trkpt>
      <trkpt lat="46.26311240717769" lon="15.13765518553555">
        <ele>271.6000061035156</ele>
      </trkpt>
      <trkpt lat="46.263114837929606" lon="15.13755644671619">
        <ele>271.6000061035156</ele>
      </trkpt>
      <trkpt lat="46.26312078908086" lon="15.137459551915526">
        <ele>271.79998779296875</ele>
      </trkpt>
      <trkpt lat="46.263126991689205" lon="15.137362070381641">
        <ele>272</ele>
      </trkpt>
      <trkpt lat="46.26313403248787" lon="15.137262158095837">
        <ele>272</ele>
      </trkpt>
      <trkpt lat="46.2631412409246" lon="15.137159982696176">
        <ele>272</ele>
      </trkpt>
      <trkpt lat="46.263151466846466" lon="15.137058729305863">
        <ele>272</ele>
      </trkpt>
      <trkpt lat="46.263166135177016" lon="15.136956386268139">
        <ele>272</ele>
      </trkpt>
      <trkpt lat="46.26318725757301" lon="15.136855551972985">
        <ele>272.20001220703125</ele>
      </trkpt>
      <trkpt lat="46.26321315765381" lon="15.136756896972656">
        <ele>272.20001220703125</ele>
      </trkpt>
      <trkpt lat="46.26324266195297" lon="15.136660085991025">
        <ele>272.20001220703125</ele>
      </trkpt>
      <trkpt lat="46.26327476464212" lon="15.136567130684853">
        <ele>272.20001220703125</ele>
      </trkpt>
      <trkpt lat="46.26331273466349" lon="15.136478198692203">
        <ele>272.20001220703125</ele>
      </trkpt>
      <trkpt lat="46.263355147093534" lon="15.136394295841455">
        <ele>272.20001220703125</ele>
      </trkpt>
      <trkpt lat="46.26340418122709" lon="15.136318355798721">
        <ele>272.20001220703125</ele>
      </trkpt>
      <trkpt lat="46.26345556229353" lon="15.136243589222431">
        <ele>272</ele>
      </trkpt>
      <trkpt lat="46.26351029612124" lon="15.136177372187376">
        <ele>272</ele>
      </trkpt>
      <trkpt lat="46.26356536522508" lon="15.136114424094558">
        <ele>272</ele>
      </trkpt>
      <trkpt lat="46.26361892558634" lon="15.136052817106247">
        <ele>272</ele>
      </trkpt>
      <trkpt lat="46.26367047429085" lon="15.13598701916635">
        <ele>272.20001220703125</ele>
      </trkpt>
      <trkpt lat="46.26371707767248" lon="15.135914096608758">
        <ele>272.20001220703125</ele>
      </trkpt>
      <trkpt lat="46.263762675225735" lon="15.135839832946658">
        <ele>272.3999938964844</ele>
      </trkpt>
      <trkpt lat="46.26380785368383" lon="15.135764814913273">
        <ele>272.6000061035156</ele>
      </trkpt>
      <trkpt lat="46.26385278068483" lon="15.135689377784729">
        <ele>272.6000061035156</ele>
      </trkpt>
      <trkpt lat="46.26389477401972" lon="15.135606983676553">
        <ele>272.79998779296875</ele>
      </trkpt>
      <trkpt lat="46.26393743790686" lon="15.135524002835155">
        <ele>272.79998779296875</ele>
      </trkpt>
      <trkpt lat="46.263981526717544" lon="15.135443201288581">
        <ele>272.79998779296875</ele>
      </trkpt>
      <trkpt lat="46.26402385532856" lon="15.135359968990088">
        <ele>272.79998779296875</ele>
      </trkpt>
      <trkpt lat="46.264062663540244" lon="15.13527506031096">
        <ele>272.79998779296875</ele>
      </trkpt>
      <trkpt lat="46.26410147175193" lon="15.135190654546022">
        <ele>272.79998779296875</ele>
      </trkpt>
      <trkpt lat="46.26413877122104" lon="15.135107338428497">
        <ele>272.79998779296875</ele>
      </trkpt>
      <trkpt lat="46.264173556119204" lon="15.135020837187767">
        <ele>272.79998779296875</ele>
      </trkpt>
      <trkpt lat="46.264205910265446" lon="15.134930731728673">
        <ele>272.79998779296875</ele>
      </trkpt>
      <trkpt lat="46.26423784531653" lon="15.134838111698627">
        <ele>272.79998779296875</ele>
      </trkpt>
      <trkpt lat="46.26427070237696" lon="15.134750017896295">
        <ele>272.79998779296875</ele>
      </trkpt>
      <trkpt lat="46.26430272124708" lon="15.134662762284279">
        <ele>272.79998779296875</ele>
      </trkpt>
      <trkpt lat="46.264335326850414" lon="15.134577937424183">
        <ele>272.79998779296875</ele>
      </trkpt>
      <trkpt lat="46.26436893828213" lon="15.134494034573436">
        <ele>272.79998779296875</ele>
      </trkpt>
      <trkpt lat="46.264401376247406" lon="15.134409461170435">
        <ele>272.79998779296875</ele>
      </trkpt>
      <trkpt lat="46.26443632878363" lon="15.134329330176115">
        <ele>273</ele>
      </trkpt>
      <trkpt lat="46.26447002403438" lon="15.134253390133381">
        <ele>273</ele>
      </trkpt>
      <trkpt lat="46.26450036652386" lon="15.134173259139061">
        <ele>273</ele>
      </trkpt>
      <trkpt lat="46.264530792832375" lon="15.134096061810851">
        <ele>273</ele>
      </trkpt>
      <trkpt lat="46.26456021331251" lon="15.134022301062942">
        <ele>273.20001220703125</ele>
      </trkpt>
      <trkpt lat="46.264589969068766" lon="15.13394895941019">
        <ele>273.20001220703125</ele>
      </trkpt>
      <trkpt lat="46.26461771316826" lon="15.133879724889994">
        <ele>273.20001220703125</ele>
      </trkpt>
      <trkpt lat="46.26464478671551" lon="15.133818788453937">
        <ele>273.3999938964844</ele>
      </trkpt>
      <trkpt lat="46.264667585492134" lon="15.133761623874307">
        <ele>273.20001220703125</ele>
      </trkpt>
      <trkpt lat="46.264688204973936" lon="15.133707812055945">
        <ele>273.20001220703125</ele>
      </trkpt>
      <trkpt lat="46.264707148075104" lon="15.133656933903694">
        <ele>273.20001220703125</ele>
      </trkpt>
      <trkpt lat="46.26472466625273" lon="15.13360253535211">
        <ele>273.20001220703125</ele>
      </trkpt>
      <trkpt lat="46.26474461518228" lon="15.133552495390177">
        <ele>273.20001220703125</ele>
      </trkpt>
      <trkpt lat="46.26477504149079" lon="15.133508071303368">
        <ele>273.20001220703125</ele>
      </trkpt>
      <trkpt lat="46.264812257140875" lon="15.13347152620554">
        <ele>273.20001220703125</ele>
      </trkpt>
      <trkpt lat="46.264848969876766" lon="15.133434562012553">
        <ele>273.20001220703125</ele>
      </trkpt>
      <trkpt lat="46.264873277395964" lon="15.13337672688067">
        <ele>273.20001220703125</ele>
      </trkpt>
      <trkpt lat="46.2648799829185" lon="15.133309671655297">
        <ele>273.20001220703125</ele>
      </trkpt>
      <trkpt lat="46.264865063130856" lon="15.133248399943113">
        <ele>273</ele>
      </trkpt>
      <trkpt lat="46.264830781146884" lon="15.1331920735538">
        <ele>273</ele>
      </trkpt>
      <trkpt lat="46.26479239203036" lon="15.13313733972609">
        <ele>273</ele>
      </trkpt>
      <trkpt lat="46.264756098389626" lon="15.133074726909399">
        <ele>273</ele>
      </trkpt>
      <trkpt lat="46.264724330976605" lon="15.133006079122424">
        <ele>273</ele>
      </trkpt>
      <trkpt lat="46.264702370390296" lon="15.132931061089039">
        <ele>273.20001220703125</ele>
      </trkpt>
      <trkpt lat="46.2646867800504" lon="15.13285000808537">
        <ele>273.20001220703125</ele>
      </trkpt>
      <trkpt lat="46.26467747613788" lon="15.132767781615257">
        <ele>273.3999938964844</ele>
      </trkpt>
      <trkpt lat="46.26467018388212" lon="15.132683040574193">
        <ele>273.3999938964844</ele>
      </trkpt>
      <trkpt lat="46.26466155052185" lon="15.132600646466017">
        <ele>273.3999938964844</ele>
      </trkpt>
      <trkpt lat="46.26465316861868" lon="15.132516492158175">
        <ele>273.6000061035156</ele>
      </trkpt>
      <trkpt lat="46.26464545726776" lon="15.132429152727127">
        <ele>273.6000061035156</ele>
      </trkpt>
      <trkpt lat="46.264636907726526" lon="15.132339466363192">
        <ele>273.6000061035156</ele>
      </trkpt>
      <trkpt lat="46.264629950746894" lon="15.132250534370542">
        <ele>273.6000061035156</ele>
      </trkpt>
      <trkpt lat="46.264624586328864" lon="15.132160680368543">
        <ele>273.79998779296875</ele>
      </trkpt>
      <trkpt lat="46.26462156884372" lon="15.132071916013956">
        <ele>273.79998779296875</ele>
      </trkpt>
      <trkpt lat="46.264616874977946" lon="15.131980804726481">
        <ele>273.79998779296875</ele>
      </trkpt>
      <trkpt lat="46.2646053917706" lon="15.131891034543514">
        <ele>273.79998779296875</ele>
      </trkpt>
      <trkpt lat="46.26458493992686" lon="15.131807634606957">
        <ele>274</ele>
      </trkpt>
      <trkpt lat="46.26455208286643" lon="15.131732448935509">
        <ele>274</ele>
      </trkpt>
      <trkpt lat="46.26450807787478" lon="15.13166606426239">
        <ele>274</ele>
      </trkpt>
      <trkpt lat="46.26445569097996" lon="15.13161426410079">
        <ele>274</ele>
      </trkpt>
      <trkpt lat="46.26439768821001" lon="15.131574030965567">
        <ele>274</ele>
      </trkpt>
      <trkpt lat="46.26433658413589" lon="15.131544275209308">
        <ele>274</ele>
      </trkpt>
      <trkpt lat="46.26427447423339" lon="15.131516363471746">
        <ele>274</ele>
      </trkpt>
      <trkpt lat="46.264212280511856" lon="15.131489373743534">
        <ele>274</ele>
      </trkpt>
      <trkpt lat="46.264149751514196" lon="15.131464144214988">
        <ele>274</ele>
      </trkpt>
      <trkpt lat="46.264086132869124" lon="15.131443608552217">
        <ele>274</ele>
      </trkpt>
      <trkpt lat="46.264025615528226" lon="15.13142223469913">
        <ele>274</ele>
      </trkpt>
      <trkpt lat="46.263963505625725" lon="15.131397508084774">
        <ele>274</ele>
      </trkpt>
      <trkpt lat="46.26390332356095" lon="15.13136557303369">
        <ele>274</ele>
      </trkpt>
      <trkpt lat="46.26384498551488" lon="15.131326848641038">
        <ele>274</ele>
      </trkpt>
      <trkpt lat="46.26378932967782" lon="15.131280329078436">
        <ele>274</ele>
      </trkpt>
      <trkpt lat="46.26373794861138" lon="15.13122383505106">
        <ele>274</ele>
      </trkpt>
      <trkpt lat="46.26369159668684" lon="15.13116180896759">
        <ele>274</ele>
      </trkpt>
      <trkpt lat="46.26364817842841" lon="15.131094502285123">
        <ele>274</ele>
      </trkpt>
      <trkpt lat="46.263607358559966" lon="15.131024597212672">
        <ele>274</ele>
      </trkpt>
      <trkpt lat="46.26356553286314" lon="15.130955697968602">
        <ele>274</ele>
      </trkpt>
      <trkpt lat="46.26351825892925" lon="15.130894090980291">
        <ele>274.20001220703125</ele>
      </trkpt>
      <trkpt lat="46.2634639441967" lon="15.130838267505169">
        <ele>274.20001220703125</ele>
      </trkpt>
      <trkpt lat="46.263408372178674" lon="15.13078847900033">
        <ele>274.20001220703125</ele>
      </trkpt>
      <trkpt lat="46.26334944739938" lon="15.130746569484472">
        <ele>274.20001220703125</ele>
      </trkpt>
      <trkpt lat="46.2632895167917" lon="15.130710862576962">
        <ele>274.20001220703125</ele>
      </trkpt>
      <trkpt lat="46.26322790980339" lon="15.13068437576294">
        <ele>274</ele>
      </trkpt>
      <trkpt lat="46.263166554272175" lon="15.130662582814693">
        <ele>274</ele>
      </trkpt>
      <trkpt lat="46.26310436055064" lon="15.130641544237733">
        <ele>274.20001220703125</ele>
      </trkpt>
      <trkpt lat="46.26303914934397" lon="15.130622182041407">
        <ele>274.20001220703125</ele>
      </trkpt>
      <trkpt lat="46.26297569833696" lon="15.130602903664112">
        <ele>274.20001220703125</ele>
      </trkpt>
      <trkpt lat="46.26291325315833" lon="15.130585050210357">
        <ele>274.20001220703125</ele>
      </trkpt>
      <trkpt lat="46.262850975617766" lon="15.13056912459433">
        <ele>274.20001220703125</ele>
      </trkpt>
      <trkpt lat="46.262788865715265" lon="15.130553031340241">
        <ele>274.20001220703125</ele>
      </trkpt>
      <trkpt lat="46.26272700726986" lon="15.130539452657104">
        <ele>274.20001220703125</ele>
      </trkpt>
      <trkpt lat="46.26266699284315" lon="15.130520677194">
        <ele>274</ele>
      </trkpt>
      <trkpt lat="46.262607146054506" lon="15.130497207865119">
        <ele>274</ele>
      </trkpt>
      <trkpt lat="46.26254721544683" lon="15.130474912002683">
        <ele>274.20001220703125</ele>
      </trkpt>
      <trkpt lat="46.26248728483915" lon="15.130457896739244">
        <ele>274</ele>
      </trkpt>
      <trkpt lat="46.262425845488906" lon="15.130441216751933">
        <ele>274</ele>
      </trkpt>
      <trkpt lat="46.26236415468156" lon="15.130423195660114">
        <ele>274</ele>
      </trkpt>
      <trkpt lat="46.26230405643582" lon="15.130401654168963">
        <ele>274</ele>
      </trkpt>
      <trkpt lat="46.26224370673299" lon="15.130377849563956">
        <ele>274</ele>
      </trkpt>
      <trkpt lat="46.26218570396304" lon="15.130350943654776">
        <ele>274.20001220703125</ele>
      </trkpt>
      <trkpt lat="46.26212636008859" lon="15.130328563973308">
        <ele>274.20001220703125</ele>
      </trkpt>
      <trkpt lat="46.262066597118974" lon="15.130309537053108">
        <ele>274.20001220703125</ele>
      </trkpt>
      <trkpt lat="46.262007588520646" lon="15.130287325009704">
        <ele>274.20001220703125</ele>
      </trkpt>
      <trkpt lat="46.26194715499878" lon="15.130265448242426">
        <ele>274.20001220703125</ele>
      </trkpt>
      <trkpt lat="46.26188789494336" lon="15.130245080217719">
        <ele>274.20001220703125</ele>
      </trkpt>
      <trkpt lat="46.26182746142149" lon="15.13022555038333">
        <ele>274.20001220703125</ele>
      </trkpt>
      <trkpt lat="46.26176845282316" lon="15.130201578140259">
        <ele>274.20001220703125</ele>
      </trkpt>
      <trkpt lat="46.261711874976754" lon="15.13017576187849">
        <ele>274.3999938964844</ele>
      </trkpt>
      <trkpt lat="46.261656638234854" lon="15.130142401903868">
        <ele>274.20001220703125</ele>
      </trkpt>
      <trkpt lat="46.26160676591098" lon="15.130094457417727">
        <ele>274.20001220703125</ele>
      </trkpt>
      <trkpt lat="46.26156359910965" lon="15.130033688619733">
        <ele>274.20001220703125</ele>
      </trkpt>
      <trkpt lat="46.26152562908828" lon="15.129962023347616">
        <ele>274.20001220703125</ele>
      </trkpt>
      <trkpt lat="46.261491011828184" lon="15.129885412752628">
        <ele>274.20001220703125</ele>
      </trkpt>
      <trkpt lat="46.261456897482276" lon="15.129806455224752">
        <ele>274.20001220703125</ele>
      </trkpt>
      <trkpt lat="46.2614228669554" lon="15.12972917407751">
        <ele>274</ele>
      </trkpt>
      <trkpt lat="46.26138858497143" lon="15.129652647301555">
        <ele>274</ele>
      </trkpt>
      <trkpt lat="46.26135488972068" lon="15.129576958715916">
        <ele>274</ele>
      </trkpt>
      <trkpt lat="46.2613211106509" lon="15.129498839378357">
        <ele>274</ele>
      </trkpt>
      <trkpt lat="46.26128640957177" lon="15.129416780546308">
        <ele>274</ele>
      </trkpt>
      <trkpt lat="46.26125053502619" lon="15.129334637895226">
        <ele>274</ele>
      </trkpt>
      <trkpt lat="46.26121239736676" lon="15.129250483587384">
        <ele>274</ele>
      </trkpt>
      <trkpt lat="46.26117325387895" lon="15.12916574254632">
        <ele>274</ele>
      </trkpt>
      <trkpt lat="46.26113402657211" lon="15.129081588238478">
        <ele>274</ele>
      </trkpt>
      <trkpt lat="46.26109538599849" lon="15.128996595740318">
        <ele>274</ele>
      </trkpt>
      <trkpt lat="46.26105607487261" lon="15.128912189975381">
        <ele>274</ele>
      </trkpt>
      <trkpt lat="46.26101181842387" lon="15.128828203305602">
        <ele>274</ele>
      </trkpt>
      <trkpt lat="46.2609653826803" lon="15.128744719550014">
        <ele>274</ele>
      </trkpt>
      <trkpt lat="46.26091877929866" lon="15.12866291217506">
        <ele>274</ele>
      </trkpt>
      <trkpt lat="46.26087401993573" lon="15.12858035042882">
        <ele>274</ele>
      </trkpt>
      <trkpt lat="46.26082909293473" lon="15.128497201949358">
        <ele>274</ele>
      </trkpt>
      <trkpt lat="46.26078366301954" lon="15.128413550555706">
        <ele>274</ele>
      </trkpt>
      <trkpt lat="46.26073454506695" lon="15.128331072628498">
        <ele>274</ele>
      </trkpt>
      <trkpt lat="46.26068836078048" lon="15.128253204748034">
        <ele>274</ele>
      </trkpt>
      <trkpt lat="46.260640416294336" lon="15.128176007419825">
        <ele>274</ele>
      </trkpt>
      <trkpt lat="46.260591046884656" lon="15.12809663079679">
        <ele>274</ele>
      </trkpt>
      <trkpt lat="46.2605404201895" lon="15.1280184276402">
        <ele>274</ele>
      </trkpt>
      <trkpt lat="46.26049306243658" lon="15.127939553931355">
        <ele>274</ele>
      </trkpt>
      <trkpt lat="46.26044914126396" lon="15.127860177308321">
        <ele>274</ele>
      </trkpt>
      <trkpt lat="46.26040102913976" lon="15.127779375761747">
        <ele>274</ele>
      </trkpt>
      <trkpt lat="46.26035316847265" lon="15.127698825672269">
        <ele>274.20001220703125</ele>
      </trkpt>
      <trkpt lat="46.26030497252941" lon="15.12762020342052">
        <ele>274</ele>
      </trkpt>
      <trkpt lat="46.260257279500365" lon="15.127539401873946">
        <ele>274</ele>
      </trkpt>
      <trkpt lat="46.26021126285195" lon="15.127455331385136">
        <ele>274</ele>
      </trkpt>
      <trkpt lat="46.260165832936764" lon="15.127370674163103">
        <ele>274</ele>
      </trkpt>
      <trkpt lat="46.26011822372675" lon="15.127285094931722">
        <ele>274</ele>
      </trkpt>
      <trkpt lat="46.26007220707834" lon="15.127198593690991">
        <ele>274.20001220703125</ele>
      </trkpt>
      <trkpt lat="46.26002719625831" lon="15.12711251154542">
        <ele>274.20001220703125</ele>
      </trkpt>
      <trkpt lat="46.25998243689537" lon="15.127025423571467">
        <ele>274.20001220703125</ele>
      </trkpt>
      <trkpt lat="46.25993734225631" lon="15.126936491578817">
        <ele>274.20001220703125</ele>
      </trkpt>
      <trkpt lat="46.2598929181695" lon="15.126847978681326">
        <ele>274.20001220703125</ele>
      </trkpt>
      <trkpt lat="46.25984765589237" lon="15.126760555431247">
        <ele>274.20001220703125</ele>
      </trkpt>
      <trkpt lat="46.25980096869171" lon="15.12667179107666">
        <ele>274.20001220703125</ele>
      </trkpt>
      <trkpt lat="46.25975235365331" lon="15.126581601798534">
        <ele>274.3999938964844</ele>
      </trkpt>
      <trkpt lat="46.25970373861492" lon="15.126492502167821">
        <ele>274.3999938964844</ele>
      </trkpt>
      <trkpt lat="46.25965554267168" lon="15.126404576003551">
        <ele>274.3999938964844</ele>
      </trkpt>
      <trkpt lat="46.2596045807004" lon="15.126318745315075">
        <ele>274.3999938964844</ele>
      </trkpt>
      <trkpt lat="46.25955034978688" lon="15.126236518844962">
        <ele>274.3999938964844</ele>
      </trkpt>
      <trkpt lat="46.25949125736952" lon="15.126160494983196">
        <ele>274.3999938964844</ele>
      </trkpt>
      <trkpt lat="46.259426129981875" lon="15.126089248806238">
        <ele>274.6000061035156</ele>
      </trkpt>
      <trkpt lat="46.2593556381762" lon="15.126031748950481">
        <ele>274.6000061035156</ele>
      </trkpt>
      <trkpt lat="46.259281458333135" lon="15.125982463359833">
        <ele>274.6000061035156</ele>
      </trkpt>
      <trkpt lat="46.25920585356653" lon="15.1259427331388">
        <ele>274.6000061035156</ele>
      </trkpt>
      <trkpt lat="46.259129578247666" lon="15.125908870249987">
        <ele>274.3999938964844</ele>
      </trkpt>
      <trkpt lat="46.259054811671376" lon="15.125875426456332">
        <ele>274.3999938964844</ele>
      </trkpt>
      <trkpt lat="46.25897962599993" lon="15.12584500014782">
        <ele>274.3999938964844</ele>
      </trkpt>
      <trkpt lat="46.25890335068107" lon="15.125815998762846">
        <ele>274.3999938964844</ele>
      </trkpt>
      <trkpt lat="46.25882908701897" lon="15.12578833848238">
        <ele>274.3999938964844</ele>
      </trkpt>
      <trkpt lat="46.25875532627106" lon="15.125758834183216">
        <ele>274.3999938964844</ele>
      </trkpt>
      <trkpt lat="46.25868215225637" lon="15.125728659331799">
        <ele>274.20001220703125</ele>
      </trkpt>
      <trkpt lat="46.25860998407006" lon="15.125690856948495">
        <ele>274.20001220703125</ele>
      </trkpt>
      <trkpt lat="46.25854485668242" lon="15.125640062615275">
        <ele>274.20001220703125</ele>
      </trkpt>
      <trkpt lat="46.25848576426506" lon="15.125573761761189">
        <ele>274.20001220703125</ele>
      </trkpt>
      <trkpt lat="46.25843731686473" lon="15.125488936901093">
        <ele>274</ele>
      </trkpt>
      <trkpt lat="46.258407309651375" lon="15.125388437882066">
        <ele>274</ele>
      </trkpt>
      <trkpt lat="46.25839188694954" lon="15.125283831730485">
        <ele>274</ele>
      </trkpt>
      <trkpt lat="46.25839079730213" lon="15.12517461553216">
        <ele>274</ele>
      </trkpt>
      <trkpt lat="46.258400436490774" lon="15.125067327171564">
        <ele>274</ele>
      </trkpt>
      <trkpt lat="46.258415188640356" lon="15.124961799010634">
        <ele>274.20001220703125</ele>
      </trkpt>
      <trkpt lat="46.25843044370413" lon="15.124856438487768">
        <ele>274.20001220703125</ele>
      </trkpt>
      <trkpt lat="46.258445950224996" lon="15.124755688011646">
        <ele>274.20001220703125</ele>
      </trkpt>
      <trkpt lat="46.25846137292683" lon="15.12465720064938">
        <ele>274.3999938964844</ele>
      </trkpt>
      <trkpt lat="46.25847880728543" lon="15.124561144039035">
        <ele>274.3999938964844</ele>
      </trkpt>
      <trkpt lat="46.258497247472405" lon="15.124465506523848">
        <ele>274.3999938964844</ele>
      </trkpt>
      <trkpt lat="46.258515771478415" lon="15.124369030818343">
        <ele>274.3999938964844</ele>
      </trkpt>
      <trkpt lat="46.25853463076055" lon="15.124272052198648">
        <ele>274.6000061035156</ele>
      </trkpt>
      <trkpt lat="46.25855365768075" lon="15.124174151569605">
        <ele>274.6000061035156</ele>
      </trkpt>
      <trkpt lat="46.25857159495354" lon="15.124077256768942">
        <ele>274.6000061035156</ele>
      </trkpt>
      <trkpt lat="46.25859070569277" lon="15.123980697244406">
        <ele>274.6000061035156</ele>
      </trkpt>
      <trkpt lat="46.25861040316522" lon="15.123884389176965">
        <ele>274.6000061035156</ele>
      </trkpt>
      <trkpt lat="46.25863026827574" lon="15.123785650357604">
        <ele>274.6000061035156</ele>
      </trkpt>
      <trkpt lat="46.25865004956722" lon="15.123683642596006">
        <ele>274.6000061035156</ele>
      </trkpt>
      <trkpt lat="46.25866815447807" lon="15.123580377548933">
        <ele>274.6000061035156</ele>
      </trkpt>
      <trkpt lat="46.258686343207955" lon="15.123479207977653">
        <ele>274.6000061035156</ele>
      </trkpt>
      <trkpt lat="46.258706292137504" lon="15.123380217701197">
        <ele>274.6000061035156</ele>
      </trkpt>
      <trkpt lat="46.25872624106705" lon="15.123281897976995">
        <ele>274.79998779296875</ele>
      </trkpt>
      <trkpt lat="46.25874417833984" lon="15.123183326795697">
        <ele>274.79998779296875</ele>
      </trkpt>
      <trkpt lat="46.25875985249877" lon="15.123086096718907">
        <ele>274.79998779296875</ele>
      </trkpt>
      <trkpt lat="46.25877485610545" lon="15.12298995628953">
        <ele>274.79998779296875</ele>
      </trkpt>
      <trkpt lat="46.25878969207406" lon="15.122894570231438">
        <ele>274.79998779296875</ele>
      </trkpt>
      <trkpt lat="46.25880494713783" lon="15.122802201658487">
        <ele>274.79998779296875</ele>
      </trkpt>
      <trkpt lat="46.25882154330611" lon="15.12271243147552">
        <ele>274.79998779296875</ele>
      </trkpt>
      <trkpt lat="46.25884090550244" lon="15.122625092044473">
        <ele>274.79998779296875</ele>
      </trkpt>
      <trkpt lat="46.258862698450685" lon="15.122539848089218">
        <ele>275</ele>
      </trkpt>
      <trkpt lat="46.25888507813215" lon="15.122455190867186">
        <ele>275</ele>
      </trkpt>
      <trkpt lat="46.25890695489943" lon="15.122373467311263">
        <ele>275</ele>
      </trkpt>
      <trkpt lat="46.25892983749509" lon="15.122296689078212">
        <ele>275</ele>
      </trkpt>
      <trkpt lat="46.25895347446203" lon="15.122222760692239">
        <ele>275</ele>
      </trkpt>
      <trkpt lat="46.25896462239325" lon="15.122216222807765">
        <ele>275</ele>
      </trkpt>
      <trkpt lat="46.25897442921996" lon="15.122155956923962">
        <ele>275</ele>
      </trkpt>
      <trkpt lat="46.25898306258023" lon="15.122089656069875">
        <ele>275</ele>
      </trkpt>
      <trkpt lat="46.25898993574083" lon="15.122022852301598">
        <ele>275</ele>
      </trkpt>
      <trkpt lat="46.2589964736253" lon="15.121952947229147">
        <ele>275</ele>
      </trkpt>
      <trkpt lat="46.25900468789041" lon="15.121880359947681">
        <ele>275</ele>
      </trkpt>
      <trkpt lat="46.25901298597455" lon="15.121804839000106">
        <ele>275</ele>
      </trkpt>
      <trkpt lat="46.259021032601595" lon="15.12172730639577">
        <ele>275</ele>
      </trkpt>
      <trkpt lat="46.2590345274657" lon="15.121649773791432">
        <ele>275</ele>
      </trkpt>
      <trkpt lat="46.259052297100425" lon="15.121571319177747">
        <ele>274.79998779296875</ele>
      </trkpt>
      <trkpt lat="46.25906981527805" lon="15.12149135582149">
        <ele>274.79998779296875</ele>
      </trkpt>
      <trkpt lat="46.25908683054149" lon="15.121409967541695">
        <ele>274.79998779296875</ele>
      </trkpt>
      <trkpt lat="46.25910770148039" lon="15.121329165995121">
        <ele>274.79998779296875</ele>
      </trkpt>
      <trkpt lat="46.25913351774216" lon="15.121250040829182">
        <ele>274.79998779296875</ele>
      </trkpt>
      <trkpt lat="46.259166207164526" lon="15.121175106614828">
        <ele>275</ele>
      </trkpt>
      <trkpt lat="46.25920836813748" lon="15.121110565960407">
        <ele>275</ele>
      </trkpt>
      <trkpt lat="46.259257318452" lon="15.121054826304317">
        <ele>275</ele>
      </trkpt>
      <trkpt lat="46.25930710695684" lon="15.121001852676272">
        <ele>275</ele>
      </trkpt>
      <trkpt lat="46.25935513526201" lon="15.120945945382118">
        <ele>275</ele>
      </trkpt>
      <trkpt lat="46.25940341502428" lon="15.120890373364091">
        <ele>275</ele>
      </trkpt>
      <trkpt lat="46.25945110805333" lon="15.120832119137049">
        <ele>274.79998779296875</ele>
      </trkpt>
      <trkpt lat="46.25949963927269" lon="15.120776798576117">
        <ele>274.79998779296875</ele>
      </trkpt>
      <trkpt lat="46.25955085270107" lon="15.120721813291311">
        <ele>274.79998779296875</ele>
      </trkpt>
      <trkpt lat="46.259602569043636" lon="15.120664816349745">
        <ele>275</ele>
      </trkpt>
      <trkpt lat="46.25965353101492" lon="15.120604885742068">
        <ele>275</ele>
      </trkpt>
      <trkpt lat="46.2597047444433" lon="15.120545960962772">
        <ele>275</ele>
      </trkpt>
      <trkpt lat="46.25975713133812" lon="15.120483934879303">
        <ele>275</ele>
      </trkpt>
      <trkpt lat="46.25980976969004" lon="15.120424591004848">
        <ele>275</ele>
      </trkpt>
      <trkpt lat="46.25986165367067" lon="15.12036407366395">
        <ele>275</ele>
      </trkpt>
      <trkpt lat="46.25991219654679" lon="15.120303891599178">
        <ele>274.79998779296875</ele>
      </trkpt>
      <trkpt lat="46.25996433198452" lon="15.12024287134409">
        <ele>274.79998779296875</ele>
      </trkpt>
      <trkpt lat="46.26001479104161" lon="15.120179420337081">
        <ele>274.79998779296875</ele>
      </trkpt>
      <trkpt lat="46.26006851904094" lon="15.120113287121058">
        <ele>274.79998779296875</ele>
      </trkpt>
      <trkpt lat="46.26012174412608" lon="15.120050674304366">
        <ele>274.79998779296875</ele>
      </trkpt>
      <trkpt lat="46.260175723582506" lon="15.119988648220897">
        <ele>274.79998779296875</ele>
      </trkpt>
      <trkpt lat="46.260229954496026" lon="15.119928466156125">
        <ele>275</ele>
      </trkpt>
      <trkpt lat="46.26028292812407" lon="15.119868703186512">
        <ele>275</ele>
      </trkpt>
      <trkpt lat="46.26033606939018" lon="15.119809862226248">
        <ele>275</ele>
      </trkpt>
      <trkpt lat="46.26038862392306" lon="15.119750937446952">
        <ele>275.20001220703125</ele>
      </trkpt>
      <trkpt lat="46.26044109463692" lon="15.119692934677005">
        <ele>275.20001220703125</ele>
      </trkpt>
      <trkpt lat="46.26049264334142" lon="15.119637697935104">
        <ele>275.3999938964844</ele>
      </trkpt>
      <trkpt lat="46.26054301857948" lon="15.119580198079348">
        <ele>275.3999938964844</ele>
      </trkpt>
      <trkpt lat="46.260596411302686" lon="15.11952412314713">
        <ele>275.6000061035156</ele>
      </trkpt>
      <trkpt lat="46.2606493011117" lon="15.119466371834278">
        <ele>275.6000061035156</ele>
      </trkpt>
      <trkpt lat="46.26070319674909" lon="15.11941364966333">
        <ele>275.6000061035156</ele>
      </trkpt>
      <trkpt lat="46.26075784675777" lon="15.119362268596888">
        <ele>275.6000061035156</ele>
      </trkpt>
      <trkpt lat="46.26081367023289" lon="15.119307450950146">
        <ele>275.79998779296875</ele>
      </trkpt>
      <trkpt lat="46.26086974516511" lon="15.119252381846309">
        <ele>275.79998779296875</ele>
      </trkpt>
      <trkpt lat="46.26092699356377" lon="15.119199743494391">
        <ele>275.79998779296875</ele>
      </trkpt>
      <trkpt lat="46.26098298467696" lon="15.119145680218935">
        <ele>275.79998779296875</ele>
      </trkpt>
      <trkpt lat="46.26103880815208" lon="15.119094299152493">
        <ele>275.79998779296875</ele>
      </trkpt>
      <trkpt lat="46.261096224188805" lon="15.11904333718121">
        <ele>275.79998779296875</ele>
      </trkpt>
      <trkpt lat="46.26115623861551" lon="15.119002014398575">
        <ele>275.79998779296875</ele>
      </trkpt>
      <trkpt lat="46.26121818087995" lon="15.118966642767191">
        <ele>275.79998779296875</ele>
      </trkpt>
      <trkpt lat="46.261281883344054" lon="15.118934120982885">
        <ele>275.79998779296875</ele>
      </trkpt>
      <trkpt lat="46.26134432852268" lon="15.118897911161184">
        <ele>276</ele>
      </trkpt>
      <trkpt lat="46.261405600234866" lon="15.118863293901086">
        <ele>276</ele>
      </trkpt>
      <trkpt lat="46.26146645285189" lon="15.118830101564527">
        <ele>276.20001220703125</ele>
      </trkpt>
      <trkpt lat="46.26152931712568" lon="15.118800848722458">
        <ele>276.20001220703125</ele>
      </trkpt>
      <trkpt lat="46.26159251667559" lon="15.118774781003594">
        <ele>276.20001220703125</ele>
      </trkpt>
      <trkpt lat="46.26165680587292" lon="15.118752401322126">
        <ele>276.20001220703125</ele>
      </trkpt>
      <trkpt lat="46.261721681803465" lon="15.118730356916785">
        <ele>276.20001220703125</ele>
      </trkpt>
      <trkpt lat="46.26178655773401" lon="15.11870613321662">
        <ele>276.20001220703125</ele>
      </trkpt>
      <trkpt lat="46.26185034401715" lon="15.118682160973549">
        <ele>276.20001220703125</ele>
      </trkpt>
      <trkpt lat="46.261916225776076" lon="15.118661876767874">
        <ele>276.20001220703125</ele>
      </trkpt>
      <trkpt lat="46.26198135316372" lon="15.118638910353184">
        <ele>276.20001220703125</ele>
      </trkpt>
      <trkpt lat="46.2620444688946" lon="15.118613932281733">
        <ele>276.20001220703125</ele>
      </trkpt>
      <trkpt lat="46.26210582442582" lon="15.118584595620632">
        <ele>276</ele>
      </trkpt>
      <trkpt lat="46.262167347595096" lon="15.118555007502437">
        <ele>276</ele>
      </trkpt>
      <trkpt lat="46.262227864935994" lon="15.118531370535493">
        <ele>276</ele>
      </trkpt>
      <trkpt lat="46.26228913664818" lon="15.11850924231112">
        <ele>276.20001220703125</ele>
      </trkpt>
      <trkpt lat="46.26235174946487" lon="15.118485940620303">
        <ele>276.20001220703125</ele>
      </trkpt>
      <trkpt lat="46.26241243444383" lon="15.118459789082408">
        <ele>276.3999938964844</ele>
      </trkpt>
      <trkpt lat="46.26247328706086" lon="15.11843497864902">
        <ele>276.3999938964844</ele>
      </trkpt>
      <trkpt lat="46.2625333853066" lon="15.11840958148241">
        <ele>276.3999938964844</ele>
      </trkpt>
      <trkpt lat="46.262593902647495" lon="15.118383597582579">
        <ele>276.20001220703125</ele>
      </trkpt>
      <trkpt lat="46.26265282742679" lon="15.118359290063381">
        <ele>276.20001220703125</ele>
      </trkpt>
      <trkpt lat="46.2627109978348" lon="15.118335988372564">
        <ele>276.20001220703125</ele>
      </trkpt>
      <trkpt lat="46.262769252061844" lon="15.118312686681747">
        <ele>276.20001220703125</ele>
      </trkpt>
      <trkpt lat="46.26282532699406" lon="15.118291145190597">
        <ele>276.20001220703125</ele>
      </trkpt>
      <trkpt lat="46.26288274303079" lon="15.11826692149043">
        <ele>276.20001220703125</ele>
      </trkpt>
      <trkpt lat="46.262938398867846" lon="15.11824345216155">
        <ele>276.20001220703125</ele>
      </trkpt>
      <trkpt lat="46.262992545962334" lon="15.118223335593939">
        <ele>276.3999938964844</ele>
      </trkpt>
      <trkpt lat="46.26304577104747" lon="15.118201291188598">
        <ele>276.3999938964844</ele>
      </trkpt>
      <trkpt lat="46.26309639774263" lon="15.118174469098449">
        <ele>276.6000061035156</ele>
      </trkpt>
      <trkpt lat="46.263148449361324" lon="15.118142953142524">
        <ele>276.3999938964844</ele>
      </trkpt>
      <trkpt lat="46.26320200972259" lon="15.11811001226306">
        <ele>276.3999938964844</ele>
      </trkpt>
      <trkpt lat="46.26325272023678" lon="15.118075143545866">
        <ele>276.3999938964844</ele>
      </trkpt>
      <trkpt lat="46.26330368220806" lon="15.118036502972245">
        <ele>276.3999938964844</ele>
      </trkpt>
      <trkpt lat="46.263357661664486" lon="15.117993419989944">
        <ele>276.3999938964844</ele>
      </trkpt>
      <trkpt lat="46.26341113820672" lon="15.11794924736023">
        <ele>276.3999938964844</ele>
      </trkpt>
      <trkpt lat="46.26346528530121" lon="15.117901470512152">
        <ele>276.6000061035156</ele>
      </trkpt>
      <trkpt lat="46.263514989987016" lon="15.11785109527409">
        <ele>276.6000061035156</ele>
      </trkpt>
      <trkpt lat="46.263564359396696" lon="15.11779929511249">
        <ele>276.6000061035156</ele>
      </trkpt>
      <trkpt lat="46.26361305825412" lon="15.117745399475098">
        <ele>276.6000061035156</ele>
      </trkpt>
      <trkpt lat="46.26366284675896" lon="15.117691671475768">
        <ele>276.6000061035156</ele>
      </trkpt>
      <trkpt lat="46.26371255144477" lon="15.117639787495136">
        <ele>276.6000061035156</ele>
      </trkpt>
      <trkpt lat="46.26376577652991" lon="15.117588322609663">
        <ele>276.6000061035156</ele>
      </trkpt>
      <trkpt lat="46.26381665468216" lon="15.11753543280065">
        <ele>276.6000061035156</ele>
      </trkpt>
      <trkpt lat="46.26386635936797" lon="15.117483548820019">
        <ele>276.79998779296875</ele>
      </trkpt>
      <trkpt lat="46.26391740515828" lon="15.117432586848736">
        <ele>276.79998779296875</ele>
      </trkpt>
      <trkpt lat="46.263968367129564" lon="15.117382211610675">
        <ele>277</ele>
      </trkpt>
      <trkpt lat="46.26402041874826" lon="15.117333009839058">
        <ele>277</ele>
      </trkpt>
      <trkpt lat="46.264073392376304" lon="15.117286490276456">
        <ele>277.20001220703125</ele>
      </trkpt>
      <trkpt lat="46.26412644982338" lon="15.117244413122535">
        <ele>277.20001220703125</ele>
      </trkpt>
      <trkpt lat="46.26417917199433" lon="15.117199486121535">
        <ele>277.20001220703125</ele>
      </trkpt>
      <trkpt lat="46.26423214562237" lon="15.117156486958265">
        <ele>277.20001220703125</ele>
      </trkpt>
      <trkpt lat="46.26428629271686" lon="15.11711566708982">
        <ele>277.20001220703125</ele>
      </trkpt>
      <trkpt lat="46.264340188354254" lon="15.117076020687819">
        <ele>277.20001220703125</ele>
      </trkpt>
      <trkpt lat="46.26439274288714" lon="15.117036877200007">
        <ele>277.20001220703125</ele>
      </trkpt>
      <trkpt lat="46.264446806162596" lon="15.116998152807355">
        <ele>277.3999938964844</ele>
      </trkpt>
      <trkpt lat="46.264500953257084" lon="15.116960518062115">
        <ele>277.6000061035156</ele>
      </trkpt>
      <trkpt lat="46.264553759247065" lon="15.11691969819367">
        <ele>277.79998779296875</ele>
      </trkpt>
      <trkpt lat="46.26460690051317" lon="15.116882985457778">
        <ele>278</ele>
      </trkpt>
      <trkpt lat="46.26465861685574" lon="15.116845518350601">
        <ele>278.20001220703125</ele>
      </trkpt>
      <trkpt lat="46.26471041701734" lon="15.116803022101521">
        <ele>278.3999938964844</ele>
      </trkpt>
      <trkpt lat="46.26476037316024" lon="15.116758262738585">
        <ele>278.3999938964844</ele>
      </trkpt>
      <trkpt lat="46.26481049694121" lon="15.116715431213379">
        <ele>278.20001220703125</ele>
      </trkpt>
      <trkpt lat="46.26486171036959" lon="15.116673773154616">
        <ele>278.20001220703125</ele>
      </trkpt>
      <trkpt lat="46.26491225324571" lon="15.116631360724568">
        <ele>278.20001220703125</ele>
      </trkpt>
      <trkpt lat="46.264965226873755" lon="15.116587858647108">
        <ele>278.20001220703125</ele>
      </trkpt>
      <trkpt lat="46.265015518292785" lon="15.116546284407377">
        <ele>278</ele>
      </trkpt>
      <trkpt lat="46.265063965693116" lon="15.116505045443773">
        <ele>278</ele>
      </trkpt>
      <trkpt lat="46.265114760026336" lon="15.116461711004376">
        <ele>278</ele>
      </trkpt>
      <trkpt lat="46.265164632350206" lon="15.116419047117233">
        <ele>278.20001220703125</ele>
      </trkpt>
      <trkpt lat="46.265214839950204" lon="15.116377137601376">
        <ele>278.20001220703125</ele>
      </trkpt>
      <trkpt lat="46.265263790264726" lon="15.11633288115263">
        <ele>278.20001220703125</ele>
      </trkpt>
      <trkpt lat="46.26531274057925" lon="15.116285774856806">
        <ele>278.20001220703125</ele>
      </trkpt>
      <trkpt lat="46.26536135561764" lon="15.116238165646791">
        <ele>278</ele>
      </trkpt>
      <trkpt lat="46.265409300103784" lon="15.116189382970333">
        <ele>278</ele>
      </trkpt>
      <trkpt lat="46.265455316752195" lon="15.116139678284526">
        <ele>277.79998779296875</ele>
      </trkpt>
      <trkpt lat="46.26549907028675" lon="15.116088129580021">
        <ele>277.79998779296875</ele>
      </trkpt>
      <trkpt lat="46.265541231259704" lon="15.116033982485533">
        <ele>277.6000061035156</ele>
      </trkpt>
      <trkpt lat="46.2655827216804" lon="15.115977069362998">
        <ele>277.6000061035156</ele>
      </trkpt>
      <trkpt lat="46.26562354154885" lon="15.115919066593051">
        <ele>277.6000061035156</ele>
      </trkpt>
      <trkpt lat="46.265666875988245" lon="15.115859806537628">
        <ele>277.6000061035156</ele>
      </trkpt>
      <trkpt lat="46.26570853404701" lon="15.115800630301237">
        <ele>277.6000061035156</ele>
      </trkpt>
      <trkpt lat="46.265750946477056" lon="15.115741705521941">
        <ele>277.6000061035156</ele>
      </trkpt>
      <trkpt lat="46.26579235307872" lon="15.115682110190392">
        <ele>277.6000061035156</ele>
      </trkpt>
      <trkpt lat="46.26583342440426" lon="15.115622095763683">
        <ele>277.6000061035156</ele>
      </trkpt>
      <trkpt lat="46.26587348990142" lon="15.115559985861182">
        <ele>277.6000061035156</ele>
      </trkpt>
      <trkpt lat="46.26591003499925" lon="15.115494187921286">
        <ele>277.6000061035156</ele>
      </trkpt>
      <trkpt lat="46.26594666391611" lon="15.115426294505596">
        <ele>277.6000061035156</ele>
      </trkpt>
      <trkpt lat="46.26598027534783" lon="15.115357981994748">
        <ele>277.6000061035156</ele>
      </trkpt>
      <trkpt lat="46.26601162366569" lon="15.115288579836488">
        <ele>277.79998779296875</ele>
      </trkpt>
      <trkpt lat="46.266043139621615" lon="15.115219596773386">
        <ele>277.79998779296875</ele>
      </trkpt>
      <trkpt lat="46.26607180573046" lon="15.115145584568381">
        <ele>278</ele>
      </trkpt>
      <trkpt lat="46.26610340550542" lon="15.115073751658201">
        <ele>278</ele>
      </trkpt>
      <trkpt lat="46.266136933118105" lon="15.115002589300275">
        <ele>278</ele>
      </trkpt>
      <trkpt lat="46.26617222093046" lon="15.114931929856539">
        <ele>278</ele>
      </trkpt>
      <trkpt lat="46.26620834693313" lon="15.114862695336342">
        <ele>278</ele>
      </trkpt>
      <trkpt lat="46.26624455675483" lon="15.11479614302516">
        <ele>278</ele>
      </trkpt>
      <trkpt lat="46.266283532604575" lon="15.114730093628168">
        <ele>278</ele>
      </trkpt>
      <trkpt lat="46.266321586444974" lon="15.114668989554048">
        <ele>278.20001220703125</ele>
      </trkpt>
      <trkpt lat="46.26635645516217" lon="15.114614004269242">
        <ele>278.3999938964844</ele>
      </trkpt>
      <trkpt lat="46.266388138756156" lon="15.114560360088944">
        <ele>278.6000061035156</ele>
      </trkpt>
      <trkpt lat="46.266418900340796" lon="15.114510906860232">
        <ele>278.79998779296875</ele>
      </trkpt>
      <trkpt lat="46.26644806936383" lon="15.114460196346045">
        <ele>279</ele>
      </trkpt>
      <trkpt lat="46.26647690311074" lon="15.114412251859903">
        <ele>279.20001220703125</ele>
      </trkpt>
      <trkpt lat="46.26650758087635" lon="15.114369336515665">
        <ele>279.6000061035156</ele>
      </trkpt>
      <trkpt lat="46.26653817482293" lon="15.114328097552061">
        <ele>279.79998779296875</ele>
      </trkpt>
      <trkpt lat="46.266565918922424" lon="15.114285936579108">
        <ele>280.3999938964844</ele>
      </trkpt>
      <trkpt lat="46.26659106463194" lon="15.114245619624853">
        <ele>280.79998779296875</ele>
      </trkpt>
      <trkpt lat="46.26661595888436" lon="15.114207146689296">
        <ele>281</ele>
      </trkpt>
      <trkpt lat="46.266639679670334" lon="15.114171020686626">
        <ele>281.3999938964844</ele>
      </trkpt>
      <trkpt lat="46.26666541211307" lon="15.114138079807162">
        <ele>281.6000061035156</ele>
      </trkpt>
      <trkpt lat="46.26668921671808" lon="15.114106563851237">
        <ele>282</ele>
      </trkpt>
      <trkpt lat="46.26671050675213" lon="15.114072281867266">
        <ele>282.20001220703125</ele>
      </trkpt>
      <trkpt lat="46.26673196442425" lon="15.114036072045565">
        <ele>282.3999938964844</ele>
      </trkpt>
      <trkpt lat="46.2667535059154" lon="15.113998940214515">
        <ele>282.79998779296875</ele>
      </trkpt>
      <trkpt lat="46.26677446067333" lon="15.11396256275475">
        <ele>283</ele>
      </trkpt>
      <trkpt lat="46.26679717563093" lon="15.113930627703667">
        <ele>283.20001220703125</ele>
      </trkpt>
      <trkpt lat="46.26682131551206" lon="15.113897854462266">
        <ele>283.20001220703125</ele>
      </trkpt>
      <trkpt lat="46.2668452039361" lon="15.113866506144404">
        <ele>283.3999938964844</ele>
      </trkpt>
      <trkpt lat="46.26686909236014" lon="15.113832894712687">
        <ele>283.6000061035156</ele>
      </trkpt>
      <trkpt lat="46.26689264550805" lon="15.113800205290318">
        <ele>283.6000061035156</ele>
      </trkpt>
      <trkpt lat="46.26691494137049" lon="15.113765336573124">
        <ele>283.79998779296875</ele>
      </trkpt>
      <trkpt lat="46.26693899743259" lon="15.113731976598501">
        <ele>284</ele>
      </trkpt>
      <trkpt lat="46.26696288585663" lon="15.113699287176132">
        <ele>284.20001220703125</ele>
      </trkpt>
      <trkpt lat="46.26698459498584" lon="15.113665089011192">
        <ele>284.3999938964844</ele>
      </trkpt>
      <trkpt lat="46.267004292458296" lon="15.113626616075635">
        <ele>284.3999938964844</ele>
      </trkpt>
      <trkpt lat="46.267026253044605" lon="15.113589819520712">
        <ele>284.3999938964844</ele>
      </trkpt>
      <trkpt lat="46.26705030910671" lon="15.113554950803518">
        <ele>284.6000061035156</ele>
      </trkpt>
      <trkpt lat="46.267072688788176" lon="15.113519495353103">
        <ele>284.3999938964844</ele>
      </trkpt>
      <trkpt lat="46.26709791831672" lon="15.113484626635909">
        <ele>284.6000061035156</ele>
      </trkpt>
      <trkpt lat="46.267124908044934" lon="15.11344950646162">
        <ele>284.6000061035156</ele>
      </trkpt>
      <trkpt lat="46.26715122722089" lon="15.113413129001856">
        <ele>284.6000061035156</ele>
      </trkpt>
      <trkpt lat="46.267178719863296" lon="15.113374823704362">
        <ele>284.6000061035156</ele>
      </trkpt>
      <trkpt lat="46.2672078050673" lon="15.113331405445933">
        <ele>284.79998779296875</ele>
      </trkpt>
      <trkpt lat="46.267236806452274" lon="15.113285472616553">
        <ele>285.20001220703125</ele>
      </trkpt>
      <trkpt lat="46.267266143113375" lon="15.113238282501698">
        <ele>285.3999938964844</ele>
      </trkpt>
      <trkpt lat="46.267297910526395" lon="15.113186733797193">
        <ele>285.3999938964844</ele>
      </trkpt>
      <trkpt lat="46.2673304323107" lon="15.113132670521736">
        <ele>285.6000061035156</ele>
      </trkpt>
      <trkpt lat="46.26736379228532" lon="15.113077517598867">
        <ele>285.3999938964844</ele>
      </trkpt>
      <trkpt lat="46.26739882864058" lon="15.113018928095698">
        <ele>285.20001220703125</ele>
      </trkpt>
      <trkpt lat="46.26743487082422" lon="15.112958159297705">
        <ele>285</ele>
      </trkpt>
      <trkpt lat="46.267472337931395" lon="15.112894959747791">
        <ele>284.79998779296875</ele>
      </trkpt>
      <trkpt lat="46.26751231960952" lon="15.112827150151134">
        <ele>284.3999938964844</ele>
      </trkpt>
      <trkpt lat="46.26755431294441" lon="15.112755233421922">
        <ele>284</ele>
      </trkpt>
      <trkpt lat="46.26759706065059" lon="15.112675772979856">
        <ele>283.79998779296875</ele>
      </trkpt>
      <trkpt lat="46.26763955689967" lon="15.11258751153946">
        <ele>283.3999938964844</ele>
      </trkpt>
      <trkpt lat="46.267680544406176" lon="15.11249229311943">
        <ele>283.20001220703125</ele>
      </trkpt>
      <trkpt lat="46.2677207775414" lon="15.112388525158167">
        <ele>282.6000061035156</ele>
      </trkpt>
      <trkpt lat="46.26776335760951" lon="15.11227679438889">
        <ele>282.20001220703125</ele>
      </trkpt>
      <trkpt lat="46.267805099487305" lon="15.112161040306091">
        <ele>281.79998779296875</ele>
      </trkpt>
      <trkpt lat="46.267848098650575" lon="15.112046292051673">
        <ele>281.3999938964844</ele>
      </trkpt>
      <trkpt lat="46.267894534394145" lon="15.111931376159191">
        <ele>281</ele>
      </trkpt>
      <trkpt lat="46.26794180832803" lon="15.111820651218295">
        <ele>280.6000061035156</ele>
      </trkpt>
      <trkpt lat="46.26798748970032" lon="15.111708082258701">
        <ele>280.3999938964844</ele>
      </trkpt>
      <trkpt lat="46.26803166233003" lon="15.111593920737505">
        <ele>280</ele>
      </trkpt>
      <trkpt lat="46.268078265711665" lon="15.111482022330165">
        <ele>279.79998779296875</ele>
      </trkpt>
      <trkpt lat="46.26813082024455" lon="15.111377499997616">
        <ele>279.6000061035156</ele>
      </trkpt>
      <trkpt lat="46.26818932592869" lon="15.11128387413919">
        <ele>279.3999938964844</ele>
      </trkpt>
      <trkpt lat="46.26825017854571" lon="15.111196786165237">
        <ele>279.20001220703125</ele>
      </trkpt>
      <trkpt lat="46.26831052824855" lon="15.111115649342537">
        <ele>279.20001220703125</ele>
      </trkpt>
      <trkpt lat="46.2683735601604" lon="15.111038787290454">
        <ele>279.20001220703125</ele>
      </trkpt>
      <trkpt lat="46.26843810081482" lon="15.110967541113496">
        <ele>279.20001220703125</ele>
      </trkpt>
      <trkpt lat="46.26850071363151" lon="15.110899228602648">
        <ele>279.3999938964844</ele>
      </trkpt>
      <trkpt lat="46.268561482429504" lon="15.110829407349229">
        <ele>279.3999938964844</ele>
      </trkpt>
      <trkpt lat="46.26862250268459" lon="15.110759250819683">
        <ele>279.6000061035156</ele>
      </trkpt>
      <trkpt lat="46.26868100836873" lon="15.110690100118518">
        <ele>279.6000061035156</ele>
      </trkpt>
      <trkpt lat="46.2687361612916" lon="15.110617093741894">
        <ele>279.6000061035156</ele>
      </trkpt>
      <trkpt lat="46.2687879614532" lon="15.110540064051747">
        <ele>279.3999938964844</ele>
      </trkpt>
      <trkpt lat="46.26883481629193" lon="15.110457502305508">
        <ele>279.3999938964844</ele>
      </trkpt>
      <trkpt lat="46.26887882128358" lon="15.110371923074126">
        <ele>279.3999938964844</ele>
      </trkpt>
      <trkpt lat="46.26892047934234" lon="15.110286008566618">
        <ele>279.3999938964844</ele>
      </trkpt>
      <trkpt lat="46.26896004192531" lon="15.110196489840746">
        <ele>279.3999938964844</ele>
      </trkpt>
      <trkpt lat="46.26899457536638" lon="15.110105210915208">
        <ele>279.3999938964844</ele>
      </trkpt>
      <trkpt lat="46.26902659423649" lon="15.110013261437416">
        <ele>279.20001220703125</ele>
      </trkpt>
      <trkpt lat="46.26905559562147" lon="15.109921479597688">
        <ele>279.20001220703125</ele>
      </trkpt>
      <trkpt lat="46.26908409409225" lon="15.10982827283442">
        <ele>279.20001220703125</ele>
      </trkpt>
      <trkpt lat="46.26911242492497" lon="15.10973691008985">
        <ele>279.20001220703125</ele>
      </trkpt>
      <trkpt lat="46.269140588119626" lon="15.109645379707217">
        <ele>279.20001220703125</ele>
      </trkpt>
      <trkpt lat="46.26917101442814" lon="15.10955418460071">
        <ele>279.20001220703125</ele>
      </trkpt>
      <trkpt lat="46.26920244656503" lon="15.10946273803711">
        <ele>279.20001220703125</ele>
      </trkpt>
      <trkpt lat="46.26923371106386" lon="15.109368693083525">
        <ele>279.20001220703125</ele>
      </trkpt>
      <trkpt lat="46.26926874741912" lon="15.109277833253145">
        <ele>279.20001220703125</ele>
      </trkpt>
      <trkpt lat="46.26930898055434" lon="15.109190326184034">
        <ele>279.3999938964844</ele>
      </trkpt>
      <trkpt lat="46.269356505945325" lon="15.109108351171017">
        <ele>279.3999938964844</ele>
      </trkpt>
      <trkpt lat="46.26941082067788" lon="15.109040709212422">
        <ele>279.20001220703125</ele>
      </trkpt>
      <trkpt lat="46.269468907266855" lon="15.108982538804412">
        <ele>279.20001220703125</ele>
      </trkpt>
      <trkpt lat="46.26952883787453" lon="15.108934175223112">
        <ele>279.20001220703125</ele>
      </trkpt>
      <trkpt lat="46.26959329470992" lon="15.108893355354667">
        <ele>279.20001220703125</ele>
      </trkpt>
      <trkpt lat="46.26965858973563" lon="15.108856726437807">
        <ele>279.20001220703125</ele>
      </trkpt>
      <trkpt lat="46.26972656697035" lon="15.10883099399507">
        <ele>279</ele>
      </trkpt>
      <trkpt lat="46.269795801490545" lon="15.108811296522617">
        <ele>279</ele>
      </trkpt>
      <trkpt lat="46.2698620185256" lon="15.10879679583013">
        <ele>279</ele>
      </trkpt>
      <trkpt lat="46.269928151741624" lon="15.108782714232802">
        <ele>279</ele>
      </trkpt>
      <trkpt lat="46.26999487169087" lon="15.108766369521618">
        <ele>279.20001220703125</ele>
      </trkpt>
      <trkpt lat="46.27006025053561" lon="15.108750946819782">
        <ele>279.20001220703125</ele>
      </trkpt>
      <trkpt lat="46.27012621611357" lon="15.108737032860518">
        <ele>279.3999938964844</ele>
      </trkpt>
      <trkpt lat="46.27019285224378" lon="15.108726220205426">
        <ele>279.3999938964844</ele>
      </trkpt>
      <trkpt lat="46.27025990746915" lon="15.108717670664191">
        <ele>279.6000061035156</ele>
      </trkpt>
      <trkpt lat="46.270322520285845" lon="15.10870836675167">
        <ele>279.79998779296875</ele>
      </trkpt>
      <trkpt lat="46.27038840204477" lon="15.108700068667531">
        <ele>279.79998779296875</ele>
      </trkpt>
      <trkpt lat="46.27045235596597" lon="15.108700823038816">
        <ele>279.79998779296875</ele>
      </trkpt>
      <trkpt lat="46.27051589079201" lon="15.108707277104259">
        <ele>280</ele>
      </trkpt>
      <trkpt lat="46.270577078685164" lon="15.108724040910602">
        <ele>279.79998779296875</ele>
      </trkpt>
      <trkpt lat="46.27063759602606" lon="15.10875128209591">
        <ele>279.79998779296875</ele>
      </trkpt>
      <trkpt lat="46.27069551497698" lon="15.108783217146993">
        <ele>280</ele>
      </trkpt>
      <trkpt lat="46.270749662071466" lon="15.10882311500609">
        <ele>280</ele>
      </trkpt>
      <trkpt lat="46.27080246806145" lon="15.10886519216001">
        <ele>280</ele>
      </trkpt>
      <trkpt lat="46.27085594460368" lon="15.108906850218773">
        <ele>280</ele>
      </trkpt>
      <trkpt lat="46.270909337326884" lon="15.10894825682044">
        <ele>280</ele>
      </trkpt>
      <trkpt lat="46.27095904201269" lon="15.108994524925947">
        <ele>280</ele>
      </trkpt>
      <trkpt lat="46.27100815996528" lon="15.10904104448855">
        <ele>280.20001220703125</ele>
      </trkpt>
      <trkpt lat="46.271056439727545" lon="15.10908798314631">
        <ele>280.20001220703125</ele>
      </trkpt>
      <trkpt lat="46.27110312692821" lon="15.109138274565339">
        <ele>280.20001220703125</ele>
      </trkpt>
      <trkpt lat="46.27114805392921" lon="15.109188985079527">
        <ele>280.20001220703125</ele>
      </trkpt>
      <trkpt lat="46.27119390293956" lon="15.109239025041461">
        <ele>280.20001220703125</ele>
      </trkpt>
      <trkpt lat="46.27123933285475" lon="15.109288645908237">
        <ele>280.20001220703125</ele>
      </trkpt>
      <trkpt lat="46.2712867744267" lon="15.109336758032441">
        <ele>280.20001220703125</ele>
      </trkpt>
      <trkpt lat="46.27133438363671" lon="15.109379338100553">
        <ele>280</ele>
      </trkpt>
      <trkpt lat="46.27138123847544" lon="15.109417391940951">
        <ele>280</ele>
      </trkpt>
      <trkpt lat="46.271427841857076" lon="15.109451087191701">
        <ele>280</ele>
      </trkpt>
      <trkpt lat="46.27148089930415" lon="15.109478328377008">
        <ele>280</ele>
      </trkpt>
      <trkpt lat="46.27153412438929" lon="15.109502719715238">
        <ele>280</ele>
      </trkpt>
      <trkpt lat="46.271588020026684" lon="15.109525853767991">
        <ele>280.20001220703125</ele>
      </trkpt>
      <trkpt lat="46.27164493314922" lon="15.109548652544618">
        <ele>280.20001220703125</ele>
      </trkpt>
      <trkpt lat="46.27170176245272" lon="15.10956835001707">
        <ele>280.20001220703125</ele>
      </trkpt>
      <trkpt lat="46.27175842411816" lon="15.10958444327116">
        <ele>280.20001220703125</ele>
      </trkpt>
      <trkpt lat="46.271814331412315" lon="15.109597016125917">
        <ele>280.20001220703125</ele>
      </trkpt>
      <trkpt lat="46.27187082543969" lon="15.109604140743613">
        <ele>280.20001220703125</ele>
      </trkpt>
      <trkpt lat="46.27192849293351" lon="15.109603051096201">
        <ele>280.20001220703125</ele>
      </trkpt>
      <trkpt lat="46.27198574133217" lon="15.10959425009787">
        <ele>280.20001220703125</ele>
      </trkpt>
      <trkpt lat="46.27204374410212" lon="15.109576564282179">
        <ele>280.20001220703125</ele>
      </trkpt>
      <trkpt lat="46.27209990285337" lon="15.109549574553967">
        <ele>280.20001220703125</ele>
      </trkpt>
      <trkpt lat="46.27215572632849" lon="15.109521327540278">
        <ele>280.20001220703125</ele>
      </trkpt>
      <trkpt lat="46.272210041061044" lon="15.109493667259812">
        <ele>280.3999938964844</ele>
      </trkpt>
      <trkpt lat="46.27226259559393" lon="15.109467348083854">
        <ele>280.3999938964844</ele>
      </trkpt>
      <trkpt lat="46.272318586707115" lon="15.109443794935942">
        <ele>280.3999938964844</ele>
      </trkpt>
      <trkpt lat="46.27237591892481" lon="15.10942610912025">
        <ele>280.3999938964844</ele>
      </trkpt>
      <trkpt lat="46.27243408933282" lon="15.10941194370389">
        <ele>280.3999938964844</ele>
      </trkpt>
      <trkpt lat="46.272492008283734" lon="15.109400879591703">
        <ele>280.3999938964844</ele>
      </trkpt>
      <trkpt lat="46.272549172863364" lon="15.109390569850802">
        <ele>280.6000061035156</ele>
      </trkpt>
      <trkpt lat="46.272610276937485" lon="15.109382355585694">
        <ele>280.6000061035156</ele>
      </trkpt>
      <trkpt lat="46.27267314121127" lon="15.109373135492206">
        <ele>280.6000061035156</ele>
      </trkpt>
      <trkpt lat="46.27273038960993" lon="15.109352516010404">
        <ele>280.6000061035156</ele>
      </trkpt>
      <trkpt lat="46.272787135094404" lon="15.109328040853143">
        <ele>280.6000061035156</ele>
      </trkpt>
      <trkpt lat="46.27284279093146" lon="15.109299374744296">
        <ele>280.6000061035156</ele>
      </trkpt>
      <trkpt lat="46.272899704054" lon="15.109269870445132">
        <ele>280.3999938964844</ele>
      </trkpt>
      <trkpt lat="46.27295410260558" lon="15.109232570976019">
        <ele>280.3999938964844</ele>
      </trkpt>
      <trkpt lat="46.27300288528204" lon="15.109180686995387">
        <ele>280.3999938964844</ele>
      </trkpt>
      <trkpt lat="46.273049572482705" lon="15.10912167839706">
        <ele>280.3999938964844</ele>
      </trkpt>
      <trkpt lat="46.27309558913112" lon="15.109059819951653">
        <ele>280.20001220703125</ele>
      </trkpt>
      <trkpt lat="46.27313909120858" lon="15.10899854823947">
        <ele>280.20001220703125</ele>
      </trkpt>
      <trkpt lat="46.273179994896054" lon="15.108933169394732">
        <ele>280.20001220703125</ele>
      </trkpt>
      <trkpt lat="46.273221988230944" lon="15.108866952359676">
        <ele>280.20001220703125</ele>
      </trkpt>
      <trkpt lat="46.27326490357518" lon="15.108804842457175">
        <ele>280.20001220703125</ele>
      </trkpt>
      <trkpt lat="46.27330815419555" lon="15.108739966526628">
        <ele>280.3999938964844</ele>
      </trkpt>
      <trkpt lat="46.27335291355848" lon="15.108675761148334">
        <ele>280.3999938964844</ele>
      </trkpt>
      <trkpt lat="46.27339951694012" lon="15.10861155577004">
        <ele>280.3999938964844</ele>
      </trkpt>
      <trkpt lat="46.27344712615013" lon="15.108549194410443">
        <ele>280.3999938964844</ele>
      </trkpt>
      <trkpt lat="46.27349657937884" lon="15.108489599078894">
        <ele>280.20001220703125</ele>
      </trkpt>
      <trkpt lat="46.273547541350126" lon="15.108439475297928">
        <ele>280.20001220703125</ele>
      </trkpt>
      <trkpt lat="46.27360395155847" lon="15.108400080353022">
        <ele>280.20001220703125</ele>
      </trkpt>
      <trkpt lat="46.273664720356464" lon="15.10838239453733">
        <ele>280</ele>
      </trkpt>
      <trkpt lat="46.273728758096695" lon="15.108380299061537">
        <ele>280</ele>
      </trkpt>
      <trkpt lat="46.2737906165421" lon="15.108393542468548">
        <ele>279.79998779296875</ele>
      </trkpt>
      <trkpt lat="46.27385079860687" lon="15.108418855816126">
        <ele>279.79998779296875</ele>
      </trkpt>
      <trkpt lat="46.27390888519585" lon="15.108447354286909">
        <ele>279.79998779296875</ele>
      </trkpt>
      <trkpt lat="46.273964708670974" lon="15.108477780595422">
        <ele>279.79998779296875</ele>
      </trkpt>
      <trkpt lat="46.27401961013675" lon="15.108506698161364">
        <ele>279.79998779296875</ele>
      </trkpt>
      <trkpt lat="46.27407534979284" lon="15.108537711203098">
        <ele>279.79998779296875</ele>
      </trkpt>
      <trkpt lat="46.27413008362055" lon="15.108557576313615">
        <ele>279.79998779296875</ele>
      </trkpt>
      <trkpt lat="46.2741859909147" lon="15.10857199318707">
        <ele>280</ele>
      </trkpt>
      <trkpt lat="46.27424013800919" lon="15.108586577698588">
        <ele>280.20001220703125</ele>
      </trkpt>
      <trkpt lat="46.27429713495076" lon="15.108599485829473">
        <ele>280.3999938964844</ele>
      </trkpt>
      <trkpt lat="46.2743535451591" lon="15.108614237979054">
        <ele>280.3999938964844</ele>
      </trkpt>
      <trkpt lat="46.27440861426294" lon="15.108628822490573">
        <ele>280.6000061035156</ele>
      </trkpt>
      <trkpt lat="46.27446577884257" lon="15.108645167201757">
        <ele>280.6000061035156</ele>
      </trkpt>
      <trkpt lat="46.274521769955754" lon="15.108662266284227">
        <ele>280.6000061035156</ele>
      </trkpt>
      <trkpt lat="46.274579940363765" lon="15.108676431700587">
        <ele>280.3999938964844</ele>
      </trkpt>
      <trkpt lat="46.274638697505" lon="15.108689423650503">
        <ele>280.3999938964844</ele>
      </trkpt>
      <trkpt lat="46.274696784093976" lon="15.108696045354009">
        <ele>280.3999938964844</ele>
      </trkpt>
      <trkpt lat="46.274753361940384" lon="15.108699733391404">
        <ele>280.3999938964844</ele>
      </trkpt>
      <trkpt lat="46.27480935305357" lon="15.108700906857848">
        <ele>280.6000061035156</ele>
      </trkpt>
      <trkpt lat="46.27486551180482" lon="15.108701074495912">
        <ele>280.6000061035156</ele>
      </trkpt>
      <trkpt lat="46.27492225728929" lon="15.108704846352339">
        <ele>280.6000061035156</ele>
      </trkpt>
      <trkpt lat="46.27497833222151" lon="15.108702415600419">
        <ele>280.6000061035156</ele>
      </trkpt>
      <trkpt lat="46.27503549680114" lon="15.108700823038816">
        <ele>280.6000061035156</ele>
      </trkpt>
      <trkpt lat="46.27509215846658" lon="15.10869612917304">
        <ele>280.6000061035156</ele>
      </trkpt>
      <trkpt lat="46.2751479819417" lon="15.10868925601244">
        <ele>280.6000061035156</ele>
      </trkpt>
      <trkpt lat="46.275204895064235" lon="15.108685903251171">
        <ele>280.79998779296875</ele>
      </trkpt>
      <trkpt lat="46.275263987481594" lon="15.108682801946998">
        <ele>280.79998779296875</ele>
      </trkpt>
      <trkpt lat="46.27532199025154" lon="15.108684562146664">
        <ele>280.79998779296875</ele>
      </trkpt>
      <trkpt lat="46.275377813726664" lon="15.108693614602089">
        <ele>281</ele>
      </trkpt>
      <trkpt lat="46.27543489448726" lon="15.108708031475544">
        <ele>281</ele>
      </trkpt>
      <trkpt lat="46.27549147233367" lon="15.108728483319283">
        <ele>281.20001220703125</ele>
      </trkpt>
      <trkpt lat="46.275546457618475" lon="15.10876008309424">
        <ele>281.20001220703125</ele>
      </trkpt>
      <trkpt lat="46.2756004370749" lon="15.108799561858177">
        <ele>281.20001220703125</ele>
      </trkpt>
      <trkpt lat="46.27565433271229" lon="15.108841555193067">
        <ele>281.3999938964844</ele>
      </trkpt>
      <trkpt lat="46.27570982091129" lon="15.108886817470193">
        <ele>281.20001220703125</ele>
      </trkpt>
      <trkpt lat="46.275762878358364" lon="15.108932750299573">
        <ele>281.20001220703125</ele>
      </trkpt>
      <trkpt lat="46.27581492997706" lon="15.108979186043143">
        <ele>281</ele>
      </trkpt>
      <trkpt lat="46.27586857415736" lon="15.109026711434126">
        <ele>281</ele>
      </trkpt>
      <trkpt lat="46.27592096105218" lon="15.109071219339967">
        <ele>281</ele>
      </trkpt>
      <trkpt lat="46.27597435377538" lon="15.109115727245808">
        <ele>281.20001220703125</ele>
      </trkpt>
      <trkpt lat="46.27602556720376" lon="15.109158307313919">
        <ele>281.20001220703125</ele>
      </trkpt>
      <trkpt lat="46.27607921138406" lon="15.109197534620762">
        <ele>281.20001220703125</ele>
      </trkpt>
      <trkpt lat="46.27613344229758" lon="15.109233409166336">
        <ele>281.20001220703125</ele>
      </trkpt>
      <trkpt lat="46.27618599683046" lon="15.109268110245466">
        <ele>281.3999938964844</ele>
      </trkpt>
      <trkpt lat="46.276236874982715" lon="15.109301302582026">
        <ele>281.3999938964844</ele>
      </trkpt>
      <trkpt lat="46.27628951333463" lon="15.10933524928987">
        <ele>281.3999938964844</ele>
      </trkpt>
      <trkpt lat="46.27634231932461" lon="15.109372129663825">
        <ele>281.6000061035156</ele>
      </trkpt>
      <trkpt lat="46.27639596350491" lon="15.109404064714909">
        <ele>281.6000061035156</ele>
      </trkpt>
      <trkpt lat="46.276451367884874" lon="15.10943004861474">
        <ele>281.6000061035156</ele>
      </trkpt>
      <trkpt lat="46.27650828100741" lon="15.10945594869554">
        <ele>281.79998779296875</ele>
      </trkpt>
      <trkpt lat="46.276566786691546" lon="15.109478328377008">
        <ele>281.79998779296875</ele>
      </trkpt>
      <trkpt lat="46.27662520855665" lon="15.10949794203043">
        <ele>282</ele>
      </trkpt>
      <trkpt lat="46.276682959869504" lon="15.109517052769661">
        <ele>282</ele>
      </trkpt>
      <trkpt lat="46.27674196846783" lon="15.109535912051797">
        <ele>282</ele>
      </trkpt>
      <trkpt lat="46.276800306513906" lon="15.10955267585814">
        <ele>282</ele>
      </trkpt>
      <trkpt lat="46.27685780636966" lon="15.109571870416403">
        <ele>282.20001220703125</ele>
      </trkpt>
      <trkpt lat="46.27691178582609" lon="15.109589220955968">
        <ele>282.20001220703125</ele>
      </trkpt>
      <trkpt lat="46.276966435834765" lon="15.109607744961977">
        <ele>282.3999938964844</ele>
      </trkpt>
      <trkpt lat="46.27702100202441" lon="15.1096255145967">
        <ele>282.3999938964844</ele>
      </trkpt>
      <trkpt lat="46.27707623876631" lon="15.109643451869488">
        <ele>282.3999938964844</ele>
      </trkpt>
      <trkpt lat="46.277131559327245" lon="15.109662059694529">
        <ele>282.6000061035156</ele>
      </trkpt>
      <trkpt lat="46.27718612551689" lon="15.109679158776999">
        <ele>282.6000061035156</ele>
      </trkpt>
      <trkpt lat="46.27724211663008" lon="15.10969776660204">
        <ele>282.6000061035156</ele>
      </trkpt>
      <trkpt lat="46.27729861065745" lon="15.109715452417731">
        <ele>282.6000061035156</ele>
      </trkpt>
      <trkpt lat="46.27735577523708" lon="15.10973297059536">
        <ele>282.6000061035156</ele>
      </trkpt>
      <trkpt lat="46.2774100061506" lon="15.109748225659132">
        <ele>282.6000061035156</ele>
      </trkpt>
      <trkpt lat="46.277465745806694" lon="15.10976574383676">
        <ele>282.6000061035156</ele>
      </trkpt>
      <trkpt lat="46.277521066367626" lon="15.109783597290516">
        <ele>282.3999938964844</ele>
      </trkpt>
      <trkpt lat="46.27757747657597" lon="15.10980136692524">
        <ele>282.3999938964844</ele>
      </trkpt>
      <trkpt lat="46.27763262949884" lon="15.109820393845439">
        <ele>282.3999938964844</ele>
      </trkpt>
      <trkpt lat="46.277690045535564" lon="15.109836990013719">
        <ele>282.3999938964844</ele>
      </trkpt>
      <trkpt lat="46.277748215943575" lon="15.109849814325571">
        <ele>282.20001220703125</ele>
      </trkpt>
      <trkpt lat="46.277805883437395" lon="15.109857777133584">
        <ele>282.20001220703125</ele>
      </trkpt>
      <trkpt lat="46.27786606550217" lon="15.109863141551614">
        <ele>282.20001220703125</ele>
      </trkpt>
      <trkpt lat="46.27792624756694" lon="15.109868254512548">
        <ele>282.20001220703125</ele>
      </trkpt>
      <trkpt lat="46.2779887765646" lon="15.109870852902532">
        <ele>282</ele>
      </trkpt>
      <trkpt lat="46.27805138938129" lon="15.10987470857799">
        <ele>282</ele>
      </trkpt>
      <trkpt lat="46.27811341546476" lon="15.109878731891513">
        <ele>281.79998779296875</ele>
      </trkpt>
      <trkpt lat="46.278176279738545" lon="15.109882755205035">
        <ele>281.6000061035156</ele>
      </trkpt>
      <trkpt lat="46.278239814564586" lon="15.109884683042765">
        <ele>281.6000061035156</ele>
      </trkpt>
      <trkpt lat="46.2783046066761" lon="15.109884766861796">
        <ele>281.6000061035156</ele>
      </trkpt>
      <trkpt lat="46.27836705185473" lon="15.109883677214384">
        <ele>281.6000061035156</ele>
      </trkpt>
      <trkpt lat="46.27843108959496" lon="15.109882922843099">
        <ele>281.3999938964844</ele>
      </trkpt>
      <trkpt lat="46.2784964684397" lon="15.109884850680828">
        <ele>281.3999938964844</ele>
      </trkpt>
      <trkpt lat="46.278560841456056" lon="15.109887029975653">
        <ele>281.3999938964844</ele>
      </trkpt>
      <trkpt lat="46.27862521447241" lon="15.109888287261128">
        <ele>281.3999938964844</ele>
      </trkpt>
      <trkpt lat="46.27869017422199" lon="15.1098897960037">
        <ele>281.20001220703125</ele>
      </trkpt>
      <trkpt lat="46.27875404432416" lon="15.109891640022397">
        <ele>281.20001220703125</ele>
      </trkpt>
      <trkpt lat="46.27881749533117" lon="15.109890885651112">
        <ele>281.20001220703125</ele>
      </trkpt>
      <trkpt lat="46.278881281614304" lon="15.10989180766046">
        <ele>281.20001220703125</ele>
      </trkpt>
      <trkpt lat="46.27894607372582" lon="15.109892981126904">
        <ele>281.20001220703125</ele>
      </trkpt>
      <trkpt lat="46.27901002764702" lon="15.109887281432748">
        <ele>281.3999938964844</ele>
      </trkpt>
      <trkpt lat="46.279074316844344" lon="15.109876971691847">
        <ele>281.3999938964844</ele>
      </trkpt>
      <trkpt lat="46.27913676202297" lon="15.109863393008709">
        <ele>281.6000061035156</ele>
      </trkpt>
      <trkpt lat="46.27919686026871" lon="15.109847048297524">
        <ele>281.6000061035156</ele>
      </trkpt>
      <trkpt lat="46.27925746142864" lon="15.109826847910881">
        <ele>281.79998779296875</ele>
      </trkpt>
      <trkpt lat="46.279316218569875" lon="15.109805054962635">
        <ele>281.79998779296875</ele>
      </trkpt>
      <trkpt lat="46.279377238824964" lon="15.109780244529247">
        <ele>282</ele>
      </trkpt>
      <trkpt lat="46.27943683415651" lon="15.109747890383005">
        <ele>282.20001220703125</ele>
      </trkpt>
      <trkpt lat="46.27949626185" lon="15.109715200960636">
        <ele>282.20001220703125</ele>
      </trkpt>
      <trkpt lat="46.27955527044833" lon="15.10968360118568">
        <ele>282.20001220703125</ele>
      </trkpt>
      <trkpt lat="46.279613273218274" lon="15.109650576487184">
        <ele>282.20001220703125</ele>
      </trkpt>
      <trkpt lat="46.27967127598822" lon="15.10961621068418">
        <ele>282.20001220703125</ele>
      </trkpt>
      <trkpt lat="46.27972978167236" lon="15.10958100669086">
        <ele>282.20001220703125</ele>
      </trkpt>
      <trkpt lat="46.2797880358994" lon="15.109546389430761">
        <ele>282.20001220703125</ele>
      </trkpt>
      <trkpt lat="46.27984528429806" lon="15.10951453819871">
        <ele>282</ele>
      </trkpt>
      <trkpt lat="46.27990186214447" lon="15.10948235169053">
        <ele>282</ele>
      </trkpt>
      <trkpt lat="46.27996179275215" lon="15.109448740258813">
        <ele>282</ele>
      </trkpt>
      <trkpt lat="46.28001652657986" lon="15.109415715560317">
        <ele>282</ele>
      </trkpt>
      <trkpt lat="46.28007394261658" lon="15.109383361414075">
        <ele>282.20001220703125</ele>
      </trkpt>
      <trkpt lat="46.28012917935848" lon="15.109352096915245">
        <ele>282.20001220703125</ele>
      </trkpt>
      <trkpt lat="46.28018441610038" lon="15.109318401664495">
        <ele>282.20001220703125</ele>
      </trkpt>
      <trkpt lat="46.2802404910326" lon="15.109284287318587">
        <ele>282.3999938964844</ele>
      </trkpt>
      <trkpt lat="46.28029606305063" lon="15.10925268754363">
        <ele>282.3999938964844</ele>
      </trkpt>
      <trkpt lat="46.28035004250705" lon="15.109225027263165">
        <ele>282.6000061035156</ele>
      </trkpt>
      <trkpt lat="46.28040519542992" lon="15.10919795371592">
        <ele>282.6000061035156</ele>
      </trkpt>
      <trkpt lat="46.280460096895695" lon="15.109168868511915">
        <ele>282.6000061035156</ele>
      </trkpt>
      <trkpt lat="46.28051524981856" lon="15.109139196574688">
        <ele>282.79998779296875</ele>
      </trkpt>
      <trkpt lat="46.280571073293686" lon="15.109107177704573">
        <ele>282.79998779296875</ele>
      </trkpt>
      <trkpt lat="46.280627651140094" lon="15.109077589586377">
        <ele>282.6000061035156</ele>
      </trkpt>
      <trkpt lat="46.280681882053614" lon="15.10905135422945">
        <ele>282.6000061035156</ele>
      </trkpt>
      <trkpt lat="46.280735274776816" lon="15.109021430835128">
        <ele>282.6000061035156</ele>
      </trkpt>
      <trkpt lat="46.28078933805227" lon="15.108990836888552">
        <ele>282.6000061035156</ele>
      </trkpt>
      <trkpt lat="46.28084524534643" lon="15.108958818018436">
        <ele>282.6000061035156</ele>
      </trkpt>
      <trkpt lat="46.2809001468122" lon="15.108928056433797">
        <ele>282.3999938964844</ele>
      </trkpt>
      <trkpt lat="46.28095094114542" lon="15.108898216858506">
        <ele>282.3999938964844</ele>
      </trkpt>
      <trkpt lat="46.281003914773464" lon="15.108868042007089">
        <ele>282.6000061035156</ele>
      </trkpt>
      <trkpt lat="46.28105697222054" lon="15.108840968459845">
        <ele>282.6000061035156</ele>
      </trkpt>
      <trkpt lat="46.281110448762774" lon="15.10881339199841">
        <ele>282.6000061035156</ele>
      </trkpt>
      <trkpt lat="46.2811625842005" lon="15.108783887699246">
        <ele>282.79998779296875</ele>
      </trkpt>
      <trkpt lat="46.28121388144791" lon="15.108752958476543">
        <ele>282.79998779296875</ele>
      </trkpt>
      <trkpt lat="46.28126668743789" lon="15.108723621815443">
        <ele>282.79998779296875</ele>
      </trkpt>
      <trkpt lat="46.281323013827205" lon="15.108695039525628">
        <ele>282.79998779296875</ele>
      </trkpt>
      <trkpt lat="46.281379172578454" lon="15.108664948493242">
        <ele>282.79998779296875</ele>
      </trkpt>
      <trkpt lat="46.28143407404423" lon="15.108632929623127">
        <ele>282.79998779296875</ele>
      </trkpt>
      <trkpt lat="46.28148755058646" lon="15.108603006228805">
        <ele>282.79998779296875</ele>
      </trkpt>
      <trkpt lat="46.28154228441417" lon="15.10857199318707">
        <ele>283</ele>
      </trkpt>
      <trkpt lat="46.28159835934639" lon="15.108541063964367">
        <ele>283</ele>
      </trkpt>
      <trkpt lat="46.28165267407894" lon="15.108509045094252">
        <ele>283</ele>
      </trkpt>
      <trkpt lat="46.28170623444021" lon="15.10847819969058">
        <ele>283.20001220703125</ele>
      </trkpt>
      <trkpt lat="46.28176096826792" lon="15.108453137800097">
        <ele>283.20001220703125</ele>
      </trkpt>
      <trkpt lat="46.28181427717209" lon="15.108426064252853">
        <ele>283.20001220703125</ele>
      </trkpt>
      <trkpt lat="46.28186649642885" lon="15.1083960570395">
        <ele>283.20001220703125</ele>
      </trkpt>
      <trkpt lat="46.28191988915205" lon="15.108365463092923">
        <ele>283.3999938964844</ele>
      </trkpt>
      <trkpt lat="46.28197085112333" lon="15.108333611860871">
        <ele>283.6000061035156</ele>
      </trkpt>
      <trkpt lat="46.28202558495104" lon="15.1083027664572">
        <ele>283.6000061035156</ele>
      </trkpt>
      <trkpt lat="46.282080905511975" lon="15.108273681253195">
        <ele>283.6000061035156</ele>
      </trkpt>
      <trkpt lat="46.282134633511305" lon="15.108243506401777">
        <ele>283.6000061035156</ele>
      </trkpt>
      <trkpt lat="46.28218710422516" lon="15.108212912455201">
        <ele>283.79998779296875</ele>
      </trkpt>
      <trkpt lat="46.28223982639611" lon="15.108183491975069">
        <ele>283.79998779296875</ele>
      </trkpt>
      <trkpt lat="46.282292967662215" lon="15.108153987675905">
        <ele>284</ele>
      </trkpt>
      <trkpt lat="46.282344767823815" lon="15.108121884986758">
        <ele>284</ele>
      </trkpt>
      <trkpt lat="46.28239681944251" lon="15.108088944107294">
        <ele>284</ele>
      </trkpt>
      <trkpt lat="46.28244820050895" lon="15.10806237347424">
        <ele>284.20001220703125</ele>
      </trkpt>
      <trkpt lat="46.282501174136996" lon="15.108034797012806">
        <ele>284.20001220703125</ele>
      </trkpt>
      <trkpt lat="46.282553896307945" lon="15.108006466180086">
        <ele>284.3999938964844</ele>
      </trkpt>
      <trkpt lat="46.28260502591729" lon="15.107975788414478">
        <ele>284.3999938964844</ele>
      </trkpt>
      <trkpt lat="46.28265623934567" lon="15.107947122305632">
        <ele>284.6000061035156</ele>
      </trkpt>
      <trkpt lat="46.2827065307647" lon="15.107923317700624">
        <ele>284.6000061035156</ele>
      </trkpt>
      <trkpt lat="46.282757157459855" lon="15.107900518923998">
        <ele>284.6000061035156</ele>
      </trkpt>
      <trkpt lat="46.282808035612106" lon="15.107876965776086">
        <ele>284.6000061035156</ele>
      </trkpt>
      <trkpt lat="46.282859332859516" lon="15.107854418456554">
        <ele>284.6000061035156</ele>
      </trkpt>
      <trkpt lat="46.282910546287894" lon="15.10783078148961">
        <ele>284.79998779296875</ele>
      </trkpt>
      <trkpt lat="46.28296159207821" lon="15.107805468142033">
        <ele>285</ele>
      </trkpt>
      <trkpt lat="46.28301238641143" lon="15.107785351574421">
        <ele>285</ele>
      </trkpt>
      <trkpt lat="46.283062091097236" lon="15.107763474807143">
        <ele>285.20001220703125</ele>
      </trkpt>
      <trkpt lat="46.28311355598271" lon="15.107738999649882">
        <ele>285.20001220703125</ele>
      </trkpt>
      <trkpt lat="46.28316627815366" lon="15.107715865597129">
        <ele>285.3999938964844</ele>
      </trkpt>
      <trkpt lat="46.283218916505575" lon="15.107691725715995">
        <ele>285.6000061035156</ele>
      </trkpt>
      <trkpt lat="46.28327012993395" lon="15.10766758583486">
        <ele>285.6000061035156</ele>
      </trkpt>
      <trkpt lat="46.28331933170557" lon="15.107641937211156">
        <ele>285.79998779296875</ele>
      </trkpt>
      <trkpt lat="46.283369874581695" lon="15.1076172105968">
        <ele>285.79998779296875</ele>
      </trkpt>
      <trkpt lat="46.283417316153646" lon="15.107595417648554">
        <ele>286</ele>
      </trkpt>
      <trkpt lat="46.283464757725596" lon="15.107570439577103">
        <ele>286</ele>
      </trkpt>
      <trkpt lat="46.28351395949721" lon="15.107547137886286">
        <ele>285.79998779296875</ele>
      </trkpt>
      <trkpt lat="46.28355972468853" lon="15.107523668557405">
        <ele>286</ele>
      </trkpt>
      <trkpt lat="46.283606830984354" lon="15.10750187560916">
        <ele>286</ele>
      </trkpt>
      <trkpt lat="46.283651338890195" lon="15.1074842736125">
        <ele>286</ele>
      </trkpt>
      <trkpt lat="46.28369450569153" lon="15.10746574960649">
        <ele>286</ele>
      </trkpt>
      <trkpt lat="46.283738343045115" lon="15.10744085535407">
        <ele>286.20001220703125</ele>
      </trkpt>
      <trkpt lat="46.283780336380005" lon="15.107415709644556">
        <ele>286.20001220703125</ele>
      </trkpt>
      <trkpt lat="46.283822413533926" lon="15.107391821220517">
        <ele>286.20001220703125</ele>
      </trkpt>
      <trkpt lat="46.283864406868815" lon="15.107369609177113">
        <ele>286.20001220703125</ele>
      </trkpt>
      <trkpt lat="46.28390572965145" lon="15.107346307486296">
        <ele>286.3999938964844</ele>
      </trkpt>
      <trkpt lat="46.283943112939596" lon="15.107313534244895">
        <ele>286.3999938964844</ele>
      </trkpt>
      <trkpt lat="46.28396934829652" lon="15.107263075187802">
        <ele>286.6000061035156</ele>
      </trkpt>
      <trkpt lat="46.28398242406547" lon="15.107197361066937">
        <ele>286.6000061035156</ele>
      </trkpt>
      <trkpt lat="46.283977311104536" lon="15.107126450166106">
        <ele>286.79998779296875</ele>
      </trkpt>
      <trkpt lat="46.283954344689846" lon="15.107061322778463">
        <ele>286.79998779296875</ele>
      </trkpt>
      <trkpt lat="46.28392232581973" lon="15.107007008045912">
        <ele>286.79998779296875</ele>
      </trkpt>
      <trkpt lat="46.28388041630387" lon="15.106954034417868">
        <ele>286.79998779296875</ele>
      </trkpt>
      <trkpt lat="46.283839428797364" lon="15.106898043304682">
        <ele>286.79998779296875</ele>
      </trkpt>
      <trkpt lat="46.283796513453126" lon="15.106837525963783">
        <ele>286.6000061035156</ele>
      </trkpt>
      <trkpt lat="46.283755442127585" lon="15.106775751337409">
        <ele>286.6000061035156</ele>
      </trkpt>
      <trkpt lat="46.28371269442141" lon="15.106715904548764">
        <ele>286.3999938964844</ele>
      </trkpt>
      <trkpt lat="46.28366927616298" lon="15.106652034446597">
        <ele>286.20001220703125</ele>
      </trkpt>
      <trkpt lat="46.283626947551966" lon="15.106588248163462">
        <ele>286</ele>
      </trkpt>
      <trkpt lat="46.28358478657901" lon="15.106524210423231">
        <ele>285.79998779296875</ele>
      </trkpt>
      <trkpt lat="46.28354321233928" lon="15.10646067559719">
        <ele>285.79998779296875</ele>
      </trkpt>
      <trkpt lat="46.28349979408085" lon="15.106393620371819">
        <ele>285.79998779296875</ele>
      </trkpt>
      <trkpt lat="46.28345754928887" lon="15.106320530176163">
        <ele>285.79998779296875</ele>
      </trkpt>
      <trkpt lat="46.28341848962009" lon="15.106244254857302">
        <ele>285.79998779296875</ele>
      </trkpt>
      <trkpt lat="46.28338051959872" lon="15.10616211220622">
        <ele>285.6000061035156</ele>
      </trkpt>
      <trkpt lat="46.283343052491546" lon="15.106076868250966">
        <ele>285.6000061035156</ele>
      </trkpt>
      <trkpt lat="46.28331044688821" lon="15.105987014248967">
        <ele>285.3999938964844</ele>
      </trkpt>
      <trkpt lat="46.283278511837125" lon="15.105894897133112">
        <ele>285.20001220703125</ele>
      </trkpt>
      <trkpt lat="46.283247666433454" lon="15.10579951107502">
        <ele>285.20001220703125</ele>
      </trkpt>
      <trkpt lat="46.283220341429114" lon="15.105702951550484">
        <ele>285</ele>
      </trkpt>
      <trkpt lat="46.28319234587252" lon="15.10560111142695">
        <ele>285</ele>
      </trkpt>
      <trkpt lat="46.28316543996334" lon="15.10549751110375">
        <ele>285</ele>
      </trkpt>
      <trkpt lat="46.283142222091556" lon="15.105390390381217">
        <ele>284.79998779296875</ele>
      </trkpt>
      <trkpt lat="46.28311699256301" lon="15.105282850563526">
        <ele>284.79998779296875</ele>
      </trkpt>
      <trkpt lat="46.283093858510256" lon="15.105175226926804">
        <ele>284.6000061035156</ele>
      </trkpt>
      <trkpt lat="46.283073825761676" lon="15.105067184194922">
        <ele>284.6000061035156</ele>
      </trkpt>
      <trkpt lat="46.2830553855747" lon="15.10495763272047">
        <ele>284.6000061035156</ele>
      </trkpt>
      <trkpt lat="46.28304080106318" lon="15.10484523139894">
        <ele>284.3999938964844</ele>
      </trkpt>
      <trkpt lat="46.28303015604615" lon="15.104730315506458">
        <ele>284.3999938964844</ele>
      </trkpt>
      <trkpt lat="46.2830260489136" lon="15.104616321623325">
        <ele>284.3999938964844</ele>
      </trkpt>
      <trkpt lat="46.283024959266186" lon="15.104501405730844">
        <ele>284.3999938964844</ele>
      </trkpt>
      <trkpt lat="46.2830189242959" lon="15.104387244209647">
        <ele>284.3999938964844</ele>
      </trkpt>
      <trkpt lat="46.28299520350993" lon="15.104278530925512">
        <ele>284.3999938964844</ele>
      </trkpt>
      <trkpt lat="46.28295086324215" lon="15.10418557561934">
        <ele>284.3999938964844</ele>
      </trkpt>
      <trkpt lat="46.28289118409157" lon="15.104113994166255">
        <ele>284.3999938964844</ele>
      </trkpt>
      <trkpt lat="46.28282295539975" lon="15.104059595614672">
        <ele>284.3999938964844</ele>
      </trkpt>
      <trkpt lat="46.28275070339441" lon="15.104011483490467">
        <ele>284.6000061035156</ele>
      </trkpt>
      <trkpt lat="46.28268163651228" lon="15.103965885937214">
        <ele>284.6000061035156</ele>
      </trkpt>
      <trkpt lat="46.2826132401824" lon="15.10391584597528">
        <ele>284.6000061035156</ele>
      </trkpt>
      <trkpt lat="46.28254635259509" lon="15.103865386918187">
        <ele>284.79998779296875</ele>
      </trkpt>
      <trkpt lat="46.28247988410294" lon="15.103814927861094">
        <ele>284.6000061035156</ele>
      </trkpt>
      <trkpt lat="46.28241970203817" lon="15.103752482682467">
        <ele>284.6000061035156</ele>
      </trkpt>
      <trkpt lat="46.28236974589527" lon="15.103674614802003">
        <ele>284.6000061035156</ele>
      </trkpt>
      <trkpt lat="46.282334541901946" lon="15.103583754971623">
        <ele>284.6000061035156</ele>
      </trkpt>
      <trkpt lat="46.28231509588659" lon="15.1034848485142">
        <ele>284.6000061035156</ele>
      </trkpt>
      <trkpt lat="46.28231308422983" lon="15.103380577638745">
        <ele>284.6000061035156</ele>
      </trkpt>
      <trkpt lat="46.28231895156205" lon="15.103279408067465">
        <ele>284.6000061035156</ele>
      </trkpt>
      <trkpt lat="46.28233127295971" lon="15.103179411962628">
        <ele>284.6000061035156</ele>
      </trkpt>
      <trkpt lat="46.2823439296335" lon="15.103079248219728">
        <ele>284.6000061035156</ele>
      </trkpt>
      <trkpt lat="46.28235683776438" lon="15.102981347590685">
        <ele>284.6000061035156</ele>
      </trkpt>
      <trkpt lat="46.28237050026655" lon="15.102883530780673">
        <ele>284.79998779296875</ele>
      </trkpt>
      <trkpt lat="46.28238206729293" lon="15.1027871388942">
        <ele>284.79998779296875</ele>
      </trkpt>
      <trkpt lat="46.28239195793867" lon="15.102688986808062">
        <ele>284.79998779296875</ele>
      </trkpt>
      <trkpt lat="46.28240310586989" lon="15.102592008188367">
        <ele>285</ele>
      </trkpt>
      <trkpt lat="46.282413583248854" lon="15.102498633787036">
        <ele>285</ele>
      </trkpt>
      <trkpt lat="46.2824248149991" lon="15.10240601375699">
        <ele>285</ele>
      </trkpt>
      <trkpt lat="46.28243898041546" lon="15.102313477545977">
        <ele>285</ele>
      </trkpt>
      <trkpt lat="46.28245457075536" lon="15.10222027078271">
        <ele>285.20001220703125</ele>
      </trkpt>
      <trkpt lat="46.282473681494594" lon="15.102127902209759">
        <ele>285.20001220703125</ele>
      </trkpt>
      <trkpt lat="46.2824956420809" lon="15.102037293836474">
        <ele>285.3999938964844</ele>
      </trkpt>
      <trkpt lat="46.28251802176237" lon="15.101944003254175">
        <ele>285.3999938964844</ele>
      </trkpt>
      <trkpt lat="46.28253981471062" lon="15.101853981614113">
        <ele>285.3999938964844</ele>
      </trkpt>
      <trkpt lat="46.28255951218307" lon="15.101764630526304">
        <ele>285.6000061035156</ele>
      </trkpt>
      <trkpt lat="46.28257845528424" lon="15.101671675220132">
        <ele>285.6000061035156</ele>
      </trkpt>
      <trkpt lat="46.28259706310928" lon="15.101579558104277">
        <ele>285.6000061035156</ele>
      </trkpt>
      <trkpt lat="46.28261516802013" lon="15.101487105712295">
        <ele>285.6000061035156</ele>
      </trkpt>
      <trkpt lat="46.28263100981712" lon="15.101396078243852">
        <ele>285.6000061035156</ele>
      </trkpt>
      <trkpt lat="46.28264735452831" lon="15.101304547861218">
        <ele>285.6000061035156</ele>
      </trkpt>
      <trkpt lat="46.28266210667789" lon="15.101210251450539">
        <ele>285.6000061035156</ele>
      </trkpt>
      <trkpt lat="46.28267627209425" lon="15.101116709411144">
        <ele>285.79998779296875</ele>
      </trkpt>
      <trkpt lat="46.28269035369158" lon="15.101023083552718">
        <ele>285.79998779296875</ele>
      </trkpt>
      <trkpt lat="46.28270426765084" lon="15.100926775485277">
        <ele>285.79998779296875</ele>
      </trkpt>
      <trkpt lat="46.282718097791076" lon="15.10083214379847">
        <ele>286</ele>
      </trkpt>
      <trkpt lat="46.282731257379055" lon="15.10073876939714">
        <ele>286</ele>
      </trkpt>
      <trkpt lat="46.28274215385318" lon="15.100645730271935">
        <ele>286.20001220703125</ele>
      </trkpt>
      <trkpt lat="46.282749362289906" lon="15.100553864613175">
        <ele>286.3999938964844</ele>
      </trkpt>
      <trkpt lat="46.28275397233665" lon="15.100462920963764">
        <ele>286.3999938964844</ele>
      </trkpt>
      <trkpt lat="46.282753301784396" lon="15.100374994799495">
        <ele>286.6000061035156</ele>
      </trkpt>
      <trkpt lat="46.28274668008089" lon="15.100284470245242">
        <ele>286.79998779296875</ele>
      </trkpt>
      <trkpt lat="46.282742992043495" lon="15.100193861871958">
        <ele>286.79998779296875</ele>
      </trkpt>
      <trkpt lat="46.28274366259575" lon="15.100099397823215">
        <ele>287</ele>
      </trkpt>
      <trkpt lat="46.28274483606219" lon="15.100003676488996">
        <ele>287</ele>
      </trkpt>
      <trkpt lat="46.28274609334767" lon="15.099906949326396">
        <ele>287</ele>
      </trkpt>
      <trkpt lat="46.2827477697283" lon="15.099808881059289">
        <ele>286.79998779296875</ele>
      </trkpt>
      <trkpt lat="46.282749278470874" lon="15.099711399525404">
        <ele>286.79998779296875</ele>
      </trkpt>
      <trkpt lat="46.28275212831795" lon="15.099613666534424">
        <ele>286.79998779296875</ele>
      </trkpt>
      <trkpt lat="46.28275497816503" lon="15.099517023190856">
        <ele>287</ele>
      </trkpt>
      <trkpt lat="46.28275682218373" lon="15.099418871104717">
        <ele>287</ele>
      </trkpt>
      <trkpt lat="46.28275724127889" lon="15.099322311580181">
        <ele>286.79998779296875</ele>
      </trkpt>
      <trkpt lat="46.28275447525084" lon="15.099226674064994">
        <ele>286.79998779296875</ele>
      </trkpt>
      <trkpt lat="46.28274877555668" lon="15.099131539463997">
        <ele>286.79998779296875</ele>
      </trkpt>
      <trkpt lat="46.28274357877672" lon="15.099036237224936">
        <ele>286.79998779296875</ele>
      </trkpt>
      <trkpt lat="46.28273729234934" lon="15.09894059970975">
        <ele>287</ele>
      </trkpt>
      <trkpt lat="46.28272647969425" lon="15.098846387118101">
        <ele>287</ele>
      </trkpt>
      <trkpt lat="46.28271105699241" lon="15.098752761259675">
        <ele>287</ele>
      </trkpt>
      <trkpt lat="46.282699406147" lon="15.09865871630609">
        <ele>287</ele>
      </trkpt>
      <trkpt lat="46.282690269872546" lon="15.09856240823865">
        <ele>287</ele>
      </trkpt>
      <trkpt lat="46.28268498927355" lon="15.098464507609606">
        <ele>287</ele>
      </trkpt>
      <trkpt lat="46.28268071450293" lon="15.098384041339159">
        <ele>287</ele>
      </trkpt>
      <trkpt lat="46.282673086971045" lon="15.098268035799265">
        <ele>287</ele>
      </trkpt>
      <trkpt lat="46.282663866877556" lon="15.098167872056365">
        <ele>287</ele>
      </trkpt>
      <trkpt lat="46.2826547306031" lon="15.098068714141846">
        <ele>287</ele>
      </trkpt>
      <trkpt lat="46.28264458850026" lon="15.097966454923153">
        <ele>287</ele>
      </trkpt>
      <trkpt lat="46.282629584893584" lon="15.097864111885428">
        <ele>287</ele>
      </trkpt>
      <trkpt lat="46.28261097706854" lon="15.097764283418655">
        <ele>287</ele>
      </trkpt>
      <trkpt lat="46.282593961805105" lon="15.09766822680831">
        <ele>287</ele>
      </trkpt>
      <trkpt lat="46.282577281817794" lon="15.097571080550551">
        <ele>286.79998779296875</ele>
      </trkpt>
      <trkpt lat="46.28255942836404" lon="15.097473096102476">
        <ele>286.79998779296875</ele>
      </trkpt>
      <trkpt lat="46.28254098817706" lon="15.097373351454735">
        <ele>286.79998779296875</ele>
      </trkpt>
      <trkpt lat="46.28252439200878" lon="15.097272684797645">
        <ele>286.79998779296875</ele>
      </trkpt>
      <trkpt lat="46.28251064568758" lon="15.097173694521189">
        <ele>286.79998779296875</ele>
      </trkpt>
      <trkpt lat="46.28249438479543" lon="15.097074452787638">
        <ele>286.79998779296875</ele>
      </trkpt>
      <trkpt lat="46.2824768666178" lon="15.096975965425372">
        <ele>286.79998779296875</ele>
      </trkpt>
      <trkpt lat="46.28246018663049" lon="15.096878232434392">
        <ele>286.79998779296875</ele>
      </trkpt>
      <trkpt lat="46.28244266845286" lon="15.09678184054792">
        <ele>287</ele>
      </trkpt>
      <trkpt lat="46.282427832484245" lon="15.096684861928225">
        <ele>287</ele>
      </trkpt>
      <trkpt lat="46.28241282887757" lon="15.096588218584657">
        <ele>287.20001220703125</ele>
      </trkpt>
      <trkpt lat="46.28239480778575" lon="15.096491742879152">
        <ele>287.20001220703125</ele>
      </trkpt>
      <trkpt lat="46.28237561322749" lon="15.096398200839758">
        <ele>287.3999938964844</ele>
      </trkpt>
      <trkpt lat="46.28236203454435" lon="15.096299294382334">
        <ele>287.3999938964844</ele>
      </trkpt>
      <trkpt lat="46.282352562993765" lon="15.096202064305544">
        <ele>287.6000061035156</ele>
      </trkpt>
      <trkpt lat="46.28234954550862" lon="15.096101984381676">
        <ele>287.6000061035156</ele>
      </trkpt>
      <trkpt lat="46.282356502488256" lon="15.095999725162983">
        <ele>287.6000061035156</ele>
      </trkpt>
      <trkpt lat="46.28237779252231" lon="15.095902075991035">
        <ele>287.6000061035156</ele>
      </trkpt>
      <trkpt lat="46.28240888938308" lon="15.095813479274511">
        <ele>287.79998779296875</ele>
      </trkpt>
      <trkpt lat="46.28244987688959" lon="15.095738042145967">
        <ele>287.79998779296875</ele>
      </trkpt>
      <trkpt lat="46.28249782137573" lon="15.095674088224769">
        <ele>288</ele>
      </trkpt>
      <trkpt lat="46.282552387565374" lon="15.095626143738627">
        <ele>288</ele>
      </trkpt>
      <trkpt lat="46.28260930068791" lon="15.095583898946643">
        <ele>288.20001220703125</ele>
      </trkpt>
      <trkpt lat="46.28266361542046" lon="15.095539977774024">
        <ele>288.3999938964844</ele>
      </trkpt>
      <trkpt lat="46.2827149964869" lon="15.095494547858834">
        <ele>288.6000061035156</ele>
      </trkpt>
      <trkpt lat="46.28276512026787" lon="15.095448363572359">
        <ele>289</ele>
      </trkpt>
      <trkpt lat="46.282810885459185" lon="15.095401760190725">
        <ele>289.20001220703125</ele>
      </trkpt>
      <trkpt lat="46.28285614773631" lon="15.095351468771696">
        <ele>289.3999938964844</ele>
      </trkpt>
      <trkpt lat="46.28289579413831" lon="15.095294890925288">
        <ele>289.6000061035156</ele>
      </trkpt>
      <trkpt lat="46.282933093607426" lon="15.095236552879214">
        <ele>289.79998779296875</ele>
      </trkpt>
      <trkpt lat="46.28296754322946" lon="15.095175197347999">
        <ele>290</ele>
      </trkpt>
      <trkpt lat="46.28299914300442" lon="15.095114093273878">
        <ele>290.20001220703125</ele>
      </trkpt>
      <trkpt lat="46.28302797675133" lon="15.095046367496252">
        <ele>290.3999938964844</ele>
      </trkpt>
      <trkpt lat="46.28305681049824" lon="15.094973864033818">
        <ele>290.3999938964844</ele>
      </trkpt>
      <trkpt lat="46.283086985349655" lon="15.094899013638496">
        <ele>290.3999938964844</ele>
      </trkpt>
      <trkpt lat="46.28311229869723" lon="15.094838831573725">
        <ele>290.20001220703125</ele>
      </trkpt>
      <trkpt lat="46.283148676157" lon="15.094747552648187">
        <ele>290</ele>
      </trkpt>
      <trkpt lat="46.28317868337035" lon="15.094668678939342">
        <ele>289.79998779296875</ele>
      </trkpt>
      <trkpt lat="46.283212127164006" lon="15.094592655077577">
        <ele>289.79998779296875</ele>
      </trkpt>
      <trkpt lat="46.28324615769088" lon="15.094514032825828">
        <ele>289.6000061035156</ele>
      </trkpt>
      <trkpt lat="46.283282451331615" lon="15.09443398565054">
        <ele>289.6000061035156</ele>
      </trkpt>
      <trkpt lat="46.28332234919071" lon="15.094356117770076">
        <ele>289.3999938964844</ele>
      </trkpt>
      <trkpt lat="46.28336442634463" lon="15.0942805968225">
        <ele>289.3999938964844</ele>
      </trkpt>
      <trkpt lat="46.283409520983696" lon="15.094206500798464">
        <ele>289.20001220703125</ele>
      </trkpt>
      <trkpt lat="46.28345855511725" lon="15.094138942658901">
        <ele>289.20001220703125</ele>
      </trkpt>
      <trkpt lat="46.28350976854563" lon="15.094078676775098">
        <ele>289.20001220703125</ele>
      </trkpt>
      <trkpt lat="46.28356399945915" lon="15.094023691490293">
        <ele>289.20001220703125</ele>
      </trkpt>
      <trkpt lat="46.28361948765814" lon="15.09397272951901">
        <ele>289.20001220703125</ele>
      </trkpt>
      <trkpt lat="46.28367648459971" lon="15.093926126137376">
        <ele>289.20001220703125</ele>
      </trkpt>
      <trkpt lat="46.283733900636435" lon="15.093882707878947">
        <ele>289.3999938964844</ele>
      </trkpt>
      <trkpt lat="46.28379391506314" lon="15.093844151124358">
        <ele>289.3999938964844</ele>
      </trkpt>
      <trkpt lat="46.283854683861136" lon="15.093807270750403">
        <ele>289.3999938964844</ele>
      </trkpt>
      <trkpt lat="46.283912267535925" lon="15.093767791986465">
        <ele>289.6000061035156</ele>
      </trkpt>
      <trkpt lat="46.28396725282073" lon="15.093724625185132">
        <ele>289.6000061035156</ele>
      </trkpt>
      <trkpt lat="46.28401427529752" lon="15.093668131157756">
        <ele>289.6000061035156</ele>
      </trkpt>
      <trkpt lat="46.2840501498431" lon="15.093597052618861">
        <ele>289.6000061035156</ele>
      </trkpt>
      <trkpt lat="46.284069176763296" lon="15.093513736501336">
        <ele>289.79998779296875</ele>
      </trkpt>
      <trkpt lat="46.28407672047615" lon="15.093425223603845">
        <ele>289.79998779296875</ele>
      </trkpt>
      <trkpt lat="46.28407470881939" lon="15.093334782868624">
        <ele>289.79998779296875</ele>
      </trkpt>
      <trkpt lat="46.28406590782106" lon="15.093243587762117">
        <ele>289.79998779296875</ele>
      </trkpt>
      <trkpt lat="46.28405559808016" lon="15.09315281175077">
        <ele>289.79998779296875</ele>
      </trkpt>
      <trkpt lat="46.28404537215829" lon="15.093059772625566">
        <ele>290</ele>
      </trkpt>
      <trkpt lat="46.2840345595032" lon="15.092973355203867">
        <ele>290</ele>
      </trkpt>
      <trkpt lat="46.28402114845812" lon="15.092887692153454">
        <ele>290.20001220703125</ele>
      </trkpt>
      <trkpt lat="46.284006144851446" lon="15.09280202910304">
        <ele>290.3999938964844</ele>
      </trkpt>
      <trkpt lat="46.283994326367974" lon="15.0927160307765">
        <ele>290.6000061035156</ele>
      </trkpt>
      <trkpt lat="46.2839859444648" lon="15.092628858983517">
        <ele>290.79998779296875</ele>
      </trkpt>
      <trkpt lat="46.28398041240871" lon="15.092540681362152">
        <ele>290.79998779296875</ele>
      </trkpt>
      <trkpt lat="46.28397806547582" lon="15.092452839016914">
        <ele>291</ele>
      </trkpt>
      <trkpt lat="46.28398242406547" lon="15.09236323647201">
        <ele>291</ele>
      </trkpt>
      <trkpt lat="46.28399558365345" lon="15.092273717746139">
        <ele>291</ele>
      </trkpt>
      <trkpt lat="46.284017879515886" lon="15.09218872524798">
        <ele>291</ele>
      </trkpt>
      <trkpt lat="46.28404604271054" lon="15.09210616350174">
        <ele>291</ele>
      </trkpt>
      <trkpt lat="46.284079821780324" lon="15.0920270383358">
        <ele>291</ele>
      </trkpt>
      <trkpt lat="46.2841154448688" lon="15.09194782935083">
        <ele>291</ele>
      </trkpt>
      <trkpt lat="46.28415064886212" lon="15.09187113493681">
        <ele>291</ele>
      </trkpt>
      <trkpt lat="46.28418501466513" lon="15.09179494343698">
        <ele>291</ele>
      </trkpt>
      <trkpt lat="46.28422021865845" lon="15.091719003394246">
        <ele>291.20001220703125</ele>
      </trkpt>
      <trkpt lat="46.284248968586326" lon="15.091661419719458">
        <ele>291.20001220703125</ele>
      </trkpt>
      <trkpt lat="46.28429573960602" lon="15.091570392251015">
        <ele>291.20001220703125</ele>
      </trkpt>
      <trkpt lat="46.28433471545577" lon="15.091494703665376">
        <ele>291.20001220703125</ele>
      </trkpt>
      <trkpt lat="46.28437436185777" lon="15.09142060764134">
        <ele>291.3999938964844</ele>
      </trkpt>
      <trkpt lat="46.28441526554525" lon="15.091349612921476">
        <ele>291.3999938964844</ele>
      </trkpt>
      <trkpt lat="46.2844558339566" lon="15.091278618201613">
        <ele>291.6000061035156</ele>
      </trkpt>
      <trkpt lat="46.284494725987315" lon="15.091208042576909">
        <ele>291.79998779296875</ele>
      </trkpt>
      <trkpt lat="46.28453202545643" lon="15.091139897704124">
        <ele>291.79998779296875</ele>
      </trkpt>
      <trkpt lat="46.284568570554256" lon="15.091072423383594">
        <ele>292</ele>
      </trkpt>
      <trkpt lat="46.28459991887212" lon="15.09100184775889">
        <ele>292</ele>
      </trkpt>
      <trkpt lat="46.28462741151452" lon="15.090927835553885">
        <ele>292.20001220703125</ele>
      </trkpt>
      <trkpt lat="46.284648701548576" lon="15.090850051492453">
        <ele>292.20001220703125</ele>
      </trkpt>
      <trkpt lat="46.28466655500233" lon="15.090776709839702">
        <ele>292.3999938964844</ele>
      </trkpt>
      <trkpt lat="46.284687258303165" lon="15.090704876929522">
        <ele>292.6000061035156</ele>
      </trkpt>
      <trkpt lat="46.28470502793789" lon="15.090631200000644">
        <ele>292.79998779296875</ele>
      </trkpt>
      <trkpt lat="46.28472036682069" lon="15.090561294928193">
        <ele>293</ele>
      </trkpt>
      <trkpt lat="46.28473495133221" lon="15.090490048751235">
        <ele>293.20001220703125</ele>
      </trkpt>
      <trkpt lat="46.284749284386635" lon="15.0904141087085">
        <ele>293.3999938964844</ele>
      </trkpt>
      <trkpt lat="46.284764958545566" lon="15.090333307161927">
        <ele>293.3999938964844</ele>
      </trkpt>
      <trkpt lat="46.2847803812474" lon="15.090250242501497">
        <ele>293.20001220703125</ele>
      </trkpt>
      <trkpt lat="46.28479287028313" lon="15.090162567794323">
        <ele>293</ele>
      </trkpt>
      <trkpt lat="46.2848010007292" lon="15.090070450678468">
        <ele>293</ele>
      </trkpt>
      <trkpt lat="46.28479982726276" lon="15.08996894583106">
        <ele>292.79998779296875</ele>
      </trkpt>
      <trkpt lat="46.28478675149381" lon="15.08986383676529">
        <ele>292.3999938964844</ele>
      </trkpt>
      <trkpt lat="46.28476110287011" lon="15.089751267805696">
        <ele>292</ele>
      </trkpt>
      <trkpt lat="46.28472807817161" lon="15.089639285579324">
        <ele>291.6000061035156</ele>
      </trkpt>
      <trkpt lat="46.28468851558864" lon="15.08952520787716">
        <ele>291.20001220703125</ele>
      </trkpt>
      <trkpt lat="46.28464886918664" lon="15.089413141831756">
        <ele>291</ele>
      </trkpt>
      <trkpt lat="46.284609055146575" lon="15.089301662519574">
        <ele>290.6000061035156</ele>
      </trkpt>
      <trkpt lat="46.28456865437329" lon="15.089187500998378">
        <ele>290.3999938964844</ele>
      </trkpt>
      <trkpt lat="46.28452951088548" lon="15.089074345305562">
        <ele>290.20001220703125</ele>
      </trkpt>
      <trkpt lat="46.28449070267379" lon="15.08896429091692">
        <ele>290.20001220703125</ele>
      </trkpt>
      <trkpt lat="46.28445114009082" lon="15.088850213214755">
        <ele>290</ele>
      </trkpt>
      <trkpt lat="46.28442356362939" lon="15.08872632868588">
        <ele>290</ele>
      </trkpt>
      <trkpt lat="46.28441819921136" lon="15.088598420843482">
        <ele>289.79998779296875</ele>
      </trkpt>
      <trkpt lat="46.28442750312388" lon="15.088472021743655">
        <ele>289.79998779296875</ele>
      </trkpt>
      <trkpt lat="46.28444409929216" lon="15.0883471313864">
        <ele>289.79998779296875</ele>
      </trkpt>
      <trkpt lat="46.28446220420301" lon="15.088221821933985">
        <ele>289.6000061035156</ele>
      </trkpt>
      <trkpt lat="46.284481063485146" lon="15.088095087558031">
        <ele>289.6000061035156</ele>
      </trkpt>
      <trkpt lat="46.28449992276728" lon="15.087970532476902">
        <ele>289.6000061035156</ele>
      </trkpt>
      <trkpt lat="46.284516770392656" lon="15.08784580975771">
        <ele>289.6000061035156</ele>
      </trkpt>
      <trkpt lat="46.28452607430518" lon="15.087721170857549">
        <ele>289.6000061035156</ele>
      </trkpt>
      <trkpt lat="46.28452238626778" lon="15.087598962709308">
        <ele>289.6000061035156</ele>
      </trkpt>
      <trkpt lat="46.28450285643339" lon="15.08747985586524">
        <ele>289.6000061035156</ele>
      </trkpt>
      <trkpt lat="46.284472262486815" lon="15.087369801476598">
        <ele>289.6000061035156</ele>
      </trkpt>
      <trkpt lat="46.284435549750924" lon="15.087264105677605">
        <ele>289.6000061035156</ele>
      </trkpt>
      <trkpt lat="46.28439816646278" lon="15.087160421535373">
        <ele>289.79998779296875</ele>
      </trkpt>
      <trkpt lat="46.284363213926554" lon="15.087055647745728">
        <ele>289.79998779296875</ele>
      </trkpt>
      <trkpt lat="46.28433261997998" lon="15.086949281394482">
        <ele>289.79998779296875</ele>
      </trkpt>
      <trkpt lat="46.284302696585655" lon="15.086841406300664">
        <ele>289.79998779296875</ele>
      </trkpt>
      <trkpt lat="46.28427520394325" lon="15.086729172617197">
        <ele>289.79998779296875</ele>
      </trkpt>
      <trkpt lat="46.284250393509865" lon="15.086617022752762">
        <ele>289.79998779296875</ele>
      </trkpt>
      <trkpt lat="46.28423061221838" lon="15.086503783240914">
        <ele>289.79998779296875</ele>
      </trkpt>
      <trkpt lat="46.28421829082072" lon="15.08638777770102">
        <ele>289.79998779296875</ele>
      </trkpt>
      <trkpt lat="46.284211836755276" lon="15.086270347237587">
        <ele>289.79998779296875</ele>
      </trkpt>
      <trkpt lat="46.284212339669466" lon="15.086154928430915">
        <ele>289.79998779296875</ele>
      </trkpt>
      <trkpt lat="46.284221559762955" lon="15.086039928719401">
        <ele>289.79998779296875</ele>
      </trkpt>
      <trkpt lat="46.28423740155995" lon="15.085925683379173">
        <ele>289.79998779296875</ele>
      </trkpt>
      <trkpt lat="46.284258188679814" lon="15.085812779143453">
        <ele>289.79998779296875</ele>
      </trkpt>
      <trkpt lat="46.28428132273257" lon="15.085701048374176">
        <ele>289.79998779296875</ele>
      </trkpt>
      <trkpt lat="46.28430345095694" lon="15.085589149966836">
        <ele>289.79998779296875</ele>
      </trkpt>
      <trkpt lat="46.28432541154325" lon="15.085478005930781">
        <ele>289.79998779296875</ele>
      </trkpt>
      <trkpt lat="46.28434888087213" lon="15.085365353152156">
        <ele>289.79998779296875</ele>
      </trkpt>
      <trkpt lat="46.28437427803874" lon="15.085254712030292">
        <ele>289.79998779296875</ele>
      </trkpt>
      <trkpt lat="46.284400345757604" lon="15.085146082565188">
        <ele>289.79998779296875</ele>
      </trkpt>
      <trkpt lat="46.284427754580975" lon="15.08503770455718">
        <ele>289.79998779296875</ele>
      </trkpt>
      <trkpt lat="46.28445834852755" lon="15.084934020414948">
        <ele>289.79998779296875</ele>
      </trkpt>
      <trkpt lat="46.284491289407015" lon="15.08483150973916">
        <ele>289.79998779296875</ele>
      </trkpt>
      <trkpt lat="46.284524984657764" lon="15.084729669615626">
        <ele>289.79998779296875</ele>
      </trkpt>
      <trkpt lat="46.28455851227045" lon="15.084629757329822">
        <ele>290</ele>
      </trkpt>
      <trkpt lat="46.2845906149596" lon="15.08452950976789">
        <ele>290.20001220703125</ele>
      </trkpt>
      <trkpt lat="46.2846215441823" lon="15.084431022405624">
        <ele>290.20001220703125</ele>
      </trkpt>
      <trkpt lat="46.28465264104307" lon="15.084332786500454">
        <ele>290.3999938964844</ele>
      </trkpt>
      <trkpt lat="46.28468683920801" lon="15.084237568080425">
        <ele>290.3999938964844</ele>
      </trkpt>
      <trkpt lat="46.28472128883004" lon="15.084143271669745">
        <ele>290.6000061035156</ele>
      </trkpt>
      <trkpt lat="46.284754229709506" lon="15.084049478173256">
        <ele>290.6000061035156</ele>
      </trkpt>
      <trkpt lat="46.284786416217685" lon="15.083955936133862">
        <ele>290.6000061035156</ele>
      </trkpt>
      <trkpt lat="46.28481986001134" lon="15.083864070475101">
        <ele>290.6000061035156</ele>
      </trkpt>
      <trkpt lat="46.28484626300633" lon="15.083791483193636">
        <ele>290.6000061035156</ele>
      </trkpt>
      <trkpt lat="46.284884149208665" lon="15.083681177347898">
        <ele>290.79998779296875</ele>
      </trkpt>
      <trkpt lat="46.28491432406008" lon="15.08359040133655">
        <ele>290.79998779296875</ele>
      </trkpt>
      <trkpt lat="46.28494315780699" lon="15.08349895477295">
        <ele>291</ele>
      </trkpt>
      <trkpt lat="46.28497274592519" lon="15.083410609513521">
        <ele>291</ele>
      </trkpt>
      <trkpt lat="46.28500409424305" lon="15.083322850987315">
        <ele>291.20001220703125</ele>
      </trkpt>
      <trkpt lat="46.28503552637994" lon="15.083237271755934">
        <ele>291.3999938964844</ele>
      </trkpt>
      <trkpt lat="46.285061510279775" lon="15.083154458552599">
        <ele>291.6000061035156</ele>
      </trkpt>
      <trkpt lat="46.28508414141834" lon="15.08307239972055">
        <ele>291.6000061035156</ele>
      </trkpt>
      <trkpt lat="46.28510484471917" lon="15.082993693649769">
        <ele>291.79998779296875</ele>
      </trkpt>
      <trkpt lat="46.28512470982969" lon="15.082915155217052">
        <ele>292</ele>
      </trkpt>
      <trkpt lat="46.285144155845046" lon="15.082835359498858">
        <ele>292.20001220703125</ele>
      </trkpt>
      <trkpt lat="46.28516091965139" lon="15.082756653428078">
        <ele>292.3999938964844</ele>
      </trkpt>
      <trkpt lat="46.28517399542034" lon="15.082681300118566">
        <ele>292.79998779296875</ele>
      </trkpt>
      <trkpt lat="46.28518531098962" lon="15.082608964294195">
        <ele>293</ele>
      </trkpt>
      <trkpt lat="46.2851950339973" lon="15.082539478316903">
        <ele>293.20001220703125</ele>
      </trkpt>
      <trkpt lat="46.285204673185945" lon="15.082471836358309">
        <ele>293.3999938964844</ele>
      </trkpt>
      <trkpt lat="46.285212552174926" lon="15.082405367866158">
        <ele>293.79998779296875</ele>
      </trkpt>
      <trkpt lat="46.28521976061165" lon="15.082337642088532">
        <ele>294</ele>
      </trkpt>
      <trkpt lat="46.285227639600635" lon="15.082270754501224">
        <ele>294.20001220703125</ele>
      </trkpt>
      <trkpt lat="46.28523535095155" lon="15.082203699275851">
        <ele>294.3999938964844</ele>
      </trkpt>
      <trkpt lat="46.28523962572217" lon="15.082139074802399">
        <ele>294.79998779296875</ele>
      </trkpt>
      <trkpt lat="46.28524054773152" lon="15.082074450328946">
        <ele>295</ele>
      </trkpt>
      <trkpt lat="46.28524289466441" lon="15.08201401680708">
        <ele>295.20001220703125</ele>
      </trkpt>
      <trkpt lat="46.285244235768914" lon="15.081950901076198">
        <ele>295.3999938964844</ele>
      </trkpt>
      <trkpt lat="46.285244319587946" lon="15.08188946172595">
        <ele>295.6000061035156</ele>
      </trkpt>
      <trkpt lat="46.28524540923536" lon="15.081830117851496">
        <ele>295.6000061035156</ele>
      </trkpt>
      <trkpt lat="46.28524641506374" lon="15.081773875281215">
        <ele>295.79998779296875</ele>
      </trkpt>
      <trkpt lat="46.28524884581566" lon="15.081718051806092">
        <ele>296</ele>
      </trkpt>
      <trkpt lat="46.28525136038661" lon="15.081662395969033">
        <ele>296</ele>
      </trkpt>
      <trkpt lat="46.28525462932885" lon="15.081610847264528">
        <ele>296.20001220703125</ele>
      </trkpt>
      <trkpt lat="46.28525915555656" lon="15.08156105875969">
        <ele>296.20001220703125</ele>
      </trkpt>
      <trkpt lat="46.28526594489813" lon="15.08151026442647">
        <ele>296.3999938964844</ele>
      </trkpt>
      <trkpt lat="46.28527223132551" lon="15.08146483451128">
        <ele>296.6000061035156</ele>
      </trkpt>
      <trkpt lat="46.28527759574354" lon="15.081425355747342">
        <ele>296.6000061035156</ele>
      </trkpt>
      <trkpt lat="46.285282373428345" lon="15.081392666324973">
        <ele>296.79998779296875</ele>
      </trkpt>
      <trkpt lat="46.28528589382768" lon="15.0813671015203">
        <ele>296.79998779296875</ele>
      </trkpt>
      <trkpt lat="46.28529083915055" lon="15.081338519230485">
        <ele>296.79998779296875</ele>
      </trkpt>
      <trkpt lat="46.2852949462831" lon="15.081306081265211">
        <ele>297</ele>
      </trkpt>
      <trkpt lat="46.285292599350214" lon="15.081266351044178">
        <ele>297</ele>
      </trkpt>
      <trkpt lat="46.28528161905706" lon="15.081221591681242">
        <ele>297</ele>
      </trkpt>
      <trkpt lat="46.28526116721332" lon="15.081181610003114">
        <ele>297</ele>
      </trkpt>
      <trkpt lat="46.28523384220898" lon="15.081140454858541">
        <ele>297</ele>
      </trkpt>
      <trkpt lat="46.28520584665239" lon="15.08109888061881">
        <ele>297.20001220703125</ele>
      </trkpt>
      <trkpt lat="46.28517843782902" lon="15.081054791808128">
        <ele>297.20001220703125</ele>
      </trkpt>
      <trkpt lat="46.28515128046274" lon="15.081004751846194">
        <ele>297.20001220703125</ele>
      </trkpt>
      <trkpt lat="46.28512320108712" lon="15.080953873693943">
        <ele>297.3999938964844</ele>
      </trkpt>
      <trkpt lat="46.28509780392051" lon="15.080901151522994">
        <ele>297.3999938964844</ele>
      </trkpt>
      <trkpt lat="46.28506972454488" lon="15.080845830962062">
        <ele>297.20001220703125</ele>
      </trkpt>
      <trkpt lat="46.28503921441734" lon="15.080787660554051">
        <ele>297</ele>
      </trkpt>
      <trkpt lat="46.28500560298562" lon="15.080729993060231">
        <ele>297</ele>
      </trkpt>
      <trkpt lat="46.284971069544554" lon="15.080670984461904">
        <ele>297.20001220703125</ele>
      </trkpt>
      <trkpt lat="46.28493670374155" lon="15.080607198178768">
        <ele>297</ele>
      </trkpt>
      <trkpt lat="46.284900745376945" lon="15.080544836819172">
        <ele>297</ele>
      </trkpt>
      <trkpt lat="46.28486285917461" lon="15.080481637269258">
        <ele>296.79998779296875</ele>
      </trkpt>
      <trkpt lat="46.284824972972274" lon="15.080416426062584">
        <ele>296.6000061035156</ele>
      </trkpt>
      <trkpt lat="46.2847822252661" lon="15.080352136865258">
        <ele>296.3999938964844</ele>
      </trkpt>
      <trkpt lat="46.28473746590316" lon="15.08028625510633">
        <ele>296.3999938964844</ele>
      </trkpt>
      <trkpt lat="46.28469564020634" lon="15.080216601490974">
        <ele>296.3999938964844</ele>
      </trkpt>
      <trkpt lat="46.284653563052416" lon="15.080146109685302">
        <ele>296.6000061035156</ele>
      </trkpt>
      <trkpt lat="46.28461073152721" lon="15.08007561787963">
        <ele>296.6000061035156</ele>
      </trkpt>
      <trkpt lat="46.28456731326878" lon="15.08000428788364">
        <ele>296.6000061035156</ele>
      </trkpt>
      <trkpt lat="46.28452389501035" lon="15.079931365326047">
        <ele>296.6000061035156</ele>
      </trkpt>
      <trkpt lat="46.284482069313526" lon="15.079858358949423">
        <ele>296.3999938964844</ele>
      </trkpt>
      <trkpt lat="46.28444175235927" lon="15.079785184934735">
        <ele>296.3999938964844</ele>
      </trkpt>
      <trkpt lat="46.28440068103373" lon="15.079710921272635">
        <ele>296.3999938964844</ele>
      </trkpt>
      <trkpt lat="46.28435960970819" lon="15.079638166353106">
        <ele>296.3999938964844</ele>
      </trkpt>
      <trkpt lat="46.284319460392" lon="15.079564657062292">
        <ele>296.3999938964844</ele>
      </trkpt>
      <trkpt lat="46.284280149266124" lon="15.079490644857287">
        <ele>296.3999938964844</ele>
      </trkpt>
      <trkpt lat="46.28423958085477" lon="15.079416800290346">
        <ele>296.3999938964844</ele>
      </trkpt>
      <trkpt lat="46.28419901244342" lon="15.07934563793242">
        <ele>296.3999938964844</ele>
      </trkpt>
      <trkpt lat="46.28415919840336" lon="15.079274978488684">
        <ele>296.3999938964844</ele>
      </trkpt>
      <trkpt lat="46.28412055782974" lon="15.07920247502625">
        <ele>296.3999938964844</ele>
      </trkpt>
      <trkpt lat="46.284082755446434" lon="15.079129720106721">
        <ele>296.6000061035156</ele>
      </trkpt>
      <trkpt lat="46.284043695777655" lon="15.07905780337751">
        <ele>296.6000061035156</ele>
      </trkpt>
      <trkpt lat="46.28400488756597" lon="15.078987646847963">
        <ele>296.6000061035156</ele>
      </trkpt>
      <trkpt lat="46.28396683372557" lon="15.07891757413745">
        <ele>296.6000061035156</ele>
      </trkpt>
      <trkpt lat="46.28392718732357" lon="15.078844148665667">
        <ele>296.6000061035156</ele>
      </trkpt>
      <trkpt lat="46.28389307297766" lon="15.078766364604235">
        <ele>296.6000061035156</ele>
      </trkpt>
      <trkpt lat="46.283859964460135" lon="15.078685395419598">
        <ele>296.6000061035156</ele>
      </trkpt>
      <trkpt lat="46.28382861614227" lon="15.078602079302073">
        <ele>296.6000061035156</ele>
      </trkpt>
      <trkpt lat="46.283793998882174" lon="15.078520942479372">
        <ele>296.6000061035156</ele>
      </trkpt>
      <trkpt lat="46.28375669941306" lon="15.078438967466354">
        <ele>296.6000061035156</ele>
      </trkpt>
      <trkpt lat="46.28372325561941" lon="15.078356824815273">
        <ele>296.6000061035156</ele>
      </trkpt>
      <trkpt lat="46.283688051626086" lon="15.078273424878716">
        <ele>296.79998779296875</ele>
      </trkpt>
      <trkpt lat="46.28365075215697" lon="15.078190611675382">
        <ele>296.79998779296875</ele>
      </trkpt>
      <trkpt lat="46.28361546434462" lon="15.078110648319125">
        <ele>296.79998779296875</ele>
      </trkpt>
      <trkpt lat="46.28358076326549" lon="15.078029008582234">
        <ele>296.79998779296875</ele>
      </trkpt>
      <trkpt lat="46.283547738566995" lon="15.077945524826646">
        <ele>296.79998779296875</ele>
      </trkpt>
      <trkpt lat="46.28351236693561" lon="15.077862795442343">
        <ele>296.79998779296875</ele>
      </trkpt>
      <trkpt lat="46.283477917313576" lon="15.07778107188642">
        <ele>296.79998779296875</ele>
      </trkpt>
      <trkpt lat="46.28344338387251" lon="15.07769851014018">
        <ele>296.79998779296875</ele>
      </trkpt>
      <trkpt lat="46.283408515155315" lon="15.077617038041353">
        <ele>296.79998779296875</ele>
      </trkpt>
      <trkpt lat="46.28337356261909" lon="15.077535063028336">
        <ele>296.79998779296875</ele>
      </trkpt>
      <trkpt lat="46.28333827480674" lon="15.077453255653381">
        <ele>296.79998779296875</ele>
      </trkpt>
      <trkpt lat="46.28330281935632" lon="15.077373208478093">
        <ele>297</ele>
      </trkpt>
      <trkpt lat="46.28326853737235" lon="15.077291149646044">
        <ele>297</ele>
      </trkpt>
      <trkpt lat="46.283230651170015" lon="15.07721177302301">
        <ele>297.20001220703125</ele>
      </trkpt>
      <trkpt lat="46.28318890929222" lon="15.077136419713497">
        <ele>297.3999938964844</ele>
      </trkpt>
      <trkpt lat="46.283145658671856" lon="15.077061653137207">
        <ele>297.3999938964844</ele>
      </trkpt>
      <trkpt lat="46.28310400061309" lon="15.0769860483706">
        <ele>297.3999938964844</ele>
      </trkpt>
      <trkpt lat="46.283064940944314" lon="15.076910024508834">
        <ele>297.3999938964844</ele>
      </trkpt>
      <trkpt lat="46.28302797675133" lon="15.0768340844661">
        <ele>297.20001220703125</ele>
      </trkpt>
      <trkpt lat="46.28298757597804" lon="15.076754624024034">
        <ele>297</ele>
      </trkpt>
      <trkpt lat="46.28295170143247" lon="15.076672649011016">
        <ele>297</ele>
      </trkpt>
      <trkpt lat="46.282919850200415" lon="15.076587153598666">
        <ele>297</ele>
      </trkpt>
      <trkpt lat="46.28288992680609" lon="15.076497970148921">
        <ele>297</ele>
      </trkpt>
      <trkpt lat="46.282861176878214" lon="15.0764075294137">
        <ele>297</ele>
      </trkpt>
      <trkpt lat="46.28283452242613" lon="15.076314909383655">
        <ele>296.79998779296875</ele>
      </trkpt>
      <trkpt lat="46.28280786797404" lon="15.076224217191339">
        <ele>297</ele>
      </trkpt>
      <trkpt lat="46.28278431482613" lon="15.076132016256452">
        <ele>296.79998779296875</ele>
      </trkpt>
      <trkpt lat="46.282760174945" lon="15.076039731502533">
        <ele>296.79998779296875</ele>
      </trkpt>
      <trkpt lat="46.28273687325418" lon="15.075950464233756">
        <ele>296.79998779296875</ele>
      </trkpt>
      <trkpt lat="46.282713152468204" lon="15.07586077786982">
        <ele>296.79998779296875</ele>
      </trkpt>
      <trkpt lat="46.28268792293966" lon="15.075772181153297">
        <ele>297</ele>
      </trkpt>
      <trkpt lat="46.28266017884016" lon="15.075684171169996">
        <ele>296.79998779296875</ele>
      </trkpt>
      <trkpt lat="46.28262639977038" lon="15.075595322996378">
        <ele>297</ele>
      </trkpt>
      <trkpt lat="46.282590106129646" lon="15.07550991140306">
        <ele>296.79998779296875</ele>
      </trkpt>
      <trkpt lat="46.28255322575569" lon="15.075426595285535">
        <ele>296.79998779296875</ele>
      </trkpt>
      <trkpt lat="46.282509975135326" lon="15.075345039367676">
        <ele>296.79998779296875</ele>
      </trkpt>
      <trkpt lat="46.282462449744344" lon="15.0752695184201">
        <ele>296.6000061035156</ele>
      </trkpt>
      <trkpt lat="46.28240989521146" lon="15.075199780985713">
        <ele>296.3999938964844</ele>
      </trkpt>
      <trkpt lat="46.28234887495637" lon="15.075131049379706">
        <ele>296.20001220703125</ele>
      </trkpt>
      <trkpt lat="46.2822868488729" lon="15.075072208419442">
        <ele>296</ele>
      </trkpt>
      <trkpt lat="46.282224068418145" lon="15.075012193992734">
        <ele>295.79998779296875</ele>
      </trkpt>
      <trkpt lat="46.28216229379177" lon="15.07495041936636">
        <ele>295.79998779296875</ele>
      </trkpt>
      <trkpt lat="46.282103871926665" lon="15.074887555092573">
        <ele>295.79998779296875</ele>
      </trkpt>
      <trkpt lat="46.282046623528004" lon="15.074821505695581">
        <ele>295.6000061035156</ele>
      </trkpt>
      <trkpt lat="46.28199205733836" lon="15.074753779917955">
        <ele>295.6000061035156</ele>
      </trkpt>
      <trkpt lat="46.28194771707058" lon="15.074680773541331">
        <ele>295.6000061035156</ele>
      </trkpt>
      <trkpt lat="46.28192273899913" lon="15.074596619233489">
        <ele>295.6000061035156</ele>
      </trkpt>
      <trkpt lat="46.281922571361065" lon="15.07451556622982">
        <ele>295.6000061035156</ele>
      </trkpt>
      <trkpt lat="46.281952327117324" lon="15.074452282860875">
        <ele>295.79998779296875</ele>
      </trkpt>
      <trkpt lat="46.28200110979378" lon="15.074410624802113">
        <ele>295.79998779296875</ele>
      </trkpt>
      <trkpt lat="46.28205760382116" lon="15.074377097189426">
        <ele>296</ele>
      </trkpt>
      <trkpt lat="46.28211292438209" lon="15.07434449158609">
        <ele>296</ele>
      </trkpt>
      <trkpt lat="46.28216916695237" lon="15.0743128079921">
        <ele>296.20001220703125</ele>
      </trkpt>
      <trkpt lat="46.282228427007794" lon="15.074280789121985">
        <ele>296.3999938964844</ele>
      </trkpt>
      <trkpt lat="46.282286178320646" lon="15.07424684241414">
        <ele>296.6000061035156</ele>
      </trkpt>
      <trkpt lat="46.28234485164285" lon="15.074210967868567">
        <ele>296.79998779296875</ele>
      </trkpt>
      <trkpt lat="46.28240067511797" lon="15.074176853522658">
        <ele>297</ele>
      </trkpt>
      <trkpt lat="46.28245457075536" lon="15.074143409729004">
        <ele>297.20001220703125</ele>
      </trkpt>
      <trkpt lat="46.28250855021179" lon="15.074111558496952">
        <ele>297.3999938964844</ele>
      </trkpt>
      <trkpt lat="46.28256043419242" lon="15.074078030884266">
        <ele>297.6000061035156</ele>
      </trkpt>
      <trkpt lat="46.282613491639495" lon="15.074039306491613">
        <ele>297.6000061035156</ele>
      </trkpt>
      <trkpt lat="46.28266554325819" lon="15.07399613969028">
        <ele>297.79998779296875</ele>
      </trkpt>
      <trkpt lat="46.28271575085819" lon="15.073947524651885">
        <ele>298</ele>
      </trkpt>
      <trkpt lat="46.282766461372375" lon="15.0738915335387">
        <ele>298</ele>
      </trkpt>
      <trkpt lat="46.28281985409558" lon="15.073830764740705">
        <ele>298</ele>
      </trkpt>
      <trkpt lat="46.282874001190066" lon="15.073769576847553">
        <ele>297.79998779296875</ele>
      </trkpt>
      <trkpt lat="46.282925717532635" lon="15.073704281821847">
        <ele>297.6000061035156</ele>
      </trkpt>
      <trkpt lat="46.28297634422779" lon="15.073635466396809">
        <ele>297.3999938964844</ele>
      </trkpt>
      <trkpt lat="46.28302956931293" lon="15.07356078363955">
        <ele>297.3999938964844</ele>
      </trkpt>
      <trkpt lat="46.28308245912194" lon="15.073480233550072">
        <ele>297.20001220703125</ele>
      </trkpt>
      <trkpt lat="46.28313266672194" lon="15.073395743966103">
        <ele>297.20001220703125</ele>
      </trkpt>
      <trkpt lat="46.28318052738905" lon="15.073304297402501">
        <ele>297</ele>
      </trkpt>
      <trkpt lat="46.283230567350984" lon="15.073213437572122">
        <ele>296.79998779296875</ele>
      </trkpt>
      <trkpt lat="46.28328152932227" lon="15.073127187788486">
        <ele>296.6000061035156</ele>
      </trkpt>
      <trkpt lat="46.283334670588374" lon="15.073037082329392">
        <ele>296.3999938964844</ele>
      </trkpt>
      <trkpt lat="46.28338789567351" lon="15.072944713756442">
        <ele>296.20001220703125</ele>
      </trkpt>
      <trkpt lat="46.28344296477735" lon="15.07284932769835">
        <ele>295.79998779296875</ele>
      </trkpt>
      <trkpt lat="46.28349761478603" lon="15.072754193097353">
        <ele>295.6000061035156</ele>
      </trkpt>
      <trkpt lat="46.2835527677089" lon="15.072658136487007">
        <ele>295.3999938964844</ele>
      </trkpt>
      <trkpt lat="46.28360875882208" lon="15.072562247514725">
        <ele>295.20001220703125</ele>
      </trkpt>
      <trkpt lat="46.283666677773" lon="15.072464598342776">
        <ele>295</ele>
      </trkpt>
      <trkpt lat="46.283725602552295" lon="15.072370218113065">
        <ele>294.79998779296875</ele>
      </trkpt>
      <trkpt lat="46.28378788009286" lon="15.072278352454305">
        <ele>294.6000061035156</ele>
      </trkpt>
      <trkpt lat="46.28385476768017" lon="15.072194617241621">
        <ele>294.20001220703125</ele>
      </trkpt>
      <trkpt lat="46.28392634913325" lon="15.072123790159822">
        <ele>294.20001220703125</ele>
      </trkpt>
      <trkpt lat="46.28399801440537" lon="15.0720558129251">
        <ele>293.79998779296875</ele>
      </trkpt>
      <trkpt lat="46.28406557254493" lon="15.071984734386206">
        <ele>293.79998779296875</ele>
      </trkpt>
      <trkpt lat="46.28412801772356" lon="15.071904603391886">
        <ele>293.6000061035156</ele>
      </trkpt>
      <trkpt lat="46.28418568521738" lon="15.07181491702795">
        <ele>293.3999938964844</ele>
      </trkpt>
      <trkpt lat="46.28423606045544" lon="15.071714082732797">
        <ele>293.20001220703125</ele>
      </trkpt>
      <trkpt lat="46.28427495248616" lon="15.071603609248996">
        <ele>293</ele>
      </trkpt>
      <trkpt lat="46.28430353477597" lon="15.071485759690404">
        <ele>292.6000061035156</ele>
      </trkpt>
      <trkpt lat="46.28432356752455" lon="15.07136195898056">
        <ele>292.3999938964844</ele>
      </trkpt>
      <trkpt lat="46.284333458170295" lon="15.071237152442336">
        <ele>292.20001220703125</ele>
      </trkpt>
      <trkpt lat="46.28433748148382" lon="15.071113603189588">
        <ele>292.20001220703125</ele>
      </trkpt>
      <trkpt lat="46.28433563746512" lon="15.070990975946188">
        <ele>292.20001220703125</ele>
      </trkpt>
      <trkpt lat="46.28432800993323" lon="15.070867175236344">
        <ele>292</ele>
      </trkpt>
      <trkpt lat="46.284318873658776" lon="15.070742117241025">
        <ele>292</ele>
      </trkpt>
      <trkpt lat="46.28431350924075" lon="15.070618819445372">
        <ele>291.79998779296875</ele>
      </trkpt>
      <trkpt lat="46.28431661054492" lon="15.070497700944543">
        <ele>291.6000061035156</ele>
      </trkpt>
      <trkpt lat="46.28433077596128" lon="15.070379097014666">
        <ele>291.6000061035156</ele>
      </trkpt>
      <trkpt lat="46.28435776568949" lon="15.070263342931867">
        <ele>291.3999938964844</ele>
      </trkpt>
      <trkpt lat="46.28439095802605" lon="15.070152701810002">
        <ele>291.3999938964844</ele>
      </trkpt>
      <trkpt lat="46.28442641347647" lon="15.07004315033555">
        <ele>291.3999938964844</ele>
      </trkpt>
      <trkpt lat="46.2844627071172" lon="15.069937957450747">
        <ele>291.3999938964844</ele>
      </trkpt>
      <trkpt lat="46.28449833020568" lon="15.069833351299167">
        <ele>291.20001220703125</ele>
      </trkpt>
      <trkpt lat="46.284532276913524" lon="15.069727236405015">
        <ele>291.20001220703125</ele>
      </trkpt>
      <trkpt lat="46.28456572070718" lon="15.069620786234736">
        <ele>291.20001220703125</ele>
      </trkpt>
      <trkpt lat="46.28460142761469" lon="15.06951685063541">
        <ele>291.20001220703125</ele>
      </trkpt>
      <trkpt lat="46.28463822416961" lon="15.069411573931575">
        <ele>291.20001220703125</ele>
      </trkpt>
      <trkpt lat="46.28467367962003" lon="15.069307805970311">
        <ele>291.20001220703125</ele>
      </trkpt>
      <trkpt lat="46.28470963798463" lon="15.06920512765646">
        <ele>291.20001220703125</ele>
      </trkpt>
      <trkpt lat="46.28474618308246" lon="15.06910395808518">
        <ele>291.20001220703125</ele>
      </trkpt>
      <trkpt lat="46.284781051799655" lon="15.06900086067617">
        <ele>291.20001220703125</ele>
      </trkpt>
      <trkpt lat="46.284816674888134" lon="15.068898182362318">
        <ele>291.20001220703125</ele>
      </trkpt>
      <trkpt lat="46.28485405817628" lon="15.068798186257482">
        <ele>291.3999938964844</ele>
      </trkpt>
      <trkpt lat="46.28489169292152" lon="15.06869693286717">
        <ele>291.3999938964844</ele>
      </trkpt>
      <trkpt lat="46.284928070381284" lon="15.06859626621008">
        <ele>291.6000061035156</ele>
      </trkpt>
      <trkpt lat="46.2849651183933" lon="15.068497946485877">
        <ele>291.6000061035156</ele>
      </trkpt>
      <trkpt lat="46.28500225022435" lon="15.068401470780373">
        <ele>291.79998779296875</ele>
      </trkpt>
      <trkpt lat="46.285037035122514" lon="15.068304911255836">
        <ele>291.79998779296875</ele>
      </trkpt>
      <trkpt lat="46.28507140092552" lon="15.068206507712603">
        <ele>292</ele>
      </trkpt>
      <trkpt lat="46.285107946023345" lon="15.068108355626464">
        <ele>292</ele>
      </trkpt>
      <trkpt lat="46.285147508606315" lon="15.068011628463864">
        <ele>292</ele>
      </trkpt>
      <trkpt lat="46.28518598154187" lon="15.067913560196757">
        <ele>292</ele>
      </trkpt>
      <trkpt lat="46.285220263525844" lon="15.067811803892255">
        <ele>292</ele>
      </trkpt>
      <trkpt lat="46.28525521606207" lon="15.067711137235165">
        <ele>292</ele>
      </trkpt>
      <trkpt lat="46.285293102264404" lon="15.067615080624819">
        <ele>292</ele>
      </trkpt>
      <trkpt lat="46.285328809171915" lon="15.067521203309298">
        <ele>292</ele>
      </trkpt>
      <trkpt lat="46.28535311669111" lon="15.067422213032842">
        <ele>292</ele>
      </trkpt>
      <trkpt lat="46.28535646945238" lon="15.067319367080927">
        <ele>292</ele>
      </trkpt>
      <trkpt lat="46.2853382807225" lon="15.067220628261566">
        <ele>292</ele>
      </trkpt>
      <trkpt lat="46.28530156798661" lon="15.067131947726011">
        <ele>292</ele>
      </trkpt>
      <trkpt lat="46.285252114757895" lon="15.067052152007818">
        <ele>292</ele>
      </trkpt>
      <trkpt lat="46.285198386758566" lon="15.066976798698306">
        <ele>292</ele>
      </trkpt>
      <trkpt lat="46.28514532931149" lon="15.066906977444887">
        <ele>292</ele>
      </trkpt>
      <trkpt lat="46.28509202040732" lon="15.066835647448897">
        <ele>292</ele>
      </trkpt>
      <trkpt lat="46.28503527492285" lon="15.066765323281288">
        <ele>292</ele>
      </trkpt>
      <trkpt lat="46.28497836180031" lon="15.066694831475616">
        <ele>292</ele>
      </trkpt>
      <trkpt lat="46.28492102958262" lon="15.066627776250243">
        <ele>291.79998779296875</ele>
      </trkpt>
      <trkpt lat="46.28486042842269" lon="15.066561810672283">
        <ele>291.79998779296875</ele>
      </trkpt>
      <trkpt lat="46.28480116836727" lon="15.066495509818196">
        <ele>291.6000061035156</ele>
      </trkpt>
      <trkpt lat="46.284742495045066" lon="15.066431555896997">
        <ele>291.3999938964844</ele>
      </trkpt>
      <trkpt lat="46.28468608483672" lon="15.066366260871291">
        <ele>291.3999938964844</ele>
      </trkpt>
      <trkpt lat="46.28462883643806" lon="15.0663002114743">
        <ele>291.20001220703125</ele>
      </trkpt>
      <trkpt lat="46.2845713365823" lon="15.066235587000847">
        <ele>291.20001220703125</ele>
      </trkpt>
      <trkpt lat="46.28451710566878" lon="15.066172471269965">
        <ele>291</ele>
      </trkpt>
      <trkpt lat="46.28446128219366" lon="15.066112792119384">
        <ele>291</ele>
      </trkpt>
      <trkpt lat="46.28440495580435" lon="15.066053615882993">
        <ele>291</ele>
      </trkpt>
      <trkpt lat="46.28435214981437" lon="15.06598899140954">
        <ele>291.20001220703125</ele>
      </trkpt>
      <trkpt lat="46.284300768747926" lon="15.065926043316722">
        <ele>291.20001220703125</ele>
      </trkpt>
      <trkpt lat="46.284248465672135" lon="15.065866447985172">
        <ele>291.3999938964844</ele>
      </trkpt>
      <trkpt lat="46.28419381566346" lon="15.065806349739432">
        <ele>291.6000061035156</ele>
      </trkpt>
      <trkpt lat="46.28413883037865" lon="15.065745497122407">
        <ele>291.6000061035156</ele>
      </trkpt>
      <trkpt lat="46.28408661112189" lon="15.065681291744113">
        <ele>291.79998779296875</ele>
      </trkpt>
      <trkpt lat="46.28403598442674" lon="15.065614487975836">
        <ele>292</ele>
      </trkpt>
      <trkpt lat="46.28398586064577" lon="15.065545085817575">
        <ele>292</ele>
      </trkpt>
      <trkpt lat="46.283939173445106" lon="15.06547736003995">
        <ele>292</ele>
      </trkpt>
      <trkpt lat="46.28389164805412" lon="15.065409215167165">
        <ele>292</ele>
      </trkpt>
      <trkpt lat="46.28384303301573" lon="15.065343165770173">
        <ele>291.79998779296875</ele>
      </trkpt>
      <trkpt lat="46.283795926719904" lon="15.06527510471642">
        <ele>291.79998779296875</ele>
      </trkpt>
      <trkpt lat="46.28375167027116" lon="15.06520519964397">
        <ele>292</ele>
      </trkpt>
      <trkpt lat="46.283707497641444" lon="15.065135462209582">
        <ele>292</ele>
      </trkpt>
      <trkpt lat="46.28366441465914" lon="15.065066730603576">
        <ele>292.20001220703125</ele>
      </trkpt>
      <trkpt lat="46.28362275660038" lon="15.064998418092728">
        <ele>292.20001220703125</ele>
      </trkpt>
      <trkpt lat="46.2835818529129" lon="15.06493060849607">
        <ele>292.3999938964844</ele>
      </trkpt>
      <trkpt lat="46.28354321233928" lon="15.064860619604588">
        <ele>292.3999938964844</ele>
      </trkpt>
      <trkpt lat="46.28350465558469" lon="15.064791049808264">
        <ele>292.3999938964844</ele>
      </trkpt>
      <trkpt lat="46.28346894867718" lon="15.064717624336481">
        <ele>292.3999938964844</ele>
      </trkpt>
      <trkpt lat="46.2834351696074" lon="15.064642690122128">
        <ele>292.3999938964844</ele>
      </trkpt>
      <trkpt lat="46.283401139080524" lon="15.064565995708108">
        <ele>292.3999938964844</ele>
      </trkpt>
      <trkpt lat="46.28336727619171" lon="15.06449081003666">
        <ele>292.3999938964844</ele>
      </trkpt>
      <trkpt lat="46.2833350058645" lon="15.064413864165545">
        <ele>292.6000061035156</ele>
      </trkpt>
      <trkpt lat="46.28330365754664" lon="15.064335996285081">
        <ele>292.6000061035156</ele>
      </trkpt>
      <trkpt lat="46.28327088430524" lon="15.064260475337505">
        <ele>292.79998779296875</ele>
      </trkpt>
      <trkpt lat="46.28323626704514" lon="15.06418738514185">
        <ele>292.79998779296875</ele>
      </trkpt>
      <trkpt lat="46.28320651128888" lon="15.064113456755877">
        <ele>293</ele>
      </trkpt>
      <trkpt lat="46.2831761687994" lon="15.064040953293443">
        <ele>293</ele>
      </trkpt>
      <trkpt lat="46.28314632922411" lon="15.06396803073585">
        <ele>293</ele>
      </trkpt>
      <trkpt lat="46.28311540000141" lon="15.0638981256634">
        <ele>293.20001220703125</ele>
      </trkpt>
      <trkpt lat="46.28308095037937" lon="15.063828472048044">
        <ele>293.3999938964844</ele>
      </trkpt>
      <trkpt lat="46.283048344776034" lon="15.06375940516591">
        <ele>293.6000061035156</ele>
      </trkpt>
      <trkpt lat="46.2830173317343" lon="15.063691176474094">
        <ele>293.79998779296875</ele>
      </trkpt>
      <trkpt lat="46.28298648633063" lon="15.063620936125517">
        <ele>294</ele>
      </trkpt>
      <trkpt lat="46.28295572474599" lon="15.063554216176271">
        <ele>294</ele>
      </trkpt>
      <trkpt lat="46.28292647190392" lon="15.063484227284789">
        <ele>294</ele>
      </trkpt>
      <trkpt lat="46.282896883785725" lon="15.063413735479116">
        <ele>294.20001220703125</ele>
      </trkpt>
      <trkpt lat="46.28286888822913" lon="15.06334450095892">
        <ele>294.20001220703125</ele>
      </trkpt>
      <trkpt lat="46.28283963538706" lon="15.063277194276452">
        <ele>294.20001220703125</ele>
      </trkpt>
      <trkpt lat="46.282808035612106" lon="15.063207373023033">
        <ele>294.3999938964844</ele>
      </trkpt>
      <trkpt lat="46.28277677111328" lon="15.063135959208012">
        <ele>294.3999938964844</ele>
      </trkpt>
      <trkpt lat="46.28274584189057" lon="15.063068317249417">
        <ele>294.3999938964844</ele>
      </trkpt>
      <trkpt lat="46.28271357156336" lon="15.062994891777635">
        <ele>294.3999938964844</ele>
      </trkpt>
      <trkpt lat="46.28267987631261" lon="15.062920460477471">
        <ele>294.3999938964844</ele>
      </trkpt>
      <trkpt lat="46.28264634869993" lon="15.06284510716796">
        <ele>294.3999938964844</ele>
      </trkpt>
      <trkpt lat="46.28261273726821" lon="15.0627669878304">
        <ele>294.3999938964844</ele>
      </trkpt>
      <trkpt lat="46.28257870674133" lon="15.062687024474144">
        <ele>294.3999938964844</ele>
      </trkpt>
      <trkpt lat="46.28254350274801" lon="15.062605384737253">
        <ele>294.20001220703125</ele>
      </trkpt>
      <trkpt lat="46.28250670619309" lon="15.062524164095521">
        <ele>294.20001220703125</ele>
      </trkpt>
      <trkpt lat="46.28247007727623" lon="15.062440428882837">
        <ele>294</ele>
      </trkpt>
      <trkpt lat="46.28243244253099" lon="15.062355604022741">
        <ele>293.79998779296875</ele>
      </trkpt>
      <trkpt lat="46.28239447250962" lon="15.06226901896298">
        <ele>293.6000061035156</ele>
      </trkpt>
      <trkpt lat="46.282357005402446" lon="15.062181930989027">
        <ele>293.3999938964844</ele>
      </trkpt>
      <trkpt lat="46.28231719136238" lon="15.062092915177345">
        <ele>293.20001220703125</ele>
      </trkpt>
      <trkpt lat="46.282274862751365" lon="15.062005324289203">
        <ele>293</ele>
      </trkpt>
      <trkpt lat="46.28223404288292" lon="15.061915051192045">
        <ele>292.79998779296875</ele>
      </trkpt>
      <trkpt lat="46.282191798090935" lon="15.06182444281876">
        <ele>292.79998779296875</ele>
      </trkpt>
      <trkpt lat="46.282151313498616" lon="15.06173207424581">
        <ele>292.6000061035156</ele>
      </trkpt>
      <trkpt lat="46.28211233764887" lon="15.061639286577702">
        <ele>292.3999938964844</ele>
      </trkpt>
      <trkpt lat="46.28207269124687" lon="15.061545493081212">
        <ele>292.3999938964844</ele>
      </trkpt>
      <trkpt lat="46.28203145228326" lon="15.061453459784389">
        <ele>292.20001220703125</ele>
      </trkpt>
      <trkpt lat="46.28199155442417" lon="15.061358576640487">
        <ele>292.20001220703125</ele>
      </trkpt>
      <trkpt lat="46.281950399279594" lon="15.061264196410775">
        <ele>292</ele>
      </trkpt>
      <trkpt lat="46.28190765157342" lon="15.061169648543">
        <ele>292</ele>
      </trkpt>
      <trkpt lat="46.2818653229624" lon="15.06107434630394">
        <ele>292</ele>
      </trkpt>
      <trkpt lat="46.28182056359947" lon="15.06097904406488">
        <ele>292</ele>
      </trkpt>
      <trkpt lat="46.281777983531356" lon="15.060884496197104">
        <ele>292</ele>
      </trkpt>
      <trkpt lat="46.28173364326358" lon="15.060789864510298">
        <ele>292</ele>
      </trkpt>
      <trkpt lat="46.28168988972902" lon="15.060695232823491">
        <ele>292</ele>
      </trkpt>
      <trkpt lat="46.28164923749864" lon="15.06060085259378">
        <ele>292</ele>
      </trkpt>
      <trkpt lat="46.28160917200148" lon="15.06050513125956">
        <ele>292</ele>
      </trkpt>
      <trkpt lat="46.281568771228194" lon="15.060407733544707">
        <ele>292</ele>
      </trkpt>
      <trkpt lat="46.281528705731034" lon="15.060312347486615">
        <ele>292.20001220703125</ele>
      </trkpt>
      <trkpt lat="46.28149199299514" lon="15.06021922454238">
        <ele>292.3999938964844</ele>
      </trkpt>
      <trkpt lat="46.28145561553538" lon="15.060125598683953">
        <ele>292.3999938964844</ele>
      </trkpt>
      <trkpt lat="46.28141915425658" lon="15.06002962589264">
        <ele>292.3999938964844</ele>
      </trkpt>
      <trkpt lat="46.28138386644423" lon="15.0599314738065">
        <ele>292.3999938964844</ele>
      </trkpt>
      <trkpt lat="46.281349835917354" lon="15.059838518500328">
        <ele>292.3999938964844</ele>
      </trkpt>
      <trkpt lat="46.28131790086627" lon="15.059744054451585">
        <ele>292.3999938964844</ele>
      </trkpt>
      <trkpt lat="46.28128772601485" lon="15.059649590402842">
        <ele>292.3999938964844</ele>
      </trkpt>
      <trkpt lat="46.28125780262053" lon="15.059555796906352">
        <ele>292.3999938964844</ele>
      </trkpt>
      <trkpt lat="46.2812281306833" lon="15.05946485325694">
        <ele>292.3999938964844</ele>
      </trkpt>
      <trkpt lat="46.28120273351669" lon="15.059373574331403">
        <ele>292.6000061035156</ele>
      </trkpt>
      <trkpt lat="46.28118027001619" lon="15.059286318719387">
        <ele>292.79998779296875</ele>
      </trkpt>
      <trkpt lat="46.28116057254374" lon="15.059198141098022">
        <ele>293</ele>
      </trkpt>
      <trkpt lat="46.281142216175795" lon="15.05911105312407">
        <ele>293.20001220703125</ele>
      </trkpt>
      <trkpt lat="46.28112503327429" lon="15.05902647972107">
        <ele>293.3999938964844</ele>
      </trkpt>
      <trkpt lat="46.28110449761152" lon="15.058946097269654">
        <ele>293.6000061035156</ele>
      </trkpt>
      <trkpt lat="46.281086476519704" lon="15.05886822938919">
        <ele>293.79998779296875</ele>
      </trkpt>
      <trkpt lat="46.28107029944658" lon="15.058790277689695">
        <ele>294</ele>
      </trkpt>
      <trkpt lat="46.281054290011525" lon="15.058712577447295">
        <ele>294.20001220703125</ele>
      </trkpt>
      <trkpt lat="46.28103635273874" lon="15.058637894690037">
        <ele>294.3999938964844</ele>
      </trkpt>
      <trkpt lat="46.281018080189824" lon="15.058567319065332">
        <ele>294.6000061035156</ele>
      </trkpt>
      <trkpt lat="46.28099536523223" lon="15.058500180020928">
        <ele>294.79998779296875</ele>
      </trkpt>
      <trkpt lat="46.28096904605627" lon="15.058434130623937">
        <ele>294.79998779296875</ele>
      </trkpt>
      <trkpt lat="46.28094172105193" lon="15.058369506150484">
        <ele>295</ele>
      </trkpt>
      <trkpt lat="46.280913976952434" lon="15.05830287002027">
        <ele>295</ele>
      </trkpt>
      <trkpt lat="46.280888160690665" lon="15.058233551681042">
        <ele>295</ele>
      </trkpt>
      <trkpt lat="46.280861338600516" lon="15.058163311332464">
        <ele>294.79998779296875</ele>
      </trkpt>
      <trkpt lat="46.280832421034575" lon="15.058091226965189">
        <ele>294.79998779296875</ele>
      </trkpt>
      <trkpt lat="46.2808034196496" lon="15.058019561693072">
        <ele>294.79998779296875</ele>
      </trkpt>
      <trkpt lat="46.2807759270072" lon="15.057950494810939">
        <ele>294.79998779296875</ele>
      </trkpt>
      <trkpt lat="46.2807534635067" lon="15.057896599173546">
        <ele>294.6000061035156</ele>
      </trkpt>
      <trkpt lat="46.28071842715144" lon="15.057817306369543">
        <ele>294.6000061035156</ele>
      </trkpt>
      <trkpt lat="46.28068900667131" lon="15.05775067023933">
        <ele>294.6000061035156</ele>
      </trkpt>
      <trkpt lat="46.2806636095047" lon="15.057682357728481">
        <ele>294.6000061035156</ele>
      </trkpt>
      <trkpt lat="46.28063821233809" lon="15.05761438049376">
        <ele>294.6000061035156</ele>
      </trkpt>
      <trkpt lat="46.280611641705036" lon="15.05754548124969">
        <ele>294.6000061035156</ele>
      </trkpt>
      <trkpt lat="46.280587166547775" lon="15.057477336376905">
        <ele>294.6000061035156</ele>
      </trkpt>
      <trkpt lat="46.280564619228244" lon="15.057411370798945">
        <ele>294.6000061035156</ele>
      </trkpt>
      <trkpt lat="46.2805391382426" lon="15.057347500696778">
        <ele>294.6000061035156</ele>
      </trkpt>
      <trkpt lat="46.2805134896189" lon="15.057285642251372">
        <ele>294.6000061035156</ele>
      </trkpt>
      <trkpt lat="46.28048658370972" lon="15.05722789093852">
        <ele>294.6000061035156</ele>
      </trkpt>
      <trkpt lat="46.28046093508601" lon="15.057168630883098">
        <ele>294.6000061035156</ele>
      </trkpt>
      <trkpt lat="46.28043880686164" lon="15.057111466303468">
        <ele>294.3999938964844</ele>
      </trkpt>
      <trkpt lat="46.28042162396014" lon="15.05706025287509">
        <ele>294.3999938964844</ele>
      </trkpt>
      <trkpt lat="46.28040561452508" lon="15.057010799646378">
        <ele>294.3999938964844</ele>
      </trkpt>
      <trkpt lat="46.28038960509002" lon="15.056964363902807">
        <ele>294.6000061035156</ele>
      </trkpt>
      <trkpt lat="46.280372589826584" lon="15.056922622025013">
        <ele>294.6000061035156</ele>
      </trkpt>
      <trkpt lat="46.28035641275346" lon="15.056882221251726">
        <ele>294.6000061035156</ele>
      </trkpt>
      <trkpt lat="46.28033998422325" lon="15.056840814650059">
        <ele>294.3999938964844</ele>
      </trkpt>
      <trkpt lat="46.280323807150126" lon="15.056800749152899">
        <ele>294.3999938964844</ele>
      </trkpt>
      <trkpt lat="46.280307210981846" lon="15.056760432198644">
        <ele>294.3999938964844</ele>
      </trkpt>
      <trkpt lat="46.28029078245163" lon="15.05672112107277">
        <ele>294.20001220703125</ele>
      </trkpt>
      <trkpt lat="46.280277874320745" lon="15.056682983413339">
        <ele>294.20001220703125</ele>
      </trkpt>
      <trkpt lat="46.28026572056115" lon="15.05664643831551">
        <ele>294.20001220703125</ele>
      </trkpt>
      <trkpt lat="46.28025624901056" lon="15.056606624275446">
        <ele>294.20001220703125</ele>
      </trkpt>
      <trkpt lat="46.28024543635547" lon="15.056569995358586">
        <ele>294.20001220703125</ele>
      </trkpt>
      <trkpt lat="46.28023395314813" lon="15.056534204632044">
        <ele>294</ele>
      </trkpt>
      <trkpt lat="46.28022188320756" lon="15.056496318429708">
        <ele>294</ele>
      </trkpt>
      <trkpt lat="46.280209394171834" lon="15.056457677856088">
        <ele>294</ele>
      </trkpt>
      <trkpt lat="46.28019992262125" lon="15.056416355073452">
        <ele>294</ele>
      </trkpt>
      <trkpt lat="46.28019128926098" lon="15.05637813359499">
        <ele>294</ele>
      </trkpt>
      <trkpt lat="46.28018491901457" lon="15.05634100176394">
        <ele>294</ele>
      </trkpt>
      <trkpt lat="46.280181147158146" lon="15.05630537867546">
        <ele>294</ele>
      </trkpt>
      <trkpt lat="46.28018030896783" lon="15.056267995387316">
        <ele>294</ele>
      </trkpt>
      <trkpt lat="46.28018374554813" lon="15.056226840242743">
        <ele>294</ele>
      </trkpt>
      <trkpt lat="46.28018969669938" lon="15.056193396449089">
        <ele>294</ele>
      </trkpt>
      <trkpt lat="46.28020126372576" lon="15.056143943220377">
        <ele>294</ele>
      </trkpt>
      <trkpt lat="46.280212914571166" lon="15.056103207170963">
        <ele>293.79998779296875</ele>
      </trkpt>
      <trkpt lat="46.28022624179721" lon="15.056063225492835">
        <ele>294</ele>
      </trkpt>
      <trkpt lat="46.28024032339454" lon="15.056030284613371">
        <ele>294</ele>
      </trkpt>
      <trkpt lat="46.28025624901056" lon="15.05599751137197">
        <ele>294</ele>
      </trkpt>
      <trkpt lat="46.28027368336916" lon="15.055964654311538">
        <ele>294</ele>
      </trkpt>
      <trkpt lat="46.28029262647033" lon="15.055927354842424">
        <ele>294.20001220703125</ele>
      </trkpt>
      <trkpt lat="46.2803131621331" lon="15.055888295173645">
        <ele>294.20001220703125</ele>
      </trkpt>
      <trkpt lat="46.280332608148456" lon="15.055848564952612">
        <ele>294.3999938964844</ele>
      </trkpt>
      <trkpt lat="46.28035289235413" lon="15.055807996541262">
        <ele>294.3999938964844</ele>
      </trkpt>
      <trkpt lat="46.2803752720356" lon="15.055765751749277">
        <ele>294.3999938964844</ele>
      </trkpt>
      <trkpt lat="46.280395137146115" lon="15.055722082033753">
        <ele>294.3999938964844</ele>
      </trkpt>
      <trkpt lat="46.28041625954211" lon="15.055677657946944">
        <ele>294.3999938964844</ele>
      </trkpt>
      <trkpt lat="46.28043847158551" lon="15.055631725117564">
        <ele>294.3999938964844</ele>
      </trkpt>
      <trkpt lat="46.28046043217182" lon="15.055581601336598">
        <ele>294.3999938964844</ele>
      </trkpt>
      <trkpt lat="46.28048054873943" lon="15.05553181283176">
        <ele>294.3999938964844</ele>
      </trkpt>
      <trkpt lat="46.280501168221235" lon="15.055478923022747">
        <ele>294.3999938964844</ele>
      </trkpt>
      <trkpt lat="46.28051952458918" lon="15.055427625775337">
        <ele>294.3999938964844</ele>
      </trkpt>
      <trkpt lat="46.28053771331906" lon="15.055376328527927">
        <ele>294.3999938964844</ele>
      </trkpt>
      <trkpt lat="46.28055514767766" lon="15.055324109271169">
        <ele>294.3999938964844</ele>
      </trkpt>
      <trkpt lat="46.28056696616113" lon="15.055270800366998">
        <ele>294.3999938964844</ele>
      </trkpt>
      <trkpt lat="46.28057233057916" lon="15.055225789546967">
        <ele>294.3999938964844</ele>
      </trkpt>
      <trkpt lat="46.28058448433876" lon="15.055159740149975">
        <ele>294.3999938964844</ele>
      </trkpt>
      <trkpt lat="46.28060786984861" lon="15.055115735158324">
        <ele>294.3999938964844</ele>
      </trkpt>
      <trkpt lat="46.280633518472314" lon="15.055084135383368">
        <ele>294.3999938964844</ele>
      </trkpt>
      <trkpt lat="46.28065614961088" lon="15.055046500638127">
        <ele>294.3999938964844</ele>
      </trkpt>
      <trkpt lat="46.280673164874315" lon="15.055000567808747">
        <ele>294.3999938964844</ele>
      </trkpt>
      <trkpt lat="46.28068615682423" lon="15.054952623322606">
        <ele>294.3999938964844</ele>
      </trkpt>
      <trkpt lat="46.280698981136084" lon="15.054903673008084">
        <ele>294.3999938964844</ele>
      </trkpt>
      <trkpt lat="46.28071088343859" lon="15.054853046312928">
        <ele>294.3999938964844</ele>
      </trkpt>
      <trkpt lat="46.2807222828269" lon="15.05480283871293">
        <ele>294.3999938964844</ele>
      </trkpt>
      <trkpt lat="46.28073410131037" lon="15.054752547293901">
        <ele>294.3999938964844</ele>
      </trkpt>
      <trkpt lat="46.280746422708035" lon="15.054699908941984">
        <ele>294.20001220703125</ele>
      </trkpt>
      <trkpt lat="46.280759666115046" lon="15.05464542657137">
        <ele>294.3999938964844</ele>
      </trkpt>
      <trkpt lat="46.2807724904269" lon="15.05459077656269">
        <ele>294.20001220703125</ele>
      </trkpt>
      <trkpt lat="46.28078430891037" lon="15.0545350369066">
        <ele>294.20001220703125</ele>
      </trkpt>
      <trkpt lat="46.280794786289334" lon="15.054476531222463">
        <ele>294.20001220703125</ele>
      </trkpt>
      <trkpt lat="46.280807023867965" lon="15.054416852071881">
        <ele>294.3999938964844</ele>
      </trkpt>
      <trkpt lat="46.28081942908466" lon="15.054356334730983">
        <ele>294.3999938964844</ele>
      </trkpt>
      <trkpt lat="46.28083233721554" lon="15.054292045533657">
        <ele>294.3999938964844</ele>
      </trkpt>
      <trkpt lat="46.28084382042289" lon="15.054225325584412">
        <ele>294.3999938964844</ele>
      </trkpt>
      <trkpt lat="46.28085941076279" lon="15.054158186540008">
        <ele>294.3999938964844</ele>
      </trkpt>
      <trkpt lat="46.280875923112035" lon="15.054087862372398">
        <ele>294.3999938964844</ele>
      </trkpt>
      <trkpt lat="46.28089075908065" lon="15.054012509062886">
        <ele>294.3999938964844</ele>
      </trkpt>
      <trkpt lat="46.28090794198215" lon="15.053934138268232">
        <ele>294.20001220703125</ele>
      </trkpt>
      <trkpt lat="46.28092462196946" lon="15.053853504359722">
        <ele>294.20001220703125</ele>
      </trkpt>
      <trkpt lat="46.28094415180385" lon="15.053772116079926">
        <ele>294.20001220703125</ele>
      </trkpt>
      <trkpt lat="46.28096560947597" lon="15.053687542676926">
        <ele>294.20001220703125</ele>
      </trkpt>
      <trkpt lat="46.28098723478615" lon="15.05360514856875">
        <ele>294.20001220703125</ele>
      </trkpt>
      <trkpt lat="46.28101053647697" lon="15.053520491346717">
        <ele>294.20001220703125</ele>
      </trkpt>
      <trkpt lat="46.28103710711002" lon="15.053438013419509">
        <ele>294.20001220703125</ele>
      </trkpt>
      <trkpt lat="46.28106518648565" lon="15.053353188559413">
        <ele>294.20001220703125</ele>
      </trkpt>
      <trkpt lat="46.281095193699" lon="15.053272638469934">
        <ele>294.20001220703125</ele>
      </trkpt>
      <trkpt lat="46.28112578764558" lon="15.053188567981124">
        <ele>294.20001220703125</ele>
      </trkpt>
      <trkpt lat="46.281155375763774" lon="15.053102485835552">
        <ele>294.3999938964844</ele>
      </trkpt>
      <trkpt lat="46.281184712424874" lon="15.053016068413854">
        <ele>294.3999938964844</ele>
      </trkpt>
      <trkpt lat="46.281216060742736" lon="15.052932668477297">
        <ele>294.3999938964844</ele>
      </trkpt>
      <trkpt lat="46.28124849870801" lon="15.052850442007184">
        <ele>294.3999938964844</ele>
      </trkpt>
      <trkpt lat="46.28128110431135" lon="15.052766622975469">
        <ele>294.3999938964844</ele>
      </trkpt>
      <trkpt lat="46.28131220117211" lon="15.052681043744087">
        <ele>294.3999938964844</ele>
      </trkpt>
      <trkpt lat="46.281342543661594" lon="15.052596218883991">
        <ele>294.3999938964844</ele>
      </trkpt>
      <trkpt lat="46.28137313760817" lon="15.052510555833578">
        <ele>294.3999938964844</ele>
      </trkpt>
      <trkpt lat="46.28140297718346" lon="15.052426652982831">
        <ele>294.6000061035156</ele>
      </trkpt>
      <trkpt lat="46.28143357113004" lon="15.052342833951116">
        <ele>294.6000061035156</ele>
      </trkpt>
      <trkpt lat="46.28146550618112" lon="15.052261026576161">
        <ele>294.6000061035156</ele>
      </trkpt>
      <trkpt lat="46.281497441232204" lon="15.052179638296366">
        <ele>294.79998779296875</ele>
      </trkpt>
      <trkpt lat="46.2815304659307" lon="15.052096405997872">
        <ele>294.79998779296875</ele>
      </trkpt>
      <trkpt lat="46.281560976058245" lon="15.05201174877584">
        <ele>294.79998779296875</ele>
      </trkpt>
      <trkpt lat="46.281591318547726" lon="15.051927594467998">
        <ele>294.79998779296875</ele>
      </trkpt>
      <trkpt lat="46.281624510884285" lon="15.051845954731107">
        <ele>294.79998779296875</ele>
      </trkpt>
      <trkpt lat="46.28165636211634" lon="15.051761884242296">
        <ele>295</ele>
      </trkpt>
      <trkpt lat="46.28168620169163" lon="15.051675047725439">
        <ele>295</ele>
      </trkpt>
      <trkpt lat="46.28171528689563" lon="15.05158863030374">
        <ele>295</ele>
      </trkpt>
      <trkpt lat="46.28174445591867" lon="15.0515026319772">
        <ele>295</ele>
      </trkpt>
      <trkpt lat="46.28177287057042" lon="15.05141713656485">
        <ele>295</ele>
      </trkpt>
      <trkpt lat="46.281803464517" lon="15.051332479342818">
        <ele>295</ele>
      </trkpt>
      <trkpt lat="46.281835651025176" lon="15.051248576492071">
        <ele>295</ele>
      </trkpt>
      <trkpt lat="46.28186750225723" lon="15.051163248717785">
        <ele>295</ele>
      </trkpt>
      <trkpt lat="46.28190035931766" lon="15.051079345867038">
        <ele>295</ele>
      </trkpt>
      <trkpt lat="46.281930366531014" lon="15.050994353368878">
        <ele>295</ele>
      </trkpt>
      <trkpt lat="46.28195911645889" lon="15.050908019766212">
        <ele>295</ele>
      </trkpt>
      <trkpt lat="46.28198828548193" lon="15.050822189077735">
        <ele>295</ele>
      </trkpt>
      <trkpt lat="46.28201996907592" lon="15.05073744803667">
        <ele>295</ele>
      </trkpt>
      <trkpt lat="46.28205265849829" lon="15.050654048100114">
        <ele>294.79998779296875</ele>
      </trkpt>
      <trkpt lat="46.2820846773684" lon="15.050568971782923">
        <ele>294.79998779296875</ele>
      </trkpt>
      <trkpt lat="46.28211761824787" lon="15.05048138089478">
        <ele>294.79998779296875</ele>
      </trkpt>
      <trkpt lat="46.28214997239411" lon="15.050394125282764">
        <ele>294.79998779296875</ele>
      </trkpt>
      <trkpt lat="46.282180566340685" lon="15.05030401982367">
        <ele>294.79998779296875</ele>
      </trkpt>
      <trkpt lat="46.282208478078246" lon="15.05021307617426">
        <ele>294.79998779296875</ele>
      </trkpt>
      <trkpt lat="46.28223605453968" lon="15.050121964886785">
        <ele>294.79998779296875</ele>
      </trkpt>
      <trkpt lat="46.28226446919143" lon="15.050030937418342">
        <ele>294.79998779296875</ele>
      </trkpt>
      <trkpt lat="46.28229380585253" lon="15.049939574673772">
        <ele>294.79998779296875</ele>
      </trkpt>
      <trkpt lat="46.282323310151696" lon="15.049848714843392">
        <ele>294.79998779296875</ele>
      </trkpt>
      <trkpt lat="46.28235130570829" lon="15.049758357927203">
        <ele>294.79998779296875</ele>
      </trkpt>
      <trkpt lat="46.28237720578909" lon="15.049666911363602">
        <ele>294.79998779296875</ele>
      </trkpt>
      <trkpt lat="46.282402938231826" lon="15.049580158665776">
        <ele>295</ele>
      </trkpt>
      <trkpt lat="46.28242716193199" lon="15.049492232501507">
        <ele>295</ele>
      </trkpt>
      <trkpt lat="46.28244970925152" lon="15.049402797594666">
        <ele>295</ele>
      </trkpt>
      <trkpt lat="46.282471837475896" lon="15.04931210540235">
        <ele>295.20001220703125</ele>
      </trkpt>
      <trkpt lat="46.282494217157364" lon="15.049219653010368">
        <ele>295.20001220703125</ele>
      </trkpt>
      <trkpt lat="46.28251693211496" lon="15.049126949161291">
        <ele>295.20001220703125</ele>
      </trkpt>
      <trkpt lat="46.282539730891585" lon="15.049034161493182">
        <ele>295.3999938964844</ele>
      </trkpt>
      <trkpt lat="46.28256252966821" lon="15.048943050205708">
        <ele>295.3999938964844</ele>
      </trkpt>
      <trkpt lat="46.28258449025452" lon="15.04885227419436">
        <ele>295.3999938964844</ele>
      </trkpt>
      <trkpt lat="46.28260653465986" lon="15.048763761296868">
        <ele>295.3999938964844</ele>
      </trkpt>
      <trkpt lat="46.28263142891228" lon="15.048673572018743">
        <ele>295.6000061035156</ele>
      </trkpt>
      <trkpt lat="46.282656993716955" lon="15.048583382740617">
        <ele>295.6000061035156</ele>
      </trkpt>
      <trkpt lat="46.28268356435001" lon="15.04849218763411">
        <ele>295.6000061035156</ele>
      </trkpt>
      <trkpt lat="46.282708710059524" lon="15.048400741070509">
        <ele>295.6000061035156</ele>
      </trkpt>
      <trkpt lat="46.28273234702647" lon="15.048311557620764">
        <ele>295.3999938964844</ele>
      </trkpt>
      <trkpt lat="46.28275657072663" lon="15.0482233799994">
        <ele>295.3999938964844</ele>
      </trkpt>
      <trkpt lat="46.28278188407421" lon="15.048131262883544">
        <ele>295.3999938964844</ele>
      </trkpt>
      <trkpt lat="46.28280761651695" lon="15.048037134110928">
        <ele>295.3999938964844</ele>
      </trkpt>
      <trkpt lat="46.28283368423581" lon="15.04794392734766">
        <ele>295.6000061035156</ele>
      </trkpt>
      <trkpt lat="46.28286084160209" lon="15.047854240983725">
        <ele>295.6000061035156</ele>
      </trkpt>
      <trkpt lat="46.282887579873204" lon="15.047762040048838">
        <ele>295.6000061035156</ele>
      </trkpt>
      <trkpt lat="46.28291658125818" lon="15.04767713136971">
        <ele>295.6000061035156</ele>
      </trkpt>
      <trkpt lat="46.28294256515801" lon="15.047586103901267">
        <ele>295.79998779296875</ele>
      </trkpt>
      <trkpt lat="46.28296645358205" lon="15.047495076432824">
        <ele>295.79998779296875</ele>
      </trkpt>
      <trkpt lat="46.28299134783447" lon="15.047401869669557">
        <ele>296</ele>
      </trkpt>
      <trkpt lat="46.283016158267856" lon="15.047311345115304">
        <ele>296</ele>
      </trkpt>
      <trkpt lat="46.28304096870124" lon="15.04722073674202">
        <ele>296.20001220703125</ele>
      </trkpt>
      <trkpt lat="46.28306435421109" lon="15.047132642939687">
        <ele>296.20001220703125</ele>
      </trkpt>
      <trkpt lat="46.28308681771159" lon="15.047044046223164">
        <ele>296.20001220703125</ele>
      </trkpt>
      <trkpt lat="46.28311028704047" lon="15.046954276040196">
        <ele>296.3999938964844</ele>
      </trkpt>
      <trkpt lat="46.28313576802611" lon="15.04686551168561">
        <ele>296.3999938964844</ele>
      </trkpt>
      <trkpt lat="46.283161751925945" lon="15.04677557386458">
        <ele>296.3999938964844</ele>
      </trkpt>
      <trkpt lat="46.28318597562611" lon="15.046683624386787">
        <ele>296.3999938964844</ele>
      </trkpt>
      <trkpt lat="46.283209193497896" lon="15.046591758728027">
        <ele>296.3999938964844</ele>
      </trkpt>
      <trkpt lat="46.28323366865516" lon="15.046500395983458">
        <ele>296.6000061035156</ele>
      </trkpt>
      <trkpt lat="46.283259904012084" lon="15.046406518667936">
        <ele>296.6000061035156</ele>
      </trkpt>
      <trkpt lat="46.28328672610223" lon="15.04631188698113">
        <ele>296.6000061035156</ele>
      </trkpt>
      <trkpt lat="46.28331195563078" lon="15.046220608055592">
        <ele>296.6000061035156</ele>
      </trkpt>
      <trkpt lat="46.28333098255098" lon="15.046147350221872">
        <ele>296.6000061035156</ele>
      </trkpt>
      <trkpt lat="46.283360067754984" lon="15.046035200357437">
        <ele>296.6000061035156</ele>
      </trkpt>
      <trkpt lat="46.28338395617902" lon="15.045942831784487">
        <ele>296.6000061035156</ele>
      </trkpt>
      <trkpt lat="46.28340834751725" lon="15.045847026631236">
        <ele>296.6000061035156</ele>
      </trkpt>
      <trkpt lat="46.283432990312576" lon="15.045752562582493">
        <ele>296.6000061035156</ele>
      </trkpt>
      <trkpt lat="46.28345813602209" lon="15.045659942552447">
        <ele>296.79998779296875</ele>
      </trkpt>
      <trkpt lat="46.28348336555064" lon="15.045565897598863">
        <ele>296.79998779296875</ele>
      </trkpt>
      <trkpt lat="46.28350926563144" lon="15.045472607016563">
        <ele>296.79998779296875</ele>
      </trkpt>
      <trkpt lat="46.28353248350322" lon="15.045378394424915">
        <ele>296.79998779296875</ele>
      </trkpt>
      <trkpt lat="46.28355377353728" lon="15.04528384655714">
        <ele>296.79998779296875</ele>
      </trkpt>
      <trkpt lat="46.2835733871907" lon="15.045185862109065">
        <ele>297</ele>
      </trkpt>
      <trkpt lat="46.28359098918736" lon="15.045087207108736">
        <ele>297</ele>
      </trkpt>
      <trkpt lat="46.28360414877534" lon="15.045007914304733">
        <ele>297</ele>
      </trkpt>
      <trkpt lat="46.283622002229095" lon="15.044886292889714">
        <ele>297</ele>
      </trkpt>
      <trkpt lat="46.283633233979344" lon="15.04478495568037">
        <ele>297</ele>
      </trkpt>
      <trkpt lat="46.28364270552993" lon="15.04468479193747">
        <ele>297</ele>
      </trkpt>
      <trkpt lat="46.283649411052465" lon="15.044583454728127">
        <ele>297</ele>
      </trkpt>
      <trkpt lat="46.28365075215697" lon="15.044499803334475">
        <ele>297</ele>
      </trkpt>
      <trkpt lat="46.283647986128926" lon="15.044396705925465">
        <ele>297</ele>
      </trkpt>
      <trkpt lat="46.2836423702538" lon="15.044271145015955">
        <ele>297.20001220703125</ele>
      </trkpt>
      <trkpt lat="46.28363776020706" lon="15.044165700674057">
        <ele>297.20001220703125</ele>
      </trkpt>
      <trkpt lat="46.28362854011357" lon="15.044059585779905">
        <ele>297.20001220703125</ele>
      </trkpt>
      <trkpt lat="46.283615715801716" lon="15.043952213600278">
        <ele>297.20001220703125</ele>
      </trkpt>
      <trkpt lat="46.28359945490956" lon="15.043849116191268">
        <ele>297.20001220703125</ele>
      </trkpt>
      <trkpt lat="46.28357875160873" lon="15.043747862800956">
        <ele>297.20001220703125</ele>
      </trkpt>
      <trkpt lat="46.28355377353728" lon="15.043647531419992">
        <ele>297.3999938964844</ele>
      </trkpt>
      <trkpt lat="46.28352737054229" lon="15.043549463152885">
        <ele>297.3999938964844</ele>
      </trkpt>
      <trkpt lat="46.28350239247084" lon="15.043449802324176">
        <ele>297.20001220703125</ele>
      </trkpt>
      <trkpt lat="46.283477833494544" lon="15.043349722400308">
        <ele>297.20001220703125</ele>
      </trkpt>
      <trkpt lat="46.28345319069922" lon="15.043250564485788">
        <ele>297.20001220703125</ele>
      </trkpt>
      <trkpt lat="46.28342678770423" lon="15.043151238933206">
        <ele>297.20001220703125</ele>
      </trkpt>
      <trkpt lat="46.28339787013829" lon="15.043054427951574">
        <ele>297</ele>
      </trkpt>
      <trkpt lat="46.283368449658155" lon="15.042957616969943">
        <ele>297</ele>
      </trkpt>
      <trkpt lat="46.28333936445415" lon="15.042857872322202">
        <ele>297</ele>
      </trkpt>
      <trkpt lat="46.28330809995532" lon="15.042758882045746">
        <ele>297</ele>
      </trkpt>
      <trkpt lat="46.28328312188387" lon="15.042657293379307">
        <ele>297</ele>
      </trkpt>
      <trkpt lat="46.283267615363" lon="15.04255142994225">
        <ele>297</ele>
      </trkpt>
      <trkpt lat="46.283263340592384" lon="15.042444057762623">
        <ele>297.20001220703125</ele>
      </trkpt>
      <trkpt lat="46.283277589827776" lon="15.04234028980136">
        <ele>297.20001220703125</ele>
      </trkpt>
      <trkpt lat="46.28330516628921" lon="15.042241383343935">
        <ele>297.3999938964844</ele>
      </trkpt>
      <trkpt lat="46.283344477415085" lon="15.042149350047112">
        <ele>297.3999938964844</ele>
      </trkpt>
      <trkpt lat="46.28339175134897" lon="15.042062681168318">
        <ele>297.6000061035156</ele>
      </trkpt>
      <trkpt lat="46.28344304859638" lon="15.041984310373664">
        <ele>297.6000061035156</ele>
      </trkpt>
      <trkpt lat="46.28349560312927" lon="15.041909040883183">
        <ele>297.6000061035156</ele>
      </trkpt>
      <trkpt lat="46.28354891203344" lon="15.041835531592369">
        <ele>297.6000061035156</ele>
      </trkpt>
      <trkpt lat="46.28360465168953" lon="15.041770152747631">
        <ele>297.6000061035156</ele>
      </trkpt>
      <trkpt lat="46.28366315737367" lon="15.041709886863828">
        <ele>297.79998779296875</ele>
      </trkpt>
      <trkpt lat="46.283722668886185" lon="15.041654985398054">
        <ele>297.79998779296875</ele>
      </trkpt>
      <trkpt lat="46.28378100693226" lon="15.041605783626437">
        <ele>298</ele>
      </trkpt>
      <trkpt lat="46.28384018316865" lon="15.041561024263501">
        <ele>298</ele>
      </trkpt>
      <trkpt lat="46.28390061669052" lon="15.041520204395056">
        <ele>298</ele>
      </trkpt>
      <trkpt lat="46.283961553126574" lon="15.041485838592052">
        <ele>298.20001220703125</ele>
      </trkpt>
      <trkpt lat="46.2840239983052" lon="15.041458010673523">
        <ele>298.20001220703125</ele>
      </trkpt>
      <trkpt lat="46.284086275845766" lon="15.041437055915594">
        <ele>298.20001220703125</ele>
      </trkpt>
      <trkpt lat="46.28413329832256" lon="15.04142272286117">
        <ele>298.20001220703125</ele>
      </trkpt>
      <trkpt lat="46.28419071435928" lon="15.041373185813427">
        <ele>298.3999938964844</ele>
      </trkpt>
      <trkpt lat="46.28421996720135" lon="15.041305543854833">
        <ele>298.3999938964844</ele>
      </trkpt>
      <trkpt lat="46.28423220477998" lon="15.041225831955671">
        <ele>298.6000061035156</ele>
      </trkpt>
      <trkpt lat="46.28423052839935" lon="15.041140671819448">
        <ele>298.79998779296875</ele>
      </trkpt>
      <trkpt lat="46.28422751091421" lon="15.041073700413108">
        <ele>298.79998779296875</ele>
      </trkpt>
      <trkpt lat="46.28422365523875" lon="15.04098828881979">
        <ele>299</ele>
      </trkpt>
      <trkpt lat="46.2842261698097" lon="15.040887203067541">
        <ele>299.20001220703125</ele>
      </trkpt>
      <trkpt lat="46.28423497080803" lon="15.040805730968714">
        <ele>299.3999938964844</ele>
      </trkpt>
      <trkpt lat="46.284244526177645" lon="15.040724258869886">
        <ele>299.3999938964844</ele>
      </trkpt>
      <trkpt lat="46.284255338832736" lon="15.040640439838171">
        <ele>299.6000061035156</ele>
      </trkpt>
      <trkpt lat="46.28426338545978" lon="15.040555698797107">
        <ele>299.6000061035156</ele>
      </trkpt>
      <trkpt lat="46.28426967188716" lon="15.040471125394106">
        <ele>299.6000061035156</ele>
      </trkpt>
      <trkpt lat="46.28427662886679" lon="15.040385378524661">
        <ele>299.79998779296875</ele>
      </trkpt>
      <trkpt lat="46.284287022426724" lon="15.040298542007804">
        <ele>299.79998779296875</ele>
      </trkpt>
      <trkpt lat="46.28430102020502" lon="15.040212711319327">
        <ele>299.79998779296875</ele>
      </trkpt>
      <trkpt lat="46.284318789839745" lon="15.040144314989448">
        <ele>299.79998779296875</ele>
      </trkpt>
      <trkpt lat="46.28435273654759" lon="15.040046079084277">
        <ele>299.79998779296875</ele>
      </trkpt>
      <trkpt lat="46.28438651561737" lon="15.03996754065156">
        <ele>299.79998779296875</ele>
      </trkpt>
      <trkpt lat="46.28442264162004" lon="15.039895288646221">
        <ele>299.79998779296875</ele>
      </trkpt>
      <trkpt lat="46.284459605813026" lon="15.039827227592468">
        <ele>299.79998779296875</ele>
      </trkpt>
      <trkpt lat="46.28449640236795" lon="15.039762016385794">
        <ele>299.79998779296875</ele>
      </trkpt>
      <trkpt lat="46.284533534199" lon="15.039696302264929">
        <ele>300</ele>
      </trkpt>
      <trkpt lat="46.28457058221102" lon="15.039631510153413">
        <ele>300</ele>
      </trkpt>
      <trkpt lat="46.28459899686277" lon="15.039582224562764">
        <ele>300</ele>
      </trkpt>
      <trkpt lat="46.284633446484804" lon="15.039499662816525">
        <ele>300.20001220703125</ele>
      </trkpt>
      <trkpt lat="46.28465079702437" lon="15.039423387497663">
        <ele>300.3999938964844</ele>
      </trkpt>
      <trkpt lat="46.28465783782303" lon="15.039344262331724">
        <ele>300.3999938964844</ele>
      </trkpt>
      <trkpt lat="46.28465607762337" lon="15.03926488570869">
        <ele>300.6000061035156</ele>
      </trkpt>
      <trkpt lat="46.284651132300496" lon="15.039186095818877">
        <ele>300.6000061035156</ele>
      </trkpt>
      <trkpt lat="46.28464593552053" lon="15.039107892662287">
        <ele>300.79998779296875</ele>
      </trkpt>
      <trkpt lat="46.28464291803539" lon="15.039031868800521">
        <ele>301</ele>
      </trkpt>
      <trkpt lat="46.28464342094958" lon="15.03895609639585">
        <ele>301.20001220703125</ele>
      </trkpt>
      <trkpt lat="46.284643253311515" lon="15.038882251828909">
        <ele>301.20001220703125</ele>
      </trkpt>
      <trkpt lat="46.28464291803539" lon="15.038823327049613">
        <ele>301.3999938964844</ele>
      </trkpt>
      <trkpt lat="46.28464836627245" lon="15.03873573616147">
        <ele>301.6000061035156</ele>
      </trkpt>
      <trkpt lat="46.28465808928013" lon="15.038668010383844">
        <ele>301.79998779296875</ele>
      </trkpt>
      <trkpt lat="46.28466730937362" lon="15.03860179334879">
        <ele>302</ele>
      </trkpt>
      <trkpt lat="46.2846751883626" lon="15.038538174703717">
        <ele>302.20001220703125</ele>
      </trkpt>
      <trkpt lat="46.2846839055419" lon="15.038477405905724">
        <ele>302.3999938964844</ele>
      </trkpt>
      <trkpt lat="46.284693628549576" lon="15.03841906785965">
        <ele>302.6000061035156</ele>
      </trkpt>
      <trkpt lat="46.28470326773822" lon="15.038361065089703">
        <ele>302.79998779296875</ele>
      </trkpt>
      <trkpt lat="46.28471156582236" lon="15.038305576890707">
        <ele>303</ele>
      </trkpt>
      <trkpt lat="46.284716511145234" lon="15.038245227187872">
        <ele>303.20001220703125</ele>
      </trkpt>
      <trkpt lat="46.28471919335425" lon="15.038180686533451">
        <ele>303.3999938964844</ele>
      </trkpt>
      <trkpt lat="46.28471684642136" lon="15.03811564296484">
        <ele>303.6000061035156</ele>
      </trkpt>
      <trkpt lat="46.28471399657428" lon="15.038052862510085">
        <ele>303.6000061035156</ele>
      </trkpt>
      <trkpt lat="46.28471248783171" lon="15.037992093712091">
        <ele>304</ele>
      </trkpt>
      <trkpt lat="46.28470812924206" lon="15.037930821999907">
        <ele>304</ele>
      </trkpt>
      <trkpt lat="46.28470058552921" lon="15.03787038847804">
        <ele>304.20001220703125</ele>
      </trkpt>
      <trkpt lat="46.28468851558864" lon="15.037813475355506">
        <ele>304.3999938964844</ele>
      </trkpt>
      <trkpt lat="46.28467284142971" lon="15.03775798715651">
        <ele>304.3999938964844</ele>
      </trkpt>
      <trkpt lat="46.284653060138226" lon="15.037704762071371">
        <ele>304.79998779296875</ele>
      </trkpt>
      <trkpt lat="46.28463084809482" lon="15.037655895575881">
        <ele>305</ele>
      </trkpt>
      <trkpt lat="46.28460536710918" lon="15.03760987892747">
        <ele>305.20001220703125</ele>
      </trkpt>
      <trkpt lat="46.28457787446678" lon="15.037562940269709">
        <ele>305.3999938964844</ele>
      </trkpt>
      <trkpt lat="46.28455013036728" lon="15.037515917792916">
        <ele>305.6000061035156</ele>
      </trkpt>
      <trkpt lat="46.28451987169683" lon="15.037469733506441">
        <ele>305.79998779296875</ele>
      </trkpt>
      <trkpt lat="46.284490786492825" lon="15.037424806505442">
        <ele>306.20001220703125</ele>
      </trkpt>
      <trkpt lat="46.28445994108915" lon="15.03738314844668">
        <ele>306.3999938964844</ele>
      </trkpt>
      <trkpt lat="46.28442817367613" lon="15.037340316921473">
        <ele>306.6000061035156</ele>
      </trkpt>
      <trkpt lat="46.28439674153924" lon="15.03729865886271">
        <ele>307</ele>
      </trkpt>
      <trkpt lat="46.284361369907856" lon="15.037260437384248">
        <ele>307.20001220703125</ele>
      </trkpt>
      <trkpt lat="46.28432775847614" lon="15.037222551181912">
        <ele>307.3999938964844</ele>
      </trkpt>
      <trkpt lat="46.284294398501515" lon="15.037182904779911">
        <ele>307.79998779296875</ele>
      </trkpt>
      <trkpt lat="46.284260116517544" lon="15.037149544805288">
        <ele>308</ele>
      </trkpt>
      <trkpt lat="46.28422365523875" lon="15.037118615582585">
        <ele>308.20001220703125</ele>
      </trkpt>
      <trkpt lat="46.28418518230319" lon="15.037093386054039">
        <ele>308.6000061035156</ele>
      </trkpt>
      <trkpt lat="46.28414712846279" lon="15.037072347477078">
        <ele>308.6000061035156</ele>
      </trkpt>
      <trkpt lat="46.2841088231653" lon="15.037051225081086">
        <ele>308.79998779296875</ele>
      </trkpt>
      <trkpt lat="46.28406850621104" lon="15.037028258666396">
        <ele>308.79998779296875</ele>
      </trkpt>
      <trkpt lat="46.28402500413358" lon="15.037007303908467">
        <ele>309</ele>
      </trkpt>
      <trkpt lat="46.28398376516998" lon="15.036986265331507">
        <ele>309</ele>
      </trkpt>
      <trkpt lat="46.28394193947315" lon="15.036964304745197">
        <ele>309</ele>
      </trkpt>
      <trkpt lat="46.28389592282474" lon="15.036944104358554">
        <ele>309</ele>
      </trkpt>
      <trkpt lat="46.28385057672858" lon="15.036924239248037">
        <ele>309</ele>
      </trkpt>
      <trkpt lat="46.283805817365646" lon="15.03690529614687">
        <ele>309</ele>
      </trkpt>
      <trkpt lat="46.2837597168982" lon="15.036885850131512">
        <ele>309</ele>
      </trkpt>
      <trkpt lat="46.28371361643076" lon="15.036863135173917">
        <ele>309</ele>
      </trkpt>
      <trkpt lat="46.28366609103978" lon="15.036842515692115">
        <ele>309.20001220703125</ele>
      </trkpt>
      <trkpt lat="46.28361940383911" lon="15.036822650581598">
        <ele>309.20001220703125</ele>
      </trkpt>
      <trkpt lat="46.283573219552636" lon="15.036800689995289">
        <ele>309</ele>
      </trkpt>
      <trkpt lat="46.28352418541908" lon="15.036781998351216">
        <ele>309.20001220703125</ele>
      </trkpt>
      <trkpt lat="46.28347456455231" lon="15.036762803792953">
        <ele>309.20001220703125</ele>
      </trkpt>
      <trkpt lat="46.28342226147652" lon="15.03674453124404">
        <ele>309.20001220703125</ele>
      </trkpt>
      <trkpt lat="46.28337096422911" lon="15.036727599799633">
        <ele>309.20001220703125</ele>
      </trkpt>
      <trkpt lat="46.28332033753395" lon="15.036711674183607">
        <ele>309.20001220703125</ele>
      </trkpt>
      <trkpt lat="46.283268705010414" lon="15.036695832386613">
        <ele>309</ele>
      </trkpt>
      <trkpt lat="46.28321380354464" lon="15.036681918427348">
        <ele>309</ele>
      </trkpt>
      <trkpt lat="46.28315747715533" lon="15.036669177934527">
        <ele>309</ele>
      </trkpt>
      <trkpt lat="46.28310073167086" lon="15.036655934527516">
        <ele>309</ele>
      </trkpt>
      <trkpt lat="46.28304281271994" lon="15.036644283682108">
        <ele>308.79998779296875</ele>
      </trkpt>
      <trkpt lat="46.28298321738839" lon="15.036634476855397">
        <ele>308.79998779296875</ele>
      </trkpt>
      <trkpt lat="46.28292253240943" lon="15.03662433475256">
        <ele>308.79998779296875</ele>
      </trkpt>
      <trkpt lat="46.28286201506853" lon="15.036613857373595">
        <ele>308.79998779296875</ele>
      </trkpt>
      <trkpt lat="46.28279931843281" lon="15.036604050546885">
        <ele>308.79998779296875</ele>
      </trkpt>
      <trkpt lat="46.28273695707321" lon="15.036596171557903">
        <ele>308.79998779296875</ele>
      </trkpt>
      <trkpt lat="46.282672164961696" lon="15.036587035283446">
        <ele>308.6000061035156</ele>
      </trkpt>
      <trkpt lat="46.28260787576437" lon="15.036576641723514">
        <ele>308.6000061035156</ele>
      </trkpt>
      <trkpt lat="46.28254526294768" lon="15.036564823240042">
        <ele>308.6000061035156</ele>
      </trkpt>
      <trkpt lat="46.2824818957597" lon="15.036553423851728">
        <ele>308.6000061035156</ele>
      </trkpt>
      <trkpt lat="46.282417103648186" lon="15.036539426073432">
        <ele>308.6000061035156</ele>
      </trkpt>
      <trkpt lat="46.28235122188926" lon="15.036525763571262">
        <ele>308.6000061035156</ele>
      </trkpt>
      <trkpt lat="46.28228735178709" lon="15.036514028906822">
        <ele>308.6000061035156</ele>
      </trkpt>
      <trkpt lat="46.28222398459911" lon="15.036498438566923">
        <ele>308.6000061035156</ele>
      </trkpt>
      <trkpt lat="46.282159611582756" lon="15.036478321999311">
        <ele>308.3999938964844</ele>
      </trkpt>
      <trkpt lat="46.282093562185764" lon="15.036460217088461">
        <ele>308.3999938964844</ele>
      </trkpt>
      <trkpt lat="46.28203069791198" lon="15.036442195996642">
        <ele>308.3999938964844</ele>
      </trkpt>
      <trkpt lat="46.28196624107659" lon="15.036427360028028">
        <ele>308.3999938964844</ele>
      </trkpt>
      <trkpt lat="46.28189801238477" lon="15.03641378134489">
        <ele>308.3999938964844</ele>
      </trkpt>
      <trkpt lat="46.28183338791132" lon="15.036396346986294">
        <ele>308.20001220703125</ele>
      </trkpt>
      <trkpt lat="46.281769098713994" lon="15.036375811323524">
        <ele>308.20001220703125</ele>
      </trkpt>
      <trkpt lat="46.28170380368829" lon="15.036356449127197">
        <ele>308.20001220703125</ele>
      </trkpt>
      <trkpt lat="46.28163834102452" lon="15.036340104416013">
        <ele>308</ele>
      </trkpt>
      <trkpt lat="46.28157329745591" lon="15.036323424428701">
        <ele>308</ele>
      </trkpt>
      <trkpt lat="46.28150892443955" lon="15.036308588460088">
        <ele>308</ele>
      </trkpt>
      <trkpt lat="46.28144606016576" lon="15.03629207611084">
        <ele>308</ele>
      </trkpt>
      <trkpt lat="46.281383195891976" lon="15.036273468285799">
        <ele>308</ele>
      </trkpt>
      <trkpt lat="46.28131999634206" lon="15.036252597346902">
        <ele>308</ele>
      </trkpt>
      <trkpt lat="46.28125721588731" lon="15.03623298369348">
        <ele>307.79998779296875</ele>
      </trkpt>
      <trkpt lat="46.2811953574419" lon="15.036219488829374">
        <ele>307.79998779296875</ele>
      </trkpt>
      <trkpt lat="46.28113450482488" lon="15.036211106926203">
        <ele>307.79998779296875</ele>
      </trkpt>
      <trkpt lat="46.28107516095042" lon="15.036204066127539">
        <ele>307.79998779296875</ele>
      </trkpt>
      <trkpt lat="46.28101196140051" lon="15.03619777970016">
        <ele>307.79998779296875</ele>
      </trkpt>
      <trkpt lat="46.28094993531704" lon="15.036196103319526">
        <ele>307.79998779296875</ele>
      </trkpt>
      <trkpt lat="46.28088648431003" lon="15.0361992046237">
        <ele>307.79998779296875</ele>
      </trkpt>
      <trkpt lat="46.28082286566496" lon="15.036203395575285">
        <ele>307.6000061035156</ele>
      </trkpt>
      <trkpt lat="46.28076025284827" lon="15.03620758652687">
        <ele>307.6000061035156</ele>
      </trkpt>
      <trkpt lat="46.280696550384164" lon="15.036210436373949">
        <ele>307.6000061035156</ele>
      </trkpt>
      <trkpt lat="46.2806342728436" lon="15.03621538169682">
        <ele>307.6000061035156</ele>
      </trkpt>
      <trkpt lat="46.280572917312384" lon="15.036222003400326">
        <ele>307.6000061035156</ele>
      </trkpt>
      <trkpt lat="46.280510891228914" lon="15.03622954711318">
        <ele>307.6000061035156</ele>
      </trkpt>
      <trkpt lat="46.28044920042157" lon="15.036235749721527">
        <ele>307.3999938964844</ele>
      </trkpt>
      <trkpt lat="46.28038801252842" lon="15.036241533234715">
        <ele>307.3999938964844</ele>
      </trkpt>
      <trkpt lat="46.280325232073665" lon="15.036246730014682">
        <ele>307.3999938964844</ele>
      </trkpt>
      <trkpt lat="46.28026261925697" lon="15.036254776641726">
        <ele>307.3999938964844</ele>
      </trkpt>
      <trkpt lat="46.280199252068996" lon="15.03626517020166">
        <ele>307.3999938964844</ele>
      </trkpt>
      <trkpt lat="46.2801350466907" lon="15.036272211000323">
        <ele>307.3999938964844</ele>
      </trkpt>
      <trkpt lat="46.280070673674345" lon="15.036279000341892">
        <ele>307.3999938964844</ele>
      </trkpt>
      <trkpt lat="46.28000705502927" lon="15.036285538226366">
        <ele>307.20001220703125</ele>
      </trkpt>
      <trkpt lat="46.279943184927106" lon="15.03629450686276">
        <ele>307.20001220703125</ele>
      </trkpt>
      <trkpt lat="46.27987939864397" lon="15.036303559318185">
        <ele>307.20001220703125</ele>
      </trkpt>
      <trkpt lat="46.27981351688504" lon="15.0363131146878">
        <ele>307</ele>
      </trkpt>
      <trkpt lat="46.279749143868685" lon="15.036323172971606">
        <ele>307</ele>
      </trkpt>
      <trkpt lat="46.27968720160425" lon="15.036330968141556">
        <ele>307</ele>
      </trkpt>
      <trkpt lat="46.27962584607303" lon="15.03633750602603">
        <ele>306.79998779296875</ele>
      </trkpt>
      <trkpt lat="46.27956356853247" lon="15.03634580411017">
        <ele>306.79998779296875</ele>
      </trkpt>
      <trkpt lat="46.279500871896744" lon="15.036352928727865">
        <ele>306.79998779296875</ele>
      </trkpt>
      <trkpt lat="46.2794375885278" lon="15.03635955043137">
        <ele>306.79998779296875</ele>
      </trkpt>
      <trkpt lat="46.27937422133982" lon="15.036365753039718">
        <ele>306.79998779296875</ele>
      </trkpt>
      <trkpt lat="46.27931102178991" lon="15.036370530724525">
        <ele>306.79998779296875</ele>
      </trkpt>
      <trkpt lat="46.279248241335154" lon="15.03637757152319">
        <ele>306.6000061035156</ele>
      </trkpt>
      <trkpt lat="46.27918495796621" lon="15.036385953426361">
        <ele>306.6000061035156</ele>
      </trkpt>
      <trkpt lat="46.27912142314017" lon="15.036393916234374">
        <ele>306.6000061035156</ele>
      </trkpt>
      <trkpt lat="46.279056714847684" lon="15.036398777738214">
        <ele>306.3999938964844</ele>
      </trkpt>
      <trkpt lat="46.27899158746004" lon="15.036404561251402">
        <ele>306.3999938964844</ele>
      </trkpt>
      <trkpt lat="46.278925873339176" lon="15.036410931497812">
        <ele>306.20001220703125</ele>
      </trkpt>
      <trkpt lat="46.278859907761216" lon="15.03641813993454">
        <ele>306.20001220703125</ele>
      </trkpt>
      <trkpt lat="46.278793355450034" lon="15.036425432190299">
        <ele>306.20001220703125</ele>
      </trkpt>
      <trkpt lat="46.27872638404369" lon="15.036433059722185">
        <ele>306</ele>
      </trkpt>
      <trkpt lat="46.27865748479962" lon="15.036440351977944">
        <ele>306</ele>
      </trkpt>
      <trkpt lat="46.2785895075649" lon="15.036448650062084">
        <ele>305.79998779296875</ele>
      </trkpt>
      <trkpt lat="46.27852060832083" lon="15.036459630355239">
        <ele>305.79998779296875</ele>
      </trkpt>
      <trkpt lat="46.27845120616257" lon="15.03647044301033">
        <ele>305.79998779296875</ele>
      </trkpt>
      <trkpt lat="46.278381468728185" lon="15.0364772323519">
        <ele>305.79998779296875</ele>
      </trkpt>
      <trkpt lat="46.27831181511283" lon="15.03648603335023">
        <ele>305.79998779296875</ele>
      </trkpt>
      <trkpt lat="46.27824182622135" lon="15.036495756357908">
        <ele>305.6000061035156</ele>
      </trkpt>
      <trkpt lat="46.27817200496793" lon="15.036503467708826">
        <ele>305.79998779296875</ele>
      </trkpt>
      <trkpt lat="46.27810277044773" lon="15.0365100055933">
        <ele>305.6000061035156</ele>
      </trkpt>
      <trkpt lat="46.27803244628012" lon="15.0365203153342">
        <ele>305.6000061035156</ele>
      </trkpt>
      <trkpt lat="46.277961200103164" lon="15.03652953542769">
        <ele>305.6000061035156</ele>
      </trkpt>
      <trkpt lat="46.277892300859094" lon="15.036539258435369">
        <ele>305.6000061035156</ele>
      </trkpt>
      <trkpt lat="46.277824910357594" lon="15.03654764033854">
        <ele>305.6000061035156</ele>
      </trkpt>
      <trkpt lat="46.277757519856095" lon="15.036555016413331">
        <ele>305.6000061035156</ele>
      </trkpt>
      <trkpt lat="46.27768979407847" lon="15.036558788269758">
        <ele>305.6000061035156</ele>
      </trkpt>
      <trkpt lat="46.2776243314147" lon="15.03656130284071">
        <ele>305.6000061035156</ele>
      </trkpt>
      <trkpt lat="46.277557192370296" lon="15.036563817411661">
        <ele>305.3999938964844</ele>
      </trkpt>
      <trkpt lat="46.27749374136329" lon="15.036569349467754">
        <ele>305.3999938964844</ele>
      </trkpt>
      <trkpt lat="46.27743121236563" lon="15.03657303750515">
        <ele>305.20001220703125</ele>
      </trkpt>
      <trkpt lat="46.27736457623541" lon="15.036574127152562">
        <ele>305.20001220703125</ele>
      </trkpt>
      <trkpt lat="46.27729894593358" lon="15.036574881523848">
        <ele>305.20001220703125</ele>
      </trkpt>
      <trkpt lat="46.277234237641096" lon="15.036574462428689">
        <ele>305.20001220703125</ele>
      </trkpt>
      <trkpt lat="46.277168188244104" lon="15.03657454624772">
        <ele>305.20001220703125</ele>
      </trkpt>
      <trkpt lat="46.27710071392357" lon="15.036575635895133">
        <ele>305.20001220703125</ele>
      </trkpt>
      <trkpt lat="46.27703441306949" lon="15.036575384438038">
        <ele>305</ele>
      </trkpt>
      <trkpt lat="46.276967357844114" lon="15.03657546825707">
        <ele>305</ele>
      </trkpt>
      <trkpt lat="46.276900889351964" lon="15.036573791876435">
        <ele>305</ele>
      </trkpt>
      <trkpt lat="46.276835007593036" lon="15.036570271477103">
        <ele>305</ele>
      </trkpt>
      <trkpt lat="46.276769042015076" lon="15.03656616434455">
        <ele>304.79998779296875</ele>
      </trkpt>
      <trkpt lat="46.27670165151358" lon="15.03656331449747">
        <ele>304.79998779296875</ele>
      </trkpt>
      <trkpt lat="46.276633590459824" lon="15.036562057211995">
        <ele>304.79998779296875</ele>
      </trkpt>
      <trkpt lat="46.27656661905348" lon="15.036562643945217">
        <ele>304.79998779296875</ele>
      </trkpt>
      <trkpt lat="46.27649872563779" lon="15.036565409973264">
        <ele>304.79998779296875</ele>
      </trkpt>
      <trkpt lat="46.27643217332661" lon="15.036566499620676">
        <ele>304.79998779296875</ele>
      </trkpt>
      <trkpt lat="46.27636746503413" lon="15.036563063040376">
        <ele>304.6000061035156</ele>
      </trkpt>
      <trkpt lat="46.276302421465516" lon="15.036557363346219">
        <ele>304.6000061035156</ele>
      </trkpt>
      <trkpt lat="46.27623653970659" lon="15.036554429680109">
        <ele>304.6000061035156</ele>
      </trkpt>
      <trkpt lat="46.276169400662184" lon="15.036553675308824">
        <ele>304.6000061035156</ele>
      </trkpt>
      <trkpt lat="46.27610268071294" lon="15.036551747471094">
        <ele>304.6000061035156</ele>
      </trkpt>
      <trkpt lat="46.276034619659185" lon="15.036548813804984">
        <ele>304.6000061035156</ele>
      </trkpt>
      <trkpt lat="46.27596538513899" lon="15.036547891795635">
        <ele>304.3999938964844</ele>
      </trkpt>
      <trkpt lat="46.27589598298073" lon="15.036552837118506">
        <ele>304.3999938964844</ele>
      </trkpt>
      <trkpt lat="46.27582683227956" lon="15.036565577611327">
        <ele>304.20001220703125</ele>
      </trkpt>
      <trkpt lat="46.275759022682905" lon="15.036582089960575">
        <ele>304.20001220703125</ele>
      </trkpt>
      <trkpt lat="46.27569272182882" lon="15.036604050546885">
        <ele>304</ele>
      </trkpt>
      <trkpt lat="46.27562784589827" lon="15.03663313575089">
        <ele>303.79998779296875</ele>
      </trkpt>
      <trkpt lat="46.27556330524385" lon="15.036666244268417">
        <ele>303.6000061035156</ele>
      </trkpt>
      <trkpt lat="46.275499518960714" lon="15.036698263138533">
        <ele>303.6000061035156</ele>
      </trkpt>
      <trkpt lat="46.275435062125325" lon="15.036727264523506">
        <ele>303.3999938964844</ele>
      </trkpt>
      <trkpt lat="46.27536876127124" lon="15.036757104098797">
        <ele>303.3999938964844</ele>
      </trkpt>
      <trkpt lat="46.275305142626166" lon="15.036785770207644">
        <ele>303.20001220703125</ele>
      </trkpt>
      <trkpt lat="46.27524219453335" lon="15.036814771592617">
        <ele>303.20001220703125</ele>
      </trkpt>
      <trkpt lat="46.27518134191632" lon="15.036835558712482">
        <ele>303.20001220703125</ele>
      </trkpt>
      <trkpt lat="46.27512191422284" lon="15.036844024434686">
        <ele>303.20001220703125</ele>
      </trkpt>
      <trkpt lat="46.27506206743419" lon="15.036850981414318">
        <ele>303.3999938964844</ele>
      </trkpt>
      <trkpt lat="46.27500146627426" lon="15.036858022212982">
        <ele>303.3999938964844</ele>
      </trkpt>
      <trkpt lat="46.274942541494966" lon="15.036863638088107">
        <ele>303.3999938964844</ele>
      </trkpt>
      <trkpt lat="46.27488328143954" lon="15.036865649744868">
        <ele>303.3999938964844</ele>
      </trkpt>
      <trkpt lat="46.27482167445123" lon="15.03686673939228">
        <ele>303.3999938964844</ele>
      </trkpt>
      <trkpt lat="46.2747613247484" lon="15.036869505420327">
        <ele>303.3999938964844</ele>
      </trkpt>
      <trkpt lat="46.27470139414072" lon="15.036874199286103">
        <ele>303.3999938964844</ele>
      </trkpt>
      <trkpt lat="46.274641966447234" lon="15.036878222599626">
        <ele>303.3999938964844</ele>
      </trkpt>
      <trkpt lat="46.27458279021084" lon="15.03688090480864">
        <ele>303.3999938964844</ele>
      </trkpt>
      <trkpt lat="46.27452336251736" lon="15.036884509027004">
        <ele>303.3999938964844</ele>
      </trkpt>
      <trkpt lat="46.274464102461934" lon="15.036890543997288">
        <ele>303.3999938964844</ele>
      </trkpt>
      <trkpt lat="46.274404088035226" lon="15.036895321682096">
        <ele>303.3999938964844</ele>
      </trkpt>
      <trkpt lat="46.274344408884645" lon="15.036898255348206">
        <ele>303.3999938964844</ele>
      </trkpt>
      <trkpt lat="46.27428405918181" lon="15.036900853738189">
        <ele>303.20001220703125</ele>
      </trkpt>
      <trkpt lat="46.274221362546086" lon="15.036904541775584">
        <ele>303.3999938964844</ele>
      </trkpt>
      <trkpt lat="46.27415942028165" lon="15.036906050518155">
        <ele>303.6000061035156</ele>
      </trkpt>
      <trkpt lat="46.27409655600786" lon="15.036908313632011">
        <ele>303.6000061035156</ele>
      </trkpt>
      <trkpt lat="46.27403570339084" lon="15.03690680488944">
        <ele>303.79998779296875</ele>
      </trkpt>
      <trkpt lat="46.27397434785962" lon="15.036904960870743">
        <ele>303.79998779296875</ele>
      </trkpt>
      <trkpt lat="46.27391383051872" lon="15.03690579906106">
        <ele>303.79998779296875</ele>
      </trkpt>
      <trkpt lat="46.27385197207332" lon="15.036905882880092">
        <ele>303.6000061035156</ele>
      </trkpt>
      <trkpt lat="46.273789359256625" lon="15.036903787404299">
        <ele>303.3999938964844</ele>
      </trkpt>
      <trkpt lat="46.27372716553509" lon="15.036900602281094">
        <ele>303</ele>
      </trkpt>
      <trkpt lat="46.2736645527184" lon="15.036898422986269">
        <ele>302.79998779296875</ele>
      </trkpt>
      <trkpt lat="46.27360135316849" lon="15.03689263947308">
        <ele>302.6000061035156</ele>
      </trkpt>
      <trkpt lat="46.273537231609225" lon="15.036887442693114">
        <ele>302.3999938964844</ele>
      </trkpt>
      <trkpt lat="46.27347101457417" lon="15.036883419379592">
        <ele>302.3999938964844</ele>
      </trkpt>
      <trkpt lat="46.27340546809137" lon="15.036881240084767">
        <ele>302.20001220703125</ele>
      </trkpt>
      <trkpt lat="46.27334092743695" lon="15.036879479885101">
        <ele>302.20001220703125</ele>
      </trkpt>
      <trkpt lat="46.27327638678253" lon="15.036877552047372">
        <ele>302</ele>
      </trkpt>
      <trkpt lat="46.27321067266166" lon="15.036874953657389">
        <ele>302</ele>
      </trkpt>
      <trkpt lat="46.273144790902734" lon="15.036871517077088">
        <ele>302</ele>
      </trkpt>
      <trkpt lat="46.27307832241058" lon="15.036867829039693">
        <ele>302</ele>
      </trkpt>
      <trkpt lat="46.27300967462361" lon="15.036862632259727">
        <ele>302</ele>
      </trkpt>
      <trkpt lat="46.27294220030308" lon="15.036857770755887">
        <ele>302</ele>
      </trkpt>
      <trkpt lat="46.27287422306836" lon="15.036852825433016">
        <ele>302</ele>
      </trkpt>
      <trkpt lat="46.272806245833635" lon="15.036850646138191">
        <ele>302</ele>
      </trkpt>
      <trkpt lat="46.27273852005601" lon="15.036849388852715">
        <ele>302</ele>
      </trkpt>
      <trkpt lat="46.27267029136419" lon="15.036844778805971">
        <ele>302</ele>
      </trkpt>
      <trkpt lat="46.27260231412947" lon="15.036841426044703">
        <ele>302</ele>
      </trkpt>
      <trkpt lat="46.27253534272313" lon="15.036838073283434">
        <ele>302</ele>
      </trkpt>
      <trkpt lat="46.27246703021228" lon="15.036835223436356">
        <ele>301.79998779296875</ele>
      </trkpt>
      <trkpt lat="46.272401148453355" lon="15.036831619217992">
        <ele>301.79998779296875</ele>
      </trkpt>
      <trkpt lat="46.272335685789585" lon="15.036824578419328">
        <ele>301.79998779296875</ele>
      </trkpt>
      <trkpt lat="46.27226980403066" lon="15.036817621439695">
        <ele>301.79998779296875</ele>
      </trkpt>
      <trkpt lat="46.27220392227173" lon="15.036815274506807">
        <ele>301.79998779296875</ele>
      </trkpt>
      <trkpt lat="46.272139716893435" lon="15.036810748279095">
        <ele>301.79998779296875</ele>
      </trkpt>
      <trkpt lat="46.27207609824836" lon="15.036805886775255">
        <ele>301.79998779296875</ele>
      </trkpt>
      <trkpt lat="46.27200988121331" lon="15.036803875118494">
        <ele>301.79998779296875</ele>
      </trkpt>
      <trkpt lat="46.27194534055889" lon="15.03680370748043">
        <ele>301.79998779296875</ele>
      </trkpt>
      <trkpt lat="46.271880716085434" lon="15.036805216223001">
        <ele>301.79998779296875</ele>
      </trkpt>
      <trkpt lat="46.27181458286941" lon="15.036805802956223">
        <ele>301.79998779296875</ele>
      </trkpt>
      <trkpt lat="46.27174844965339" lon="15.036803456023335">
        <ele>301.79998779296875</ele>
      </trkpt>
      <trkpt lat="46.27168365754187" lon="15.036799516528845">
        <ele>301.6000061035156</ele>
      </trkpt>
      <trkpt lat="46.271617943421006" lon="15.036797504872084">
        <ele>301.6000061035156</ele>
      </trkpt>
      <trkpt lat="46.271550888195634" lon="15.036798175424337">
        <ele>301.6000061035156</ele>
      </trkpt>
      <trkpt lat="46.27148559316993" lon="15.036799516528845">
        <ele>301.6000061035156</ele>
      </trkpt>
      <trkpt lat="46.271419543772936" lon="15.036800857633352">
        <ele>301.3999938964844</ele>
      </trkpt>
      <trkpt lat="46.271354584023356" lon="15.036804713308811">
        <ele>301.3999938964844</ele>
      </trkpt>
      <trkpt lat="46.27129063010216" lon="15.036808401346207">
        <ele>301.3999938964844</ele>
      </trkpt>
      <trkpt lat="46.27122416161001" lon="15.036810832098126">
        <ele>301.3999938964844</ele>
      </trkpt>
      <trkpt lat="46.27115895040333" lon="15.036814520135522">
        <ele>301.20001220703125</ele>
      </trkpt>
      <trkpt lat="46.271093655377626" lon="15.036817537620664">
        <ele>301.20001220703125</ele>
      </trkpt>
      <trkpt lat="46.27102836035192" lon="15.03682130947709">
        <ele>301.20001220703125</ele>
      </trkpt>
      <trkpt lat="46.27096155658364" lon="15.036824578419328">
        <ele>301</ele>
      </trkpt>
      <trkpt lat="46.27089508809149" lon="15.036828182637691">
        <ele>301</ele>
      </trkpt>
      <trkpt lat="46.270828200504184" lon="15.036829272285104">
        <ele>300.79998779296875</ele>
      </trkpt>
      <trkpt lat="46.27076055854559" lon="15.036829523742199">
        <ele>300.79998779296875</ele>
      </trkpt>
      <trkpt lat="46.27069249749184" lon="15.03682809881866">
        <ele>300.79998779296875</ele>
      </trkpt>
      <trkpt lat="46.27062376588583" lon="15.036826590076089">
        <ele>300.79998779296875</ele>
      </trkpt>
      <trkpt lat="46.27055570483208" lon="15.036824746057391">
        <ele>300.79998779296875</ele>
      </trkpt>
      <trkpt lat="46.27048370428383" lon="15.036821980029345">
        <ele>300.6000061035156</ele>
      </trkpt>
      <trkpt lat="46.27041547559202" lon="15.036814017221332">
        <ele>300.6000061035156</ele>
      </trkpt>
      <trkpt lat="46.27034808509052" lon="15.03680513240397">
        <ele>300.3999938964844</ele>
      </trkpt>
      <trkpt lat="46.27028119750321" lon="15.036796415224671">
        <ele>300.3999938964844</ele>
      </trkpt>
      <trkpt lat="46.270214477553964" lon="15.036787949502468">
        <ele>300.20001220703125</ele>
      </trkpt>
      <trkpt lat="46.270147170871496" lon="15.03678166307509">
        <ele>300.20001220703125</ele>
      </trkpt>
      <trkpt lat="46.270077684894204" lon="15.036772107705474">
        <ele>300.20001220703125</ele>
      </trkpt>
      <trkpt lat="46.27000853419304" lon="15.036762300878763">
        <ele>300</ele>
      </trkpt>
      <trkpt lat="46.269937455654144" lon="15.036753248423338">
        <ele>300</ele>
      </trkpt>
      <trkpt lat="46.269868640229106" lon="15.036741681396961">
        <ele>300</ele>
      </trkpt>
      <trkpt lat="46.269798651337624" lon="15.036730617284775">
        <ele>299.79998779296875</ele>
      </trkpt>
      <trkpt lat="46.26972774043679" lon="15.036720559000969">
        <ele>299.6000061035156</ele>
      </trkpt>
      <trkpt lat="46.269657080993056" lon="15.036710584536195">
        <ele>299.6000061035156</ele>
      </trkpt>
      <trkpt lat="46.269589606672525" lon="15.03669960424304">
        <ele>299.3999938964844</ele>
      </trkpt>
      <trkpt lat="46.26951936632395" lon="15.036689881235361">
        <ele>299.3999938964844</ele>
      </trkpt>
      <trkpt lat="46.26945055089891" lon="15.036677392199636">
        <ele>299.3999938964844</ele>
      </trkpt>
      <trkpt lat="46.269378969445825" lon="15.036666998639703">
        <ele>299.3999938964844</ele>
      </trkpt>
      <trkpt lat="46.26930847764015" lon="15.036656688898802">
        <ele>299.3999938964844</ele>
      </trkpt>
      <trkpt lat="46.2692385725677" lon="15.03664487041533">
        <ele>299.20001220703125</ele>
      </trkpt>
      <trkpt lat="46.26916866749525" lon="15.036633303388953">
        <ele>299.20001220703125</ele>
      </trkpt>
      <trkpt lat="46.269097086042166" lon="15.03662190400064">
        <ele>299.20001220703125</ele>
      </trkpt>
      <trkpt lat="46.26902684569359" lon="15.036608492955565">
        <ele>299</ele>
      </trkpt>
      <trkpt lat="46.26895694062114" lon="15.036598602309823">
        <ele>299</ele>
      </trkpt>
      <trkpt lat="46.2688846886158" lon="15.036591226235032">
        <ele>298.79998779296875</ele>
      </trkpt>
      <trkpt lat="46.26881377771497" lon="15.036577982828021">
        <ele>298.6000061035156</ele>
      </trkpt>
      <trkpt lat="46.26874010078609" lon="15.036564320325851">
        <ele>298.3999938964844</ele>
      </trkpt>
      <trkpt lat="46.268664579838514" lon="15.036552837118506">
        <ele>298.3999938964844</ele>
      </trkpt>
      <trkpt lat="46.268591322004795" lon="15.036534396931529">
        <ele>298.20001220703125</ele>
      </trkpt>
      <trkpt lat="46.268517058342695" lon="15.03651293925941">
        <ele>298</ele>
      </trkpt>
      <trkpt lat="46.268443297594786" lon="15.036488212645054">
        <ele>297.79998779296875</ele>
      </trkpt>
      <trkpt lat="46.268368531018496" lon="15.036460887640715">
        <ele>297.6000061035156</ele>
      </trkpt>
      <trkpt lat="46.268293764442205" lon="15.036431550979614">
        <ele>297.20001220703125</ele>
      </trkpt>
      <trkpt lat="46.26821933314204" lon="15.036397436633706">
        <ele>296.79998779296875</ele>
      </trkpt>
      <trkpt lat="46.26814607530832" lon="15.036358209326863">
        <ele>296.6000061035156</ele>
      </trkpt>
      <trkpt lat="46.268073823302984" lon="15.036316215991974">
        <ele>296.3999938964844</ele>
      </trkpt>
      <trkpt lat="46.26800140365958" lon="15.03627011552453">
        <ele>296.20001220703125</ele>
      </trkpt>
      <trkpt lat="46.2679295707494" lon="15.036217560991645">
        <ele>296</ele>
      </trkpt>
      <trkpt lat="46.26785773783922" lon="15.036159809678793">
        <ele>295.79998779296875</ele>
      </trkpt>
      <trkpt lat="46.26778322272003" lon="15.036102393642068">
        <ele>295.6000061035156</ele>
      </trkpt>
      <trkpt lat="46.267706947401166" lon="15.036042714491487">
        <ele>295.20001220703125</ele>
      </trkpt>
      <trkpt lat="46.26763352192938" lon="15.035978006199002">
        <ele>295</ele>
      </trkpt>
      <trkpt lat="46.26757535152137" lon="15.035924362018704">
        <ele>294.79998779296875</ele>
      </trkpt>
      <trkpt lat="46.267507039010525" lon="15.03585521131754">
        <ele>294.3999938964844</ele>
      </trkpt>
      <trkpt lat="46.26742221415043" lon="15.035769548267126">
        <ele>294.20001220703125</ele>
      </trkpt>
      <trkpt lat="46.26734895631671" lon="15.035697799175978">
        <ele>294</ele>
      </trkpt>
      <trkpt lat="46.2672767881304" lon="15.035624541342258">
        <ele>293.79998779296875</ele>
      </trkpt>
      <trkpt lat="46.267205039039254" lon="15.03554449416697">
        <ele>293.6000061035156</ele>
      </trkpt>
      <trkpt lat="46.26713530160487" lon="15.035463944077492">
        <ele>293.20001220703125</ele>
      </trkpt>
      <trkpt lat="46.267064893618226" lon="15.035380208864808">
        <ele>293</ele>
      </trkpt>
      <trkpt lat="46.26699121668935" lon="15.035299826413393">
        <ele>292.79998779296875</ele>
      </trkpt>
      <trkpt lat="46.26691753976047" lon="15.0352200306952">
        <ele>292.6000061035156</ele>
      </trkpt>
      <trkpt lat="46.2668470479548" lon="15.035134116187692">
        <ele>292.6000061035156</ele>
      </trkpt>
      <trkpt lat="46.26677814871073" lon="15.035048285499215">
        <ele>292.3999938964844</ele>
      </trkpt>
      <trkpt lat="46.266708578914404" lon="15.034962622448802">
        <ele>292.3999938964844</ele>
      </trkpt>
      <trkpt lat="46.266638254746795" lon="15.034878635779023">
        <ele>292.3999938964844</ele>
      </trkpt>
      <trkpt lat="46.26656726002693" lon="15.03479934297502">
        <ele>292.20001220703125</ele>
      </trkpt>
      <trkpt lat="46.266500959172845" lon="15.034722061827779">
        <ele>292.3999938964844</ele>
      </trkpt>
      <trkpt lat="46.26643968746066" lon="15.034645954146981">
        <ele>292.3999938964844</ele>
      </trkpt>
      <trkpt lat="46.26637967303395" lon="15.034567583352327">
        <ele>292.6000061035156</ele>
      </trkpt>
      <trkpt lat="46.266321586444974" lon="15.034494576975703">
        <ele>292.79998779296875</ele>
      </trkpt>
      <trkpt lat="46.26626266166568" lon="15.03442701883614">
        <ele>293.20001220703125</ele>
      </trkpt>
      <trkpt lat="46.26620935276151" lon="15.034359795972705">
        <ele>293.3999938964844</ele>
      </trkpt>
      <trkpt lat="46.26615679822862" lon="15.034294668585062">
        <ele>293.79998779296875</ele>
      </trkpt>
      <trkpt lat="46.266118912026286" lon="15.034247059375048">
        <ele>294.20001220703125</ele>
      </trkpt>
      <trkpt lat="46.266062166541815" lon="15.034177573397756">
        <ele>294.6000061035156</ele>
      </trkpt>
      <trkpt lat="46.26601849682629" lon="15.03412158228457">
        <ele>295</ele>
      </trkpt>
      <trkpt lat="46.265977174043655" lon="15.034071039408445">
        <ele>295.3999938964844</ele>
      </trkpt>
      <trkpt lat="46.26593736000359" lon="15.034025022760034">
        <ele>295.79998779296875</ele>
      </trkpt>
      <trkpt lat="46.2658990547061" lon="15.033978084102273">
        <ele>296.20001220703125</ele>
      </trkpt>
      <trkpt lat="46.26585965976119" lon="15.03393491730094">
        <ele>296.6000061035156</ele>
      </trkpt>
      <trkpt lat="46.26582009717822" lon="15.033896779641509">
        <ele>297</ele>
      </trkpt>
      <trkpt lat="46.26578154042363" lon="15.033863335847855">
        <ele>297.3999938964844</ele>
      </trkpt>
      <trkpt lat="46.26574172638357" lon="15.0338298920542">
        <ele>297.6000061035156</ele>
      </trkpt>
      <trkpt lat="46.2656987272203" lon="15.033796364441514">
        <ele>298.20001220703125</ele>
      </trkpt>
      <trkpt lat="46.265654135495424" lon="15.03376199863851">
        <ele>298.3999938964844</ele>
      </trkpt>
      <trkpt lat="46.26561029814184" lon="15.033729895949364">
        <ele>298.79998779296875</ele>
      </trkpt>
      <trkpt lat="46.2655689753592" lon="15.03370231948793">
        <ele>299</ele>
      </trkpt>
      <trkpt lat="46.26552782021463" lon="15.033677592873573">
        <ele>299.20001220703125</ele>
      </trkpt>
      <trkpt lat="46.26548297703266" lon="15.033649764955044">
        <ele>299.3999938964844</ele>
      </trkpt>
      <trkpt lat="46.26544190570712" lon="15.033620428293943">
        <ele>299.6000061035156</ele>
      </trkpt>
      <trkpt lat="46.26539924181998" lon="15.03359192982316">
        <ele>299.79998779296875</ele>
      </trkpt>
      <trkpt lat="46.26535632647574" lon="15.033564353361726">
        <ele>300</ele>
      </trkpt>
      <trkpt lat="46.265314081683755" lon="15.033538704738021">
        <ele>300.20001220703125</ele>
      </trkpt>
      <trkpt lat="46.26527443528175" lon="15.033513056114316">
        <ele>300.20001220703125</ele>
      </trkpt>
      <trkpt lat="46.265235962346196" lon="15.033487910404801">
        <ele>300.3999938964844</ele>
      </trkpt>
      <trkpt lat="46.26519815996289" lon="15.033461842685938">
        <ele>300.6000061035156</ele>
      </trkpt>
      <trkpt lat="46.265160189941525" lon="15.033434350043535">
        <ele>300.6000061035156</ele>
      </trkpt>
      <trkpt lat="46.26512372866273" lon="15.03340870141983">
        <ele>300.79998779296875</ele>
      </trkpt>
      <trkpt lat="46.26509263180196" lon="15.033386740833521">
        <ele>300.79998779296875</ele>
      </trkpt>
      <trkpt lat="46.26504644751549" lon="15.03335396759212">
        <ele>301</ele>
      </trkpt>
      <trkpt lat="46.26500747166574" lon="15.033327648416162">
        <ele>301</ele>
      </trkpt>
      <trkpt lat="46.26496933400631" lon="15.033300993964076">
        <ele>301.20001220703125</ele>
      </trkpt>
      <trkpt lat="46.26492918469012" lon="15.033276015892625">
        <ele>301.20001220703125</ele>
      </trkpt>
      <trkpt lat="46.26488811336458" lon="15.033248271793127">
        <ele>301.20001220703125</ele>
      </trkpt>
      <trkpt lat="46.264849388971925" lon="15.03321910277009">
        <ele>301.3999938964844</ele>
      </trkpt>
      <trkpt lat="46.26481158658862" lon="15.03319026902318">
        <ele>301.3999938964844</ele>
      </trkpt>
      <trkpt lat="46.26477202400565" lon="15.033161854371428">
        <ele>301.3999938964844</ele>
      </trkpt>
      <trkpt lat="46.26472936011851" lon="15.033136205747724">
        <ele>301.3999938964844</ele>
      </trkpt>
      <trkpt lat="46.264689629897475" lon="15.03310821019113">
        <ele>301.3999938964844</ele>
      </trkpt>
      <trkpt lat="46.264648558571935" lon="15.033083399757743">
        <ele>301.3999938964844</ele>
      </trkpt>
      <trkpt lat="46.26460673287511" lon="15.033055739477277">
        <ele>301.3999938964844</ele>
      </trkpt>
      <trkpt lat="46.26456272788346" lon="15.03302757628262">
        <ele>301.3999938964844</ele>
      </trkpt>
      <trkpt lat="46.264519644901156" lon="15.03299874253571">
        <ele>301.20001220703125</ele>
      </trkpt>
      <trkpt lat="46.26447580754757" lon="15.032974937930703">
        <ele>301.3999938964844</ele>
      </trkpt>
      <trkpt lat="46.264432054013014" lon="15.03295524045825">
        <ele>301.3999938964844</ele>
      </trkpt>
      <trkpt lat="46.264387210831046" lon="15.032941242679954">
        <ele>301.3999938964844</ele>
      </trkpt>
      <trkpt lat="46.26434194855392" lon="15.032932190224528">
        <ele>301.3999938964844</ele>
      </trkpt>
      <trkpt lat="46.264296267181635" lon="15.032928418368101">
        <ele>301.3999938964844</ele>
      </trkpt>
      <trkpt lat="46.26425159163773" lon="15.032927580177784">
        <ele>301.3999938964844</ele>
      </trkpt>
      <trkpt lat="46.26420758664608" lon="15.03292934037745">
        <ele>301.20001220703125</ele>
      </trkpt>
      <trkpt lat="46.26416173763573" lon="15.032939063385129">
        <ele>301.20001220703125</ele>
      </trkpt>
      <trkpt lat="46.264117900282145" lon="15.03295037895441">
        <ele>301.20001220703125</ele>
      </trkpt>
      <trkpt lat="46.264073979109526" lon="15.032963706180453">
        <ele>301.20001220703125</ele>
      </trkpt>
      <trkpt lat="46.26402821391821" lon="15.032979296520352">
        <ele>301.20001220703125</ele>
      </trkpt>
      <trkpt lat="46.26398395746946" lon="15.032996563240886">
        <ele>301.20001220703125</ele>
      </trkpt>
      <trkpt lat="46.26393995247781" lon="15.03301776945591">
        <ele>301.20001220703125</ele>
      </trkpt>
      <trkpt lat="46.26389670185745" lon="15.033038640394807">
        <ele>301.20001220703125</ele>
      </trkpt>
      <trkpt lat="46.26385185867548" lon="15.033058505505323">
        <ele>301.20001220703125</ele>
      </trkpt>
      <trkpt lat="46.26380785368383" lon="15.033077448606491">
        <ele>301.20001220703125</ele>
      </trkpt>
      <trkpt lat="46.26376066356897" lon="15.033097146078944">
        <ele>301.20001220703125</ele>
      </trkpt>
      <trkpt lat="46.26371456310153" lon="15.033115921542048">
        <ele>301.20001220703125</ele>
      </trkpt>
      <trkpt lat="46.26366812735796" lon="15.033133020624518">
        <ele>301.20001220703125</ele>
      </trkpt>
      <trkpt lat="46.26362018287182" lon="15.033152969554067">
        <ele>301.20001220703125</ele>
      </trkpt>
      <trkpt lat="46.26356989145279" lon="15.033170571550727">
        <ele>301.3999938964844</ele>
      </trkpt>
      <trkpt lat="46.2635210249573" lon="15.033189849928021">
        <ele>301.3999938964844</ele>
      </trkpt>
      <trkpt lat="46.26347232609987" lon="15.033211223781109">
        <ele>301.3999938964844</ele>
      </trkpt>
      <trkpt lat="46.26342421397567" lon="15.033234190195799">
        <ele>301.3999938964844</ele>
      </trkpt>
      <trkpt lat="46.26337945461273" lon="15.033255564048886">
        <ele>301.3999938964844</ele>
      </trkpt>
      <trkpt lat="46.26333435997367" lon="15.033273501321673">
        <ele>301.3999938964844</ele>
      </trkpt>
      <trkpt lat="46.26328800804913" lon="15.033290684223175">
        <ele>301.6000061035156</ele>
      </trkpt>
      <trkpt lat="46.26324014738202" lon="15.033310884609818">
        <ele>301.6000061035156</ele>
      </trkpt>
      <trkpt lat="46.26319429837167" lon="15.03333343192935">
        <ele>301.6000061035156</ele>
      </trkpt>
      <trkpt lat="46.26314761117101" lon="15.03335346467793">
        <ele>301.6000061035156</ele>
      </trkpt>
      <trkpt lat="46.263102013617754" lon="15.03337207250297">
        <ele>301.6000061035156</ele>
      </trkpt>
      <trkpt lat="46.26305649988353" lon="15.033392189070582">
        <ele>301.6000061035156</ele>
      </trkpt>
      <trkpt lat="46.26301031559706" lon="15.033413143828511">
        <ele>301.6000061035156</ele>
      </trkpt>
      <trkpt lat="46.262963712215424" lon="15.033434014767408">
        <ele>301.79998779296875</ele>
      </trkpt>
      <trkpt lat="46.262916438281536" lon="15.033454215154052">
        <ele>301.79998779296875</ele>
      </trkpt>
      <trkpt lat="46.262869499623775" lon="15.033470895141363">
        <ele>302</ele>
      </trkpt>
      <trkpt lat="46.262825494632125" lon="15.033485060557723">
        <ele>302</ele>
      </trkpt>
      <trkpt lat="46.26278257928789" lon="15.033503165468574">
        <ele>302.20001220703125</ele>
      </trkpt>
      <trkpt lat="46.26273932866752" lon="15.03352059982717">
        <ele>302.20001220703125</ele>
      </trkpt>
      <trkpt lat="46.26269758678973" lon="15.033538704738021">
        <ele>302.3999938964844</ele>
      </trkpt>
      <trkpt lat="46.26265509054065" lon="15.03355580382049">
        <ele>302.3999938964844</ele>
      </trkpt>
      <trkpt lat="46.26261360011995" lon="15.033572986721992">
        <ele>302.6000061035156</ele>
      </trkpt>
      <trkpt lat="46.26257361844182" lon="15.033592181280255">
        <ele>302.6000061035156</ele>
      </trkpt>
      <trkpt lat="46.26253648661077" lon="15.033608358353376">
        <ele>302.79998779296875</ele>
      </trkpt>
      <trkpt lat="46.262498600408435" lon="15.033623278141022">
        <ele>302.79998779296875</ele>
      </trkpt>
      <trkpt lat="46.262458031997085" lon="15.033637695014477">
        <ele>302.79998779296875</ele>
      </trkpt>
      <trkpt lat="46.26241687685251" lon="15.033652950078249">
        <ele>303</ele>
      </trkpt>
      <trkpt lat="46.26238594762981" lon="15.033666612580419">
        <ele>303</ele>
      </trkpt>
      <trkpt lat="46.26234135590494" lon="15.033686896786094">
        <ele>303.20001220703125</ele>
      </trkpt>
      <trkpt lat="46.26230481080711" lon="15.033702235668898">
        <ele>303.20001220703125</ele>
      </trkpt>
      <trkpt lat="46.26226776279509" lon="15.03371799364686">
        <ele>303.3999938964844</ele>
      </trkpt>
      <trkpt lat="46.26223188824952" lon="15.03373408690095">
        <ele>303.3999938964844</ele>
      </trkpt>
      <trkpt lat="46.26219626516104" lon="15.033750180155039">
        <ele>303.3999938964844</ele>
      </trkpt>
      <trkpt lat="46.26215645112097" lon="15.033765938133001">
        <ele>303.6000061035156</ele>
      </trkpt>
      <trkpt lat="46.2621205765754" lon="15.03378052264452">
        <ele>303.6000061035156</ele>
      </trkpt>
      <trkpt lat="46.26208336092532" lon="15.033795107156038">
        <ele>303.79998779296875</ele>
      </trkpt>
      <trkpt lat="46.26204555854201" lon="15.033811451867223">
        <ele>303.79998779296875</ele>
      </trkpt>
      <trkpt lat="46.26200859434903" lon="15.033827042207122">
        <ele>304</ele>
      </trkpt>
      <trkpt lat="46.26197263598442" lon="15.033844979479909">
        <ele>304</ele>
      </trkpt>
      <trkpt lat="46.26193609088659" lon="15.033863671123981">
        <ele>304</ele>
      </trkpt>
      <trkpt lat="46.261899126693606" lon="15.033880351111293">
        <ele>304</ele>
      </trkpt>
      <trkpt lat="46.261862413957715" lon="15.033894432708621">
        <ele>304</ele>
      </trkpt>
      <trkpt lat="46.26182595267892" lon="15.033910274505615">
        <ele>304</ele>
      </trkpt>
      <trkpt lat="46.261789659038186" lon="15.033926870673895">
        <ele>304</ele>
      </trkpt>
      <trkpt lat="46.26175479032099" lon="15.033945310860872">
        <ele>304</ele>
      </trkpt>
      <trkpt lat="46.26171983778477" lon="15.033962493762374">
        <ele>304</ele>
      </trkpt>
      <trkpt lat="46.26168672926724" lon="15.03397741355002">
        <ele>304</ele>
      </trkpt>
      <trkpt lat="46.26165269874036" lon="15.033992165699601">
        <ele>304</ele>
      </trkpt>
      <trkpt lat="46.261617662385106" lon="15.034006414934993">
        <ele>304</ele>
      </trkpt>
      <trkpt lat="46.261584386229515" lon="15.034015802666545">
        <ele>304.20001220703125</ele>
      </trkpt>
      <trkpt lat="46.2615505233407" lon="15.034025274217129">
        <ele>304.3999938964844</ele>
      </trkpt>
      <trkpt lat="46.26151666045189" lon="15.034038433805108">
        <ele>304.6000061035156</ele>
      </trkpt>
      <trkpt lat="46.2614815402776" lon="15.034052850678563">
        <ele>304.6000061035156</ele>
      </trkpt>
      <trkpt lat="46.26144700683653" lon="15.034066680818796">
        <ele>304.79998779296875</ele>
      </trkpt>
      <trkpt lat="46.261414401233196" lon="15.034080846235156">
        <ele>304.79998779296875</ele>
      </trkpt>
      <trkpt lat="46.261379113420844" lon="15.03409517928958">
        <ele>305</ele>
      </trkpt>
      <trkpt lat="46.26134407706559" lon="15.034109428524971">
        <ele>305</ele>
      </trkpt>
      <trkpt lat="46.26131113618612" lon="15.034122755751014">
        <ele>305.20001220703125</ele>
      </trkpt>
      <trkpt lat="46.261276602745056" lon="15.034136921167374">
        <ele>305.20001220703125</ele>
      </trkpt>
      <trkpt lat="46.26124223694205" lon="15.03415485844016">
        <ele>305.3999938964844</ele>
      </trkpt>
      <trkpt lat="46.261208206415176" lon="15.034170281141996">
        <ele>305.6000061035156</ele>
      </trkpt>
      <trkpt lat="46.26117476262152" lon="15.034181764349341">
        <ele>305.6000061035156</ele>
      </trkpt>
      <trkpt lat="46.261141235008836" lon="15.034196516498923">
        <ele>305.79998779296875</ele>
      </trkpt>
      <trkpt lat="46.26110871322453" lon="15.034212525933981">
        <ele>306</ele>
      </trkpt>
      <trkpt lat="46.261075604707" lon="15.03422568552196">
        <ele>306.20001220703125</ele>
      </trkpt>
      <trkpt lat="46.26104408875108" lon="15.034237001091242">
        <ele>306.3999938964844</ele>
      </trkpt>
      <trkpt lat="46.26101131550968" lon="15.034250160679221">
        <ele>306.6000061035156</ele>
      </trkpt>
      <trkpt lat="46.26097938045859" lon="15.034262565895915">
        <ele>306.79998779296875</ele>
      </trkpt>
      <trkpt lat="46.260947277769446" lon="15.034277234226465">
        <ele>306.79998779296875</ele>
      </trkpt>
      <trkpt lat="46.26091525889933" lon="15.034290561452508">
        <ele>307</ele>
      </trkpt>
      <trkpt lat="46.26088340766728" lon="15.034304140135646">
        <ele>307.20001220703125</ele>
      </trkpt>
      <trkpt lat="46.260851388797164" lon="15.034316461533308">
        <ele>307.20001220703125</ele>
      </trkpt>
      <trkpt lat="46.26081836409867" lon="15.034329537302256">
        <ele>307.3999938964844</ele>
      </trkpt>
      <trkpt lat="46.260786512866616" lon="15.034341858699918">
        <ele>307.3999938964844</ele>
      </trkpt>
      <trkpt lat="46.260756170377135" lon="15.034354263916612">
        <ele>307.6000061035156</ele>
      </trkpt>
      <trkpt lat="46.260723480954766" lon="15.034369016066194">
        <ele>307.6000061035156</ele>
      </trkpt>
      <trkpt lat="46.260692132636905" lon="15.0343825109303">
        <ele>307.6000061035156</ele>
      </trkpt>
      <trkpt lat="46.260659359395504" lon="15.034392904490232">
        <ele>307.6000061035156</ele>
      </trkpt>
      <trkpt lat="46.26062876544893" lon="15.034400029107928">
        <ele>307.79998779296875</ele>
      </trkpt>
      <trkpt lat="46.26059867441654" lon="15.034410087391734">
        <ele>308</ele>
      </trkpt>
      <trkpt lat="46.26056615263224" lon="15.034421235322952">
        <ele>308.20001220703125</ele>
      </trkpt>
      <trkpt lat="46.26053161919117" lon="15.034430623054504">
        <ele>308.20001220703125</ele>
      </trkpt>
      <trkpt lat="46.26049255952239" lon="15.034440262243152">
        <ele>308.3999938964844</ele>
      </trkpt>
      <trkpt lat="46.26044989563525" lon="15.03445191308856">
        <ele>308.3999938964844</ele>
      </trkpt>
      <trkpt lat="46.26040454953909" lon="15.034464066848159">
        <ele>308.3999938964844</ele>
      </trkpt>
      <trkpt lat="46.26035702414811" lon="15.034480914473534">
        <ele>308.20001220703125</ele>
      </trkpt>
      <trkpt lat="46.26030446961522" lon="15.034498684108257">
        <ele>308</ele>
      </trkpt>
      <trkpt lat="46.260244622826576" lon="15.034515364095569">
        <ele>307.6000061035156</ele>
      </trkpt>
      <trkpt lat="46.26018234528601" lon="15.034535145387053">
        <ele>307.3999938964844</ele>
      </trkpt>
      <trkpt lat="46.26011436805129" lon="15.034554675221443">
        <ele>307.20001220703125</ele>
      </trkpt>
      <trkpt lat="46.260040774941444" lon="15.034571774303913">
        <ele>306.6000061035156</ele>
      </trkpt>
      <trkpt lat="46.25996232032776" lon="15.03458778373897">
        <ele>306.20001220703125</ele>
      </trkpt>
      <trkpt lat="46.25988453626633" lon="15.03460681065917">
        <ele>305.6000061035156</ele>
      </trkpt>
      <trkpt lat="46.25980499200523" lon="15.034626005217433">
        <ele>305.20001220703125</ele>
      </trkpt>
      <trkpt lat="46.25972293317318" lon="15.034643523395061">
        <ele>304.79998779296875</ele>
      </trkpt>
      <trkpt lat="46.259638192132115" lon="15.03465953283012">
        <ele>304.3999938964844</ele>
      </trkpt>
      <trkpt lat="46.25955177471042" lon="15.034674368798733">
        <ele>304</ele>
      </trkpt>
      <trkpt lat="46.25946384854615" lon="15.034692054614425">
        <ele>303.79998779296875</ele>
      </trkpt>
      <trkpt lat="46.25937558710575" lon="15.034713260829449">
        <ele>303.3999938964844</ele>
      </trkpt>
      <trkpt lat="46.25928699038923" lon="15.034734718501568">
        <ele>303</ele>
      </trkpt>
      <trkpt lat="46.25920007005334" lon="15.034758858382702">
        <ele>302.6000061035156</ele>
      </trkpt>
      <trkpt lat="46.25911281444132" lon="15.03478760831058">
        <ele>302.20001220703125</ele>
      </trkpt>
      <trkpt lat="46.25902907922864" lon="15.034822896122932">
        <ele>301.79998779296875</ele>
      </trkpt>
      <trkpt lat="46.258949199691415" lon="15.034865560010076">
        <ele>301.6000061035156</ele>
      </trkpt>
      <trkpt lat="46.2588706612587" lon="15.03491467796266">
        <ele>301.3999938964844</ele>
      </trkpt>
      <trkpt lat="46.25879757106304" lon="15.034965556114912">
        <ele>301.20001220703125</ele>
      </trkpt>
      <trkpt lat="46.25872724689543" lon="15.035020457580686">
        <ele>301</ele>
      </trkpt>
      <trkpt lat="46.25866077840328" lon="15.035079466179013">
        <ele>300.79998779296875</ele>
      </trkpt>
      <trkpt lat="46.258594896644354" lon="15.03513797186315">
        <ele>300.6000061035156</ele>
      </trkpt>
      <trkpt lat="46.25852909870446" lon="15.035197818651795">
        <ele>300.6000061035156</ele>
      </trkpt>
      <trkpt lat="46.25846606679261" lon="15.035261185839772">
        <ele>300.79998779296875</ele>
      </trkpt>
      <trkpt lat="46.25840697437525" lon="15.035324050113559">
        <ele>301</ele>
      </trkpt>
      <trkpt lat="46.258350647985935" lon="15.035395799204707">
        <ele>301</ele>
      </trkpt>
      <trkpt lat="46.25829826109111" lon="15.035470314323902">
        <ele>301</ele>
      </trkpt>
      <trkpt lat="46.25824713148177" lon="15.035551954060793">
        <ele>300.79998779296875</ele>
      </trkpt>
      <trkpt lat="46.25819927081466" lon="15.035634515807033">
        <ele>300.79998779296875</ele>
      </trkpt>
      <trkpt lat="46.25815459527075" lon="15.035717412829399">
        <ele>300.6000061035156</ele>
      </trkpt>
      <trkpt lat="46.258111177012324" lon="15.035800309851766">
        <ele>300.6000061035156</ele>
      </trkpt>
      <trkpt lat="46.258067674934864" lon="15.035884631797671">
        <ele>300.79998779296875</ele>
      </trkpt>
      <trkpt lat="46.25802827998996" lon="15.035967445001006">
        <ele>300.79998779296875</ele>
      </trkpt>
      <trkpt lat="46.25798972323537" lon="15.036050258204341">
        <ele>300.79998779296875</ele>
      </trkpt>
      <trkpt lat="46.25794974155724" lon="15.036134077236056">
        <ele>300.79998779296875</ele>
      </trkpt>
      <trkpt lat="46.25791076570749" lon="15.036213621497154">
        <ele>300.6000061035156</ele>
      </trkpt>
      <trkpt lat="46.25787095166743" lon="15.036291489377618">
        <ele>300.3999938964844</ele>
      </trkpt>
      <trkpt lat="46.25782954506576" lon="15.036368183791637">
        <ele>300.20001220703125</ele>
      </trkpt>
      <trkpt lat="46.257788725197315" lon="15.036442028358579">
        <ele>300.20001220703125</ele>
      </trkpt>
      <trkpt lat="46.25774463638663" lon="15.036513190716505">
        <ele>300.20001220703125</ele>
      </trkpt>
      <trkpt lat="46.25769861973822" lon="15.03657890483737">
        <ele>300</ele>
      </trkpt>
      <trkpt lat="46.25764958560467" lon="15.036640595644712">
        <ele>300</ele>
      </trkpt>
      <trkpt lat="46.257597701624036" lon="15.036698933690786">
        <ele>300</ele>
      </trkpt>
      <trkpt lat="46.25754472799599" lon="15.036752326413989">
        <ele>300</ele>
      </trkpt>
      <trkpt lat="46.2574871443212" lon="15.03679976798594">
        <ele>300</ele>
      </trkpt>
      <trkpt lat="46.25742444768548" lon="15.036843605339527">
        <ele>300</ele>
      </trkpt>
      <trkpt lat="46.25735864974558" lon="15.036881994456053">
        <ele>300</ele>
      </trkpt>
      <trkpt lat="46.25728874467313" lon="15.036907894536853">
        <ele>300</ele>
      </trkpt>
      <trkpt lat="46.257214061915874" lon="15.036925580352545">
        <ele>299.79998779296875</ele>
      </trkpt>
      <trkpt lat="46.257138876244426" lon="15.036936812102795">
        <ele>299.6000061035156</ele>
      </trkpt>
      <trkpt lat="46.25706318765879" lon="15.036941170692444">
        <ele>299.3999938964844</ele>
      </trkpt>
      <trkpt lat="46.25698615796864" lon="15.036938823759556">
        <ele>299</ele>
      </trkpt>
      <trkpt lat="46.25690812245011" lon="15.036929687485099">
        <ele>298.79998779296875</ele>
      </trkpt>
      <trkpt lat="46.25682924874127" lon="15.036920383572578">
        <ele>298.6000061035156</ele>
      </trkpt>
      <trkpt lat="46.25674811191857" lon="15.036909570917487">
        <ele>298.3999938964844</ele>
      </trkpt>
      <trkpt lat="46.256665801629424" lon="15.036896578967571">
        <ele>298.20001220703125</ele>
      </trkpt>
      <trkpt lat="46.256582736968994" lon="15.036880820989609">
        <ele>298</ele>
      </trkpt>
      <trkpt lat="46.25649757683277" lon="15.036864057183266">
        <ele>297.79998779296875</ele>
      </trkpt>
      <trkpt lat="46.25640847720206" lon="15.036847041919827">
        <ele>297.3999938964844</ele>
      </trkpt>
      <trkpt lat="46.25631862320006" lon="15.036832625046372">
        <ele>297.20001220703125</ele>
      </trkpt>
      <trkpt lat="46.256230529397726" lon="15.036815777420998">
        <ele>296.6000061035156</ele>
      </trkpt>
      <trkpt lat="46.25614117830992" lon="15.036794319748878">
        <ele>296.20001220703125</ele>
      </trkpt>
      <trkpt lat="46.256052162498236" lon="15.036770012229681">
        <ele>295.79998779296875</ele>
      </trkpt>
      <trkpt lat="46.25596163794398" lon="15.03674989566207">
        <ele>295.20001220703125</ele>
      </trkpt>
      <trkpt lat="46.25587061047554" lon="15.03673531115055">
        <ele>294.79998779296875</ele>
      </trkpt>
      <trkpt lat="46.25577866099775" lon="15.036722989752889">
        <ele>294.20001220703125</ele>
      </trkpt>
      <trkpt lat="46.2556878849864" lon="15.036704214289784">
        <ele>293.79998779296875</ele>
      </trkpt>
      <trkpt lat="46.25559601932764" lon="15.036685857921839">
        <ele>293.3999938964844</ele>
      </trkpt>
      <trkpt lat="46.25550180673599" lon="15.036672111600637">
        <ele>293</ele>
      </trkpt>
      <trkpt lat="46.25540549866855" lon="15.036663645878434">
        <ele>292.6000061035156</ele>
      </trkpt>
      <trkpt lat="46.255309861153364" lon="15.036660293117166">
        <ele>292.3999938964844</ele>
      </trkpt>
      <trkpt lat="46.25521338544786" lon="15.036666747182608">
        <ele>292.20001220703125</ele>
      </trkpt>
      <trkpt lat="46.25511799938977" lon="15.036686612293124">
        <ele>292</ele>
      </trkpt>
      <trkpt lat="46.255025966092944" lon="15.036722654476762">
        <ele>291.79998779296875</ele>
      </trkpt>
      <trkpt lat="46.25493912957609" lon="15.036775209009647">
        <ele>291.79998779296875</ele>
      </trkpt>
      <trkpt lat="46.25485606491566" lon="15.03683547489345">
        <ele>291.6000061035156</ele>
      </trkpt>
      <trkpt lat="46.25477517955005" lon="15.036899093538523">
        <ele>291.3999938964844</ele>
      </trkpt>
      <trkpt lat="46.25469697639346" lon="15.036963718011975">
        <ele>291.20001220703125</ele>
      </trkpt>
      <trkpt lat="46.25462078489363" lon="15.037028091028333">
        <ele>291.20001220703125</ele>
      </trkpt>
      <trkpt lat="46.25454727560282" lon="15.037089865654707">
        <ele>291.20001220703125</ele>
      </trkpt>
      <trkpt lat="46.254475777968764" lon="15.037146443501115">
        <ele>291.20001220703125</ele>
      </trkpt>
      <trkpt lat="46.25440528616309" lon="15.037197824567556">
        <ele>291.20001220703125</ele>
      </trkpt>
      <trkpt lat="46.25433445908129" lon="15.037245936691761">
        <ele>291.3999938964844</ele>
      </trkpt>
      <trkpt lat="46.25426631420851" lon="15.037294132634997">
        <ele>291.6000061035156</ele>
      </trkpt>
      <trkpt lat="46.254198336973786" lon="15.03733973018825">
        <ele>291.6000061035156</ele>
      </trkpt>
      <trkpt lat="46.25413119792938" lon="15.037382477894425">
        <ele>291.6000061035156</ele>
      </trkpt>
      <trkpt lat="46.254064394161105" lon="15.037427907809615">
        <ele>291.6000061035156</ele>
      </trkpt>
      <trkpt lat="46.253997422754765" lon="15.037471493706107">
        <ele>291.6000061035156</ele>
      </trkpt>
      <trkpt lat="46.25393019989133" lon="15.037511475384235">
        <ele>291.6000061035156</ele>
      </trkpt>
      <trkpt lat="46.25386021099985" lon="15.0375444162637">
        <ele>291.6000061035156</ele>
      </trkpt>
      <trkpt lat="46.25378628261387" lon="15.037570567801595">
        <ele>291.6000061035156</ele>
      </trkpt>
      <trkpt lat="46.25371084548533" lon="15.037581631913781">
        <ele>291.6000061035156</ele>
      </trkpt>
      <trkpt lat="46.25363071449101" lon="15.037582302466035">
        <ele>291.6000061035156</ele>
      </trkpt>
      <trkpt lat="46.253550834953785" lon="15.037579871714115">
        <ele>291.3999938964844</ele>
      </trkpt>
      <trkpt lat="46.25347523018718" lon="15.037574423477054">
        <ele>291.3999938964844</ele>
      </trkpt>
      <trkpt lat="46.25340172089636" lon="15.03756838850677">
        <ele>291.3999938964844</ele>
      </trkpt>
      <trkpt lat="46.25333357602358" lon="15.037561431527138">
        <ele>291.6000061035156</ele>
      </trkpt>
      <trkpt lat="46.25326962210238" lon="15.03754835575819">
        <ele>292</ele>
      </trkpt>
      <trkpt lat="46.25321061350405" lon="15.037525808438659">
        <ele>292.3999938964844</ele>
      </trkpt>
      <trkpt lat="46.253154035657644" lon="15.037494795396924">
        <ele>293</ele>
      </trkpt>
      <trkpt lat="46.25309905037284" lon="15.037458501756191">
        <ele>293.3999938964844</ele>
      </trkpt>
      <trkpt lat="46.25304590910673" lon="15.03741784952581">
        <ele>294</ele>
      </trkpt>
      <trkpt lat="46.25299553386867" lon="15.03737443126738">
        <ele>294.20001220703125</ele>
      </trkpt>
      <trkpt lat="46.25294767320156" lon="15.037325732409954">
        <ele>294.6000061035156</ele>
      </trkpt>
      <trkpt lat="46.25290174037218" lon="15.037270914763212">
        <ele>294.79998779296875</ele>
      </trkpt>
      <trkpt lat="46.25285681337118" lon="15.03721316345036">
        <ele>295</ele>
      </trkpt>
      <trkpt lat="46.25281029380858" lon="15.037165218964219">
        <ele>295.20001220703125</ele>
      </trkpt>
      <trkpt lat="46.25275941565633" lon="15.03712615929544">
        <ele>295.20001220703125</ele>
      </trkpt>
      <trkpt lat="46.25270367600024" lon="15.037104366347194">
        <ele>295.20001220703125</ele>
      </trkpt>
      <trkpt lat="46.252646427601576" lon="15.037098079919815">
        <ele>295.20001220703125</ele>
      </trkpt>
      <trkpt lat="46.252589179202914" lon="15.037101600319147">
        <ele>295.20001220703125</ele>
      </trkpt>
      <trkpt lat="46.252532014623284" lon="15.037107886746526">
        <ele>295.20001220703125</ele>
      </trkpt>
      <trkpt lat="46.252476777881384" lon="15.037113670259714">
        <ele>295.20001220703125</ele>
      </trkpt>
      <trkpt lat="46.25242187641561" lon="15.037122052162886">
        <ele>295.3999938964844</ele>
      </trkpt>
      <trkpt lat="46.25236680731177" lon="15.037130014970899">
        <ele>295.3999938964844</ele>
      </trkpt>
      <trkpt lat="46.25231157056987" lon="15.037132780998945">
        <ele>295.6000061035156</ele>
      </trkpt>
      <trkpt lat="46.252253986895084" lon="15.037134541198611">
        <ele>295.6000061035156</ele>
      </trkpt>
      <trkpt lat="46.25219908542931" lon="15.03713789395988">
        <ele>295.79998779296875</ele>
      </trkpt>
      <trkpt lat="46.25214200466871" lon="15.037138732150197">
        <ele>296</ele>
      </trkpt>
      <trkpt lat="46.25208676792681" lon="15.037139318883419">
        <ele>296</ele>
      </trkpt>
      <trkpt lat="46.25203127972782" lon="15.037138480693102">
        <ele>296</ele>
      </trkpt>
      <trkpt lat="46.25197419896722" lon="15.037137307226658">
        <ele>296.20001220703125</ele>
      </trkpt>
      <trkpt lat="46.25191711820662" lon="15.037137474864721">
        <ele>296.20001220703125</ele>
      </trkpt>
      <trkpt lat="46.2518594507128" lon="15.037133619189262">
        <ele>296.20001220703125</ele>
      </trkpt>
      <trkpt lat="46.2518026214093" lon="15.037129344418645">
        <ele>296.20001220703125</ele>
      </trkpt>
      <trkpt lat="46.25174570828676" lon="15.037124482914805">
        <ele>296.3999938964844</ele>
      </trkpt>
      <trkpt lat="46.25168879516423" lon="15.037118615582585">
        <ele>296.20001220703125</ele>
      </trkpt>
      <trkpt lat="46.25162886455655" lon="15.037113083526492">
        <ele>296.3999938964844</ele>
      </trkpt>
      <trkpt lat="46.251570442691445" lon="15.037109311670065">
        <ele>296.3999938964844</ele>
      </trkpt>
      <trkpt lat="46.25151193700731" lon="15.03710512071848">
        <ele>296.3999938964844</ele>
      </trkpt>
      <trkpt lat="46.25145519152284" lon="15.037098750472069">
        <ele>296.3999938964844</ele>
      </trkpt>
      <trkpt lat="46.251398446038365" lon="15.037092547863722">
        <ele>296.6000061035156</ele>
      </trkpt>
      <trkpt lat="46.25134061090648" lon="15.037087770178914">
        <ele>296.6000061035156</ele>
      </trkpt>
      <trkpt lat="46.25128084793687" lon="15.03708416596055">
        <ele>296.6000061035156</ele>
      </trkpt>
      <trkpt lat="46.251222090795636" lon="15.03708173520863">
        <ele>296.6000061035156</ele>
      </trkpt>
      <trkpt lat="46.25115981325507" lon="15.037079052999616">
        <ele>296.6000061035156</ele>
      </trkpt>
      <trkpt lat="46.251099379733205" lon="15.037077041342854">
        <ele>296.6000061035156</ele>
      </trkpt>
      <trkpt lat="46.25103970058262" lon="15.037076119333506">
        <ele>296.79998779296875</ele>
      </trkpt>
      <trkpt lat="46.25097935087979" lon="15.037074442952871">
        <ele>296.6000061035156</ele>
      </trkpt>
      <trkpt lat="46.25092025846243" lon="15.037066396325827">
        <ele>296.6000061035156</ele>
      </trkpt>
      <trkpt lat="46.250861417502165" lon="15.03705633804202">
        <ele>296.79998779296875</ele>
      </trkpt>
      <trkpt lat="46.250803330913186" lon="15.037047872319818">
        <ele>296.79998779296875</ele>
      </trkpt>
      <trkpt lat="46.25074448995292" lon="15.03703722730279">
        <ele>296.79998779296875</ele>
      </trkpt>
      <trkpt lat="46.25068573281169" lon="15.037024486809969">
        <ele>296.79998779296875</ele>
      </trkpt>
      <trkpt lat="46.250625466927886" lon="15.037010321393609">
        <ele>296.79998779296875</ele>
      </trkpt>
      <trkpt lat="46.25056402757764" lon="15.036994395777583">
        <ele>296.79998779296875</ele>
      </trkpt>
      <trkpt lat="46.25050309114158" lon="15.03697327338159">
        <ele>296.79998779296875</ele>
      </trkpt>
      <trkpt lat="46.25044399872422" lon="15.036947289481759">
        <ele>296.79998779296875</ele>
      </trkpt>
      <trkpt lat="46.25038364902139" lon="15.036919796839356">
        <ele>296.6000061035156</ele>
      </trkpt>
      <trkpt lat="46.250322964042425" lon="15.036891549825668">
        <ele>296.6000061035156</ele>
      </trkpt>
      <trkpt lat="46.25026353634894" lon="15.036858944222331">
        <ele>296.6000061035156</ele>
      </trkpt>
      <trkpt lat="46.250203689560294" lon="15.036824829876423">
        <ele>296.6000061035156</ele>
      </trkpt>
      <trkpt lat="46.25014401040971" lon="15.036789709702134">
        <ele>296.79998779296875</ele>
      </trkpt>
      <trkpt lat="46.25008441507816" lon="15.036751991137862">
        <ele>296.79998779296875</ele>
      </trkpt>
      <trkpt lat="46.25002515502274" lon="15.036713099107146">
        <ele>296.79998779296875</ele>
      </trkpt>
      <trkpt lat="46.249968660995364" lon="15.036669513210654">
        <ele>297</ele>
      </trkpt>
      <trkpt lat="46.24991384334862" lon="15.03662290982902">
        <ele>297</ele>
      </trkpt>
      <trkpt lat="46.24986061826348" lon="15.036570942029357">
        <ele>297</ele>
      </trkpt>
      <trkpt lat="46.24980974011123" lon="15.036515034735203">
        <ele>297</ele>
      </trkpt>
      <trkpt lat="46.24976087361574" lon="15.036455942317843">
        <ele>297.20001220703125</ele>
      </trkpt>
      <trkpt lat="46.24971334822476" lon="15.036392910405993">
        <ele>297.20001220703125</ele>
      </trkpt>
      <trkpt lat="46.24966682866216" lon="15.03632577136159">
        <ele>297.20001220703125</ele>
      </trkpt>
      <trkpt lat="46.249623242765665" lon="15.03625595010817">
        <ele>297.3999938964844</ele>
      </trkpt>
      <trkpt lat="46.24957990832627" lon="15.036188894882798">
        <ele>297.3999938964844</ele>
      </trkpt>
      <trkpt lat="46.249538669362664" lon="15.036119660362601">
        <ele>297.6000061035156</ele>
      </trkpt>
      <trkpt lat="46.24950002878904" lon="15.036048581823707">
        <ele>297.79998779296875</ele>
      </trkpt>
      <trkpt lat="46.24946214258671" lon="15.035980269312859">
        <ele>297.79998779296875</ele>
      </trkpt>
      <trkpt lat="46.249421909451485" lon="15.035913297906518">
        <ele>297.79998779296875</ele>
      </trkpt>
      <trkpt lat="46.24938393943012" lon="15.035844901576638">
        <ele>298</ele>
      </trkpt>
      <trkpt lat="46.249347226694226" lon="15.035774996504188">
        <ele>298</ele>
      </trkpt>
      <trkpt lat="46.24930984340608" lon="15.035705845803022">
        <ele>298</ele>
      </trkpt>
      <trkpt lat="46.24927304685116" lon="15.035632504150271">
        <ele>298</ele>
      </trkpt>
      <trkpt lat="46.24923608265817" lon="15.035560335963964">
        <ele>298.20001220703125</ele>
      </trkpt>
      <trkpt lat="46.2491983640939" lon="15.035490095615387">
        <ele>298.20001220703125</ele>
      </trkpt>
      <trkpt lat="46.24916257336736" lon="15.03541935235262">
        <ele>298.20001220703125</ele>
      </trkpt>
      <trkpt lat="46.249126363545656" lon="15.035347351804376">
        <ele>298.3999938964844</ele>
      </trkpt>
      <trkpt lat="46.2490894831717" lon="15.035277027636766">
        <ele>298.3999938964844</ele>
      </trkpt>
      <trkpt lat="46.2490498367697" lon="15.035207709297538">
        <ele>298.3999938964844</ele>
      </trkpt>
      <trkpt lat="46.24901169911027" lon="15.035138726234436">
        <ele>298.3999938964844</ele>
      </trkpt>
      <trkpt lat="46.2489721365273" lon="15.035067647695541">
        <ele>298.3999938964844</ele>
      </trkpt>
      <trkpt lat="46.248932825401425" lon="15.034995898604393">
        <ele>298.6000061035156</ele>
      </trkpt>
      <trkpt lat="46.24889384955168" lon="15.034925825893879">
        <ele>298.3999938964844</ele>
      </trkpt>
      <trkpt lat="46.24885336495936" lon="15.03485307097435">
        <ele>298.3999938964844</ele>
      </trkpt>
      <trkpt lat="46.24881137162447" lon="15.034782830625772">
        <ele>298.3999938964844</ele>
      </trkpt>
      <trkpt lat="46.2487665284425" lon="15.03471091389656">
        <ele>298.3999938964844</ele>
      </trkpt>
      <trkpt lat="46.2487218528986" lon="15.034642349928617">
        <ele>298.3999938964844</ele>
      </trkpt>
      <trkpt lat="46.248673321679235" lon="15.0345828384161">
        <ele>298.3999938964844</ele>
      </trkpt>
      <trkpt lat="46.248620096594095" lon="15.034528356045485">
        <ele>298.3999938964844</ele>
      </trkpt>
      <trkpt lat="46.24856745824218" lon="15.034478064626455">
        <ele>298.3999938964844</ele>
      </trkpt>
      <trkpt lat="46.24850601889193" lon="15.034436909481883">
        <ele>298.3999938964844</ele>
      </trkpt>
      <trkpt lat="46.2484438251704" lon="15.034407237544656">
        <ele>298.3999938964844</ele>
      </trkpt>
      <trkpt lat="46.248380709439516" lon="15.034386366605759">
        <ele>298.6000061035156</ele>
      </trkpt>
      <trkpt lat="46.248317593708634" lon="15.034373374655843">
        <ele>298.6000061035156</ele>
      </trkpt>
      <trkpt lat="46.24825347214937" lon="15.034366082400084">
        <ele>298.79998779296875</ele>
      </trkpt>
      <trkpt lat="46.24819119460881" lon="15.034357951954007">
        <ele>298.79998779296875</ele>
      </trkpt>
      <trkpt lat="46.24813185073435" lon="15.034350911155343">
        <ele>299</ele>
      </trkpt>
      <trkpt lat="46.248074267059565" lon="15.034345630556345">
        <ele>299</ele>
      </trkpt>
      <trkpt lat="46.24801970086992" lon="15.034339260309935">
        <ele>299.20001220703125</ele>
      </trkpt>
      <trkpt lat="46.247967313975096" lon="15.03433221951127">
        <ele>299.3999938964844</ele>
      </trkpt>
      <trkpt lat="46.24791467562318" lon="15.03432392142713">
        <ele>299.3999938964844</ele>
      </trkpt>
      <trkpt lat="46.24786052852869" lon="15.034313276410103">
        <ele>299.6000061035156</ele>
      </trkpt>
      <trkpt lat="46.24780629761517" lon="15.034300787374377">
        <ele>299.6000061035156</ele>
      </trkpt>
      <trkpt lat="46.24775416217744" lon="15.034292824566364">
        <ele>299.3999938964844</ele>
      </trkpt>
      <trkpt lat="46.24770370312035" lon="15.034291064366698">
        <ele>299.3999938964844</ele>
      </trkpt>
      <trkpt lat="46.24765659682453" lon="15.034287292510271">
        <ele>299.3999938964844</ele>
      </trkpt>
      <trkpt lat="46.247612591832876" lon="15.034283185377717">
        <ele>299.6000061035156</ele>
      </trkpt>
      <trkpt lat="46.24757336452603" lon="15.034276731312275">
        <ele>299.6000061035156</ele>
      </trkpt>
      <trkpt lat="46.247537741437554" lon="15.034267511218786">
        <ele>299.79998779296875</ele>
      </trkpt>
      <trkpt lat="46.24750236980617" lon="15.034263404086232">
        <ele>300</ele>
      </trkpt>
      <trkpt lat="46.247466495260596" lon="15.0342598836869">
        <ele>300</ele>
      </trkpt>
      <trkpt lat="46.247431207448244" lon="15.034255189821124">
        <ele>300</ele>
      </trkpt>
      <trkpt lat="46.247394578531384" lon="15.034248065203428">
        <ele>300.20001220703125</ele>
      </trkpt>
      <trkpt lat="46.247357027605176" lon="15.034240437671542">
        <ele>300</ele>
      </trkpt>
      <trkpt lat="46.247320817783475" lon="15.034249490126967">
        <ele>300</ele>
      </trkpt>
      <trkpt lat="46.24729122966528" lon="15.034282095730305">
        <ele>299.79998779296875</ele>
      </trkpt>
      <trkpt lat="46.24727270565927" lon="15.03432685509324">
        <ele>299.79998779296875</ele>
      </trkpt>
      <trkpt lat="46.24726918525994" lon="15.034380834549665">
        <ele>299.6000061035156</ele>
      </trkpt>
      <trkpt lat="46.247273460030556" lon="15.034439340233803">
        <ele>299.3999938964844</ele>
      </trkpt>
      <trkpt lat="46.2472830992192" lon="15.034502875059843">
        <ele>299.20001220703125</ele>
      </trkpt>
      <trkpt lat="46.24729533679783" lon="15.034573199227452">
        <ele>298.79998779296875</ele>
      </trkpt>
      <trkpt lat="46.2473058141768" lon="15.034641930833459">
        <ele>298.6000061035156</ele>
      </trkpt>
      <trkpt lat="46.247313944622874" lon="15.034698424860835">
        <ele>298.3999938964844</ele>
      </trkpt>
      <trkpt lat="46.247320817783475" lon="15.034778974950314">
        <ele>298.20001220703125</ele>
      </trkpt>
      <trkpt lat="46.247320817783475" lon="15.034847036004066">
        <ele>298.20001220703125</ele>
      </trkpt>
      <trkpt lat="46.24731511808932" lon="15.034913923591375">
        <ele>298</ele>
      </trkpt>
      <trkpt lat="46.24730313196778" lon="15.034980894997716">
        <ele>298</ele>
      </trkpt>
      <trkpt lat="46.247284188866615" lon="15.035042585805058">
        <ele>298.20001220703125</ele>
      </trkpt>
      <trkpt lat="46.247254852205515" lon="15.03509539179504">
        <ele>298.20001220703125</ele>
      </trkpt>
      <trkpt lat="46.24721738509834" lon="15.035136546939611">
        <ele>298.3999938964844</ele>
      </trkpt>
      <trkpt lat="46.24717799015343" lon="15.035169990733266">
        <ele>298.3999938964844</ele>
      </trkpt>
      <trkpt lat="46.24713473953307" lon="15.035194465890527">
        <ele>298.3999938964844</ele>
      </trkpt>
      <trkpt lat="46.24708746559918" lon="15.035210559144616">
        <ele>298.3999938964844</ele>
      </trkpt>
      <trkpt lat="46.24704019166529" lon="15.035217516124249">
        <ele>298.6000061035156</ele>
      </trkpt>
      <trkpt lat="46.24699031934142" lon="15.035226736217737">
        <ele>298.6000061035156</ele>
      </trkpt>
      <trkpt lat="46.24693810008466" lon="15.03523712977767">
        <ele>298.6000061035156</ele>
      </trkpt>
      <trkpt lat="46.24688730575144" lon="15.035246852785349">
        <ele>298.79998779296875</ele>
      </trkpt>
      <trkpt lat="46.24683625996113" lon="15.03525230102241">
        <ele>298.79998779296875</ele>
      </trkpt>
      <trkpt lat="46.24678462743759" lon="15.035257581621408">
        <ele>298.79998779296875</ele>
      </trkpt>
      <trkpt lat="46.24673358164728" lon="15.035261353477836">
        <ele>298.79998779296875</ele>
      </trkpt>
      <trkpt lat="46.24668379314244" lon="15.03526110202074">
        <ele>298.79998779296875</ele>
      </trkpt>
      <trkpt lat="46.246633334085345" lon="15.035257581621408">
        <ele>299</ele>
      </trkpt>
      <trkpt lat="46.246582455933094" lon="15.035259006544948">
        <ele>299</ele>
      </trkpt>
      <trkpt lat="46.246529733762145" lon="15.035266550257802">
        <ele>299.20001220703125</ele>
      </trkpt>
      <trkpt lat="46.24647759832442" lon="15.035273423418403">
        <ele>299.20001220703125</ele>
      </trkpt>
      <trkpt lat="46.24642588198185" lon="15.035283900797367">
        <ele>299.3999938964844</ele>
      </trkpt>
      <trkpt lat="46.2463747523725" lon="15.035295886918902">
        <ele>299.3999938964844</ele>
      </trkpt>
      <trkpt lat="46.246326472610235" lon="15.035303262993693">
        <ele>299.6000061035156</ele>
      </trkpt>
      <trkpt lat="46.24627794139087" lon="15.035314578562975">
        <ele>299.6000061035156</ele>
      </trkpt>
      <trkpt lat="46.24622798524797" lon="15.035321786999702">
        <ele>299.6000061035156</ele>
      </trkpt>
      <trkpt lat="46.24617719091475" lon="15.035334527492523">
        <ele>299.79998779296875</ele>
      </trkpt>
      <trkpt lat="46.24612530693412" lon="15.035349782556295">
        <ele>299.79998779296875</ele>
      </trkpt>
      <trkpt lat="46.246071914210916" lon="15.03536176867783">
        <ele>299.79998779296875</ele>
      </trkpt>
      <trkpt lat="46.24602044932544" lon="15.035375682637095">
        <ele>299.6000061035156</ele>
      </trkpt>
      <trkpt lat="46.245967308059335" lon="15.035387417301536">
        <ele>299.6000061035156</ele>
      </trkpt>
      <trkpt lat="46.24591433443129" lon="15.035398313775659">
        <ele>299.6000061035156</ele>
      </trkpt>
      <trkpt lat="46.24586345627904" lon="15.035409377887845">
        <ele>299.6000061035156</ele>
      </trkpt>
      <trkpt lat="46.24581308104098" lon="15.035419268533587">
        <ele>299.6000061035156</ele>
      </trkpt>
      <trkpt lat="46.24576245434582" lon="15.035422453656793">
        <ele>299.6000061035156</ele>
      </trkpt>
      <trkpt lat="46.245711743831635" lon="15.035421280190349">
        <ele>299.3999938964844</ele>
      </trkpt>
      <trkpt lat="46.245660949498415" lon="15.035418011248112">
        <ele>299.3999938964844</ele>
      </trkpt>
      <trkpt lat="46.245609149336815" lon="15.035411641001701">
        <ele>299.3999938964844</ele>
      </trkpt>
      <trkpt lat="46.245556427165866" lon="15.03540325909853">
        <ele>299.3999938964844</ele>
      </trkpt>
      <trkpt lat="46.24550395645201" lon="15.035394206643105">
        <ele>299.6000061035156</ele>
      </trkpt>
      <trkpt lat="46.24545148573816" lon="15.035383813083172">
        <ele>299.3999938964844</ele>
      </trkpt>
      <trkpt lat="46.24540018849075" lon="15.035372748970985">
        <ele>299.3999938964844</ele>
      </trkpt>
      <trkpt lat="46.24534763395786" lon="15.035363612696528">
        <ele>299.3999938964844</ele>
      </trkpt>
      <trkpt lat="46.2452940735966" lon="15.03535833209753">
        <ele>299.3999938964844</ele>
      </trkpt>
      <trkpt lat="46.245241686701775" lon="15.035358164459467">
        <ele>299.3999938964844</ele>
      </trkpt>
      <trkpt lat="46.24518955126405" lon="15.035365205258131">
        <ele>299.3999938964844</ele>
      </trkpt>
      <trkpt lat="46.24513967894018" lon="15.035380460321903">
        <ele>299.6000061035156</ele>
      </trkpt>
      <trkpt lat="46.24508963897824" lon="15.035400493070483">
        <ele>299.6000061035156</ele>
      </trkpt>
      <trkpt lat="46.24504119157791" lon="15.035423543304205">
        <ele>299.79998779296875</ele>
      </trkpt>
      <trkpt lat="46.24499651603401" lon="15.035455729812384">
        <ele>299.79998779296875</ele>
      </trkpt>
      <trkpt lat="46.24495234340429" lon="15.035489927977324">
        <ele>299.79998779296875</ele>
      </trkpt>
      <trkpt lat="46.24490959569812" lon="15.0355273950845">
        <ele>299.79998779296875</ele>
      </trkpt>
      <trkpt lat="46.24486718326807" lon="15.035565868020058">
        <ele>299.79998779296875</ele>
      </trkpt>
      <trkpt lat="46.24482426792383" lon="15.035601910203695">
        <ele>299.6000061035156</ele>
      </trkpt>
      <trkpt lat="46.24478034675121" lon="15.035638958215714">
        <ele>299.6000061035156</ele>
      </trkpt>
      <trkpt lat="46.2447377666831" lon="15.035675000399351">
        <ele>299.6000061035156</ele>
      </trkpt>
      <trkpt lat="46.244693426415324" lon="15.03570718690753">
        <ele>299.6000061035156</ele>
      </trkpt>
      <trkpt lat="46.244647996500134" lon="15.035733506083488">
        <ele>299.6000061035156</ele>
      </trkpt>
      <trkpt lat="46.24460231512785" lon="15.035762339830399">
        <ele>299.6000061035156</ele>
      </trkpt>
      <trkpt lat="46.24455780722201" lon="15.035790670663118">
        <ele>299.3999938964844</ele>
      </trkpt>
      <trkpt lat="46.24451329931617" lon="15.035817911848426">
        <ele>299.3999938964844</ele>
      </trkpt>
      <trkpt lat="46.24447784386575" lon="15.03584305755794">
        <ele>299.3999938964844</ele>
      </trkpt>
      <trkpt lat="46.244424786418676" lon="15.035879435017705">
        <ele>299.3999938964844</ele>
      </trkpt>
      <trkpt lat="46.24438279308379" lon="15.035914219915867">
        <ele>299.3999938964844</ele>
      </trkpt>
      <trkpt lat="46.24434222467244" lon="15.035956213250756">
        <ele>299.3999938964844</ele>
      </trkpt>
      <trkpt lat="46.24430567957461" lon="15.036004576832056">
        <ele>299.20001220703125</ele>
      </trkpt>
      <trkpt lat="46.2442715652287" lon="15.036055203527212">
        <ele>299.20001220703125</ele>
      </trkpt>
      <trkpt lat="46.244240552186966" lon="15.036107171326876">
        <ele>299.20001220703125</ele>
      </trkpt>
      <trkpt lat="46.24421054497361" lon="15.036159055307508">
        <ele>299</ele>
      </trkpt>
      <trkpt lat="46.244179364293814" lon="15.036213286221027">
        <ele>299.20001220703125</ele>
      </trkpt>
      <trkpt lat="46.244145669043064" lon="15.036263577640057">
        <ele>299.20001220703125</ele>
      </trkpt>
      <trkpt lat="46.244111470878124" lon="15.036310767754912">
        <ele>299.20001220703125</ele>
      </trkpt>
      <trkpt lat="46.24407500959933" lon="15.036353096365929">
        <ele>299.20001220703125</ele>
      </trkpt>
      <trkpt lat="46.244036788120866" lon="15.036391988396645">
        <ele>299.20001220703125</ele>
      </trkpt>
      <trkpt lat="46.24399588443339" lon="15.036424174904823">
        <ele>299.20001220703125</ele>
      </trkpt>
      <trkpt lat="46.24395146034658" lon="15.036445632576942">
        <ele>299.20001220703125</ele>
      </trkpt>
      <trkpt lat="46.243904354050756" lon="15.036454433575273">
        <ele>299.20001220703125</ele>
      </trkpt>
      <trkpt lat="46.24385582283139" lon="15.036453679203987">
        <ele>299.3999938964844</ele>
      </trkpt>
      <trkpt lat="46.24380745925009" lon="15.036445716395974">
        <ele>299.3999938964844</ele>
      </trkpt>
      <trkpt lat="46.24375834129751" lon="15.036432137712836">
        <ele>299.3999938964844</ele>
      </trkpt>
      <trkpt lat="46.24371123500168" lon="15.03641378134489">
        <ele>299.3999938964844</ele>
      </trkpt>
      <trkpt lat="46.243665385991335" lon="15.036390563473105">
        <ele>299.3999938964844</ele>
      </trkpt>
      <trkpt lat="46.24361786060035" lon="15.036372123286128">
        <ele>299.3999938964844</ele>
      </trkpt>
      <trkpt lat="46.24357125721872" lon="15.036360053345561">
        <ele>299.20001220703125</ele>
      </trkpt>
      <trkpt lat="46.24352255836129" lon="15.036357957869768">
        <ele>299.20001220703125</ele>
      </trkpt>
      <trkpt lat="46.24347402714193" lon="15.036366926506162">
        <ele>299.20001220703125</ele>
      </trkpt>
      <trkpt lat="46.24342683702707" lon="15.036384109407663">
        <ele>299.20001220703125</ele>
      </trkpt>
      <trkpt lat="46.24338174238801" lon="15.036413110792637">
        <ele>299.20001220703125</ele>
      </trkpt>
      <trkpt lat="46.24334058724344" lon="15.036449823528528">
        <ele>299.20001220703125</ele>
      </trkpt>
      <trkpt lat="46.243299851194024" lon="15.036487961187959">
        <ele>299.20001220703125</ele>
      </trkpt>
      <trkpt lat="46.243258863687515" lon="15.036530289798975">
        <ele>299</ele>
      </trkpt>
      <trkpt lat="46.24322097748518" lon="15.036576222628355">
        <ele>299</ele>
      </trkpt>
      <trkpt lat="46.243184097111225" lon="15.036623328924179">
        <ele>299</ele>
      </trkpt>
      <trkpt lat="46.243147468194366" lon="15.036668758839369">
        <ele>299</ele>
      </trkpt>
      <trkpt lat="46.24310916289687" lon="15.03671184182167">
        <ele>299</ele>
      </trkpt>
      <trkpt lat="46.24306851066649" lon="15.03675433807075">
        <ele>299</ele>
      </trkpt>
      <trkpt lat="46.24302551150322" lon="15.036791386082768">
        <ele>299</ele>
      </trkpt>
      <trkpt lat="46.242981841787696" lon="15.036824829876423">
        <ele>299</ele>
      </trkpt>
      <trkpt lat="46.24293842352927" lon="15.036856764927506">
        <ele>299</ele>
      </trkpt>
      <trkpt lat="46.24289207160473" lon="15.036885598674417">
        <ele>299</ele>
      </trkpt>
      <trkpt lat="46.24284672550857" lon="15.036912504583597">
        <ele>299.20001220703125</ele>
      </trkpt>
      <trkpt lat="46.24280313961208" lon="15.036936309188604">
        <ele>299.20001220703125</ele>
      </trkpt>
      <trkpt lat="46.24275779351592" lon="15.036955336108804">
        <ele>299.20001220703125</ele>
      </trkpt>
      <trkpt lat="46.242713117972016" lon="15.036970255896449">
        <ele>299.20001220703125</ele>
      </trkpt>
      <trkpt lat="46.24266752041876" lon="15.036981487646699">
        <ele>299.20001220703125</ele>
      </trkpt>
      <trkpt lat="46.24262007884681" lon="15.036989282816648">
        <ele>299.20001220703125</ele>
      </trkpt>
      <trkpt lat="46.24257171526551" lon="15.036997245624661">
        <ele>299.20001220703125</ele>
      </trkpt>
      <trkpt lat="46.242523435503244" lon="15.037002190947533">
        <ele>299.20001220703125</ele>
      </trkpt>
      <trkpt lat="46.24247440136969" lon="15.037006130442023">
        <ele>299.20001220703125</ele>
      </trkpt>
      <trkpt lat="46.242424696683884" lon="15.037008142098784">
        <ele>299.20001220703125</ele>
      </trkpt>
      <trkpt lat="46.24237524345517" lon="15.037010069936514">
        <ele>299.20001220703125</ele>
      </trkpt>
      <trkpt lat="46.24232486821711" lon="15.037016021087766">
        <ele>299.20001220703125</ele>
      </trkpt>
      <trkpt lat="46.2422751635313" lon="15.037021050229669">
        <ele>299.20001220703125</ele>
      </trkpt>
      <trkpt lat="46.24222571030259" lon="15.03702700138092">
        <ele>299.20001220703125</ele>
      </trkpt>
      <trkpt lat="46.242177011445165" lon="15.037032533437014">
        <ele>299.20001220703125</ele>
      </trkpt>
      <trkpt lat="46.24212705530226" lon="15.037037478759885">
        <ele>299.20001220703125</ele>
      </trkpt>
      <trkpt lat="46.24207743443549" lon="15.03704259172082">
        <ele>299</ele>
      </trkpt>
      <trkpt lat="46.24203803949058" lon="15.037047369405627">
        <ele>299</ele>
      </trkpt>
      <trkpt lat="46.24198288656771" lon="15.037057176232338">
        <ele>299.20001220703125</ele>
      </trkpt>
      <trkpt lat="46.24193921685219" lon="15.037065725773573">
        <ele>299.20001220703125</ele>
      </trkpt>
      <trkpt lat="46.24189680442214" lon="15.037073101848364">
        <ele>299.20001220703125</ele>
      </trkpt>
      <trkpt lat="46.241855984553695" lon="15.03708123229444">
        <ele>299.20001220703125</ele>
      </trkpt>
      <trkpt lat="46.24181751161814" lon="15.03708265721798">
        <ele>299.20001220703125</ele>
      </trkpt>
      <trkpt lat="46.24178197234869" lon="15.03707678988576">
        <ele>299.20001220703125</ele>
      </trkpt>
      <trkpt lat="46.24174785800278" lon="15.037067653611302">
        <ele>299.20001220703125</ele>
      </trkpt>
      <trkpt lat="46.24172246083617" lon="15.037060612812638">
        <ele>299.20001220703125</ele>
      </trkpt>
      <trkpt lat="46.241684993728995" lon="15.037059355527163">
        <ele>299.20001220703125</ele>
      </trkpt>
      <trkpt lat="46.24165574088693" lon="15.03707050345838">
        <ele>299.20001220703125</ele>
      </trkpt>
      <trkpt lat="46.24162917025387" lon="15.037094559520483">
        <ele>299.20001220703125</ele>
      </trkpt>
      <trkpt lat="46.241609305143356" lon="15.037131272256374">
        <ele>299.20001220703125</ele>
      </trkpt>
      <trkpt lat="46.241591703146696" lon="15.037175277248025">
        <ele>299</ele>
      </trkpt>
      <trkpt lat="46.24157686717808" lon="15.037224227562547">
        <ele>299</ele>
      </trkpt>
      <trkpt lat="46.24156060628593" lon="15.037279045209289">
        <ele>298.79998779296875</ele>
      </trkpt>
      <trkpt lat="46.24154753051698" lon="15.037331096827984">
        <ele>298.79998779296875</ele>
      </trkpt>
      <trkpt lat="46.24153034761548" lon="15.037389351055026">
        <ele>298.6000061035156</ele>
      </trkpt>
      <trkpt lat="46.24151065014303" lon="15.037447270005941">
        <ele>298.6000061035156</ele>
      </trkpt>
      <trkpt lat="46.241491539403796" lon="15.037508122622967">
        <ele>298.3999938964844</ele>
      </trkpt>
      <trkpt lat="46.2414725124836" lon="15.037570400163531">
        <ele>298.3999938964844</ele>
      </trkpt>
      <trkpt lat="46.24145365320146" lon="15.037630498409271">
        <ele>298.3999938964844</ele>
      </trkpt>
      <trkpt lat="46.241432782262564" lon="15.03768757916987">
        <ele>298.20001220703125</ele>
      </trkpt>
      <trkpt lat="46.241410318762064" lon="15.037745414301753">
        <ele>298.20001220703125</ele>
      </trkpt>
      <trkpt lat="46.24138760380447" lon="15.037800064310431">
        <ele>298.20001220703125</ele>
      </trkpt>
      <trkpt lat="46.24136606231332" lon="15.03785957582295">
        <ele>298.20001220703125</ele>
      </trkpt>
      <trkpt lat="46.24133965931833" lon="15.037917662411928">
        <ele>298</ele>
      </trkpt>
      <trkpt lat="46.24131635762751" lon="15.037977509200573">
        <ele>298</ele>
      </trkpt>
      <trkpt lat="46.241293642669916" lon="15.038039367645979">
        <ele>298</ele>
      </trkpt>
      <trkpt lat="46.24127126298845" lon="15.03810290247202">
        <ele>298.20001220703125</ele>
      </trkpt>
      <trkpt lat="46.24125324189663" lon="15.038171634078026">
        <ele>298.20001220703125</ele>
      </trkpt>
      <trkpt lat="46.241235388442874" lon="15.03824363462627">
        <ele>298.20001220703125</ele>
      </trkpt>
      <trkpt lat="46.24122298322618" lon="15.038310354575515">
        <ele>298.20001220703125</ele>
      </trkpt>
      <trkpt lat="46.24121074564755" lon="15.038380427286029">
        <ele>298.20001220703125</ele>
      </trkpt>
      <trkpt lat="46.241201274096966" lon="15.038451673462987">
        <ele>298.20001220703125</ele>
      </trkpt>
      <trkpt lat="46.24119557440281" lon="15.038527026772499">
        <ele>298</ele>
      </trkpt>
      <trkpt lat="46.24119121581316" lon="15.038604978471994">
        <ele>297.79998779296875</ele>
      </trkpt>
      <trkpt lat="46.24119255691767" lon="15.03868779167533">
        <ele>297.6000061035156</ele>
      </trkpt>
      <trkpt lat="46.241192976012826" lon="15.038772448897362">
        <ele>297.3999938964844</ele>
      </trkpt>
      <trkpt lat="46.24118627049029" lon="15.038855513557792">
        <ele>297.3999938964844</ele>
      </trkpt>
      <trkpt lat="46.24118635430932" lon="15.03893706947565">
        <ele>297.3999938964844</ele>
      </trkpt>
      <trkpt lat="46.241186102852225" lon="15.039017871022224">
        <ele>297.3999938964844</ele>
      </trkpt>
      <trkpt lat="46.24118727631867" lon="15.039101438596845">
        <ele>297.20001220703125</ele>
      </trkpt>
      <trkpt lat="46.24118819832802" lon="15.039185173809528">
        <ele>297.20001220703125</ele>
      </trkpt>
      <trkpt lat="46.24118979088962" lon="15.03926882520318">
        <ele>297.20001220703125</ele>
      </trkpt>
      <trkpt lat="46.241191970184445" lon="15.039349710568786">
        <ele>297</ele>
      </trkpt>
      <trkpt lat="46.24119465239346" lon="15.039430763572454">
        <ele>297</ele>
      </trkpt>
      <trkpt lat="46.2411976698786" lon="15.039510475471616">
        <ele>296.79998779296875</ele>
      </trkpt>
      <trkpt lat="46.2411976698786" lon="15.039592199027538">
        <ele>296.79998779296875</ele>
      </trkpt>
      <trkpt lat="46.241198759526014" lon="15.03967098891735">
        <ele>296.79998779296875</ele>
      </trkpt>
      <trkpt lat="46.241201274096966" lon="15.039750868454576">
        <ele>296.79998779296875</ele>
      </trkpt>
      <trkpt lat="46.241201777011156" lon="15.039830831810832">
        <ele>296.79998779296875</ele>
      </trkpt>
      <trkpt lat="46.241201357916" lon="15.039911046624184">
        <ele>296.79998779296875</ele>
      </trkpt>
      <trkpt lat="46.241202196106315" lon="15.039991596713662">
        <ele>296.79998779296875</ele>
      </trkpt>
      <trkpt lat="46.24120303429663" lon="15.040071979165077">
        <ele>296.79998779296875</ele>
      </trkpt>
      <trkpt lat="46.24120496213436" lon="15.040152193978429">
        <ele>296.79998779296875</ele>
      </trkpt>
      <trkpt lat="46.241209572181106" lon="15.040234085172415">
        <ele>296.6000061035156</ele>
      </trkpt>
      <trkpt lat="46.2412116676569" lon="15.040317485108972">
        <ele>296.6000061035156</ele>
      </trkpt>
      <trkpt lat="46.24121401458979" lon="15.04040096886456">
        <ele>296.6000061035156</ele>
      </trkpt>
      <trkpt lat="46.24121661297977" lon="15.040483195334673">
        <ele>296.6000061035156</ele>
      </trkpt>
      <trkpt lat="46.24121820554137" lon="15.04054899327457">
        <ele>296.3999938964844</ele>
      </trkpt>
      <trkpt lat="46.24122139066458" lon="15.040649073198438">
        <ele>296.3999938964844</ele>
      </trkpt>
      <trkpt lat="46.24122189357877" lon="15.040734568610787">
        <ele>296.20001220703125</ele>
      </trkpt>
      <trkpt lat="46.241221223026514" lon="15.040817214176059">
        <ele>296.20001220703125</ele>
      </trkpt>
      <trkpt lat="46.24122440814972" lon="15.040899524465203">
        <ele>296</ele>
      </trkpt>
      <trkpt lat="46.241229521110654" lon="15.04098191857338">
        <ele>296</ele>
      </trkpt>
      <trkpt lat="46.24123698100448" lon="15.041062803938985">
        <ele>296</ele>
      </trkpt>
      <trkpt lat="46.241244776174426" lon="15.041145281866193">
        <ele>296</ele>
      </trkpt>
      <trkpt lat="46.24125215224922" lon="15.041228514164686">
        <ele>296</ele>
      </trkpt>
      <trkpt lat="46.241258857771754" lon="15.04131275229156">
        <ele>296</ele>
      </trkpt>
      <trkpt lat="46.24126405455172" lon="15.041396236047149">
        <ele>295.79998779296875</ele>
      </trkpt>
      <trkpt lat="46.24126799404621" lon="15.041478294879198">
        <ele>295.6000061035156</ele>
      </trkpt>
      <trkpt lat="46.241270676255226" lon="15.041544260457158">
        <ele>295.6000061035156</ele>
      </trkpt>
      <trkpt lat="46.24127344228327" lon="15.041624642908573">
        <ele>295.3999938964844</ele>
      </trkpt>
      <trkpt lat="46.241272604092956" lon="15.041719526052475">
        <ele>295.20001220703125</ele>
      </trkpt>
      <trkpt lat="46.24126615002751" lon="15.04180183634162">
        <ele>295</ele>
      </trkpt>
      <trkpt lat="46.24125860631466" lon="15.04188347607851">
        <ele>295</ele>
      </trkpt>
      <trkpt lat="46.24125466682017" lon="15.041967378929257">
        <ele>294.79998779296875</ele>
      </trkpt>
      <trkpt lat="46.24125047586858" lon="15.042052455246449">
        <ele>294.6000061035156</ele>
      </trkpt>
      <trkpt lat="46.24124611727893" lon="15.042139207944274">
        <ele>294.3999938964844</ele>
      </trkpt>
      <trkpt lat="46.24124050140381" lon="15.042227301746607">
        <ele>294.20001220703125</ele>
      </trkpt>
      <trkpt lat="46.24123287387192" lon="15.04231489263475">
        <ele>294.20001220703125</ele>
      </trkpt>
      <trkpt lat="46.24122507870197" lon="15.042402148246765">
        <ele>294.3999938964844</ele>
      </trkpt>
      <trkpt lat="46.24122004956007" lon="15.04248932003975">
        <ele>294.3999938964844</ele>
      </trkpt>
      <trkpt lat="46.24121803790331" lon="15.042576994746923">
        <ele>294.3999938964844</ele>
      </trkpt>
      <trkpt lat="46.24121518805623" lon="15.042665507644415">
        <ele>294.6000061035156</ele>
      </trkpt>
      <trkpt lat="46.241215942427516" lon="15.042753852903843">
        <ele>294.6000061035156</ele>
      </trkpt>
      <trkpt lat="46.24121552333236" lon="15.0428406894207">
        <ele>294.6000061035156</ele>
      </trkpt>
      <trkpt lat="46.24121334403753" lon="15.04293205216527">
        <ele>294.3999938964844</ele>
      </trkpt>
      <trkpt lat="46.24121074564755" lon="15.043024169281125">
        <ele>294.3999938964844</ele>
      </trkpt>
      <trkpt lat="46.24120496213436" lon="15.043115699663758">
        <ele>294.20001220703125</ele>
      </trkpt>
      <trkpt lat="46.24119909480214" lon="15.043204799294472">
        <ele>294.20001220703125</ele>
      </trkpt>
      <trkpt lat="46.241196077317" lon="15.043299933895469">
        <ele>294</ele>
      </trkpt>
      <trkpt lat="46.24118979088962" lon="15.043393895030022">
        <ele>294</ele>
      </trkpt>
      <trkpt lat="46.24118434265256" lon="15.043490370735526">
        <ele>294</ele>
      </trkpt>
      <trkpt lat="46.24118350446224" lon="15.043583326041698">
        <ele>294</ele>
      </trkpt>
      <trkpt lat="46.241178307682276" lon="15.043675024062395">
        <ele>294</ele>
      </trkpt>
      <trkpt lat="46.241170512512326" lon="15.043767224997282">
        <ele>293.79998779296875</ele>
      </trkpt>
      <trkpt lat="46.24116590246558" lon="15.043860767036676">
        <ele>293.79998779296875</ele>
      </trkpt>
      <trkpt lat="46.241157688200474" lon="15.043954811990261">
        <ele>293.6000061035156</ele>
      </trkpt>
      <trkpt lat="46.241161208599806" lon="15.044050449505448">
        <ele>293.6000061035156</ele>
      </trkpt>
      <trkpt lat="46.241162130609155" lon="15.044145500287414">
        <ele>293.6000061035156</ele>
      </trkpt>
      <trkpt lat="46.241162633523345" lon="15.044222781434655">
        <ele>293.6000061035156</ele>
      </trkpt>
      <trkpt lat="46.24115852639079" lon="15.044334763661027">
        <ele>293.6000061035156</ele>
      </trkpt>
      <trkpt lat="46.241158274933696" lon="15.044430484995246">
        <ele>293.6000061035156</ele>
      </trkpt>
      <trkpt lat="46.241158694028854" lon="15.044525871053338">
        <ele>293.79998779296875</ele>
      </trkpt>
      <trkpt lat="46.24115358106792" lon="15.044620838016272">
        <ele>293.79998779296875</ele>
      </trkpt>
      <trkpt lat="46.241156430915" lon="15.044719744473696">
        <ele>293.79998779296875</ele>
      </trkpt>
      <trkpt lat="46.24116372317076" lon="15.044818986207247">
        <ele>293.6000061035156</ele>
      </trkpt>
      <trkpt lat="46.24117260798812" lon="15.044912779703736">
        <ele>293.6000061035156</ele>
      </trkpt>
      <trkpt lat="46.24118149280548" lon="15.04500581882894">
        <ele>293.3999938964844</ele>
      </trkpt>
      <trkpt lat="46.24119758605957" lon="15.04509961232543">
        <ele>293.20001220703125</ele>
      </trkpt>
      <trkpt lat="46.24121652916074" lon="15.045184353366494">
        <ele>293.20001220703125</ele>
      </trkpt>
      <trkpt lat="46.24124150723219" lon="15.04526725038886">
        <ele>293.20001220703125</ele>
      </trkpt>
      <trkpt lat="46.24126975424588" lon="15.045347297564149">
        <ele>293.20001220703125</ele>
      </trkpt>
      <trkpt lat="46.24129288829863" lon="15.045412173494697">
        <ele>293.20001220703125</ele>
      </trkpt>
      <trkpt lat="46.24132364988327" lon="15.045499010011554">
        <ele>293</ele>
      </trkpt>
      <trkpt lat="46.24136916361749" lon="15.045601855963469">
        <ele>293</ele>
      </trkpt>
      <trkpt lat="46.24141635373235" lon="15.045684250071645">
        <ele>292.79998779296875</ele>
      </trkpt>
      <trkpt lat="46.24146396294236" lon="15.045759184285998">
        <ele>292.6000061035156</ele>
      </trkpt>
      <trkpt lat="46.24150251969695" lon="15.045813918113708">
        <ele>292.3999938964844</ele>
      </trkpt>
      <trkpt lat="46.24156588688493" lon="15.045891534537077">
        <ele>292.3999938964844</ele>
      </trkpt>
      <trkpt lat="46.241621458902955" lon="15.045955404639244">
        <ele>292.20001220703125</ele>
      </trkpt>
      <trkpt lat="46.24168264679611" lon="15.04601533524692">
        <ele>292.20001220703125</ele>
      </trkpt>
      <trkpt lat="46.241745594888926" lon="15.046072918921709">
        <ele>292</ele>
      </trkpt>
      <trkpt lat="46.24181223101914" lon="15.046127988025546">
        <ele>291.79998779296875</ele>
      </trkpt>
      <trkpt lat="46.24186713248491" lon="15.046167466789484">
        <ele>291.6000061035156</ele>
      </trkpt>
      <trkpt lat="46.24195095151663" lon="15.046218847855926">
        <ele>291.20001220703125</ele>
      </trkpt>
      <trkpt lat="46.24202253296971" lon="15.046260422095656">
        <ele>291</ele>
      </trkpt>
      <trkpt lat="46.24209620989859" lon="15.046297134831548">
        <ele>290.79998779296875</ele>
      </trkpt>
      <trkpt lat="46.2421649415046" lon="15.046333009377122">
        <ele>290.6000061035156</ele>
      </trkpt>
      <trkpt lat="46.242237361148" lon="15.046367039903998">
        <ele>290.6000061035156</ele>
      </trkpt>
      <trkpt lat="46.242309948429465" lon="15.046398472040892">
        <ele>290.6000061035156</ele>
      </trkpt>
      <trkpt lat="46.24238236807287" lon="15.046435939148068">
        <ele>290.6000061035156</ele>
      </trkpt>
      <trkpt lat="46.24245135113597" lon="15.046479105949402">
        <ele>290.79998779296875</ele>
      </trkpt>
      <trkpt lat="46.242517065256834" lon="15.046531409025192">
        <ele>290.79998779296875</ele>
      </trkpt>
      <trkpt lat="46.24257808551192" lon="15.046587400138378">
        <ele>290.79998779296875</ele>
      </trkpt>
      <trkpt lat="46.242638351395726" lon="15.046652192249894">
        <ele>290.6000061035156</ele>
      </trkpt>
      <trkpt lat="46.242695515975356" lon="15.0467209238559">
        <ele>290.3999938964844</ele>
      </trkpt>
      <trkpt lat="46.24275100417435" lon="15.046795774251223">
        <ele>290.20001220703125</ele>
      </trkpt>
      <trkpt lat="46.242803893983364" lon="15.046874564141035">
        <ele>290</ele>
      </trkpt>
      <trkpt lat="46.24285200610757" lon="15.0469593051821">
        <ele>289.79998779296875</ele>
      </trkpt>
      <trkpt lat="46.24289710074663" lon="15.047049913555384">
        <ele>289.79998779296875</ele>
      </trkpt>
      <trkpt lat="46.24293725006282" lon="15.047140354290605">
        <ele>289.6000061035156</ele>
      </trkpt>
      <trkpt lat="46.24296843074262" lon="15.04721780307591">
        <ele>289.6000061035156</ele>
      </trkpt>
      <trkpt lat="46.2430058978498" lon="15.04733213223517">
        <ele>289.6000061035156</ele>
      </trkpt>
      <trkpt lat="46.24303297139704" lon="15.047430703416467">
        <ele>289.6000061035156</ele>
      </trkpt>
      <trkpt lat="46.243052165955305" lon="15.047527849674225">
        <ele>289.3999938964844</ele>
      </trkpt>
      <trkpt lat="46.24307194724679" lon="15.047625498846173">
        <ele>289.3999938964844</ele>
      </trkpt>
      <trkpt lat="46.24308904632926" lon="15.047721974551678">
        <ele>289.20001220703125</ele>
      </trkpt>
      <trkpt lat="46.243101954460144" lon="15.04781593568623">
        <ele>289.20001220703125</ele>
      </trkpt>
      <trkpt lat="46.243117209523916" lon="15.047906627878547">
        <ele>289.20001220703125</ele>
      </trkpt>
      <trkpt lat="46.243145037442446" lon="15.047988519072533">
        <ele>289.20001220703125</ele>
      </trkpt>
      <trkpt lat="46.243186024948955" lon="15.048054233193398">
        <ele>289.20001220703125</ele>
      </trkpt>
      <trkpt lat="46.24324017204344" lon="15.048097902908921">
        <ele>289.20001220703125</ele>
      </trkpt>
      <trkpt lat="46.2433029524982" lon="15.048120869323611">
        <ele>289.20001220703125</ele>
      </trkpt>
      <trkpt lat="46.24336263164878" lon="15.0481266528368">
        <ele>289.20001220703125</ele>
      </trkpt>
      <trkpt lat="46.243426417931914" lon="15.048123551532626">
        <ele>289.20001220703125</ele>
      </trkpt>
      <trkpt lat="46.24347930774093" lon="15.048119444400072">
        <ele>289.20001220703125</ele>
      </trkpt>
      <trkpt lat="46.24354409985244" lon="15.048128329217434">
        <ele>289.20001220703125</ele>
      </trkpt>
      <trkpt lat="46.24362003989518" lon="15.0481559894979">
        <ele>289.20001220703125</ele>
      </trkpt>
      <trkpt lat="46.24368231743574" lon="15.048188678920269">
        <ele>289</ele>
      </trkpt>
      <trkpt lat="46.2437448464334" lon="15.048223044723272">
        <ele>289</ele>
      </trkpt>
      <trkpt lat="46.243809973821044" lon="15.048247268423438">
        <ele>289</ele>
      </trkpt>
      <trkpt lat="46.24387468211353" lon="15.048252884298563">
        <ele>288.79998779296875</ele>
      </trkpt>
      <trkpt lat="46.24393788166344" lon="15.048242155462503">
        <ele>288.79998779296875</ele>
      </trkpt>
      <trkpt lat="46.244001584127545" lon="15.048221871256828">
        <ele>288.6000061035156</ele>
      </trkpt>
      <trkpt lat="46.24406402930617" lon="15.048203933984041">
        <ele>288.6000061035156</ele>
      </trkpt>
      <trkpt lat="46.244126139208674" lon="15.048186834901571">
        <ele>288.3999938964844</ele>
      </trkpt>
      <trkpt lat="46.24418959021568" lon="15.048171831294894">
        <ele>288.3999938964844</ele>
      </trkpt>
      <trkpt lat="46.2442525383085" lon="15.048153642565012">
        <ele>288.3999938964844</ele>
      </trkpt>
      <trkpt lat="46.24430224299431" lon="15.048134280368686">
        <ele>288.20001220703125</ele>
      </trkpt>
      <trkpt lat="46.244375836104155" lon="15.048101088032126">
        <ele>288.3999938964844</ele>
      </trkpt>
      <trkpt lat="46.244435515254736" lon="15.048072002828121">
        <ele>288.3999938964844</ele>
      </trkpt>
      <trkpt lat="46.24449586495757" lon="15.048040738329291">
        <ele>288.3999938964844</ele>
      </trkpt>
      <trkpt lat="46.24455336481333" lon="15.04800695925951">
        <ele>288.3999938964844</ele>
      </trkpt>
      <trkpt lat="46.24460876919329" lon="15.047970749437809">
        <ele>288.3999938964844</ele>
      </trkpt>
      <trkpt lat="46.24465998262167" lon="15.047932444140315">
        <ele>288.3999938964844</ele>
      </trkpt>
      <trkpt lat="46.24470993876457" lon="15.047892043367028">
        <ele>288.6000061035156</ele>
      </trkpt>
      <trkpt lat="46.24476098455489" lon="15.047852229326963">
        <ele>288.6000061035156</ele>
      </trkpt>
      <trkpt lat="46.244811192154884" lon="15.047813840210438">
        <ele>288.79998779296875</ele>
      </trkpt>
      <trkpt lat="46.24486232176423" lon="15.047771595418453">
        <ele>289</ele>
      </trkpt>
      <trkpt lat="46.244913283735514" lon="15.047727590426803">
        <ele>289</ele>
      </trkpt>
      <trkpt lat="46.244963742792606" lon="15.047680735588074">
        <ele>289.20001220703125</ele>
      </trkpt>
      <trkpt lat="46.245011603459716" lon="15.04762633703649">
        <ele>289.3999938964844</ele>
      </trkpt>
      <trkpt lat="46.245052590966225" lon="15.04757210612297">
        <ele>289.6000061035156</ele>
      </trkpt>
      <trkpt lat="46.24509282410145" lon="15.04751930013299">
        <ele>290</ele>
      </trkpt>
      <trkpt lat="46.245132302865386" lon="15.047469595447183">
        <ele>290.20001220703125</ele>
      </trkpt>
      <trkpt lat="46.24517261981964" lon="15.047420393675566">
        <ele>290.3999938964844</ele>
      </trkpt>
      <trkpt lat="46.24521209858358" lon="15.04737077280879">
        <ele>290.3999938964844</ele>
      </trkpt>
      <trkpt lat="46.24525090679526" lon="15.047321571037173">
        <ele>290.3999938964844</ele>
      </trkpt>
      <trkpt lat="46.24529030174017" lon="15.047270441427827">
        <ele>290.6000061035156</ele>
      </trkpt>
      <trkpt lat="46.24532902613282" lon="15.04722123965621">
        <ele>290.6000061035156</ele>
      </trkpt>
      <trkpt lat="46.24536951072514" lon="15.047172456979752">
        <ele>290.6000061035156</ele>
      </trkpt>
      <trkpt lat="46.24541250988841" lon="15.047121997922659">
        <ele>290.6000061035156</ele>
      </trkpt>
      <trkpt lat="46.24545844271779" lon="15.047075562179089">
        <ele>290.6000061035156</ele>
      </trkpt>
      <trkpt lat="46.245507476851344" lon="15.04703314974904">
        <ele>290.6000061035156</ele>
      </trkpt>
      <trkpt lat="46.245557349175215" lon="15.046997275203466">
        <ele>290.79998779296875</ele>
      </trkpt>
      <trkpt lat="46.245606718584895" lon="15.0469661783427">
        <ele>290.79998779296875</ele>
      </trkpt>
      <trkpt lat="46.245658937841654" lon="15.046941032633185">
        <ele>291</ele>
      </trkpt>
      <trkpt lat="46.24571308493614" lon="15.046920916065574">
        <ele>291</ele>
      </trkpt>
      <trkpt lat="46.245767483487725" lon="15.046905828639865">
        <ele>291.20001220703125</ele>
      </trkpt>
      <trkpt lat="46.24582179822028" lon="15.046896692365408">
        <ele>291.3999938964844</ele>
      </trkpt>
      <trkpt lat="46.245875442400575" lon="15.04689434543252">
        <ele>291.3999938964844</ele>
      </trkpt>
      <trkpt lat="46.24593051150441" lon="15.046900380402803">
        <ele>291.3999938964844</ele>
      </trkpt>
      <trkpt lat="46.245984407141805" lon="15.046915300190449">
        <ele>291.6000061035156</ele>
      </trkpt>
      <trkpt lat="46.246037632226944" lon="15.046935835853219">
        <ele>291.6000061035156</ele>
      </trkpt>
      <trkpt lat="46.24609203077853" lon="15.046954611316323">
        <ele>291.3999938964844</ele>
      </trkpt>
      <trkpt lat="46.246146177873015" lon="15.046975063160062">
        <ele>291.3999938964844</ele>
      </trkpt>
      <trkpt lat="46.24619772657752" lon="15.046999789774418">
        <ele>291.3999938964844</ele>
      </trkpt>
      <trkpt lat="46.24624986201525" lon="15.047026108950377">
        <ele>291.3999938964844</ele>
      </trkpt>
      <trkpt lat="46.24630174599588" lon="15.04704924300313">
        <ele>291.3999938964844</ele>
      </trkpt>
      <trkpt lat="46.246355306357145" lon="15.047071957960725">
        <ele>291.3999938964844</ele>
      </trkpt>
      <trkpt lat="46.24640392139554" lon="15.047100204974413">
        <ele>291.3999938964844</ele>
      </trkpt>
      <trkpt lat="46.2464490160346" lon="15.047141527757049">
        <ele>291.3999938964844</ele>
      </trkpt>
      <trkpt lat="46.2464873213321" lon="15.047193830832839">
        <ele>291.3999938964844</ele>
      </trkpt>
      <trkpt lat="46.24652034603059" lon="15.047255856916308">
        <ele>291.3999938964844</ele>
      </trkpt>
      <trkpt lat="46.24654423445463" lon="15.047325007617474">
        <ele>291.20001220703125</ele>
      </trkpt>
      <trkpt lat="46.24656233936548" lon="15.047393906861544">
        <ele>291.3999938964844</ele>
      </trkpt>
      <trkpt lat="46.246574660763144" lon="15.047461967915297">
        <ele>291.3999938964844</ele>
      </trkpt>
      <trkpt lat="46.24658027663827" lon="15.047537069767714">
        <ele>291.3999938964844</ele>
      </trkpt>
      <trkpt lat="46.24658077955246" lon="15.047613512724638">
        <ele>291.3999938964844</ele>
      </trkpt>
      <trkpt lat="46.24657725915313" lon="15.04768836311996">
        <ele>291.20001220703125</ele>
      </trkpt>
      <trkpt lat="46.246572230011225" lon="15.047763297334313">
        <ele>291.20001220703125</ele>
      </trkpt>
      <trkpt lat="46.24656208790839" lon="15.047835214063525">
        <ele>291</ele>
      </trkpt>
      <trkpt lat="46.2465423066169" lon="15.047902520745993">
        <ele>291</ele>
      </trkpt>
      <trkpt lat="46.246516574174166" lon="15.04796203225851">
        <ele>290.79998779296875</ele>
      </trkpt>
      <trkpt lat="46.24648061580956" lon="15.048016849905252">
        <ele>290.79998779296875</ele>
      </trkpt>
      <trkpt lat="46.24644013121724" lon="15.048067644238472">
        <ele>290.79998779296875</ele>
      </trkpt>
      <trkpt lat="46.246403167024255" lon="15.048127239570022">
        <ele>290.79998779296875</ele>
      </trkpt>
      <trkpt lat="46.24637056142092" lon="15.048193708062172">
        <ele>290.79998779296875</ele>
      </trkpt>
      <trkpt lat="46.24634181149304" lon="15.048263613134623">
        <ele>290.79998779296875</ele>
      </trkpt>
      <trkpt lat="46.24631314538419" lon="15.048336703330278">
        <ele>290.79998779296875</ele>
      </trkpt>
      <trkpt lat="46.24629244208336" lon="15.048411889001727">
        <ele>290.6000061035156</ele>
      </trkpt>
      <trkpt lat="46.246275678277016" lon="15.04848875105381">
        <ele>290.6000061035156</ele>
      </trkpt>
      <trkpt lat="46.24626025557518" lon="15.048565613105893">
        <ele>290.3999938964844</ele>
      </trkpt>
      <trkpt lat="46.24624357558787" lon="15.048643229529262">
        <ele>290.20001220703125</ele>
      </trkpt>
      <trkpt lat="46.246226811781526" lon="15.04872134886682">
        <ele>290.20001220703125</ele>
      </trkpt>
      <trkpt lat="46.24621029943228" lon="15.048799803480506">
        <ele>290</ele>
      </trkpt>
      <trkpt lat="46.246197475120425" lon="15.048880353569984">
        <ele>290</ele>
      </trkpt>
      <trkpt lat="46.24618708156049" lon="15.048959981650114">
        <ele>290</ele>
      </trkpt>
      <trkpt lat="46.246174005791545" lon="15.049038687720895">
        <ele>290</ele>
      </trkpt>
      <trkpt lat="46.24615967273712" lon="15.049111945554614">
        <ele>290.20001220703125</ele>
      </trkpt>
      <trkpt lat="46.24614835716784" lon="15.049186125397682">
        <ele>290.3999938964844</ele>
      </trkpt>
      <trkpt lat="46.246137293055654" lon="15.049264580011368">
        <ele>290.3999938964844</ele>
      </trkpt>
      <trkpt lat="46.24612648040056" lon="15.049344124272466">
        <ele>290.3999938964844</ele>
      </trkpt>
      <trkpt lat="46.24611424282193" lon="15.049423417076468">
        <ele>290.3999938964844</ele>
      </trkpt>
      <trkpt lat="46.2461022567004" lon="15.049503883346915">
        <ele>290.3999938964844</ele>
      </trkpt>
      <trkpt lat="46.24608884565532" lon="15.049586109817028">
        <ele>290.3999938964844</ele>
      </trkpt>
      <trkpt lat="46.24607400968671" lon="15.049668420106173">
        <ele>290.3999938964844</ele>
      </trkpt>
      <trkpt lat="46.24606043100357" lon="15.049745449796319">
        <ele>290.20001220703125</ele>
      </trkpt>
      <trkpt lat="46.24604417011142" lon="15.049825832247734">
        <ele>290.20001220703125</ele>
      </trkpt>
      <trkpt lat="46.24603000469506" lon="15.04990772344172">
        <ele>290</ele>
      </trkpt>
      <trkpt lat="46.24601198360324" lon="15.049988776445389">
        <ele>290</ele>
      </trkpt>
      <trkpt lat="46.245995722711086" lon="15.050065973773599">
        <ele>289.79998779296875</ele>
      </trkpt>
      <trkpt lat="46.24598030000925" lon="15.050144847482443">
        <ele>289.6000061035156</ele>
      </trkpt>
      <trkpt lat="46.24596429057419" lon="15.05022045224905">
        <ele>289.6000061035156</ele>
      </trkpt>
      <trkpt lat="46.245947275310755" lon="15.05029622465372">
        <ele>289.6000061035156</ele>
      </trkpt>
      <trkpt lat="46.245933109894395" lon="15.050369063392282">
        <ele>289.6000061035156</ele>
      </trkpt>
      <trkpt lat="46.24591827392578" lon="15.050442488864064">
        <ele>289.6000061035156</ele>
      </trkpt>
      <trkpt lat="46.24590117484331" lon="15.050516836345196">
        <ele>289.6000061035156</ele>
      </trkpt>
      <trkpt lat="46.24587954953313" lon="15.050588166341186">
        <ele>289.6000061035156</ele>
      </trkpt>
      <trkpt lat="46.24585415236652" lon="15.050660418346524">
        <ele>289.6000061035156</ele>
      </trkpt>
      <trkpt lat="46.245825067162514" lon="15.050732335075736">
        <ele>289.79998779296875</ele>
      </trkpt>
      <trkpt lat="46.245793383568525" lon="15.050804922357202">
        <ele>289.79998779296875</ele>
      </trkpt>
      <trkpt lat="46.24576094560325" lon="15.05087667144835">
        <ele>289.79998779296875</ele>
      </trkpt>
      <trkpt lat="46.245729848742485" lon="15.050951102748513">
        <ele>289.79998779296875</ele>
      </trkpt>
      <trkpt lat="46.24569548293948" lon="15.051029305905104">
        <ele>289.6000061035156</ele>
      </trkpt>
      <trkpt lat="46.245659859851" lon="15.051104323938489">
        <ele>289.6000061035156</ele>
      </trkpt>
      <trkpt lat="46.245618872344494" lon="15.051177833229303">
        <ele>289.3999938964844</ele>
      </trkpt>
      <trkpt lat="46.24557847157121" lon="15.051248408854008">
        <ele>289.3999938964844</ele>
      </trkpt>
      <trkpt lat="46.2455372326076" lon="15.051314625889063">
        <ele>289.20001220703125</ele>
      </trkpt>
      <trkpt lat="46.24549113214016" lon="15.051376484334469">
        <ele>289</ele>
      </trkpt>
      <trkpt lat="46.24543648213148" lon="15.05143172107637">
        <ele>288.79998779296875</ele>
      </trkpt>
      <trkpt lat="46.245379485189915" lon="15.051481844857335">
        <ele>288.6000061035156</ele>
      </trkpt>
      <trkpt lat="46.245322823524475" lon="15.05153045989573">
        <ele>288.3999938964844</ele>
      </trkpt>
      <trkpt lat="46.24526498839259" lon="15.051583936437964">
        <ele>288.20001220703125</ele>
      </trkpt>
      <trkpt lat="46.24520815908909" lon="15.051638670265675">
        <ele>288.20001220703125</ele>
      </trkpt>
      <trkpt lat="46.24514847993851" lon="15.051691392436624">
        <ele>288</ele>
      </trkpt>
      <trkpt lat="46.24509047716856" lon="15.051744366064668">
        <ele>287.79998779296875</ele>
      </trkpt>
      <trkpt lat="46.24503272585571" lon="15.051797926425934">
        <ele>287.79998779296875</ele>
      </trkpt>
      <trkpt lat="46.244972459971905" lon="15.051851822063327">
        <ele>287.6000061035156</ele>
      </trkpt>
      <trkpt lat="46.24491361901164" lon="15.051905382424593">
        <ele>287.6000061035156</ele>
      </trkpt>
      <trkpt lat="46.24485402368009" lon="15.051956428214908">
        <ele>287.3999938964844</ele>
      </trkpt>
      <trkpt lat="46.24479694291949" lon="15.052010826766491">
        <ele>287.20001220703125</ele>
      </trkpt>
      <trkpt lat="46.24473902396858" lon="15.05207042209804">
        <ele>287</ele>
      </trkpt>
      <trkpt lat="46.2446825299412" lon="15.052130436524749">
        <ele>286.79998779296875</ele>
      </trkpt>
      <trkpt lat="46.24463617801666" lon="15.052177207544446">
        <ele>286.79998779296875</ele>
      </trkpt>
      <trkpt lat="46.244578091427684" lon="15.052233198657632">
        <ele>286.6000061035156</ele>
      </trkpt>
      <trkpt lat="46.24450642615557" lon="15.052297823131084">
        <ele>286.3999938964844</ele>
      </trkpt>
      <trkpt lat="46.244447752833366" lon="15.052352221682668">
        <ele>286.3999938964844</ele>
      </trkpt>
      <trkpt lat="46.2443891633302" lon="15.052407206967473">
        <ele>286.20001220703125</ele>
      </trkpt>
      <trkpt lat="46.244331412017345" lon="15.052461605519056">
        <ele>286.20001220703125</ele>
      </trkpt>
      <trkpt lat="46.244272738695145" lon="15.052516674622893">
        <ele>286</ele>
      </trkpt>
      <trkpt lat="46.24421230517328" lon="15.05257174372673">
        <ele>285.79998779296875</ele>
      </trkpt>
      <trkpt lat="46.244151620194316" lon="15.052621951326728">
        <ele>285.79998779296875</ele>
      </trkpt>
      <trkpt lat="46.24409269541502" lon="15.052667800337076">
        <ele>285.79998779296875</ele>
      </trkpt>
      <trkpt lat="46.24403310008347" lon="15.052713816985488">
        <ele>285.79998779296875</ele>
      </trkpt>
      <trkpt lat="46.24397384002805" lon="15.052758660167456">
        <ele>285.79998779296875</ele>
      </trkpt>
      <trkpt lat="46.243919022381306" lon="15.052800737321377">
        <ele>285.79998779296875</ele>
      </trkpt>
      <trkpt lat="46.243864204734564" lon="15.052845077589154">
        <ele>285.79998779296875</ele>
      </trkpt>
      <trkpt lat="46.24380829744041" lon="15.052891513332725">
        <ele>285.79998779296875</ele>
      </trkpt>
      <trkpt lat="46.24375306069851" lon="15.052943984046578">
        <ele>285.6000061035156</ele>
      </trkpt>
      <trkpt lat="46.24370000325143" lon="15.053002489730716">
        <ele>285.3999938964844</ele>
      </trkpt>
      <trkpt lat="46.24365096911788" lon="15.0530637614429">
        <ele>285.3999938964844</ele>
      </trkpt>
      <trkpt lat="46.24360537156463" lon="15.053134756162763">
        <ele>285.3999938964844</ele>
      </trkpt>
      <trkpt lat="46.2435669824481" lon="15.053207846358418">
        <ele>285.3999938964844</ele>
      </trkpt>
      <trkpt lat="46.243533035740256" lon="15.053281607106328">
        <ele>285.6000061035156</ele>
      </trkpt>
      <trkpt lat="46.243503196164966" lon="15.053360983729362">
        <ele>285.6000061035156</ele>
      </trkpt>
      <trkpt lat="46.24348031356931" lon="15.053444635123014">
        <ele>285.6000061035156</ele>
      </trkpt>
      <trkpt lat="46.24345793388784" lon="15.053525269031525">
        <ele>285.79998779296875</ele>
      </trkpt>
      <trkpt lat="46.24343656003475" lon="15.053606741130352">
        <ele>285.79998779296875</ele>
      </trkpt>
      <trkpt lat="46.24341853894293" lon="15.053690895438194">
        <ele>286</ele>
      </trkpt>
      <trkpt lat="46.24340194277465" lon="15.053773960098624">
        <ele>286</ele>
      </trkpt>
      <trkpt lat="46.243382915854454" lon="15.053853671997786">
        <ele>286.20001220703125</ele>
      </trkpt>
      <trkpt lat="46.243363469839096" lon="15.053930282592773">
        <ele>286.3999938964844</ele>
      </trkpt>
      <trkpt lat="46.24334653839469" lon="15.05400437861681">
        <ele>286.6000061035156</ele>
      </trkpt>
      <trkpt lat="46.24333321116865" lon="15.054081240668893">
        <ele>286.6000061035156</ele>
      </trkpt>
      <trkpt lat="46.24332147650421" lon="15.054156007245183">
        <ele>286.79998779296875</ele>
      </trkpt>
      <trkpt lat="46.24330831691623" lon="15.05422918125987">
        <ele>287</ele>
      </trkpt>
      <trkpt lat="46.24329876154661" lon="15.054301517084241">
        <ele>287</ele>
      </trkpt>
      <trkpt lat="46.243283338844776" lon="15.05437427200377">
        <ele>287</ele>
      </trkpt>
      <trkpt lat="46.243268167600036" lon="15.054446524009109">
        <ele>287</ele>
      </trkpt>
      <trkpt lat="46.243252074345946" lon="15.054518692195415">
        <ele>287</ele>
      </trkpt>
      <trkpt lat="46.24324109405279" lon="15.054594967514277">
        <ele>287</ele>
      </trkpt>
      <trkpt lat="46.24322969466448" lon="15.054673254489899">
        <ele>287</ele>
      </trkpt>
      <trkpt lat="46.243219301104546" lon="15.054752798750997">
        <ele>287</ele>
      </trkpt>
      <trkpt lat="46.24321008101106" lon="15.054834270849824">
        <ele>286.79998779296875</ele>
      </trkpt>
      <trkpt lat="46.243202704936266" lon="15.054914318025112">
        <ele>286.79998779296875</ele>
      </trkpt>
      <trkpt lat="46.24319423921406" lon="15.054994532838464">
        <ele>286.79998779296875</ele>
      </trkpt>
      <trkpt lat="46.24318325892091" lon="15.05505790002644">
        <ele>286.79998779296875</ele>
      </trkpt>
      <trkpt lat="46.24316322617233" lon="15.055132079869509">
        <ele>286.79998779296875</ele>
      </trkpt>
      <trkpt lat="46.24313925392926" lon="15.055219670757651">
        <ele>286.6000061035156</ele>
      </trkpt>
      <trkpt lat="46.24311729334295" lon="15.055293180048466">
        <ele>286.6000061035156</ele>
      </trkpt>
      <trkpt lat="46.243091225624084" lon="15.055366437882185">
        <ele>286.6000061035156</ele>
      </trkpt>
      <trkpt lat="46.24306230805814" lon="15.055435504764318">
        <ele>286.6000061035156</ele>
      </trkpt>
      <trkpt lat="46.24302928335965" lon="15.055502895265818">
        <ele>286.79998779296875</ele>
      </trkpt>
      <trkpt lat="46.242998940870166" lon="15.055572632700205">
        <ele>286.79998779296875</ele>
      </trkpt>
      <trkpt lat="46.24296792782843" lon="15.055642453953624">
        <ele>287</ele>
      </trkpt>
      <trkpt lat="46.242932975292206" lon="15.055710095912218">
        <ele>287</ele>
      </trkpt>
      <trkpt lat="46.24289466999471" lon="15.055774468928576">
        <ele>286.79998779296875</ele>
      </trkpt>
      <trkpt lat="46.242899" lon="15.05578">
        <ele>286.64</ele>
      </trkpt>
      <trkpt lat="46.242866" lon="15.05584">
        <ele>286.62</ele>
      </trkpt>
      <trkpt lat="46.242778" lon="15.055876">
        <ele>286.79</ele>
      </trkpt>
      <trkpt lat="46.242632" lon="15.055903">
        <ele>286.93</ele>
      </trkpt>
      <trkpt lat="46.242504" lon="15.055907">
        <ele>286.92</ele>
      </trkpt>
      <trkpt lat="46.242422" lon="15.055897">
        <ele>286.93</ele>
      </trkpt>
      <trkpt lat="46.24240340664983" lon="15.055910088121891">
        <ele>287.3999938964844</ele>
      </trkpt>
      <trkpt lat="46.24237968586385" lon="15.055907908827066">
        <ele>287.3999938964844</ele>
      </trkpt>
      <trkpt lat="46.24235512688756" lon="15.055910674855113">
        <ele>287.3999938964844</ele>
      </trkpt>
      <trkpt lat="46.24232939444482" lon="15.055921487510204">
        <ele>287.3999938964844</ele>
      </trkpt>
      <trkpt lat="46.24229938723147" lon="15.055932300165296">
        <ele>287.3999938964844</ele>
      </trkpt>
      <trkpt lat="46.242268458008766" lon="15.055941687896848">
        <ele>287.3999938964844</ele>
      </trkpt>
      <trkpt lat="46.24223778024316" lon="15.055953254923224">
        <ele>287.20001220703125</ele>
      </trkpt>
      <trkpt lat="46.242201402783394" lon="15.055973622947931">
        <ele>287.20001220703125</ele>
      </trkpt>
      <trkpt lat="46.242180448025465" lon="15.056002959609032">
        <ele>287.20001220703125</ele>
      </trkpt>
      <trkpt lat="46.242159912362695" lon="15.05605174228549">
        <ele>287.20001220703125</ele>
      </trkpt>
      <trkpt lat="46.24214951880276" lon="15.056122150272131">
        <ele>287</ele>
      </trkpt>
      <trkpt lat="46.242152787745" lon="15.056188283488154">
        <ele>287</ele>
      </trkpt>
      <trkpt lat="46.242158487439156" lon="15.056257015094161">
        <ele>286.79998779296875</ele>
      </trkpt>
      <trkpt lat="46.242161924019456" lon="15.056328596547246">
        <ele>286.79998779296875</ele>
      </trkpt>
      <trkpt lat="46.24216586351395" lon="15.056402692571282">
        <ele>286.6000061035156</ele>
      </trkpt>
      <trkpt lat="46.24217273667455" lon="15.056480392813683">
        <ele>286.3999938964844</ele>
      </trkpt>
      <trkpt lat="46.242181370034814" lon="15.05655792541802">
        <ele>286.20001220703125</ele>
      </trkpt>
      <trkpt lat="46.24219033867121" lon="15.056638978421688">
        <ele>286</ele>
      </trkpt>
      <trkpt lat="46.2421958707273" lon="15.056726401671767">
        <ele>285.6000061035156</ele>
      </trkpt>
      <trkpt lat="46.24219503253698" lon="15.056817345321178">
        <ele>285.3999938964844</ele>
      </trkpt>
      <trkpt lat="46.24218958429992" lon="15.056918766349554">
        <ele>284.79998779296875</ele>
      </trkpt>
      <trkpt lat="46.2421786878258" lon="15.057022953405976">
        <ele>284.3999938964844</ele>
      </trkpt>
      <trkpt lat="46.24216519296169" lon="15.057126134634018">
        <ele>284.20001220703125</ele>
      </trkpt>
      <trkpt lat="46.24214834533632" lon="15.05722981877625">
        <ele>283.6000061035156</ele>
      </trkpt>
      <trkpt lat="46.242124708369374" lon="15.057332580909133">
        <ele>283.3999938964844</ele>
      </trkpt>
      <trkpt lat="46.24209947884083" lon="15.05743358284235">
        <ele>283</ele>
      </trkpt>
      <trkpt lat="46.242073494940996" lon="15.057537350803614">
        <ele>282.79998779296875</ele>
      </trkpt>
      <trkpt lat="46.242048097774386" lon="15.0576417054981">
        <ele>282.6000061035156</ele>
      </trkpt>
      <trkpt lat="46.24202127568424" lon="15.057744551450014">
        <ele>282.6000061035156</ele>
      </trkpt>
      <trkpt lat="46.241989424452186" lon="15.05784697830677">
        <ele>282.3999938964844</ele>
      </trkpt>
      <trkpt lat="46.24195539392531" lon="15.0579490698874">
        <ele>282.20001220703125</ele>
      </trkpt>
      <trkpt lat="46.241921531036496" lon="15.058046719059348">
        <ele>282</ele>
      </trkpt>
      <trkpt lat="46.24188699759543" lon="15.058139003813267">
        <ele>282</ele>
      </trkpt>
      <trkpt lat="46.24185179360211" lon="15.058223409578204">
        <ele>281.79998779296875</ele>
      </trkpt>
      <trkpt lat="46.24181625433266" lon="15.058302283287048">
        <ele>281.6000061035156</ele>
      </trkpt>
      <trkpt lat="46.241789013147354" lon="15.058382917195559">
        <ele>281.3999938964844</ele>
      </trkpt>
      <trkpt lat="46.24178046360612" lon="15.058468580245972">
        <ele>281.3999938964844</ele>
      </trkpt>
      <trkpt lat="46.241781720891595" lon="15.058552399277687">
        <ele>281.20001220703125</ele>
      </trkpt>
      <trkpt lat="46.24178733676672" lon="15.058632446452975">
        <ele>281.20001220703125</ele>
      </trkpt>
      <trkpt lat="46.24179420992732" lon="15.058715511113405">
        <ele>281.20001220703125</ele>
      </trkpt>
      <trkpt lat="46.241801753640175" lon="15.05879832431674">
        <ele>281</ele>
      </trkpt>
      <trkpt lat="46.2418108060956" lon="15.058883400633931">
        <ele>281</ele>
      </trkpt>
      <trkpt lat="46.24181910417974" lon="15.058969650417566">
        <ele>280.79998779296875</ele>
      </trkpt>
      <trkpt lat="46.24183067120612" lon="15.059055145829916">
        <ele>280.79998779296875</ele>
      </trkpt>
      <trkpt lat="46.24184777028859" lon="15.059141647070646">
        <ele>280.6000061035156</ele>
      </trkpt>
      <trkpt lat="46.24186520464718" lon="15.05922731012106">
        <ele>280.3999938964844</ele>
      </trkpt>
      <trkpt lat="46.24188272282481" lon="15.059314062818885">
        <ele>280.3999938964844</ele>
      </trkpt>
      <trkpt lat="46.24190032482147" lon="15.059400899335742">
        <ele>280.20001220703125</ele>
      </trkpt>
      <trkpt lat="46.24191675335169" lon="15.059487903490663">
        <ele>280</ele>
      </trkpt>
      <trkpt lat="46.241933684796095" lon="15.059575829654932">
        <ele>280</ele>
      </trkpt>
      <trkpt lat="46.24194969423115" lon="15.059662330895662">
        <ele>280</ele>
      </trkpt>
      <trkpt lat="46.24196553602815" lon="15.059749251231551">
        <ele>279.79998779296875</ele>
      </trkpt>
      <trkpt lat="46.24198070727289" lon="15.059835836291313">
        <ele>279.79998779296875</ele>
      </trkpt>
      <trkpt lat="46.24199302867055" lon="15.059922002255917">
        <ele>279.6000061035156</ele>
      </trkpt>
      <trkpt lat="46.24200476333499" lon="15.060008503496647">
        <ele>279.6000061035156</ele>
      </trkpt>
      <trkpt lat="46.2420145701617" lon="15.06009659729898">
        <ele>279.6000061035156</ele>
      </trkpt>
      <trkpt lat="46.24202135950327" lon="15.060183936730027">
        <ele>279.6000061035156</ele>
      </trkpt>
      <trkpt lat="46.242026556283236" lon="15.060269264504313">
        <ele>279.3999938964844</ele>
      </trkpt>
      <trkpt lat="46.242033429443836" lon="15.060353837907314">
        <ele>279.3999938964844</ele>
      </trkpt>
      <trkpt lat="46.24203979969025" lon="15.060437489300966">
        <ele>279.3999938964844</ele>
      </trkpt>
      <trkpt lat="46.24204784631729" lon="15.060521140694618">
        <ele>279.3999938964844</ele>
      </trkpt>
      <trkpt lat="46.242057653144" lon="15.06060621701181">
        <ele>279.6000061035156</ele>
      </trkpt>
      <trkpt lat="46.24206486158073" lon="15.060689030215144">
        <ele>279.3999938964844</ele>
      </trkpt>
      <trkpt lat="46.242071064189076" lon="15.060773435980082">
        <ele>279.6000061035156</ele>
      </trkpt>
      <trkpt lat="46.24207559041679" lon="15.060858009383082">
        <ele>279.6000061035156</ele>
      </trkpt>
      <trkpt lat="46.242081793025136" lon="15.060941828414798">
        <ele>279.6000061035156</ele>
      </trkpt>
      <trkpt lat="46.24209076166153" lon="15.06102698855102">
        <ele>279.6000061035156</ele>
      </trkpt>
      <trkpt lat="46.242100819945335" lon="15.061113238334656">
        <ele>279.6000061035156</ele>
      </trkpt>
      <trkpt lat="46.2421094533056" lon="15.061200158670545">
        <ele>279.6000061035156</ele>
      </trkpt>
      <trkpt lat="46.24211364425719" lon="15.061268219724298">
        <ele>279.6000061035156</ele>
      </trkpt>
      <trkpt lat="46.242119427770376" lon="15.061369808390737">
        <ele>279.6000061035156</ele>
      </trkpt>
      <trkpt lat="46.24212462455034" lon="15.061455387622118">
        <ele>279.6000061035156</ele>
      </trkpt>
      <trkpt lat="46.24213049188256" lon="15.061541888862848">
        <ele>279.6000061035156</ele>
      </trkpt>
      <trkpt lat="46.24213862232864" lon="15.061625372618437">
        <ele>279.6000061035156</ele>
      </trkpt>
      <trkpt lat="46.24214700423181" lon="15.061708269640803">
        <ele>279.6000061035156</ele>
      </trkpt>
      <trkpt lat="46.242157481610775" lon="15.061795860528946">
        <ele>279.6000061035156</ele>
      </trkpt>
      <trkpt lat="46.242165276780725" lon="15.061883367598057">
        <ele>279.6000061035156</ele>
      </trkpt>
      <trkpt lat="46.24217089265585" lon="15.061971712857485">
        <ele>279.6000061035156</ele>
      </trkpt>
      <trkpt lat="46.24217692762613" lon="15.062060058116913">
        <ele>279.6000061035156</ele>
      </trkpt>
      <trkpt lat="46.242182375863194" lon="15.062149576842785">
        <ele>279.3999938964844</ele>
      </trkpt>
      <trkpt lat="46.2421889975667" lon="15.062236497178674">
        <ele>279.3999938964844</ele>
      </trkpt>
      <trkpt lat="46.24219444580376" lon="15.062321992591023">
        <ele>279.3999938964844</ele>
      </trkpt>
      <trkpt lat="46.242197547107935" lon="15.06240631453693">
        <ele>279.3999938964844</ele>
      </trkpt>
      <trkpt lat="46.242198469117284" lon="15.06249189376831">
        <ele>279.6000061035156</ele>
      </trkpt>
      <trkpt lat="46.24220022931695" lon="15.0625788141042">
        <ele>279.6000061035156</ele>
      </trkpt>
      <trkpt lat="46.24220232479274" lon="15.062662800773978">
        <ele>279.6000061035156</ele>
      </trkpt>
      <trkpt lat="46.24220182187855" lon="15.062744608148932">
        <ele>279.6000061035156</ele>
      </trkpt>
      <trkpt lat="46.242198050022125" lon="15.062828259542584">
        <ele>279.6000061035156</ele>
      </trkpt>
      <trkpt lat="46.24219352379441" lon="15.062911156564951">
        <ele>279.6000061035156</ele>
      </trkpt>
      <trkpt lat="46.24218748882413" lon="15.062994807958603">
        <ele>279.6000061035156</ele>
      </trkpt>
      <trkpt lat="46.242179023101926" lon="15.06307678297162">
        <ele>279.6000061035156</ele>
      </trkpt>
      <trkpt lat="46.24216745607555" lon="15.06315984763205">
        <ele>279.79998779296875</ele>
      </trkpt>
      <trkpt lat="46.24214700423181" lon="15.063239056617022">
        <ele>279.6000061035156</ele>
      </trkpt>
      <trkpt lat="46.2421147339046" lon="15.063310973346233">
        <ele>279.6000061035156</ele>
      </trkpt>
      <trkpt lat="46.24207207001746" lon="15.063377106562257">
        <ele>279.6000061035156</ele>
      </trkpt>
      <trkpt lat="46.24202680774033" lon="15.063439384102821">
        <ele>279.6000061035156</ele>
      </trkpt>
      <trkpt lat="46.241989424452186" lon="15.063486909493804">
        <ele>279.3999938964844</ele>
      </trkpt>
      <trkpt lat="46.24193251132965" lon="15.063558490946889">
        <ele>279.3999938964844</ele>
      </trkpt>
      <trkpt lat="46.24188649468124" lon="15.063621690496802">
        <ele>279.20001220703125</ele>
      </trkpt>
      <trkpt lat="46.24184450134635" lon="15.063686314970255">
        <ele>279</ele>
      </trkpt>
      <trkpt lat="46.241807201877236" lon="15.063752699643373">
        <ele>279.20001220703125</ele>
      </trkpt>
      <trkpt lat="46.2417730037123" lon="15.06382335908711">
        <ele>279.20001220703125</ele>
      </trkpt>
      <trkpt lat="46.241740733385086" lon="15.063895359635353">
        <ele>279.20001220703125</ele>
      </trkpt>
      <trkpt lat="46.24171055853367" lon="15.063969539478421">
        <ele>279.20001220703125</ele>
      </trkpt>
      <trkpt lat="46.24168373644352" lon="15.064046904444695">
        <ele>279.20001220703125</ele>
      </trkpt>
      <trkpt lat="46.241661105304956" lon="15.06412385031581">
        <ele>279.20001220703125</ele>
      </trkpt>
      <trkpt lat="46.241643503308296" lon="15.064201466739178">
        <ele>279.20001220703125</ele>
      </trkpt>
      <trkpt lat="46.241626404225826" lon="15.06427925080061">
        <ele>279.20001220703125</ele>
      </trkpt>
      <trkpt lat="46.241607293486595" lon="15.06435594521463">
        <ele>279</ele>
      </trkpt>
      <trkpt lat="46.241591703146696" lon="15.064435321837664">
        <ele>279</ele>
      </trkpt>
      <trkpt lat="46.24157829210162" lon="15.064517296850681">
        <ele>279</ele>
      </trkpt>
      <trkpt lat="46.241567647084594" lon="15.064600026234984">
        <ele>279</ele>
      </trkpt>
      <trkpt lat="46.24155582860112" lon="15.064683677628636">
        <ele>278.79998779296875</ele>
      </trkpt>
      <trkpt lat="46.24154551886022" lon="15.064769005402923">
        <ele>278.79998779296875</ele>
      </trkpt>
      <trkpt lat="46.2415380589664" lon="15.064855255186558">
        <ele>278.79998779296875</ele>
      </trkpt>
      <trkpt lat="46.24153126962483" lon="15.064940666779876">
        <ele>278.79998779296875</ele>
      </trkpt>
      <trkpt lat="46.241519870236516" lon="15.06502884440124">
        <ele>278.6000061035156</ele>
      </trkpt>
      <trkpt lat="46.24151316471398" lon="15.065115178003907">
        <ele>278.6000061035156</ele>
      </trkpt>
      <trkpt lat="46.241503693163395" lon="15.065204612910748">
        <ele>278.3999938964844</ele>
      </trkpt>
      <trkpt lat="46.241493970155716" lon="15.06529413163662">
        <ele>278.3999938964844</ele>
      </trkpt>
      <trkpt lat="46.24148910865188" lon="15.06538599729538">
        <ele>278.3999938964844</ele>
      </trkpt>
      <trkpt lat="46.24148592352867" lon="15.065476773306727">
        <ele>278.3999938964844</ele>
      </trkpt>
      <trkpt lat="46.24147603288293" lon="15.0655697286129">
        <ele>278.3999938964844</ele>
      </trkpt>
      <trkpt lat="46.24145935289562" lon="15.06565815769136">
        <ele>278.3999938964844</ele>
      </trkpt>
      <trkpt lat="46.2414413318038" lon="15.065746502950788">
        <ele>278.20001220703125</ele>
      </trkpt>
      <trkpt lat="46.24141945503652" lon="15.065832836553454">
        <ele>278.20001220703125</ele>
      </trkpt>
      <trkpt lat="46.24139095656574" lon="15.065914308652282">
        <ele>278.20001220703125</ele>
      </trkpt>
      <trkpt lat="46.24135742895305" lon="15.065990835428238">
        <ele>278.3999938964844</ele>
      </trkpt>
      <trkpt lat="46.241320297122" lon="15.066065099090338">
        <ele>278.3999938964844</ele>
      </trkpt>
      <trkpt lat="46.241281321272254" lon="15.066140284761786">
        <ele>278.6000061035156</ele>
      </trkpt>
      <trkpt lat="46.241249134764075" lon="15.066194096580148">
        <ele>278.6000061035156</ele>
      </trkpt>
      <trkpt lat="46.24119356274605" lon="15.066272467374802">
        <ele>278.6000061035156</ele>
      </trkpt>
      <trkpt lat="46.24114570207894" lon="15.06633541546762">
        <ele>278.6000061035156</ele>
      </trkpt>
      <trkpt lat="46.24110379256308" lon="15.06638185121119">
        <ele>278.6000061035156</ele>
      </trkpt>
      <trkpt lat="46.24103774316609" lon="15.066443625837564">
        <ele>278.6000061035156</ele>
      </trkpt>
      <trkpt lat="46.24098007567227" lon="15.066489139571786">
        <ele>278.6000061035156</ele>
      </trkpt>
      <trkpt lat="46.24091721139848" lon="15.066528031602502">
        <ele>278.6000061035156</ele>
      </trkpt>
      <trkpt lat="46.24085619114339" lon="15.066556027159095">
        <ele>278.6000061035156</ele>
      </trkpt>
      <trkpt lat="46.24079282395542" lon="15.066575640812516">
        <ele>278.3999938964844</ele>
      </trkpt>
      <trkpt lat="46.240729205310345" lon="15.066590644419193">
        <ele>278.6000061035156</ele>
      </trkpt>
      <trkpt lat="46.240665167570114" lon="15.066605228930712">
        <ele>278.6000061035156</ele>
      </trkpt>
      <trkpt lat="46.24060087837279" lon="15.066623585298657">
        <ele>278.6000061035156</ele>
      </trkpt>
      <trkpt lat="46.240538600832224" lon="15.06664521060884">
        <ele>278.6000061035156</ele>
      </trkpt>
      <trkpt lat="46.24047548510134" lon="15.066670440137386">
        <ele>278.6000061035156</ele>
      </trkpt>
      <trkpt lat="46.24041429720819" lon="15.066702039912343">
        <ele>278.6000061035156</ele>
      </trkpt>
      <trkpt lat="46.240354953333735" lon="15.066741183400154">
        <ele>278.6000061035156</ele>
      </trkpt>
      <trkpt lat="46.24029611237347" lon="15.066784685477614">
        <ele>278.6000061035156</ele>
      </trkpt>
      <trkpt lat="46.240238696336746" lon="15.06683480925858">
        <ele>278.6000061035156</ele>
      </trkpt>
      <trkpt lat="46.240183375775814" lon="15.066884262487292">
        <ele>278.3999938964844</ele>
      </trkpt>
      <trkpt lat="46.24012906104326" lon="15.06693639792502">
        <ele>278.20001220703125</ele>
      </trkpt>
      <trkpt lat="46.24007759615779" lon="15.066993478685617">
        <ele>278.20001220703125</ele>
      </trkpt>
      <trkpt lat="46.240027053281665" lon="15.06704930216074">
        <ele>278.20001220703125</ele>
      </trkpt>
      <trkpt lat="46.23997793532908" lon="15.067109651863575">
        <ele>278</ele>
      </trkpt>
      <trkpt lat="46.23993007466197" lon="15.067170169204473">
        <ele>278</ele>
      </trkpt>
      <trkpt lat="46.23988556675613" lon="15.067237811163068">
        <ele>278</ele>
      </trkpt>
      <trkpt lat="46.239850111305714" lon="15.067311991006136">
        <ele>277.79998779296875</ele>
      </trkpt>
      <trkpt lat="46.23981851153076" lon="15.067391954362392">
        <ele>277.6000061035156</ele>
      </trkpt>
      <trkpt lat="46.23978590592742" lon="15.06747200153768">
        <ele>277.3999938964844</ele>
      </trkpt>
      <trkpt lat="46.23975262977183" lon="15.067549785599113">
        <ele>277.3999938964844</ele>
      </trkpt>
      <trkpt lat="46.2397229578346" lon="15.067630335688591">
        <ele>277.3999938964844</ele>
      </trkpt>
      <trkpt lat="46.23970024287701" lon="15.06771088577807">
        <ele>277.20001220703125</ele>
      </trkpt>
      <trkpt lat="46.23968121595681" lon="15.067793782800436">
        <ele>277.3999938964844</ele>
      </trkpt>
      <trkpt lat="46.2396661285311" lon="15.067878356203437">
        <ele>277.3999938964844</ele>
      </trkpt>
      <trkpt lat="46.239656154066324" lon="15.06794792599976">
        <ele>277.3999938964844</ele>
      </trkpt>
      <trkpt lat="46.23964567668736" lon="15.068051777780056">
        <ele>277.3999938964844</ele>
      </trkpt>
      <trkpt lat="46.23963980935514" lon="15.068138781934977">
        <ele>277.3999938964844</ele>
      </trkpt>
      <trkpt lat="46.23963930644095" lon="15.06820927374065">
        <ele>277.3999938964844</ele>
      </trkpt>
      <trkpt lat="46.23964215628803" lon="15.068315556272864">
        <ele>277.3999938964844</ele>
      </trkpt>
      <trkpt lat="46.23964953236282" lon="15.06840331479907">
        <ele>277.20001220703125</ele>
      </trkpt>
      <trkpt lat="46.23965841718018" lon="15.068472884595394">
        <ele>277.20001220703125</ele>
      </trkpt>
      <trkpt lat="46.23967442661524" lon="15.06857723928988">
        <ele>277</ele>
      </trkpt>
      <trkpt lat="46.23968817293644" lon="15.068663824349642">
        <ele>276.79998779296875</ele>
      </trkpt>
      <trkpt lat="46.239696219563484" lon="15.068731969222426">
        <ele>276.6000061035156</ele>
      </trkpt>
      <trkpt lat="46.23970778658986" lon="15.068833725526929">
        <ele>276.3999938964844</ele>
      </trkpt>
      <trkpt lat="46.23971709050238" lon="15.06890019401908">
        <ele>276.3999938964844</ele>
      </trkpt>
      <trkpt lat="46.239730501547456" lon="15.06898183375597">
        <ele>276.3999938964844</ele>
      </trkpt>
      <trkpt lat="46.23974500223994" lon="15.069062383845448">
        <ele>276.6000061035156</ele>
      </trkpt>
      <trkpt lat="46.239763693884015" lon="15.069159362465143">
        <ele>276.6000061035156</ele>
      </trkpt>
      <trkpt lat="46.23977626673877" lon="15.069224070757627">
        <ele>276.6000061035156</ele>
      </trkpt>
      <trkpt lat="46.23979361727834" lon="15.069320378825068">
        <ele>276.79998779296875</ele>
      </trkpt>
      <trkpt lat="46.239807195961475" lon="15.069397995248437">
        <ele>276.79998779296875</ele>
      </trkpt>
      <trkpt lat="46.239817505702376" lon="15.069457339122891">
        <ele>276.79998779296875</ele>
      </trkpt>
      <trkpt lat="46.239828737452626" lon="15.069533614441752">
        <ele>277</ele>
      </trkpt>
      <trkpt lat="46.239842902868986" lon="15.06962581537664">
        <ele>277</ele>
      </trkpt>
      <trkpt lat="46.23985472135246" lon="15.069687590003014">
        <ele>277.20001220703125</ele>
      </trkpt>
      <trkpt lat="46.23987182043493" lon="15.069777695462108">
        <ele>277.20001220703125</ele>
      </trkpt>
      <trkpt lat="46.239881878718734" lon="15.069855730980635">
        <ele>277.3999938964844</ele>
      </trkpt>
      <trkpt lat="46.23989202082157" lon="15.069919265806675">
        <ele>277.20001220703125</ele>
      </trkpt>
      <trkpt lat="46.23990660533309" lon="15.07001238875091">
        <ele>277.20001220703125</ele>
      </trkpt>
      <trkpt lat="46.23991649597883" lon="15.07009000517428">
        <ele>277.20001220703125</ele>
      </trkpt>
      <trkpt lat="46.23992479406297" lon="15.070167789235711">
        <ele>277.20001220703125</ele>
      </trkpt>
      <trkpt lat="46.23993434943259" lon="15.070247249677777">
        <ele>277</ele>
      </trkpt>
      <trkpt lat="46.239945916458964" lon="15.070327883586287">
        <ele>277</ele>
      </trkpt>
      <trkpt lat="46.23995547182858" lon="15.07039351388812">
        <ele>277</ele>
      </trkpt>
      <trkpt lat="46.23996687121689" lon="15.070489570498466">
        <ele>276.79998779296875</ele>
      </trkpt>
      <trkpt lat="46.239978689700365" lon="15.07055134512484">
        <ele>276.79998779296875</ele>
      </trkpt>
      <trkpt lat="46.23999419622123" lon="15.070626949891448">
        <ele>276.79998779296875</ele>
      </trkpt>
      <trkpt lat="46.24000685289502" lon="15.070702554658055">
        <ele>276.79998779296875</ele>
      </trkpt>
      <trkpt lat="46.24002085067332" lon="15.070779835805297">
        <ele>276.79998779296875</ele>
      </trkpt>
      <trkpt lat="46.24003233388066" lon="15.070856530219316">
        <ele>276.79998779296875</ele>
      </trkpt>
      <trkpt lat="46.240046666935086" lon="15.070950575172901">
        <ele>276.79998779296875</ele>
      </trkpt>
      <trkpt lat="46.240061251446605" lon="15.07102819159627">
        <ele>276.79998779296875</ele>
      </trkpt>
      <trkpt lat="46.24007306993008" lon="15.071089128032327">
        <ele>277</ele>
      </trkpt>
      <trkpt lat="46.240087654441595" lon="15.071180239319801">
        <ele>277</ele>
      </trkpt>
      <trkpt lat="46.240100394934416" lon="15.071257017552853">
        <ele>277</ele>
      </trkpt>
      <trkpt lat="46.24011296778917" lon="15.071335639804602">
        <ele>277</ele>
      </trkpt>
      <trkpt lat="46.240123864263296" lon="15.07141468115151">
        <ele>277</ele>
      </trkpt>
      <trkpt lat="46.240130653604865" lon="15.071478048339486">
        <ele>277</ele>
      </trkpt>
      <trkpt lat="46.24014222063124" lon="15.071572344750166">
        <ele>277.20001220703125</ele>
      </trkpt>
      <trkpt lat="46.240151692181826" lon="15.071653565391898">
        <ele>277.20001220703125</ele>
      </trkpt>
      <trkpt lat="46.24015881679952" lon="15.07171718403697">
        <ele>277.20001220703125</ele>
      </trkpt>
      <trkpt lat="46.24016812071204" lon="15.071809804067016">
        <ele>277</ele>
      </trkpt>
      <trkpt lat="46.24017323367298" lon="15.071889348328114">
        <ele>277</ele>
      </trkpt>
      <trkpt lat="46.24017692171037" lon="15.071954056620598">
        <ele>277</ele>
      </trkpt>
      <trkpt lat="46.24018178321421" lon="15.072051705792546">
        <ele>276.79998779296875</ele>
      </trkpt>
      <trkpt lat="46.24018530361354" lon="15.07213301025331">
        <ele>277</ele>
      </trkpt>
      <trkpt lat="46.24018262140453" lon="15.07220040075481">
        <ele>277</ele>
      </trkpt>
      <trkpt lat="46.240179939195514" lon="15.072299223393202">
        <ele>277</ele>
      </trkpt>
      <trkpt lat="46.24017423950136" lon="15.07236560806632">
        <ele>277</ele>
      </trkpt>
      <trkpt lat="46.240166863426566" lon="15.072445403784513">
        <ele>276.79998779296875</ele>
      </trkpt>
      <trkpt lat="46.24015789479017" lon="15.072543555870652">
        <ele>276.79998779296875</ele>
      </trkpt>
      <trkpt lat="46.240149680525064" lon="15.072627793997526">
        <ele>276.79998779296875</ele>
      </trkpt>
      <trkpt lat="46.24014129862189" lon="15.072692669928074">
        <ele>276.79998779296875</ele>
      </trkpt>
      <trkpt lat="46.2401273008436" lon="15.072773471474648">
        <ele>276.6000061035156</ele>
      </trkpt>
      <trkpt lat="46.240106262266636" lon="15.072871455922723">
        <ele>276.6000061035156</ele>
      </trkpt>
      <trkpt lat="46.240090588107705" lon="15.072936080396175">
        <ele>276.3999938964844</ele>
      </trkpt>
      <trkpt lat="46.240063766017556" lon="15.073032472282648">
        <ele>276.20001220703125</ele>
      </trkpt>
      <trkpt lat="46.24003769829869" lon="15.07311025634408">
        <ele>276.20001220703125</ele>
      </trkpt>
      <trkpt lat="46.24001523479819" lon="15.07317228242755">
        <ele>276.20001220703125</ele>
      </trkpt>
      <trkpt lat="46.23998145572841" lon="15.073267668485641">
        <ele>276</ele>
      </trkpt>
      <trkpt lat="46.23995404690504" lon="15.073346039280295">
        <ele>276</ele>
      </trkpt>
      <trkpt lat="46.23993158340454" lon="15.073407897725701">
        <ele>276</ele>
      </trkpt>
      <trkpt lat="46.23990258201957" lon="15.073488363996148">
        <ele>276</ele>
      </trkpt>
      <trkpt lat="46.23986377380788" lon="15.073583917692304">
        <ele>276</ele>
      </trkpt>
      <trkpt lat="46.239837957546115" lon="15.073647033423185">
        <ele>276</ele>
      </trkpt>
      <trkpt lat="46.239799316972494" lon="15.073743257671595">
        <ele>276</ele>
      </trkpt>
      <trkpt lat="46.239768639206886" lon="15.073823221027851">
        <ele>276</ele>
      </trkpt>
      <trkpt lat="46.23974449932575" lon="15.073885666206479">
        <ele>276</ele>
      </trkpt>
      <trkpt lat="46.23970778658986" lon="15.073981555178761">
        <ele>275.79998779296875</ele>
      </trkpt>
      <trkpt lat="46.239685071632266" lon="15.074047688394785">
        <ele>275.79998779296875</ele>
      </trkpt>
      <trkpt lat="46.23966026119888" lon="15.07412564009428">
        <ele>275.6000061035156</ele>
      </trkpt>
      <trkpt lat="46.23963285237551" lon="15.074204010888934">
        <ele>275.3999938964844</ele>
      </trkpt>
      <trkpt lat="46.23960301280022" lon="15.074280621483922">
        <ele>275.20001220703125</ele>
      </trkpt>
      <trkpt lat="46.2395712453872" lon="15.074349604547024">
        <ele>275</ele>
      </trkpt>
      <trkpt lat="46.239527743309736" lon="15.074425293132663">
        <ele>275</ele>
      </trkpt>
      <trkpt lat="46.239487091079354" lon="15.074466867372394">
        <ele>275</ele>
      </trkpt>
      <trkpt lat="46.23943378217518" lon="15.074506010860205">
        <ele>275.20001220703125</ele>
      </trkpt>
      <trkpt lat="46.23936806805432" lon="15.0745355989784">
        <ele>275.3999938964844</ele>
      </trkpt>
      <trkpt lat="46.239326326176524" lon="15.074548088014126">
        <ele>275.6000061035156</ele>
      </trkpt>
      <trkpt lat="46.239274106919765" lon="15.074566192924976">
        <ele>275.79998779296875</ele>
      </trkpt>
      <trkpt lat="46.23921241611242" lon="15.074590248987079">
        <ele>276</ele>
      </trkpt>
      <trkpt lat="46.23917310498655" lon="15.074608605355024">
        <ele>276</ele>
      </trkpt>
      <trkpt lat="46.239125076681376" lon="15.074634840711951">
        <ele>276</ele>
      </trkpt>
      <trkpt lat="46.23907486908138" lon="15.074678175151348">
        <ele>275.79998779296875</ele>
      </trkpt>
      <trkpt lat="46.23904712498188" lon="15.074718743562698">
        <ele>275.79998779296875</ele>
      </trkpt>
      <trkpt lat="46.239015609025955" lon="15.074774650856853">
        <ele>275.79998779296875</ele>
      </trkpt>
      <trkpt lat="46.238981913775206" lon="15.074846399948001">
        <ele>275.6000061035156</ele>
      </trkpt>
      <trkpt lat="46.238961378112435" lon="15.07489811629057">
        <ele>275.3999938964844</ele>
      </trkpt>
      <trkpt lat="46.238934472203255" lon="15.074960058555007">
        <ele>275.3999938964844</ele>
      </trkpt>
      <trkpt lat="46.23890362679958" lon="15.075035160407424">
        <ele>275.3999938964844</ele>
      </trkpt>
      <trkpt lat="46.23888552188873" lon="15.07508427836001">
        <ele>275.3999938964844</ele>
      </trkpt>
      <trkpt lat="46.238862723112106" lon="15.075145298615098">
        <ele>275.3999938964844</ele>
      </trkpt>
      <trkpt lat="46.23884034343064" lon="15.075204642489552">
        <ele>275.3999938964844</ele>
      </trkpt>
      <trkpt lat="46.238815197721124" lon="15.075275637209415">
        <ele>275.6000061035156</ele>
      </trkpt>
      <trkpt lat="46.238800613209605" lon="15.075318720191717">
        <ele>275.6000061035156</ele>
      </trkpt>
      <trkpt lat="46.238787956535816" lon="15.075382255017757">
        <ele>275.79998779296875</ele>
      </trkpt>
      <trkpt lat="46.23878946527839" lon="15.075422236695886">
        <ele>276</ele>
      </trkpt>
      <trkpt lat="46.2387974280864" lon="15.075470767915249">
        <ele>276</ele>
      </trkpt>
      <trkpt lat="46.23881444334984" lon="15.075524160638452">
        <ele>276.20001220703125</ele>
      </trkpt>
      <trkpt lat="46.2388370744884" lon="15.075566153973341">
        <ele>276.3999938964844</ele>
      </trkpt>
      <trkpt lat="46.238859286531806" lon="15.075598424300551">
        <ele>276.6000061035156</ele>
      </trkpt>
      <trkpt lat="46.23889356851578" lon="15.075645446777344">
        <ele>276.79998779296875</ele>
      </trkpt>
      <trkpt lat="46.238918378949165" lon="15.075675705447793">
        <ele>277</ele>
      </trkpt>
      <trkpt lat="46.23894805088639" lon="15.075717195868492">
        <ele>277.3999938964844</ele>
      </trkpt>
      <trkpt lat="46.23898350633681" lon="15.075767152011395">
        <ele>277.3999938964844</ele>
      </trkpt>
      <trkpt lat="46.239010747522116" lon="15.07579917088151">
        <ele>277.6000061035156</ele>
      </trkpt>
      <trkpt lat="46.2390442751348" lon="15.075839823111892">
        <ele>277.6000061035156</ele>
      </trkpt>
      <trkpt lat="46.23908635228872" lon="15.07588860578835">
        <ele>277.3999938964844</ele>
      </trkpt>
      <trkpt lat="46.239114264026284" lon="15.07592087611556">
        <ele>277.3999938964844</ele>
      </trkpt>
      <trkpt lat="46.23914879746735" lon="15.075961025431752">
        <ele>277.20001220703125</ele>
      </trkpt>
      <trkpt lat="46.23918165452778" lon="15.07600444369018">
        <ele>277.20001220703125</ele>
      </trkpt>
      <trkpt lat="46.23921467922628" lon="15.076050041243434">
        <ele>277</ele>
      </trkpt>
      <trkpt lat="46.239248709753156" lon="15.076097063720226">
        <ele>277</ele>
      </trkpt>
      <trkpt lat="46.239292211830616" lon="15.07615640759468">
        <ele>276.79998779296875</ele>
      </trkpt>
      <trkpt lat="46.23932364396751" lon="15.076195802539587">
        <ele>276.79998779296875</ele>
      </trkpt>
      <trkpt lat="46.23937075026333" lon="15.076254392042756">
        <ele>276.6000061035156</ele>
      </trkpt>
      <trkpt lat="46.2394087202847" lon="15.076307281851768">
        <ele>276.3999938964844</ele>
      </trkpt>
      <trkpt lat="46.23944442719221" lon="15.076363608241081">
        <ele>276.20001220703125</ele>
      </trkpt>
      <trkpt lat="46.23947896063328" lon="15.07642119191587">
        <ele>276.20001220703125</ele>
      </trkpt>
      <trkpt lat="46.239504273980856" lon="15.076468298211694">
        <ele>276.20001220703125</ele>
      </trkpt>
      <trkpt lat="46.23953578993678" lon="15.076529737561941">
        <ele>276.20001220703125</ele>
      </trkpt>
      <trkpt lat="46.239569149911404" lon="15.076593859121203">
        <ele>276.3999938964844</ele>
      </trkpt>
      <trkpt lat="46.239602006971836" lon="15.076655214652419">
        <ele>276.3999938964844</ele>
      </trkpt>
      <trkpt lat="46.239639557898045" lon="15.076731573790312">
        <ele>276.6000061035156</ele>
      </trkpt>
      <trkpt lat="46.23967358842492" lon="15.076795611530542">
        <ele>276.6000061035156</ele>
      </trkpt>
      <trkpt lat="46.23969990760088" lon="15.07684632204473">
        <ele>276.6000061035156</ele>
      </trkpt>
      <trkpt lat="46.23973620124161" lon="15.076925111934543">
        <ele>276.6000061035156</ele>
      </trkpt>
      <trkpt lat="46.23976880684495" lon="15.076988898217678">
        <ele>276.6000061035156</ele>
      </trkpt>
      <trkpt lat="46.23979671858251" lon="15.077037094160914">
        <ele>276.6000061035156</ele>
      </trkpt>
      <trkpt lat="46.23983778990805" lon="15.077108591794968">
        <ele>276.6000061035156</ele>
      </trkpt>
      <trkpt lat="46.239870144054294" lon="15.077168690040708">
        <ele>276.3999938964844</ele>
      </trkpt>
      <trkpt lat="46.23990124091506" lon="15.077227195724845">
        <ele>276.3999938964844</ele>
      </trkpt>
      <trkpt lat="46.23993560671806" lon="15.077280504629016">
        <ele>276.20001220703125</ele>
      </trkpt>
      <trkpt lat="46.23996485956013" lon="15.077321156859398">
        <ele>276.20001220703125</ele>
      </trkpt>
      <trkpt lat="46.24000333249569" lon="15.07737354375422">
        <ele>276.20001220703125</ele>
      </trkpt>
      <trkpt lat="46.240038368850946" lon="15.07742827758193">
        <ele>276.20001220703125</ele>
      </trkpt>
      <trkpt lat="46.240081787109375" lon="15.077494410797954">
        <ele>276.20001220703125</ele>
      </trkpt>
      <trkpt lat="46.2401148956269" lon="15.07753623649478">
        <ele>276.20001220703125</ele>
      </trkpt>
      <trkpt lat="46.2401651032269" lon="15.077597508206964">
        <ele>276.20001220703125</ele>
      </trkpt>
      <trkpt lat="46.24020910821855" lon="15.07764427922666">
        <ele>276.20001220703125</ele>
      </trkpt>
      <trkpt lat="46.240255208685994" lon="15.077688368037343">
        <ele>276.20001220703125</ele>
      </trkpt>
      <trkpt lat="46.24030441045761" lon="15.077727595344186">
        <ele>276.20001220703125</ele>
      </trkpt>
      <trkpt lat="46.24035520479083" lon="15.077761290594935">
        <ele>276.20001220703125</ele>
      </trkpt>
      <trkpt lat="46.24040893279016" lon="15.077789286151528">
        <ele>276.20001220703125</ele>
      </trkpt>
      <trkpt lat="46.240461487323046" lon="15.077810911461711">
        <ele>276.3999938964844</ele>
      </trkpt>
      <trkpt lat="46.24051538296044" lon="15.07782993838191">
        <ele>276.3999938964844</ele>
      </trkpt>
      <trkpt lat="46.24056810513139" lon="15.07784804329276">
        <ele>276.6000061035156</ele>
      </trkpt>
      <trkpt lat="46.240620240569115" lon="15.077867154031992">
        <ele>276.6000061035156</ele>
      </trkpt>
      <trkpt lat="46.240661730989814" lon="15.07788366638124">
        <ele>276.6000061035156</ele>
      </trkpt>
      <trkpt lat="46.24072425998747" lon="15.07790663279593">
        <ele>276.6000061035156</ele>
      </trkpt>
      <trkpt lat="46.240775138139725" lon="15.077923480421305">
        <ele>276.6000061035156</ele>
      </trkpt>
      <trkpt lat="46.24082760885358" lon="15.077935801818967">
        <ele>276.6000061035156</ele>
      </trkpt>
      <trkpt lat="46.240876307711005" lon="15.07795549929142">
        <ele>276.6000061035156</ele>
      </trkpt>
      <trkpt lat="46.24092190526426" lon="15.07798533886671">
        <ele>276.6000061035156</ele>
      </trkpt>
      <trkpt lat="46.24096238985658" lon="15.07802490144968">
        <ele>276.6000061035156</ele>
      </trkpt>
      <trkpt lat="46.24099616892636" lon="15.078071169555187">
        <ele>276.6000061035156</ele>
      </trkpt>
      <trkpt lat="46.24101720750332" lon="15.07812607102096">
        <ele>276.6000061035156</ele>
      </trkpt>
      <trkpt lat="46.24101620167494" lon="15.078188432380557">
        <ele>276.6000061035156</ele>
      </trkpt>
      <trkpt lat="46.2410026229918" lon="15.078246435150504">
        <ele>276.6000061035156</ele>
      </trkpt>
      <trkpt lat="46.24098401516676" lon="15.078304018825293">
        <ele>276.6000061035156</ele>
      </trkpt>
      <trkpt lat="46.24096926301718" lon="15.078365039080381">
        <ele>276.6000061035156</ele>
      </trkpt>
      <trkpt lat="46.24096012674272" lon="15.07842706516385">
        <ele>276.6000061035156</ele>
      </trkpt>
      <trkpt lat="46.24095342122018" lon="15.078490935266018">
        <ele>276.6000061035156</ele>
      </trkpt>
      <trkpt lat="46.240951577201486" lon="15.078541142866015">
        <ele>276.79998779296875</ele>
      </trkpt>
      <trkpt lat="46.2409473862499" lon="15.078621776774526">
        <ele>276.79998779296875</ele>
      </trkpt>
      <trkpt lat="46.24094537459314" lon="15.078689251095057">
        <ele>276.79998779296875</ele>
      </trkpt>
      <trkpt lat="46.24094202183187" lon="15.07874121889472">
        <ele>277</ele>
      </trkpt>
      <trkpt lat="46.240938417613506" lon="15.078818667680025">
        <ele>277.20001220703125</ele>
      </trkpt>
      <trkpt lat="46.24093464575708" lon="15.078882789239287">
        <ele>277.20001220703125</ele>
      </trkpt>
      <trkpt lat="46.24093187972903" lon="15.07893132045865">
        <ele>277.20001220703125</ele>
      </trkpt>
      <trkpt lat="46.240928107872605" lon="15.079005835577846">
        <ele>277.3999938964844</ele>
      </trkpt>
      <trkpt lat="46.24092785641551" lon="15.079051768407226">
        <ele>277.3999938964844</ele>
      </trkpt>
      <trkpt lat="46.24092643149197" lon="15.079108262434602">
        <ele>277.3999938964844</ele>
      </trkpt>
      <trkpt lat="46.24092735350132" lon="15.079178335145116">
        <ele>277.3999938964844</ele>
      </trkpt>
      <trkpt lat="46.24092643149197" lon="15.079222088679671">
        <ele>277.3999938964844</ele>
      </trkpt>
      <trkpt lat="46.24092291109264" lon="15.079275649040937">
        <ele>277.3999938964844</ele>
      </trkpt>
      <trkpt lat="46.2409196421504" lon="15.079330382868648">
        <ele>277.3999938964844</ele>
      </trkpt>
      <trkpt lat="46.24091612175107" lon="15.079384110867977">
        <ele>277.6000061035156</ele>
      </trkpt>
      <trkpt lat="46.24091167934239" lon="15.079437252134085">
        <ele>277.6000061035156</ele>
      </trkpt>
      <trkpt lat="46.24090983532369" lon="15.079500786960125">
        <ele>277.6000061035156</ele>
      </trkpt>
      <trkpt lat="46.240909583866596" lon="15.079544875770807">
        <ele>277.6000061035156</ele>
      </trkpt>
      <trkpt lat="46.24090539291501" lon="15.079597514122725">
        <ele>277.6000061035156</ele>
      </trkpt>
      <trkpt lat="46.240899274125695" lon="15.079657612368464">
        <ele>277.6000061035156</ele>
      </trkpt>
      <trkpt lat="46.24089323915541" lon="15.079706562682986">
        <ele>277.6000061035156</ele>
      </trkpt>
      <trkpt lat="46.240882091224194" lon="15.079762553796172">
        <ele>277.6000061035156</ele>
      </trkpt>
      <trkpt lat="46.24087077565491" lon="15.079807983711362">
        <ele>277.6000061035156</ele>
      </trkpt>
      <trkpt lat="46.24085996299982" lon="15.079875206574798">
        <ele>277.6000061035156</ele>
      </trkpt>
      <trkpt lat="46.24085007235408" lon="15.079930694773793">
        <ele>277.6000061035156</ele>
      </trkpt>
      <trkpt lat="46.24084101989865" lon="15.07998920045793">
        <ele>277.6000061035156</ele>
      </trkpt>
      <trkpt lat="46.24083255417645" lon="15.080051645636559">
        <ele>277.6000061035156</ele>
      </trkpt>
      <trkpt lat="46.240824004635215" lon="15.080115599557757">
        <ele>277.3999938964844</ele>
      </trkpt>
      <trkpt lat="46.24081587418914" lon="15.080179385840893">
        <ele>277.3999938964844</ele>
      </trkpt>
      <trkpt lat="46.24080824665725" lon="15.080243842676282">
        <ele>277.20001220703125</ele>
      </trkpt>
      <trkpt lat="46.24079843983054" lon="15.080306120216846">
        <ele>277.20001220703125</ele>
      </trkpt>
      <trkpt lat="46.24078896827996" lon="15.080367978662252">
        <ele>277.20001220703125</ele>
      </trkpt>
      <trkpt lat="46.240779496729374" lon="15.080429082736373">
        <ele>277</ele>
      </trkpt>
      <trkpt lat="46.2407713662833" lon="15.080489851534367">
        <ele>277</ele>
      </trkpt>
      <trkpt lat="46.24076382257044" lon="15.08055062033236">
        <ele>276.79998779296875</ele>
      </trkpt>
      <trkpt lat="46.24075770378113" lon="15.08061608299613">
        <ele>276.79998779296875</ele>
      </trkpt>
      <trkpt lat="46.24075284227729" lon="15.080666793510318">
        <ele>276.6000061035156</ele>
      </trkpt>
      <trkpt lat="46.24074689112604" lon="15.080729322507977">
        <ele>276.6000061035156</ele>
      </trkpt>
      <trkpt lat="46.24074152670801" lon="15.080802580341697">
        <ele>276.6000061035156</ele>
      </trkpt>
      <trkpt lat="46.240735575556755" lon="15.08086577989161">
        <ele>276.6000061035156</ele>
      </trkpt>
      <trkpt lat="46.24073188751936" lon="15.080928476527333">
        <ele>276.6000061035156</ele>
      </trkpt>
      <trkpt lat="46.24072685837746" lon="15.080990167334676">
        <ele>276.6000061035156</ele>
      </trkpt>
      <trkpt lat="46.2407211586833" lon="15.081041129305959">
        <ele>276.6000061035156</ele>
      </trkpt>
      <trkpt lat="46.24071529135108" lon="15.081117823719978">
        <ele>276.6000061035156</ele>
      </trkpt>
      <trkpt lat="46.24071185477078" lon="15.081181610003114">
        <ele>276.6000061035156</ele>
      </trkpt>
      <trkpt lat="46.24070833437145" lon="15.081247324123979">
        <ele>276.3999938964844</ele>
      </trkpt>
      <trkpt lat="46.24070422723889" lon="15.081312619149685">
        <ele>276.3999938964844</ele>
      </trkpt>
      <trkpt lat="46.240700455382466" lon="15.081378920003772">
        <ele>276.3999938964844</ele>
      </trkpt>
      <trkpt lat="46.24069659970701" lon="15.081444717943668">
        <ele>276.3999938964844</ele>
      </trkpt>
      <trkpt lat="46.24069190584123" lon="15.081509007140994">
        <ele>276.20001220703125</ele>
      </trkpt>
      <trkpt lat="46.24068888835609" lon="15.081572961062193">
        <ele>276.20001220703125</ele>
      </trkpt>
      <trkpt lat="46.24068612232804" lon="15.081636076793075">
        <ele>276.20001220703125</ele>
      </trkpt>
      <trkpt lat="46.24068805016577" lon="15.081700952723622">
        <ele>276.20001220703125</ele>
      </trkpt>
      <trkpt lat="46.24068888835609" lon="15.0817677564919">
        <ele>276.3999938964844</ele>
      </trkpt>
      <trkpt lat="46.24068905599415" lon="15.081832045689225">
        <ele>276.3999938964844</ele>
      </trkpt>
      <trkpt lat="46.24068729579449" lon="15.081898178905249">
        <ele>276.3999938964844</ele>
      </trkpt>
      <trkpt lat="46.240685200318694" lon="15.081950817257166">
        <ele>276.20001220703125</ele>
      </trkpt>
      <trkpt lat="46.2406849488616" lon="15.082017201930285">
        <ele>276.20001220703125</ele>
      </trkpt>
      <trkpt lat="46.240685284137726" lon="15.08208685554564">
        <ele>276.20001220703125</ele>
      </trkpt>
      <trkpt lat="46.24068612232804" lon="15.082169668748975">
        <ele>276.20001220703125</ele>
      </trkpt>
      <trkpt lat="46.24068737961352" lon="15.082238484174013">
        <ele>276.20001220703125</ele>
      </trkpt>
      <trkpt lat="46.24068830162287" lon="15.082307802513242">
        <ele>276.20001220703125</ele>
      </trkpt>
      <trkpt lat="46.24068729579449" lon="15.082377372309566">
        <ele>276.20001220703125</ele>
      </trkpt>
      <trkpt lat="46.240688636898994" lon="15.082447361201048">
        <ele>276.20001220703125</ele>
      </trkpt>
      <trkpt lat="46.24069198966026" lon="15.08251827210188">
        <ele>276.20001220703125</ele>
      </trkpt>
      <trkpt lat="46.24069475568831" lon="15.082590272650123">
        <ele>276.20001220703125</ele>
      </trkpt>
      <trkpt lat="46.240696012973785" lon="15.08266445249319">
        <ele>276.20001220703125</ele>
      </trkpt>
      <trkpt lat="46.240700874477625" lon="15.082737458869815">
        <ele>276.20001220703125</ele>
      </trkpt>
      <trkpt lat="46.24070682562888" lon="15.082810297608376">
        <ele>276.3999938964844</ele>
      </trkpt>
      <trkpt lat="46.24071093276143" lon="15.082886992022395">
        <ele>276.3999938964844</ele>
      </trkpt>
      <trkpt lat="46.24071562662721" lon="15.08296251296997">
        <ele>276.3999938964844</ele>
      </trkpt>
      <trkpt lat="46.24072325415909" lon="15.083036608994007">
        <ele>276.3999938964844</ele>
      </trkpt>
      <trkpt lat="46.24073239043355" lon="15.083113135769963">
        <ele>276.3999938964844</ele>
      </trkpt>
      <trkpt lat="46.240740437060595" lon="15.083190333098173">
        <ele>276.20001220703125</ele>
      </trkpt>
      <trkpt lat="46.24074605293572" lon="15.083252945914865">
        <ele>276.20001220703125</ele>
      </trkpt>
      <trkpt lat="46.240750662982464" lon="15.083346655592322">
        <ele>276</ele>
      </trkpt>
      <trkpt lat="46.24075326137245" lon="15.083423601463437">
        <ele>276</ele>
      </trkpt>
      <trkpt lat="46.24075770378113" lon="15.08349996060133">
        <ele>275.79998779296875</ele>
      </trkpt>
      <trkpt lat="46.240762900561094" lon="15.083576906472445">
        <ele>275.79998779296875</ele>
      </trkpt>
      <trkpt lat="46.24076466076076" lon="15.08365586400032">
        <ele>275.6000061035156</ele>
      </trkpt>
      <trkpt lat="46.240768767893314" lon="15.083735072985291">
        <ele>275.3999938964844</ele>
      </trkpt>
      <trkpt lat="46.24077094718814" lon="15.083814281970263">
        <ele>275.3999938964844</ele>
      </trkpt>
      <trkpt lat="46.24077379703522" lon="15.08389382623136">
        <ele>275.20001220703125</ele>
      </trkpt>
      <trkpt lat="46.24077597633004" lon="15.083975465968251">
        <ele>275.20001220703125</ele>
      </trkpt>
      <trkpt lat="46.24077681452036" lon="15.084056602790952">
        <ele>275.20001220703125</ele>
      </trkpt>
      <trkpt lat="46.24077530577779" lon="15.08413765579462">
        <ele>275</ele>
      </trkpt>
      <trkpt lat="46.24077304266393" lon="15.084219295531511">
        <ele>275</ele>
      </trkpt>
      <trkpt lat="46.24077186919749" lon="15.084297750145197">
        <ele>274.79998779296875</ele>
      </trkpt>
      <trkpt lat="46.2407711148262" lon="15.084377964958549">
        <ele>274.6000061035156</ele>
      </trkpt>
      <trkpt lat="46.2407660856843" lon="15.084457341581583">
        <ele>274.6000061035156</ele>
      </trkpt>
      <trkpt lat="46.24076063744724" lon="15.084537472575903">
        <ele>274.6000061035156</ele>
      </trkpt>
      <trkpt lat="46.24075300991535" lon="15.08461844176054">
        <ele>274.6000061035156</ele>
      </trkpt>
      <trkpt lat="46.24074462801218" lon="15.084700332954526">
        <ele>274.6000061035156</ele>
      </trkpt>
      <trkpt lat="46.240731719881296" lon="15.084781972691417">
        <ele>274.6000061035156</ele>
      </trkpt>
      <trkpt lat="46.24072082340717" lon="15.084860930219293">
        <ele>274.6000061035156</ele>
      </trkpt>
      <trkpt lat="46.24070640653372" lon="15.084939133375883">
        <ele>274.6000061035156</ele>
      </trkpt>
      <trkpt lat="46.240691654384136" lon="15.08501616306603">
        <ele>274.6000061035156</ele>
      </trkpt>
      <trkpt lat="46.24067262746394" lon="15.085091181099415">
        <ele>274.6000061035156</ele>
      </trkpt>
      <trkpt lat="46.24065762385726" lon="15.08516862988472">
        <ele>274.6000061035156</ele>
      </trkpt>
      <trkpt lat="46.24064379371703" lon="15.085244569927454">
        <ele>274.3999938964844</ele>
      </trkpt>
      <trkpt lat="46.24063381925225" lon="15.08530349470675">
        <ele>274.3999938964844</ele>
      </trkpt>
      <trkpt lat="46.24061797745526" lon="15.085391672328115">
        <ele>274.3999938964844</ele>
      </trkpt>
      <trkpt lat="46.24060322530568" lon="15.085460990667343">
        <ele>274.20001220703125</ele>
      </trkpt>
      <trkpt lat="46.24058922752738" lon="15.085529638454318">
        <ele>274.20001220703125</ele>
      </trkpt>
      <trkpt lat="46.24057564884424" lon="15.085597867146134">
        <ele>274.20001220703125</ele>
      </trkpt>
      <trkpt lat="46.24056081287563" lon="15.08566408418119">
        <ele>274.20001220703125</ele>
      </trkpt>
      <trkpt lat="46.240544049069285" lon="15.08573004975915">
        <ele>274.20001220703125</ele>
      </trkpt>
      <trkpt lat="46.24052946455777" lon="15.085797859355807">
        <ele>274.20001220703125</ele>
      </trkpt>
      <trkpt lat="46.24051504768431" lon="15.085865249857306">
        <ele>274.3999938964844</ele>
      </trkpt>
      <trkpt lat="46.24050264246762" lon="15.085933646187186">
        <ele>274.3999938964844</ele>
      </trkpt>
      <trkpt lat="46.240488812327385" lon="15.086001623421907">
        <ele>274.3999938964844</ele>
      </trkpt>
      <trkpt lat="46.2404743116349" lon="15.086070941761136">
        <ele>274.3999938964844</ele>
      </trkpt>
      <trkpt lat="46.240458050742745" lon="15.086138751357794">
        <ele>274.3999938964844</ele>
      </trkpt>
      <trkpt lat="46.240440448746085" lon="15.08620647713542">
        <ele>274.3999938964844</ele>
      </trkpt>
      <trkpt lat="46.24042586423457" lon="15.086272107437253">
        <ele>274.3999938964844</ele>
      </trkpt>
      <trkpt lat="46.24041127972305" lon="15.086337989196181">
        <ele>274.3999938964844</ele>
      </trkpt>
      <trkpt lat="46.2403966113925" lon="15.086402362212539">
        <ele>274.3999938964844</ele>
      </trkpt>
      <trkpt lat="46.240381356328726" lon="15.086465813219547">
        <ele>274.3999938964844</ele>
      </trkpt>
      <trkpt lat="46.24036677181721" lon="15.086529180407524">
        <ele>274.6000061035156</ele>
      </trkpt>
      <trkpt lat="46.240351516753435" lon="15.086597492918372">
        <ele>274.6000061035156</ele>
      </trkpt>
      <trkpt lat="46.240338860079646" lon="15.086665637791157">
        <ele>274.79998779296875</ele>
      </trkpt>
      <trkpt lat="46.24032402411103" lon="15.086732441559434">
        <ele>274.79998779296875</ele>
      </trkpt>
      <trkpt lat="46.24030784703791" lon="15.08680167607963">
        <ele>274.79998779296875</ele>
      </trkpt>
      <trkpt lat="46.2402927596122" lon="15.086868396028876">
        <ele>274.79998779296875</ele>
      </trkpt>
      <trkpt lat="46.24027691781521" lon="15.086936876177788">
        <ele>274.79998779296875</ele>
      </trkpt>
      <trkpt lat="46.240261159837246" lon="15.087003344669938">
        <ele>274.79998779296875</ele>
      </trkpt>
      <trkpt lat="46.24024531804025" lon="15.087071573361754">
        <ele>275</ele>
      </trkpt>
      <trkpt lat="46.24022830277681" lon="15.087138880044222">
        <ele>275</ele>
      </trkpt>
      <trkpt lat="46.240211203694344" lon="15.087207946926355">
        <ele>275</ele>
      </trkpt>
      <trkpt lat="46.24019477516413" lon="15.087275672703981">
        <ele>275</ele>
      </trkpt>
      <trkpt lat="46.24017876572907" lon="15.087344404309988">
        <ele>274.79998779296875</ele>
      </trkpt>
      <trkpt lat="46.24016401357949" lon="15.087413555011153">
        <ele>274.79998779296875</ele>
      </trkpt>
      <trkpt lat="46.240148758515716" lon="15.087481616064906">
        <ele>274.79998779296875</ele>
      </trkpt>
      <trkpt lat="46.240132162347436" lon="15.087549677118659">
        <ele>274.6000061035156</ele>
      </trkpt>
      <trkpt lat="46.24011590145528" lon="15.087613295763731">
        <ele>274.6000061035156</ele>
      </trkpt>
      <trkpt lat="46.24009964056313" lon="15.08767775259912">
        <ele>274.6000061035156</ele>
      </trkpt>
      <trkpt lat="46.2400858104229" lon="15.087740868330002">
        <ele>274.6000061035156</ele>
      </trkpt>
      <trkpt lat="46.24007306993008" lon="15.087802642956376">
        <ele>274.79998779296875</ele>
      </trkpt>
      <trkpt lat="46.240058820694685" lon="15.087865591049194">
        <ele>274.79998779296875</ele>
      </trkpt>
      <trkpt lat="46.24004197306931" lon="15.087926611304283">
        <ele>275</ele>
      </trkpt>
      <trkpt lat="46.24002722091973" lon="15.087988302111626">
        <ele>275</ele>
      </trkpt>
      <trkpt lat="46.24001163057983" lon="15.088050831109285">
        <ele>275.20001220703125</ele>
      </trkpt>
      <trkpt lat="46.239995285868645" lon="15.08811503648758">
        <ele>275.20001220703125</ele>
      </trkpt>
      <trkpt lat="46.239981623366475" lon="15.088165663182735">
        <ele>275.3999938964844</ele>
      </trkpt>
      <trkpt lat="46.239966955035925" lon="15.088243698701262">
        <ele>275.3999938964844</ele>
      </trkpt>
      <trkpt lat="46.23995899222791" lon="15.088307820260525">
        <ele>275.3999938964844</ele>
      </trkpt>
      <trkpt lat="46.23995513655245" lon="15.088373953476548">
        <ele>275.3999938964844</ele>
      </trkpt>
      <trkpt lat="46.23995899222791" lon="15.088443523272872">
        <ele>275.3999938964844</ele>
      </trkpt>
      <trkpt lat="46.23996527865529" lon="15.088512171059847">
        <ele>275.6000061035156</ele>
      </trkpt>
      <trkpt lat="46.23997064307332" lon="15.088580483570695">
        <ele>275.6000061035156</ele>
      </trkpt>
      <trkpt lat="46.23997734859586" lon="15.088647874072194">
        <ele>275.6000061035156</ele>
      </trkpt>
      <trkpt lat="46.23998321592808" lon="15.088714174926281">
        <ele>275.79998779296875</ele>
      </trkpt>
      <trkpt lat="46.23998975381255" lon="15.08878257125616">
        <ele>275.79998779296875</ele>
      </trkpt>
      <trkpt lat="46.23999319039285" lon="15.088852224871516">
        <ele>275.79998779296875</ele>
      </trkpt>
      <trkpt lat="46.23999319039285" lon="15.088920956477523">
        <ele>275.79998779296875</ele>
      </trkpt>
      <trkpt lat="46.23999402858317" lon="15.088988933712244">
        <ele>276</ele>
      </trkpt>
      <trkpt lat="46.23999503441155" lon="15.089057749137282">
        <ele>276</ele>
      </trkpt>
      <trkpt lat="46.23999746516347" lon="15.089127067476511">
        <ele>276</ele>
      </trkpt>
      <trkpt lat="46.23999880626798" lon="15.089196469634771">
        <ele>275.79998779296875</ele>
      </trkpt>
      <trkpt lat="46.23999897390604" lon="15.089265117421746">
        <ele>275.79998779296875</ele>
      </trkpt>
      <trkpt lat="46.23999763280153" lon="15.089329993352294">
        <ele>275.79998779296875</ele>
      </trkpt>
      <trkpt lat="46.23999562114477" lon="15.089394953101873">
        <ele>275.79998779296875</ele>
      </trkpt>
      <trkpt lat="46.23999310657382" lon="15.089460080489516">
        <ele>276</ele>
      </trkpt>
      <trkpt lat="46.23998665250838" lon="15.089527470991015">
        <ele>276</ele>
      </trkpt>
      <trkpt lat="46.2399838026613" lon="15.089595783501863">
        <ele>276.20001220703125</ele>
      </trkpt>
      <trkpt lat="46.23998413793743" lon="15.089662838727236">
        <ele>276.20001220703125</ele>
      </trkpt>
      <trkpt lat="46.239983132109046" lon="15.089733498170972">
        <ele>276.20001220703125</ele>
      </trkpt>
      <trkpt lat="46.239980617538095" lon="15.089806001633406">
        <ele>276</ele>
      </trkpt>
      <trkpt lat="46.239980617538095" lon="15.089877666905522">
        <ele>275.79998779296875</ele>
      </trkpt>
      <trkpt lat="46.23997902497649" lon="15.089948661625385">
        <ele>275.79998779296875</ele>
      </trkpt>
      <trkpt lat="46.23997659422457" lon="15.090018818154931">
        <ele>275.79998779296875</ele>
      </trkpt>
      <trkpt lat="46.23997600749135" lon="15.090090734884143">
        <ele>275.6000061035156</ele>
      </trkpt>
      <trkpt lat="46.2399769295007" lon="15.09016147814691">
        <ele>275.6000061035156</ele>
      </trkpt>
      <trkpt lat="46.239976678043604" lon="15.090233813971281">
        <ele>275.6000061035156</ele>
      </trkpt>
      <trkpt lat="46.23997642658651" lon="15.090304724872112">
        <ele>275.3999938964844</ele>
      </trkpt>
      <trkpt lat="46.239976258948445" lon="15.090374378487468">
        <ele>275.3999938964844</ele>
      </trkpt>
      <trkpt lat="46.23997927643359" lon="15.090445205569267">
        <ele>275.3999938964844</ele>
      </trkpt>
      <trkpt lat="46.23998153954744" lon="15.090512093156576">
        <ele>275.20001220703125</ele>
      </trkpt>
      <trkpt lat="46.23998489230871" lon="15.090577555820346">
        <ele>275.20001220703125</ele>
      </trkpt>
      <trkpt lat="46.23998589813709" lon="15.090642599388957">
        <ele>275.20001220703125</ele>
      </trkpt>
      <trkpt lat="46.23998690396547" lon="15.090708313509822">
        <ele>275.20001220703125</ele>
      </trkpt>
      <trkpt lat="46.23998858034611" lon="15.090774279087782">
        <ele>275.20001220703125</ele>
      </trkpt>
      <trkpt lat="46.23999327421188" lon="15.090839993208647">
        <ele>275.20001220703125</ele>
      </trkpt>
      <trkpt lat="46.23999981209636" lon="15.090902857482433">
        <ele>275.3999938964844</ele>
      </trkpt>
      <trkpt lat="46.24000383540988" lon="15.090966140851378">
        <ele>275.6000061035156</ele>
      </trkpt>
      <trkpt lat="46.24000224284828" lon="15.091029508039355">
        <ele>275.79998779296875</ele>
      </trkpt>
      <trkpt lat="46.24000199139118" lon="15.091079799458385">
        <ele>276</ele>
      </trkpt>
      <trkpt lat="46.24000743962824" lon="15.091142663732171">
        <ele>276</ele>
      </trkpt>
      <trkpt lat="46.240018252283335" lon="15.091221034526825">
        <ele>276.20001220703125</ele>
      </trkpt>
      <trkpt lat="46.24002990312874" lon="15.091290855780244">
        <ele>276</ele>
      </trkpt>
      <trkpt lat="46.24004473909736" lon="15.091355983167887">
        <ele>275.79998779296875</ele>
      </trkpt>
      <trkpt lat="46.24005915597081" lon="15.091421864926815">
        <ele>275.6000061035156</ele>
      </trkpt>
      <trkpt lat="46.240073489025235" lon="15.09149101562798">
        <ele>275.6000061035156</ele>
      </trkpt>
      <trkpt lat="46.240087151527405" lon="15.091560333967209">
        <ele>275.3999938964844</ele>
      </trkpt>
      <trkpt lat="46.2401011493057" lon="15.091628646478057">
        <ele>275.3999938964844</ele>
      </trkpt>
      <trkpt lat="46.240114057436585" lon="15.091696623712778">
        <ele>275.3999938964844</ele>
      </trkpt>
      <trkpt lat="46.24012587592006" lon="15.09177046827972">
        <ele>275.3999938964844</ele>
      </trkpt>
      <trkpt lat="46.24013727530837" lon="15.09184179827571">
        <ele>275.3999938964844</ele>
      </trkpt>
      <trkpt lat="46.240146746858954" lon="15.09191513992846">
        <ele>275.3999938964844</ele>
      </trkpt>
      <trkpt lat="46.24015303328633" lon="15.091986134648323">
        <ele>275.6000061035156</ele>
      </trkpt>
      <trkpt lat="46.240159487351775" lon="15.092057380825281">
        <ele>275.6000061035156</ele>
      </trkpt>
      <trkpt lat="46.24016610905528" lon="15.092127369716763">
        <ele>275.3999938964844</ele>
      </trkpt>
      <trkpt lat="46.240171222016215" lon="15.092195430770516">
        <ele>275.3999938964844</ele>
      </trkpt>
      <trkpt lat="46.24017088674009" lon="15.092259719967842">
        <ele>275.20001220703125</ele>
      </trkpt>
      <trkpt lat="46.24017398804426" lon="15.092318896204233">
        <ele>274.79998779296875</ele>
      </trkpt>
      <trkpt lat="46.240175664424896" lon="15.092376312240958">
        <ele>274.6000061035156</ele>
      </trkpt>
      <trkpt lat="46.240176083520055" lon="15.092428531497717">
        <ele>274.6000061035156</ele>
      </trkpt>
      <trkpt lat="46.24017390422523" lon="15.092476224526763">
        <ele>274.3999938964844</ele>
      </trkpt>
      <trkpt lat="46.24017256312072" lon="15.092520313337445">
        <ele>274.3999938964844</ele>
      </trkpt>
      <trkpt lat="46.24017046764493" lon="15.092563228681684">
        <ele>274.6000061035156</ele>
      </trkpt>
      <trkpt lat="46.24016619287431" lon="15.092604467645288">
        <ele>274.79998779296875</ele>
      </trkpt>
      <trkpt lat="46.240160996094346" lon="15.092649478465319">
        <ele>275</ele>
      </trkpt>
      <trkpt lat="46.24014657922089" lon="15.092691136524081">
        <ele>275.20001220703125</ele>
      </trkpt>
      <trkpt lat="46.24013023450971" lon="15.092734973877668">
        <ele>275.20001220703125</ele>
      </trkpt>
      <trkpt lat="46.240117494016886" lon="15.092782666906714">
        <ele>275.20001220703125</ele>
      </trkpt>
      <trkpt lat="46.24012369662523" lon="15.092830527573824">
        <ele>275.20001220703125</ele>
      </trkpt>
      <trkpt lat="46.24014322645962" lon="15.09287428110838">
        <ele>275.20001220703125</ele>
      </trkpt>
      <trkpt lat="46.24017239548266" lon="15.092906886711717">
        <ele>275.20001220703125</ele>
      </trkpt>
      <trkpt lat="46.24020533636212" lon="15.092923734337091">
        <ele>275.20001220703125</ele>
      </trkpt>
      <trkpt lat="46.24023894779384" lon="15.092926835641265">
        <ele>275.20001220703125</ele>
      </trkpt>
      <trkpt lat="46.24027666635811" lon="15.092916190624237">
        <ele>275.20001220703125</ele>
      </trkpt>
      <trkpt lat="46.24031463637948" lon="15.092896493151784">
        <ele>275.20001220703125</ele>
      </trkpt>
      <trkpt lat="46.240356462076306" lon="15.092876041308045">
        <ele>275.20001220703125</ele>
      </trkpt>
      <trkpt lat="46.240400802344084" lon="15.092861289158463">
        <ele>275.20001220703125</ele>
      </trkpt>
      <trkpt lat="46.24044899828732" lon="15.092853745445609">
        <ele>275.20001220703125</ele>
      </trkpt>
      <trkpt lat="46.240493170917034" lon="15.092848213389516">
        <ele>275.20001220703125</ele>
      </trkpt>
      <trkpt lat="46.240539103746414" lon="15.092843938618898">
        <ele>275.20001220703125</ele>
      </trkpt>
      <trkpt lat="46.24058528803289" lon="15.092843184247613">
        <ele>275.20001220703125</ele>
      </trkpt>
      <trkpt lat="46.24062837101519" lon="15.092842932790518">
        <ele>275.20001220703125</ele>
      </trkpt>
      <trkpt lat="46.24066340737045" lon="15.092837903648615">
        <ele>275.20001220703125</ele>
      </trkpt>
      <trkpt lat="46.24070959165692" lon="15.092834131792188">
        <ele>275.3999938964844</ele>
      </trkpt>
      <trkpt lat="46.24076566658914" lon="15.092831365764141">
        <ele>275.20001220703125</ele>
      </trkpt>
      <trkpt lat="46.240812856704" lon="15.092827090993524">
        <ele>275.20001220703125</ele>
      </trkpt>
      <trkpt lat="46.24086189083755" lon="15.092818289995193">
        <ele>275.20001220703125</ele>
      </trkpt>
      <trkpt lat="46.24090882949531" lon="15.09281367994845">
        <ele>275.20001220703125</ele>
      </trkpt>
      <trkpt lat="46.240957360714674" lon="15.092808650806546">
        <ele>275</ele>
      </trkpt>
      <trkpt lat="46.241008238866925" lon="15.09280538186431">
        <ele>275</ele>
      </trkpt>
      <trkpt lat="46.24105978757143" lon="15.092801610007882">
        <ele>274.79998779296875</ele>
      </trkpt>
      <trkpt lat="46.24111200682819" lon="15.092799346894026">
        <ele>274.79998779296875</ele>
      </trkpt>
      <trkpt lat="46.24116581864655" lon="15.092799430713058">
        <ele>274.79998779296875</ele>
      </trkpt>
      <trkpt lat="46.24121895991266" lon="15.092799179255962">
        <ele>274.79998779296875</ele>
      </trkpt>
      <trkpt lat="46.24127042479813" lon="15.09279859252274">
        <ele>275</ele>
      </trkpt>
      <trkpt lat="46.24132465571165" lon="15.092796748504043">
        <ele>275</ele>
      </trkpt>
      <trkpt lat="46.241380143910646" lon="15.092796916142106">
        <ele>275</ele>
      </trkpt>
      <trkpt lat="46.24143613502383" lon="15.092798508703709">
        <ele>275</ele>
      </trkpt>
      <trkpt lat="46.24149229377508" lon="15.092797335237265">
        <ele>275</ele>
      </trkpt>
      <trkpt lat="46.24154694378376" lon="15.092798760160804">
        <ele>274.79998779296875</ele>
      </trkpt>
      <trkpt lat="46.24160067178309" lon="15.092801945284009">
        <ele>274.79998779296875</ele>
      </trkpt>
      <trkpt lat="46.241654735058546" lon="15.092804543673992">
        <ele>274.6000061035156</ele>
      </trkpt>
      <trkpt lat="46.24171055853367" lon="15.09280445985496">
        <ele>274.6000061035156</ele>
      </trkpt>
      <trkpt lat="46.24176545999944" lon="15.092806303873658">
        <ele>274.6000061035156</ele>
      </trkpt>
      <trkpt lat="46.24181918799877" lon="15.092810578644276">
        <ele>274.6000061035156</ele>
      </trkpt>
      <trkpt lat="46.24187341891229" lon="15.092813847586513">
        <ele>274.6000061035156</ele>
      </trkpt>
      <trkpt lat="46.241926392540336" lon="15.092818709090352">
        <ele>274.6000061035156</ele>
      </trkpt>
      <trkpt lat="46.24197802506387" lon="15.092824576422572">
        <ele>274.6000061035156</ele>
      </trkpt>
      <trkpt lat="46.242029992863536" lon="15.092829940840602">
        <ele>274.6000061035156</ele>
      </trkpt>
      <trkpt lat="46.24208162538707" lon="15.092835305258632">
        <ele>274.6000061035156</ele>
      </trkpt>
      <trkpt lat="46.24213518574834" lon="15.092838490381837">
        <ele>274.6000061035156</ele>
      </trkpt>
      <trkpt lat="46.24218765646219" lon="15.092842932790518">
        <ele>274.6000061035156</ele>
      </trkpt>
      <trkpt lat="46.24224121682346" lon="15.09284888394177">
        <ele>274.6000061035156</ele>
      </trkpt>
      <trkpt lat="46.2422944419086" lon="15.092857014387846">
        <ele>274.3999938964844</ele>
      </trkpt>
      <trkpt lat="46.2423478346318" lon="15.09286355227232">
        <ele>274.3999938964844</ele>
      </trkpt>
      <trkpt lat="46.24240256845951" lon="15.092867407947779">
        <ele>274.3999938964844</ele>
      </trkpt>
      <trkpt lat="46.24245478771627" lon="15.092871431261301">
        <ele>274.3999938964844</ele>
      </trkpt>
      <trkpt lat="46.24251111410558" lon="15.092876544222236">
        <ele>274.3999938964844</ele>
      </trkpt>
      <trkpt lat="46.2425690330565" lon="15.092884507030249">
        <ele>274.3999938964844</ele>
      </trkpt>
      <trkpt lat="46.24262678436935" lon="15.092891631647944">
        <ele>274.20001220703125</ele>
      </trkpt>
      <trkpt lat="46.24268487095833" lon="15.092899007722735">
        <ele>274.20001220703125</ele>
      </trkpt>
      <trkpt lat="46.24274228699505" lon="15.092903031036258">
        <ele>274.20001220703125</ele>
      </trkpt>
      <trkpt lat="46.24279920011759" lon="15.092905964702368">
        <ele>274</ele>
      </trkpt>
      <trkpt lat="46.24285703524947" lon="15.09290898218751">
        <ele>274</ele>
      </trkpt>
      <trkpt lat="46.242912858724594" lon="15.092912670224905">
        <ele>273.79998779296875</ele>
      </trkpt>
      <trkpt lat="46.24295803718269" lon="15.092914095148444">
        <ele>273.79998779296875</ele>
      </trkpt>
      <trkpt lat="46.24301419593394" lon="15.092919627204537">
        <ele>273.79998779296875</ele>
      </trkpt>
      <trkpt lat="46.24306465499103" lon="15.09292608126998">
        <ele>273.79998779296875</ele>
      </trkpt>
      <trkpt lat="46.243128441274166" lon="15.092934966087341">
        <ele>273.6000061035156</ele>
      </trkpt>
      <trkpt lat="46.24318149872124" lon="15.092944940552115">
        <ele>273.6000061035156</ele>
      </trkpt>
      <trkpt lat="46.24323505908251" lon="15.092955753207207">
        <ele>273.6000061035156</ele>
      </trkpt>
      <trkpt lat="46.24328744597733" lon="15.092967990785837">
        <ele>273.6000061035156</ele>
      </trkpt>
      <trkpt lat="46.24333932995796" lon="15.092984922230244">
        <ele>273.6000061035156</ele>
      </trkpt>
      <trkpt lat="46.24339113011956" lon="15.093005038797855">
        <ele>273.6000061035156</ele>
      </trkpt>
      <trkpt lat="46.24344234354794" lon="15.093026412650943">
        <ele>273.3999938964844</ele>
      </trkpt>
      <trkpt lat="46.24349447898567" lon="15.093051055446267">
        <ele>273.20001220703125</ele>
      </trkpt>
      <trkpt lat="46.243542758747935" lon="15.093079218640924">
        <ele>273.20001220703125</ele>
      </trkpt>
      <trkpt lat="46.24358978122473" lon="15.093110650777817">
        <ele>272.79998779296875</ele>
      </trkpt>
      <trkpt lat="46.24363353475928" lon="15.093144765123725">
        <ele>272.6000061035156</ele>
      </trkpt>
      <trkpt lat="46.24366991221905" lon="15.093172509223223">
        <ele>272.6000061035156</ele>
      </trkpt>
      <trkpt lat="46.24372330494225" lon="15.093216178938746">
        <ele>272.6000061035156</ele>
      </trkpt>
      <trkpt lat="46.243766471743584" lon="15.093251634389162">
        <ele>272.6000061035156</ele>
      </trkpt>
      <trkpt lat="46.24380678869784" lon="15.0932876765728">
        <ele>272.6000061035156</ele>
      </trkpt>
      <trkpt lat="46.24384484253824" lon="15.09332480840385">
        <ele>272.79998779296875</ele>
      </trkpt>
      <trkpt lat="46.24388272874057" lon="15.093365041539073">
        <ele>272.79998779296875</ele>
      </trkpt>
      <trkpt lat="46.24391877092421" lon="15.09340787306428">
        <ele>272.79998779296875</ele>
      </trkpt>
      <trkpt lat="46.243956573307514" lon="15.093450285494328">
        <ele>272.79998779296875</ele>
      </trkpt>
      <trkpt lat="46.24399253167212" lon="15.09349336847663">
        <ele>272.79998779296875</ele>
      </trkpt>
      <trkpt lat="46.244028406217694" lon="15.093536116182804">
        <ele>273</ele>
      </trkpt>
      <trkpt lat="46.24406520277262" lon="15.093577606603503">
        <ele>273</ele>
      </trkpt>
      <trkpt lat="46.24410099349916" lon="15.093617085367441">
        <ele>273</ele>
      </trkpt>
      <trkpt lat="46.24414122663438" lon="15.093655725941062">
        <ele>273</ele>
      </trkpt>
      <trkpt lat="46.2441819626838" lon="15.093692354857922">
        <ele>273.20001220703125</ele>
      </trkpt>
      <trkpt lat="46.24422420747578" lon="15.093727055937052">
        <ele>273.20001220703125</ele>
      </trkpt>
      <trkpt lat="46.24426720663905" lon="15.093758320435882">
        <ele>273.3999938964844</ele>
      </trkpt>
      <trkpt lat="46.24430878087878" lon="15.09378857910633">
        <ele>273.3999938964844</ele>
      </trkpt>
      <trkpt lat="46.24435102567077" lon="15.093815149739385">
        <ele>273.3999938964844</ele>
      </trkpt>
      <trkpt lat="46.24439695850015" lon="15.093838199973106">
        <ele>273.3999938964844</ele>
      </trkpt>
      <trkpt lat="46.244433503597975" lon="15.093853790313005">
        <ele>273.6000061035156</ele>
      </trkpt>
      <trkpt lat="46.24448756687343" lon="15.09387843310833">
        <ele>273.6000061035156</ele>
      </trkpt>
      <trkpt lat="46.24453199096024" lon="15.093897292390466">
        <ele>273.79998779296875</ele>
      </trkpt>
      <trkpt lat="46.244578929618" lon="15.09391464293003">
        <ele>273.79998779296875</ele>
      </trkpt>
      <trkpt lat="46.24462880194187" lon="15.093928137794137">
        <ele>273.79998779296875</ele>
      </trkpt>
      <trkpt lat="46.24467708170414" lon="15.093941884115338">
        <ele>273.79998779296875</ele>
      </trkpt>
      <trkpt lat="46.24472552910447" lon="15.093953618779778">
        <ele>273.79998779296875</ele>
      </trkpt>
      <trkpt lat="46.24477665871382" lon="15.093961078673601">
        <ele>273.6000061035156</ele>
      </trkpt>
      <trkpt lat="46.24482954852283" lon="15.093965772539377">
        <ele>273.6000061035156</ele>
      </trkpt>
      <trkpt lat="46.24488327652216" lon="15.09396786801517">
        <ele>273.3999938964844</ele>
      </trkpt>
      <trkpt lat="46.24492879025638" lon="15.093967784196138">
        <ele>273.3999938964844</ele>
      </trkpt>
      <trkpt lat="46.24498159624636" lon="15.093970717862248">
        <ele>273.3999938964844</ele>
      </trkpt>
      <trkpt lat="46.24504211358726" lon="15.093973902985454">
        <ele>273.3999938964844</ele>
      </trkpt>
      <trkpt lat="46.2450934946537" lon="15.093974489718676">
        <ele>273.3999938964844</ele>
      </trkpt>
      <trkpt lat="46.245146971195936" lon="15.093972310423851">
        <ele>273.3999938964844</ele>
      </trkpt>
      <trkpt lat="46.24520204029977" lon="15.093969544395804">
        <ele>273.6000061035156</ele>
      </trkpt>
      <trkpt lat="46.24525627121329" lon="15.093969041481614">
        <ele>273.6000061035156</ele>
      </trkpt>
      <trkpt lat="46.245310083031654" lon="15.09396837092936">
        <ele>273.6000061035156</ele>
      </trkpt>
      <trkpt lat="46.24536397866905" lon="15.093967951834202">
        <ele>273.79998779296875</ele>
      </trkpt>
      <trkpt lat="46.2454182934016" lon="15.093967197462916">
        <ele>273.79998779296875</ele>
      </trkpt>
      <trkpt lat="46.24547101557255" lon="15.093968790024519">
        <ele>273.79998779296875</ele>
      </trkpt>
      <trkpt lat="46.2455234862864" lon="15.093967951834202">
        <ele>273.79998779296875</ele>
      </trkpt>
      <trkpt lat="46.245577381923795" lon="15.093964515253901">
        <ele>273.6000061035156</ele>
      </trkpt>
      <trkpt lat="46.245631696656346" lon="15.09396300651133">
        <ele>273.6000061035156</ele>
      </trkpt>
      <trkpt lat="46.245685424655676" lon="15.093960156664252">
        <ele>273.3999938964844</ele>
      </trkpt>
      <trkpt lat="46.245740074664354" lon="15.093959737569094">
        <ele>273.20001220703125</ele>
      </trkpt>
      <trkpt lat="46.24579397030175" lon="15.093961330130696">
        <ele>273.20001220703125</ele>
      </trkpt>
      <trkpt lat="46.24584820121527" lon="15.093963341787457">
        <ele>273.20001220703125</ele>
      </trkpt>
      <trkpt lat="46.2459019292146" lon="15.093967197462916">
        <ele>273.20001220703125</ele>
      </trkpt>
      <trkpt lat="46.24595087952912" lon="15.093972310423851">
        <ele>273.20001220703125</ele>
      </trkpt>
      <trkpt lat="46.24600259587169" lon="15.09397809393704">
        <ele>273</ele>
      </trkpt>
      <trkpt lat="46.24605800025165" lon="15.09398203343153">
        <ele>273</ele>
      </trkpt>
      <trkpt lat="46.24610275961459" lon="15.093983206897974">
        <ele>272.79998779296875</ele>
      </trkpt>
      <trkpt lat="46.24616805464029" lon="15.093987733125687">
        <ele>272.79998779296875</ele>
      </trkpt>
      <trkpt lat="46.246223375201225" lon="15.09399519301951">
        <ele>272.6000061035156</ele>
      </trkpt>
      <trkpt lat="46.24627877958119" lon="15.094004413112998">
        <ele>272.6000061035156</ele>
      </trkpt>
      <trkpt lat="46.246331837028265" lon="15.09401430375874">
        <ele>272.6000061035156</ele>
      </trkpt>
      <trkpt lat="46.24638665467501" lon="15.094025870785117">
        <ele>272.6000061035156</ele>
      </trkpt>
      <trkpt lat="46.246441807597876" lon="15.094040622934699">
        <ele>272.79998779296875</ele>
      </trkpt>
      <trkpt lat="46.24649771489203" lon="15.0940543692559">
        <ele>273</ele>
      </trkpt>
      <trkpt lat="46.24655194580555" lon="15.094066942110658">
        <ele>273.20001220703125</ele>
      </trkpt>
      <trkpt lat="46.2466062605381" lon="15.094077419489622">
        <ele>273.20001220703125</ele>
      </trkpt>
      <trkpt lat="46.24665705487132" lon="15.094083538278937">
        <ele>273.20001220703125</ele>
      </trkpt>
      <trkpt lat="46.24670885503292" lon="15.094090159982443">
        <ele>273.20001220703125</ele>
      </trkpt>
      <trkpt lat="46.24676367267966" lon="15.094100050628185">
        <ele>273</ele>
      </trkpt>
      <trkpt lat="46.24681823886931" lon="15.09411497041583">
        <ele>273</ele>
      </trkpt>
      <trkpt lat="46.2468705419451" lon="15.094131901860237">
        <ele>273</ele>
      </trkpt>
      <trkpt lat="46.24691052362323" lon="15.094143720343709">
        <ele>273</ele>
      </trkpt>
      <trkpt lat="46.24697112478316" lon="15.09415889158845">
        <ele>273</ele>
      </trkpt>
      <trkpt lat="46.24702703207731" lon="15.094169788062572">
        <ele>273</ele>
      </trkpt>
      <trkpt lat="46.24708310700953" lon="15.094176745042205">
        <ele>272.79998779296875</ele>
      </trkpt>
      <trkpt lat="46.24713867902756" lon="15.094184624031186">
        <ele>272.79998779296875</ele>
      </trkpt>
      <trkpt lat="46.2471934966743" lon="15.094190742820501">
        <ele>272.79998779296875</ele>
      </trkpt>
      <trkpt lat="46.24723800458014" lon="15.094197113066912">
        <ele>272.79998779296875</ele>
      </trkpt>
      <trkpt lat="46.24729164876044" lon="15.094206416979432">
        <ele>273</ele>
      </trkpt>
      <trkpt lat="46.24735711142421" lon="15.094213709235191">
        <ele>273.20001220703125</ele>
      </trkpt>
      <trkpt lat="46.24741402454674" lon="15.094211949035525">
        <ele>273.20001220703125</ele>
      </trkpt>
      <trkpt lat="46.24747118912637" lon="15.094209518283606">
        <ele>273.3999938964844</ele>
      </trkpt>
      <trkpt lat="46.24752961099148" lon="15.094204908236861">
        <ele>273.3999938964844</ele>
      </trkpt>
      <trkpt lat="46.247586607933044" lon="15.094196358695626">
        <ele>273.3999938964844</ele>
      </trkpt>
      <trkpt lat="46.24764050357044" lon="15.094181941822171">
        <ele>273.3999938964844</ele>
      </trkpt>
      <trkpt lat="46.24769666232169" lon="15.094167273491621">
        <ele>273.20001220703125</ele>
      </trkpt>
      <trkpt lat="46.24774091877043" lon="15.0941545329988">
        <ele>273.20001220703125</ele>
      </trkpt>
      <trkpt lat="46.24780688434839" lon="15.094134416431189">
        <ele>273.20001220703125</ele>
      </trkpt>
      <trkpt lat="46.24786262400448" lon="15.094115976244211">
        <ele>273</ele>
      </trkpt>
      <trkpt lat="46.24790780246258" lon="15.094097536057234">
        <ele>273</ele>
      </trkpt>
      <trkpt lat="46.24797435477376" lon="15.094073815271258">
        <ele>273</ele>
      </trkpt>
      <trkpt lat="46.24803068116307" lon="15.094050848856568">
        <ele>273</ele>
      </trkpt>
      <trkpt lat="46.24808575026691" lon="15.094023859128356">
        <ele>272.79998779296875</ele>
      </trkpt>
      <trkpt lat="46.24814098700881" lon="15.093996785581112">
        <ele>272.79998779296875</ele>
      </trkpt>
      <trkpt lat="46.24819622375071" lon="15.093971556052566">
        <ele>273</ele>
      </trkpt>
      <trkpt lat="46.248240899294615" lon="15.093953032046556">
        <ele>272.79998779296875</ele>
      </trkpt>
      <trkpt lat="46.248306864872575" lon="15.093923946842551">
        <ele>272.79998779296875</ele>
      </trkpt>
      <trkpt lat="46.248362604528666" lon="15.093899806961417">
        <ele>272.79998779296875</ele>
      </trkpt>
      <trkpt lat="46.248407112434506" lon="15.0938799418509">
        <ele>272.79998779296875</ele>
      </trkpt>
      <trkpt lat="46.24846201390028" lon="15.093854712322354">
        <ele>272.79998779296875</ele>
      </trkpt>
      <trkpt lat="46.24851708300412" lon="15.093830320984125">
        <ele>273</ele>
      </trkpt>
      <trkpt lat="46.24857081100345" lon="15.09380760602653">
        <ele>273</ele>
      </trkpt>
      <trkpt lat="46.24863602221012" lon="15.093779107555747">
        <ele>273</ele>
      </trkpt>
      <trkpt lat="46.24868983402848" lon="15.093752536922693">
        <ele>273.20001220703125</ele>
      </trkpt>
      <trkpt lat="46.248741718009114" lon="15.093727223575115">
        <ele>273.20001220703125</ele>
      </trkpt>
      <trkpt lat="46.24879779294133" lon="15.093706184998155">
        <ele>273.3999938964844</ele>
      </trkpt>
      <trkpt lat="46.24885353259742" lon="15.093683302402496">
        <ele>273.3999938964844</ele>
      </trkpt>
      <trkpt lat="46.24890726059675" lon="15.093657150864601">
        <ele>273.3999938964844</ele>
      </trkpt>
      <trkpt lat="46.24896140769124" lon="15.093628987669945">
        <ele>273.3999938964844</ele>
      </trkpt>
      <trkpt lat="46.249014884233475" lon="15.093603003770113">
        <ele>273.3999938964844</ele>
      </trkpt>
      <trkpt lat="46.249068612232804" lon="15.093578696250916">
        <ele>273.3999938964844</ele>
      </trkpt>
      <trkpt lat="46.249121921136975" lon="15.093553718179464">
        <ele>273.3999938964844</ele>
      </trkpt>
      <trkpt lat="46.24917648732662" lon="15.093532176688313">
        <ele>273.3999938964844</ele>
      </trkpt>
      <trkpt lat="46.24923264607787" lon="15.093511641025543">
        <ele>273.6000061035156</ele>
      </trkpt>
      <trkpt lat="46.2492879666388" lon="15.093494206666946">
        <ele>273.6000061035156</ele>
      </trkpt>
      <trkpt lat="46.249342281371355" lon="15.093481298536062">
        <ele>273.79998779296875</ele>
      </trkpt>
      <trkpt lat="46.24939659610391" lon="15.093473503366113">
        <ele>273.79998779296875</ele>
      </trkpt>
      <trkpt lat="46.249453173950315" lon="15.093470737338066">
        <ele>273.79998779296875</ele>
      </trkpt>
      <trkpt lat="46.24950673431158" lon="15.093473587185144">
        <ele>273.79998779296875</ele>
      </trkpt>
      <trkpt lat="46.24955979175866" lon="15.09348171763122">
        <ele>273.79998779296875</ele>
      </trkpt>
      <trkpt lat="46.249613016843796" lon="15.093495044857264">
        <ele>273.79998779296875</ele>
      </trkpt>
      <trkpt lat="46.24965626746416" lon="15.093506947159767">
        <ele>273.79998779296875</ele>
      </trkpt>
      <trkpt lat="46.24971988610923" lon="15.093521866947412">
        <ele>274</ele>
      </trkpt>
      <trkpt lat="46.24977101571858" lon="15.093537960201502">
        <ele>274</ele>
      </trkpt>
      <trkpt lat="46.24982298351824" lon="15.093557154759765">
        <ele>274</ele>
      </trkpt>
      <trkpt lat="46.249873358756304" lon="15.093579199165106">
        <ele>274</ele>
      </trkpt>
      <trkpt lat="46.249924656003714" lon="15.09359898045659">
        <ele>274</ele>
      </trkpt>
      <trkpt lat="46.2499753665179" lon="15.093618761748075">
        <ele>274</ele>
      </trkpt>
      <trkpt lat="46.250025825574994" lon="15.093636196106672">
        <ele>274</ele>
      </trkpt>
      <trkpt lat="46.25007594935596" lon="15.093651618808508">
        <ele>274</ele>
      </trkpt>
      <trkpt lat="46.25012640841305" lon="15.093665113672614">
        <ele>274</ele>
      </trkpt>
      <trkpt lat="46.25017561018467" lon="15.09367860853672">
        <ele>274</ele>
      </trkpt>
      <trkpt lat="46.250228164717555" lon="15.093686236068606">
        <ele>274</ele>
      </trkpt>
      <trkpt lat="46.250272588804364" lon="15.093686822801828">
        <ele>274.20001220703125</ele>
      </trkpt>
      <trkpt lat="46.25033302232623" lon="15.09368883445859">
        <ele>274.20001220703125</ele>
      </trkpt>
      <trkpt lat="46.25038180500269" lon="15.093692019581795">
        <ele>274.20001220703125</ele>
      </trkpt>
      <trkpt lat="46.250421199947596" lon="15.093694450333714">
        <ele>274.3999938964844</ele>
      </trkpt>
      <trkpt lat="46.250479789450765" lon="15.093695120885968">
        <ele>274.6000061035156</ele>
      </trkpt>
      <trkpt lat="46.25053049996495" lon="15.093694366514683">
        <ele>274.6000061035156</ele>
      </trkpt>
      <trkpt lat="46.25057760626078" lon="15.093691935762763">
        <ele>274.79998779296875</ele>
      </trkpt>
      <trkpt lat="46.250624964013696" lon="15.0936917681247">
        <ele>275</ele>
      </trkpt>
      <trkpt lat="46.25067114830017" lon="15.093694534152746">
        <ele>275.20001220703125</ele>
      </trkpt>
      <trkpt lat="46.25071716494858" lon="15.09369671344757">
        <ele>275.3999938964844</ele>
      </trkpt>
      <trkpt lat="46.25076259486377" lon="15.093698808923364">
        <ele>275.6000061035156</ele>
      </trkpt>
      <trkpt lat="46.2508078571409" lon="15.09370258077979">
        <ele>275.79998779296875</ele>
      </trkpt>
      <trkpt lat="46.2508440669626" lon="15.093706268817186">
        <ele>276.20001220703125</ele>
      </trkpt>
      <trkpt lat="46.25089687295258" lon="15.09371624328196">
        <ele>276.3999938964844</ele>
      </trkpt>
      <trkpt lat="46.25094163231552" lon="15.09372596628964">
        <ele>276.3999938964844</ele>
      </trkpt>
      <trkpt lat="46.25098689459264" lon="15.093736527487636">
        <ele>276.6000061035156</ele>
      </trkpt>
      <trkpt lat="46.25103257596493" lon="15.093747759237885">
        <ele>276.79998779296875</ele>
      </trkpt>
      <trkpt lat="46.25107817351818" lon="15.093760918825865">
        <ele>276.79998779296875</ele>
      </trkpt>
      <trkpt lat="46.25112410634756" lon="15.093777514994144">
        <ele>277</ele>
      </trkpt>
      <trkpt lat="46.25116609968245" lon="15.093797128647566">
        <ele>277</ele>
      </trkpt>
      <trkpt lat="46.251208344474435" lon="15.093819089233875">
        <ele>277.20001220703125</ele>
      </trkpt>
      <trkpt lat="46.251251846551895" lon="15.093839457258582">
        <ele>277.20001220703125</ele>
      </trkpt>
      <trkpt lat="46.25129601918161" lon="15.093862088397145">
        <ele>277.20001220703125</ele>
      </trkpt>
      <trkpt lat="46.25134061090648" lon="15.093885641545057">
        <ele>277.3999938964844</ele>
      </trkpt>
      <trkpt lat="46.2513810954988" lon="15.093910032883286">
        <ele>277.3999938964844</ele>
      </trkpt>
      <trkpt lat="46.25142166391015" lon="15.093934508040547">
        <ele>277.3999938964844</ele>
      </trkpt>
      <trkpt lat="46.251462483778596" lon="15.093962587416172">
        <ele>277.3999938964844</ele>
      </trkpt>
      <trkpt lat="46.2515053153038" lon="15.093992510810494">
        <ele>277.3999938964844</ele>
      </trkpt>
      <trkpt lat="46.25154806300998" lon="15.094023188576102">
        <ele>277.3999938964844</ele>
      </trkpt>
      <trkpt lat="46.25158938579261" lon="15.094055207446218">
        <ele>277.3999938964844</ele>
      </trkpt>
      <trkpt lat="46.251630960032344" lon="15.094089824706316">
        <ele>277.3999938964844</ele>
      </trkpt>
      <trkpt lat="46.25167085789144" lon="15.094124441966414">
        <ele>277.20001220703125</ele>
      </trkpt>
      <trkpt lat="46.2517125159502" lon="15.094161992892623">
        <ele>277.20001220703125</ele>
      </trkpt>
      <trkpt lat="46.25175325199962" lon="15.094201555475593">
        <ele>277.20001220703125</ele>
      </trkpt>
      <trkpt lat="46.25179289840162" lon="15.094242375344038">
        <ele>277</ele>
      </trkpt>
      <trkpt lat="46.25182910822332" lon="15.09428646415472">
        <ele>276.79998779296875</ele>
      </trkpt>
      <trkpt lat="46.251865988597274" lon="15.09433038532734">
        <ele>276.79998779296875</ele>
      </trkpt>
      <trkpt lat="46.25190521590412" lon="15.094374222680926">
        <ele>276.6000061035156</ele>
      </trkpt>
      <trkpt lat="46.251942766830325" lon="15.094419904053211">
        <ele>276.6000061035156</ele>
      </trkpt>
      <trkpt lat="46.25197277404368" lon="15.094457538798451">
        <ele>276.79998779296875</ele>
      </trkpt>
      <trkpt lat="46.252015102654696" lon="15.094519145786762">
        <ele>277</ele>
      </trkpt>
      <trkpt lat="46.2520510610193" lon="15.094570610672235">
        <ele>277</ele>
      </trkpt>
      <trkpt lat="46.25208844430745" lon="15.094626434147358">
        <ele>277</ele>
      </trkpt>
      <trkpt lat="46.252125995233655" lon="15.094680162146688">
        <ele>277</ele>
      </trkpt>
      <trkpt lat="46.25216245651245" lon="15.094734141603112">
        <ele>276.79998779296875</ele>
      </trkpt>
      <trkpt lat="46.252196319401264" lon="15.094791306182742">
        <ele>276.79998779296875</ele>
      </trkpt>
      <trkpt lat="46.25222791917622" lon="15.094851488247514">
        <ele>276.79998779296875</ele>
      </trkpt>
      <trkpt lat="46.25225733965635" lon="15.0949143525213">
        <ele>276.79998779296875</ele>
      </trkpt>
      <trkpt lat="46.252287179231644" lon="15.094977971166372">
        <ele>276.6000061035156</ele>
      </trkpt>
      <trkpt lat="46.25231232494116" lon="15.09504133835435">
        <ele>276.3999938964844</ele>
      </trkpt>
      <trkpt lat="46.25233428552747" lon="15.095099592581391">
        <ele>276.20001220703125</ele>
      </trkpt>
      <trkpt lat="46.25235582701862" lon="15.095159020274878">
        <ele>276</ele>
      </trkpt>
      <trkpt lat="46.25237946398556" lon="15.09521584957838">
        <ele>276</ele>
      </trkpt>
      <trkpt lat="46.25240184366703" lon="15.095273684710264">
        <ele>275.79998779296875</ele>
      </trkpt>
      <trkpt lat="46.25242221169174" lon="15.095330933108926">
        <ele>275.79998779296875</ele>
      </trkpt>
      <trkpt lat="46.25244090333581" lon="15.095375021919608">
        <ele>275.79998779296875</ele>
      </trkpt>
      <trkpt lat="46.2524707429111" lon="15.095436880365014">
        <ele>275.79998779296875</ele>
      </trkpt>
      <trkpt lat="46.252497900277376" lon="15.095484321936965">
        <ele>276</ele>
      </trkpt>
      <trkpt lat="46.25252874568105" lon="15.09552807547152">
        <ele>276.20001220703125</ele>
      </trkpt>
      <trkpt lat="46.25256210565567" lon="15.095570487901568">
        <ele>276.6000061035156</ele>
      </trkpt>
      <trkpt lat="46.252597980201244" lon="15.09561013430357">
        <ele>276.79998779296875</ele>
      </trkpt>
      <trkpt lat="46.252635698765516" lon="15.095649613067508">
        <ele>276.79998779296875</ele>
      </trkpt>
      <trkpt lat="46.2526745069772" lon="15.095689008012414">
        <ele>277</ele>
      </trkpt>
      <trkpt lat="46.2527159973979" lon="15.095727480947971">
        <ele>277</ele>
      </trkpt>
      <trkpt lat="46.2527625169605" lon="15.095756901428103">
        <ele>277</ele>
      </trkpt>
      <trkpt lat="46.25281020998955" lon="15.095782885327935">
        <ele>277.20001220703125</ele>
      </trkpt>
      <trkpt lat="46.25286024995148" lon="15.095802498981357">
        <ele>277.20001220703125</ele>
      </trkpt>
      <trkpt lat="46.25291087664664" lon="15.0958192627877">
        <ele>277.20001220703125</ele>
      </trkpt>
      <trkpt lat="46.25296074897051" lon="15.095833595842123">
        <ele>277.20001220703125</ele>
      </trkpt>
      <trkpt lat="46.253001652657986" lon="15.095841642469168">
        <ele>277.20001220703125</ele>
      </trkpt>
      <trkpt lat="46.25305328518152" lon="15.09584809653461">
        <ele>277.20001220703125</ele>
      </trkpt>
      <trkpt lat="46.2531148083508" lon="15.095850862562656">
        <ele>277.20001220703125</ele>
      </trkpt>
      <trkpt lat="46.25316618941724" lon="15.095850192010403">
        <ele>277.20001220703125</ele>
      </trkpt>
      <trkpt lat="46.25320767983794" lon="15.095847509801388">
        <ele>277</ele>
      </trkpt>
      <trkpt lat="46.253256630152464" lon="15.095838876441121">
        <ele>277</ele>
      </trkpt>
      <trkpt lat="46.253314884379506" lon="15.095826722681522">
        <ele>276.79998779296875</ele>
      </trkpt>
      <trkpt lat="46.253362158313394" lon="15.095813479274511">
        <ele>276.79998779296875</ele>
      </trkpt>
      <trkpt lat="46.2534102704376" lon="15.095795122906566">
        <ele>276.79998779296875</ele>
      </trkpt>
      <trkpt lat="46.253458550199866" lon="15.095773246139288">
        <ele>276.79998779296875</ele>
      </trkpt>
      <trkpt lat="46.25350666232407" lon="15.095751788467169">
        <ele>276.79998779296875</ele>
      </trkpt>
      <trkpt lat="46.25355645082891" lon="15.095732510089874">
        <ele>276.79998779296875</ele>
      </trkpt>
      <trkpt lat="46.253606490790844" lon="15.095711220055819">
        <ele>277</ele>
      </trkpt>
      <trkpt lat="46.25364638864994" lon="15.095696216449142">
        <ele>277</ele>
      </trkpt>
      <trkpt lat="46.253707157447934" lon="15.095676016062498">
        <ele>277</ele>
      </trkpt>
      <trkpt lat="46.2537572812289" lon="15.095667047426105">
        <ele>277</ele>
      </trkpt>
      <trkpt lat="46.253810254856944" lon="15.09565849788487">
        <ele>276.79998779296875</ele>
      </trkpt>
      <trkpt lat="46.25386440195143" lon="15.095651960000396">
        <ele>276.6000061035156</ele>
      </trkpt>
      <trkpt lat="46.2539195548743" lon="15.095651121810079">
        <ele>276.6000061035156</ele>
      </trkpt>
      <trkpt lat="46.25397386960685" lon="15.095651960000396">
        <ele>276.3999938964844</ele>
      </trkpt>
      <trkpt lat="46.25402751378715" lon="15.095655312761664">
        <ele>276.3999938964844</ele>
      </trkpt>
      <trkpt lat="46.25407746993005" lon="15.095665957778692">
        <ele>276.6000061035156</ele>
      </trkpt>
      <trkpt lat="46.25412968918681" lon="15.095676518976688">
        <ele>276.6000061035156</ele>
      </trkpt>
      <trkpt lat="46.25418098643422" lon="15.095682553946972">
        <ele>276.79998779296875</ele>
      </trkpt>
      <trkpt lat="46.25423312187195" lon="15.095685571432114">
        <ele>276.79998779296875</ele>
      </trkpt>
      <trkpt lat="46.25428349711001" lon="15.09569026529789">
        <ele>277</ele>
      </trkpt>
      <trkpt lat="46.25433202832937" lon="15.095698731020093">
        <ele>277</ele>
      </trkpt>
      <trkpt lat="46.25437821261585" lon="15.09571960195899">
        <ele>277</ele>
      </trkpt>
      <trkpt lat="46.25441542826593" lon="15.095756985247135">
        <ele>277</ele>
      </trkpt>
      <trkpt lat="46.25443981960416" lon="15.09581197053194">
        <ele>277</ele>
      </trkpt>
      <trkpt lat="46.25445415265858" lon="15.095873661339283">
        <ele>277</ele>
      </trkpt>
      <trkpt lat="46.254473347216845" lon="15.09593216702342">
        <ele>277</ele>
      </trkpt>
      <trkpt lat="46.25450452789664" lon="15.095972903072834">
        <ele>277</ele>
      </trkpt>
      <trkpt lat="46.25454291701317" lon="15.095997294411063">
        <ele>277.20001220703125</ele>
      </trkpt>
      <trkpt lat="46.254585245624185" lon="15.095998803153634">
        <ele>277.20001220703125</ele>
      </trkpt>
      <trkpt lat="46.254624892026186" lon="15.095978686586022">
        <ele>277.20001220703125</ele>
      </trkpt>
      <trkpt lat="46.25466269440949" lon="15.095961336046457">
        <ele>277.20001220703125</ele>
      </trkpt>
      <trkpt lat="46.25470435246825" lon="15.095961336046457">
        <ele>277.20001220703125</ele>
      </trkpt>
      <trkpt lat="46.254747938364744" lon="15.095979860052466">
        <ele>277</ele>
      </trkpt>
      <trkpt lat="46.25479227863252" lon="15.096012717112899">
        <ele>277</ele>
      </trkpt>
      <trkpt lat="46.254833517596126" lon="15.096055464819074">
        <ele>276.79998779296875</ele>
      </trkpt>
      <trkpt lat="46.25487291254103" lon="15.096101565286517">
        <ele>276.6000061035156</ele>
      </trkpt>
      <trkpt lat="46.254910631105304" lon="15.096154119819403">
        <ele>276.3999938964844</ele>
      </trkpt>
      <trkpt lat="46.254948768764734" lon="15.096209943294525">
        <ele>276.20001220703125</ele>
      </trkpt>
      <trkpt lat="46.25498623587191" lon="15.096267275512218">
        <ele>276.20001220703125</ele>
      </trkpt>
      <trkpt lat="46.2550197634846" lon="15.096327206119895">
        <ele>276.20001220703125</ele>
      </trkpt>
      <trkpt lat="46.25505211763084" lon="15.096387388184667">
        <ele>276.20001220703125</ele>
      </trkpt>
      <trkpt lat="46.25507910735905" lon="15.096434075385332">
        <ele>276.20001220703125</ele>
      </trkpt>
      <trkpt lat="46.255115903913975" lon="15.096489731222391">
        <ele>276.20001220703125</ele>
      </trkpt>
      <trkpt lat="46.25516166910529" lon="15.096553852781653">
        <ele>276.20001220703125</ele>
      </trkpt>
      <trkpt lat="46.25520500354469" lon="15.09660012088716">
        <ele>276.20001220703125</ele>
      </trkpt>
      <trkpt lat="46.25524817034602" lon="15.096640102565289">
        <ele>276.20001220703125</ele>
      </trkpt>
      <trkpt lat="46.255287900567055" lon="15.096682095900178">
        <ele>276.20001220703125</ele>
      </trkpt>
      <trkpt lat="46.25532561913133" lon="15.096729034557939">
        <ele>276.20001220703125</ele>
      </trkpt>
      <trkpt lat="46.25536057166755" lon="15.096778403967619">
        <ele>276.20001220703125</ele>
      </trkpt>
      <trkpt lat="46.255394015461206" lon="15.096830790862441">
        <ele>276.20001220703125</ele>
      </trkpt>
      <trkpt lat="46.25542586669326" lon="15.09688351303339">
        <ele>276.3999938964844</ele>
      </trkpt>
      <trkpt lat="46.255461322143674" lon="15.09693967178464">
        <ele>276.3999938964844</ele>
      </trkpt>
      <trkpt lat="46.25549870543182" lon="15.096994657069445">
        <ele>276.3999938964844</ele>
      </trkpt>
      <trkpt lat="46.255534663796425" lon="15.097044361755252">
        <ele>276.6000061035156</ele>
      </trkpt>
      <trkpt lat="46.255569783970714" lon="15.097094317898154">
        <ele>276.6000061035156</ele>
      </trkpt>
      <trkpt lat="46.25560280866921" lon="15.097148129716516">
        <ele>276.6000061035156</ele>
      </trkpt>
      <trkpt lat="46.25563759356737" lon="15.097201270982623">
        <ele>276.6000061035156</ele>
      </trkpt>
      <trkpt lat="46.25567078590393" lon="15.097252232953906">
        <ele>276.6000061035156</ele>
      </trkpt>
      <trkpt lat="46.25570582225919" lon="15.097307050600648">
        <ele>276.6000061035156</ele>
      </trkpt>
      <trkpt lat="46.25574111007154" lon="15.09735801257193">
        <ele>276.6000061035156</ele>
      </trkpt>
      <trkpt lat="46.25577564351261" lon="15.097410399466753">
        <ele>276.3999938964844</ele>
      </trkpt>
      <trkpt lat="46.2558086682111" lon="15.097461361438036">
        <ele>276.3999938964844</ele>
      </trkpt>
      <trkpt lat="46.255843034014106" lon="15.09751039557159">
        <ele>276.3999938964844</ele>
      </trkpt>
      <trkpt lat="46.25587614253163" lon="15.097558172419667">
        <ele>276.3999938964844</ele>
      </trkpt>
      <trkpt lat="46.25590925104916" lon="15.097605865448713">
        <ele>276.3999938964844</ele>
      </trkpt>
      <trkpt lat="46.255942191928625" lon="15.097654648125172">
        <ele>276.3999938964844</ele>
      </trkpt>
      <trkpt lat="46.25597454607487" lon="15.097703682258725">
        <ele>276.20001220703125</ele>
      </trkpt>
      <trkpt lat="46.25600824132562" lon="15.097752548754215">
        <ele>276.20001220703125</ele>
      </trkpt>
      <trkpt lat="46.25603439286351" lon="15.097791692242026">
        <ele>276.20001220703125</ele>
      </trkpt>
      <trkpt lat="46.25607236288488" lon="15.097849275916815">
        <ele>276.20001220703125</ele>
      </trkpt>
      <trkpt lat="46.25610421411693" lon="15.097894538193941">
        <ele>276.20001220703125</ele>
      </trkpt>
      <trkpt lat="46.256138663738966" lon="15.097947008907795">
        <ele>276.20001220703125</ele>
      </trkpt>
      <trkpt lat="46.256172275170684" lon="15.097996378317475">
        <ele>276.20001220703125</ele>
      </trkpt>
      <trkpt lat="46.25620580278337" lon="15.098045244812965">
        <ele>276.20001220703125</ele>
      </trkpt>
      <trkpt lat="46.25623916275799" lon="15.098093273118138">
        <ele>276.20001220703125</ele>
      </trkpt>
      <trkpt lat="46.2562714330852" lon="15.098139876499772">
        <ele>276.20001220703125</ele>
      </trkpt>
      <trkpt lat="46.256301859393716" lon="15.098183965310454">
        <ele>276.20001220703125</ele>
      </trkpt>
      <trkpt lat="46.25633027404547" lon="15.098226880654693">
        <ele>276.20001220703125</ele>
      </trkpt>
      <trkpt lat="46.256357096135616" lon="15.098267700523138">
        <ele>276.3999938964844</ele>
      </trkpt>
      <trkpt lat="46.25638525933027" lon="15.098307263106108">
        <ele>276.3999938964844</ele>
      </trkpt>
      <trkpt lat="46.25641157850623" lon="15.098346071317792">
        <ele>276.6000061035156</ele>
      </trkpt>
      <trkpt lat="46.25643605366349" lon="15.098381945863366">
        <ele>276.79998779296875</ele>
      </trkpt>
      <trkpt lat="46.25645902007818" lon="15.098417652770877">
        <ele>276.79998779296875</ele>
      </trkpt>
      <trkpt lat="46.256482154130936" lon="15.098453275859356">
        <ele>277</ele>
      </trkpt>
      <trkpt lat="46.25649933703244" lon="15.098479427397251">
        <ele>277.20001220703125</ele>
      </trkpt>
      <trkpt lat="46.25652154907584" lon="15.098515721037984">
        <ele>277.20001220703125</ele>
      </trkpt>
      <trkpt lat="46.256544180214405" lon="15.098572801798582">
        <ele>277</ele>
      </trkpt>
      <trkpt lat="46.25654057599604" lon="15.098627032712102">
        <ele>276.6000061035156</ele>
      </trkpt>
      <trkpt lat="46.2565150950104" lon="15.09867874905467">
        <ele>276.20001220703125</ele>
      </trkpt>
      <trkpt lat="46.25648005865514" lon="15.098729711025953">
        <ele>275.6000061035156</ele>
      </trkpt>
      <trkpt lat="46.256433287635446" lon="15.098782517015934">
        <ele>275</ele>
      </trkpt>
      <trkpt lat="46.256381906569004" lon="15.098831299692392">
        <ele>274.6000061035156</ele>
      </trkpt>
      <trkpt lat="46.2563287653029" lon="15.098862061277032">
        <ele>274.20001220703125</ele>
      </trkpt>
      <trkpt lat="46.256276378408074" lon="15.098859881982207">
        <ele>273.79998779296875</ele>
      </trkpt>
      <trkpt lat="46.256228517740965" lon="15.098821995779872">
        <ele>273.3999938964844</ele>
      </trkpt>
      <trkpt lat="46.256199181079865" lon="15.098754186183214">
        <ele>273</ele>
      </trkpt>
      <trkpt lat="46.25619750469923" lon="15.098673468455672">
        <ele>272.79998779296875</ele>
      </trkpt>
      <trkpt lat="46.25621661543846" lon="15.098596438765526">
        <ele>272.6000061035156</ele>
      </trkpt>
      <trkpt lat="46.256243605166674" lon="15.098528964444995">
        <ele>272.3999938964844</ele>
      </trkpt>
      <trkpt lat="46.25626740977168" lon="15.098467525094748">
        <ele>272.20001220703125</ele>
      </trkpt>
      <trkpt lat="46.25627973116934" lon="15.098408684134483">
        <ele>272.20001220703125</ele>
      </trkpt>
      <trkpt lat="46.256279814988375" lon="15.098353363573551">
        <ele>272</ele>
      </trkpt>
      <trkpt lat="46.25627067871392" lon="15.098305167630315">
        <ele>272</ele>
      </trkpt>
      <trkpt lat="46.256250562146306" lon="15.098267029970884">
        <ele>272</ele>
      </trkpt>
      <trkpt lat="46.25622533261776" lon="15.098231406882405">
        <ele>272</ele>
      </trkpt>
      <trkpt lat="46.25619540922344" lon="15.098193855956197">
        <ele>272</ele>
      </trkpt>
      <trkpt lat="46.256172358989716" lon="15.098156556487083">
        <ele>272.20001220703125</ele>
      </trkpt>
      <trkpt lat="46.25614780001342" lon="15.0981211848557">
        <ele>272.6000061035156</ele>
      </trkpt>
      <trkpt lat="46.256121480837464" lon="15.098094027489424">
        <ele>272.6000061035156</ele>
      </trkpt>
      <trkpt lat="46.256092144176364" lon="15.098078101873398">
        <ele>272.79998779296875</ele>
      </trkpt>
      <trkpt lat="46.25606222078204" lon="15.098072485998273">
        <ele>273.20001220703125</ele>
      </trkpt>
      <trkpt lat="46.256032548844814" lon="15.098086902871728">
        <ele>273.3999938964844</ele>
      </trkpt>
      <trkpt lat="46.25600690022111" lon="15.098112216219306">
        <ele>273.79998779296875</ele>
      </trkpt>
      <trkpt lat="46.25598359853029" lon="15.098147336393595">
        <ele>274</ele>
      </trkpt>
      <trkpt lat="46.25596214085817" lon="15.09818572551012">
        <ele>274.20001220703125</ele>
      </trkpt>
      <trkpt lat="46.25594059936702" lon="15.098230065777898">
        <ele>274.20001220703125</ele>
      </trkpt>
      <trkpt lat="46.25592341646552" lon="15.098278261721134">
        <ele>274.3999938964844</ele>
      </trkpt>
      <trkpt lat="46.255907490849495" lon="15.098326625302434">
        <ele>274.20001220703125</ele>
      </trkpt>
      <trkpt lat="46.255889469757676" lon="15.098373563960195">
        <ele>274.20001220703125</ele>
      </trkpt>
      <trkpt lat="46.25586960464716" lon="15.098418490961194">
        <ele>274.20001220703125</ele>
      </trkpt>
      <trkpt lat="46.2558501586318" lon="15.098466100171208">
        <ele>274.3999938964844</ele>
      </trkpt>
      <trkpt lat="46.25583238899708" lon="15.098516726866364">
        <ele>274.3999938964844</ele>
      </trkpt>
      <trkpt lat="46.2558139488101" lon="15.098570790141821">
        <ele>274.20001220703125</ele>
      </trkpt>
      <trkpt lat="46.25579441897571" lon="15.098623679950833">
        <ele>274.20001220703125</ele>
      </trkpt>
      <trkpt lat="46.25577128492296" lon="15.098678581416607">
        <ele>274.20001220703125</ele>
      </trkpt>
      <trkpt lat="46.25574831850827" lon="15.098732057958841">
        <ele>274.20001220703125</ele>
      </trkpt>
      <trkpt lat="46.255726190283895" lon="15.098788803443313">
        <ele>274</ele>
      </trkpt>
      <trkpt lat="46.25570682808757" lon="15.098845716565847">
        <ele>274</ele>
      </trkpt>
      <trkpt lat="46.25568637624383" lon="15.098902378231287">
        <ele>274</ele>
      </trkpt>
      <trkpt lat="46.25566592440009" lon="15.098958956077695">
        <ele>274</ele>
      </trkpt>
      <trkpt lat="46.25564346089959" lon="15.099017461761832">
        <ele>273.79998779296875</ele>
      </trkpt>
      <trkpt lat="46.25561957247555" lon="15.099073369055986">
        <ele>273.79998779296875</ele>
      </trkpt>
      <trkpt lat="46.2555982824415" lon="15.09912977926433">
        <ele>273.79998779296875</ele>
      </trkpt>
      <trkpt lat="46.25557824969292" lon="15.099188201129436">
        <ele>273.6000061035156</ele>
      </trkpt>
      <trkpt lat="46.25555830076337" lon="15.099248131737113">
        <ele>273.6000061035156</ele>
      </trkpt>
      <trkpt lat="46.255542039871216" lon="15.099306805059314">
        <ele>273.79998779296875</ele>
      </trkpt>
      <trkpt lat="46.25552468933165" lon="15.099363047629595">
        <ele>273.79998779296875</ele>
      </trkpt>
      <trkpt lat="46.255501890555024" lon="15.09942289441824">
        <ele>273.79998779296875</ele>
      </trkpt>
      <trkpt lat="46.255479427054524" lon="15.099481232464314">
        <ele>273.79998779296875</ele>
      </trkpt>
      <trkpt lat="46.255457885563374" lon="15.099542085081339">
        <ele>273.79998779296875</ele>
      </trkpt>
      <trkpt lat="46.25543341040611" lon="15.099607212468982">
        <ele>274</ele>
      </trkpt>
      <trkpt lat="46.25541262328625" lon="15.099667143076658">
        <ele>274</ele>
      </trkpt>
      <trkpt lat="46.25538940541446" lon="15.099720871075988">
        <ele>273.79998779296875</ele>
      </trkpt>
      <trkpt lat="46.2553667742759" lon="15.099774431437254">
        <ele>273.79998779296875</ele>
      </trkpt>
      <trkpt lat="46.255345568060875" lon="15.099825644865632">
        <ele>273.6000061035156</ele>
      </trkpt>
      <trkpt lat="46.25532394275069" lon="15.09987928904593">
        <ele>273.6000061035156</ele>
      </trkpt>
      <trkpt lat="46.25530525110662" lon="15.099942656233907">
        <ele>273.6000061035156</ele>
      </trkpt>
      <trkpt lat="46.25528848730028" lon="15.100008202716708">
        <ele>273.6000061035156</ele>
      </trkpt>
      <trkpt lat="46.255270298570395" lon="15.100071737542748">
        <ele>273.6000061035156</ele>
      </trkpt>
      <trkpt lat="46.25524523667991" lon="15.100136697292328">
        <ele>273.6000061035156</ele>
      </trkpt>
      <trkpt lat="46.2552198395133" lon="15.100202076137066">
        <ele>273.3999938964844</ele>
      </trkpt>
      <trkpt lat="46.25519519671798" lon="15.100269466638565">
        <ele>273.3999938964844</ele>
      </trkpt>
      <trkpt lat="46.25517281703651" lon="15.100330989807844">
        <ele>273.3999938964844</ele>
      </trkpt>
      <trkpt lat="46.25514440238476" lon="15.100397374480963">
        <ele>273.20001220703125</ele>
      </trkpt>
      <trkpt lat="46.255113976076245" lon="15.100464010611176">
        <ele>273.20001220703125</ele>
      </trkpt>
      <trkpt lat="46.25509302131832" lon="15.100526120513678">
        <ele>273</ele>
      </trkpt>
      <trkpt lat="46.25506150536239" lon="15.10059024207294">
        <ele>272.79998779296875</ele>
      </trkpt>
      <trkpt lat="46.25503703020513" lon="15.100656962022185">
        <ele>272.79998779296875</ele>
      </trkpt>
      <trkpt lat="46.2550163269043" lon="15.100728627294302">
        <ele>273</ele>
      </trkpt>
      <trkpt lat="46.25498774461448" lon="15.100797777995467">
        <ele>273</ele>
      </trkpt>
      <trkpt lat="46.25496704131365" lon="15.100849913433194">
        <ele>273.20001220703125</ele>
      </trkpt>
      <trkpt lat="46.254931166768074" lon="15.100927948951721">
        <ele>273.20001220703125</ele>
      </trkpt>
      <trkpt lat="46.254910714924335" lon="15.100984191522002">
        <ele>273.20001220703125</ele>
      </trkpt>
      <trkpt lat="46.25489470548928" lon="15.10103490203619">
        <ele>273.20001220703125</ele>
      </trkpt>
      <trkpt lat="46.25487718731165" lon="15.10110279545188">
        <ele>273.20001220703125</ele>
      </trkpt>
      <trkpt lat="46.25484801828861" lon="15.101171778514981">
        <ele>273.20001220703125</ele>
      </trkpt>
      <trkpt lat="46.25481239520013" lon="15.10124352760613">
        <ele>273</ele>
      </trkpt>
      <trkpt lat="46.254787584766746" lon="15.101318210363388">
        <ele>273</ele>
      </trkpt>
      <trkpt lat="46.25476386398077" lon="15.101396329700947">
        <ele>273</ele>
      </trkpt>
      <trkpt lat="46.25473595224321" lon="15.101465480402112">
        <ele>272.79998779296875</ele>
      </trkpt>
      <trkpt lat="46.25471994280815" lon="15.101527757942677">
        <ele>272.79998779296875</ele>
      </trkpt>
      <trkpt lat="46.254693707451224" lon="15.101601434871554">
        <ele>272.79998779296875</ele>
      </trkpt>
      <trkpt lat="46.2546706572175" lon="15.101659689098597">
        <ele>272.79998779296875</ele>
      </trkpt>
      <trkpt lat="46.25464886426926" lon="15.10171509347856">
        <ele>272.79998779296875</ele>
      </trkpt>
      <trkpt lat="46.254619527608156" lon="15.101785669103265">
        <ele>272.79998779296875</ele>
      </trkpt>
      <trkpt lat="46.25459622591734" lon="15.101861106231809">
        <ele>272.6000061035156</ele>
      </trkpt>
      <trkpt lat="46.25456588342786" lon="15.101944506168365">
        <ele>272.6000061035156</ele>
      </trkpt>
      <trkpt lat="46.25454249791801" lon="15.102010136470199">
        <ele>272.6000061035156</ele>
      </trkpt>
      <trkpt lat="46.254518274217844" lon="15.102065121755004">
        <ele>272.6000061035156</ele>
      </trkpt>
      <trkpt lat="46.25449027866125" lon="15.102120023220778">
        <ele>272.6000061035156</ele>
      </trkpt>
      <trkpt lat="46.254466474056244" lon="15.102179702371359">
        <ele>272.79998779296875</ele>
      </trkpt>
      <trkpt lat="46.25443713739514" lon="15.102243572473526">
        <ele>272.79998779296875</ele>
      </trkpt>
      <trkpt lat="46.25441023148596" lon="15.102303922176361">
        <ele>272.79998779296875</ele>
      </trkpt>
      <trkpt lat="46.25438332557678" lon="15.102366283535957">
        <ele>272.79998779296875</ele>
      </trkpt>
      <trkpt lat="46.25436555594206" lon="15.102432668209076">
        <ele>272.79998779296875</ele>
      </trkpt>
      <trkpt lat="46.254344349727035" lon="15.102488407865167">
        <ele>272.79998779296875</ele>
      </trkpt>
      <trkpt lat="46.25432557426393" lon="15.102543560788035">
        <ele>272.79998779296875</ele>
      </trkpt>
      <trkpt lat="46.25430369749665" lon="15.102602485567331">
        <ele>272.79998779296875</ele>
      </trkpt>
      <trkpt lat="46.254274528473616" lon="15.10266937315464">
        <ele>273</ele>
      </trkpt>
      <trkpt lat="46.25424678437412" lon="15.102734584361315">
        <ele>273</ele>
      </trkpt>
      <trkpt lat="46.25421753153205" lon="15.102798705920577">
        <ele>273</ele>
      </trkpt>
      <trkpt lat="46.254181154072285" lon="15.102868024259806">
        <ele>272.79998779296875</ele>
      </trkpt>
      <trkpt lat="46.25415315851569" lon="15.10292736813426">
        <ele>272.79998779296875</ele>
      </trkpt>
      <trkpt lat="46.254123486578465" lon="15.10298939421773">
        <ele>272.6000061035156</ele>
      </trkpt>
      <trkpt lat="46.25409683212638" lon="15.10305980220437">
        <ele>272.79998779296875</ele>
      </trkpt>
      <trkpt lat="46.25406514853239" lon="15.103132473304868">
        <ele>272.79998779296875</ele>
      </trkpt>
      <trkpt lat="46.25402458012104" lon="15.10320053435862">
        <ele>272.79998779296875</ele>
      </trkpt>
      <trkpt lat="46.25399289652705" lon="15.103269685059786">
        <ele>272.79998779296875</ele>
      </trkpt>
      <trkpt lat="46.253959368914366" lon="15.103337159380317">
        <ele>272.79998779296875</ele>
      </trkpt>
      <trkpt lat="46.2539248354733" lon="15.103401113301516">
        <ele>272.6000061035156</ele>
      </trkpt>
      <trkpt lat="46.2539007794112" lon="15.103461043909192">
        <ele>272.6000061035156</ele>
      </trkpt>
      <trkpt lat="46.253868928179145" lon="15.103533966466784">
        <ele>272.3999938964844</ele>
      </trkpt>
      <trkpt lat="46.25383196398616" lon="15.103602362796664">
        <ele>272.3999938964844</ele>
      </trkpt>
      <trkpt lat="46.25380111858249" lon="15.10366665199399">
        <ele>272.20001220703125</ele>
      </trkpt>
      <trkpt lat="46.25378368422389" lon="15.103722224012017">
        <ele>272.20001220703125</ele>
      </trkpt>
      <trkpt lat="46.25375962816179" lon="15.10378341190517">
        <ele>272.20001220703125</ele>
      </trkpt>
      <trkpt lat="46.253732135519385" lon="15.103854071348906">
        <ele>272</ele>
      </trkpt>
      <trkpt lat="46.25369466841221" lon="15.103917438536882">
        <ele>272</ele>
      </trkpt>
      <trkpt lat="46.25366943888366" lon="15.10398181155324">
        <ele>272.20001220703125</ele>
      </trkpt>
      <trkpt lat="46.25364529900253" lon="15.104043083265424">
        <ele>272.20001220703125</ele>
      </trkpt>
      <trkpt lat="46.2536172196269" lon="15.104105360805988">
        <ele>272.20001220703125</ele>
      </trkpt>
      <trkpt lat="46.25358587130904" lon="15.10416705161333">
        <ele>272.20001220703125</ele>
      </trkpt>
      <trkpt lat="46.25356365926564" lon="15.104226395487785">
        <ele>272.20001220703125</ele>
      </trkpt>
      <trkpt lat="46.25354169867933" lon="15.104284146800637">
        <ele>272.20001220703125</ele>
      </trkpt>
      <trkpt lat="46.25351965427399" lon="15.104341646656394">
        <ele>272</ele>
      </trkpt>
      <trkpt lat="46.25349593348801" lon="15.104397386312485">
        <ele>272</ele>
      </trkpt>
      <trkpt lat="46.25346374697983" lon="15.104455724358559">
        <ele>272</ele>
      </trkpt>
      <trkpt lat="46.2534308899194" lon="15.104513391852379">
        <ele>272</ele>
      </trkpt>
      <trkpt lat="46.25340113416314" lon="15.104569215327501">
        <ele>272</ele>
      </trkpt>
      <trkpt lat="46.2533756531775" lon="15.104618249461055">
        <ele>272</ele>
      </trkpt>
      <trkpt lat="46.25335084274411" lon="15.104668121784925">
        <ele>272</ele>
      </trkpt>
      <trkpt lat="46.25332527793944" lon="15.104714473709464">
        <ele>271.79998779296875</ele>
      </trkpt>
      <trkpt lat="46.25329753383994" lon="15.104762418195605">
        <ele>271.79998779296875</ele>
      </trkpt>
      <trkpt lat="46.253268951550126" lon="15.10481346398592">
        <ele>271.79998779296875</ele>
      </trkpt>
      <trkpt lat="46.253234669566154" lon="15.1048662699759">
        <ele>272</ele>
      </trkpt>
      <trkpt lat="46.25320080667734" lon="15.104917483404279">
        <ele>272</ele>
      </trkpt>
      <trkpt lat="46.253163842484355" lon="15.104966349899769">
        <ele>272.20001220703125</ele>
      </trkpt>
      <trkpt lat="46.25312436372042" lon="15.10501722805202">
        <ele>272.20001220703125</ele>
      </trkpt>
      <trkpt lat="46.25308195129037" lon="15.10507045313716">
        <ele>272.20001220703125</ele>
      </trkpt>
      <trkpt lat="46.25304029323161" lon="15.105128372088075">
        <ele>272.20001220703125</ele>
      </trkpt>
      <trkpt lat="46.252999138087034" lon="15.105188973248005">
        <ele>272.3999938964844</ele>
      </trkpt>
      <trkpt lat="46.25296460464597" lon="15.105250580236316">
        <ele>272.3999938964844</ele>
      </trkpt>
      <trkpt lat="46.25292764045298" lon="15.105310594663024">
        <ele>272.3999938964844</ele>
      </trkpt>
      <trkpt lat="46.252887826412916" lon="15.105369100347161">
        <ele>272.3999938964844</ele>
      </trkpt>
      <trkpt lat="46.252843234688044" lon="15.105429030954838">
        <ele>272.3999938964844</ele>
      </trkpt>
      <trkpt lat="46.25279914587736" lon="15.105485273525119">
        <ele>272.20001220703125</ele>
      </trkpt>
      <trkpt lat="46.252755392342806" lon="15.10554009117186">
        <ele>272.20001220703125</ele>
      </trkpt>
      <trkpt lat="46.252712896093726" lon="15.10559868067503">
        <ele>272</ele>
      </trkpt>
      <trkpt lat="46.25267207622528" lon="15.105653246864676">
        <ele>272</ele>
      </trkpt>
      <trkpt lat="46.25263351947069" lon="15.105709824711084">
        <ele>272</ele>
      </trkpt>
      <trkpt lat="46.2525949627161" lon="15.105769084766507">
        <ele>272.20001220703125</ele>
      </trkpt>
      <trkpt lat="46.25255523249507" lon="15.10582834482193">
        <ele>272.20001220703125</ele>
      </trkpt>
      <trkpt lat="46.25251608900726" lon="15.105886263772845">
        <ele>272.20001220703125</ele>
      </trkpt>
      <trkpt lat="46.25248063355684" lon="15.1059456076473">
        <ele>272</ele>
      </trkpt>
      <trkpt lat="46.25244425609708" lon="15.106004448607564">
        <ele>271.79998779296875</ele>
      </trkpt>
      <trkpt lat="46.25240427441895" lon="15.106060272082686">
        <ele>271.6000061035156</ele>
      </trkpt>
      <trkpt lat="46.25236605294049" lon="15.10611617937684">
        <ele>271.6000061035156</ele>
      </trkpt>
      <trkpt lat="46.25232858583331" lon="15.106170242652297">
        <ele>271.6000061035156</ele>
      </trkpt>
      <trkpt lat="46.25228701159358" lon="15.106221036985517">
        <ele>271.6000061035156</ele>
      </trkpt>
      <trkpt lat="46.25224786810577" lon="15.106267975643277">
        <ele>271.6000061035156</ele>
      </trkpt>
      <trkpt lat="46.25220889225602" lon="15.106312902644277">
        <ele>271.79998779296875</ele>
      </trkpt>
      <trkpt lat="46.25217075459659" lon="15.106361182406545">
        <ele>271.79998779296875</ele>
      </trkpt>
      <trkpt lat="46.25213345512748" lon="15.10640636086464">
        <ele>272</ele>
      </trkpt>
      <trkpt lat="46.25209347344935" lon="15.106448773294687">
        <ele>272</ele>
      </trkpt>
      <trkpt lat="46.252056676894426" lon="15.106496131047606">
        <ele>271.79998779296875</ele>
      </trkpt>
      <trkpt lat="46.25202055089176" lon="15.106543069705367">
        <ele>271.79998779296875</ele>
      </trkpt>
      <trkpt lat="46.25198224559426" lon="15.10659009218216">
        <ele>271.6000061035156</ele>
      </trkpt>
      <trkpt lat="46.25194268301129" lon="15.1066380366683">
        <ele>271.6000061035156</ele>
      </trkpt>
      <trkpt lat="46.2518993485719" lon="15.10668489150703">
        <ele>271.6000061035156</ele>
      </trkpt>
      <trkpt lat="46.25185794197023" lon="15.106728645041585">
        <ele>271.3999938964844</ele>
      </trkpt>
      <trkpt lat="46.25181703828275" lon="15.106771644204855">
        <ele>271.3999938964844</ele>
      </trkpt>
      <trkpt lat="46.25177605077624" lon="15.106815481558442">
        <ele>271.3999938964844</ele>
      </trkpt>
      <trkpt lat="46.25173573382199" lon="15.106859570369124">
        <ele>271.3999938964844</ele>
      </trkpt>
      <trkpt lat="46.25169910490513" lon="15.106902066618204">
        <ele>271.20001220703125</ele>
      </trkpt>
      <trkpt lat="46.25166046433151" lon="15.106945987790823">
        <ele>271.20001220703125</ele>
      </trkpt>
      <trkpt lat="46.25162148848176" lon="15.106990998610854">
        <ele>271.20001220703125</ele>
      </trkpt>
      <trkpt lat="46.25158343464136" lon="15.107034668326378">
        <ele>271</ele>
      </trkpt>
      <trkpt lat="46.25154655426741" lon="15.107077918946743">
        <ele>271</ele>
      </trkpt>
      <trkpt lat="46.251507913693786" lon="15.107120666652918">
        <ele>271</ele>
      </trkpt>
      <trkpt lat="46.25146952457726" lon="15.107162492349744">
        <ele>271</ele>
      </trkpt>
      <trkpt lat="46.25143297947943" lon="15.107201468199492">
        <ele>271.20001220703125</ele>
      </trkpt>
      <trkpt lat="46.25139459036291" lon="15.107243293896317">
        <ele>271.20001220703125</ele>
      </trkpt>
      <trkpt lat="46.25136542133987" lon="15.107275731861591">
        <ele>271.20001220703125</ele>
      </trkpt>
      <trkpt lat="46.2513224221766" lon="15.107314037159085">
        <ele>271.20001220703125</ele>
      </trkpt>
      <trkpt lat="46.2512756511569" lon="15.107359634712338">
        <ele>271.20001220703125</ele>
      </trkpt>
      <trkpt lat="46.25124706886709" lon="15.107387211173773">
        <ele>271.20001220703125</ele>
      </trkpt>
      <trkpt lat="46.25120239332318" lon="15.107432305812836">
        <ele>271.20001220703125</ele>
      </trkpt>
      <trkpt lat="46.25116249546409" lon="15.107470778748393">
        <ele>271.20001220703125</ele>
      </trkpt>
      <trkpt lat="46.25112787820399" lon="15.107502629980445">
        <ele>271</ele>
      </trkpt>
      <trkpt lat="46.251080855727196" lon="15.107547054067254">
        <ele>271</ele>
      </trkpt>
      <trkpt lat="46.25104263424873" lon="15.107586197555065">
        <ele>270.79998779296875</ele>
      </trkpt>
      <trkpt lat="46.25101363286376" lon="15.10761821642518">
        <ele>270.6000061035156</ele>
      </trkpt>
      <trkpt lat="46.25096862204373" lon="15.107661383226514">
        <ele>270.6000061035156</ele>
      </trkpt>
      <trkpt lat="46.25092562288046" lon="15.107701448723674">
        <ele>270.6000061035156</ele>
      </trkpt>
      <trkpt lat="46.25088622793555" lon="15.107741514220834">
        <ele>270.6000061035156</ele>
      </trkpt>
      <trkpt lat="46.25084641389549" lon="15.107779065147042">
        <ele>270.79998779296875</ele>
      </trkpt>
      <trkpt lat="46.25080693513155" lon="15.107816783711314">
        <ele>270.79998779296875</ele>
      </trkpt>
      <trkpt lat="46.2507679592818" lon="15.107855424284935">
        <ele>270.79998779296875</ele>
      </trkpt>
      <trkpt lat="46.25073024071753" lon="15.10789331048727">
        <ele>271</ele>
      </trkpt>
      <trkpt lat="46.25069998204708" lon="15.107920300215483">
        <ele>271</ele>
      </trkpt>
      <trkpt lat="46.25065991654992" lon="15.107952738180757">
        <ele>271</ele>
      </trkpt>
      <trkpt lat="46.25060970894992" lon="15.107991881668568">
        <ele>271</ele>
      </trkpt>
      <trkpt lat="46.250570733100176" lon="15.108026079833508">
        <ele>271</ele>
      </trkpt>
      <trkpt lat="46.250538378953934" lon="15.108054829761386">
        <ele>271</ele>
      </trkpt>
      <trkpt lat="46.25048926100135" lon="15.108097242191434">
        <ele>271</ele>
      </trkpt>
      <trkpt lat="46.25044693239033" lon="15.108131356537342">
        <ele>270.79998779296875</ele>
      </trkpt>
      <trkpt lat="46.25040275976062" lon="15.10816739872098">
        <ele>270.79998779296875</ele>
      </trkpt>
      <trkpt lat="46.25035875476897" lon="15.1082060392946">
        <ele>270.79998779296875</ele>
      </trkpt>
      <trkpt lat="46.250312235206366" lon="15.108244428411126">
        <ele>270.79998779296875</ele>
      </trkpt>
      <trkpt lat="46.25027376227081" lon="15.108271753415465">
        <ele>270.79998779296875</ele>
      </trkpt>
      <trkpt lat="46.250225733965635" lon="15.108298491686583">
        <ele>270.79998779296875</ele>
      </trkpt>
      <trkpt lat="46.2501688208431" lon="15.108333611860871">
        <ele>271</ele>
      </trkpt>
      <trkpt lat="46.250123055651784" lon="15.108368061482906">
        <ele>270.79998779296875</ele>
      </trkpt>
      <trkpt lat="46.250073267146945" lon="15.108403097838163">
        <ele>270.79998779296875</ele>
      </trkpt>
      <trkpt lat="46.25002465210855" lon="15.108435368165374">
        <ele>270.79998779296875</ele>
      </trkpt>
      <trkpt lat="46.24998718500137" lon="15.108461016789079">
        <ele>270.79998779296875</ele>
      </trkpt>
      <trkpt lat="46.249930607154965" lon="15.108508290722966">
        <ele>270.79998779296875</ele>
      </trkpt>
      <trkpt lat="46.249884171411395" lon="15.10855053551495">
        <ele>270.79998779296875</ele>
      </trkpt>
      <trkpt lat="46.24983605928719" lon="15.108595211058855">
        <ele>270.79998779296875</ele>
      </trkpt>
      <trkpt lat="46.249786019325256" lon="15.108641227707267">
        <ele>270.79998779296875</ele>
      </trkpt>
      <trkpt lat="46.24973681755364" lon="15.10868489742279">
        <ele>270.79998779296875</ele>
      </trkpt>
      <trkpt lat="46.24969499185681" lon="15.108720352873206">
        <ele>270.6000061035156</ele>
      </trkpt>
      <trkpt lat="46.24963313341141" lon="15.10877139866352">
        <ele>270.6000061035156</ele>
      </trkpt>
      <trkpt lat="46.2495834287256" lon="15.108811212703586">
        <ele>270.6000061035156</ele>
      </trkpt>
      <trkpt lat="46.24953372403979" lon="15.108850356191397">
        <ele>270.6000061035156</ele>
      </trkpt>
      <trkpt lat="46.249481420964" lon="15.108891846612096">
        <ele>270.6000061035156</ele>
      </trkpt>
      <trkpt lat="46.24942811205983" lon="15.108933001756668">
        <ele>270.6000061035156</ele>
      </trkpt>
      <trkpt lat="46.24937958084047" lon="15.10896921157837">
        <ele>270.79998779296875</ele>
      </trkpt>
      <trkpt lat="46.249332055449486" lon="15.109008271247149">
        <ele>270.79998779296875</ele>
      </trkpt>
      <trkpt lat="46.24928520061076" lon="15.109046241268516">
        <ele>270.79998779296875</ele>
      </trkpt>
      <trkpt lat="46.24924438074231" lon="15.109074991196394">
        <ele>270.79998779296875</ele>
      </trkpt>
      <trkpt lat="46.24920322559774" lon="15.109102902933955">
        <ele>270.79998779296875</ele>
      </trkpt>
      <trkpt lat="46.249163998290896" lon="15.109131904318929">
        <ele>271</ele>
      </trkpt>
      <trkpt lat="46.24912317842245" lon="15.109156547114253">
        <ele>271</ele>
      </trkpt>
      <trkpt lat="46.249082777649164" lon="15.109184961766005">
        <ele>271</ele>
      </trkpt>
      <trkpt lat="46.24904413707554" lon="15.109212035313249">
        <ele>271</ele>
      </trkpt>
      <trkpt lat="46.24900633469224" lon="15.109239025041461">
        <ele>270.79998779296875</ele>
      </trkpt>
      <trkpt lat="46.248972807079554" lon="15.109267942607403">
        <ele>270.79998779296875</ele>
      </trkpt>
      <trkpt lat="46.24894372187555" lon="15.109302140772343">
        <ele>270.6000061035156</ele>
      </trkpt>
      <trkpt lat="46.24891438521445" lon="15.109335165470839">
        <ele>270.6000061035156</ele>
      </trkpt>
      <trkpt lat="46.248880522325635" lon="15.109361568465829">
        <ele>270.3999938964844</ele>
      </trkpt>
      <trkpt lat="46.248841881752014" lon="15.109388642013073">
        <ele>270.20001220703125</ele>
      </trkpt>
      <trkpt lat="46.24879687093198" lon="15.109423594549298">
        <ele>270</ele>
      </trkpt>
      <trkpt lat="46.24875370413065" lon="15.109454188495874">
        <ele>270</ele>
      </trkpt>
      <trkpt lat="46.24871321953833" lon="15.109485201537609">
        <ele>269.79998779296875</ele>
      </trkpt>
      <trkpt lat="46.24866913072765" lon="15.109518645331264">
        <ele>269.79998779296875</ele>
      </trkpt>
      <trkpt lat="46.24862604774535" lon="15.10955167002976">
        <ele>269.6000061035156</ele>
      </trkpt>
      <trkpt lat="46.24858262948692" lon="15.109585113823414">
        <ele>269.6000061035156</ele>
      </trkpt>
      <trkpt lat="46.24854356981814" lon="15.109618306159973">
        <ele>269.3999938964844</ele>
      </trkpt>
      <trkpt lat="46.248504761606455" lon="15.109652504324913">
        <ele>269.20001220703125</ele>
      </trkpt>
      <trkpt lat="46.24845908023417" lon="15.109688714146614">
        <ele>269.20001220703125</ele>
      </trkpt>
      <trkpt lat="46.24841398559511" lon="15.10972073301673">
        <ele>269.20001220703125</ele>
      </trkpt>
      <trkpt lat="46.248366460204124" lon="15.109758032485843">
        <ele>269</ele>
      </trkpt>
      <trkpt lat="46.248317677527666" lon="15.109796337783337">
        <ele>269</ele>
      </trkpt>
      <trkpt lat="46.24827199615538" lon="15.10983212850988">
        <ele>269.20001220703125</ele>
      </trkpt>
      <trkpt lat="46.2482244707644" lon="15.109868086874485">
        <ele>269.20001220703125</ele>
      </trkpt>
      <trkpt lat="46.24818063341081" lon="15.10989960283041">
        <ele>269.20001220703125</ele>
      </trkpt>
      <trkpt lat="46.24813528731465" lon="15.10993137024343">
        <ele>269.3999938964844</ele>
      </trkpt>
      <trkpt lat="46.2480878457427" lon="15.109962718561292">
        <ele>269.3999938964844</ele>
      </trkpt>
      <trkpt lat="46.24804275110364" lon="15.109993312507868">
        <ele>269.20001220703125</ele>
      </trkpt>
      <trkpt lat="46.24800109304488" lon="15.110024074092507">
        <ele>269.20001220703125</ele>
      </trkpt>
      <trkpt lat="46.24795918352902" lon="15.110059697180986">
        <ele>269</ele>
      </trkpt>
      <trkpt lat="46.24790872447193" lon="15.110107557848096">
        <ele>269</ele>
      </trkpt>
      <trkpt lat="46.24785725958645" lon="15.110156759619713">
        <ele>268.79998779296875</ele>
      </trkpt>
      <trkpt lat="46.2478135060519" lon="15.110198836773634">
        <ele>268.79998779296875</ele>
      </trkpt>
      <trkpt lat="46.247768411412835" lon="15.110237644985318">
        <ele>268.79998779296875</ele>
      </trkpt>
      <trkpt lat="46.247720969840884" lon="15.110283493995667">
        <ele>268.79998779296875</ele>
      </trkpt>
      <trkpt lat="46.24767595902085" lon="15.110329762101173">
        <ele>268.79998779296875</ele>
      </trkpt>
      <trkpt lat="46.24763094820082" lon="15.110371336340904">
        <ele>268.79998779296875</ele>
      </trkpt>
      <trkpt lat="46.247586188837886" lon="15.110407965257764">
        <ele>268.79998779296875</ele>
      </trkpt>
      <trkpt lat="46.24754637479782" lon="15.110440906137228">
        <ele>268.79998779296875</ele>
      </trkpt>
      <trkpt lat="46.2475111708045" lon="15.110472170636058">
        <ele>268.79998779296875</ele>
      </trkpt>
      <trkpt lat="46.24747395515442" lon="15.110500082373619">
        <ele>268.79998779296875</ele>
      </trkpt>
      <trkpt lat="46.24744269065559" lon="15.110520534217358">
        <ele>268.79998779296875</ele>
      </trkpt>
      <trkpt lat="46.24740723520517" lon="15.110536627471447">
        <ele>268.79998779296875</ele>
      </trkpt>
      <trkpt lat="46.24737488105893" lon="15.110564203932881">
        <ele>268.79998779296875</ele>
      </trkpt>
      <trkpt lat="46.24734437093139" lon="15.110601168125868">
        <ele>268.6000061035156</ele>
      </trkpt>
      <trkpt lat="46.24730749055743" lon="15.110632181167603">
        <ele>268.6000061035156</ele>
      </trkpt>
      <trkpt lat="46.24726985581219" lon="15.110659757629037">
        <ele>268.6000061035156</ele>
      </trkpt>
      <trkpt lat="46.247233813628554" lon="15.110691860318184">
        <ele>268.6000061035156</ele>
      </trkpt>
      <trkpt lat="46.24718679115176" lon="15.110736787319183">
        <ele>268.6000061035156</ele>
      </trkpt>
      <trkpt lat="46.247132141143084" lon="15.110776014626026">
        <ele>268.6000061035156</ele>
      </trkpt>
      <trkpt lat="46.247095009312034" lon="15.110818594694138">
        <ele>268.6000061035156</ele>
      </trkpt>
      <trkpt lat="46.24706349335611" lon="15.110869389027357">
        <ele>268.6000061035156</ele>
      </trkpt>
      <trkpt lat="46.24702502042055" lon="15.110908448696136">
        <ele>268.6000061035156</ele>
      </trkpt>
      <trkpt lat="46.246984116733074" lon="15.1109413895756">
        <ele>268.6000061035156</ele>
      </trkpt>
      <trkpt lat="46.24693935737014" lon="15.110976258292794">
        <ele>268.6000061035156</ele>
      </trkpt>
      <trkpt lat="46.246892334893346" lon="15.111011378467083">
        <ele>268.6000061035156</ele>
      </trkpt>
      <trkpt lat="46.24684573151171" lon="15.111045995727181">
        <ele>268.6000061035156</ele>
      </trkpt>
      <trkpt lat="46.24680105596781" lon="15.111079523339868">
        <ele>268.6000061035156</ele>
      </trkpt>
      <trkpt lat="46.246755039319396" lon="15.111118583008647">
        <ele>268.6000061035156</ele>
      </trkpt>
      <trkpt lat="46.2467082682997" lon="15.11115680448711">
        <ele>268.3999938964844</ele>
      </trkpt>
      <trkpt lat="46.24666099436581" lon="15.111196618527174">
        <ele>268.3999938964844</ele>
      </trkpt>
      <trkpt lat="46.24661732465029" lon="15.111238276585937">
        <ele>268.3999938964844</ele>
      </trkpt>
      <trkpt lat="46.246573235839605" lon="15.111274905502796">
        <ele>268.3999938964844</ele>
      </trkpt>
      <trkpt lat="46.2465388700366" lon="15.111303152516484">
        <ele>268.3999938964844</ele>
      </trkpt>
      <trkpt lat="46.24648606404662" lon="15.111342128366232">
        <ele>268.3999938964844</ele>
      </trkpt>
      <trkpt lat="46.246436359360814" lon="15.111374063417315">
        <ele>268.3999938964844</ele>
      </trkpt>
      <trkpt lat="46.246386989951134" lon="15.111408596858382">
        <ele>268.20001220703125</ele>
      </trkpt>
      <trkpt lat="46.2463456671685" lon="15.111441956833005">
        <ele>268.20001220703125</ele>
      </trkpt>
      <trkpt lat="46.24630853533745" lon="15.1114836987108">
        <ele>268.20001220703125</ele>
      </trkpt>
      <trkpt lat="46.246270313858986" lon="15.111527033150196">
        <ele>268.20001220703125</ele>
      </trkpt>
      <trkpt lat="46.24623058363795" lon="15.111563242971897">
        <ele>268.20001220703125</ele>
      </trkpt>
      <trkpt lat="46.24618934467435" lon="15.111593585461378">
        <ele>268.3999938964844</ele>
      </trkpt>
      <trkpt lat="46.24614542350173" lon="15.111626526340842">
        <ele>268.3999938964844</ele>
      </trkpt>
      <trkpt lat="46.24610502272844" lon="15.111662903800607">
        <ele>268.3999938964844</ele>
      </trkpt>
      <trkpt lat="46.24606495723128" lon="15.111702466383576">
        <ele>268.20001220703125</ele>
      </trkpt>
      <trkpt lat="46.246023550629616" lon="15.111736413091421">
        <ele>268.20001220703125</ele>
      </trkpt>
      <trkpt lat="46.24598088674247" lon="15.111775724217296">
        <ele>268.20001220703125</ele>
      </trkpt>
      <trkpt lat="46.24593780376017" lon="15.1118135266006">
        <ele>268</ele>
      </trkpt>
      <trkpt lat="46.245889188721776" lon="15.111847976222634">
        <ele>268</ele>
      </trkpt>
      <trkpt lat="46.24584409408271" lon="15.111881587654352">
        <ele>268</ele>
      </trkpt>
      <trkpt lat="46.24580042436719" lon="15.11192249134183">
        <ele>268</ele>
      </trkpt>
      <trkpt lat="46.24575566500425" lon="15.11196649633348">
        <ele>267.79998779296875</ele>
      </trkpt>
      <trkpt lat="46.24570956453681" lon="15.112009830772877">
        <ele>267.79998779296875</ele>
      </trkpt>
      <trkpt lat="46.245664888992906" lon="15.112053332850337">
        <ele>267.79998779296875</ele>
      </trkpt>
      <trkpt lat="46.24562105163932" lon="15.112091973423958">
        <ele>267.79998779296875</ele>
      </trkpt>
      <trkpt lat="46.24557822011411" lon="15.112128015607595">
        <ele>267.79998779296875</ele>
      </trkpt>
      <trkpt lat="46.245534382760525" lon="15.11216883547604">
        <ele>267.6000061035156</ele>
      </trkpt>
      <trkpt lat="46.24549054540694" lon="15.112212086096406">
        <ele>267.6000061035156</ele>
      </trkpt>
      <trkpt lat="46.245449390262365" lon="15.112256677821279">
        <ele>267.6000061035156</ele>
      </trkpt>
      <trkpt lat="46.24540848657489" lon="15.1122987549752">
        <ele>267.6000061035156</ele>
      </trkpt>
      <trkpt lat="46.24536666087806" lon="15.112340496852994">
        <ele>267.6000061035156</ele>
      </trkpt>
      <trkpt lat="46.245325254276395" lon="15.112377209588885">
        <ele>267.79998779296875</ele>
      </trkpt>
      <trkpt lat="46.24528116546571" lon="15.112412748858333">
        <ele>267.79998779296875</ele>
      </trkpt>
      <trkpt lat="46.24523984268308" lon="15.112443258985877">
        <ele>267.79998779296875</ele>
      </trkpt>
      <trkpt lat="46.245198687538505" lon="15.1124766189605">
        <ele>267.79998779296875</ele>
      </trkpt>
      <trkpt lat="46.24515267089009" lon="15.112517355009913">
        <ele>267.79998779296875</ele>
      </trkpt>
      <trkpt lat="46.2451038043946" lon="15.112561527639627">
        <ele>267.6000061035156</ele>
      </trkpt>
      <trkpt lat="46.245054602622986" lon="15.11260712519288">
        <ele>267.6000061035156</ele>
      </trkpt>
      <trkpt lat="46.24500841833651" lon="15.112649705260992">
        <ele>267.6000061035156</ele>
      </trkpt>
      <trkpt lat="46.24496407806873" lon="15.112691782414913">
        <ele>267.3999938964844</ele>
      </trkpt>
      <trkpt lat="46.24491948634386" lon="15.11273025535047">
        <ele>267.6000061035156</ele>
      </trkpt>
      <trkpt lat="46.244873302057385" lon="15.112768141552806">
        <ele>267.6000061035156</ele>
      </trkpt>
      <trkpt lat="46.24482552520931" lon="15.112800244241953">
        <ele>267.3999938964844</ele>
      </trkpt>
      <trkpt lat="46.24477774836123" lon="15.112830754369497">
        <ele>267.6000061035156</ele>
      </trkpt>
      <trkpt lat="46.24473047442734" lon="15.11286268942058">
        <ele>267.6000061035156</ele>
      </trkpt>
      <trkpt lat="46.2446859665215" lon="15.112896552309394">
        <ele>267.3999938964844</ele>
      </trkpt>
      <trkpt lat="46.2446428835392" lon="15.11292471550405">
        <ele>267.3999938964844</ele>
      </trkpt>
      <trkpt lat="46.24460005201399" lon="15.112956734374166">
        <ele>267.3999938964844</ele>
      </trkpt>
      <trkpt lat="46.244560573250055" lon="15.112991351634264">
        <ele>267.3999938964844</ele>
      </trkpt>
      <trkpt lat="46.244518496096134" lon="15.113024460151792">
        <ele>267.3999938964844</ele>
      </trkpt>
      <trkpt lat="46.24447952024639" lon="15.113054886460304">
        <ele>267.20001220703125</ele>
      </trkpt>
      <trkpt lat="46.244439873844385" lon="15.113089252263308">
        <ele>267.20001220703125</ele>
      </trkpt>
      <trkpt lat="46.244400311261415" lon="15.113118337467313">
        <ele>267.20001220703125</ele>
      </trkpt>
      <trkpt lat="46.24435932375491" lon="15.113149350509048">
        <ele>267</ele>
      </trkpt>
      <trkpt lat="46.24431783333421" lon="15.113181369379163">
        <ele>267</ele>
      </trkpt>
      <trkpt lat="46.24427299015224" lon="15.1132208481431">
        <ele>267</ele>
      </trkpt>
      <trkpt lat="46.24422957189381" lon="15.113261584192514">
        <ele>267</ele>
      </trkpt>
      <trkpt lat="46.24417953193188" lon="15.113311540335417">
        <ele>267</ele>
      </trkpt>
      <trkpt lat="46.24413242563605" lon="15.113362418487668">
        <ele>267</ele>
      </trkpt>
      <trkpt lat="46.24408305622637" lon="15.113410949707031">
        <ele>267</ele>
      </trkpt>
      <trkpt lat="46.244030920788646" lon="15.113456128165126">
        <ele>267</ele>
      </trkpt>
      <trkpt lat="46.243981048464775" lon="15.113497534766793">
        <ele>266.79998779296875</ele>
      </trkpt>
      <trkpt lat="46.24393763020635" lon="15.11354522779584">
        <ele>266.79998779296875</ele>
      </trkpt>
      <trkpt lat="46.243895469233394" lon="15.113593423739076">
        <ele>266.79998779296875</ele>
      </trkpt>
      <trkpt lat="46.24385096132755" lon="15.113639440387487">
        <ele>266.79998779296875</ele>
      </trkpt>
      <trkpt lat="46.2438069563359" lon="15.113689815625548">
        <ele>266.79998779296875</ele>
      </trkpt>
      <trkpt lat="46.24376689083874" lon="15.113737843930721">
        <ele>266.6000061035156</ele>
      </trkpt>
      <trkpt lat="46.24372573569417" lon="15.113784279674292">
        <ele>266.6000061035156</ele>
      </trkpt>
      <trkpt lat="46.24368265271187" lon="15.113828033208847">
        <ele>266.6000061035156</ele>
      </trkpt>
      <trkpt lat="46.24363923445344" lon="15.113872205838561">
        <ele>266.3999938964844</ele>
      </trkpt>
      <trkpt lat="46.24359715729952" lon="15.113914534449577">
        <ele>266.3999938964844</ele>
      </trkpt>
      <trkpt lat="46.243550553917885" lon="15.11396155692637">
        <ele>266.3999938964844</ele>
      </trkpt>
      <trkpt lat="46.24350889585912" lon="15.114009082317352">
        <ele>266.3999938964844</ele>
      </trkpt>
      <trkpt lat="46.243471428751945" lon="15.11405736207962">
        <ele>266.3999938964844</ele>
      </trkpt>
      <trkpt lat="46.243430860340595" lon="15.114109581336379">
        <ele>266.20001220703125</ele>
      </trkpt>
      <trkpt lat="46.24339213594794" lon="15.114165237173438">
        <ele>266.20001220703125</ele>
      </trkpt>
      <trkpt lat="46.24335500411689" lon="15.114223072305322">
        <ele>266.20001220703125</ele>
      </trkpt>
      <trkpt lat="46.243318039923906" lon="15.114284176379442">
        <ele>266.20001220703125</ele>
      </trkpt>
      <trkpt lat="46.243292139843106" lon="15.114342430606484">
        <ele>266.3999938964844</ele>
      </trkpt>
      <trkpt lat="46.24325668439269" lon="15.114399930462241">
        <ele>266.6000061035156</ele>
      </trkpt>
      <trkpt lat="46.24322097748518" lon="15.11445265263319">
        <ele>266.6000061035156</ele>
      </trkpt>
      <trkpt lat="46.243184097111225" lon="15.114506129175425">
        <ele>266.79998779296875</ele>
      </trkpt>
      <trkpt lat="46.243148390203714" lon="15.114560779184103">
        <ele>266.79998779296875</ele>
      </trkpt>
      <trkpt lat="46.24311888590455" lon="15.114616770297289">
        <ele>266.79998779296875</ele>
      </trkpt>
      <trkpt lat="46.24308560974896" lon="15.114672090858221">
        <ele>267</ele>
      </trkpt>
      <trkpt lat="46.24305191449821" lon="15.114727998152375">
        <ele>267.20001220703125</ele>
      </trkpt>
      <trkpt lat="46.243019476532936" lon="15.11477954685688">
        <ele>267.20001220703125</ele>
      </trkpt>
      <trkpt lat="46.2429831828922" lon="15.114835537970066">
        <ele>267.20001220703125</ele>
      </trkpt>
      <trkpt lat="46.24294965527952" lon="15.114888846874237">
        <ele>267.20001220703125</ele>
      </trkpt>
      <trkpt lat="46.2429054826498" lon="15.114950872957706">
        <ele>266.79998779296875</ele>
      </trkpt>
      <trkpt lat="46.24287128448486" lon="15.115008456632495">
        <ele>266.6000061035156</ele>
      </trkpt>
      <trkpt lat="46.242835745215416" lon="15.115064950659871">
        <ele>266.6000061035156</ele>
      </trkpt>
      <trkpt lat="46.24280129559338" lon="15.115121444687247">
        <ele>266.6000061035156</ele>
      </trkpt>
      <trkpt lat="46.24276961199939" lon="15.115181794390082">
        <ele>266.6000061035156</ele>
      </trkpt>
      <trkpt lat="46.2427416164428" lon="15.115236528217793">
        <ele>266.6000061035156</ele>
      </trkpt>
      <trkpt lat="46.24271538108587" lon="15.115294698625803">
        <ele>266.6000061035156</ele>
      </trkpt>
      <trkpt lat="46.24268352985382" lon="15.11535077355802">
        <ele>266.3999938964844</ele>
      </trkpt>
      <trkpt lat="46.242656372487545" lon="15.115403914824128">
        <ele>266.3999938964844</ele>
      </trkpt>
      <trkpt lat="46.24262276105583" lon="15.11545822955668">
        <ele>266.3999938964844</ele>
      </trkpt>
      <trkpt lat="46.24259443022311" lon="15.11551639996469">
        <ele>266.3999938964844</ele>
      </trkpt>
      <trkpt lat="46.242571882903576" lon="15.115572307258844">
        <ele>266.20001220703125</ele>
      </trkpt>
      <trkpt lat="46.242545899003744" lon="15.115633998066187">
        <ele>266.20001220703125</ele>
      </trkpt>
      <trkpt lat="46.242525447160006" lon="15.11569669470191">
        <ele>266.3999938964844</ele>
      </trkpt>
      <trkpt lat="46.24250072054565" lon="15.115761486813426">
        <ele>266.20001220703125</ele>
      </trkpt>
      <trkpt lat="46.2424704618752" lon="15.115824099630117">
        <ele>266.20001220703125</ele>
      </trkpt>
      <trkpt lat="46.242437018081546" lon="15.115881767123938">
        <ele>266.20001220703125</ele>
      </trkpt>
      <trkpt lat="46.24240734614432" lon="15.115929208695889">
        <ele>266.20001220703125</ele>
      </trkpt>
      <trkpt lat="46.242381781339645" lon="15.115971034392715">
        <ele>266.3999938964844</ele>
      </trkpt>
      <trkpt lat="46.242359736934304" lon="15.116012105718255">
        <ele>266.6000061035156</ele>
      </trkpt>
      <trkpt lat="46.24233551323414" lon="15.116056613624096">
        <ele>266.6000061035156</ele>
      </trkpt>
      <trkpt lat="46.24231061898172" lon="15.116105312481523">
        <ele>266.6000061035156</ele>
      </trkpt>
      <trkpt lat="46.24228429980576" lon="15.116161722689867">
        <ele>266.3999938964844</ele>
      </trkpt>
      <trkpt lat="46.24225781299174" lon="15.116219222545624">
        <ele>266.20001220703125</ele>
      </trkpt>
      <trkpt lat="46.24222663231194" lon="15.116274543106556">
        <ele>266.3999938964844</ele>
      </trkpt>
      <trkpt lat="46.24219570308924" lon="15.116331120952964">
        <ele>266.3999938964844</ele>
      </trkpt>
      <trkpt lat="46.242167707532644" lon="15.116388285532594">
        <ele>266.3999938964844</ele>
      </trkpt>
      <trkpt lat="46.24214641749859" lon="15.116447964683175">
        <ele>266.3999938964844</ele>
      </trkpt>
      <trkpt lat="46.2421216070652" lon="15.1165122538805">
        <ele>266.3999938964844</ele>
      </trkpt>
      <trkpt lat="46.24209620989859" lon="15.1165762078017">
        <ele>266.3999938964844</ele>
      </trkpt>
      <trkpt lat="46.242073494940996" lon="15.11663781479001">
        <ele>266.3999938964844</ele>
      </trkpt>
      <trkpt lat="46.242050025612116" lon="15.116700092330575">
        <ele>266.3999938964844</ele>
      </trkpt>
      <trkpt lat="46.24202446080744" lon="15.116768572479486">
        <ele>266.3999938964844</ele>
      </trkpt>
      <trkpt lat="46.24199856072664" lon="15.116847194731236">
        <ele>266.3999938964844</ele>
      </trkpt>
      <trkpt lat="46.24197140336037" lon="15.11692757718265">
        <ele>266.3999938964844</ele>
      </trkpt>
      <trkpt lat="46.24194793403149" lon="15.117010977119207">
        <ele>266.20001220703125</ele>
      </trkpt>
      <trkpt lat="46.24192228540778" lon="15.117089096456766">
        <ele>266.3999938964844</ele>
      </trkpt>
      <trkpt lat="46.24189873225987" lon="15.117168556898832">
        <ele>266.3999938964844</ele>
      </trkpt>
      <trkpt lat="46.24187735840678" lon="15.117247011512518">
        <ele>266.6000061035156</ele>
      </trkpt>
      <trkpt lat="46.24185481108725" lon="15.11732085607946">
        <ele>266.6000061035156</ele>
      </trkpt>
      <trkpt lat="46.24183410778642" lon="15.117392772808671">
        <ele>266.79998779296875</ele>
      </trkpt>
      <trkpt lat="46.241807118058205" lon="15.117466198280454">
        <ele>266.79998779296875</ele>
      </trkpt>
      <trkpt lat="46.241775853559375" lon="15.117543060332537">
        <ele>266.6000061035156</ele>
      </trkpt>
      <trkpt lat="46.24174467287958" lon="15.11762629263103">
        <ele>266.3999938964844</ele>
      </trkpt>
      <trkpt lat="46.24172028154135" lon="15.117708770558238">
        <ele>266.3999938964844</ele>
      </trkpt>
      <trkpt lat="46.24169262126088" lon="15.117785716429353">
        <ele>266.3999938964844</ele>
      </trkpt>
      <trkpt lat="46.24167141504586" lon="15.11785738170147">
        <ele>266.3999938964844</ele>
      </trkpt>
      <trkpt lat="46.24165498651564" lon="15.117928376421332">
        <ele>266.3999938964844</ele>
      </trkpt>
      <trkpt lat="46.24164224602282" lon="15.118003897368908">
        <ele>266.3999938964844</ele>
      </trkpt>
      <trkpt lat="46.24162497930229" lon="15.118080759420991">
        <ele>266.20001220703125</ele>
      </trkpt>
      <trkpt lat="46.2416054494679" lon="15.118157370015979">
        <ele>266.20001220703125</ele>
      </trkpt>
      <trkpt lat="46.24158893711865" lon="15.118233729153872">
        <ele>266</ele>
      </trkpt>
      <trkpt lat="46.24156907200813" lon="15.118306567892432">
        <ele>266</ele>
      </trkpt>
      <trkpt lat="46.24155314639211" lon="15.118380412459373">
        <ele>266</ele>
      </trkpt>
      <trkpt lat="46.24153898097575" lon="15.11845601722598">
        <ele>266</ele>
      </trkpt>
      <trkpt lat="46.24152724631131" lon="15.118531621992588">
        <ele>265.79998779296875</ele>
      </trkpt>
      <trkpt lat="46.24151668511331" lon="15.118602616712451">
        <ele>265.79998779296875</ele>
      </trkpt>
      <trkpt lat="46.24150427989662" lon="15.11867101304233">
        <ele>265.6000061035156</ele>
      </trkpt>
      <trkpt lat="46.241489443928" lon="15.118740415200591">
        <ele>265.6000061035156</ele>
      </trkpt>
      <trkpt lat="46.24147821217775" lon="15.118807973340154">
        <ele>265.6000061035156</ele>
      </trkpt>
      <trkpt lat="46.24146639369428" lon="15.118875363841653">
        <ele>265.79998779296875</ele>
      </trkpt>
      <trkpt lat="46.24145365320146" lon="15.118944849818945">
        <ele>265.79998779296875</ele>
      </trkpt>
      <trkpt lat="46.2414429243654" lon="15.119017520919442">
        <ele>265.79998779296875</ele>
      </trkpt>
      <trkpt lat="46.24143152497709" lon="15.119095891714096">
        <ele>265.79998779296875</ele>
      </trkpt>
      <trkpt lat="46.241422137245536" lon="15.119174849241972">
        <ele>265.6000061035156</ele>
      </trkpt>
      <trkpt lat="46.24141073785722" lon="15.119249615818262">
        <ele>265.6000061035156</ele>
      </trkpt>
      <trkpt lat="46.24139749445021" lon="15.11932136490941">
        <ele>265.6000061035156</ele>
      </trkpt>
      <trkpt lat="46.24139011837542" lon="15.119393868371844">
        <ele>265.6000061035156</ele>
      </trkpt>
      <trkpt lat="46.241387436166406" lon="15.119468299672008">
        <ele>265.6000061035156</ele>
      </trkpt>
      <trkpt lat="46.24138232320547" lon="15.11953728273511">
        <ele>265.6000061035156</ele>
      </trkpt>
      <trkpt lat="46.2413842510432" lon="15.119614731520414">
        <ele>265.79998779296875</ele>
      </trkpt>
      <trkpt lat="46.241380563005805" lon="15.11969218030572">
        <ele>265.79998779296875</ele>
      </trkpt>
      <trkpt lat="46.241379054263234" lon="15.119768707081676">
        <ele>266</ele>
      </trkpt>
      <trkpt lat="46.24138022772968" lon="15.119846239686012">
        <ele>266.20001220703125</ele>
      </trkpt>
      <trkpt lat="46.24136614613235" lon="15.119926454499364">
        <ele>266.20001220703125</ele>
      </trkpt>
      <trkpt lat="46.24135633930564" lon="15.120006669312716">
        <ele>266.20001220703125</ele>
      </trkpt>
      <trkpt lat="46.241356674581766" lon="15.120096020400524">
        <ele>266.20001220703125</ele>
      </trkpt>
      <trkpt lat="46.2413533218205" lon="15.12018478475511">
        <ele>266.20001220703125</ele>
      </trkpt>
      <trkpt lat="46.2413480412215" lon="15.120263239368796">
        <ele>266.20001220703125</ele>
      </trkpt>
      <trkpt lat="46.24133991077542" lon="15.120347896590829">
        <ele>266.20001220703125</ele>
      </trkpt>
      <trkpt lat="46.24132985249162" lon="15.120428446680307">
        <ele>266.3999938964844</ele>
      </trkpt>
      <trkpt lat="46.24131484888494" lon="15.120507907122374">
        <ele>266.20001220703125</ele>
      </trkpt>
      <trkpt lat="46.241302359849215" lon="15.1205859426409">
        <ele>266.3999938964844</ele>
      </trkpt>
      <trkpt lat="46.24129724688828" lon="15.120665822178125">
        <ele>266.20001220703125</ele>
      </trkpt>
      <trkpt lat="46.241290122270584" lon="15.120750227943063">
        <ele>266.20001220703125</ele>
      </trkpt>
      <trkpt lat="46.241281321272254" lon="15.120832370594144">
        <ele>266.20001220703125</ele>
      </trkpt>
      <trkpt lat="46.24127713032067" lon="15.120914513245225">
        <ele>266.20001220703125</ele>
      </trkpt>
      <trkpt lat="46.24127637594938" lon="15.120998919010162">
        <ele>266.20001220703125</ele>
      </trkpt>
      <trkpt lat="46.24126497656107" lon="15.121079972013831">
        <ele>266.3999938964844</ele>
      </trkpt>
      <trkpt lat="46.241259863600135" lon="15.121158761903644">
        <ele>266.3999938964844</ele>
      </trkpt>
      <trkpt lat="46.24125148169696" lon="15.121241323649883">
        <ele>266.3999938964844</ele>
      </trkpt>
      <trkpt lat="46.24124167487025" lon="15.12131592258811">
        <ele>266.3999938964844</ele>
      </trkpt>
      <trkpt lat="46.241223653778434" lon="15.121389012783766">
        <ele>266.3999938964844</ele>
      </trkpt>
      <trkpt lat="46.24120211228728" lon="15.121462689712644">
        <ele>266.3999938964844</ele>
      </trkpt>
      <trkpt lat="46.241182247176766" lon="15.12153527699411">
        <ele>266.20001220703125</ele>
      </trkpt>
      <trkpt lat="46.241166489198804" lon="15.121608534827828">
        <ele>266.3999938964844</ele>
      </trkpt>
      <trkpt lat="46.24115324579179" lon="15.121679361909628">
        <ele>266.3999938964844</ele>
      </trkpt>
      <trkpt lat="46.24114251695573" lon="15.12175278738141">
        <ele>266.20001220703125</ele>
      </trkpt>
      <trkpt lat="46.24113547615707" lon="15.121830990538001">
        <ele>266.20001220703125</ele>
      </trkpt>
      <trkpt lat="46.241124579682946" lon="15.121905086562037">
        <ele>266.20001220703125</ele>
      </trkpt>
      <trkpt lat="46.241114269942045" lon="15.12197365052998">
        <ele>266.20001220703125</ele>
      </trkpt>
      <trkpt lat="46.2411011941731" lon="15.12204397469759">
        <ele>266</ele>
      </trkpt>
      <trkpt lat="46.2410940695554" lon="15.122114717960358">
        <ele>266</ele>
      </trkpt>
      <trkpt lat="46.24108669348061" lon="15.122177498415112">
        <ele>266</ele>
      </trkpt>
      <trkpt lat="46.24108124524355" lon="15.122245894744992">
        <ele>266.3999938964844</ele>
      </trkpt>
      <trkpt lat="46.24107554554939" lon="15.122309513390064">
        <ele>266.3999938964844</ele>
      </trkpt>
      <trkpt lat="46.24107068404555" lon="15.122375898063183">
        <ele>266.6000061035156</ele>
      </trkpt>
      <trkpt lat="46.241067331284285" lon="15.122442031279206">
        <ele>266.6000061035156</ele>
      </trkpt>
      <trkpt lat="46.241062888875604" lon="15.122505147010088">
        <ele>266.6000061035156</ele>
      </trkpt>
      <trkpt lat="46.24105894938111" lon="15.122566418722272">
        <ele>266.3999938964844</ele>
      </trkpt>
      <trkpt lat="46.24105107039213" lon="15.122628696262836">
        <ele>266.20001220703125</ele>
      </trkpt>
      <trkpt lat="46.24104528687894" lon="15.122688626870513">
        <ele>266.20001220703125</ele>
      </trkpt>
      <trkpt lat="46.24104109592736" lon="15.122746545821428">
        <ele>266.20001220703125</ele>
      </trkpt>
      <trkpt lat="46.24103631824255" lon="15.122802034020424">
        <ele>266</ele>
      </trkpt>
      <trkpt lat="46.24103053472936" lon="15.122857941314578">
        <ele>266</ele>
      </trkpt>
      <trkpt lat="46.24102843925357" lon="15.12291518971324">
        <ele>265.79998779296875</ele>
      </trkpt>
      <trkpt lat="46.24102491885424" lon="15.12297436594963">
        <ele>265.79998779296875</ele>
      </trkpt>
      <trkpt lat="46.24101838096976" lon="15.123031781986356">
        <ele>265.79998779296875</ele>
      </trkpt>
      <trkpt lat="46.2410113401711" lon="15.123088276013732">
        <ele>265.79998779296875</ele>
      </trkpt>
      <trkpt lat="46.24100488610566" lon="15.123141836374998">
        <ele>265.79998779296875</ele>
      </trkpt>
      <trkpt lat="46.24099952168763" lon="15.12319908477366">
        <ele>265.79998779296875</ele>
      </trkpt>
      <trkpt lat="46.240995498374104" lon="15.12325725518167">
        <ele>265.79998779296875</ele>
      </trkpt>
      <trkpt lat="46.240995498374104" lon="15.123311318457127">
        <ele>266</ele>
      </trkpt>
      <trkpt lat="46.24099658802152" lon="15.123363621532917">
        <ele>266</ele>
      </trkpt>
      <trkpt lat="46.24099809676409" lon="15.123417265713215">
        <ele>266</ele>
      </trkpt>
      <trkpt lat="46.240994995459914" lon="15.123465796932578">
        <ele>266</ele>
      </trkpt>
      <trkpt lat="46.24099239706993" lon="15.123508460819721">
        <ele>266</ele>
      </trkpt>
      <trkpt lat="46.24099222943187" lon="15.123551040887833">
        <ele>266</ele>
      </trkpt>
      <trkpt lat="46.24099885113537" lon="15.123590771108866">
        <ele>266</ele>
      </trkpt>
      <trkpt lat="46.24100899323821" lon="15.123627064749599">
        <ele>266</ele>
      </trkpt>
      <trkpt lat="46.24102542176843" lon="15.123660424724221">
        <ele>266</ele>
      </trkpt>
      <trkpt lat="46.24104704707861" lon="15.123695880174637">
        <ele>266.20001220703125</ele>
      </trkpt>
      <trkpt lat="46.24107747338712" lon="15.123730329796672">
        <ele>266.20001220703125</ele>
      </trkpt>
      <trkpt lat="46.2411130964756" lon="15.12375321239233">
        <ele>266.20001220703125</ele>
      </trkpt>
      <trkpt lat="46.241155844181776" lon="15.123766791075468">
        <ele>266.20001220703125</ele>
      </trkpt>
      <trkpt lat="46.241201190277934" lon="15.123776933178306">
        <ele>266.20001220703125</ele>
      </trkpt>
      <trkpt lat="46.241248128935695" lon="15.123786740005016">
        <ele>266.20001220703125</ele>
      </trkpt>
      <trkpt lat="46.24129816889763" lon="15.12380057014525">
        <ele>266</ele>
      </trkpt>
      <trkpt lat="46.24134887941182" lon="15.123815406113863">
        <ele>265.79998779296875</ele>
      </trkpt>
      <trkpt lat="46.241402020677924" lon="15.123830074444413">
        <ele>265.79998779296875</ele>
      </trkpt>
      <trkpt lat="46.24145750887692" lon="15.12384264729917">
        <ele>265.6000061035156</ele>
      </trkpt>
      <trkpt lat="46.24151316471398" lon="15.123858070001006">
        <ele>265.3999938964844</ele>
      </trkpt>
      <trkpt lat="46.24157049693167" lon="15.12387533672154">
        <ele>265.20001220703125</ele>
      </trkpt>
      <trkpt lat="46.24163084663451" lon="15.123891597613692">
        <ele>265</ele>
      </trkpt>
      <trkpt lat="46.24169404618442" lon="15.12390517629683">
        <ele>264.79998779296875</ele>
      </trkpt>
      <trkpt lat="46.24175657518208" lon="15.12391984462738">
        <ele>264.6000061035156</ele>
      </trkpt>
      <trkpt lat="46.241820277646184" lon="15.123936021700501">
        <ele>264.6000061035156</ele>
      </trkpt>
      <trkpt lat="46.241887249052525" lon="15.123953204602003">
        <ele>264.3999938964844</ele>
      </trkpt>
      <trkpt lat="46.24195413663983" lon="15.12396477162838">
        <ele>264.20001220703125</ele>
      </trkpt>
      <trkpt lat="46.24201892875135" lon="15.123976590111852">
        <ele>264.20001220703125</ele>
      </trkpt>
      <trkpt lat="46.24208305031061" lon="15.123987989500165">
        <ele>264.20001220703125</ele>
      </trkpt>
      <trkpt lat="46.24214809387922" lon="15.124001568183303">
        <ele>264.20001220703125</ele>
      </trkpt>
      <trkpt lat="46.242213724181056" lon="15.124015901237726">
        <ele>264</ele>
      </trkpt>
      <trkpt lat="46.24228144995868" lon="15.124030150473118">
        <ele>264</ele>
      </trkpt>
      <trkpt lat="46.24234875664115" lon="15.124044232070446">
        <ele>263.79998779296875</ele>
      </trkpt>
      <trkpt lat="46.242416398599744" lon="15.124056385830045">
        <ele>263.79998779296875</ele>
      </trkpt>
      <trkpt lat="46.24248496256769" lon="15.124067785218358">
        <ele>263.6000061035156</ele>
      </trkpt>
      <trkpt lat="46.24255436472595" lon="15.124079855158925">
        <ele>263.3999938964844</ele>
      </trkpt>
      <trkpt lat="46.2426242697984" lon="15.124092008918524">
        <ele>263.20001220703125</ele>
      </trkpt>
      <trkpt lat="46.24269476160407" lon="15.124103324487805">
        <ele>263.20001220703125</ele>
      </trkpt>
      <trkpt lat="46.24276542104781" lon="15.124113634228706">
        <ele>263</ele>
      </trkpt>
      <trkpt lat="46.24283557757735" lon="15.124123357236385">
        <ele>263</ele>
      </trkpt>
      <trkpt lat="46.242905147373676" lon="15.124134588986635">
        <ele>262.79998779296875</ele>
      </trkpt>
      <trkpt lat="46.24297580681741" lon="15.124148251488805">
        <ele>262.79998779296875</ele>
      </trkpt>
      <trkpt lat="46.24304596334696" lon="15.124161913990974">
        <ele>262.6000061035156</ele>
      </trkpt>
      <trkpt lat="46.243113772943616" lon="15.124174822121859">
        <ele>262.6000061035156</ele>
      </trkpt>
      <trkpt lat="46.243181163445115" lon="15.124184293672442">
        <ele>262.6000061035156</ele>
      </trkpt>
      <trkpt lat="46.243246626108885" lon="15.124192424118519">
        <ele>262.3999938964844</ele>
      </trkpt>
      <trkpt lat="46.24331083148718" lon="15.124200638383627">
        <ele>262.3999938964844</ele>
      </trkpt>
      <trkpt lat="46.24337344430387" lon="15.124212792143226">
        <ele>262.6000061035156</ele>
      </trkpt>
      <trkpt lat="46.24343656003475" lon="15.124224610626698">
        <ele>262.6000061035156</ele>
      </trkpt>
      <trkpt lat="46.24349623918533" lon="15.124236093834043">
        <ele>262.6000061035156</ele>
      </trkpt>
      <trkpt lat="46.24355717562139" lon="15.12424430809915">
        <ele>262.6000061035156</ele>
      </trkpt>
      <trkpt lat="46.243617441505194" lon="15.124249253422022">
        <ele>262.79998779296875</ele>
      </trkpt>
      <trkpt lat="46.24367678537965" lon="15.124250678345561">
        <ele>262.79998779296875</ele>
      </trkpt>
      <trkpt lat="46.24373537488282" lon="15.124253863468766">
        <ele>263</ele>
      </trkpt>
      <trkpt lat="46.243791365996" lon="15.124257719144225">
        <ele>263.20001220703125</ele>
      </trkpt>
      <trkpt lat="46.24384920112789" lon="15.124260485172272">
        <ele>263.3999938964844</ele>
      </trkpt>
      <trkpt lat="46.243907287716866" lon="15.124262161552906">
        <ele>263.6000061035156</ele>
      </trkpt>
      <trkpt lat="46.24396562576294" lon="15.124264843761921">
        <ele>263.79998779296875</ele>
      </trkpt>
      <trkpt lat="46.24402186833322" lon="15.12426869943738">
        <ele>263.79998779296875</ele>
      </trkpt>
      <trkpt lat="46.24407802708447" lon="15.124268447980285">
        <ele>264</ele>
      </trkpt>
      <trkpt lat="46.24413426965475" lon="15.12426920235157">
        <ele>264.20001220703125</ele>
      </trkpt>
      <trkpt lat="46.244190176948905" lon="15.124268447980285">
        <ele>264.3999938964844</ele>
      </trkpt>
      <trkpt lat="46.24424457550049" lon="15.124266939237714">
        <ele>264.6000061035156</ele>
      </trkpt>
      <trkpt lat="46.24429981224239" lon="15.124263502657413">
        <ele>264.79998779296875</ele>
      </trkpt>
      <trkpt lat="46.244353372603655" lon="15.124260317534208">
        <ele>265</ele>
      </trkpt>
      <trkpt lat="46.24440726824105" lon="15.124256797134876">
        <ele>264.79998779296875</ele>
      </trkpt>
      <trkpt lat="46.24446200206876" lon="15.124252438545227">
        <ele>264.79998779296875</ele>
      </trkpt>
      <trkpt lat="46.24451573006809" lon="15.124250929802656">
        <ele>264.79998779296875</ele>
      </trkpt>
      <trkpt lat="46.24456476420164" lon="15.124249588698149">
        <ele>264.79998779296875</ele>
      </trkpt>
      <trkpt lat="46.24461840838194" lon="15.124244559556246">
        <ele>264.6000061035156</ele>
      </trkpt>
      <trkpt lat="46.244671968743205" lon="15.124242380261421">
        <ele>264.3999938964844</ele>
      </trkpt>
      <trkpt lat="46.244725696742535" lon="15.124237015843391">
        <ele>264.20001220703125</ele>
      </trkpt>
      <trkpt lat="46.24478009529412" lon="15.12422670610249">
        <ele>263.79998779296875</ele>
      </trkpt>
      <trkpt lat="46.24483348801732" lon="15.124219246208668">
        <ele>263.6000061035156</ele>
      </trkpt>
      <trkpt lat="46.244890904054046" lon="15.124215809628367">
        <ele>263.3999938964844</ele>
      </trkpt>
      <trkpt lat="46.24494588933885" lon="15.124215809628367">
        <ele>263.20001220703125</ele>
      </trkpt>
      <trkpt lat="46.245000371709466" lon="15.124214887619019">
        <ele>263.20001220703125</ele>
      </trkpt>
      <trkpt lat="46.24505326151848" lon="15.124213127419353">
        <ele>263</ele>
      </trkpt>
      <trkpt lat="46.245107324793935" lon="15.124208852648735">
        <ele>263</ele>
      </trkpt>
      <trkpt lat="46.2451643217355" lon="15.124204745516181">
        <ele>263</ele>
      </trkpt>
      <trkpt lat="46.24522006139159" lon="15.124206002801657">
        <ele>263</ele>
      </trkpt>
      <trkpt lat="46.245272029191256" lon="15.124212792143226">
        <ele>263</ele>
      </trkpt>
      <trkpt lat="46.24532558955252" lon="15.124219078570604">
        <ele>263</ele>
      </trkpt>
      <trkpt lat="46.245378060266376" lon="15.12422377243638">
        <ele>263.20001220703125</ele>
      </trkpt>
      <trkpt lat="46.24542960897088" lon="15.12422913685441">
        <ele>263.20001220703125</ele>
      </trkpt>
      <trkpt lat="46.24548300169408" lon="15.124237183481455">
        <ele>263.3999938964844</ele>
      </trkpt>
      <trkpt lat="46.24553614296019" lon="15.124244224280119">
        <ele>263.3999938964844</ele>
      </trkpt>
      <trkpt lat="46.24558844603598" lon="15.124251432716846">
        <ele>263.3999938964844</ele>
      </trkpt>
      <trkpt lat="46.24564116820693" lon="15.124255456030369">
        <ele>263.3999938964844</ele>
      </trkpt>
      <trkpt lat="46.24569556675851" lon="15.124261993914843">
        <ele>263.3999938964844</ele>
      </trkpt>
      <trkpt lat="46.24575013294816" lon="15.124269872903824">
        <ele>263.3999938964844</ele>
      </trkpt>
      <trkpt lat="46.24580629169941" lon="15.124277248978615">
        <ele>263.3999938964844</ele>
      </trkpt>
      <trkpt lat="46.245861276984215" lon="15.12428680434823">
        <ele>263.20001220703125</ele>
      </trkpt>
      <trkpt lat="46.24591525644064" lon="15.124294934794307">
        <ele>263.20001220703125</ele>
      </trkpt>
      <trkpt lat="46.24596948735416" lon="15.124304071068764">
        <ele>263.3999938964844</ele>
      </trkpt>
      <trkpt lat="46.246023047715425" lon="15.124314380809665">
        <ele>263.3999938964844</ele>
      </trkpt>
      <trkpt lat="46.24607568606734" lon="15.124325109645724">
        <ele>263.6000061035156</ele>
      </trkpt>
      <trkpt lat="46.246126648038626" lon="15.124338520690799">
        <ele>263.79998779296875</ele>
      </trkpt>
      <trkpt lat="46.246177945286036" lon="15.124354027211666">
        <ele>264</ele>
      </trkpt>
      <trkpt lat="46.24622756615281" lon="15.124376742169261">
        <ele>264</ele>
      </trkpt>
      <trkpt lat="46.246280036866665" lon="15.124395182356238">
        <ele>264</ele>
      </trkpt>
      <trkpt lat="46.24633451923728" lon="15.124415885657072">
        <ele>264</ele>
      </trkpt>
      <trkpt lat="46.246389923617244" lon="15.124437594786286">
        <ele>264.20001220703125</ele>
      </trkpt>
      <trkpt lat="46.246443232521415" lon="15.124461147934198">
        <ele>264.3999938964844</ele>
      </trkpt>
      <trkpt lat="46.24649486504495" lon="15.12448126450181">
        <ele>264.6000061035156</ele>
      </trkpt>
      <trkpt lat="46.246546329930425" lon="15.124499704688787">
        <ele>264.6000061035156</ele>
      </trkpt>
      <trkpt lat="46.24659704044461" lon="15.124516803771257">
        <ele>264.79998779296875</ele>
      </trkpt>
      <trkpt lat="46.2466443143785" lon="15.12453256174922">
        <ele>265</ele>
      </trkpt>
      <trkpt lat="46.24669284559786" lon="15.124545050784945">
        <ele>265.20001220703125</ele>
      </trkpt>
      <trkpt lat="46.24674363993108" lon="15.124558126553893">
        <ele>265.3999938964844</ele>
      </trkpt>
      <trkpt lat="46.246796278283" lon="15.124567681923509">
        <ele>265.6000061035156</ele>
      </trkpt>
      <trkpt lat="46.24684606678784" lon="15.12457413598895">
        <ele>265.79998779296875</ele>
      </trkpt>
      <trkpt lat="46.2468945980072" lon="15.12457799166441">
        <ele>266</ele>
      </trkpt>
      <trkpt lat="46.24694514088333" lon="15.124578746035695">
        <ele>266</ele>
      </trkpt>
      <trkpt lat="46.24699568375945" lon="15.12457899749279">
        <ele>265.79998779296875</ele>
      </trkpt>
      <trkpt lat="46.247047232463956" lon="15.124580841511488">
        <ele>265.6000061035156</ele>
      </trkpt>
      <trkpt lat="46.24709643423557" lon="15.1245819311589">
        <ele>265.6000061035156</ele>
      </trkpt>
      <trkpt lat="46.247145887464285" lon="15.124584110453725">
        <ele>265.6000061035156</ele>
      </trkpt>
      <trkpt lat="46.24719659797847" lon="15.12458830140531">
        <ele>265.6000061035156</ele>
      </trkpt>
      <trkpt lat="46.24724831432104" lon="15.124591318890452">
        <ele>265.3999938964844</ele>
      </trkpt>
      <trkpt lat="46.24730086885393" lon="15.124593414366245">
        <ele>265.20001220703125</ele>
      </trkpt>
      <trkpt lat="46.24735434539616" lon="15.124594252556562">
        <ele>265</ele>
      </trkpt>
      <trkpt lat="46.247406397014856" lon="15.124597689136863">
        <ele>265</ele>
      </trkpt>
      <trkpt lat="46.24745945446193" lon="15.124601041898131">
        <ele>265</ele>
      </trkpt>
      <trkpt lat="46.24751075170934" lon="15.124601293355227">
        <ele>265</ele>
      </trkpt>
      <trkpt lat="46.24756204895675" lon="15.124599952250719">
        <ele>265</ele>
      </trkpt>
      <trkpt lat="46.247612088918686" lon="15.124600371345878">
        <ele>265.20001220703125</ele>
      </trkpt>
      <trkpt lat="46.24766229651868" lon="15.124600538983941">
        <ele>265.20001220703125</ele>
      </trkpt>
      <trkpt lat="46.24771141447127" lon="15.124599700793624">
        <ele>265.20001220703125</ele>
      </trkpt>
      <trkpt lat="46.24775994569063" lon="15.124601293355227">
        <ele>265.20001220703125</ele>
      </trkpt>
      <trkpt lat="46.24780713580549" lon="15.124604310840368">
        <ele>265</ele>
      </trkpt>
      <trkpt lat="46.24785650521517" lon="15.12460732832551">
        <ele>265</ele>
      </trkpt>
      <trkpt lat="46.247904282063246" lon="15.124611016362906">
        <ele>265</ele>
      </trkpt>
      <trkpt lat="46.24795189127326" lon="15.124619314447045">
        <ele>265.20001220703125</ele>
      </trkpt>
      <trkpt lat="46.24799966812134" lon="15.124626606702805">
        <ele>265.20001220703125</ele>
      </trkpt>
      <trkpt lat="46.24804811552167" lon="15.124632893130183">
        <ele>265.20001220703125</ele>
      </trkpt>
      <trkpt lat="46.24809790402651" lon="15.12463758699596">
        <ele>265.20001220703125</ele>
      </trkpt>
      <trkpt lat="46.24814668670297" lon="15.124645130708814">
        <ele>265.20001220703125</ele>
      </trkpt>
      <trkpt lat="46.24819370917976" lon="15.124652925878763">
        <ele>265</ele>
      </trkpt>
      <trkpt lat="46.248242910951376" lon="15.124656446278095">
        <ele>265</ele>
      </trkpt>
      <trkpt lat="46.24829253181815" lon="15.124657703563571">
        <ele>265</ele>
      </trkpt>
      <trkpt lat="46.24834097921848" lon="15.124659379944205">
        <ele>265</ele>
      </trkpt>
      <trkpt lat="46.2483885884285" lon="15.124661307781935">
        <ele>265</ele>
      </trkpt>
      <trkpt lat="46.248438293114305" lon="15.12466348707676">
        <ele>265.20001220703125</ele>
      </trkpt>
      <trkpt lat="46.248487662523985" lon="15.12466449290514">
        <ele>265.20001220703125</ele>
      </trkpt>
      <trkpt lat="46.2485368642956" lon="15.124656027182937">
        <ele>265.20001220703125</ele>
      </trkpt>
      <trkpt lat="46.24858573079109" lon="15.124645801261067">
        <ele>265.20001220703125</ele>
      </trkpt>
      <trkpt lat="46.24863652512431" lon="15.124637000262737">
        <ele>265.20001220703125</ele>
      </trkpt>
      <trkpt lat="46.248686062172055" lon="15.124628031626344">
        <ele>265.3999938964844</ele>
      </trkpt>
      <trkpt lat="46.24873576685786" lon="15.124618224799633">
        <ele>265.3999938964844</ele>
      </trkpt>
      <trkpt lat="46.248784717172384" lon="15.124607747420669">
        <ele>265.6000061035156</ele>
      </trkpt>
      <trkpt lat="46.24883475713432" lon="15.124597437679768">
        <ele>266</ele>
      </trkpt>
      <trkpt lat="46.24888286925852" lon="15.124584445729852">
        <ele>266.20001220703125</ele>
      </trkpt>
      <trkpt lat="46.248929388821125" lon="15.12457313016057">
        <ele>266.20001220703125</ele>
      </trkpt>
      <trkpt lat="46.248977249488235" lon="15.124562066048384">
        <ele>266.20001220703125</ele>
      </trkpt>
      <trkpt lat="46.24902527779341" lon="15.124550918117166">
        <ele>266.20001220703125</ele>
      </trkpt>
      <trkpt lat="46.249074060469866" lon="15.124536333605647">
        <ele>266.20001220703125</ele>
      </trkpt>
      <trkpt lat="46.249123848974705" lon="15.124522419646382">
        <ele>266.20001220703125</ele>
      </trkpt>
      <trkpt lat="46.24917740933597" lon="15.124508338049054">
        <ele>266</ele>
      </trkpt>
      <trkpt lat="46.24923348426819" lon="15.124490903690457">
        <ele>265.79998779296875</ele>
      </trkpt>
      <trkpt lat="46.24928930774331" lon="15.124472295865417">
        <ele>265.6000061035156</ele>
      </trkpt>
      <trkpt lat="46.249345634132624" lon="15.124455699697137">
        <ele>265.20001220703125</ele>
      </trkpt>
      <trkpt lat="46.249401876702905" lon="15.124443294480443">
        <ele>264.79998779296875</ele>
      </trkpt>
      <trkpt lat="46.249459544196725" lon="15.124435164034367">
        <ele>264.3999938964844</ele>
      </trkpt>
      <trkpt lat="46.24951452948153" lon="15.124433236196637">
        <ele>264.3999938964844</ele>
      </trkpt>
      <trkpt lat="46.249570520594716" lon="15.124426949769258">
        <ele>264.3999938964844</ele>
      </trkpt>
      <trkpt lat="46.2496265117079" lon="15.124415382742882">
        <ele>264.6000061035156</ele>
      </trkpt>
      <trkpt lat="46.24967864714563" lon="15.124405659735203">
        <ele>265</ele>
      </trkpt>
      <trkpt lat="46.24972860328853" lon="15.124398954212666">
        <ele>265.20001220703125</ele>
      </trkpt>
      <trkpt lat="46.24977973289788" lon="15.124393673613667">
        <ele>265.3999938964844</ele>
      </trkpt>
      <trkpt lat="46.249830443412066" lon="15.124388979747891">
        <ele>265.3999938964844</ele>
      </trkpt>
      <trkpt lat="46.24988014809787" lon="15.124390153214335">
        <ele>265.3999938964844</ele>
      </trkpt>
      <trkpt lat="46.249930607154965" lon="15.124396188184619">
        <ele>265.20001220703125</ele>
      </trkpt>
      <trkpt lat="46.24998031184077" lon="15.124404737725854">
        <ele>265.20001220703125</ele>
      </trkpt>
      <trkpt lat="46.25003135763109" lon="15.124413706362247">
        <ele>265</ele>
      </trkpt>
      <trkpt lat="46.25008022412658" lon="15.124424770474434">
        <ele>265</ele>
      </trkpt>
      <trkpt lat="46.25013026408851" lon="15.124434996396303">
        <ele>265</ele>
      </trkpt>
      <trkpt lat="46.25017854385078" lon="15.124449161812663">
        <ele>265.20001220703125</ele>
      </trkpt>
      <trkpt lat="46.25022606924176" lon="15.12446902692318">
        <ele>265.20001220703125</ele>
      </trkpt>
      <trkpt lat="46.25027351081371" lon="15.124489143490791">
        <ele>265.3999938964844</ele>
      </trkpt>
      <trkpt lat="46.25031877309084" lon="15.124512193724513">
        <ele>265.6000061035156</ele>
      </trkpt>
      <trkpt lat="46.25036319717765" lon="15.124537087976933">
        <ele>265.6000061035156</ele>
      </trkpt>
      <trkpt lat="46.25040820799768" lon="15.124562233686447">
        <ele>265.6000061035156</ele>
      </trkpt>
      <trkpt lat="46.250451458618045" lon="15.124589055776596">
        <ele>265.79998779296875</ele>
      </trkpt>
      <trkpt lat="46.25049144029617" lon="15.12462048791349">
        <ele>265.6000061035156</ele>
      </trkpt>
      <trkpt lat="46.250536451116204" lon="15.124649237841368">
        <ele>265.6000061035156</ele>
      </trkpt>
      <trkpt lat="46.25058121047914" lon="15.124679328873754">
        <ele>265.6000061035156</ele>
      </trkpt>
      <trkpt lat="46.2506281491369" lon="15.12470941990614">
        <ele>265.6000061035156</ele>
      </trkpt>
      <trkpt lat="46.25067257322371" lon="15.124741438776255">
        <ele>265.6000061035156</ele>
      </trkpt>
      <trkpt lat="46.250716829672456" lon="15.124771865084767">
        <ele>265.79998779296875</ele>
      </trkpt>
      <trkpt lat="46.25076008029282" lon="15.124802626669407">
        <ele>265.79998779296875</ele>
      </trkpt>
      <trkpt lat="46.25080467201769" lon="15.124831795692444">
        <ele>266</ele>
      </trkpt>
      <trkpt lat="46.250849263742566" lon="15.12486289255321">
        <ele>266.20001220703125</ele>
      </trkpt>
      <trkpt lat="46.25089209526777" lon="15.12489315122366">
        <ele>266.3999938964844</ele>
      </trkpt>
      <trkpt lat="46.25093610025942" lon="15.124923745170236">
        <ele>266.6000061035156</ele>
      </trkpt>
      <trkpt lat="46.25097834505141" lon="15.124953836202621">
        <ele>267</ele>
      </trkpt>
      <trkpt lat="46.2510237749666" lon="15.124982167035341">
        <ele>267.20001220703125</ele>
      </trkpt>
      <trkpt lat="46.25106886960566" lon="15.125006223097444">
        <ele>267.20001220703125</ele>
      </trkpt>
      <trkpt lat="46.2511152215302" lon="15.125026674941182">
        <ele>267</ele>
      </trkpt>
      <trkpt lat="46.251164339482784" lon="15.125043774023652">
        <ele>266.6000061035156</ele>
      </trkpt>
      <trkpt lat="46.2512135412544" lon="15.125060956925154">
        <ele>266.3999938964844</ele>
      </trkpt>
      <trkpt lat="46.25126291066408" lon="15.125076798722148">
        <ele>266</ele>
      </trkpt>
      <trkpt lat="46.251312447711825" lon="15.125088952481747">
        <ele>266</ele>
      </trkpt>
      <trkpt lat="46.25136299058795" lon="15.125096831470728">
        <ele>265.79998779296875</ele>
      </trkpt>
      <trkpt lat="46.25141428783536" lon="15.125102866441011">
        <ele>265.79998779296875</ele>
      </trkpt>
      <trkpt lat="46.251466339454055" lon="15.125105883926153">
        <ele>266</ele>
      </trkpt>
      <trkpt lat="46.25151830725372" lon="15.125102698802948">
        <ele>266</ele>
      </trkpt>
      <trkpt lat="46.25157069414854" lon="15.125094400718808">
        <ele>266</ele>
      </trkpt>
      <trkpt lat="46.25162182375789" lon="15.125083504244685">
        <ele>266</ele>
      </trkpt>
      <trkpt lat="46.251675048843026" lon="15.125069925561547">
        <ele>266.20001220703125</ele>
      </trkpt>
      <trkpt lat="46.251726262271404" lon="15.12505148537457">
        <ele>266.20001220703125</ele>
      </trkpt>
      <trkpt lat="46.25177948735654" lon="15.125026172026992">
        <ele>266.3999938964844</ele>
      </trkpt>
      <trkpt lat="46.251834724098444" lon="15.124997170642018">
        <ele>266.3999938964844</ele>
      </trkpt>
      <trkpt lat="46.251887613907456" lon="15.124964565038681">
        <ele>266.6000061035156</ele>
      </trkpt>
      <trkpt lat="46.251941258087754" lon="15.124928774312139">
        <ele>266.6000061035156</ele>
      </trkpt>
      <trkpt lat="46.2519942317158" lon="15.124890552833676">
        <ele>266.6000061035156</ele>
      </trkpt>
      <trkpt lat="46.252045361325145" lon="15.124848056584597">
        <ele>266.3999938964844</ele>
      </trkpt>
      <trkpt lat="46.25209204852581" lon="15.124798603355885">
        <ele>266.3999938964844</ele>
      </trkpt>
      <trkpt lat="46.25213856808841" lon="15.12474412098527">
        <ele>266.20001220703125</ele>
      </trkpt>
      <trkpt lat="46.25218357890844" lon="15.124686788767576">
        <ele>266</ele>
      </trkpt>
      <trkpt lat="46.252225656062365" lon="15.124627277255058">
        <ele>266</ele>
      </trkpt>
      <trkpt lat="46.25226899050176" lon="15.1245629042387">
        <ele>265.79998779296875</ele>
      </trkpt>
      <trkpt lat="46.25231224112213" lon="15.124496519565582">
        <ele>265.79998779296875</ele>
      </trkpt>
      <trkpt lat="46.25235725194216" lon="15.124429883435369">
        <ele>265.6000061035156</ele>
      </trkpt>
      <trkpt lat="46.252404944971204" lon="15.124363666400313">
        <ele>265.6000061035156</ele>
      </trkpt>
      <trkpt lat="46.25245230272412" lon="15.124300885945559">
        <ele>265.6000061035156</ele>
      </trkpt>
      <trkpt lat="46.25249798409641" lon="15.124234249815345">
        <ele>265.3999938964844</ele>
      </trkpt>
      <trkpt lat="46.25254056416452" lon="15.124166440218687">
        <ele>265.3999938964844</ele>
      </trkpt>
      <trkpt lat="46.25258423388004" lon="15.124095361679792">
        <ele>265.3999938964844</ele>
      </trkpt>
      <trkpt lat="46.252629747614264" lon="15.12401950545609">
        <ele>265.3999938964844</ele>
      </trkpt>
      <trkpt lat="46.252671824768186" lon="15.123942475765944">
        <ele>265.20001220703125</ele>
      </trkpt>
      <trkpt lat="46.2527107167989" lon="15.123863685876131">
        <ele>265.20001220703125</ele>
      </trkpt>
      <trkpt lat="46.252749944105744" lon="15.123781627044082">
        <ele>265.20001220703125</ele>
      </trkpt>
      <trkpt lat="46.25278875231743" lon="15.123698394745588">
        <ele>265</ele>
      </trkpt>
      <trkpt lat="46.2528283149004" lon="15.123613988980651">
        <ele>265</ele>
      </trkpt>
      <trkpt lat="46.25286653637886" lon="15.123528577387333">
        <ele>265</ele>
      </trkpt>
      <trkpt lat="46.252904841676354" lon="15.12344098649919">
        <ele>265</ele>
      </trkpt>
      <trkpt lat="46.25294272787869" lon="15.123351300135255">
        <ele>265.20001220703125</ele>
      </trkpt>
      <trkpt lat="46.25298178754747" lon="15.123263457790017">
        <ele>265.20001220703125</ele>
      </trkpt>
      <trkpt lat="46.253021098673344" lon="15.12317712418735">
        <ele>265.20001220703125</ele>
      </trkpt>
      <trkpt lat="46.253061247989535" lon="15.123092299327254">
        <ele>265.20001220703125</ele>
      </trkpt>
      <trkpt lat="46.253101816400886" lon="15.123009318485856">
        <ele>265.20001220703125</ele>
      </trkpt>
      <trkpt lat="46.25314355827868" lon="15.122923571616411">
        <ele>265.20001220703125</ele>
      </trkpt>
      <trkpt lat="46.25318865291774" lon="15.122840339317918">
        <ele>265.3999938964844</ele>
      </trkpt>
      <trkpt lat="46.25323282554746" lon="15.12276029214263">
        <ele>265.3999938964844</ele>
      </trkpt>
      <trkpt lat="46.25327800400555" lon="15.122682340443134">
        <ele>265.3999938964844</ele>
      </trkpt>
      <trkpt lat="46.25332485884428" lon="15.122609417885542">
        <ele>265.3999938964844</ele>
      </trkpt>
      <trkpt lat="46.25337280333042" lon="15.122537082061172">
        <ele>265.3999938964844</ele>
      </trkpt>
      <trkpt lat="46.25342166982591" lon="15.122468685731292">
        <ele>265.3999938964844</ele>
      </trkpt>
      <trkpt lat="46.25347129069269" lon="15.122406240552664">
        <ele>265.3999938964844</ele>
      </trkpt>
      <trkpt lat="46.25352501869202" lon="15.12235326692462">
        <ele>265.20001220703125</ele>
      </trkpt>
      <trkpt lat="46.25358277000487" lon="15.122311022132635">
        <ele>265.20001220703125</ele>
      </trkpt>
      <trkpt lat="46.253639347851276" lon="15.122272297739983">
        <ele>265.3999938964844</ele>
      </trkpt>
      <trkpt lat="46.25369324348867" lon="15.122227035462856">
        <ele>265.20001220703125</ele>
      </trkpt>
      <trkpt lat="46.253746803849936" lon="15.122185125946999">
        <ele>265.3999938964844</ele>
      </trkpt>
      <trkpt lat="46.25380178913474" lon="15.122143551707268">
        <ele>265.3999938964844</ele>
      </trkpt>
      <trkpt lat="46.25385451130569" lon="15.1221021451056">
        <ele>265.3999938964844</ele>
      </trkpt>
      <trkpt lat="46.25390815548599" lon="15.12206258252263">
        <ele>265.3999938964844</ele>
      </trkpt>
      <trkpt lat="46.25395802780986" lon="15.122023522853851">
        <ele>265.3999938964844</ele>
      </trkpt>
      <trkpt lat="46.25400647521019" lon="15.121987480670214">
        <ele>265.3999938964844</ele>
      </trkpt>
      <trkpt lat="46.25405131839216" lon="15.121947415173054">
        <ele>265.6000061035156</ele>
      </trkpt>
      <trkpt lat="46.25409649685025" lon="15.121911121532321">
        <ele>265.6000061035156</ele>
      </trkpt>
      <trkpt lat="46.254143016412854" lon="15.121881030499935">
        <ele>265.6000061035156</ele>
      </trkpt>
      <trkpt lat="46.25419305637479" lon="15.121858399361372">
        <ele>265.6000061035156</ele>
      </trkpt>
      <trkpt lat="46.25424385070801" lon="15.121836606413126">
        <ele>265.79998779296875</ele>
      </trkpt>
      <trkpt lat="46.25429422594607" lon="15.121818417683244">
        <ele>265.6000061035156</ele>
      </trkpt>
      <trkpt lat="46.254346361383796" lon="15.121807102113962">
        <ele>265.79998779296875</ele>
      </trkpt>
      <trkpt lat="46.254398161545396" lon="15.121801989153028">
        <ele>265.79998779296875</ele>
      </trkpt>
      <trkpt lat="46.25444862060249" lon="15.121805761009455">
        <ele>266</ele>
      </trkpt>
      <trkpt lat="46.25449840910733" lon="15.121816573664546">
        <ele>266</ele>
      </trkpt>
      <trkpt lat="46.254547107964754" lon="15.121826883405447">
        <ele>266.20001220703125</ele>
      </trkpt>
      <trkpt lat="46.25459957867861" lon="15.121837025508285">
        <ele>266.3999938964844</ele>
      </trkpt>
      <trkpt lat="46.25464987009764" lon="15.121850101277232">
        <ele>266.3999938964844</ele>
      </trkpt>
      <trkpt lat="46.25469806604087" lon="15.121864266693592">
        <ele>266.3999938964844</ele>
      </trkpt>
      <trkpt lat="46.25474902801216" lon="15.1218793541193">
        <ele>266.3999938964844</ele>
      </trkpt>
      <trkpt lat="46.25480149872601" lon="15.121895615011454">
        <ele>266.3999938964844</ele>
      </trkpt>
      <trkpt lat="46.25485388562083" lon="15.121917156502604">
        <ele>266.3999938964844</ele>
      </trkpt>
      <trkpt lat="46.25490518286824" lon="15.12193400412798">
        <ele>266.3999938964844</ele>
      </trkpt>
      <trkpt lat="46.25495438463986" lon="15.121943894773722">
        <ele>266.3999938964844</ele>
      </trkpt>
      <trkpt lat="46.255002496764064" lon="15.121950097382069">
        <ele>266.3999938964844</ele>
      </trkpt>
      <trkpt lat="46.255051363259554" lon="15.121955629438162">
        <ele>266.3999938964844</ele>
      </trkpt>
      <trkpt lat="46.25509989447892" lon="15.121953450143337">
        <ele>266.6000061035156</ele>
      </trkpt>
      <trkpt lat="46.255147671326995" lon="15.121943224221468">
        <ele>266.6000061035156</ele>
      </trkpt>
      <trkpt lat="46.25519544817507" lon="15.12193400412798">
        <ele>266.6000061035156</ele>
      </trkpt>
      <trkpt lat="46.255244482308626" lon="15.121916150674224">
        <ele>266.6000061035156</ele>
      </trkpt>
      <trkpt lat="46.25528966076672" lon="15.121895028278232">
        <ele>266.6000061035156</ele>
      </trkpt>
      <trkpt lat="46.255330899730325" lon="15.121868792921305">
        <ele>266.79998779296875</ele>
      </trkpt>
      <trkpt lat="46.255367528647184" lon="15.121838953346014">
        <ele>266.79998779296875</ele>
      </trkpt>
      <trkpt lat="46.25540507957339" lon="15.121811293065548">
        <ele>267</ele>
      </trkpt>
      <trkpt lat="46.255441876128316" lon="15.121786147356033">
        <ele>267.20001220703125</ele>
      </trkpt>
      <trkpt lat="46.255479929968715" lon="15.121763600036502">
        <ele>267.3999938964844</ele>
      </trkpt>
      <trkpt lat="46.25551764853299" lon="15.1217395439744">
        <ele>267.6000061035156</ele>
      </trkpt>
      <trkpt lat="46.25555201433599" lon="15.121710877865553">
        <ele>268</ele>
      </trkpt>
      <trkpt lat="46.25558805651963" lon="15.121683301404119">
        <ele>268.20001220703125</ele>
      </trkpt>
      <trkpt lat="46.25562108121812" lon="15.121651533991098">
        <ele>268.3999938964844</ele>
      </trkpt>
      <trkpt lat="46.25565603375435" lon="15.121623035520315">
        <ele>268.6000061035156</ele>
      </trkpt>
      <trkpt lat="46.25568738207221" lon="15.121594620868564">
        <ele>268.79998779296875</ele>
      </trkpt>
      <trkpt lat="46.255716467276216" lon="15.12156997807324">
        <ele>268.79998779296875</ele>
      </trkpt>
      <trkpt lat="46.255742870271206" lon="15.121556567028165">
        <ele>269</ele>
      </trkpt>
      <trkpt lat="46.25576600432396" lon="15.121545000001788">
        <ele>269</ele>
      </trkpt>
      <trkpt lat="46.25578612089157" lon="15.121540054678917">
        <ele>269.20001220703125</ele>
      </trkpt>
      <trkpt lat="46.25580598600209" lon="15.121538126841187">
        <ele>269.20001220703125</ele>
      </trkpt>
      <trkpt lat="46.25582576729357" lon="15.121530834585428">
        <ele>269.3999938964844</ele>
      </trkpt>
      <trkpt lat="46.255848314613104" lon="15.121518597006798">
        <ele>269.3999938964844</ele>
      </trkpt>
      <trkpt lat="46.25587027519941" lon="15.121509209275246">
        <ele>269.6000061035156</ele>
      </trkpt>
      <trkpt lat="46.25588963739574" lon="15.121502503752708">
        <ele>269.6000061035156</ele>
      </trkpt>
      <trkpt lat="46.25590464100242" lon="15.121493870392442">
        <ele>269.79998779296875</ele>
      </trkpt>
      <trkpt lat="46.25591713003814" lon="15.121486159041524">
        <ele>270</ele>
      </trkpt>
      <trkpt lat="46.255931379273534" lon="15.121478782966733">
        <ele>270</ele>
      </trkpt>
      <trkpt lat="46.2559487298131" lon="15.121473083272576">
        <ele>270.20001220703125</ele>
      </trkpt>
      <trkpt lat="46.25596784055233" lon="15.1214649528265">
        <ele>270.3999938964844</ele>
      </trkpt>
      <trkpt lat="46.25598829239607" lon="15.12145078741014">
        <ele>270.6000061035156</ele>
      </trkpt>
      <trkpt lat="46.2560055591166" lon="15.121445003896952">
        <ele>270.6000061035156</ele>
      </trkpt>
      <trkpt lat="46.256021820008755" lon="15.121437376365066">
        <ele>270.79998779296875</ele>
      </trkpt>
      <trkpt lat="46.256039422005415" lon="15.121428743004799">
        <ele>270.79998779296875</ele>
      </trkpt>
      <trkpt lat="46.25605618581176" lon="15.121421618387103">
        <ele>270.79998779296875</ele>
      </trkpt>
      <trkpt lat="46.25607496127486" lon="15.121416421607137">
        <ele>270.79998779296875</ele>
      </trkpt>
      <trkpt lat="46.25609641894698" lon="15.121414996683598">
        <ele>271</ele>
      </trkpt>
      <trkpt lat="46.2561144400388" lon="15.121415499597788">
        <ele>271.20001220703125</ele>
      </trkpt>
      <trkpt lat="46.2561318743974" lon="15.121415331959724">
        <ele>271.20001220703125</ele>
      </trkpt>
      <trkpt lat="46.25614813528955" lon="15.121417343616486">
        <ele>271.3999938964844</ele>
      </trkpt>
      <trkpt lat="46.25616137869656" lon="15.121416840702295">
        <ele>271.3999938964844</ele>
      </trkpt>
      <trkpt lat="46.25617219135165" lon="15.121418600901961">
        <ele>271.6000061035156</ele>
      </trkpt>
      <trkpt lat="46.256178729236126" lon="15.121430587023497">
        <ele>271.6000061035156</ele>
      </trkpt>
      <trkpt lat="46.25618074089289" lon="15.121443411335349">
        <ele>271.6000061035156</ele>
      </trkpt>
      <trkpt lat="46.2561802379787" lon="15.121450116857886">
        <ele>271.79998779296875</ele>
      </trkpt>
      <trkpt lat="46.2561937328428" lon="15.121466042473912">
        <ele>272.3999938964844</ele>
      </trkpt>
      <trkpt lat="46.25621259212494" lon="15.121476268395782">
        <ele>272.3999938964844</ele>
      </trkpt>
      <trkpt lat="46.25623555853963" lon="15.121485069394112">
        <ele>272.20001220703125</ele>
      </trkpt>
      <trkpt lat="46.25626154243946" lon="15.121490936726332">
        <ele>272.20001220703125</ele>
      </trkpt>
      <trkpt lat="46.25629087910056" lon="15.121487416327">
        <ele>272.20001220703125</ele>
      </trkpt>
      <trkpt lat="46.25631560571492" lon="15.121476352214813">
        <ele>272</ele>
      </trkpt>
      <trkpt lat="46.256339997053146" lon="15.12146252207458">
        <ele>272</ele>
      </trkpt>
      <trkpt lat="46.256360448896885" lon="15.12144198641181">
        <ele>271.79998779296875</ele>
      </trkpt>
      <trkpt lat="46.25638416968286" lon="15.121415918692946">
        <ele>271.79998779296875</ele>
      </trkpt>
      <trkpt lat="46.25641199760139" lon="15.121390772983432">
        <ele>271.79998779296875</ele>
      </trkpt>
      <trkpt lat="46.25644728541374" lon="15.121374931186438">
        <ele>271.79998779296875</ele>
      </trkpt>
      <trkpt lat="46.25648567453027" lon="15.121371494606137">
        <ele>271.6000061035156</ele>
      </trkpt>
      <trkpt lat="46.25652406364679" lon="15.121372416615486">
        <ele>271.6000061035156</ele>
      </trkpt>
      <trkpt lat="46.25656438060105" lon="15.121372332796454">
        <ele>271.6000061035156</ele>
      </trkpt>
      <trkpt lat="46.25660394318402" lon="15.121374176815152">
        <ele>271.6000061035156</ele>
      </trkpt>
      <trkpt lat="46.25664417631924" lon="15.121375098824501">
        <ele>271.6000061035156</ele>
      </trkpt>
      <trkpt lat="46.25668373890221" lon="15.121374176815152">
        <ele>271.6000061035156</ele>
      </trkpt>
      <trkpt lat="46.25672330148518" lon="15.121373422443867">
        <ele>272</ele>
      </trkpt>
      <trkpt lat="46.25676588155329" lon="15.121376607567072">
        <ele>272</ele>
      </trkpt>
      <trkpt lat="46.25680787488818" lon="15.12138046324253">
        <ele>272</ele>
      </trkpt>
      <trkpt lat="46.25684978440404" lon="15.121388928964734">
        <ele>272</ele>
      </trkpt>
      <trkpt lat="46.25689295120537" lon="15.121398568153381">
        <ele>272</ele>
      </trkpt>
      <trkpt lat="46.25693402253091" lon="15.121409632265568">
        <ele>271.79998779296875</ele>
      </trkpt>
      <trkpt lat="46.256976099684834" lon="15.121419355273247">
        <ele>271.6000061035156</ele>
      </trkpt>
      <trkpt lat="46.25701725482941" lon="15.121428994461894">
        <ele>271.3999938964844</ele>
      </trkpt>
      <trkpt lat="46.257057655602694" lon="15.121440393850207">
        <ele>271.3999938964844</ele>
      </trkpt>
      <trkpt lat="46.2570986431092" lon="15.121458163484931">
        <ele>271.3999938964844</ele>
      </trkpt>
      <trkpt lat="46.25713996589184" lon="15.121475514024496">
        <ele>271.3999938964844</ele>
      </trkpt>
      <trkpt lat="46.257179947569966" lon="15.121492613106966">
        <ele>271.6000061035156</ele>
      </trkpt>
      <trkpt lat="46.257218923419714" lon="15.121509963646531">
        <ele>271.6000061035156</ele>
      </trkpt>
      <trkpt lat="46.257262006402016" lon="15.121525721624494">
        <ele>271.79998779296875</ele>
      </trkpt>
      <trkpt lat="46.25730291008949" lon="15.121539300307631">
        <ele>271.79998779296875</ele>
      </trkpt>
      <trkpt lat="46.257342640310526" lon="15.12155438773334">
        <ele>272</ele>
      </trkpt>
      <trkpt lat="46.25738153234124" lon="15.121564446017146">
        <ele>272.20001220703125</ele>
      </trkpt>
      <trkpt lat="46.25742310658097" lon="15.121574001386762">
        <ele>272.20001220703125</ele>
      </trkpt>
      <trkpt lat="46.257465686649084" lon="15.121588250622153">
        <ele>272.3999938964844</ele>
      </trkpt>
      <trkpt lat="46.257506255060434" lon="15.12160032056272">
        <ele>272.6000061035156</ele>
      </trkpt>
      <trkpt lat="46.257548751309514" lon="15.121608367189765">
        <ele>272.6000061035156</ele>
      </trkpt>
      <trkpt lat="46.257591834291816" lon="15.121618174016476">
        <ele>272.79998779296875</ele>
      </trkpt>
      <trkpt lat="46.25763659365475" lon="15.121629321947694">
        <ele>273</ele>
      </trkpt>
      <trkpt lat="46.25767950899899" lon="15.121638625860214">
        <ele>273</ele>
      </trkpt>
      <trkpt lat="46.25772108323872" lon="15.121648348867893">
        <ele>273.20001220703125</ele>
      </trkpt>
      <trkpt lat="46.257762825116515" lon="15.121661676093936">
        <ele>273.20001220703125</ele>
      </trkpt>
      <trkpt lat="46.25780548900366" lon="15.121674332767725">
        <ele>273.20001220703125</ele>
      </trkpt>
      <trkpt lat="46.25784966163337" lon="15.121685229241848">
        <ele>273</ele>
      </trkpt>
      <trkpt lat="46.25789291225374" lon="15.1216946169734">
        <ele>273</ele>
      </trkpt>
      <trkpt lat="46.25793557614088" lon="15.121706519275904">
        <ele>273</ele>
      </trkpt>
      <trkpt lat="46.257978323847055" lon="15.12171808630228">
        <ele>273.20001220703125</ele>
      </trkpt>
      <trkpt lat="46.25802249647677" lon="15.121728144586086">
        <ele>273.20001220703125</ele>
      </trkpt>
      <trkpt lat="46.258067255839705" lon="15.121743232011795">
        <ele>273.3999938964844</ele>
      </trkpt>
      <trkpt lat="46.258106315508485" lon="15.121756810694933">
        <ele>273.6000061035156</ele>
      </trkpt>
      <trkpt lat="46.2581470515579" lon="15.121769635006785">
        <ele>273.79998779296875</ele>
      </trkpt>
      <trkpt lat="46.258191810920835" lon="15.121779190376401">
        <ele>273.79998779296875</ele>
      </trkpt>
      <trkpt lat="46.25823413953185" lon="15.121784303337336">
        <ele>273.6000061035156</ele>
      </trkpt>
      <trkpt lat="46.25827462412417" lon="15.12179427780211">
        <ele>273.6000061035156</ele>
      </trkpt>
      <trkpt lat="46.2583177909255" lon="15.121805341914296">
        <ele>273.6000061035156</ele>
      </trkpt>
      <trkpt lat="46.25835659913719" lon="15.121822189539671">
        <ele>273.3999938964844</ele>
      </trkpt>
      <trkpt lat="46.25840127468109" lon="15.12183090671897">
        <ele>273.3999938964844</ele>
      </trkpt>
      <trkpt lat="46.25844326801598" lon="15.121842473745346">
        <ele>273.6000061035156</ele>
      </trkpt>
      <trkpt lat="46.2584853451699" lon="15.1218500174582">
        <ele>273.6000061035156</ele>
      </trkpt>
      <trkpt lat="46.25852784141898" lon="15.121858399361372">
        <ele>273.6000061035156</ele>
      </trkpt>
      <trkpt lat="46.25856698490679" lon="15.121868122369051">
        <ele>273.6000061035156</ele>
      </trkpt>
      <trkpt lat="46.25860529020429" lon="15.121877929195762">
        <ele>273.6000061035156</ele>
      </trkpt>
      <trkpt lat="46.258644349873066" lon="15.121887903660536">
        <ele>273.3999938964844</ele>
      </trkpt>
      <trkpt lat="46.258684918284416" lon="15.121895615011454">
        <ele>273.20001220703125</ele>
      </trkpt>
      <trkpt lat="46.25872381031513" lon="15.121903913095593">
        <ele>273.20001220703125</ele>
      </trkpt>
      <trkpt lat="46.258761528879404" lon="15.121914139017463">
        <ele>273</ele>
      </trkpt>
      <trkpt lat="46.25880033709109" lon="15.121923526749015">
        <ele>272.79998779296875</ele>
      </trkpt>
      <trkpt lat="46.25883956439793" lon="15.121933249756694">
        <ele>272.79998779296875</ele>
      </trkpt>
      <trkpt lat="46.258878288790584" lon="15.121939284726977">
        <ele>272.79998779296875</ele>
      </trkpt>
    </trkseg>
  </trk>
</gpx>
