<?xml version="1.0" encoding="UTF-8"?>
<gpx xmlns="http://www.topografix.com/GPX/1/1" xmlns:gpx_style="http://www.topografix.com/GPX/gpx_style/0/2" xmlns:gpxpx="http://www.garmin.com/xmlschemas/PowerExtension/v1" xmlns:gpxtpx="http://www.garmin.com/xmlschemas/TrackPointExtension/v1" xmlns:gpxx="http://www.garmin.com/xmlschemas/GpxExtensions/v3" xmlns:xsi="http://www.w3.org/2001/XMLSchema-instance" xsi:schemaLocation="http://www.topografix.com/GPX/1/1 http://www.topografix.com/GPX/1/1/gpx.xsd http://www.garmin.com/xmlschemas/GpxExtensions/v3 http://www.garmin.com/xmlschemas/GpxExtensionsv3.xsd http://www.garmin.com/xmlschemas/TrackPointExtension/v1 http://www.garmin.com/xmlschemas/TrackPointExtensionv1.xsd http://www.garmin.com/xmlschemas/PowerExtension/v1 http://www.garmin.com/xmlschemas/PowerExtensionv1.xsd http://www.topografix.com/GPX/gpx_style/0/2 http://www.topografix.com/GPX/gpx_style/0/2/gpx_style.xsd" version="1.1" creator="Suunto app">
  <metadata>
    <name>2026-06-06_Milje-Koper:0:oPPbvqb9k8Q</name>
    <author>
      <name>gpx.studio</name>
      <link href="https://gpx.studio">
      </link>
    </author>
  </metadata>
  <trk>
    <name>2026-06-06_Milje-Koper:0:oPPbvqb9k8Q</name>
    <trkseg>
      <trkpt lat="45.604982" lon="13.767249">
        <ele>2.64</ele>
        <time>2025-01-01T12:00:02Z</time>
      </trkpt>
      <trkpt lat="45.60485" lon="13.767281">
        <ele>3.28</ele>
        <time>2025-01-01T12:00:03Z</time>
      </trkpt>
      <trkpt lat="45.604808" lon="13.767302">
        <ele>3.29</ele>
        <time>2025-01-01T12:00:04Z</time>
      </trkpt>
      <trkpt lat="45.604773" lon="13.767332">
        <ele>3.12</ele>
        <time>2025-01-01T12:00:05Z</time>
      </trkpt>
      <trkpt lat="45.604739" lon="13.767384">
        <ele>2.82</ele>
        <time>2025-01-01T12:00:06Z</time>
      </trkpt>
      <trkpt lat="45.604719" lon="13.767368">
        <ele>2.91</ele>
        <time>2025-01-01T12:00:06Z</time>
      </trkpt>
      <trkpt lat="45.604712" lon="13.767402">
        <ele>2.75</ele>
        <time>2025-01-01T12:00:07Z</time>
      </trkpt>
      <trkpt lat="45.604712" lon="13.767402">
        <ele>3.8</ele>
        <time>2025-01-01T12:00:07Z</time>
      </trkpt>
      <trkpt lat="45.604695" lon="13.767447">
        <ele>4.0</ele>
        <time>2025-01-01T12:00:08Z</time>
      </trkpt>
      <trkpt lat="45.60469" lon="13.767477">
        <ele>4.0</ele>
        <time>2025-01-01T12:00:08Z</time>
      </trkpt>
      <trkpt lat="45.604687" lon="13.767507">
        <ele>4.0</ele>
        <time>2025-01-01T12:00:09Z</time>
      </trkpt>
      <trkpt lat="45.604687" lon="13.767537">
        <ele>4.0</ele>
        <time>2025-01-01T12:00:09Z</time>
      </trkpt>
      <trkpt lat="45.604687" lon="13.767567">
        <ele>4.0</ele>
        <time>2025-01-01T12:00:10Z</time>
      </trkpt>
      <trkpt lat="45.604687" lon="13.767597">
        <ele>4.0</ele>
        <time>2025-01-01T12:00:10Z</time>
      </trkpt>
      <trkpt lat="45.604685" lon="13.767627">
        <ele>4.0</ele>
        <time>2025-01-01T12:00:11Z</time>
      </trkpt>
      <trkpt lat="45.604682" lon="13.767655">
        <ele>4.0</ele>
        <time>2025-01-01T12:00:11Z</time>
      </trkpt>
      <trkpt lat="45.604682" lon="13.767685">
        <ele>4.0</ele>
        <time>2025-01-01T12:00:12Z</time>
      </trkpt>
      <trkpt lat="45.60468" lon="13.76772">
        <ele>4.0</ele>
        <time>2025-01-01T12:00:12Z</time>
      </trkpt>
      <trkpt lat="45.604675" lon="13.767752">
        <ele>4.0</ele>
        <time>2025-01-01T12:00:13Z</time>
      </trkpt>
      <trkpt lat="45.604672" lon="13.76779">
        <ele>4.2</ele>
        <time>2025-01-01T12:00:13Z</time>
      </trkpt>
      <trkpt lat="45.604662" lon="13.767822">
        <ele>4.2</ele>
        <time>2025-01-01T12:00:14Z</time>
      </trkpt>
      <trkpt lat="45.604657" lon="13.767857">
        <ele>4.4</ele>
        <time>2025-01-01T12:00:15Z</time>
      </trkpt>
      <trkpt lat="45.604652" lon="13.767892">
        <ele>4.4</ele>
        <time>2025-01-01T12:00:15Z</time>
      </trkpt>
      <trkpt lat="45.60465" lon="13.76793">
        <ele>4.4</ele>
        <time>2025-01-01T12:00:16Z</time>
      </trkpt>
      <trkpt lat="45.604645" lon="13.767967">
        <ele>4.4</ele>
        <time>2025-01-01T12:00:17Z</time>
      </trkpt>
      <trkpt lat="45.604642" lon="13.768002">
        <ele>4.4</ele>
        <time>2025-01-01T12:00:17Z</time>
      </trkpt>
      <trkpt lat="45.60464" lon="13.768037">
        <ele>4.4</ele>
        <time>2025-01-01T12:00:18Z</time>
      </trkpt>
      <trkpt lat="45.604637" lon="13.768072">
        <ele>4.4</ele>
        <time>2025-01-01T12:00:18Z</time>
      </trkpt>
      <trkpt lat="45.604635" lon="13.768107">
        <ele>4.4</ele>
        <time>2025-01-01T12:00:19Z</time>
      </trkpt>
      <trkpt lat="45.604632" lon="13.768137">
        <ele>4.4</ele>
        <time>2025-01-01T12:00:19Z</time>
      </trkpt>
      <trkpt lat="45.60463" lon="13.768165">
        <ele>4.4</ele>
        <time>2025-01-01T12:00:20Z</time>
      </trkpt>
      <trkpt lat="45.60463" lon="13.768187">
        <ele>4.4</ele>
        <time>2025-01-01T12:00:20Z</time>
      </trkpt>
      <trkpt lat="45.604627" lon="13.76823">
        <ele>4.4</ele>
        <time>2025-01-01T12:00:21Z</time>
      </trkpt>
      <trkpt lat="45.604625" lon="13.768252">
        <ele>4.2</ele>
        <time>2025-01-01T12:00:21Z</time>
      </trkpt>
      <trkpt lat="45.604622" lon="13.768282">
        <ele>4.4</ele>
        <time>2025-01-01T12:00:22Z</time>
      </trkpt>
      <trkpt lat="45.604602" lon="13.768342">
        <ele>4.2</ele>
        <time>2025-01-01T12:00:22Z</time>
      </trkpt>
      <trkpt lat="45.604597" lon="13.768372">
        <ele>4.4</ele>
        <time>2025-01-01T12:00:23Z</time>
      </trkpt>
      <trkpt lat="45.60459" lon="13.768402">
        <ele>4.4</ele>
        <time>2025-01-01T12:00:24Z</time>
      </trkpt>
      <trkpt lat="45.60458" lon="13.768437">
        <ele>4.4</ele>
        <time>2025-01-01T12:00:24Z</time>
      </trkpt>
      <trkpt lat="45.604572" lon="13.768475">
        <ele>4.4</ele>
        <time>2025-01-01T12:00:25Z</time>
      </trkpt>
      <trkpt lat="45.604557" lon="13.768515">
        <ele>4.2</ele>
        <time>2025-01-01T12:00:25Z</time>
      </trkpt>
      <trkpt lat="45.604547" lon="13.768557">
        <ele>4.2</ele>
        <time>2025-01-01T12:00:26Z</time>
      </trkpt>
      <trkpt lat="45.604508" lon="13.768632">
        <ele>4.2</ele>
        <time>2025-01-01T12:00:27Z</time>
      </trkpt>
      <trkpt lat="45.604487" lon="13.768665">
        <ele>4.2</ele>
        <time>2025-01-01T12:00:28Z</time>
      </trkpt>
      <trkpt lat="45.604462" lon="13.768692">
        <ele>4.4</ele>
        <time>2025-01-01T12:00:29Z</time>
      </trkpt>
      <trkpt lat="45.604432" lon="13.768715">
        <ele>4.4</ele>
        <time>2025-01-01T12:00:30Z</time>
      </trkpt>
      <trkpt lat="45.604367" lon="13.768752">
        <ele>4.4</ele>
        <time>2025-01-01T12:00:31Z</time>
      </trkpt>
      <trkpt lat="45.604337" lon="13.768767">
        <ele>4.6</ele>
        <time>2025-01-01T12:00:32Z</time>
      </trkpt>
      <trkpt lat="45.604302" lon="13.768782">
        <ele>4.6</ele>
        <time>2025-01-01T12:00:33Z</time>
      </trkpt>
      <trkpt lat="45.604267" lon="13.768797">
        <ele>4.6</ele>
        <time>2025-01-01T12:00:34Z</time>
      </trkpt>
      <trkpt lat="45.604237" lon="13.768817">
        <ele>4.6</ele>
        <time>2025-01-01T12:00:35Z</time>
      </trkpt>
      <trkpt lat="45.604202" lon="13.768837">
        <ele>4.6</ele>
        <time>2025-01-01T12:00:36Z</time>
      </trkpt>
      <trkpt lat="45.604165" lon="13.768852">
        <ele>4.6</ele>
        <time>2025-01-01T12:00:36Z</time>
      </trkpt>
      <trkpt lat="45.604132" lon="13.76887">
        <ele>4.6</ele>
        <time>2025-01-01T12:00:37Z</time>
      </trkpt>
      <trkpt lat="45.604105" lon="13.7689">
        <ele>4.6</ele>
        <time>2025-01-01T12:00:38Z</time>
      </trkpt>
      <trkpt lat="45.604077" lon="13.768927">
        <ele>4.6</ele>
        <time>2025-01-01T12:00:39Z</time>
      </trkpt>
      <trkpt lat="45.604042" lon="13.768957">
        <ele>4.6</ele>
        <time>2025-01-01T12:00:40Z</time>
      </trkpt>
      <trkpt lat="45.604002" lon="13.76899">
        <ele>4.4</ele>
        <time>2025-01-01T12:00:40Z</time>
      </trkpt>
      <trkpt lat="45.603935" lon="13.769047">
        <ele>4.4</ele>
        <time>2025-01-01T12:00:42Z</time>
      </trkpt>
      <trkpt lat="45.60388" lon="13.769085">
        <ele>4.2</ele>
        <time>2025-01-01T12:00:43Z</time>
      </trkpt>
      <trkpt lat="45.603842" lon="13.769127">
        <ele>4.2</ele>
        <time>2025-01-01T12:00:44Z</time>
      </trkpt>
      <trkpt lat="45.603815" lon="13.769177">
        <ele>4.2</ele>
        <time>2025-01-01T12:00:45Z</time>
      </trkpt>
      <trkpt lat="45.603802" lon="13.769242">
        <ele>4.0</ele>
        <time>2025-01-01T12:00:46Z</time>
      </trkpt>
      <trkpt lat="45.603815" lon="13.769365">
        <ele>3.8</ele>
        <time>2025-01-01T12:00:48Z</time>
      </trkpt>
      <trkpt lat="45.603825" lon="13.769422">
        <ele>3.8</ele>
        <time>2025-01-01T12:00:49Z</time>
      </trkpt>
      <trkpt lat="45.603827" lon="13.769482">
        <ele>3.6</ele>
        <time>2025-01-01T12:00:49Z</time>
      </trkpt>
      <trkpt lat="45.603825" lon="13.769533">
        <ele>3.6</ele>
        <time>2025-01-01T12:00:50Z</time>
      </trkpt>
      <trkpt lat="45.603842" lon="13.769602">
        <ele>3.6</ele>
        <time>2025-01-01T12:00:51Z</time>
      </trkpt>
      <trkpt lat="45.603857" lon="13.76964">
        <ele>3.6</ele>
        <time>2025-01-01T12:00:52Z</time>
      </trkpt>
      <trkpt lat="45.603867" lon="13.769672">
        <ele>3.6</ele>
        <time>2025-01-01T12:00:52Z</time>
      </trkpt>
      <trkpt lat="45.603867" lon="13.769712">
        <ele>3.8</ele>
        <time>2025-01-01T12:00:53Z</time>
      </trkpt>
      <trkpt lat="45.603847" lon="13.769742">
        <ele>4.2</ele>
        <time>2025-01-01T12:00:55Z</time>
      </trkpt>
      <trkpt lat="45.603825" lon="13.769762">
        <ele>4.4</ele>
        <time>2025-01-01T12:00:56Z</time>
      </trkpt>
      <trkpt lat="45.6038" lon="13.769772">
        <ele>4.6</ele>
        <time>2025-01-01T12:00:56Z</time>
      </trkpt>
      <trkpt lat="45.603767" lon="13.769777">
        <ele>4.6</ele>
        <time>2025-01-01T12:00:57Z</time>
      </trkpt>
      <trkpt lat="45.603737" lon="13.769782">
        <ele>4.8</ele>
        <time>2025-01-01T12:00:58Z</time>
      </trkpt>
      <trkpt lat="45.603705" lon="13.769787">
        <ele>4.8</ele>
        <time>2025-01-01T12:00:59Z</time>
      </trkpt>
      <trkpt lat="45.603672" lon="13.769792">
        <ele>4.8</ele>
        <time>2025-01-01T12:01:00Z</time>
      </trkpt>
      <trkpt lat="45.603637" lon="13.769805">
        <ele>4.8</ele>
        <time>2025-01-01T12:01:00Z</time>
      </trkpt>
      <trkpt lat="45.603607" lon="13.76981">
        <ele>4.8</ele>
        <time>2025-01-01T12:01:01Z</time>
      </trkpt>
      <trkpt lat="45.603582" lon="13.769795">
        <ele>4.8</ele>
        <time>2025-01-01T12:01:02Z</time>
      </trkpt>
      <trkpt lat="45.603557" lon="13.769767">
        <ele>5.0</ele>
        <time>2025-01-01T12:01:03Z</time>
      </trkpt>
      <trkpt lat="45.603532" lon="13.769737">
        <ele>5.0</ele>
        <time>2025-01-01T12:01:03Z</time>
      </trkpt>
      <trkpt lat="45.60351" lon="13.769707">
        <ele>5.0</ele>
        <time>2025-01-01T12:01:04Z</time>
      </trkpt>
      <trkpt lat="45.603477" lon="13.769702">
        <ele>5.0</ele>
        <time>2025-01-01T12:01:05Z</time>
      </trkpt>
      <trkpt lat="45.60345" lon="13.769722">
        <ele>5.2</ele>
        <time>2025-01-01T12:01:06Z</time>
      </trkpt>
      <trkpt lat="45.603427" lon="13.769792">
        <ele>5.2</ele>
        <time>2025-01-01T12:01:07Z</time>
      </trkpt>
      <trkpt lat="45.603432" lon="13.769837">
        <ele>5.4</ele>
        <time>2025-01-01T12:01:08Z</time>
      </trkpt>
      <trkpt lat="45.603437" lon="13.769887">
        <ele>5.4</ele>
        <time>2025-01-01T12:01:09Z</time>
      </trkpt>
      <trkpt lat="45.603437" lon="13.769942">
        <ele>5.4</ele>
        <time>2025-01-01T12:01:09Z</time>
      </trkpt>
      <trkpt lat="45.603437" lon="13.769997">
        <ele>5.4</ele>
        <time>2025-01-01T12:01:10Z</time>
      </trkpt>
      <trkpt lat="45.603437" lon="13.770052">
        <ele>5.4</ele>
        <time>2025-01-01T12:01:11Z</time>
      </trkpt>
      <trkpt lat="45.603437" lon="13.770107">
        <ele>5.4</ele>
        <time>2025-01-01T12:01:12Z</time>
      </trkpt>
      <trkpt lat="45.603442" lon="13.770162">
        <ele>5.4</ele>
        <time>2025-01-01T12:01:13Z</time>
      </trkpt>
      <trkpt lat="45.603442" lon="13.77022">
        <ele>5.4</ele>
        <time>2025-01-01T12:01:14Z</time>
      </trkpt>
      <trkpt lat="45.603442" lon="13.77028">
        <ele>5.4</ele>
        <time>2025-01-01T12:01:15Z</time>
      </trkpt>
      <trkpt lat="45.603447" lon="13.770337">
        <ele>5.4</ele>
        <time>2025-01-01T12:01:16Z</time>
      </trkpt>
      <trkpt lat="45.60345" lon="13.770397">
        <ele>5.2</ele>
        <time>2025-01-01T12:01:16Z</time>
      </trkpt>
      <trkpt lat="45.603453" lon="13.770455">
        <ele>5.2</ele>
        <time>2025-01-01T12:01:17Z</time>
      </trkpt>
      <trkpt lat="45.603462" lon="13.770512">
        <ele>5.2</ele>
        <time>2025-01-01T12:01:18Z</time>
      </trkpt>
      <trkpt lat="45.603462" lon="13.770572">
        <ele>5.2</ele>
        <time>2025-01-01T12:01:19Z</time>
      </trkpt>
      <trkpt lat="45.603462" lon="13.770632">
        <ele>5.2</ele>
        <time>2025-01-01T12:01:20Z</time>
      </trkpt>
      <trkpt lat="45.603462" lon="13.770695">
        <ele>5.2</ele>
        <time>2025-01-01T12:01:21Z</time>
      </trkpt>
      <trkpt lat="45.603465" lon="13.770757">
        <ele>5.2</ele>
        <time>2025-01-01T12:01:22Z</time>
      </trkpt>
      <trkpt lat="45.60347" lon="13.770817">
        <ele>5.2</ele>
        <time>2025-01-01T12:01:23Z</time>
      </trkpt>
      <trkpt lat="45.603475" lon="13.77088">
        <ele>5.2</ele>
        <time>2025-01-01T12:01:24Z</time>
      </trkpt>
      <trkpt lat="45.603477" lon="13.77094">
        <ele>5.2</ele>
        <time>2025-01-01T12:01:25Z</time>
      </trkpt>
      <trkpt lat="45.603477" lon="13.771">
        <ele>5.2</ele>
        <time>2025-01-01T12:01:26Z</time>
      </trkpt>
      <trkpt lat="45.60348" lon="13.771057">
        <ele>5.0</ele>
        <time>2025-01-01T12:01:26Z</time>
      </trkpt>
      <trkpt lat="45.60348" lon="13.771112">
        <ele>5.0</ele>
        <time>2025-01-01T12:01:27Z</time>
      </trkpt>
      <trkpt lat="45.603477" lon="13.771167">
        <ele>5.0</ele>
        <time>2025-01-01T12:01:28Z</time>
      </trkpt>
      <trkpt lat="45.603477" lon="13.771275">
        <ele>5.2</ele>
        <time>2025-01-01T12:01:30Z</time>
      </trkpt>
      <trkpt lat="45.60348" lon="13.77133">
        <ele>5.4</ele>
        <time>2025-01-01T12:01:31Z</time>
      </trkpt>
      <trkpt lat="45.60348" lon="13.771387">
        <ele>5.4</ele>
        <time>2025-01-01T12:01:32Z</time>
      </trkpt>
      <trkpt lat="45.603482" lon="13.771502">
        <ele>5.6</ele>
        <time>2025-01-01T12:01:34Z</time>
      </trkpt>
      <trkpt lat="45.603487" lon="13.771557">
        <ele>5.6</ele>
        <time>2025-01-01T12:01:35Z</time>
      </trkpt>
      <trkpt lat="45.60349" lon="13.771612">
        <ele>5.6</ele>
        <time>2025-01-01T12:01:36Z</time>
      </trkpt>
      <trkpt lat="45.603485" lon="13.771665">
        <ele>5.8</ele>
        <time>2025-01-01T12:01:37Z</time>
      </trkpt>
      <trkpt lat="45.603487" lon="13.771717">
        <ele>6.0</ele>
        <time>2025-01-01T12:01:38Z</time>
      </trkpt>
      <trkpt lat="45.60349" lon="13.771825">
        <ele>6.0</ele>
        <time>2025-01-01T12:01:39Z</time>
      </trkpt>
      <trkpt lat="45.603487" lon="13.771875">
        <ele>6.0</ele>
        <time>2025-01-01T12:01:40Z</time>
      </trkpt>
      <trkpt lat="45.603485" lon="13.771927">
        <ele>6.0</ele>
        <time>2025-01-01T12:01:41Z</time>
      </trkpt>
      <trkpt lat="45.603485" lon="13.771977">
        <ele>6.2</ele>
        <time>2025-01-01T12:01:42Z</time>
      </trkpt>
      <trkpt lat="45.603485" lon="13.772027">
        <ele>6.4</ele>
        <time>2025-01-01T12:01:43Z</time>
      </trkpt>
      <trkpt lat="45.603485" lon="13.772125">
        <ele>7.0</ele>
        <time>2025-01-01T12:01:46Z</time>
      </trkpt>
      <trkpt lat="45.603482" lon="13.772172">
        <ele>7.2</ele>
        <time>2025-01-01T12:01:47Z</time>
      </trkpt>
      <trkpt lat="45.603482" lon="13.772222">
        <ele>7.4</ele>
        <time>2025-01-01T12:01:48Z</time>
      </trkpt>
      <trkpt lat="45.603482" lon="13.772267">
        <ele>7.6</ele>
        <time>2025-01-01T12:01:49Z</time>
      </trkpt>
      <trkpt lat="45.603482" lon="13.772312">
        <ele>8.0</ele>
        <time>2025-01-01T12:01:50Z</time>
      </trkpt>
      <trkpt lat="45.603482" lon="13.772355">
        <ele>8.4</ele>
        <time>2025-01-01T12:01:51Z</time>
      </trkpt>
      <trkpt lat="45.603477" lon="13.772397">
        <ele>8.6</ele>
        <time>2025-01-01T12:01:52Z</time>
      </trkpt>
      <trkpt lat="45.603472" lon="13.772437">
        <ele>8.8</ele>
        <time>2025-01-01T12:01:53Z</time>
      </trkpt>
      <trkpt lat="45.603467" lon="13.772477">
        <ele>9.0</ele>
        <time>2025-01-01T12:01:54Z</time>
      </trkpt>
      <trkpt lat="45.603462" lon="13.772517">
        <ele>9.4</ele>
        <time>2025-01-01T12:01:55Z</time>
      </trkpt>
      <trkpt lat="45.603457" lon="13.772557">
        <ele>9.6</ele>
        <time>2025-01-01T12:01:56Z</time>
      </trkpt>
      <trkpt lat="45.603452" lon="13.772597">
        <ele>9.8</ele>
        <time>2025-01-01T12:01:57Z</time>
      </trkpt>
      <trkpt lat="45.603447" lon="13.772632">
        <ele>10.0</ele>
        <time>2025-01-01T12:01:58Z</time>
      </trkpt>
      <trkpt lat="45.60344" lon="13.772672">
        <ele>10.0</ele>
        <time>2025-01-01T12:01:59Z</time>
      </trkpt>
      <trkpt lat="45.603435" lon="13.77271">
        <ele>10.2</ele>
        <time>2025-01-01T12:02:00Z</time>
      </trkpt>
      <trkpt lat="45.603432" lon="13.77275">
        <ele>10.2</ele>
        <time>2025-01-01T12:02:00Z</time>
      </trkpt>
      <trkpt lat="45.603427" lon="13.772787">
        <ele>10.4</ele>
        <time>2025-01-01T12:02:01Z</time>
      </trkpt>
      <trkpt lat="45.603422" lon="13.772827">
        <ele>10.6</ele>
        <time>2025-01-01T12:02:02Z</time>
      </trkpt>
      <trkpt lat="45.603412" lon="13.772867">
        <ele>10.8</ele>
        <time>2025-01-01T12:02:03Z</time>
      </trkpt>
      <trkpt lat="45.603402" lon="13.772907">
        <ele>11.0</ele>
        <time>2025-01-01T12:02:04Z</time>
      </trkpt>
      <trkpt lat="45.603387" lon="13.77294">
        <ele>11.2</ele>
        <time>2025-01-01T12:02:05Z</time>
      </trkpt>
      <trkpt lat="45.603375" lon="13.772972">
        <ele>11.4</ele>
        <time>2025-01-01T12:02:06Z</time>
      </trkpt>
      <trkpt lat="45.60336" lon="13.773005">
        <ele>11.8</ele>
        <time>2025-01-01T12:02:07Z</time>
      </trkpt>
      <trkpt lat="45.603337" lon="13.773045">
        <ele>12.2</ele>
        <time>2025-01-01T12:02:08Z</time>
      </trkpt>
      <trkpt lat="45.603307" lon="13.773077">
        <ele>12.4</ele>
        <time>2025-01-01T12:02:09Z</time>
      </trkpt>
      <trkpt lat="45.603282" lon="13.773102">
        <ele>12.8</ele>
        <time>2025-01-01T12:02:11Z</time>
      </trkpt>
      <trkpt lat="45.603267" lon="13.77312">
        <ele>13.2</ele>
        <time>2025-01-01T12:02:12Z</time>
      </trkpt>
      <trkpt lat="45.603245" lon="13.773132">
        <ele>13.6</ele>
        <time>2025-01-01T12:02:13Z</time>
      </trkpt>
      <trkpt lat="45.603215" lon="13.773157">
        <ele>14.0</ele>
        <time>2025-01-01T12:02:15Z</time>
      </trkpt>
      <trkpt lat="45.603185" lon="13.773177">
        <ele>14.2</ele>
        <time>2025-01-01T12:02:16Z</time>
      </trkpt>
      <trkpt lat="45.603162" lon="13.773205">
        <ele>14.4</ele>
        <time>2025-01-01T12:02:17Z</time>
      </trkpt>
      <trkpt lat="45.603137" lon="13.773212">
        <ele>14.6</ele>
        <time>2025-01-01T12:02:18Z</time>
      </trkpt>
      <trkpt lat="45.603112" lon="13.773222">
        <ele>14.8</ele>
        <time>2025-01-01T12:02:18Z</time>
      </trkpt>
      <trkpt lat="45.603077" lon="13.773245">
        <ele>15.2</ele>
        <time>2025-01-01T12:02:20Z</time>
      </trkpt>
      <trkpt lat="45.603042" lon="13.77326">
        <ele>15.6</ele>
        <time>2025-01-01T12:02:21Z</time>
      </trkpt>
      <trkpt lat="45.603022" lon="13.77328">
        <ele>15.8</ele>
        <time>2025-01-01T12:02:22Z</time>
      </trkpt>
      <trkpt lat="45.603002" lon="13.773292">
        <ele>16.2</ele>
        <time>2025-01-01T12:02:24Z</time>
      </trkpt>
      <trkpt lat="45.602975" lon="13.77331">
        <ele>16.4</ele>
        <time>2025-01-01T12:02:24Z</time>
      </trkpt>
      <trkpt lat="45.602947" lon="13.773335">
        <ele>16.8</ele>
        <time>2025-01-01T12:02:26Z</time>
      </trkpt>
      <trkpt lat="45.602918" lon="13.77335">
        <ele>17.0</ele>
        <time>2025-01-01T12:02:27Z</time>
      </trkpt>
      <trkpt lat="45.602892" lon="13.773372">
        <ele>17.4</ele>
        <time>2025-01-01T12:02:28Z</time>
      </trkpt>
      <trkpt lat="45.602842" lon="13.773407">
        <ele>17.8</ele>
        <time>2025-01-01T12:02:30Z</time>
      </trkpt>
      <trkpt lat="45.602817" lon="13.773427">
        <ele>18.0</ele>
        <time>2025-01-01T12:02:31Z</time>
      </trkpt>
      <trkpt lat="45.602787" lon="13.773447">
        <ele>18.4</ele>
        <time>2025-01-01T12:02:32Z</time>
      </trkpt>
      <trkpt lat="45.602763" lon="13.773452">
        <ele>18.6</ele>
        <time>2025-01-01T12:02:33Z</time>
      </trkpt>
      <trkpt lat="45.602742" lon="13.773457">
        <ele>18.8</ele>
        <time>2025-01-01T12:02:34Z</time>
      </trkpt>
      <trkpt lat="45.602727" lon="13.773472">
        <ele>19.0</ele>
        <time>2025-01-01T12:02:35Z</time>
      </trkpt>
      <trkpt lat="45.602692" lon="13.773482">
        <ele>19.4</ele>
        <time>2025-01-01T12:02:36Z</time>
      </trkpt>
      <trkpt lat="45.602662" lon="13.773497">
        <ele>19.6</ele>
        <time>2025-01-01T12:02:37Z</time>
      </trkpt>
      <trkpt lat="45.602635" lon="13.773512">
        <ele>19.8</ele>
        <time>2025-01-01T12:02:38Z</time>
      </trkpt>
      <trkpt lat="45.602607" lon="13.773522">
        <ele>20.2</ele>
        <time>2025-01-01T12:02:39Z</time>
      </trkpt>
      <trkpt lat="45.60258" lon="13.773535">
        <ele>20.4</ele>
        <time>2025-01-01T12:02:40Z</time>
      </trkpt>
      <trkpt lat="45.602555" lon="13.773547">
        <ele>20.8</ele>
        <time>2025-01-01T12:02:42Z</time>
      </trkpt>
      <trkpt lat="45.60253" lon="13.773567">
        <ele>21.0</ele>
        <time>2025-01-01T12:02:42Z</time>
      </trkpt>
      <trkpt lat="45.602507" lon="13.77359">
        <ele>21.4</ele>
        <time>2025-01-01T12:02:44Z</time>
      </trkpt>
      <trkpt lat="45.602485" lon="13.77361">
        <ele>21.6</ele>
        <time>2025-01-01T12:02:45Z</time>
      </trkpt>
      <trkpt lat="45.602462" lon="13.773627">
        <ele>21.8</ele>
        <time>2025-01-01T12:02:45Z</time>
      </trkpt>
      <trkpt lat="45.602442" lon="13.773645">
        <ele>22.0</ele>
        <time>2025-01-01T12:02:46Z</time>
      </trkpt>
      <trkpt lat="45.602422" lon="13.773663">
        <ele>22.4</ele>
        <time>2025-01-01T12:02:48Z</time>
      </trkpt>
      <trkpt lat="45.602402" lon="13.773685">
        <ele>22.6</ele>
        <time>2025-01-01T12:02:48Z</time>
      </trkpt>
      <trkpt lat="45.602382" lon="13.773705">
        <ele>22.8</ele>
        <time>2025-01-01T12:02:49Z</time>
      </trkpt>
      <trkpt lat="45.602362" lon="13.773725">
        <ele>23.0</ele>
        <time>2025-01-01T12:02:50Z</time>
      </trkpt>
      <trkpt lat="45.602342" lon="13.773747">
        <ele>23.2</ele>
        <time>2025-01-01T12:02:51Z</time>
      </trkpt>
      <trkpt lat="45.602322" lon="13.773767">
        <ele>23.4</ele>
        <time>2025-01-01T12:02:52Z</time>
      </trkpt>
      <trkpt lat="45.602302" lon="13.773787">
        <ele>23.6</ele>
        <time>2025-01-01T12:02:53Z</time>
      </trkpt>
      <trkpt lat="45.602282" lon="13.773807">
        <ele>23.8</ele>
        <time>2025-01-01T12:02:53Z</time>
      </trkpt>
      <trkpt lat="45.602262" lon="13.773827">
        <ele>24.0</ele>
        <time>2025-01-01T12:02:54Z</time>
      </trkpt>
      <trkpt lat="45.602242" lon="13.773845">
        <ele>24.2</ele>
        <time>2025-01-01T12:02:55Z</time>
      </trkpt>
      <trkpt lat="45.602222" lon="13.773862">
        <ele>24.4</ele>
        <time>2025-01-01T12:02:56Z</time>
      </trkpt>
      <trkpt lat="45.602202" lon="13.773882">
        <ele>24.6</ele>
        <time>2025-01-01T12:02:57Z</time>
      </trkpt>
      <trkpt lat="45.602182" lon="13.773902">
        <ele>24.6</ele>
        <time>2025-01-01T12:02:57Z</time>
      </trkpt>
      <trkpt lat="45.602162" lon="13.773917">
        <ele>24.8</ele>
        <time>2025-01-01T12:02:58Z</time>
      </trkpt>
      <trkpt lat="45.602147" lon="13.773935">
        <ele>25.0</ele>
        <time>2025-01-01T12:02:59Z</time>
      </trkpt>
      <trkpt lat="45.602127" lon="13.773952">
        <ele>25.2</ele>
        <time>2025-01-01T12:03:00Z</time>
      </trkpt>
      <trkpt lat="45.60211" lon="13.773965">
        <ele>25.4</ele>
        <time>2025-01-01T12:03:00Z</time>
      </trkpt>
      <trkpt lat="45.602092" lon="13.773982">
        <ele>25.6</ele>
        <time>2025-01-01T12:03:01Z</time>
      </trkpt>
      <trkpt lat="45.602072" lon="13.774002">
        <ele>25.8</ele>
        <time>2025-01-01T12:03:02Z</time>
      </trkpt>
      <trkpt lat="45.602062" lon="13.774012">
        <ele>26.0</ele>
        <time>2025-01-01T12:03:03Z</time>
      </trkpt>
      <trkpt lat="45.60205" lon="13.774022">
        <ele>26.0</ele>
        <time>2025-01-01T12:03:03Z</time>
      </trkpt>
      <trkpt lat="45.602035" lon="13.77403">
        <ele>26.2</ele>
        <time>2025-01-01T12:03:04Z</time>
      </trkpt>
      <trkpt lat="45.602017" lon="13.774042">
        <ele>26.4</ele>
        <time>2025-01-01T12:03:04Z</time>
      </trkpt>
      <trkpt lat="45.602" lon="13.774062">
        <ele>26.4</ele>
        <time>2025-01-01T12:03:05Z</time>
      </trkpt>
      <trkpt lat="45.601957" lon="13.774092">
        <ele>26.8</ele>
        <time>2025-01-01T12:03:07Z</time>
      </trkpt>
      <trkpt lat="45.601932" lon="13.774107">
        <ele>27.0</ele>
        <time>2025-01-01T12:03:07Z</time>
      </trkpt>
      <trkpt lat="45.601912" lon="13.77412">
        <ele>27.2</ele>
        <time>2025-01-01T12:03:08Z</time>
      </trkpt>
      <trkpt lat="45.601892" lon="13.774132">
        <ele>27.6</ele>
        <time>2025-01-01T12:03:09Z</time>
      </trkpt>
      <trkpt lat="45.60187" lon="13.774147">
        <ele>27.6</ele>
        <time>2025-01-01T12:03:10Z</time>
      </trkpt>
      <trkpt lat="45.601845" lon="13.77416">
        <ele>27.8</ele>
        <time>2025-01-01T12:03:11Z</time>
      </trkpt>
      <trkpt lat="45.601822" lon="13.774172">
        <ele>27.8</ele>
        <time>2025-01-01T12:03:11Z</time>
      </trkpt>
      <trkpt lat="45.6018" lon="13.77418">
        <ele>28.0</ele>
        <time>2025-01-01T12:03:12Z</time>
      </trkpt>
      <trkpt lat="45.601778" lon="13.774187">
        <ele>28.0</ele>
        <time>2025-01-01T12:03:13Z</time>
      </trkpt>
      <trkpt lat="45.601762" lon="13.7742">
        <ele>28.0</ele>
        <time>2025-01-01T12:03:13Z</time>
      </trkpt>
      <trkpt lat="45.601737" lon="13.77421">
        <ele>28.2</ele>
        <time>2025-01-01T12:03:14Z</time>
      </trkpt>
      <trkpt lat="45.601717" lon="13.774217">
        <ele>28.2</ele>
        <time>2025-01-01T12:03:14Z</time>
      </trkpt>
      <trkpt lat="45.601697" lon="13.774227">
        <ele>28.4</ele>
        <time>2025-01-01T12:03:15Z</time>
      </trkpt>
      <trkpt lat="45.60168" lon="13.774237">
        <ele>28.4</ele>
        <time>2025-01-01T12:03:16Z</time>
      </trkpt>
      <trkpt lat="45.601657" lon="13.774242">
        <ele>28.6</ele>
        <time>2025-01-01T12:03:16Z</time>
      </trkpt>
      <trkpt lat="45.601632" lon="13.774247">
        <ele>28.6</ele>
        <time>2025-01-01T12:03:17Z</time>
      </trkpt>
      <trkpt lat="45.60161" lon="13.774252">
        <ele>28.8</ele>
        <time>2025-01-01T12:03:18Z</time>
      </trkpt>
      <trkpt lat="45.601585" lon="13.774262">
        <ele>29.0</ele>
        <time>2025-01-01T12:03:19Z</time>
      </trkpt>
      <trkpt lat="45.601553" lon="13.774267">
        <ele>29.0</ele>
        <time>2025-01-01T12:03:19Z</time>
      </trkpt>
      <trkpt lat="45.60153" lon="13.774277">
        <ele>29.2</ele>
        <time>2025-01-01T12:03:20Z</time>
      </trkpt>
      <trkpt lat="45.601507" lon="13.774282">
        <ele>29.2</ele>
        <time>2025-01-01T12:03:21Z</time>
      </trkpt>
      <trkpt lat="45.601477" lon="13.774292">
        <ele>29.4</ele>
        <time>2025-01-01T12:03:22Z</time>
      </trkpt>
      <trkpt lat="45.601447" lon="13.77431">
        <ele>29.4</ele>
        <time>2025-01-01T12:03:22Z</time>
      </trkpt>
      <trkpt lat="45.601422" lon="13.774325">
        <ele>29.6</ele>
        <time>2025-01-01T12:03:23Z</time>
      </trkpt>
      <trkpt lat="45.601392" lon="13.774342">
        <ele>29.6</ele>
        <time>2025-01-01T12:03:24Z</time>
      </trkpt>
      <trkpt lat="45.601365" lon="13.774355">
        <ele>29.6</ele>
        <time>2025-01-01T12:03:25Z</time>
      </trkpt>
      <trkpt lat="45.601335" lon="13.774367">
        <ele>29.8</ele>
        <time>2025-01-01T12:03:26Z</time>
      </trkpt>
      <trkpt lat="45.601307" lon="13.774375">
        <ele>29.8</ele>
        <time>2025-01-01T12:03:26Z</time>
      </trkpt>
      <trkpt lat="45.601282" lon="13.77439">
        <ele>30.0</ele>
        <time>2025-01-01T12:03:27Z</time>
      </trkpt>
      <trkpt lat="45.601255" lon="13.7744">
        <ele>30.0</ele>
        <time>2025-01-01T12:03:28Z</time>
      </trkpt>
      <trkpt lat="45.60123" lon="13.774412">
        <ele>30.0</ele>
        <time>2025-01-01T12:03:28Z</time>
      </trkpt>
      <trkpt lat="45.601207" lon="13.774417">
        <ele>30.0</ele>
        <time>2025-01-01T12:03:29Z</time>
      </trkpt>
      <trkpt lat="45.601187" lon="13.774417">
        <ele>30.2</ele>
        <time>2025-01-01T12:03:30Z</time>
      </trkpt>
      <trkpt lat="45.601167" lon="13.77442">
        <ele>30.4</ele>
        <time>2025-01-01T12:03:30Z</time>
      </trkpt>
      <trkpt lat="45.601122" lon="13.774427">
        <ele>30.6</ele>
        <time>2025-01-01T12:03:32Z</time>
      </trkpt>
      <trkpt lat="45.601102" lon="13.774432">
        <ele>30.6</ele>
        <time>2025-01-01T12:03:32Z</time>
      </trkpt>
      <trkpt lat="45.60108" lon="13.774432">
        <ele>30.8</ele>
        <time>2025-01-01T12:03:33Z</time>
      </trkpt>
      <trkpt lat="45.60106" lon="13.774437">
        <ele>30.8</ele>
        <time>2025-01-01T12:03:33Z</time>
      </trkpt>
      <trkpt lat="45.601042" lon="13.77444">
        <ele>31.0</ele>
        <time>2025-01-01T12:03:34Z</time>
      </trkpt>
      <trkpt lat="45.601027" lon="13.774437">
        <ele>30.8</ele>
        <time>2025-01-01T12:03:34Z</time>
      </trkpt>
      <trkpt lat="45.600987" lon="13.774437">
        <ele>31.2</ele>
        <time>2025-01-01T12:03:36Z</time>
      </trkpt>
      <trkpt lat="45.600967" lon="13.774432">
        <ele>31.4</ele>
        <time>2025-01-01T12:03:36Z</time>
      </trkpt>
      <trkpt lat="45.600947" lon="13.774442">
        <ele>31.6</ele>
        <time>2025-01-01T12:03:37Z</time>
      </trkpt>
      <trkpt lat="45.600925" lon="13.774472">
        <ele>31.8</ele>
        <time>2025-01-01T12:03:38Z</time>
      </trkpt>
      <trkpt lat="45.600907" lon="13.774497">
        <ele>31.8</ele>
        <time>2025-01-01T12:03:39Z</time>
      </trkpt>
      <trkpt lat="45.600887" lon="13.774517">
        <ele>32.0</ele>
        <time>2025-01-01T12:03:39Z</time>
      </trkpt>
      <trkpt lat="45.600872" lon="13.774535">
        <ele>32.0</ele>
        <time>2025-01-01T12:03:40Z</time>
      </trkpt>
      <trkpt lat="45.600842" lon="13.774582">
        <ele>32.0</ele>
        <time>2025-01-01T12:03:41Z</time>
      </trkpt>
      <trkpt lat="45.600827" lon="13.7746">
        <ele>32.2</ele>
        <time>2025-01-01T12:03:42Z</time>
      </trkpt>
      <trkpt lat="45.600817" lon="13.774627">
        <ele>32.4</ele>
        <time>2025-01-01T12:03:42Z</time>
      </trkpt>
      <trkpt lat="45.6008" lon="13.774662">
        <ele>32.6</ele>
        <time>2025-01-01T12:03:43Z</time>
      </trkpt>
      <trkpt lat="45.600793" lon="13.774697">
        <ele>32.8</ele>
        <time>2025-01-01T12:03:44Z</time>
      </trkpt>
      <trkpt lat="45.600787" lon="13.77474">
        <ele>32.8</ele>
        <time>2025-01-01T12:03:45Z</time>
      </trkpt>
      <trkpt lat="45.600777" lon="13.774787">
        <ele>32.8</ele>
        <time>2025-01-01T12:03:46Z</time>
      </trkpt>
      <trkpt lat="45.600762" lon="13.774838">
        <ele>33.0</ele>
        <time>2025-01-01T12:03:47Z</time>
      </trkpt>
      <trkpt lat="45.600745" lon="13.7749">
        <ele>33.0</ele>
        <time>2025-01-01T12:03:48Z</time>
      </trkpt>
      <trkpt lat="45.600717" lon="13.774965">
        <ele>32.8</ele>
        <time>2025-01-01T12:03:49Z</time>
      </trkpt>
      <trkpt lat="45.600695" lon="13.775042">
        <ele>32.6</ele>
        <time>2025-01-01T12:03:50Z</time>
      </trkpt>
      <trkpt lat="45.600672" lon="13.775115">
        <ele>32.4</ele>
        <time>2025-01-01T12:03:51Z</time>
      </trkpt>
      <trkpt lat="45.600665" lon="13.775195">
        <ele>32.2</ele>
        <time>2025-01-01T12:03:52Z</time>
      </trkpt>
      <trkpt lat="45.600652" lon="13.775282">
        <ele>32.0</ele>
        <time>2025-01-01T12:03:53Z</time>
      </trkpt>
      <trkpt lat="45.600625" lon="13.775362">
        <ele>31.6</ele>
        <time>2025-01-01T12:03:54Z</time>
      </trkpt>
      <trkpt lat="45.600607" lon="13.775443">
        <ele>31.4</ele>
        <time>2025-01-01T12:03:55Z</time>
      </trkpt>
      <trkpt lat="45.600587" lon="13.775527">
        <ele>31.0</ele>
        <time>2025-01-01T12:03:56Z</time>
      </trkpt>
      <trkpt lat="45.600567" lon="13.775615">
        <ele>30.8</ele>
        <time>2025-01-01T12:03:57Z</time>
      </trkpt>
      <trkpt lat="45.600545" lon="13.775702">
        <ele>30.8</ele>
        <time>2025-01-01T12:03:59Z</time>
      </trkpt>
      <trkpt lat="45.600522" lon="13.775795">
        <ele>30.8</ele>
        <time>2025-01-01T12:04:00Z</time>
      </trkpt>
      <trkpt lat="45.600495" lon="13.775887">
        <ele>30.6</ele>
        <time>2025-01-01T12:04:01Z</time>
      </trkpt>
      <trkpt lat="45.600462" lon="13.77598">
        <ele>30.4</ele>
        <time>2025-01-01T12:04:03Z</time>
      </trkpt>
      <trkpt lat="45.600425" lon="13.776072">
        <ele>30.2</ele>
        <time>2025-01-01T12:04:04Z</time>
      </trkpt>
      <trkpt lat="45.60038" lon="13.776162">
        <ele>30.0</ele>
        <time>2025-01-01T12:04:06Z</time>
      </trkpt>
      <trkpt lat="45.60033" lon="13.77625">
        <ele>29.6</ele>
        <time>2025-01-01T12:04:07Z</time>
      </trkpt>
      <trkpt lat="45.600272" lon="13.776332">
        <ele>29.2</ele>
        <time>2025-01-01T12:04:08Z</time>
      </trkpt>
      <trkpt lat="45.600212" lon="13.776415">
        <ele>28.6</ele>
        <time>2025-01-01T12:04:10Z</time>
      </trkpt>
      <trkpt lat="45.600092" lon="13.776572">
        <ele>27.6</ele>
        <time>2025-01-01T12:04:12Z</time>
      </trkpt>
      <trkpt lat="45.600033" lon="13.776647">
        <ele>27.2</ele>
        <time>2025-01-01T12:04:14Z</time>
      </trkpt>
      <trkpt lat="45.599977" lon="13.776722">
        <ele>26.6</ele>
        <time>2025-01-01T12:04:15Z</time>
      </trkpt>
      <trkpt lat="45.599917" lon="13.7768">
        <ele>26.2</ele>
        <time>2025-01-01T12:04:16Z</time>
      </trkpt>
      <trkpt lat="45.599857" lon="13.776877">
        <ele>25.6</ele>
        <time>2025-01-01T12:04:17Z</time>
      </trkpt>
      <trkpt lat="45.599797" lon="13.776955">
        <ele>25.2</ele>
        <time>2025-01-01T12:04:19Z</time>
      </trkpt>
      <trkpt lat="45.599677" lon="13.777117">
        <ele>24.6</ele>
        <time>2025-01-01T12:04:22Z</time>
      </trkpt>
      <trkpt lat="45.599617" lon="13.777197">
        <ele>24.2</ele>
        <time>2025-01-01T12:04:23Z</time>
      </trkpt>
      <trkpt lat="45.599557" lon="13.777282">
        <ele>23.8</ele>
        <time>2025-01-01T12:04:24Z</time>
      </trkpt>
      <trkpt lat="45.599497" lon="13.777367">
        <ele>23.4</ele>
        <time>2025-01-01T12:04:26Z</time>
      </trkpt>
      <trkpt lat="45.599442" lon="13.777462">
        <ele>23.0</ele>
        <time>2025-01-01T12:04:27Z</time>
      </trkpt>
      <trkpt lat="45.599397" lon="13.777567">
        <ele>22.8</ele>
        <time>2025-01-01T12:04:29Z</time>
      </trkpt>
      <trkpt lat="45.599355" lon="13.77768">
        <ele>22.2</ele>
        <time>2025-01-01T12:04:30Z</time>
      </trkpt>
      <trkpt lat="45.599312" lon="13.777793">
        <ele>21.8</ele>
        <time>2025-01-01T12:04:32Z</time>
      </trkpt>
      <trkpt lat="45.599277" lon="13.777912">
        <ele>21.4</ele>
        <time>2025-01-01T12:04:33Z</time>
      </trkpt>
      <trkpt lat="45.599247" lon="13.778035">
        <ele>21.0</ele>
        <time>2025-01-01T12:04:35Z</time>
      </trkpt>
      <trkpt lat="45.599227" lon="13.778167">
        <ele>20.4</ele>
        <time>2025-01-01T12:04:37Z</time>
      </trkpt>
      <trkpt lat="45.599207" lon="13.778295">
        <ele>20.0</ele>
        <time>2025-01-01T12:04:38Z</time>
      </trkpt>
      <trkpt lat="45.599187" lon="13.778425">
        <ele>19.6</ele>
        <time>2025-01-01T12:04:40Z</time>
      </trkpt>
      <trkpt lat="45.599167" lon="13.778552">
        <ele>19.4</ele>
        <time>2025-01-01T12:04:42Z</time>
      </trkpt>
      <trkpt lat="45.599152" lon="13.778677">
        <ele>19.0</ele>
        <time>2025-01-01T12:04:43Z</time>
      </trkpt>
      <trkpt lat="45.599137" lon="13.7788">
        <ele>18.6</ele>
        <time>2025-01-01T12:04:45Z</time>
      </trkpt>
      <trkpt lat="45.599122" lon="13.778917">
        <ele>18.4</ele>
        <time>2025-01-01T12:04:46Z</time>
      </trkpt>
      <trkpt lat="45.599107" lon="13.77903">
        <ele>18.2</ele>
        <time>2025-01-01T12:04:48Z</time>
      </trkpt>
      <trkpt lat="45.599097" lon="13.779135">
        <ele>17.6</ele>
        <time>2025-01-01T12:04:49Z</time>
      </trkpt>
      <trkpt lat="45.599082" lon="13.779235">
        <ele>17.2</ele>
        <time>2025-01-01T12:04:50Z</time>
      </trkpt>
      <trkpt lat="45.59907" lon="13.779332">
        <ele>16.6</ele>
        <time>2025-01-01T12:04:51Z</time>
      </trkpt>
      <trkpt lat="45.599057" lon="13.779425">
        <ele>16.2</ele>
        <time>2025-01-01T12:04:52Z</time>
      </trkpt>
      <trkpt lat="45.599045" lon="13.77952">
        <ele>16.0</ele>
        <time>2025-01-01T12:04:53Z</time>
      </trkpt>
      <trkpt lat="45.599032" lon="13.779612">
        <ele>15.8</ele>
        <time>2025-01-01T12:04:54Z</time>
      </trkpt>
      <trkpt lat="45.599022" lon="13.779707">
        <ele>15.4</ele>
        <time>2025-01-01T12:04:56Z</time>
      </trkpt>
      <trkpt lat="45.59901" lon="13.779797">
        <ele>15.0</ele>
        <time>2025-01-01T12:04:57Z</time>
      </trkpt>
      <trkpt lat="45.598997" lon="13.779885">
        <ele>14.8</ele>
        <time>2025-01-01T12:04:58Z</time>
      </trkpt>
      <trkpt lat="45.598987" lon="13.779972">
        <ele>14.4</ele>
        <time>2025-01-01T12:04:59Z</time>
      </trkpt>
      <trkpt lat="45.598975" lon="13.780057">
        <ele>14.0</ele>
        <time>2025-01-01T12:05:00Z</time>
      </trkpt>
      <trkpt lat="45.598962" lon="13.780143">
        <ele>13.6</ele>
        <time>2025-01-01T12:05:01Z</time>
      </trkpt>
      <trkpt lat="45.598947" lon="13.780232">
        <ele>13.2</ele>
        <time>2025-01-01T12:05:02Z</time>
      </trkpt>
      <trkpt lat="45.598927" lon="13.780322">
        <ele>13.2</ele>
        <time>2025-01-01T12:05:03Z</time>
      </trkpt>
      <trkpt lat="45.598902" lon="13.78041">
        <ele>13.0</ele>
        <time>2025-01-01T12:05:04Z</time>
      </trkpt>
      <trkpt lat="45.598875" lon="13.780495">
        <ele>12.6</ele>
        <time>2025-01-01T12:05:05Z</time>
      </trkpt>
      <trkpt lat="45.598842" lon="13.780575">
        <ele>12.2</ele>
        <time>2025-01-01T12:05:06Z</time>
      </trkpt>
      <trkpt lat="45.598807" lon="13.78065">
        <ele>11.8</ele>
        <time>2025-01-01T12:05:07Z</time>
      </trkpt>
      <trkpt lat="45.598772" lon="13.780725">
        <ele>11.4</ele>
        <time>2025-01-01T12:05:08Z</time>
      </trkpt>
      <trkpt lat="45.598732" lon="13.7808">
        <ele>11.0</ele>
        <time>2025-01-01T12:05:09Z</time>
      </trkpt>
      <trkpt lat="45.598692" lon="13.78087">
        <ele>10.6</ele>
        <time>2025-01-01T12:05:10Z</time>
      </trkpt>
      <trkpt lat="45.598652" lon="13.780937">
        <ele>10.2</ele>
        <time>2025-01-01T12:05:11Z</time>
      </trkpt>
      <trkpt lat="45.59861" lon="13.781007">
        <ele>9.8</ele>
        <time>2025-01-01T12:05:12Z</time>
      </trkpt>
      <trkpt lat="45.598527" lon="13.781147">
        <ele>9.0</ele>
        <time>2025-01-01T12:05:14Z</time>
      </trkpt>
      <trkpt lat="45.598487" lon="13.781217">
        <ele>8.6</ele>
        <time>2025-01-01T12:05:15Z</time>
      </trkpt>
      <trkpt lat="45.598447" lon="13.781292">
        <ele>8.4</ele>
        <time>2025-01-01T12:05:16Z</time>
      </trkpt>
      <trkpt lat="45.598407" lon="13.781362">
        <ele>8.0</ele>
        <time>2025-01-01T12:05:17Z</time>
      </trkpt>
      <trkpt lat="45.598365" lon="13.781427">
        <ele>7.8</ele>
        <time>2025-01-01T12:05:19Z</time>
      </trkpt>
      <trkpt lat="45.598322" lon="13.781495">
        <ele>7.4</ele>
        <time>2025-01-01T12:05:20Z</time>
      </trkpt>
      <trkpt lat="45.598282" lon="13.781562">
        <ele>7.4</ele>
        <time>2025-01-01T12:05:21Z</time>
      </trkpt>
      <trkpt lat="45.598245" lon="13.78163">
        <ele>7.2</ele>
        <time>2025-01-01T12:05:22Z</time>
      </trkpt>
      <trkpt lat="45.59821" lon="13.7817">
        <ele>7.0</ele>
        <time>2025-01-01T12:05:23Z</time>
      </trkpt>
      <trkpt lat="45.598175" lon="13.78177">
        <ele>6.8</ele>
        <time>2025-01-01T12:05:24Z</time>
      </trkpt>
      <trkpt lat="45.598142" lon="13.78184">
        <ele>6.8</ele>
        <time>2025-01-01T12:05:26Z</time>
      </trkpt>
      <trkpt lat="45.598115" lon="13.78191">
        <ele>6.6</ele>
        <time>2025-01-01T12:05:27Z</time>
      </trkpt>
      <trkpt lat="45.598092" lon="13.781982">
        <ele>6.6</ele>
        <time>2025-01-01T12:05:28Z</time>
      </trkpt>
      <trkpt lat="45.59807" lon="13.782052">
        <ele>6.8</ele>
        <time>2025-01-01T12:05:29Z</time>
      </trkpt>
      <trkpt lat="45.598047" lon="13.782122">
        <ele>6.8</ele>
        <time>2025-01-01T12:05:30Z</time>
      </trkpt>
      <trkpt lat="45.598027" lon="13.782192">
        <ele>7.0</ele>
        <time>2025-01-01T12:05:32Z</time>
      </trkpt>
      <trkpt lat="45.598007" lon="13.782257">
        <ele>7.0</ele>
        <time>2025-01-01T12:05:33Z</time>
      </trkpt>
      <trkpt lat="45.597987" lon="13.782322">
        <ele>7.0</ele>
        <time>2025-01-01T12:05:34Z</time>
      </trkpt>
      <trkpt lat="45.597965" lon="13.78238">
        <ele>7.2</ele>
        <time>2025-01-01T12:05:35Z</time>
      </trkpt>
      <trkpt lat="45.597942" lon="13.78244">
        <ele>7.0</ele>
        <time>2025-01-01T12:05:36Z</time>
      </trkpt>
      <trkpt lat="45.597922" lon="13.7825">
        <ele>7.0</ele>
        <time>2025-01-01T12:05:37Z</time>
      </trkpt>
      <trkpt lat="45.597907" lon="13.782557">
        <ele>7.0</ele>
        <time>2025-01-01T12:05:38Z</time>
      </trkpt>
      <trkpt lat="45.597892" lon="13.782612">
        <ele>7.0</ele>
        <time>2025-01-01T12:05:39Z</time>
      </trkpt>
      <trkpt lat="45.597862" lon="13.782715">
        <ele>7.0</ele>
        <time>2025-01-01T12:05:41Z</time>
      </trkpt>
      <trkpt lat="45.597852" lon="13.782762">
        <ele>7.0</ele>
        <time>2025-01-01T12:05:42Z</time>
      </trkpt>
      <trkpt lat="45.597838" lon="13.78281">
        <ele>7.0</ele>
        <time>2025-01-01T12:05:42Z</time>
      </trkpt>
      <trkpt lat="45.597827" lon="13.782857">
        <ele>7.0</ele>
        <time>2025-01-01T12:05:43Z</time>
      </trkpt>
      <trkpt lat="45.597812" lon="13.7829">
        <ele>7.0</ele>
        <time>2025-01-01T12:05:44Z</time>
      </trkpt>
      <trkpt lat="45.5978" lon="13.782945">
        <ele>7.2</ele>
        <time>2025-01-01T12:05:45Z</time>
      </trkpt>
      <trkpt lat="45.597787" lon="13.782987">
        <ele>7.2</ele>
        <time>2025-01-01T12:05:46Z</time>
      </trkpt>
      <trkpt lat="45.597772" lon="13.783032">
        <ele>7.2</ele>
        <time>2025-01-01T12:05:46Z</time>
      </trkpt>
      <trkpt lat="45.59776" lon="13.783075">
        <ele>7.2</ele>
        <time>2025-01-01T12:05:47Z</time>
      </trkpt>
      <trkpt lat="45.59775" lon="13.783115">
        <ele>7.2</ele>
        <time>2025-01-01T12:05:48Z</time>
      </trkpt>
      <trkpt lat="45.597737" lon="13.783152">
        <ele>7.2</ele>
        <time>2025-01-01T12:05:48Z</time>
      </trkpt>
      <trkpt lat="45.597737" lon="13.783192">
        <ele>7.2</ele>
        <time>2025-01-01T12:05:49Z</time>
      </trkpt>
      <trkpt lat="45.597727" lon="13.78323">
        <ele>7.4</ele>
        <time>2025-01-01T12:05:50Z</time>
      </trkpt>
      <trkpt lat="45.59772" lon="13.783265">
        <ele>7.4</ele>
        <time>2025-01-01T12:05:50Z</time>
      </trkpt>
      <trkpt lat="45.597717" lon="13.783302">
        <ele>7.2</ele>
        <time>2025-01-01T12:05:51Z</time>
      </trkpt>
      <trkpt lat="45.59771" lon="13.783337">
        <ele>7.2</ele>
        <time>2025-01-01T12:05:51Z</time>
      </trkpt>
      <trkpt lat="45.597707" lon="13.783365">
        <ele>7.2</ele>
        <time>2025-01-01T12:05:52Z</time>
      </trkpt>
      <trkpt lat="45.597695" lon="13.783422">
        <ele>7.2</ele>
        <time>2025-01-01T12:05:53Z</time>
      </trkpt>
      <trkpt lat="45.597687" lon="13.78346">
        <ele>7.2</ele>
        <time>2025-01-01T12:05:53Z</time>
      </trkpt>
      <trkpt lat="45.597682" lon="13.7835">
        <ele>7.4</ele>
        <time>2025-01-01T12:05:54Z</time>
      </trkpt>
      <trkpt lat="45.597672" lon="13.78354">
        <ele>7.4</ele>
        <time>2025-01-01T12:05:55Z</time>
      </trkpt>
      <trkpt lat="45.597662" lon="13.783572">
        <ele>7.4</ele>
        <time>2025-01-01T12:05:55Z</time>
      </trkpt>
      <trkpt lat="45.597652" lon="13.783615">
        <ele>7.4</ele>
        <time>2025-01-01T12:05:56Z</time>
      </trkpt>
      <trkpt lat="45.597647" lon="13.783657">
        <ele>7.4</ele>
        <time>2025-01-01T12:05:57Z</time>
      </trkpt>
      <trkpt lat="45.597647" lon="13.783695">
        <ele>7.6</ele>
        <time>2025-01-01T12:05:58Z</time>
      </trkpt>
      <trkpt lat="45.597642" lon="13.783737">
        <ele>7.6</ele>
        <time>2025-01-01T12:05:58Z</time>
      </trkpt>
      <trkpt lat="45.59764" lon="13.783782">
        <ele>7.6</ele>
        <time>2025-01-01T12:05:59Z</time>
      </trkpt>
      <trkpt lat="45.597627" lon="13.783825">
        <ele>7.8</ele>
        <time>2025-01-01T12:06:00Z</time>
      </trkpt>
      <trkpt lat="45.597625" lon="13.78387">
        <ele>7.6</ele>
        <time>2025-01-01T12:06:01Z</time>
      </trkpt>
      <trkpt lat="45.597613" lon="13.783907">
        <ele>7.6</ele>
        <time>2025-01-01T12:06:01Z</time>
      </trkpt>
      <trkpt lat="45.597602" lon="13.78396">
        <ele>7.6</ele>
        <time>2025-01-01T12:06:02Z</time>
      </trkpt>
      <trkpt lat="45.597602" lon="13.784012">
        <ele>7.6</ele>
        <time>2025-01-01T12:06:03Z</time>
      </trkpt>
      <trkpt lat="45.597595" lon="13.784052">
        <ele>7.8</ele>
        <time>2025-01-01T12:06:04Z</time>
      </trkpt>
      <trkpt lat="45.597587" lon="13.78409">
        <ele>7.8</ele>
        <time>2025-01-01T12:06:04Z</time>
      </trkpt>
      <trkpt lat="45.59759" lon="13.784125">
        <ele>7.8</ele>
        <time>2025-01-01T12:06:05Z</time>
      </trkpt>
      <trkpt lat="45.59759" lon="13.784157">
        <ele>7.8</ele>
        <time>2025-01-01T12:06:05Z</time>
      </trkpt>
      <trkpt lat="45.597587" lon="13.7842">
        <ele>7.8</ele>
        <time>2025-01-01T12:06:06Z</time>
      </trkpt>
      <trkpt lat="45.597582" lon="13.78422">
        <ele>7.6</ele>
        <time>2025-01-01T12:06:06Z</time>
      </trkpt>
      <trkpt lat="45.597582" lon="13.78422">
        <ele>7.6</ele>
        <time>2025-01-01T12:06:06Z</time>
      </trkpt>
      <trkpt lat="45.597575" lon="13.784242">
        <ele>7.4</ele>
        <time>2025-01-01T12:06:06Z</time>
      </trkpt>
      <trkpt lat="45.597572" lon="13.784277">
        <ele>7.4</ele>
        <time>2025-01-01T12:06:07Z</time>
      </trkpt>
      <trkpt lat="45.597572" lon="13.7843">
        <ele>7.4</ele>
        <time>2025-01-01T12:06:07Z</time>
      </trkpt>
      <trkpt lat="45.597572" lon="13.784327">
        <ele>7.4</ele>
        <time>2025-01-01T12:06:08Z</time>
      </trkpt>
      <trkpt lat="45.597577" lon="13.784362">
        <ele>7.6</ele>
        <time>2025-01-01T12:06:09Z</time>
      </trkpt>
      <trkpt lat="45.597577" lon="13.784403">
        <ele>7.8</ele>
        <time>2025-01-01T12:06:09Z</time>
      </trkpt>
      <trkpt lat="45.597582" lon="13.784447">
        <ele>7.8</ele>
        <time>2025-01-01T12:06:10Z</time>
      </trkpt>
      <trkpt lat="45.597595" lon="13.784477">
        <ele>8.0</ele>
        <time>2025-01-01T12:06:11Z</time>
      </trkpt>
      <trkpt lat="45.597613" lon="13.784487">
        <ele>8.2</ele>
        <time>2025-01-01T12:06:12Z</time>
      </trkpt>
      <trkpt lat="45.597637" lon="13.78449">
        <ele>8.2</ele>
        <time>2025-01-01T12:06:12Z</time>
      </trkpt>
      <trkpt lat="45.59766" lon="13.784487">
        <ele>8.2</ele>
        <time>2025-01-01T12:06:13Z</time>
      </trkpt>
      <trkpt lat="45.597682" lon="13.784477">
        <ele>8.2</ele>
        <time>2025-01-01T12:06:13Z</time>
      </trkpt>
      <trkpt lat="45.597702" lon="13.784462">
        <ele>8.2</ele>
        <time>2025-01-01T12:06:14Z</time>
      </trkpt>
      <trkpt lat="45.597722" lon="13.784457">
        <ele>8.2</ele>
        <time>2025-01-01T12:06:14Z</time>
      </trkpt>
      <trkpt lat="45.597742" lon="13.784462">
        <ele>8.2</ele>
        <time>2025-01-01T12:06:15Z</time>
      </trkpt>
      <trkpt lat="45.597757" lon="13.784487">
        <ele>8.2</ele>
        <time>2025-01-01T12:06:15Z</time>
      </trkpt>
      <trkpt lat="45.597767" lon="13.784517">
        <ele>8.2</ele>
        <time>2025-01-01T12:06:16Z</time>
      </trkpt>
      <trkpt lat="45.597775" lon="13.784552">
        <ele>8.2</ele>
        <time>2025-01-01T12:06:16Z</time>
      </trkpt>
      <trkpt lat="45.597782" lon="13.784587">
        <ele>8.4</ele>
        <time>2025-01-01T12:06:17Z</time>
      </trkpt>
      <trkpt lat="45.597812" lon="13.784657">
        <ele>8.6</ele>
        <time>2025-01-01T12:06:19Z</time>
      </trkpt>
      <trkpt lat="45.597835" lon="13.784687">
        <ele>8.6</ele>
        <time>2025-01-01T12:06:19Z</time>
      </trkpt>
      <trkpt lat="45.597857" lon="13.784722">
        <ele>8.8</ele>
        <time>2025-01-01T12:06:20Z</time>
      </trkpt>
      <trkpt lat="45.59788" lon="13.784757">
        <ele>8.8</ele>
        <time>2025-01-01T12:06:21Z</time>
      </trkpt>
      <trkpt lat="45.597902" lon="13.784797">
        <ele>8.8</ele>
        <time>2025-01-01T12:06:22Z</time>
      </trkpt>
      <trkpt lat="45.59792" lon="13.784842">
        <ele>8.8</ele>
        <time>2025-01-01T12:06:23Z</time>
      </trkpt>
      <trkpt lat="45.597935" lon="13.784892">
        <ele>9.0</ele>
        <time>2025-01-01T12:06:24Z</time>
      </trkpt>
      <trkpt lat="45.597942" lon="13.784945">
        <ele>9.0</ele>
        <time>2025-01-01T12:06:25Z</time>
      </trkpt>
      <trkpt lat="45.597945" lon="13.784997">
        <ele>9.0</ele>
        <time>2025-01-01T12:06:25Z</time>
      </trkpt>
      <trkpt lat="45.597937" lon="13.785047">
        <ele>9.0</ele>
        <time>2025-01-01T12:06:26Z</time>
      </trkpt>
      <trkpt lat="45.597927" lon="13.785095">
        <ele>9.0</ele>
        <time>2025-01-01T12:06:27Z</time>
      </trkpt>
      <trkpt lat="45.597907" lon="13.785137">
        <ele>9.0</ele>
        <time>2025-01-01T12:06:28Z</time>
      </trkpt>
      <trkpt lat="45.597892" lon="13.785177">
        <ele>9.0</ele>
        <time>2025-01-01T12:06:28Z</time>
      </trkpt>
      <trkpt lat="45.597877" lon="13.785212">
        <ele>9.0</ele>
        <time>2025-01-01T12:06:29Z</time>
      </trkpt>
      <trkpt lat="45.597867" lon="13.785232">
        <ele>9.2</ele>
        <time>2025-01-01T12:06:30Z</time>
      </trkpt>
      <trkpt lat="45.597857" lon="13.785247">
        <ele>9.2</ele>
        <time>2025-01-01T12:06:30Z</time>
      </trkpt>
      <trkpt lat="45.597842" lon="13.785262">
        <ele>9.4</ele>
        <time>2025-01-01T12:06:31Z</time>
      </trkpt>
      <trkpt lat="45.597825" lon="13.785275">
        <ele>9.6</ele>
        <time>2025-01-01T12:06:32Z</time>
      </trkpt>
      <trkpt lat="45.597812" lon="13.785297">
        <ele>9.6</ele>
        <time>2025-01-01T12:06:32Z</time>
      </trkpt>
      <trkpt lat="45.5978" lon="13.785337">
        <ele>9.6</ele>
        <time>2025-01-01T12:06:33Z</time>
      </trkpt>
      <trkpt lat="45.597792" lon="13.785387">
        <ele>9.6</ele>
        <time>2025-01-01T12:06:33Z</time>
      </trkpt>
      <trkpt lat="45.597792" lon="13.785445">
        <ele>9.6</ele>
        <time>2025-01-01T12:06:34Z</time>
      </trkpt>
      <trkpt lat="45.597792" lon="13.785445">
        <ele>2.07</ele>
        <time>2025-01-01T12:06:34Z</time>
      </trkpt>
      <trkpt lat="45.597958" lon="13.786025">
        <ele>1.56</ele>
        <time>2025-01-01T12:06:43Z</time>
      </trkpt>
      <trkpt lat="45.598065" lon="13.786417">
        <ele>2.62</ele>
        <time>2025-01-01T12:06:51Z</time>
      </trkpt>
      <trkpt lat="45.598083" lon="13.786485">
        <ele>2.93</ele>
        <time>2025-01-01T12:06:53Z</time>
      </trkpt>
      <trkpt lat="45.598039" lon="13.78651">
        <ele>2.72</ele>
        <time>2025-01-01T12:06:54Z</time>
      </trkpt>
      <trkpt lat="45.598016" lon="13.78647">
        <ele>2.45</ele>
        <time>2025-01-01T12:06:54Z</time>
      </trkpt>
      <trkpt lat="45.597942" lon="13.786417">
        <ele>2.0</ele>
        <time>2025-01-01T12:06:55Z</time>
      </trkpt>
      <trkpt lat="45.597873" lon="13.786438">
        <ele>2.0</ele>
        <time>2025-01-01T12:06:57Z</time>
      </trkpt>
      <trkpt lat="45.597773" lon="13.786579">
        <ele>2.93</ele>
        <time>2025-01-01T12:07:01Z</time>
      </trkpt>
      <trkpt lat="45.597694" lon="13.78666">
        <ele>3.22</ele>
        <time>2025-01-01T12:07:04Z</time>
      </trkpt>
      <trkpt lat="45.597694" lon="13.78666">
        <ele>3.22</ele>
        <time>2025-01-01T12:07:04Z</time>
      </trkpt>
      <trkpt lat="45.597671" lon="13.786684">
        <ele>3.31</ele>
        <time>2025-01-01T12:07:05Z</time>
      </trkpt>
      <trkpt lat="45.597629" lon="13.78669">
        <ele>3.49</ele>
        <time>2025-01-01T12:07:06Z</time>
      </trkpt>
      <trkpt lat="45.597583" lon="13.786677">
        <ele>3.74</ele>
        <time>2025-01-01T12:07:07Z</time>
      </trkpt>
      <trkpt lat="45.597373" lon="13.786427">
        <ele>2.8</ele>
        <time>2025-01-01T12:07:12Z</time>
      </trkpt>
      <trkpt lat="45.597342" lon="13.786408">
        <ele>2.39</ele>
        <time>2025-01-01T12:07:13Z</time>
      </trkpt>
      <trkpt lat="45.597342" lon="13.786408">
        <ele>2.39</ele>
        <time>2025-01-01T12:07:13Z</time>
      </trkpt>
      <trkpt lat="45.597325" lon="13.786398">
        <ele>2.17</ele>
        <time>2025-01-01T12:07:13Z</time>
      </trkpt>
      <trkpt lat="45.597306" lon="13.7864">
        <ele>2.08</ele>
        <time>2025-01-01T12:07:13Z</time>
      </trkpt>
      <trkpt lat="45.5972" lon="13.786469">
        <ele>2.22</ele>
        <time>2025-01-01T12:07:16Z</time>
      </trkpt>
      <trkpt lat="45.59706" lon="13.786578">
        <ele>2.08</ele>
        <time>2025-01-01T12:07:19Z</time>
      </trkpt>
      <trkpt lat="45.59706" lon="13.786579">
        <ele>2.07</ele>
        <time>2025-01-01T12:07:19Z</time>
      </trkpt>
      <trkpt lat="45.597" lon="13.786625">
        <ele>2.01</ele>
        <time>2025-01-01T12:07:21Z</time>
      </trkpt>
      <trkpt lat="45.596552" lon="13.787615">
        <ele>3.99</ele>
        <time>2025-01-01T12:07:41Z</time>
      </trkpt>
      <trkpt lat="45.595815" lon="13.789258">
        <ele>4.0</ele>
        <time>2025-01-01T12:08:11Z</time>
      </trkpt>
      <trkpt lat="45.59525" lon="13.790274">
        <ele>2.8</ele>
        <time>2025-01-01T12:08:30Z</time>
      </trkpt>
      <trkpt lat="45.59525" lon="13.790274">
        <ele>2.8</ele>
        <time>2025-01-01T12:08:30Z</time>
      </trkpt>
      <trkpt lat="45.594879" lon="13.790942">
        <ele>2.78</ele>
        <time>2025-01-01T12:08:43Z</time>
      </trkpt>
      <trkpt lat="45.594762" lon="13.791123">
        <ele>2.96</ele>
        <time>2025-01-01T12:08:47Z</time>
      </trkpt>
      <trkpt lat="45.594752" lon="13.791174">
        <ele>3.34</ele>
        <time>2025-01-01T12:08:48Z</time>
      </trkpt>
      <trkpt lat="45.594698" lon="13.791256">
        <ele>3.73</ele>
        <time>2025-01-01T12:08:51Z</time>
      </trkpt>
      <trkpt lat="45.594678" lon="13.791259">
        <ele>3.6</ele>
        <time>2025-01-01T12:08:51Z</time>
      </trkpt>
      <trkpt lat="45.594354" lon="13.791699">
        <ele>3.43</ele>
        <time>2025-01-01T12:09:01Z</time>
      </trkpt>
      <trkpt lat="45.594232" lon="13.79193">
        <ele>3.71</ele>
        <time>2025-01-01T12:09:05Z</time>
      </trkpt>
      <trkpt lat="45.594062" lon="13.792192">
        <ele>3.41</ele>
        <time>2025-01-01T12:09:10Z</time>
      </trkpt>
      <trkpt lat="45.593903" lon="13.79251">
        <ele>4.0</ele>
        <time>2025-01-01T12:09:17Z</time>
      </trkpt>
      <trkpt lat="45.593427" lon="13.793315">
        <ele>3.96</ele>
        <time>2025-01-01T12:09:33Z</time>
      </trkpt>
      <trkpt lat="45.593171" lon="13.793792">
        <ele>3.75</ele>
        <time>2025-01-01T12:09:42Z</time>
      </trkpt>
      <trkpt lat="45.592978" lon="13.794098">
        <ele>4.0</ele>
        <time>2025-01-01T12:09:49Z</time>
      </trkpt>
      <trkpt lat="45.592786" lon="13.794404">
        <ele>8.2</ele>
        <time>2025-01-01T12:10:03Z</time>
      </trkpt>
      <trkpt lat="45.592726" lon="13.794525">
        <ele>13.6</ele>
        <time>2025-01-01T12:10:11Z</time>
      </trkpt>
      <trkpt lat="45.592533" lon="13.794841">
        <ele>34.43</ele>
        <time>2025-01-01T12:10:33Z</time>
      </trkpt>
      <trkpt lat="45.592533" lon="13.794841">
        <ele>34.42</ele>
        <time>2025-01-01T12:10:33Z</time>
      </trkpt>
      <trkpt lat="45.592484" lon="13.794921">
        <ele>39.11</ele>
        <time>2025-01-01T12:10:39Z</time>
      </trkpt>
      <trkpt lat="45.592355" lon="13.79522">
        <ele>41.57</ele>
        <time>2025-01-01T12:10:48Z</time>
      </trkpt>
      <trkpt lat="45.592281" lon="13.795537">
        <ele>22.68</ele>
        <time>2025-01-01T12:10:50Z</time>
      </trkpt>
      <trkpt lat="45.592281" lon="13.795537">
        <ele>22.67</ele>
        <time>2025-01-01T12:10:50Z</time>
      </trkpt>
      <trkpt lat="45.592196" lon="13.795783">
        <ele>17.7</ele>
        <time>2025-01-01T12:10:52Z</time>
      </trkpt>
      <trkpt lat="45.592101" lon="13.795963">
        <ele>16.66</ele>
        <time>2025-01-01T12:10:54Z</time>
      </trkpt>
      <trkpt lat="45.592101" lon="13.795963">
        <ele>16.66</ele>
        <time>2025-01-01T12:10:54Z</time>
      </trkpt>
      <trkpt lat="45.591974" lon="13.796263">
        <ele>15.0</ele>
        <time>2025-01-01T12:10:58Z</time>
      </trkpt>
      <trkpt lat="45.591974" lon="13.796263">
        <ele>15.0</ele>
        <time>2025-01-01T12:10:58Z</time>
      </trkpt>
      <trkpt lat="45.591901" lon="13.796484">
        <ele>14.63</ele>
        <time>2025-01-01T12:11:01Z</time>
      </trkpt>
      <trkpt lat="45.591776" lon="13.796935">
        <ele>13.01</ele>
        <time>2025-01-01T12:11:07Z</time>
      </trkpt>
      <trkpt lat="45.591688" lon="13.797282">
        <ele>13.0</ele>
        <time>2025-01-01T12:11:13Z</time>
      </trkpt>
      <trkpt lat="45.591688" lon="13.797282">
        <ele>13.0</ele>
        <time>2025-01-01T12:11:13Z</time>
      </trkpt>
      <trkpt lat="45.591636" lon="13.797553">
        <ele>13.0</ele>
        <time>2025-01-01T12:11:17Z</time>
      </trkpt>
      <trkpt lat="45.591636" lon="13.797553">
        <ele>13.0</ele>
        <time>2025-01-01T12:11:17Z</time>
      </trkpt>
      <trkpt lat="45.591566" lon="13.7979">
        <ele>13.3</ele>
        <time>2025-01-01T12:11:23Z</time>
      </trkpt>
      <trkpt lat="45.591566" lon="13.7979">
        <ele>13.3</ele>
        <time>2025-01-01T12:11:23Z</time>
      </trkpt>
      <trkpt lat="45.591566" lon="13.7979">
        <ele>13.3</ele>
        <time>2025-01-01T12:11:23Z</time>
      </trkpt>
      <trkpt lat="45.591498" lon="13.798211">
        <ele>13.88</ele>
        <time>2025-01-01T12:11:29Z</time>
      </trkpt>
      <trkpt lat="45.591498" lon="13.798211">
        <ele>13.88</ele>
        <time>2025-01-01T12:11:29Z</time>
      </trkpt>
      <trkpt lat="45.591487" lon="13.798259">
        <ele>13.97</ele>
        <time>2025-01-01T12:11:30Z</time>
      </trkpt>
      <trkpt lat="45.591389" lon="13.798542">
        <ele>14.33</ele>
        <time>2025-01-01T12:11:35Z</time>
      </trkpt>
      <trkpt lat="45.591389" lon="13.798542">
        <ele>14.33</ele>
        <time>2025-01-01T12:11:35Z</time>
      </trkpt>
      <trkpt lat="45.591389" lon="13.798542">
        <ele>14.33</ele>
        <time>2025-01-01T12:11:35Z</time>
      </trkpt>
      <trkpt lat="45.591214" lon="13.799046">
        <ele>14.91</ele>
        <time>2025-01-01T12:11:44Z</time>
      </trkpt>
      <trkpt lat="45.591214" lon="13.799046">
        <ele>14.91</ele>
        <time>2025-01-01T12:11:44Z</time>
      </trkpt>
      <trkpt lat="45.591122" lon="13.79929">
        <ele>15.68</ele>
        <time>2025-01-01T12:11:50Z</time>
      </trkpt>
      <trkpt lat="45.591122" lon="13.79929">
        <ele>15.68</ele>
        <time>2025-01-01T12:11:50Z</time>
      </trkpt>
      <trkpt lat="45.590909" lon="13.798746">
        <ele>14.0</ele>
        <time>2025-01-01T12:11:57Z</time>
      </trkpt>
      <trkpt lat="45.59092" lon="13.798747">
        <ele>10.6</ele>
        <time>2025-01-01T12:11:57Z</time>
      </trkpt>
      <trkpt lat="45.590909" lon="13.798746">
        <ele>14.0</ele>
        <time>2025-01-01T12:11:58Z</time>
      </trkpt>
      <trkpt lat="45.590837" lon="13.798815">
        <ele>14.0</ele>
        <time>2025-01-01T12:12:00Z</time>
      </trkpt>
      <trkpt lat="45.590766" lon="13.798654">
        <ele>14.0</ele>
        <time>2025-01-01T12:12:03Z</time>
      </trkpt>
      <trkpt lat="45.590734" lon="13.79861">
        <ele>14.0</ele>
        <time>2025-01-01T12:12:04Z</time>
      </trkpt>
      <trkpt lat="45.590671" lon="13.798567">
        <ele>14.0</ele>
        <time>2025-01-01T12:12:06Z</time>
      </trkpt>
      <trkpt lat="45.590577" lon="13.798548">
        <ele>14.0</ele>
        <time>2025-01-01T12:12:08Z</time>
      </trkpt>
      <trkpt lat="45.590498" lon="13.79859">
        <ele>14.0</ele>
        <time>2025-01-01T12:12:09Z</time>
      </trkpt>
      <trkpt lat="45.590465" lon="13.798617">
        <ele>14.0</ele>
        <time>2025-01-01T12:12:10Z</time>
      </trkpt>
      <trkpt lat="45.590451" lon="13.798644">
        <ele>14.0</ele>
        <time>2025-01-01T12:12:11Z</time>
      </trkpt>
      <trkpt lat="45.590406" lon="13.798607">
        <ele>14.0</ele>
        <time>2025-01-01T12:12:12Z</time>
      </trkpt>
      <trkpt lat="45.590406" lon="13.798607">
        <ele>14.0</ele>
        <time>2025-01-01T12:12:12Z</time>
      </trkpt>
      <trkpt lat="45.590378" lon="13.798592">
        <ele>14.0</ele>
        <time>2025-01-01T12:12:13Z</time>
      </trkpt>
      <trkpt lat="45.590407" lon="13.798476">
        <ele>13.87</ele>
        <time>2025-01-01T12:12:14Z</time>
      </trkpt>
      <trkpt lat="45.590407" lon="13.798476">
        <ele>13.87</ele>
        <time>2025-01-01T12:12:14Z</time>
      </trkpt>
      <trkpt lat="45.590509" lon="13.797952">
        <ele>13.0</ele>
        <time>2025-01-01T12:12:22Z</time>
      </trkpt>
      <trkpt lat="45.590503" lon="13.797901">
        <ele>13.0</ele>
        <time>2025-01-01T12:12:23Z</time>
      </trkpt>
      <trkpt lat="45.590513" lon="13.797824">
        <ele>13.0</ele>
        <time>2025-01-01T12:12:24Z</time>
      </trkpt>
      <trkpt lat="45.590513" lon="13.797824">
        <ele>13.0</ele>
        <time>2025-01-01T12:12:24Z</time>
      </trkpt>
      <trkpt lat="45.590517" lon="13.7978">
        <ele>13.0</ele>
        <time>2025-01-01T12:12:24Z</time>
      </trkpt>
      <trkpt lat="45.590508" lon="13.797772">
        <ele>13.0</ele>
        <time>2025-01-01T12:12:25Z</time>
      </trkpt>
      <trkpt lat="45.590483" lon="13.797741">
        <ele>13.0</ele>
        <time>2025-01-01T12:12:25Z</time>
      </trkpt>
      <trkpt lat="45.590414" lon="13.7977">
        <ele>13.0</ele>
        <time>2025-01-01T12:12:27Z</time>
      </trkpt>
      <trkpt lat="45.590345" lon="13.797695">
        <ele>13.0</ele>
        <time>2025-01-01T12:12:29Z</time>
      </trkpt>
      <trkpt lat="45.590314" lon="13.797706">
        <ele>13.0</ele>
        <time>2025-01-01T12:12:29Z</time>
      </trkpt>
      <trkpt lat="45.590132" lon="13.797831">
        <ele>13.11</ele>
        <time>2025-01-01T12:12:34Z</time>
      </trkpt>
      <trkpt lat="45.590132" lon="13.797831">
        <ele>13.11</ele>
        <time>2025-01-01T12:12:34Z</time>
      </trkpt>
      <trkpt lat="45.589787" lon="13.79809">
        <ele>13.63</ele>
        <time>2025-01-01T12:12:43Z</time>
      </trkpt>
      <trkpt lat="45.589787" lon="13.79809">
        <ele>13.63</ele>
        <time>2025-01-01T12:12:43Z</time>
      </trkpt>
      <trkpt lat="45.589509" lon="13.798324">
        <ele>13.94</ele>
        <time>2025-01-01T12:12:50Z</time>
      </trkpt>
      <trkpt lat="45.589509" lon="13.798324">
        <ele>13.94</ele>
        <time>2025-01-01T12:12:50Z</time>
      </trkpt>
      <trkpt lat="45.589459" lon="13.798366">
        <ele>14.0</ele>
        <time>2025-01-01T12:12:52Z</time>
      </trkpt>
      <trkpt lat="45.589447" lon="13.798366">
        <ele>14.0</ele>
        <time>2025-01-01T12:12:52Z</time>
      </trkpt>
      <trkpt lat="45.589447" lon="13.798366">
        <ele>14.0</ele>
        <time>2025-01-01T12:12:52Z</time>
      </trkpt>
      <trkpt lat="45.589405" lon="13.798273">
        <ele>14.0</ele>
        <time>2025-01-01T12:12:54Z</time>
      </trkpt>
      <trkpt lat="45.589405" lon="13.798273">
        <ele>14.0</ele>
        <time>2025-01-01T12:12:54Z</time>
      </trkpt>
      <trkpt lat="45.589389" lon="13.798224">
        <ele>14.0</ele>
        <time>2025-01-01T12:12:55Z</time>
      </trkpt>
      <trkpt lat="45.589389" lon="13.798224">
        <ele>14.0</ele>
        <time>2025-01-01T12:12:55Z</time>
      </trkpt>
      <trkpt lat="45.589432" lon="13.798176">
        <ele>13.97</ele>
        <time>2025-01-01T12:12:56Z</time>
      </trkpt>
      <trkpt lat="45.589432" lon="13.798176">
        <ele>13.97</ele>
        <time>2025-01-01T12:12:56Z</time>
      </trkpt>
      <trkpt lat="45.590278" lon="13.797398">
        <ele>13.31</ele>
        <time>2025-01-01T12:13:17Z</time>
      </trkpt>
      <trkpt lat="45.590278" lon="13.797398">
        <ele>13.31</ele>
        <time>2025-01-01T12:13:17Z</time>
      </trkpt>
      <trkpt lat="45.590618" lon="13.797085">
        <ele>13.05</ele>
        <time>2025-01-01T12:13:26Z</time>
      </trkpt>
      <trkpt lat="45.590618" lon="13.797085">
        <ele>13.05</ele>
        <time>2025-01-01T12:13:26Z</time>
      </trkpt>
      <trkpt lat="45.590677" lon="13.79703">
        <ele>13.0</ele>
        <time>2025-01-01T12:13:27Z</time>
      </trkpt>
      <trkpt lat="45.590678" lon="13.796878">
        <ele>13.45</ele>
        <time>2025-01-01T12:13:30Z</time>
      </trkpt>
      <trkpt lat="45.590678" lon="13.796878">
        <ele>13.45</ele>
        <time>2025-01-01T12:13:30Z</time>
      </trkpt>
      <trkpt lat="45.590679" lon="13.796698">
        <ele>13.99</ele>
        <time>2025-01-01T12:13:34Z</time>
      </trkpt>
      <trkpt lat="45.590679" lon="13.796698">
        <ele>13.99</ele>
        <time>2025-01-01T12:13:34Z</time>
      </trkpt>
      <trkpt lat="45.59068" lon="13.796484">
        <ele>14.63</ele>
        <time>2025-01-01T12:13:38Z</time>
      </trkpt>
      <trkpt lat="45.590656" lon="13.796072">
        <ele>16.02</ele>
        <time>2025-01-01T12:13:46Z</time>
      </trkpt>
      <trkpt lat="45.590656" lon="13.796072">
        <ele>16.02</ele>
        <time>2025-01-01T12:13:46Z</time>
      </trkpt>
      <trkpt lat="45.590656" lon="13.796072">
        <ele>16.02</ele>
        <time>2025-01-01T12:13:46Z</time>
      </trkpt>
      <trkpt lat="45.590656" lon="13.795926">
        <ele>16.87</ele>
        <time>2025-01-01T12:13:49Z</time>
      </trkpt>
      <trkpt lat="45.590656" lon="13.795925">
        <ele>16.88</ele>
        <time>2025-01-01T12:13:49Z</time>
      </trkpt>
      <trkpt lat="45.590612" lon="13.795936">
        <ele>16.82</ele>
        <time>2025-01-01T12:13:50Z</time>
      </trkpt>
      <trkpt lat="45.590612" lon="13.795935">
        <ele>9.6</ele>
        <time>2025-01-01T12:13:50Z</time>
      </trkpt>
      <trkpt lat="45.590612" lon="13.795936">
        <ele>16.82</ele>
        <time>2025-01-01T12:13:50Z</time>
      </trkpt>
      <trkpt lat="45.59057" lon="13.795946">
        <ele>16.76</ele>
        <time>2025-01-01T12:13:51Z</time>
      </trkpt>
      <trkpt lat="45.590545" lon="13.795969">
        <ele>16.62</ele>
        <time>2025-01-01T12:13:52Z</time>
      </trkpt>
      <trkpt lat="45.59027" lon="13.79622">
        <ele>15.17</ele>
        <time>2025-01-01T12:13:57Z</time>
      </trkpt>
      <trkpt lat="45.590162" lon="13.796281">
        <ele>15.1</ele>
        <time>2025-01-01T12:14:00Z</time>
      </trkpt>
      <trkpt lat="45.590162" lon="13.796281">
        <ele>15.1</ele>
        <time>2025-01-01T12:14:00Z</time>
      </trkpt>
      <trkpt lat="45.589994" lon="13.796373">
        <ele>14.92</ele>
        <time>2025-01-01T12:14:04Z</time>
      </trkpt>
      <trkpt lat="45.589994" lon="13.796373">
        <ele>14.92</ele>
        <time>2025-01-01T12:14:04Z</time>
      </trkpt>
      <trkpt lat="45.589785" lon="13.796455">
        <ele>14.0</ele>
        <time>2025-01-01T12:14:07Z</time>
      </trkpt>
      <trkpt lat="45.589495" lon="13.79648">
        <ele>14.0</ele>
        <time>2025-01-01T12:14:14Z</time>
      </trkpt>
      <trkpt lat="45.589217" lon="13.796521">
        <ele>14.0</ele>
        <time>2025-01-01T12:14:20Z</time>
      </trkpt>
      <trkpt lat="45.589008" lon="13.796589">
        <ele>14.0</ele>
        <time>2025-01-01T12:14:25Z</time>
      </trkpt>
      <trkpt lat="45.588798" lon="13.796622">
        <ele>13.83</ele>
        <time>2025-01-01T12:14:29Z</time>
      </trkpt>
      <trkpt lat="45.588422" lon="13.796554">
        <ele>14.0</ele>
        <time>2025-01-01T12:14:38Z</time>
      </trkpt>
      <trkpt lat="45.588196" lon="13.79658">
        <ele>14.0</ele>
        <time>2025-01-01T12:14:43Z</time>
      </trkpt>
      <trkpt lat="45.587688" lon="13.796608">
        <ele>13.81</ele>
        <time>2025-01-01T12:14:53Z</time>
      </trkpt>
      <trkpt lat="45.587688" lon="13.796608">
        <ele>13.81</ele>
        <time>2025-01-01T12:14:53Z</time>
      </trkpt>
      <trkpt lat="45.587216" lon="13.796594">
        <ele>13.0</ele>
        <time>2025-01-01T12:15:03Z</time>
      </trkpt>
      <trkpt lat="45.587216" lon="13.796594">
        <ele>13.0</ele>
        <time>2025-01-01T12:15:03Z</time>
      </trkpt>
      <trkpt lat="45.586931" lon="13.796602">
        <ele>13.0</ele>
        <time>2025-01-01T12:15:09Z</time>
      </trkpt>
      <trkpt lat="45.586931" lon="13.796602">
        <ele>13.0</ele>
        <time>2025-01-01T12:15:09Z</time>
      </trkpt>
      <trkpt lat="45.586894" lon="13.796606">
        <ele>13.0</ele>
        <time>2025-01-01T12:15:10Z</time>
      </trkpt>
      <trkpt lat="45.586894" lon="13.796606">
        <ele>13.0</ele>
        <time>2025-01-01T12:15:10Z</time>
      </trkpt>
      <trkpt lat="45.58684" lon="13.79631">
        <ele>14.64</ele>
        <time>2025-01-01T12:15:17Z</time>
      </trkpt>
      <trkpt lat="45.586828" lon="13.796213">
        <ele>15.2</ele>
        <time>2025-01-01T12:15:19Z</time>
      </trkpt>
      <trkpt lat="45.586828" lon="13.796213">
        <ele>15.21</ele>
        <time>2025-01-01T12:15:19Z</time>
      </trkpt>
      <trkpt lat="45.5868" lon="13.796025">
        <ele>16.71</ele>
        <time>2025-01-01T12:15:25Z</time>
      </trkpt>
      <trkpt lat="45.5868" lon="13.796025">
        <ele>16.7</ele>
        <time>2025-01-01T12:15:25Z</time>
      </trkpt>
      <trkpt lat="45.586783" lon="13.79593">
        <ele>17.7</ele>
        <time>2025-01-01T12:15:28Z</time>
      </trkpt>
      <trkpt lat="45.58677" lon="13.795633">
        <ele>19.58</ele>
        <time>2025-01-01T12:15:36Z</time>
      </trkpt>
      <trkpt lat="45.586768" lon="13.795506">
        <ele>22.0</ele>
        <time>2025-01-01T12:15:42Z</time>
      </trkpt>
      <trkpt lat="45.586768" lon="13.795506">
        <ele>21.99</ele>
        <time>2025-01-01T12:15:42Z</time>
      </trkpt>
      <trkpt lat="45.586768" lon="13.795464">
        <ele>22.81</ele>
        <time>2025-01-01T12:15:45Z</time>
      </trkpt>
      <trkpt lat="45.586787" lon="13.795371">
        <ele>25.17</ele>
        <time>2025-01-01T12:15:50Z</time>
      </trkpt>
      <trkpt lat="45.586787" lon="13.795371">
        <ele>25.18</ele>
        <time>2025-01-01T12:15:50Z</time>
      </trkpt>
      <trkpt lat="45.586791" lon="13.795353">
        <ele>25.63</ele>
        <time>2025-01-01T12:15:51Z</time>
      </trkpt>
      <trkpt lat="45.586853" lon="13.795311">
        <ele>26.61</ele>
        <time>2025-01-01T12:15:54Z</time>
      </trkpt>
      <trkpt lat="45.586853" lon="13.795309">
        <ele>26.66</ele>
        <time>2025-01-01T12:15:54Z</time>
      </trkpt>
      <trkpt lat="45.586853" lon="13.795309">
        <ele>26.67</ele>
        <time>2025-01-01T12:15:54Z</time>
      </trkpt>
      <trkpt lat="45.586872" lon="13.795254">
        <ele>27.94</ele>
        <time>2025-01-01T12:15:58Z</time>
      </trkpt>
      <trkpt lat="45.58688" lon="13.795162">
        <ele>28.8</ele>
        <time>2025-01-01T12:16:01Z</time>
      </trkpt>
      <trkpt lat="45.58688" lon="13.795162">
        <ele>28.79</ele>
        <time>2025-01-01T12:16:01Z</time>
      </trkpt>
      <trkpt lat="45.586904" lon="13.794913">
        <ele>31.13</ele>
        <time>2025-01-01T12:16:08Z</time>
      </trkpt>
      <trkpt lat="45.586904" lon="13.794913">
        <ele>31.13</ele>
        <time>2025-01-01T12:16:08Z</time>
      </trkpt>
      <trkpt lat="45.586913" lon="13.794817">
        <ele>32.03</ele>
        <time>2025-01-01T12:16:11Z</time>
      </trkpt>
      <trkpt lat="45.586908" lon="13.794758">
        <ele>33.01</ele>
        <time>2025-01-01T12:16:15Z</time>
      </trkpt>
      <trkpt lat="45.586908" lon="13.794758">
        <ele>33.01</ele>
        <time>2025-01-01T12:16:15Z</time>
      </trkpt>
      <trkpt lat="45.58689" lon="13.794724">
        <ele>33.58</ele>
        <time>2025-01-01T12:16:17Z</time>
      </trkpt>
      <trkpt lat="45.58689" lon="13.794724">
        <ele>33.58</ele>
        <time>2025-01-01T12:16:17Z</time>
      </trkpt>
      <trkpt lat="45.586881" lon="13.794709">
        <ele>33.85</ele>
        <time>2025-01-01T12:16:17Z</time>
      </trkpt>
      <trkpt lat="45.586881" lon="13.794709">
        <ele>33.85</ele>
        <time>2025-01-01T12:16:17Z</time>
      </trkpt>
      <trkpt lat="45.586791" lon="13.794739">
        <ele>33.32</ele>
        <time>2025-01-01T12:16:19Z</time>
      </trkpt>
      <trkpt lat="45.586489" lon="13.794769">
        <ele>32.2</ele>
        <time>2025-01-01T12:16:24Z</time>
      </trkpt>
      <trkpt lat="45.586059" lon="13.794861">
        <ele>30.13</ele>
        <time>2025-01-01T12:16:32Z</time>
      </trkpt>
      <trkpt lat="45.585574" lon="13.794943">
        <ele>28.58</ele>
        <time>2025-01-01T12:16:41Z</time>
      </trkpt>
      <trkpt lat="45.585108" lon="13.794987">
        <ele>28.0</ele>
        <time>2025-01-01T12:16:50Z</time>
      </trkpt>
      <trkpt lat="45.584988" lon="13.79501">
        <ele>28.42</ele>
        <time>2025-01-01T12:16:53Z</time>
      </trkpt>
      <trkpt lat="45.584988" lon="13.79501">
        <ele>28.42</ele>
        <time>2025-01-01T12:16:53Z</time>
      </trkpt>
      <trkpt lat="45.584583" lon="13.795086">
        <ele>29.84</ele>
        <time>2025-01-01T12:17:04Z</time>
      </trkpt>
      <trkpt lat="45.584246" lon="13.795124">
        <ele>32.31</ele>
        <time>2025-01-01T12:17:15Z</time>
      </trkpt>
      <trkpt lat="45.583996" lon="13.795153">
        <ele>34.15</ele>
        <time>2025-01-01T12:17:23Z</time>
      </trkpt>
      <trkpt lat="45.583781" lon="13.795077">
        <ele>35.67</ele>
        <time>2025-01-01T12:17:30Z</time>
      </trkpt>
      <trkpt lat="45.58378" lon="13.795077">
        <ele>35.67</ele>
        <time>2025-01-01T12:17:30Z</time>
      </trkpt>
      <trkpt lat="45.58378" lon="13.795077">
        <ele>35.67</ele>
        <time>2025-01-01T12:17:30Z</time>
      </trkpt>
      <trkpt lat="45.583781" lon="13.795077">
        <ele>35.67</ele>
        <time>2025-01-01T12:17:31Z</time>
      </trkpt>
      <trkpt lat="45.583585" lon="13.795008">
        <ele>37.06</ele>
        <time>2025-01-01T12:17:37Z</time>
      </trkpt>
      <trkpt lat="45.582983" lon="13.794655">
        <ele>39.56</ele>
        <time>2025-01-01T12:17:54Z</time>
      </trkpt>
      <trkpt lat="45.582797" lon="13.794531">
        <ele>40.79</ele>
        <time>2025-01-01T12:18:01Z</time>
      </trkpt>
      <trkpt lat="45.582797" lon="13.794531">
        <ele>40.79</ele>
        <time>2025-01-01T12:18:01Z</time>
      </trkpt>
      <trkpt lat="45.582569" lon="13.794379">
        <ele>40.03</ele>
        <time>2025-01-01T12:18:05Z</time>
      </trkpt>
      <trkpt lat="45.582366" lon="13.794261">
        <ele>40.77</ele>
        <time>2025-01-01T12:18:11Z</time>
      </trkpt>
      <trkpt lat="45.582163" lon="13.794142">
        <ele>38.61</ele>
        <time>2025-01-01T12:18:14Z</time>
      </trkpt>
      <trkpt lat="45.581974" lon="13.794062">
        <ele>37.9</ele>
        <time>2025-01-01T12:18:18Z</time>
      </trkpt>
      <trkpt lat="45.581806" lon="13.794048">
        <ele>38.86</ele>
        <time>2025-01-01T12:18:23Z</time>
      </trkpt>
      <trkpt lat="45.581636" lon="13.794112">
        <ele>40.04</ele>
        <time>2025-01-01T12:18:28Z</time>
      </trkpt>
      <trkpt lat="45.581533" lon="13.794194">
        <ele>42.27</ele>
        <time>2025-01-01T12:18:35Z</time>
      </trkpt>
      <trkpt lat="45.581533" lon="13.794194">
        <ele>42.28</ele>
        <time>2025-01-01T12:18:35Z</time>
      </trkpt>
      <trkpt lat="45.581273" lon="13.794465">
        <ele>47.0</ele>
        <time>2025-01-01T12:18:51Z</time>
      </trkpt>
      <trkpt lat="45.581066" lon="13.794735">
        <ele>46.31</ele>
        <time>2025-01-01T12:18:56Z</time>
      </trkpt>
      <trkpt lat="45.580929" lon="13.794871">
        <ele>45.86</ele>
        <time>2025-01-01T12:18:59Z</time>
      </trkpt>
      <trkpt lat="45.580818" lon="13.794956">
        <ele>45.06</ele>
        <time>2025-01-01T12:19:01Z</time>
      </trkpt>
      <trkpt lat="45.580711" lon="13.795022">
        <ele>43.15</ele>
        <time>2025-01-01T12:19:02Z</time>
      </trkpt>
      <trkpt lat="45.580559" lon="13.795077">
        <ele>41.88</ele>
        <time>2025-01-01T12:19:05Z</time>
      </trkpt>
      <trkpt lat="45.580372" lon="13.795128">
        <ele>42.76</ele>
        <time>2025-01-01T12:19:10Z</time>
      </trkpt>
      <trkpt lat="45.580191" lon="13.795131">
        <ele>43.87</ele>
        <time>2025-01-01T12:19:16Z</time>
      </trkpt>
      <trkpt lat="45.579949" lon="13.795076">
        <ele>44.83</ele>
        <time>2025-01-01T12:19:22Z</time>
      </trkpt>
      <trkpt lat="45.57977" lon="13.794992">
        <ele>45.32</ele>
        <time>2025-01-01T12:19:27Z</time>
      </trkpt>
      <trkpt lat="45.57932" lon="13.794782">
        <ele>46.54</ele>
        <time>2025-01-01T12:19:39Z</time>
      </trkpt>
      <trkpt lat="45.579145" lon="13.794661">
        <ele>48.01</ele>
        <time>2025-01-01T12:19:45Z</time>
      </trkpt>
      <trkpt lat="45.578325" lon="13.794214">
        <ele>48.41</ele>
        <time>2025-01-01T12:20:05Z</time>
      </trkpt>
      <trkpt lat="45.578209" lon="13.794168">
        <ele>47.98</ele>
        <time>2025-01-01T12:20:07Z</time>
      </trkpt>
      <trkpt lat="45.578209" lon="13.794168">
        <ele>47.98</ele>
        <time>2025-01-01T12:20:07Z</time>
      </trkpt>
      <trkpt lat="45.577948" lon="13.794145">
        <ele>53.26</ele>
        <time>2025-01-01T12:20:24Z</time>
      </trkpt>
      <trkpt lat="45.577684" lon="13.794142">
        <ele>54.97</ele>
        <time>2025-01-01T12:20:32Z</time>
      </trkpt>
      <trkpt lat="45.576891" lon="13.794133">
        <ele>54.59</ele>
        <time>2025-01-01T12:20:49Z</time>
      </trkpt>
      <trkpt lat="45.576404" lon="13.794128">
        <ele>56.59</ele>
        <time>2025-01-01T12:21:03Z</time>
      </trkpt>
      <trkpt lat="45.576003" lon="13.794143">
        <ele>58.72</ele>
        <time>2025-01-01T12:21:14Z</time>
      </trkpt>
      <trkpt lat="45.575752" lon="13.794126">
        <ele>58.81</ele>
        <time>2025-01-01T12:21:20Z</time>
      </trkpt>
      <trkpt lat="45.575609" lon="13.794092">
        <ele>59.07</ele>
        <time>2025-01-01T12:21:24Z</time>
      </trkpt>
      <trkpt lat="45.575599" lon="13.794083">
        <ele>59.17</ele>
        <time>2025-01-01T12:21:24Z</time>
      </trkpt>
      <trkpt lat="45.575581" lon="13.794066">
        <ele>59.34</ele>
        <time>2025-01-01T12:21:25Z</time>
      </trkpt>
      <trkpt lat="45.57476" lon="13.793722">
        <ele>58.26</ele>
        <time>2025-01-01T12:21:42Z</time>
      </trkpt>
      <trkpt lat="45.574281" lon="13.793453">
        <ele>64.37</ele>
        <time>2025-01-01T12:22:04Z</time>
      </trkpt>
      <trkpt lat="45.574059" lon="13.793276">
        <ele>65.72</ele>
        <time>2025-01-01T12:22:11Z</time>
      </trkpt>
      <trkpt lat="45.573821" lon="13.793015">
        <ele>66.86</ele>
        <time>2025-01-01T12:22:19Z</time>
      </trkpt>
      <trkpt lat="45.573821" lon="13.793016">
        <ele>66.86</ele>
        <time>2025-01-01T12:22:19Z</time>
      </trkpt>
      <trkpt lat="45.573715" lon="13.792874">
        <ele>66.77</ele>
        <time>2025-01-01T12:22:22Z</time>
      </trkpt>
      <trkpt lat="45.573642" lon="13.792761">
        <ele>67.44</ele>
        <time>2025-01-01T12:22:26Z</time>
      </trkpt>
      <trkpt lat="45.573072" lon="13.791714">
        <ele>72.97</ele>
        <time>2025-01-01T12:22:54Z</time>
      </trkpt>
      <trkpt lat="45.572748" lon="13.791084">
        <ele>74.59</ele>
        <time>2025-01-01T12:23:08Z</time>
      </trkpt>
      <trkpt lat="45.572748" lon="13.791084">
        <ele>74.59</ele>
        <time>2025-01-01T12:23:08Z</time>
      </trkpt>
      <trkpt lat="45.572612" lon="13.790766">
        <ele>75.91</ele>
        <time>2025-01-01T12:23:15Z</time>
      </trkpt>
      <trkpt lat="45.572612" lon="13.790766">
        <ele>75.91</ele>
        <time>2025-01-01T12:23:15Z</time>
      </trkpt>
      <trkpt lat="45.572611" lon="13.790766">
        <ele>75.9</ele>
        <time>2025-01-01T12:23:15Z</time>
      </trkpt>
      <trkpt lat="45.572611" lon="13.790766">
        <ele>75.91</ele>
        <time>2025-01-01T12:23:15Z</time>
      </trkpt>
      <trkpt lat="45.572612" lon="13.790766">
        <ele>75.91</ele>
        <time>2025-01-01T12:23:15Z</time>
      </trkpt>
      <trkpt lat="45.572612" lon="13.790766">
        <ele>75.91</ele>
        <time>2025-01-01T12:23:15Z</time>
      </trkpt>
      <trkpt lat="45.572498" lon="13.790778">
        <ele>75.04</ele>
        <time>2025-01-01T12:23:17Z</time>
      </trkpt>
      <trkpt lat="45.572414" lon="13.79076">
        <ele>74.49</ele>
        <time>2025-01-01T12:23:18Z</time>
      </trkpt>
      <trkpt lat="45.57232" lon="13.790627">
        <ele>74.6</ele>
        <time>2025-01-01T12:23:21Z</time>
      </trkpt>
      <trkpt lat="45.572292" lon="13.790613">
        <ele>74.46</ele>
        <time>2025-01-01T12:23:22Z</time>
      </trkpt>
      <trkpt lat="45.572292" lon="13.790613">
        <ele>74.46</ele>
        <time>2025-01-01T12:23:22Z</time>
      </trkpt>
      <trkpt lat="45.57224" lon="13.790587">
        <ele>74.2</ele>
        <time>2025-01-01T12:23:23Z</time>
      </trkpt>
      <trkpt lat="45.572166" lon="13.790598">
        <ele>74.68</ele>
        <time>2025-01-01T12:23:25Z</time>
      </trkpt>
      <trkpt lat="45.572155" lon="13.790622">
        <ele>74.61</ele>
        <time>2025-01-01T12:23:25Z</time>
      </trkpt>
      <trkpt lat="45.572155" lon="13.790622">
        <ele>74.61</ele>
        <time>2025-01-01T12:23:25Z</time>
      </trkpt>
      <trkpt lat="45.572114" lon="13.790705">
        <ele>74.38</ele>
        <time>2025-01-01T12:23:27Z</time>
      </trkpt>
      <trkpt lat="45.572077" lon="13.79081">
        <ele>73.9</ele>
        <time>2025-01-01T12:23:28Z</time>
      </trkpt>
      <trkpt lat="45.572068" lon="13.790889">
        <ele>73.58</ele>
        <time>2025-01-01T12:23:29Z</time>
      </trkpt>
      <trkpt lat="45.572068" lon="13.790889">
        <ele>73.58</ele>
        <time>2025-01-01T12:23:29Z</time>
      </trkpt>
      <trkpt lat="45.572066" lon="13.790914">
        <ele>73.48</ele>
        <time>2025-01-01T12:23:29Z</time>
      </trkpt>
      <trkpt lat="45.572153" lon="13.791104">
        <ele>71.91</ele>
        <time>2025-01-01T12:23:31Z</time>
      </trkpt>
      <trkpt lat="45.572257" lon="13.791516">
        <ele>68.63</ele>
        <time>2025-01-01T12:23:35Z</time>
      </trkpt>
      <trkpt lat="45.572257" lon="13.791516">
        <ele>68.63</ele>
        <time>2025-01-01T12:23:35Z</time>
      </trkpt>
      <trkpt lat="45.572281" lon="13.79161">
        <ele>67.88</ele>
        <time>2025-01-01T12:23:36Z</time>
      </trkpt>
      <trkpt lat="45.57273" lon="13.792306">
        <ele>63.49</ele>
        <time>2025-01-01T12:23:46Z</time>
      </trkpt>
      <trkpt lat="45.57273" lon="13.792306">
        <ele>63.49</ele>
        <time>2025-01-01T12:23:46Z</time>
      </trkpt>
      <trkpt lat="45.572818" lon="13.792445">
        <ele>62.72</ele>
        <time>2025-01-01T12:23:48Z</time>
      </trkpt>
      <trkpt lat="45.57285" lon="13.792558">
        <ele>62.61</ele>
        <time>2025-01-01T12:23:50Z</time>
      </trkpt>
      <trkpt lat="45.572846" lon="13.79257">
        <ele>62.68</ele>
        <time>2025-01-01T12:23:50Z</time>
      </trkpt>
      <trkpt lat="45.572846" lon="13.79257">
        <ele>62.67</ele>
        <time>2025-01-01T12:23:50Z</time>
      </trkpt>
      <trkpt lat="45.572822" lon="13.792642">
        <ele>63.06</ele>
        <time>2025-01-01T12:23:52Z</time>
      </trkpt>
      <trkpt lat="45.572763" lon="13.792732">
        <ele>63.87</ele>
        <time>2025-01-01T12:23:55Z</time>
      </trkpt>
      <trkpt lat="45.572662" lon="13.79284">
        <ele>63.96</ele>
        <time>2025-01-01T12:23:58Z</time>
      </trkpt>
      <trkpt lat="45.572577" lon="13.792968">
        <ele>64.85</ele>
        <time>2025-01-01T12:24:02Z</time>
      </trkpt>
      <trkpt lat="45.572515" lon="13.793113">
        <ele>64.76</ele>
        <time>2025-01-01T12:24:05Z</time>
      </trkpt>
      <trkpt lat="45.572455" lon="13.793325">
        <ele>66.0</ele>
        <time>2025-01-01T12:24:10Z</time>
      </trkpt>
      <trkpt lat="45.572385" lon="13.793528">
        <ele>65.34</ele>
        <time>2025-01-01T12:24:13Z</time>
      </trkpt>
      <trkpt lat="45.572289" lon="13.793747">
        <ele>66.04</ele>
        <time>2025-01-01T12:24:18Z</time>
      </trkpt>
      <trkpt lat="45.572289" lon="13.793747">
        <ele>66.04</ele>
        <time>2025-01-01T12:24:18Z</time>
      </trkpt>
      <trkpt lat="45.572157" lon="13.794009">
        <ele>68.46</ele>
        <time>2025-01-01T12:24:27Z</time>
      </trkpt>
      <trkpt lat="45.572082" lon="13.794128">
        <ele>69.2</ele>
        <time>2025-01-01T12:24:30Z</time>
      </trkpt>
      <trkpt lat="45.57206" lon="13.794152">
        <ele>69.54</ele>
        <time>2025-01-01T12:24:31Z</time>
      </trkpt>
      <trkpt lat="45.572065" lon="13.794162">
        <ele>75.8</ele>
        <time>2025-01-01T12:24:32Z</time>
      </trkpt>
      <trkpt lat="45.572037" lon="13.794197">
        <ele>75.8</ele>
        <time>2025-01-01T12:24:33Z</time>
      </trkpt>
      <trkpt lat="45.572012" lon="13.794227">
        <ele>76.0</ele>
        <time>2025-01-01T12:24:34Z</time>
      </trkpt>
      <trkpt lat="45.571985" lon="13.794257">
        <ele>76.0</ele>
        <time>2025-01-01T12:24:34Z</time>
      </trkpt>
      <trkpt lat="45.57196" lon="13.79428">
        <ele>76.2</ele>
        <time>2025-01-01T12:24:35Z</time>
      </trkpt>
      <trkpt lat="45.571937" lon="13.794297">
        <ele>76.2</ele>
        <time>2025-01-01T12:24:36Z</time>
      </trkpt>
      <trkpt lat="45.571912" lon="13.794307">
        <ele>76.4</ele>
        <time>2025-01-01T12:24:37Z</time>
      </trkpt>
      <trkpt lat="45.571887" lon="13.794313">
        <ele>76.6</ele>
        <time>2025-01-01T12:24:38Z</time>
      </trkpt>
      <trkpt lat="45.57186" lon="13.794322">
        <ele>76.8</ele>
        <time>2025-01-01T12:24:39Z</time>
      </trkpt>
      <trkpt lat="45.571832" lon="13.794327">
        <ele>77.0</ele>
        <time>2025-01-01T12:24:39Z</time>
      </trkpt>
      <trkpt lat="45.571807" lon="13.794337">
        <ele>77.2</ele>
        <time>2025-01-01T12:24:40Z</time>
      </trkpt>
      <trkpt lat="45.571782" lon="13.794342">
        <ele>77.4</ele>
        <time>2025-01-01T12:24:41Z</time>
      </trkpt>
      <trkpt lat="45.571757" lon="13.794352">
        <ele>77.8</ele>
        <time>2025-01-01T12:24:43Z</time>
      </trkpt>
      <trkpt lat="45.571732" lon="13.794357">
        <ele>78.0</ele>
        <time>2025-01-01T12:24:43Z</time>
      </trkpt>
      <trkpt lat="45.571705" lon="13.79436">
        <ele>78.2</ele>
        <time>2025-01-01T12:24:44Z</time>
      </trkpt>
      <trkpt lat="45.571677" lon="13.794362">
        <ele>78.6</ele>
        <time>2025-01-01T12:24:46Z</time>
      </trkpt>
      <trkpt lat="45.571642" lon="13.794365">
        <ele>78.6</ele>
        <time>2025-01-01T12:24:46Z</time>
      </trkpt>
      <trkpt lat="45.57161" lon="13.794357">
        <ele>78.6</ele>
        <time>2025-01-01T12:24:47Z</time>
      </trkpt>
      <trkpt lat="45.571577" lon="13.794347">
        <ele>78.8</ele>
        <time>2025-01-01T12:24:48Z</time>
      </trkpt>
      <trkpt lat="45.571542" lon="13.794335">
        <ele>78.8</ele>
        <time>2025-01-01T12:24:49Z</time>
      </trkpt>
      <trkpt lat="45.571544" lon="13.794322">
        <ele>72.81</ele>
        <time>2025-01-01T12:24:49Z</time>
      </trkpt>
      <trkpt lat="45.57147" lon="13.7943">
        <ele>72.54</ele>
        <time>2025-01-01T12:24:50Z</time>
      </trkpt>
      <trkpt lat="45.571327" lon="13.794224">
        <ele>71.63</ele>
        <time>2025-01-01T12:24:53Z</time>
      </trkpt>
      <trkpt lat="45.571184" lon="13.79413">
        <ele>71.28</ele>
        <time>2025-01-01T12:24:56Z</time>
      </trkpt>
      <trkpt lat="45.571129" lon="13.794067">
        <ele>70.99</ele>
        <time>2025-01-01T12:24:57Z</time>
      </trkpt>
      <trkpt lat="45.571085" lon="13.794029">
        <ele>70.93</ele>
        <time>2025-01-01T12:24:58Z</time>
      </trkpt>
      <trkpt lat="45.570276" lon="13.792644">
        <ele>70.32</ele>
        <time>2025-01-01T12:25:25Z</time>
      </trkpt>
      <trkpt lat="45.569589" lon="13.791608">
        <ele>71.98</ele>
        <time>2025-01-01T12:25:49Z</time>
      </trkpt>
      <trkpt lat="45.569582" lon="13.791617">
        <ele>78.2</ele>
        <time>2025-01-01T12:25:50Z</time>
      </trkpt>
      <trkpt lat="45.569572" lon="13.791572">
        <ele>78.4</ele>
        <time>2025-01-01T12:25:51Z</time>
      </trkpt>
      <trkpt lat="45.569567" lon="13.791527">
        <ele>78.6</ele>
        <time>2025-01-01T12:25:52Z</time>
      </trkpt>
      <trkpt lat="45.569577" lon="13.791487">
        <ele>78.8</ele>
        <time>2025-01-01T12:25:53Z</time>
      </trkpt>
      <trkpt lat="45.569592" lon="13.791447">
        <ele>79.0</ele>
        <time>2025-01-01T12:25:54Z</time>
      </trkpt>
      <trkpt lat="45.569602" lon="13.791407">
        <ele>79.0</ele>
        <time>2025-01-01T12:25:54Z</time>
      </trkpt>
      <trkpt lat="45.56959" lon="13.791357">
        <ele>79.0</ele>
        <time>2025-01-01T12:25:55Z</time>
      </trkpt>
      <trkpt lat="45.569567" lon="13.79133">
        <ele>79.0</ele>
        <time>2025-01-01T12:25:56Z</time>
      </trkpt>
      <trkpt lat="45.569542" lon="13.79131">
        <ele>79.2</ele>
        <time>2025-01-01T12:25:57Z</time>
      </trkpt>
      <trkpt lat="45.569532" lon="13.79128">
        <ele>79.0</ele>
        <time>2025-01-01T12:25:57Z</time>
      </trkpt>
      <trkpt lat="45.569542" lon="13.791242">
        <ele>79.0</ele>
        <time>2025-01-01T12:25:58Z</time>
      </trkpt>
      <trkpt lat="45.569552" lon="13.791187">
        <ele>79.0</ele>
        <time>2025-01-01T12:25:59Z</time>
      </trkpt>
      <trkpt lat="45.569557" lon="13.791122">
        <ele>78.8</ele>
        <time>2025-01-01T12:25:59Z</time>
      </trkpt>
      <trkpt lat="45.569547" lon="13.791062">
        <ele>78.8</ele>
        <time>2025-01-01T12:26:00Z</time>
      </trkpt>
      <trkpt lat="45.569532" lon="13.791002">
        <ele>78.6</ele>
        <time>2025-01-01T12:26:01Z</time>
      </trkpt>
      <trkpt lat="45.569507" lon="13.790952">
        <ele>78.6</ele>
        <time>2025-01-01T12:26:02Z</time>
      </trkpt>
      <trkpt lat="45.569477" lon="13.790902">
        <ele>78.4</ele>
        <time>2025-01-01T12:26:03Z</time>
      </trkpt>
      <trkpt lat="45.569442" lon="13.790857">
        <ele>78.4</ele>
        <time>2025-01-01T12:26:04Z</time>
      </trkpt>
      <trkpt lat="45.569402" lon="13.790832">
        <ele>78.4</ele>
        <time>2025-01-01T12:26:05Z</time>
      </trkpt>
      <trkpt lat="45.569362" lon="13.790807">
        <ele>78.2</ele>
        <time>2025-01-01T12:26:06Z</time>
      </trkpt>
      <trkpt lat="45.569325" lon="13.790782">
        <ele>78.4</ele>
        <time>2025-01-01T12:26:07Z</time>
      </trkpt>
      <trkpt lat="45.569287" lon="13.790757">
        <ele>78.4</ele>
        <time>2025-01-01T12:26:08Z</time>
      </trkpt>
      <trkpt lat="45.569252" lon="13.790722">
        <ele>78.4</ele>
        <time>2025-01-01T12:26:09Z</time>
      </trkpt>
      <trkpt lat="45.569222" lon="13.790685">
        <ele>78.6</ele>
        <time>2025-01-01T12:26:10Z</time>
      </trkpt>
      <trkpt lat="45.569162" lon="13.790602">
        <ele>78.8</ele>
        <time>2025-01-01T12:26:12Z</time>
      </trkpt>
      <trkpt lat="45.569137" lon="13.790557">
        <ele>78.8</ele>
        <time>2025-01-01T12:26:13Z</time>
      </trkpt>
      <trkpt lat="45.569118" lon="13.790517">
        <ele>78.6</ele>
        <time>2025-01-01T12:26:13Z</time>
      </trkpt>
      <trkpt lat="45.569102" lon="13.790487">
        <ele>78.6</ele>
        <time>2025-01-01T12:26:14Z</time>
      </trkpt>
      <trkpt lat="45.569085" lon="13.790462">
        <ele>78.6</ele>
        <time>2025-01-01T12:26:14Z</time>
      </trkpt>
      <trkpt lat="45.56907" lon="13.790442">
        <ele>78.6</ele>
        <time>2025-01-01T12:26:15Z</time>
      </trkpt>
      <trkpt lat="45.569057" lon="13.790427">
        <ele>78.4</ele>
        <time>2025-01-01T12:26:15Z</time>
      </trkpt>
      <trkpt lat="45.569048" lon="13.790417">
        <ele>78.4</ele>
        <time>2025-01-01T12:26:15Z</time>
      </trkpt>
      <trkpt lat="45.56904" lon="13.790425">
        <ele>78.4</ele>
        <time>2025-01-01T12:26:16Z</time>
      </trkpt>
      <trkpt lat="45.569025" lon="13.790445">
        <ele>78.2</ele>
        <time>2025-01-01T12:26:16Z</time>
      </trkpt>
      <trkpt lat="45.569017" lon="13.79048">
        <ele>78.2</ele>
        <time>2025-01-01T12:26:16Z</time>
      </trkpt>
      <trkpt lat="45.56901" lon="13.790527">
        <ele>78.2</ele>
        <time>2025-01-01T12:26:17Z</time>
      </trkpt>
      <trkpt lat="45.569002" lon="13.790577">
        <ele>78.2</ele>
        <time>2025-01-01T12:26:18Z</time>
      </trkpt>
      <trkpt lat="45.568997" lon="13.79063">
        <ele>78.2</ele>
        <time>2025-01-01T12:26:19Z</time>
      </trkpt>
      <trkpt lat="45.568995" lon="13.790687">
        <ele>78.2</ele>
        <time>2025-01-01T12:26:20Z</time>
      </trkpt>
      <trkpt lat="45.568992" lon="13.790742">
        <ele>78.4</ele>
        <time>2025-01-01T12:26:21Z</time>
      </trkpt>
      <trkpt lat="45.56899" lon="13.790797">
        <ele>78.4</ele>
        <time>2025-01-01T12:26:22Z</time>
      </trkpt>
      <trkpt lat="45.568987" lon="13.79085">
        <ele>78.4</ele>
        <time>2025-01-01T12:26:22Z</time>
      </trkpt>
      <trkpt lat="45.568985" lon="13.7909">
        <ele>78.6</ele>
        <time>2025-01-01T12:26:23Z</time>
      </trkpt>
      <trkpt lat="45.568982" lon="13.790947">
        <ele>78.8</ele>
        <time>2025-01-01T12:26:24Z</time>
      </trkpt>
      <trkpt lat="45.568975" lon="13.790992">
        <ele>78.8</ele>
        <time>2025-01-01T12:26:25Z</time>
      </trkpt>
      <trkpt lat="45.56896" lon="13.791032">
        <ele>79.0</ele>
        <time>2025-01-01T12:26:26Z</time>
      </trkpt>
      <trkpt lat="45.56894" lon="13.79106">
        <ele>79.2</ele>
        <time>2025-01-01T12:26:27Z</time>
      </trkpt>
      <trkpt lat="45.568917" lon="13.791082">
        <ele>79.4</ele>
        <time>2025-01-01T12:26:28Z</time>
      </trkpt>
      <trkpt lat="45.568887" lon="13.79109">
        <ele>79.6</ele>
        <time>2025-01-01T12:26:29Z</time>
      </trkpt>
      <trkpt lat="45.568827" lon="13.79107">
        <ele>80.2</ele>
        <time>2025-01-01T12:26:31Z</time>
      </trkpt>
      <trkpt lat="45.568797" lon="13.791052">
        <ele>80.6</ele>
        <time>2025-01-01T12:26:33Z</time>
      </trkpt>
      <trkpt lat="45.568742" lon="13.79101">
        <ele>81.0</ele>
        <time>2025-01-01T12:26:34Z</time>
      </trkpt>
      <trkpt lat="45.568712" lon="13.790985">
        <ele>81.2</ele>
        <time>2025-01-01T12:26:36Z</time>
      </trkpt>
      <trkpt lat="45.568687" lon="13.790957">
        <ele>81.4</ele>
        <time>2025-01-01T12:26:36Z</time>
      </trkpt>
      <trkpt lat="45.56866" lon="13.790927">
        <ele>81.4</ele>
        <time>2025-01-01T12:26:37Z</time>
      </trkpt>
      <trkpt lat="45.568635" lon="13.790892">
        <ele>81.6</ele>
        <time>2025-01-01T12:26:38Z</time>
      </trkpt>
      <trkpt lat="45.56858" lon="13.790812">
        <ele>81.6</ele>
        <time>2025-01-01T12:26:40Z</time>
      </trkpt>
      <trkpt lat="45.568527" lon="13.790727">
        <ele>82.0</ele>
        <time>2025-01-01T12:26:42Z</time>
      </trkpt>
      <trkpt lat="45.568507" lon="13.790675">
        <ele>82.0</ele>
        <time>2025-01-01T12:26:43Z</time>
      </trkpt>
      <trkpt lat="45.568482" lon="13.790622">
        <ele>82.0</ele>
        <time>2025-01-01T12:26:44Z</time>
      </trkpt>
      <trkpt lat="45.568452" lon="13.79057">
        <ele>82.0</ele>
        <time>2025-01-01T12:26:45Z</time>
      </trkpt>
      <trkpt lat="45.56843" lon="13.790517">
        <ele>82.0</ele>
        <time>2025-01-01T12:26:46Z</time>
      </trkpt>
      <trkpt lat="45.568382" lon="13.790425">
        <ele>82.0</ele>
        <time>2025-01-01T12:26:48Z</time>
      </trkpt>
      <trkpt lat="45.568357" lon="13.790382">
        <ele>82.0</ele>
        <time>2025-01-01T12:26:49Z</time>
      </trkpt>
      <trkpt lat="45.568327" lon="13.790342">
        <ele>82.2</ele>
        <time>2025-01-01T12:26:50Z</time>
      </trkpt>
      <trkpt lat="45.568302" lon="13.790297">
        <ele>82.4</ele>
        <time>2025-01-01T12:26:51Z</time>
      </trkpt>
      <trkpt lat="45.568277" lon="13.79025">
        <ele>82.4</ele>
        <time>2025-01-01T12:26:52Z</time>
      </trkpt>
      <trkpt lat="45.568252" lon="13.790197">
        <ele>82.4</ele>
        <time>2025-01-01T12:26:53Z</time>
      </trkpt>
      <trkpt lat="45.568227" lon="13.790147">
        <ele>82.4</ele>
        <time>2025-01-01T12:26:54Z</time>
      </trkpt>
      <trkpt lat="45.568202" lon="13.790095">
        <ele>82.6</ele>
        <time>2025-01-01T12:26:55Z</time>
      </trkpt>
      <trkpt lat="45.568177" lon="13.790045">
        <ele>82.6</ele>
        <time>2025-01-01T12:26:56Z</time>
      </trkpt>
      <trkpt lat="45.56815" lon="13.789993">
        <ele>82.6</ele>
        <time>2025-01-01T12:26:57Z</time>
      </trkpt>
      <trkpt lat="45.568122" lon="13.789945">
        <ele>82.6</ele>
        <time>2025-01-01T12:26:58Z</time>
      </trkpt>
      <trkpt lat="45.568095" lon="13.789892">
        <ele>82.6</ele>
        <time>2025-01-01T12:26:59Z</time>
      </trkpt>
      <trkpt lat="45.568067" lon="13.789837">
        <ele>82.6</ele>
        <time>2025-01-01T12:27:00Z</time>
      </trkpt>
      <trkpt lat="45.568042" lon="13.789782">
        <ele>82.8</ele>
        <time>2025-01-01T12:27:01Z</time>
      </trkpt>
      <trkpt lat="45.568017" lon="13.789727">
        <ele>82.8</ele>
        <time>2025-01-01T12:27:02Z</time>
      </trkpt>
      <trkpt lat="45.567987" lon="13.789672">
        <ele>83.0</ele>
        <time>2025-01-01T12:27:04Z</time>
      </trkpt>
      <trkpt lat="45.56796" lon="13.789617">
        <ele>83.0</ele>
        <time>2025-01-01T12:27:05Z</time>
      </trkpt>
      <trkpt lat="45.56793" lon="13.78956">
        <ele>83.0</ele>
        <time>2025-01-01T12:27:06Z</time>
      </trkpt>
      <trkpt lat="45.5679" lon="13.789502">
        <ele>82.8</ele>
        <time>2025-01-01T12:27:07Z</time>
      </trkpt>
      <trkpt lat="45.567865" lon="13.789452">
        <ele>82.6</ele>
        <time>2025-01-01T12:27:08Z</time>
      </trkpt>
      <trkpt lat="45.567827" lon="13.789402">
        <ele>82.4</ele>
        <time>2025-01-01T12:27:09Z</time>
      </trkpt>
      <trkpt lat="45.567762" lon="13.789302">
        <ele>82.0</ele>
        <time>2025-01-01T12:27:10Z</time>
      </trkpt>
      <trkpt lat="45.56773" lon="13.789247">
        <ele>81.8</ele>
        <time>2025-01-01T12:27:11Z</time>
      </trkpt>
      <trkpt lat="45.567702" lon="13.789195">
        <ele>81.8</ele>
        <time>2025-01-01T12:27:12Z</time>
      </trkpt>
      <trkpt lat="45.567667" lon="13.789137">
        <ele>81.6</ele>
        <time>2025-01-01T12:27:13Z</time>
      </trkpt>
      <trkpt lat="45.567602" lon="13.789027">
        <ele>81.8</ele>
        <time>2025-01-01T12:27:16Z</time>
      </trkpt>
      <trkpt lat="45.567575" lon="13.78897">
        <ele>81.8</ele>
        <time>2025-01-01T12:27:17Z</time>
      </trkpt>
      <trkpt lat="45.567552" lon="13.788902">
        <ele>81.6</ele>
        <time>2025-01-01T12:27:18Z</time>
      </trkpt>
      <trkpt lat="45.567527" lon="13.788837">
        <ele>81.4</ele>
        <time>2025-01-01T12:27:19Z</time>
      </trkpt>
      <trkpt lat="45.567497" lon="13.788772">
        <ele>81.4</ele>
        <time>2025-01-01T12:27:20Z</time>
      </trkpt>
      <trkpt lat="45.56747" lon="13.788723">
        <ele>81.2</ele>
        <time>2025-01-01T12:27:20Z</time>
      </trkpt>
      <trkpt lat="45.567435" lon="13.78868">
        <ele>81.2</ele>
        <time>2025-01-01T12:27:21Z</time>
      </trkpt>
      <trkpt lat="45.5674" lon="13.788637">
        <ele>81.4</ele>
        <time>2025-01-01T12:27:23Z</time>
      </trkpt>
      <trkpt lat="45.567362" lon="13.78859">
        <ele>81.6</ele>
        <time>2025-01-01T12:27:24Z</time>
      </trkpt>
      <trkpt lat="45.567327" lon="13.788533">
        <ele>81.6</ele>
        <time>2025-01-01T12:27:25Z</time>
      </trkpt>
      <trkpt lat="45.567302" lon="13.788472">
        <ele>81.4</ele>
        <time>2025-01-01T12:27:26Z</time>
      </trkpt>
      <trkpt lat="45.567275" lon="13.788412">
        <ele>81.6</ele>
        <time>2025-01-01T12:27:28Z</time>
      </trkpt>
      <trkpt lat="45.56724" lon="13.788352">
        <ele>81.6</ele>
        <time>2025-01-01T12:27:29Z</time>
      </trkpt>
      <trkpt lat="45.567207" lon="13.788292">
        <ele>81.6</ele>
        <time>2025-01-01T12:27:30Z</time>
      </trkpt>
      <trkpt lat="45.567135" lon="13.788172">
        <ele>81.2</ele>
        <time>2025-01-01T12:27:32Z</time>
      </trkpt>
      <trkpt lat="45.5671" lon="13.788102">
        <ele>81.0</ele>
        <time>2025-01-01T12:27:33Z</time>
      </trkpt>
      <trkpt lat="45.567065" lon="13.788037">
        <ele>81.0</ele>
        <time>2025-01-01T12:27:34Z</time>
      </trkpt>
      <trkpt lat="45.567027" lon="13.78797">
        <ele>80.8</ele>
        <time>2025-01-01T12:27:35Z</time>
      </trkpt>
      <trkpt lat="45.566987" lon="13.787907">
        <ele>80.6</ele>
        <time>2025-01-01T12:27:36Z</time>
      </trkpt>
      <trkpt lat="45.566942" lon="13.78785">
        <ele>80.6</ele>
        <time>2025-01-01T12:27:38Z</time>
      </trkpt>
      <trkpt lat="45.566897" lon="13.787795">
        <ele>80.4</ele>
        <time>2025-01-01T12:27:39Z</time>
      </trkpt>
      <trkpt lat="45.566852" lon="13.787742">
        <ele>80.4</ele>
        <time>2025-01-01T12:27:40Z</time>
      </trkpt>
      <trkpt lat="45.566805" lon="13.787685">
        <ele>80.2</ele>
        <time>2025-01-01T12:27:41Z</time>
      </trkpt>
      <trkpt lat="45.566752" lon="13.787637">
        <ele>80.2</ele>
        <time>2025-01-01T12:27:43Z</time>
      </trkpt>
      <trkpt lat="45.566698" lon="13.78759">
        <ele>80.0</ele>
        <time>2025-01-01T12:27:44Z</time>
      </trkpt>
      <trkpt lat="45.566645" lon="13.787547">
        <ele>79.8</ele>
        <time>2025-01-01T12:27:45Z</time>
      </trkpt>
      <trkpt lat="45.56659" lon="13.787505">
        <ele>79.8</ele>
        <time>2025-01-01T12:27:46Z</time>
      </trkpt>
      <trkpt lat="45.566535" lon="13.78747">
        <ele>79.6</ele>
        <time>2025-01-01T12:27:47Z</time>
      </trkpt>
      <trkpt lat="45.566477" lon="13.787445">
        <ele>79.4</ele>
        <time>2025-01-01T12:27:49Z</time>
      </trkpt>
      <trkpt lat="45.566417" lon="13.787422">
        <ele>79.2</ele>
        <time>2025-01-01T12:27:50Z</time>
      </trkpt>
      <trkpt lat="45.56636" lon="13.7874">
        <ele>79.2</ele>
        <time>2025-01-01T12:27:51Z</time>
      </trkpt>
      <trkpt lat="45.5663" lon="13.787382">
        <ele>79.2</ele>
        <time>2025-01-01T12:27:52Z</time>
      </trkpt>
      <trkpt lat="45.566242" lon="13.787362">
        <ele>79.0</ele>
        <time>2025-01-01T12:27:53Z</time>
      </trkpt>
      <trkpt lat="45.566185" lon="13.787342">
        <ele>78.8</ele>
        <time>2025-01-01T12:27:55Z</time>
      </trkpt>
      <trkpt lat="45.566127" lon="13.787327">
        <ele>78.6</ele>
        <time>2025-01-01T12:27:56Z</time>
      </trkpt>
      <trkpt lat="45.566067" lon="13.787322">
        <ele>78.4</ele>
        <time>2025-01-01T12:27:57Z</time>
      </trkpt>
      <trkpt lat="45.566007" lon="13.787317">
        <ele>78.2</ele>
        <time>2025-01-01T12:27:58Z</time>
      </trkpt>
      <trkpt lat="45.565877" lon="13.78729">
        <ele>78.0</ele>
        <time>2025-01-01T12:28:00Z</time>
      </trkpt>
      <trkpt lat="45.565807" lon="13.787272">
        <ele>77.8</ele>
        <time>2025-01-01T12:28:02Z</time>
      </trkpt>
      <trkpt lat="45.565737" lon="13.787247">
        <ele>77.4</ele>
        <time>2025-01-01T12:28:03Z</time>
      </trkpt>
      <trkpt lat="45.56567" lon="13.787217">
        <ele>77.0</ele>
        <time>2025-01-01T12:28:04Z</time>
      </trkpt>
      <trkpt lat="45.565602" lon="13.78718">
        <ele>76.8</ele>
        <time>2025-01-01T12:28:05Z</time>
      </trkpt>
      <trkpt lat="45.565537" lon="13.787137">
        <ele>76.4</ele>
        <time>2025-01-01T12:28:07Z</time>
      </trkpt>
      <trkpt lat="45.565477" lon="13.787082">
        <ele>76.2</ele>
        <time>2025-01-01T12:28:08Z</time>
      </trkpt>
      <trkpt lat="45.565415" lon="13.787032">
        <ele>75.8</ele>
        <time>2025-01-01T12:28:09Z</time>
      </trkpt>
      <trkpt lat="45.565352" lon="13.786987">
        <ele>75.6</ele>
        <time>2025-01-01T12:28:10Z</time>
      </trkpt>
      <trkpt lat="45.565292" lon="13.78694">
        <ele>75.4</ele>
        <time>2025-01-01T12:28:12Z</time>
      </trkpt>
      <trkpt lat="45.565227" lon="13.7869">
        <ele>75.2</ele>
        <time>2025-01-01T12:28:13Z</time>
      </trkpt>
      <trkpt lat="45.565167" lon="13.786857">
        <ele>75.0</ele>
        <time>2025-01-01T12:28:14Z</time>
      </trkpt>
      <trkpt lat="45.565102" lon="13.786822">
        <ele>74.8</ele>
        <time>2025-01-01T12:28:16Z</time>
      </trkpt>
      <trkpt lat="45.56504" lon="13.786802">
        <ele>74.6</ele>
        <time>2025-01-01T12:28:17Z</time>
      </trkpt>
      <trkpt lat="45.564977" lon="13.786787">
        <ele>74.4</ele>
        <time>2025-01-01T12:28:18Z</time>
      </trkpt>
      <trkpt lat="45.56491" lon="13.78679">
        <ele>74.4</ele>
        <time>2025-01-01T12:28:19Z</time>
      </trkpt>
      <trkpt lat="45.564842" lon="13.786797">
        <ele>74.6</ele>
        <time>2025-01-01T12:28:21Z</time>
      </trkpt>
      <trkpt lat="45.564712" lon="13.786832">
        <ele>74.4</ele>
        <time>2025-01-01T12:28:24Z</time>
      </trkpt>
      <trkpt lat="45.56465" lon="13.786857">
        <ele>74.2</ele>
        <time>2025-01-01T12:28:25Z</time>
      </trkpt>
      <trkpt lat="45.56459" lon="13.786892">
        <ele>74.0</ele>
        <time>2025-01-01T12:28:26Z</time>
      </trkpt>
      <trkpt lat="45.564532" lon="13.786937">
        <ele>74.0</ele>
        <time>2025-01-01T12:28:28Z</time>
      </trkpt>
      <trkpt lat="45.564477" lon="13.786987">
        <ele>73.8</ele>
        <time>2025-01-01T12:28:29Z</time>
      </trkpt>
      <trkpt lat="45.564427" lon="13.787047">
        <ele>73.8</ele>
        <time>2025-01-01T12:28:30Z</time>
      </trkpt>
      <trkpt lat="45.56438" lon="13.787112">
        <ele>73.6</ele>
        <time>2025-01-01T12:28:32Z</time>
      </trkpt>
      <trkpt lat="45.564335" lon="13.78719">
        <ele>73.4</ele>
        <time>2025-01-01T12:28:33Z</time>
      </trkpt>
      <trkpt lat="45.564295" lon="13.787267">
        <ele>73.4</ele>
        <time>2025-01-01T12:28:34Z</time>
      </trkpt>
      <trkpt lat="45.56426" lon="13.78735">
        <ele>73.2</ele>
        <time>2025-01-01T12:28:36Z</time>
      </trkpt>
      <trkpt lat="45.564232" lon="13.787437">
        <ele>73.0</ele>
        <time>2025-01-01T12:28:37Z</time>
      </trkpt>
      <trkpt lat="45.564207" lon="13.787527">
        <ele>73.0</ele>
        <time>2025-01-01T12:28:38Z</time>
      </trkpt>
      <trkpt lat="45.564199" lon="13.787526">
        <ele>61.32</ele>
        <time>2025-01-01T12:28:38Z</time>
      </trkpt>
      <trkpt lat="45.564188" lon="13.787735">
        <ele>61.36</ele>
        <time>2025-01-01T12:28:42Z</time>
      </trkpt>
      <trkpt lat="45.564246" lon="13.788746">
        <ele>61.3</ele>
        <time>2025-01-01T12:28:57Z</time>
      </trkpt>
      <trkpt lat="45.56424" lon="13.78912">
        <ele>60.32</ele>
        <time>2025-01-01T12:29:02Z</time>
      </trkpt>
      <trkpt lat="45.564151" lon="13.790071">
        <ele>58.15</ele>
        <time>2025-01-01T12:29:14Z</time>
      </trkpt>
      <trkpt lat="45.564137" lon="13.790488">
        <ele>57.71</ele>
        <time>2025-01-01T12:29:20Z</time>
      </trkpt>
      <trkpt lat="45.564158" lon="13.790859">
        <ele>57.38</ele>
        <time>2025-01-01T12:29:26Z</time>
      </trkpt>
      <trkpt lat="45.564283" lon="13.79163">
        <ele>58.36</ele>
        <time>2025-01-01T12:29:39Z</time>
      </trkpt>
      <trkpt lat="45.564276" lon="13.791806">
        <ele>57.32</ele>
        <time>2025-01-01T12:29:41Z</time>
      </trkpt>
      <trkpt lat="45.564264" lon="13.791937">
        <ele>57.0</ele>
        <time>2025-01-01T12:29:43Z</time>
      </trkpt>
      <trkpt lat="45.564206" lon="13.792181">
        <ele>56.66</ele>
        <time>2025-01-01T12:29:46Z</time>
      </trkpt>
      <trkpt lat="45.564128" lon="13.792372">
        <ele>55.15</ele>
        <time>2025-01-01T12:29:48Z</time>
      </trkpt>
      <trkpt lat="45.564007" lon="13.792542">
        <ele>53.03</ele>
        <time>2025-01-01T12:29:50Z</time>
      </trkpt>
      <trkpt lat="45.563854" lon="13.792678">
        <ele>50.71</ele>
        <time>2025-01-01T12:29:52Z</time>
      </trkpt>
      <trkpt lat="45.563822" lon="13.792694">
        <ele>50.58</ele>
        <time>2025-01-01T12:29:53Z</time>
      </trkpt>
      <trkpt lat="45.563822" lon="13.792694">
        <ele>50.58</ele>
        <time>2025-01-01T12:29:53Z</time>
      </trkpt>
      <trkpt lat="45.563677" lon="13.792763">
        <ele>50.02</ele>
        <time>2025-01-01T12:29:55Z</time>
      </trkpt>
      <trkpt lat="45.563511" lon="13.79279">
        <ele>51.81</ele>
        <time>2025-01-01T12:30:02Z</time>
      </trkpt>
      <trkpt lat="45.563428" lon="13.792761">
        <ele>52.35</ele>
        <time>2025-01-01T12:30:05Z</time>
      </trkpt>
      <trkpt lat="45.563367" lon="13.792739">
        <ele>52.75</ele>
        <time>2025-01-01T12:30:06Z</time>
      </trkpt>
      <trkpt lat="45.563217" lon="13.792649">
        <ele>52.37</ele>
        <time>2025-01-01T12:30:10Z</time>
      </trkpt>
      <trkpt lat="45.563072" lon="13.792478">
        <ele>50.95</ele>
        <time>2025-01-01T12:30:12Z</time>
      </trkpt>
      <trkpt lat="45.563036" lon="13.792415">
        <ele>51.11</ele>
        <time>2025-01-01T12:30:14Z</time>
      </trkpt>
      <trkpt lat="45.563036" lon="13.792415">
        <ele>51.1</ele>
        <time>2025-01-01T12:30:14Z</time>
      </trkpt>
      <trkpt lat="45.563036" lon="13.792415">
        <ele>51.11</ele>
        <time>2025-01-01T12:30:14Z</time>
      </trkpt>
      <trkpt lat="45.562898" lon="13.792168">
        <ele>51.7</ele>
        <time>2025-01-01T12:30:19Z</time>
      </trkpt>
      <trkpt lat="45.562734" lon="13.791816">
        <ele>50.89</ele>
        <time>2025-01-01T12:30:25Z</time>
      </trkpt>
      <trkpt lat="45.562431" lon="13.791123">
        <ele>49.29</ele>
        <time>2025-01-01T12:30:36Z</time>
      </trkpt>
      <trkpt lat="45.562325" lon="13.790843">
        <ele>47.73</ele>
        <time>2025-01-01T12:30:39Z</time>
      </trkpt>
      <trkpt lat="45.562237" lon="13.790521">
        <ele>46.67</ele>
        <time>2025-01-01T12:30:43Z</time>
      </trkpt>
      <trkpt lat="45.562203" lon="13.790356">
        <ele>46.17</ele>
        <time>2025-01-01T12:30:46Z</time>
      </trkpt>
      <trkpt lat="45.562141" lon="13.790053">
        <ele>45.25</ele>
        <time>2025-01-01T12:30:49Z</time>
      </trkpt>
      <trkpt lat="45.562105" lon="13.789795">
        <ele>44.2</ele>
        <time>2025-01-01T12:30:52Z</time>
      </trkpt>
      <trkpt lat="45.562082" lon="13.789597">
        <ele>41.7</ele>
        <time>2025-01-01T12:30:54Z</time>
      </trkpt>
      <trkpt lat="45.56204" lon="13.78948">
        <ele>41.41</ele>
        <time>2025-01-01T12:30:55Z</time>
      </trkpt>
      <trkpt lat="45.56204" lon="13.78948">
        <ele>41.41</ele>
        <time>2025-01-01T12:30:55Z</time>
      </trkpt>
      <trkpt lat="45.561825" lon="13.789185">
        <ele>43.9</ele>
        <time>2025-01-01T12:31:06Z</time>
      </trkpt>
      <trkpt lat="45.561752" lon="13.788994">
        <ele>42.27</ele>
        <time>2025-01-01T12:31:07Z</time>
      </trkpt>
      <trkpt lat="45.561508" lon="13.788536">
        <ele>40.99</ele>
        <time>2025-01-01T12:31:15Z</time>
      </trkpt>
      <trkpt lat="45.561334" lon="13.788221">
        <ele>38.73</ele>
        <time>2025-01-01T12:31:19Z</time>
      </trkpt>
      <trkpt lat="45.561175" lon="13.788076">
        <ele>38.47</ele>
        <time>2025-01-01T12:31:23Z</time>
      </trkpt>
      <trkpt lat="45.561074" lon="13.788012">
        <ele>38.55</ele>
        <time>2025-01-01T12:31:25Z</time>
      </trkpt>
      <trkpt lat="45.560927" lon="13.78799">
        <ele>39.68</ele>
        <time>2025-01-01T12:31:30Z</time>
      </trkpt>
      <trkpt lat="45.560752" lon="13.78798">
        <ele>38.54</ele>
        <time>2025-01-01T12:31:33Z</time>
      </trkpt>
      <trkpt lat="45.560722" lon="13.787991">
        <ele>38.49</ele>
        <time>2025-01-01T12:31:34Z</time>
      </trkpt>
      <trkpt lat="45.56072" lon="13.787982">
        <ele>49.6</ele>
        <time>2025-01-01T12:31:34Z</time>
      </trkpt>
      <trkpt lat="45.560652" lon="13.788007">
        <ele>49.6</ele>
        <time>2025-01-01T12:31:36Z</time>
      </trkpt>
      <trkpt lat="45.560585" lon="13.788047">
        <ele>49.4</ele>
        <time>2025-01-01T12:31:37Z</time>
      </trkpt>
      <trkpt lat="45.560522" lon="13.788092">
        <ele>49.2</ele>
        <time>2025-01-01T12:31:38Z</time>
      </trkpt>
      <trkpt lat="45.56046" lon="13.788147">
        <ele>49.0</ele>
        <time>2025-01-01T12:31:40Z</time>
      </trkpt>
      <trkpt lat="45.5604" lon="13.788202">
        <ele>48.8</ele>
        <time>2025-01-01T12:31:41Z</time>
      </trkpt>
      <trkpt lat="45.560342" lon="13.78826">
        <ele>48.6</ele>
        <time>2025-01-01T12:31:42Z</time>
      </trkpt>
      <trkpt lat="45.560285" lon="13.78832">
        <ele>48.4</ele>
        <time>2025-01-01T12:31:44Z</time>
      </trkpt>
      <trkpt lat="45.560232" lon="13.788377">
        <ele>48.2</ele>
        <time>2025-01-01T12:31:45Z</time>
      </trkpt>
      <trkpt lat="45.560175" lon="13.788438">
        <ele>48.0</ele>
        <time>2025-01-01T12:31:46Z</time>
      </trkpt>
      <trkpt lat="45.560122" lon="13.788502">
        <ele>47.8</ele>
        <time>2025-01-01T12:31:48Z</time>
      </trkpt>
      <trkpt lat="45.560067" lon="13.788572">
        <ele>47.6</ele>
        <time>2025-01-01T12:31:49Z</time>
      </trkpt>
      <trkpt lat="45.560015" lon="13.788642">
        <ele>47.4</ele>
        <time>2025-01-01T12:31:50Z</time>
      </trkpt>
      <trkpt lat="45.559962" lon="13.788702">
        <ele>47.4</ele>
        <time>2025-01-01T12:31:52Z</time>
      </trkpt>
      <trkpt lat="45.559907" lon="13.788765">
        <ele>47.2</ele>
        <time>2025-01-01T12:31:53Z</time>
      </trkpt>
      <trkpt lat="45.559852" lon="13.788827">
        <ele>47.2</ele>
        <time>2025-01-01T12:31:55Z</time>
      </trkpt>
      <trkpt lat="45.559802" lon="13.788887">
        <ele>47.0</ele>
        <time>2025-01-01T12:31:56Z</time>
      </trkpt>
      <trkpt lat="45.559757" lon="13.788957">
        <ele>46.8</ele>
        <time>2025-01-01T12:31:57Z</time>
      </trkpt>
      <trkpt lat="45.559722" lon="13.789025">
        <ele>46.8</ele>
        <time>2025-01-01T12:31:58Z</time>
      </trkpt>
      <trkpt lat="45.559685" lon="13.789102">
        <ele>46.6</ele>
        <time>2025-01-01T12:32:00Z</time>
      </trkpt>
      <trkpt lat="45.559652" lon="13.789177">
        <ele>46.6</ele>
        <time>2025-01-01T12:32:01Z</time>
      </trkpt>
      <trkpt lat="45.559622" lon="13.789252">
        <ele>46.6</ele>
        <time>2025-01-01T12:32:02Z</time>
      </trkpt>
      <trkpt lat="45.559597" lon="13.789332">
        <ele>46.6</ele>
        <time>2025-01-01T12:32:04Z</time>
      </trkpt>
      <trkpt lat="45.559575" lon="13.789402">
        <ele>46.8</ele>
        <time>2025-01-01T12:32:05Z</time>
      </trkpt>
      <trkpt lat="45.559552" lon="13.789472">
        <ele>47.0</ele>
        <time>2025-01-01T12:32:07Z</time>
      </trkpt>
      <trkpt lat="45.559537" lon="13.789537">
        <ele>47.2</ele>
        <time>2025-01-01T12:32:08Z</time>
      </trkpt>
      <trkpt lat="45.559522" lon="13.789602">
        <ele>47.4</ele>
        <time>2025-01-01T12:32:09Z</time>
      </trkpt>
      <trkpt lat="45.559505" lon="13.789667">
        <ele>47.6</ele>
        <time>2025-01-01T12:32:11Z</time>
      </trkpt>
      <trkpt lat="45.559487" lon="13.789727">
        <ele>47.8</ele>
        <time>2025-01-01T12:32:12Z</time>
      </trkpt>
      <trkpt lat="45.559475" lon="13.789787">
        <ele>48.2</ele>
        <time>2025-01-01T12:32:13Z</time>
      </trkpt>
      <trkpt lat="45.559467" lon="13.789857">
        <ele>48.4</ele>
        <time>2025-01-01T12:32:15Z</time>
      </trkpt>
      <trkpt lat="45.559457" lon="13.789917">
        <ele>48.4</ele>
        <time>2025-01-01T12:32:16Z</time>
      </trkpt>
      <trkpt lat="45.559432" lon="13.789972">
        <ele>48.2</ele>
        <time>2025-01-01T12:32:16Z</time>
      </trkpt>
      <trkpt lat="45.559377" lon="13.790055">
        <ele>48.2</ele>
        <time>2025-01-01T12:32:18Z</time>
      </trkpt>
      <trkpt lat="45.559337" lon="13.790082">
        <ele>48.4</ele>
        <time>2025-01-01T12:32:19Z</time>
      </trkpt>
      <trkpt lat="45.559297" lon="13.790088">
        <ele>48.6</ele>
        <time>2025-01-01T12:32:21Z</time>
      </trkpt>
      <trkpt lat="45.55925" lon="13.790087">
        <ele>48.6</ele>
        <time>2025-01-01T12:32:22Z</time>
      </trkpt>
      <trkpt lat="45.559207" lon="13.790082">
        <ele>49.0</ele>
        <time>2025-01-01T12:32:23Z</time>
      </trkpt>
      <trkpt lat="45.559162" lon="13.79008">
        <ele>49.2</ele>
        <time>2025-01-01T12:32:24Z</time>
      </trkpt>
      <trkpt lat="45.559112" lon="13.79008">
        <ele>49.4</ele>
        <time>2025-01-01T12:32:26Z</time>
      </trkpt>
      <trkpt lat="45.559062" lon="13.790067">
        <ele>49.6</ele>
        <time>2025-01-01T12:32:27Z</time>
      </trkpt>
      <trkpt lat="45.559017" lon="13.790072">
        <ele>49.8</ele>
        <time>2025-01-01T12:32:28Z</time>
      </trkpt>
      <trkpt lat="45.558972" lon="13.790075">
        <ele>50.0</ele>
        <time>2025-01-01T12:32:30Z</time>
      </trkpt>
      <trkpt lat="45.558917" lon="13.790077">
        <ele>50.4</ele>
        <time>2025-01-01T12:32:31Z</time>
      </trkpt>
      <trkpt lat="45.558862" lon="13.790082">
        <ele>50.6</ele>
        <time>2025-01-01T12:32:33Z</time>
      </trkpt>
      <trkpt lat="45.558802" lon="13.790092">
        <ele>50.6</ele>
        <time>2025-01-01T12:32:34Z</time>
      </trkpt>
      <trkpt lat="45.558737" lon="13.79012">
        <ele>50.6</ele>
        <time>2025-01-01T12:32:36Z</time>
      </trkpt>
      <trkpt lat="45.558672" lon="13.790157">
        <ele>50.4</ele>
        <time>2025-01-01T12:32:37Z</time>
      </trkpt>
      <trkpt lat="45.558607" lon="13.790202">
        <ele>50.2</ele>
        <time>2025-01-01T12:32:38Z</time>
      </trkpt>
      <trkpt lat="45.558535" lon="13.790257">
        <ele>49.8</ele>
        <time>2025-01-01T12:32:40Z</time>
      </trkpt>
      <trkpt lat="45.558462" lon="13.790317">
        <ele>49.2</ele>
        <time>2025-01-01T12:32:41Z</time>
      </trkpt>
      <trkpt lat="45.558397" lon="13.790372">
        <ele>48.8</ele>
        <time>2025-01-01T12:32:42Z</time>
      </trkpt>
      <trkpt lat="45.55833" lon="13.790422">
        <ele>48.2</ele>
        <time>2025-01-01T12:32:43Z</time>
      </trkpt>
      <trkpt lat="45.558265" lon="13.790465">
        <ele>47.8</ele>
        <time>2025-01-01T12:32:45Z</time>
      </trkpt>
      <trkpt lat="45.558205" lon="13.790503">
        <ele>47.4</ele>
        <time>2025-01-01T12:32:46Z</time>
      </trkpt>
      <trkpt lat="45.558142" lon="13.790547">
        <ele>46.8</ele>
        <time>2025-01-01T12:32:47Z</time>
      </trkpt>
      <trkpt lat="45.558075" lon="13.790587">
        <ele>46.4</ele>
        <time>2025-01-01T12:32:48Z</time>
      </trkpt>
      <trkpt lat="45.558007" lon="13.790627">
        <ele>46.0</ele>
        <time>2025-01-01T12:32:49Z</time>
      </trkpt>
      <trkpt lat="45.557942" lon="13.790667">
        <ele>45.4</ele>
        <time>2025-01-01T12:32:50Z</time>
      </trkpt>
      <trkpt lat="45.557885" lon="13.790702">
        <ele>44.8</ele>
        <time>2025-01-01T12:32:51Z</time>
      </trkpt>
      <trkpt lat="45.557832" lon="13.790732">
        <ele>44.2</ele>
        <time>2025-01-01T12:32:51Z</time>
      </trkpt>
      <trkpt lat="45.557782" lon="13.790762">
        <ele>43.6</ele>
        <time>2025-01-01T12:32:52Z</time>
      </trkpt>
      <trkpt lat="45.557732" lon="13.790788">
        <ele>43.0</ele>
        <time>2025-01-01T12:32:53Z</time>
      </trkpt>
      <trkpt lat="45.557672" lon="13.79082">
        <ele>42.4</ele>
        <time>2025-01-01T12:32:54Z</time>
      </trkpt>
      <trkpt lat="45.557612" lon="13.79085">
        <ele>41.8</ele>
        <time>2025-01-01T12:32:54Z</time>
      </trkpt>
      <trkpt lat="45.557542" lon="13.790872">
        <ele>41.2</ele>
        <time>2025-01-01T12:32:55Z</time>
      </trkpt>
      <trkpt lat="45.557472" lon="13.79089">
        <ele>40.8</ele>
        <time>2025-01-01T12:32:57Z</time>
      </trkpt>
      <trkpt lat="45.557397" lon="13.790907">
        <ele>40.2</ele>
        <time>2025-01-01T12:32:58Z</time>
      </trkpt>
      <trkpt lat="45.557322" lon="13.790922">
        <ele>39.8</ele>
        <time>2025-01-01T12:32:59Z</time>
      </trkpt>
      <trkpt lat="45.557247" lon="13.790947">
        <ele>39.4</ele>
        <time>2025-01-01T12:33:00Z</time>
      </trkpt>
      <trkpt lat="45.557172" lon="13.790987">
        <ele>38.8</ele>
        <time>2025-01-01T12:33:01Z</time>
      </trkpt>
      <trkpt lat="45.557102" lon="13.791032">
        <ele>38.4</ele>
        <time>2025-01-01T12:33:03Z</time>
      </trkpt>
      <trkpt lat="45.557037" lon="13.791082">
        <ele>38.0</ele>
        <time>2025-01-01T12:33:04Z</time>
      </trkpt>
      <trkpt lat="45.55697" lon="13.791132">
        <ele>37.4</ele>
        <time>2025-01-01T12:33:05Z</time>
      </trkpt>
      <trkpt lat="45.556847" lon="13.791247">
        <ele>36.8</ele>
        <time>2025-01-01T12:33:08Z</time>
      </trkpt>
      <trkpt lat="45.55679" lon="13.791307">
        <ele>36.6</ele>
        <time>2025-01-01T12:33:09Z</time>
      </trkpt>
      <trkpt lat="45.556735" lon="13.79137">
        <ele>36.4</ele>
        <time>2025-01-01T12:33:10Z</time>
      </trkpt>
      <trkpt lat="45.556682" lon="13.791435">
        <ele>36.2</ele>
        <time>2025-01-01T12:33:12Z</time>
      </trkpt>
      <trkpt lat="45.556637" lon="13.7915">
        <ele>36.0</ele>
        <time>2025-01-01T12:33:13Z</time>
      </trkpt>
      <trkpt lat="45.556592" lon="13.79157">
        <ele>35.8</ele>
        <time>2025-01-01T12:33:14Z</time>
      </trkpt>
      <trkpt lat="45.556552" lon="13.791637">
        <ele>35.8</ele>
        <time>2025-01-01T12:33:15Z</time>
      </trkpt>
      <trkpt lat="45.556512" lon="13.7917">
        <ele>35.6</ele>
        <time>2025-01-01T12:33:16Z</time>
      </trkpt>
      <trkpt lat="45.556472" lon="13.791762">
        <ele>35.6</ele>
        <time>2025-01-01T12:33:18Z</time>
      </trkpt>
      <trkpt lat="45.556435" lon="13.791822">
        <ele>35.6</ele>
        <time>2025-01-01T12:33:19Z</time>
      </trkpt>
      <trkpt lat="45.556398" lon="13.791882">
        <ele>35.8</ele>
        <time>2025-01-01T12:33:20Z</time>
      </trkpt>
      <trkpt lat="45.55637" lon="13.791952">
        <ele>36.2</ele>
        <time>2025-01-01T12:33:22Z</time>
      </trkpt>
      <trkpt lat="45.55634" lon="13.792022">
        <ele>36.4</ele>
        <time>2025-01-01T12:33:24Z</time>
      </trkpt>
      <trkpt lat="45.556312" lon="13.792095">
        <ele>36.6</ele>
        <time>2025-01-01T12:33:25Z</time>
      </trkpt>
      <trkpt lat="45.556287" lon="13.79217">
        <ele>36.6</ele>
        <time>2025-01-01T12:33:27Z</time>
      </trkpt>
      <trkpt lat="45.556257" lon="13.792257">
        <ele>35.8</ele>
        <time>2025-01-01T12:33:27Z</time>
      </trkpt>
      <trkpt lat="45.556222" lon="13.792322">
        <ele>35.2</ele>
        <time>2025-01-01T12:33:28Z</time>
      </trkpt>
      <trkpt lat="45.556195" lon="13.792392">
        <ele>34.4</ele>
        <time>2025-01-01T12:33:29Z</time>
      </trkpt>
      <trkpt lat="45.55617" lon="13.792467">
        <ele>34.0</ele>
        <time>2025-01-01T12:33:30Z</time>
      </trkpt>
      <trkpt lat="45.55614" lon="13.792552">
        <ele>33.6</ele>
        <time>2025-01-01T12:33:31Z</time>
      </trkpt>
      <trkpt lat="45.556105" lon="13.792642">
        <ele>33.0</ele>
        <time>2025-01-01T12:33:32Z</time>
      </trkpt>
      <trkpt lat="45.556072" lon="13.79273">
        <ele>32.6</ele>
        <time>2025-01-01T12:33:33Z</time>
      </trkpt>
      <trkpt lat="45.556037" lon="13.792812">
        <ele>32.2</ele>
        <time>2025-01-01T12:33:34Z</time>
      </trkpt>
      <trkpt lat="45.556017" lon="13.792887">
        <ele>32.0</ele>
        <time>2025-01-01T12:33:35Z</time>
      </trkpt>
      <trkpt lat="45.555987" lon="13.792962">
        <ele>31.8</ele>
        <time>2025-01-01T12:33:36Z</time>
      </trkpt>
      <trkpt lat="45.555955" lon="13.793035">
        <ele>31.8</ele>
        <time>2025-01-01T12:33:37Z</time>
      </trkpt>
      <trkpt lat="45.555917" lon="13.793105">
        <ele>31.8</ele>
        <time>2025-01-01T12:33:39Z</time>
      </trkpt>
      <trkpt lat="45.555877" lon="13.793165">
        <ele>32.0</ele>
        <time>2025-01-01T12:33:40Z</time>
      </trkpt>
      <trkpt lat="45.555842" lon="13.79322">
        <ele>32.2</ele>
        <time>2025-01-01T12:33:42Z</time>
      </trkpt>
      <trkpt lat="45.555827" lon="13.79328">
        <ele>32.2</ele>
        <time>2025-01-01T12:33:43Z</time>
      </trkpt>
      <trkpt lat="45.55583" lon="13.793337">
        <ele>32.4</ele>
        <time>2025-01-01T12:33:44Z</time>
      </trkpt>
      <trkpt lat="45.55584" lon="13.793392">
        <ele>32.4</ele>
        <time>2025-01-01T12:33:45Z</time>
      </trkpt>
      <trkpt lat="45.555835" lon="13.79345">
        <ele>32.4</ele>
        <time>2025-01-01T12:33:45Z</time>
      </trkpt>
      <trkpt lat="45.555812" lon="13.7935">
        <ele>32.4</ele>
        <time>2025-01-01T12:33:46Z</time>
      </trkpt>
      <trkpt lat="45.555816" lon="13.793509">
        <ele>22.86</ele>
        <time>2025-01-01T12:33:46Z</time>
      </trkpt>
      <trkpt lat="45.555757" lon="13.793567">
        <ele>22.72</ele>
        <time>2025-01-01T12:33:48Z</time>
      </trkpt>
      <trkpt lat="45.555716" lon="13.793586">
        <ele>22.47</ele>
        <time>2025-01-01T12:33:49Z</time>
      </trkpt>
      <trkpt lat="45.555621" lon="13.793576">
        <ele>21.32</ele>
        <time>2025-01-01T12:33:50Z</time>
      </trkpt>
      <trkpt lat="45.555606" lon="13.793708">
        <ele>21.31</ele>
        <time>2025-01-01T12:33:52Z</time>
      </trkpt>
      <trkpt lat="45.555473" lon="13.79382">
        <ele>20.91</ele>
        <time>2025-01-01T12:33:55Z</time>
      </trkpt>
      <trkpt lat="45.555363" lon="13.793867">
        <ele>22.11</ele>
        <time>2025-01-01T12:33:59Z</time>
      </trkpt>
      <trkpt lat="45.555114" lon="13.794103">
        <ele>20.06</ele>
        <time>2025-01-01T12:34:04Z</time>
      </trkpt>
      <trkpt lat="45.555048" lon="13.794149">
        <ele>20.27</ele>
        <time>2025-01-01T12:34:05Z</time>
      </trkpt>
      <trkpt lat="45.554978" lon="13.794159">
        <ele>19.98</ele>
        <time>2025-01-01T12:34:07Z</time>
      </trkpt>
      <trkpt lat="45.554936" lon="13.79414">
        <ele>19.87</ele>
        <time>2025-01-01T12:34:08Z</time>
      </trkpt>
      <trkpt lat="45.554875" lon="13.79427">
        <ele>20.01</ele>
        <time>2025-01-01T12:34:10Z</time>
      </trkpt>
      <trkpt lat="45.554832" lon="13.794332">
        <ele>19.65</ele>
        <time>2025-01-01T12:34:11Z</time>
      </trkpt>
      <trkpt lat="45.554806" lon="13.794391">
        <ele>19.66</ele>
        <time>2025-01-01T12:34:12Z</time>
      </trkpt>
      <trkpt lat="45.554806" lon="13.794391">
        <ele>19.66</ele>
        <time>2025-01-01T12:34:12Z</time>
      </trkpt>
      <trkpt lat="45.554803" lon="13.794399">
        <ele>19.66</ele>
        <time>2025-01-01T12:34:12Z</time>
      </trkpt>
      <trkpt lat="45.554618" lon="13.794576">
        <ele>19.24</ele>
        <time>2025-01-01T12:34:17Z</time>
      </trkpt>
      <trkpt lat="45.55386" lon="13.795383">
        <ele>18.76</ele>
        <time>2025-01-01T12:34:37Z</time>
      </trkpt>
      <trkpt lat="45.55386" lon="13.795383">
        <ele>18.76</ele>
        <time>2025-01-01T12:34:37Z</time>
      </trkpt>
      <trkpt lat="45.553244" lon="13.796038">
        <ele>18.78</ele>
        <time>2025-01-01T12:34:54Z</time>
      </trkpt>
      <trkpt lat="45.552978" lon="13.796254">
        <ele>18.28</ele>
        <time>2025-01-01T12:35:00Z</time>
      </trkpt>
      <trkpt lat="45.552995" lon="13.796297">
        <ele>26.8</ele>
        <time>2025-01-01T12:35:03Z</time>
      </trkpt>
      <trkpt lat="45.552942" lon="13.796327">
        <ele>26.8</ele>
        <time>2025-01-01T12:35:04Z</time>
      </trkpt>
      <trkpt lat="45.552885" lon="13.796345">
        <ele>26.6</ele>
        <time>2025-01-01T12:35:05Z</time>
      </trkpt>
      <trkpt lat="45.552837" lon="13.796367">
        <ele>26.4</ele>
        <time>2025-01-01T12:35:06Z</time>
      </trkpt>
      <trkpt lat="45.552787" lon="13.796397">
        <ele>26.4</ele>
        <time>2025-01-01T12:35:07Z</time>
      </trkpt>
      <trkpt lat="45.552735" lon="13.79643">
        <ele>26.2</ele>
        <time>2025-01-01T12:35:08Z</time>
      </trkpt>
      <trkpt lat="45.552672" lon="13.796462">
        <ele>25.8</ele>
        <time>2025-01-01T12:35:09Z</time>
      </trkpt>
      <trkpt lat="45.552605" lon="13.796482">
        <ele>25.6</ele>
        <time>2025-01-01T12:35:10Z</time>
      </trkpt>
      <trkpt lat="45.552542" lon="13.7965">
        <ele>25.4</ele>
        <time>2025-01-01T12:35:12Z</time>
      </trkpt>
      <trkpt lat="45.552422" lon="13.796537">
        <ele>25.0</ele>
        <time>2025-01-01T12:35:14Z</time>
      </trkpt>
      <trkpt lat="45.552357" lon="13.796547">
        <ele>24.8</ele>
        <time>2025-01-01T12:35:15Z</time>
      </trkpt>
      <trkpt lat="45.5523" lon="13.796527">
        <ele>24.8</ele>
        <time>2025-01-01T12:35:16Z</time>
      </trkpt>
      <trkpt lat="45.55224" lon="13.796502">
        <ele>24.6</ele>
        <time>2025-01-01T12:35:18Z</time>
      </trkpt>
      <trkpt lat="45.552177" lon="13.796477">
        <ele>24.6</ele>
        <time>2025-01-01T12:35:19Z</time>
      </trkpt>
      <trkpt lat="45.552117" lon="13.796462">
        <ele>24.4</ele>
        <time>2025-01-01T12:35:20Z</time>
      </trkpt>
      <trkpt lat="45.552057" lon="13.796432">
        <ele>24.2</ele>
        <time>2025-01-01T12:35:21Z</time>
      </trkpt>
      <trkpt lat="45.552002" lon="13.796395">
        <ele>24.2</ele>
        <time>2025-01-01T12:35:23Z</time>
      </trkpt>
      <trkpt lat="45.551952" lon="13.796347">
        <ele>24.2</ele>
        <time>2025-01-01T12:35:24Z</time>
      </trkpt>
      <trkpt lat="45.5519" lon="13.796302">
        <ele>24.2</ele>
        <time>2025-01-01T12:35:25Z</time>
      </trkpt>
      <trkpt lat="45.551842" lon="13.796265">
        <ele>24.0</ele>
        <time>2025-01-01T12:35:26Z</time>
      </trkpt>
      <trkpt lat="45.55179" lon="13.796225">
        <ele>23.8</ele>
        <time>2025-01-01T12:35:27Z</time>
      </trkpt>
      <trkpt lat="45.551727" lon="13.796152">
        <ele>23.6</ele>
        <time>2025-01-01T12:35:29Z</time>
      </trkpt>
      <trkpt lat="45.551672" lon="13.796085">
        <ele>23.4</ele>
        <time>2025-01-01T12:35:30Z</time>
      </trkpt>
      <trkpt lat="45.551622" lon="13.79601">
        <ele>23.2</ele>
        <time>2025-01-01T12:35:32Z</time>
      </trkpt>
      <trkpt lat="45.551562" lon="13.795932">
        <ele>23.0</ele>
        <time>2025-01-01T12:35:33Z</time>
      </trkpt>
      <trkpt lat="45.551517" lon="13.795857">
        <ele>22.8</ele>
        <time>2025-01-01T12:35:35Z</time>
      </trkpt>
      <trkpt lat="45.551467" lon="13.79577">
        <ele>22.6</ele>
        <time>2025-01-01T12:35:36Z</time>
      </trkpt>
      <trkpt lat="45.55142" lon="13.795697">
        <ele>22.4</ele>
        <time>2025-01-01T12:35:37Z</time>
      </trkpt>
      <trkpt lat="45.55136" lon="13.795622">
        <ele>22.2</ele>
        <time>2025-01-01T12:35:39Z</time>
      </trkpt>
      <trkpt lat="45.5513" lon="13.795537">
        <ele>22.0</ele>
        <time>2025-01-01T12:35:41Z</time>
      </trkpt>
      <trkpt lat="45.551232" lon="13.795445">
        <ele>21.6</ele>
        <time>2025-01-01T12:35:42Z</time>
      </trkpt>
      <trkpt lat="45.551175" lon="13.795342">
        <ele>21.4</ele>
        <time>2025-01-01T12:35:44Z</time>
      </trkpt>
      <trkpt lat="45.55111" lon="13.795257">
        <ele>21.0</ele>
        <time>2025-01-01T12:35:46Z</time>
      </trkpt>
      <trkpt lat="45.551047" lon="13.795162">
        <ele>20.6</ele>
        <time>2025-01-01T12:35:47Z</time>
      </trkpt>
      <trkpt lat="45.550975" lon="13.795052">
        <ele>20.4</ele>
        <time>2025-01-01T12:35:49Z</time>
      </trkpt>
      <trkpt lat="45.550922" lon="13.794932">
        <ele>20.2</ele>
        <time>2025-01-01T12:35:51Z</time>
      </trkpt>
      <trkpt lat="45.550882" lon="13.79483">
        <ele>20.0</ele>
        <time>2025-01-01T12:35:53Z</time>
      </trkpt>
      <trkpt lat="45.55084" lon="13.794732">
        <ele>20.4</ele>
        <time>2025-01-01T12:35:55Z</time>
      </trkpt>
      <trkpt lat="45.550802" lon="13.794637">
        <ele>20.6</ele>
        <time>2025-01-01T12:35:57Z</time>
      </trkpt>
      <trkpt lat="45.550765" lon="13.794537">
        <ele>20.8</ele>
        <time>2025-01-01T12:35:59Z</time>
      </trkpt>
      <trkpt lat="45.550732" lon="13.79444">
        <ele>20.8</ele>
        <time>2025-01-01T12:36:01Z</time>
      </trkpt>
      <trkpt lat="45.550702" lon="13.79434">
        <ele>21.0</ele>
        <time>2025-01-01T12:36:03Z</time>
      </trkpt>
      <trkpt lat="45.550672" lon="13.794235">
        <ele>21.0</ele>
        <time>2025-01-01T12:36:04Z</time>
      </trkpt>
      <trkpt lat="45.550647" lon="13.794132">
        <ele>21.0</ele>
        <time>2025-01-01T12:36:06Z</time>
      </trkpt>
      <trkpt lat="45.550622" lon="13.794027">
        <ele>20.8</ele>
        <time>2025-01-01T12:36:08Z</time>
      </trkpt>
      <trkpt lat="45.550607" lon="13.79392">
        <ele>20.6</ele>
        <time>2025-01-01T12:36:09Z</time>
      </trkpt>
      <trkpt lat="45.550592" lon="13.793817">
        <ele>20.6</ele>
        <time>2025-01-01T12:36:11Z</time>
      </trkpt>
      <trkpt lat="45.550587" lon="13.793712">
        <ele>20.4</ele>
        <time>2025-01-01T12:36:12Z</time>
      </trkpt>
      <trkpt lat="45.550595" lon="13.793607">
        <ele>20.4</ele>
        <time>2025-01-01T12:36:14Z</time>
      </trkpt>
      <trkpt lat="45.550617" lon="13.793507">
        <ele>20.4</ele>
        <time>2025-01-01T12:36:15Z</time>
      </trkpt>
      <trkpt lat="45.550647" lon="13.793412">
        <ele>20.4</ele>
        <time>2025-01-01T12:36:17Z</time>
      </trkpt>
      <trkpt lat="45.550717" lon="13.793225">
        <ele>20.4</ele>
        <time>2025-01-01T12:36:20Z</time>
      </trkpt>
      <trkpt lat="45.550752" lon="13.793142">
        <ele>20.6</ele>
        <time>2025-01-01T12:36:22Z</time>
      </trkpt>
      <trkpt lat="45.550782" lon="13.793067">
        <ele>20.4</ele>
        <time>2025-01-01T12:36:23Z</time>
      </trkpt>
      <trkpt lat="45.550815" lon="13.793002">
        <ele>20.2</ele>
        <time>2025-01-01T12:36:24Z</time>
      </trkpt>
      <trkpt lat="45.550837" lon="13.792942">
        <ele>19.8</ele>
        <time>2025-01-01T12:36:25Z</time>
      </trkpt>
      <trkpt lat="45.550837" lon="13.792877">
        <ele>19.4</ele>
        <time>2025-01-01T12:36:25Z</time>
      </trkpt>
      <trkpt lat="45.550815" lon="13.792807">
        <ele>19.0</ele>
        <time>2025-01-01T12:36:26Z</time>
      </trkpt>
      <trkpt lat="45.550795" lon="13.79275">
        <ele>18.6</ele>
        <time>2025-01-01T12:36:27Z</time>
      </trkpt>
      <trkpt lat="45.550767" lon="13.792682">
        <ele>18.2</ele>
        <time>2025-01-01T12:36:28Z</time>
      </trkpt>
      <trkpt lat="45.550732" lon="13.792635">
        <ele>17.8</ele>
        <time>2025-01-01T12:36:28Z</time>
      </trkpt>
      <trkpt lat="45.550697" lon="13.792587">
        <ele>17.4</ele>
        <time>2025-01-01T12:36:29Z</time>
      </trkpt>
      <trkpt lat="45.550672" lon="13.792532">
        <ele>17.2</ele>
        <time>2025-01-01T12:36:30Z</time>
      </trkpt>
      <trkpt lat="45.550657" lon="13.792467">
        <ele>17.0</ele>
        <time>2025-01-01T12:36:31Z</time>
      </trkpt>
      <trkpt lat="45.550647" lon="13.792402">
        <ele>17.0</ele>
        <time>2025-01-01T12:36:32Z</time>
      </trkpt>
      <trkpt lat="45.550645" lon="13.792332">
        <ele>17.0</ele>
        <time>2025-01-01T12:36:33Z</time>
      </trkpt>
      <trkpt lat="45.55064" lon="13.792332">
        <ele>8.11</ele>
        <time>2025-01-01T12:36:33Z</time>
      </trkpt>
      <trkpt lat="45.550675" lon="13.791371">
        <ele>7.86</ele>
        <time>2025-01-01T12:36:47Z</time>
      </trkpt>
      <trkpt lat="45.550713" lon="13.790858">
        <ele>7.55</ele>
        <time>2025-01-01T12:36:55Z</time>
      </trkpt>
      <trkpt lat="45.550723" lon="13.790561">
        <ele>7.77</ele>
        <time>2025-01-01T12:37:00Z</time>
      </trkpt>
      <trkpt lat="45.550776" lon="13.789189">
        <ele>7.0</ele>
        <time>2025-01-01T12:37:20Z</time>
      </trkpt>
      <trkpt lat="45.550768" lon="13.788907">
        <ele>7.05</ele>
        <time>2025-01-01T12:37:24Z</time>
      </trkpt>
      <trkpt lat="45.55077" lon="13.788907">
        <ele>15.8</ele>
        <time>2025-01-01T12:37:24Z</time>
      </trkpt>
      <trkpt lat="45.550768" lon="13.788907">
        <ele>7.05</ele>
        <time>2025-01-01T12:37:24Z</time>
      </trkpt>
      <trkpt lat="45.550744" lon="13.788636">
        <ele>7.6</ele>
        <time>2025-01-01T12:37:29Z</time>
      </trkpt>
      <trkpt lat="45.550694" lon="13.788363">
        <ele>7.71</ele>
        <time>2025-01-01T12:37:34Z</time>
      </trkpt>
      <trkpt lat="45.550603" lon="13.788082">
        <ele>7.28</ele>
        <time>2025-01-01T12:37:38Z</time>
      </trkpt>
      <trkpt lat="45.550517" lon="13.787836">
        <ele>7.91</ele>
        <time>2025-01-01T12:37:43Z</time>
      </trkpt>
      <trkpt lat="45.550298" lon="13.787198">
        <ele>7.61</ele>
        <time>2025-01-01T12:37:54Z</time>
      </trkpt>
      <trkpt lat="45.550079" lon="13.786239">
        <ele>6.5</ele>
        <time>2025-01-01T12:38:08Z</time>
      </trkpt>
      <trkpt lat="45.549514" lon="13.782374">
        <ele>5.16</ele>
        <time>2025-01-01T12:39:07Z</time>
      </trkpt>
      <trkpt lat="45.549514" lon="13.782374">
        <ele>5.16</ele>
        <time>2025-01-01T12:39:07Z</time>
      </trkpt>
      <trkpt lat="45.5494" lon="13.781593">
        <ele>4.89</ele>
        <time>2025-01-01T12:39:19Z</time>
      </trkpt>
      <trkpt lat="45.549373" lon="13.781516">
        <ele>4.78</ele>
        <time>2025-01-01T12:39:20Z</time>
      </trkpt>
      <trkpt lat="45.549373" lon="13.781354">
        <ele>4.67</ele>
        <time>2025-01-01T12:39:23Z</time>
      </trkpt>
      <trkpt lat="45.549324" lon="13.780665">
        <ele>5.0</ele>
        <time>2025-01-01T12:39:34Z</time>
      </trkpt>
      <trkpt lat="45.549324" lon="13.780665">
        <ele>5.0</ele>
        <time>2025-01-01T12:39:34Z</time>
      </trkpt>
      <trkpt lat="45.5493" lon="13.780027">
        <ele>5.0</ele>
        <time>2025-01-01T12:39:44Z</time>
      </trkpt>
      <trkpt lat="45.549317" lon="13.77939">
        <ele>5.0</ele>
        <time>2025-01-01T12:39:54Z</time>
      </trkpt>
      <trkpt lat="45.549353" lon="13.779031">
        <ele>4.84</ele>
        <time>2025-01-01T12:39:59Z</time>
      </trkpt>
      <trkpt lat="45.549537" lon="13.777652">
        <ele>4.77</ele>
        <time>2025-01-01T12:40:21Z</time>
      </trkpt>
      <trkpt lat="45.550025" lon="13.773951">
        <ele>4.64</ele>
        <time>2025-01-01T12:41:18Z</time>
      </trkpt>
      <trkpt lat="45.550042" lon="13.773891">
        <ele>4.99</ele>
        <time>2025-01-01T12:41:20Z</time>
      </trkpt>
      <trkpt lat="45.550096" lon="13.773798">
        <ele>4.66</ele>
        <time>2025-01-01T12:41:21Z</time>
      </trkpt>
      <trkpt lat="45.550043" lon="13.773697">
        <ele>4.78</ele>
        <time>2025-01-01T12:41:23Z</time>
      </trkpt>
      <trkpt lat="45.550062" lon="13.773677">
        <ele>14.2</ele>
        <time>2025-01-01T12:41:25Z</time>
      </trkpt>
      <trkpt lat="45.550047" lon="13.773632">
        <ele>14.4</ele>
        <time>2025-01-01T12:41:26Z</time>
      </trkpt>
      <trkpt lat="45.550022" lon="13.773587">
        <ele>14.4</ele>
        <time>2025-01-01T12:41:27Z</time>
      </trkpt>
      <trkpt lat="45.55" lon="13.773547">
        <ele>14.4</ele>
        <time>2025-01-01T12:41:28Z</time>
      </trkpt>
      <trkpt lat="45.549977" lon="13.773505">
        <ele>14.2</ele>
        <time>2025-01-01T12:41:29Z</time>
      </trkpt>
      <trkpt lat="45.549957" lon="13.773462">
        <ele>14.4</ele>
        <time>2025-01-01T12:41:30Z</time>
      </trkpt>
      <trkpt lat="45.549937" lon="13.773422">
        <ele>14.4</ele>
        <time>2025-01-01T12:41:30Z</time>
      </trkpt>
      <trkpt lat="45.549915" lon="13.773382">
        <ele>14.4</ele>
        <time>2025-01-01T12:41:31Z</time>
      </trkpt>
      <trkpt lat="45.549895" lon="13.773337">
        <ele>14.4</ele>
        <time>2025-01-01T12:41:32Z</time>
      </trkpt>
      <trkpt lat="45.54985" lon="13.773242">
        <ele>14.4</ele>
        <time>2025-01-01T12:41:34Z</time>
      </trkpt>
      <trkpt lat="45.54983" lon="13.773192">
        <ele>14.4</ele>
        <time>2025-01-01T12:41:35Z</time>
      </trkpt>
      <trkpt lat="45.549807" lon="13.773142">
        <ele>14.4</ele>
        <time>2025-01-01T12:41:36Z</time>
      </trkpt>
      <trkpt lat="45.549787" lon="13.773087">
        <ele>14.4</ele>
        <time>2025-01-01T12:41:37Z</time>
      </trkpt>
      <trkpt lat="45.549762" lon="13.773037">
        <ele>14.4</ele>
        <time>2025-01-01T12:41:38Z</time>
      </trkpt>
      <trkpt lat="45.549742" lon="13.77298">
        <ele>14.6</ele>
        <time>2025-01-01T12:41:39Z</time>
      </trkpt>
      <trkpt lat="45.54972" lon="13.772922">
        <ele>14.6</ele>
        <time>2025-01-01T12:41:40Z</time>
      </trkpt>
      <trkpt lat="45.549697" lon="13.772867">
        <ele>14.8</ele>
        <time>2025-01-01T12:41:41Z</time>
      </trkpt>
      <trkpt lat="45.54967" lon="13.772812">
        <ele>14.8</ele>
        <time>2025-01-01T12:41:42Z</time>
      </trkpt>
      <trkpt lat="45.549652" lon="13.772755">
        <ele>14.8</ele>
        <time>2025-01-01T12:41:43Z</time>
      </trkpt>
      <trkpt lat="45.549632" lon="13.772692">
        <ele>14.6</ele>
        <time>2025-01-01T12:41:44Z</time>
      </trkpt>
      <trkpt lat="45.549612" lon="13.772625">
        <ele>14.4</ele>
        <time>2025-01-01T12:41:45Z</time>
      </trkpt>
      <trkpt lat="45.54959" lon="13.77256">
        <ele>14.4</ele>
        <time>2025-01-01T12:41:46Z</time>
      </trkpt>
      <trkpt lat="45.549572" lon="13.7725">
        <ele>14.2</ele>
        <time>2025-01-01T12:41:47Z</time>
      </trkpt>
      <trkpt lat="45.549547" lon="13.772452">
        <ele>14.0</ele>
        <time>2025-01-01T12:41:47Z</time>
      </trkpt>
      <trkpt lat="45.549527" lon="13.772412">
        <ele>14.0</ele>
        <time>2025-01-01T12:41:48Z</time>
      </trkpt>
      <trkpt lat="45.549512" lon="13.772372">
        <ele>14.0</ele>
        <time>2025-01-01T12:41:49Z</time>
      </trkpt>
      <trkpt lat="45.549492" lon="13.77232">
        <ele>14.0</ele>
        <time>2025-01-01T12:41:50Z</time>
      </trkpt>
      <trkpt lat="45.549472" lon="13.772262">
        <ele>13.8</ele>
        <time>2025-01-01T12:41:51Z</time>
      </trkpt>
      <trkpt lat="45.549452" lon="13.772207">
        <ele>13.8</ele>
        <time>2025-01-01T12:41:52Z</time>
      </trkpt>
      <trkpt lat="45.549437" lon="13.772147">
        <ele>13.8</ele>
        <time>2025-01-01T12:41:52Z</time>
      </trkpt>
      <trkpt lat="45.549417" lon="13.772073">
        <ele>14.0</ele>
        <time>2025-01-01T12:41:54Z</time>
      </trkpt>
      <trkpt lat="45.549402" lon="13.77202">
        <ele>14.2</ele>
        <time>2025-01-01T12:41:55Z</time>
      </trkpt>
      <trkpt lat="45.549392" lon="13.771967">
        <ele>14.2</ele>
        <time>2025-01-01T12:41:56Z</time>
      </trkpt>
      <trkpt lat="45.549362" lon="13.771915">
        <ele>14.4</ele>
        <time>2025-01-01T12:41:57Z</time>
      </trkpt>
      <trkpt lat="45.549337" lon="13.771847">
        <ele>14.6</ele>
        <time>2025-01-01T12:41:59Z</time>
      </trkpt>
      <trkpt lat="45.549325" lon="13.771772">
        <ele>14.8</ele>
        <time>2025-01-01T12:42:00Z</time>
      </trkpt>
      <trkpt lat="45.54931" lon="13.7717">
        <ele>14.8</ele>
        <time>2025-01-01T12:42:01Z</time>
      </trkpt>
      <trkpt lat="45.549282" lon="13.771627">
        <ele>15.0</ele>
        <time>2025-01-01T12:42:03Z</time>
      </trkpt>
      <trkpt lat="45.549262" lon="13.77156">
        <ele>15.2</ele>
        <time>2025-01-01T12:42:04Z</time>
      </trkpt>
      <trkpt lat="45.549245" lon="13.771497">
        <ele>15.2</ele>
        <time>2025-01-01T12:42:05Z</time>
      </trkpt>
      <trkpt lat="45.549227" lon="13.771435">
        <ele>15.4</ele>
        <time>2025-01-01T12:42:07Z</time>
      </trkpt>
      <trkpt lat="45.549215" lon="13.771367">
        <ele>15.4</ele>
        <time>2025-01-01T12:42:08Z</time>
      </trkpt>
      <trkpt lat="45.5492" lon="13.771302">
        <ele>15.4</ele>
        <time>2025-01-01T12:42:09Z</time>
      </trkpt>
      <trkpt lat="45.549182" lon="13.77124">
        <ele>15.4</ele>
        <time>2025-01-01T12:42:10Z</time>
      </trkpt>
      <trkpt lat="45.549157" lon="13.771172">
        <ele>15.6</ele>
        <time>2025-01-01T12:42:11Z</time>
      </trkpt>
      <trkpt lat="45.549135" lon="13.771095">
        <ele>15.6</ele>
        <time>2025-01-01T12:42:12Z</time>
      </trkpt>
      <trkpt lat="45.549115" lon="13.771027">
        <ele>15.6</ele>
        <time>2025-01-01T12:42:14Z</time>
      </trkpt>
      <trkpt lat="45.549097" lon="13.770965">
        <ele>15.4</ele>
        <time>2025-01-01T12:42:14Z</time>
      </trkpt>
      <trkpt lat="45.54908" lon="13.770898">
        <ele>15.4</ele>
        <time>2025-01-01T12:42:16Z</time>
      </trkpt>
      <trkpt lat="45.54907" lon="13.770857">
        <ele>15.4</ele>
        <time>2025-01-01T12:42:16Z</time>
      </trkpt>
      <trkpt lat="45.549027" lon="13.770732">
        <ele>15.4</ele>
        <time>2025-01-01T12:42:18Z</time>
      </trkpt>
      <trkpt lat="45.54901" lon="13.770662">
        <ele>15.6</ele>
        <time>2025-01-01T12:42:20Z</time>
      </trkpt>
      <trkpt lat="45.548987" lon="13.7706">
        <ele>15.6</ele>
        <time>2025-01-01T12:42:21Z</time>
      </trkpt>
      <trkpt lat="45.548968" lon="13.770535">
        <ele>15.8</ele>
        <time>2025-01-01T12:42:22Z</time>
      </trkpt>
      <trkpt lat="45.548957" lon="13.770462">
        <ele>15.8</ele>
        <time>2025-01-01T12:42:23Z</time>
      </trkpt>
      <trkpt lat="45.548935" lon="13.770392">
        <ele>15.8</ele>
        <time>2025-01-01T12:42:25Z</time>
      </trkpt>
      <trkpt lat="45.548917" lon="13.770335">
        <ele>16.0</ele>
        <time>2025-01-01T12:42:26Z</time>
      </trkpt>
      <trkpt lat="45.548892" lon="13.770272">
        <ele>16.0</ele>
        <time>2025-01-01T12:42:27Z</time>
      </trkpt>
      <trkpt lat="45.548875" lon="13.770212">
        <ele>16.2</ele>
        <time>2025-01-01T12:42:28Z</time>
      </trkpt>
      <trkpt lat="45.548847" lon="13.770137">
        <ele>16.2</ele>
        <time>2025-01-01T12:42:29Z</time>
      </trkpt>
      <trkpt lat="45.548822" lon="13.77007">
        <ele>16.2</ele>
        <time>2025-01-01T12:42:31Z</time>
      </trkpt>
      <trkpt lat="45.548805" lon="13.769997">
        <ele>16.2</ele>
        <time>2025-01-01T12:42:32Z</time>
      </trkpt>
      <trkpt lat="45.548772" lon="13.769927">
        <ele>16.2</ele>
        <time>2025-01-01T12:42:33Z</time>
      </trkpt>
      <trkpt lat="45.548743" lon="13.769857">
        <ele>16.4</ele>
        <time>2025-01-01T12:42:35Z</time>
      </trkpt>
      <trkpt lat="45.548717" lon="13.76979">
        <ele>16.4</ele>
        <time>2025-01-01T12:42:36Z</time>
      </trkpt>
      <trkpt lat="45.548687" lon="13.769723">
        <ele>16.6</ele>
        <time>2025-01-01T12:42:37Z</time>
      </trkpt>
      <trkpt lat="45.548657" lon="13.769662">
        <ele>16.6</ele>
        <time>2025-01-01T12:42:38Z</time>
      </trkpt>
      <trkpt lat="45.548627" lon="13.769605">
        <ele>16.6</ele>
        <time>2025-01-01T12:42:40Z</time>
      </trkpt>
      <trkpt lat="45.54861" lon="13.769545">
        <ele>16.8</ele>
        <time>2025-01-01T12:42:41Z</time>
      </trkpt>
      <trkpt lat="45.548585" lon="13.769487">
        <ele>16.8</ele>
        <time>2025-01-01T12:42:42Z</time>
      </trkpt>
      <trkpt lat="45.548567" lon="13.769432">
        <ele>17.0</ele>
        <time>2025-01-01T12:42:43Z</time>
      </trkpt>
      <trkpt lat="45.548545" lon="13.769377">
        <ele>17.0</ele>
        <time>2025-01-01T12:42:44Z</time>
      </trkpt>
      <trkpt lat="45.548522" lon="13.769322">
        <ele>17.0</ele>
        <time>2025-01-01T12:42:45Z</time>
      </trkpt>
      <trkpt lat="45.548502" lon="13.769267">
        <ele>17.0</ele>
        <time>2025-01-01T12:42:46Z</time>
      </trkpt>
      <trkpt lat="45.548482" lon="13.769212">
        <ele>17.0</ele>
        <time>2025-01-01T12:42:47Z</time>
      </trkpt>
      <trkpt lat="45.548455" lon="13.769125">
        <ele>17.0</ele>
        <time>2025-01-01T12:42:48Z</time>
      </trkpt>
      <trkpt lat="45.548427" lon="13.769067">
        <ele>17.0</ele>
        <time>2025-01-01T12:42:49Z</time>
      </trkpt>
      <trkpt lat="45.548397" lon="13.769005">
        <ele>17.0</ele>
        <time>2025-01-01T12:42:51Z</time>
      </trkpt>
      <trkpt lat="45.54837" lon="13.768947">
        <ele>17.0</ele>
        <time>2025-01-01T12:42:52Z</time>
      </trkpt>
      <trkpt lat="45.54835" lon="13.768897">
        <ele>17.0</ele>
        <time>2025-01-01T12:42:53Z</time>
      </trkpt>
      <trkpt lat="45.548322" lon="13.768847">
        <ele>17.0</ele>
        <time>2025-01-01T12:42:54Z</time>
      </trkpt>
      <trkpt lat="45.548292" lon="13.768797">
        <ele>17.0</ele>
        <time>2025-01-01T12:42:55Z</time>
      </trkpt>
      <trkpt lat="45.548267" lon="13.76875">
        <ele>17.0</ele>
        <time>2025-01-01T12:42:55Z</time>
      </trkpt>
      <trkpt lat="45.54824" lon="13.768697">
        <ele>17.0</ele>
        <time>2025-01-01T12:42:56Z</time>
      </trkpt>
      <trkpt lat="45.548217" lon="13.768642">
        <ele>17.0</ele>
        <time>2025-01-01T12:42:57Z</time>
      </trkpt>
      <trkpt lat="45.548192" lon="13.768577">
        <ele>17.0</ele>
        <time>2025-01-01T12:42:59Z</time>
      </trkpt>
      <trkpt lat="45.548162" lon="13.76851">
        <ele>17.0</ele>
        <time>2025-01-01T12:43:00Z</time>
      </trkpt>
      <trkpt lat="45.548142" lon="13.768447">
        <ele>17.0</ele>
        <time>2025-01-01T12:43:01Z</time>
      </trkpt>
      <trkpt lat="45.548127" lon="13.76837">
        <ele>17.0</ele>
        <time>2025-01-01T12:43:02Z</time>
      </trkpt>
      <trkpt lat="45.548107" lon="13.768295">
        <ele>17.2</ele>
        <time>2025-01-01T12:43:04Z</time>
      </trkpt>
      <trkpt lat="45.548092" lon="13.768217">
        <ele>17.4</ele>
        <time>2025-01-01T12:43:05Z</time>
      </trkpt>
      <trkpt lat="45.54806" lon="13.768073">
        <ele>17.6</ele>
        <time>2025-01-01T12:43:08Z</time>
      </trkpt>
      <trkpt lat="45.548042" lon="13.768">
        <ele>17.8</ele>
        <time>2025-01-01T12:43:09Z</time>
      </trkpt>
      <trkpt lat="45.548027" lon="13.767927">
        <ele>18.0</ele>
        <time>2025-01-01T12:43:11Z</time>
      </trkpt>
      <trkpt lat="45.548007" lon="13.767855">
        <ele>18.0</ele>
        <time>2025-01-01T12:43:12Z</time>
      </trkpt>
      <trkpt lat="45.547992" lon="13.767785">
        <ele>18.2</ele>
        <time>2025-01-01T12:43:13Z</time>
      </trkpt>
      <trkpt lat="45.547972" lon="13.767712">
        <ele>18.2</ele>
        <time>2025-01-01T12:43:14Z</time>
      </trkpt>
      <trkpt lat="45.547957" lon="13.767637">
        <ele>18.2</ele>
        <time>2025-01-01T12:43:16Z</time>
      </trkpt>
      <trkpt lat="45.547942" lon="13.767557">
        <ele>18.2</ele>
        <time>2025-01-01T12:43:17Z</time>
      </trkpt>
      <trkpt lat="45.547922" lon="13.76748">
        <ele>18.2</ele>
        <time>2025-01-01T12:43:18Z</time>
      </trkpt>
      <trkpt lat="45.547907" lon="13.767402">
        <ele>18.2</ele>
        <time>2025-01-01T12:43:19Z</time>
      </trkpt>
      <trkpt lat="45.54789" lon="13.76733">
        <ele>18.2</ele>
        <time>2025-01-01T12:43:21Z</time>
      </trkpt>
      <trkpt lat="45.547872" lon="13.767252">
        <ele>18.2</ele>
        <time>2025-01-01T12:43:22Z</time>
      </trkpt>
      <trkpt lat="45.547855" lon="13.767177">
        <ele>18.2</ele>
        <time>2025-01-01T12:43:23Z</time>
      </trkpt>
      <trkpt lat="45.547837" lon="13.767102">
        <ele>18.0</ele>
        <time>2025-01-01T12:43:24Z</time>
      </trkpt>
      <trkpt lat="45.54782" lon="13.767027">
        <ele>18.2</ele>
        <time>2025-01-01T12:43:25Z</time>
      </trkpt>
      <trkpt lat="45.547802" lon="13.76695">
        <ele>18.2</ele>
        <time>2025-01-01T12:43:27Z</time>
      </trkpt>
      <trkpt lat="45.547782" lon="13.766875">
        <ele>18.2</ele>
        <time>2025-01-01T12:43:28Z</time>
      </trkpt>
      <trkpt lat="45.547765" lon="13.7668">
        <ele>18.2</ele>
        <time>2025-01-01T12:43:29Z</time>
      </trkpt>
      <trkpt lat="45.547747" lon="13.766727">
        <ele>18.2</ele>
        <time>2025-01-01T12:43:30Z</time>
      </trkpt>
      <trkpt lat="45.547732" lon="13.766655">
        <ele>18.4</ele>
        <time>2025-01-01T12:43:32Z</time>
      </trkpt>
      <trkpt lat="45.547717" lon="13.766582">
        <ele>18.6</ele>
        <time>2025-01-01T12:43:33Z</time>
      </trkpt>
      <trkpt lat="45.547697" lon="13.766512">
        <ele>18.4</ele>
        <time>2025-01-01T12:43:34Z</time>
      </trkpt>
      <trkpt lat="45.547672" lon="13.76644">
        <ele>18.4</ele>
        <time>2025-01-01T12:43:35Z</time>
      </trkpt>
      <trkpt lat="45.54765" lon="13.766372">
        <ele>18.4</ele>
        <time>2025-01-01T12:43:37Z</time>
      </trkpt>
      <trkpt lat="45.547627" lon="13.766307">
        <ele>18.4</ele>
        <time>2025-01-01T12:43:38Z</time>
      </trkpt>
      <trkpt lat="45.547603" lon="13.766245">
        <ele>18.4</ele>
        <time>2025-01-01T12:43:39Z</time>
      </trkpt>
      <trkpt lat="45.547577" lon="13.766185">
        <ele>18.2</ele>
        <time>2025-01-01T12:43:40Z</time>
      </trkpt>
      <trkpt lat="45.547542" lon="13.766127">
        <ele>18.2</ele>
        <time>2025-01-01T12:43:41Z</time>
      </trkpt>
      <trkpt lat="45.547507" lon="13.766067">
        <ele>18.2</ele>
        <time>2025-01-01T12:43:42Z</time>
      </trkpt>
      <trkpt lat="45.54747" lon="13.766015">
        <ele>18.2</ele>
        <time>2025-01-01T12:43:43Z</time>
      </trkpt>
      <trkpt lat="45.54743" lon="13.765962">
        <ele>18.2</ele>
        <time>2025-01-01T12:43:44Z</time>
      </trkpt>
      <trkpt lat="45.54739" lon="13.765922">
        <ele>18.2</ele>
        <time>2025-01-01T12:43:45Z</time>
      </trkpt>
      <trkpt lat="45.54735" lon="13.765887">
        <ele>18.4</ele>
        <time>2025-01-01T12:43:47Z</time>
      </trkpt>
      <trkpt lat="45.547262" lon="13.765807">
        <ele>18.4</ele>
        <time>2025-01-01T12:43:49Z</time>
      </trkpt>
      <trkpt lat="45.547217" lon="13.765772">
        <ele>18.4</ele>
        <time>2025-01-01T12:43:50Z</time>
      </trkpt>
      <trkpt lat="45.547127" lon="13.76572">
        <ele>18.4</ele>
        <time>2025-01-01T12:43:52Z</time>
      </trkpt>
      <trkpt lat="45.547082" lon="13.765682">
        <ele>18.4</ele>
        <time>2025-01-01T12:43:53Z</time>
      </trkpt>
      <trkpt lat="45.54703" lon="13.765657">
        <ele>18.6</ele>
        <time>2025-01-01T12:43:55Z</time>
      </trkpt>
      <trkpt lat="45.546985" lon="13.765617">
        <ele>18.6</ele>
        <time>2025-01-01T12:43:56Z</time>
      </trkpt>
      <trkpt lat="45.546902" lon="13.765537">
        <ele>18.4</ele>
        <time>2025-01-01T12:43:58Z</time>
      </trkpt>
      <trkpt lat="45.546867" lon="13.765497">
        <ele>18.6</ele>
        <time>2025-01-01T12:43:59Z</time>
      </trkpt>
      <trkpt lat="45.54683" lon="13.765455">
        <ele>18.6</ele>
        <time>2025-01-01T12:44:00Z</time>
      </trkpt>
      <trkpt lat="45.546797" lon="13.765417">
        <ele>18.8</ele>
        <time>2025-01-01T12:44:02Z</time>
      </trkpt>
      <trkpt lat="45.546762" lon="13.765375">
        <ele>19.0</ele>
        <time>2025-01-01T12:44:03Z</time>
      </trkpt>
      <trkpt lat="45.54672" lon="13.765327">
        <ele>19.0</ele>
        <time>2025-01-01T12:44:04Z</time>
      </trkpt>
      <trkpt lat="45.546687" lon="13.765277">
        <ele>19.0</ele>
        <time>2025-01-01T12:44:05Z</time>
      </trkpt>
      <trkpt lat="45.546657" lon="13.765227">
        <ele>19.2</ele>
        <time>2025-01-01T12:44:06Z</time>
      </trkpt>
      <trkpt lat="45.546627" lon="13.765172">
        <ele>19.4</ele>
        <time>2025-01-01T12:44:08Z</time>
      </trkpt>
      <trkpt lat="45.546605" lon="13.765112">
        <ele>19.6</ele>
        <time>2025-01-01T12:44:09Z</time>
      </trkpt>
      <trkpt lat="45.546585" lon="13.765047">
        <ele>19.6</ele>
        <time>2025-01-01T12:44:10Z</time>
      </trkpt>
      <trkpt lat="45.54656" lon="13.764987">
        <ele>19.8</ele>
        <time>2025-01-01T12:44:11Z</time>
      </trkpt>
      <trkpt lat="45.546532" lon="13.764927">
        <ele>19.8</ele>
        <time>2025-01-01T12:44:13Z</time>
      </trkpt>
      <trkpt lat="45.54651" lon="13.764865">
        <ele>19.8</ele>
        <time>2025-01-01T12:44:14Z</time>
      </trkpt>
      <trkpt lat="45.546477" lon="13.764817">
        <ele>19.8</ele>
        <time>2025-01-01T12:44:15Z</time>
      </trkpt>
      <trkpt lat="45.546437" lon="13.76476">
        <ele>20.0</ele>
        <time>2025-01-01T12:44:16Z</time>
      </trkpt>
      <trkpt lat="45.5464" lon="13.764692">
        <ele>20.0</ele>
        <time>2025-01-01T12:44:17Z</time>
      </trkpt>
      <trkpt lat="45.54637" lon="13.764625">
        <ele>20.0</ele>
        <time>2025-01-01T12:44:19Z</time>
      </trkpt>
      <trkpt lat="45.546345" lon="13.76456">
        <ele>20.0</ele>
        <time>2025-01-01T12:44:20Z</time>
      </trkpt>
      <trkpt lat="45.546317" lon="13.7645">
        <ele>20.0</ele>
        <time>2025-01-01T12:44:21Z</time>
      </trkpt>
      <trkpt lat="45.546295" lon="13.76444">
        <ele>20.2</ele>
        <time>2025-01-01T12:44:22Z</time>
      </trkpt>
      <trkpt lat="45.546272" lon="13.764385">
        <ele>20.2</ele>
        <time>2025-01-01T12:44:23Z</time>
      </trkpt>
      <trkpt lat="45.546252" lon="13.764335">
        <ele>20.4</ele>
        <time>2025-01-01T12:44:24Z</time>
      </trkpt>
      <trkpt lat="45.546257" lon="13.764262">
        <ele>20.6</ele>
        <time>2025-01-01T12:44:26Z</time>
      </trkpt>
      <trkpt lat="45.546265" lon="13.764195">
        <ele>20.6</ele>
        <time>2025-01-01T12:44:27Z</time>
      </trkpt>
      <trkpt lat="45.546275" lon="13.764152">
        <ele>20.8</ele>
        <time>2025-01-01T12:44:28Z</time>
      </trkpt>
      <trkpt lat="45.546282" lon="13.76412">
        <ele>21.0</ele>
        <time>2025-01-01T12:44:29Z</time>
      </trkpt>
      <trkpt lat="45.546292" lon="13.764095">
        <ele>21.2</ele>
        <time>2025-01-01T12:44:29Z</time>
      </trkpt>
      <trkpt lat="45.5463" lon="13.76408">
        <ele>21.4</ele>
        <time>2025-01-01T12:44:30Z</time>
      </trkpt>
      <trkpt lat="45.546312" lon="13.76407">
        <ele>21.6</ele>
        <time>2025-01-01T12:44:31Z</time>
      </trkpt>
      <trkpt lat="45.546332" lon="13.764072">
        <ele>21.6</ele>
        <time>2025-01-01T12:44:31Z</time>
      </trkpt>
      <trkpt lat="45.546357" lon="13.764065">
        <ele>21.6</ele>
        <time>2025-01-01T12:44:32Z</time>
      </trkpt>
      <trkpt lat="45.546387" lon="13.764057">
        <ele>21.6</ele>
        <time>2025-01-01T12:44:32Z</time>
      </trkpt>
      <trkpt lat="45.546422" lon="13.76405">
        <ele>21.8</ele>
        <time>2025-01-01T12:44:33Z</time>
      </trkpt>
      <trkpt lat="45.546457" lon="13.764042">
        <ele>21.6</ele>
        <time>2025-01-01T12:44:34Z</time>
      </trkpt>
      <trkpt lat="45.546527" lon="13.76401">
        <ele>21.6</ele>
        <time>2025-01-01T12:44:36Z</time>
      </trkpt>
      <trkpt lat="45.546565" lon="13.763992">
        <ele>21.6</ele>
        <time>2025-01-01T12:44:36Z</time>
      </trkpt>
      <trkpt lat="45.546605" lon="13.763972">
        <ele>21.4</ele>
        <time>2025-01-01T12:44:37Z</time>
      </trkpt>
      <trkpt lat="45.546645" lon="13.763952">
        <ele>21.2</ele>
        <time>2025-01-01T12:44:38Z</time>
      </trkpt>
      <trkpt lat="45.546687" lon="13.763932">
        <ele>21.2</ele>
        <time>2025-01-01T12:44:39Z</time>
      </trkpt>
      <trkpt lat="45.54678" lon="13.76389">
        <ele>21.0</ele>
        <time>2025-01-01T12:44:41Z</time>
      </trkpt>
      <trkpt lat="45.546825" lon="13.763862">
        <ele>21.0</ele>
        <time>2025-01-01T12:44:42Z</time>
      </trkpt>
      <trkpt lat="45.546872" lon="13.763827">
        <ele>21.0</ele>
        <time>2025-01-01T12:44:43Z</time>
      </trkpt>
      <trkpt lat="45.546922" lon="13.763792">
        <ele>20.8</ele>
        <time>2025-01-01T12:44:44Z</time>
      </trkpt>
      <trkpt lat="45.54697" lon="13.76376">
        <ele>20.8</ele>
        <time>2025-01-01T12:44:45Z</time>
      </trkpt>
      <trkpt lat="45.547017" lon="13.763732">
        <ele>20.6</ele>
        <time>2025-01-01T12:44:46Z</time>
      </trkpt>
      <trkpt lat="45.547065" lon="13.763712">
        <ele>20.4</ele>
        <time>2025-01-01T12:44:47Z</time>
      </trkpt>
      <trkpt lat="45.547112" lon="13.76369">
        <ele>20.4</ele>
        <time>2025-01-01T12:44:48Z</time>
      </trkpt>
      <trkpt lat="45.547153" lon="13.76367">
        <ele>20.6</ele>
        <time>2025-01-01T12:44:49Z</time>
      </trkpt>
      <trkpt lat="45.547187" lon="13.763632">
        <ele>20.8</ele>
        <time>2025-01-01T12:44:51Z</time>
      </trkpt>
      <trkpt lat="45.547207" lon="13.763582">
        <ele>20.8</ele>
        <time>2025-01-01T12:44:51Z</time>
      </trkpt>
      <trkpt lat="45.547207" lon="13.763527">
        <ele>21.0</ele>
        <time>2025-01-01T12:44:53Z</time>
      </trkpt>
      <trkpt lat="45.547197" lon="13.763482">
        <ele>20.8</ele>
        <time>2025-01-01T12:44:53Z</time>
      </trkpt>
      <trkpt lat="45.5472" lon="13.763478">
        <ele>10.37</ele>
        <time>2025-01-01T12:44:53Z</time>
      </trkpt>
      <trkpt lat="45.54699" lon="13.763139">
        <ele>8.54</ele>
        <time>2025-01-01T12:44:58Z</time>
      </trkpt>
      <trkpt lat="45.54689" lon="13.762905">
        <ele>7.48</ele>
        <time>2025-01-01T12:45:01Z</time>
      </trkpt>
      <trkpt lat="45.546257" lon="13.761254">
        <ele>5.71</ele>
        <time>2025-01-01T12:45:28Z</time>
      </trkpt>
      <trkpt lat="45.545754" lon="13.759887">
        <ele>4.97</ele>
        <time>2025-01-01T12:45:51Z</time>
      </trkpt>
      <trkpt lat="45.545679" lon="13.759683">
        <ele>4.86</ele>
        <time>2025-01-01T12:45:55Z</time>
      </trkpt>
      <trkpt lat="45.545306" lon="13.758684">
        <ele>5.48</ele>
        <time>2025-01-01T12:46:13Z</time>
      </trkpt>
      <trkpt lat="45.545219" lon="13.758367">
        <ele>5.88</ele>
        <time>2025-01-01T12:46:19Z</time>
      </trkpt>
      <trkpt lat="45.545139" lon="13.757959">
        <ele>5.93</ele>
        <time>2025-01-01T12:46:25Z</time>
      </trkpt>
      <trkpt lat="45.545027" lon="13.757633">
        <ele>5.26</ele>
        <time>2025-01-01T12:46:30Z</time>
      </trkpt>
      <trkpt lat="45.545027" lon="13.757633">
        <ele>5.26</ele>
        <time>2025-01-01T12:46:30Z</time>
      </trkpt>
      <trkpt lat="45.545009" lon="13.75758">
        <ele>5.15</ele>
        <time>2025-01-01T12:46:31Z</time>
      </trkpt>
      <trkpt lat="45.544162" lon="13.755743">
        <ele>2.47</ele>
        <time>2025-01-01T12:47:02Z</time>
      </trkpt>
      <trkpt lat="45.543097" lon="13.753453">
        <ele>2.92</ele>
        <time>2025-01-01T12:47:44Z</time>
      </trkpt>
      <trkpt lat="45.542187" lon="13.751326">
        <ele>3.59</ele>
        <time>2025-01-01T12:48:24Z</time>
      </trkpt>
      <trkpt lat="45.541865" lon="13.750551">
        <ele>3.88</ele>
        <time>2025-01-01T12:48:38Z</time>
      </trkpt>
      <trkpt lat="45.541865" lon="13.750551">
        <ele>3.88</ele>
        <time>2025-01-01T12:48:38Z</time>
      </trkpt>
      <trkpt lat="45.541255" lon="13.749085">
        <ele>4.35</ele>
        <time>2025-01-01T12:49:05Z</time>
      </trkpt>
      <trkpt lat="45.54126" lon="13.74908">
        <ele>12.4</ele>
        <time>2025-01-01T12:49:05Z</time>
      </trkpt>
      <trkpt lat="45.541255" lon="13.749085">
        <ele>4.35</ele>
        <time>2025-01-01T12:49:05Z</time>
      </trkpt>
      <trkpt lat="45.540429" lon="13.74715">
        <ele>4.39</ele>
        <time>2025-01-01T12:49:40Z</time>
      </trkpt>
      <trkpt lat="45.540075" lon="13.746205">
        <ele>3.77</ele>
        <time>2025-01-01T12:49:56Z</time>
      </trkpt>
      <trkpt lat="45.539649" lon="13.745146">
        <ele>3.53</ele>
        <time>2025-01-01T12:50:14Z</time>
      </trkpt>
      <trkpt lat="45.539059" lon="13.743988">
        <ele>4.71</ele>
        <time>2025-01-01T12:50:38Z</time>
      </trkpt>
      <trkpt lat="45.538618" lon="13.742936">
        <ele>4.52</ele>
        <time>2025-01-01T12:50:56Z</time>
      </trkpt>
      <trkpt lat="45.538618" lon="13.742936">
        <ele>4.52</ele>
        <time>2025-01-01T12:50:56Z</time>
      </trkpt>
      <trkpt lat="45.538618" lon="13.742936">
        <ele>4.52</ele>
        <time>2025-01-01T12:50:56Z</time>
      </trkpt>
      <trkpt lat="45.538325" lon="13.742153">
        <ele>4.27</ele>
        <time>2025-01-01T12:51:10Z</time>
      </trkpt>
      <trkpt lat="45.538066" lon="13.741386">
        <ele>4.02</ele>
        <time>2025-01-01T12:51:23Z</time>
      </trkpt>
      <trkpt lat="45.53794" lon="13.740836">
        <ele>3.9</ele>
        <time>2025-01-01T12:51:31Z</time>
      </trkpt>
      <trkpt lat="45.537683" lon="13.739875">
        <ele>3.8</ele>
        <time>2025-01-01T12:51:47Z</time>
      </trkpt>
      <trkpt lat="45.537683" lon="13.739875">
        <ele>3.8</ele>
        <time>2025-01-01T12:51:47Z</time>
      </trkpt>
      <trkpt lat="45.537615" lon="13.739529">
        <ele>3.28</ele>
        <time>2025-01-01T12:51:52Z</time>
      </trkpt>
      <trkpt lat="45.537614" lon="13.739401">
        <ele>3.29</ele>
        <time>2025-01-01T12:51:54Z</time>
      </trkpt>
      <trkpt lat="45.537623" lon="13.739313">
        <ele>3.21</ele>
        <time>2025-01-01T12:51:55Z</time>
      </trkpt>
      <trkpt lat="45.537679" lon="13.739124">
        <ele>2.66</ele>
        <time>2025-01-01T12:51:58Z</time>
      </trkpt>
      <trkpt lat="45.537683" lon="13.738947">
        <ele>2.0</ele>
        <time>2025-01-01T12:52:00Z</time>
      </trkpt>
      <trkpt lat="45.537574" lon="13.737719">
        <ele>2.0</ele>
        <time>2025-01-01T12:52:19Z</time>
      </trkpt>
      <trkpt lat="45.537575" lon="13.737583">
        <ele>1.97</ele>
        <time>2025-01-01T12:52:21Z</time>
      </trkpt>
      <trkpt lat="45.537606" lon="13.737518">
        <ele>1.66</ele>
        <time>2025-01-01T12:52:22Z</time>
      </trkpt>
      <trkpt lat="45.537606" lon="13.737518">
        <ele>1.66</ele>
        <time>2025-01-01T12:52:22Z</time>
      </trkpt>
      <trkpt lat="45.537606" lon="13.737518">
        <ele>1.66</ele>
        <time>2025-01-01T12:52:22Z</time>
      </trkpt>
      <trkpt lat="45.537621" lon="13.737489">
        <ele>1.52</ele>
        <time>2025-01-01T12:52:22Z</time>
      </trkpt>
      <trkpt lat="45.537621" lon="13.737489">
        <ele>1.52</ele>
        <time>2025-01-01T12:52:22Z</time>
      </trkpt>
      <trkpt lat="45.537668" lon="13.737469">
        <ele>1.25</ele>
        <time>2025-01-01T12:52:23Z</time>
      </trkpt>
      <trkpt lat="45.537854" lon="13.737481">
        <ele>1.8</ele>
        <time>2025-01-01T12:52:28Z</time>
      </trkpt>
      <trkpt lat="45.537877" lon="13.737463">
        <ele>1.92</ele>
        <time>2025-01-01T12:52:29Z</time>
      </trkpt>
      <trkpt lat="45.537891" lon="13.737429">
        <ele>2.0</ele>
        <time>2025-01-01T12:52:29Z</time>
      </trkpt>
      <trkpt lat="45.53802" lon="13.737456">
        <ele>2.0</ele>
        <time>2025-01-01T12:52:32Z</time>
      </trkpt>
      <trkpt lat="45.538028" lon="13.737411">
        <ele>2.0</ele>
        <time>2025-01-01T12:52:33Z</time>
      </trkpt>
      <trkpt lat="45.538401" lon="13.737228">
        <ele>1.91</ele>
        <time>2025-01-01T12:52:42Z</time>
      </trkpt>
      <trkpt lat="45.538401" lon="13.737228">
        <ele>1.91</ele>
        <time>2025-01-01T12:52:42Z</time>
      </trkpt>
      <trkpt lat="45.538528" lon="13.73717">
        <ele>1.86</ele>
        <time>2025-01-01T12:52:44Z</time>
      </trkpt>
      <trkpt lat="45.538587" lon="13.737198">
        <ele>1.75</ele>
        <time>2025-01-01T12:52:46Z</time>
      </trkpt>
      <trkpt lat="45.538805" lon="13.737355">
        <ele>2.0</ele>
        <time>2025-01-01T12:52:51Z</time>
      </trkpt>
      <trkpt lat="45.538833" lon="13.73736">
        <ele>2.0</ele>
        <time>2025-01-01T12:52:52Z</time>
      </trkpt>
      <trkpt lat="45.53886" lon="13.737342">
        <ele>2.0</ele>
        <time>2025-01-01T12:52:53Z</time>
      </trkpt>
      <trkpt lat="45.53886" lon="13.737342">
        <ele>2.0</ele>
        <time>2025-01-01T12:52:53Z</time>
      </trkpt>
      <trkpt lat="45.538876" lon="13.737325">
        <ele>2.0</ele>
        <time>2025-01-01T12:52:53Z</time>
      </trkpt>
      <trkpt lat="45.538888" lon="13.737283">
        <ele>2.0</ele>
        <time>2025-01-01T12:52:54Z</time>
      </trkpt>
      <trkpt lat="45.538888" lon="13.737283">
        <ele>2.0</ele>
        <time>2025-01-01T12:52:54Z</time>
      </trkpt>
      <trkpt lat="45.539062" lon="13.736646">
        <ele>2.0</ele>
        <time>2025-01-01T12:53:04Z</time>
      </trkpt>
      <trkpt lat="45.539129" lon="13.736549">
        <ele>2.0</ele>
        <time>2025-01-01T12:53:06Z</time>
      </trkpt>
      <trkpt lat="45.539167" lon="13.736526">
        <ele>2.0</ele>
        <time>2025-01-01T12:53:07Z</time>
      </trkpt>
      <trkpt lat="45.539256" lon="13.736496">
        <ele>1.85</ele>
        <time>2025-01-01T12:53:09Z</time>
      </trkpt>
      <trkpt lat="45.539276" lon="13.73649">
        <ele>1.78</ele>
        <time>2025-01-01T12:53:09Z</time>
      </trkpt>
    </trkseg>
  </trk>
</gpx>
