<?xml version="1.0" encoding="UTF-8"?>
<gpx creator="Garmin Connect App" xmlns:xsi="http://www.w3.org/2001/XMLSchema-instance" xsi:schemaLocation="http://www.topografix.com/GPX/1/1 http://www.topografix.com/GPX/1/1/gpx.xsd http://www.garmin.com/xmlschemas/GpxExtensions/v3 http://www.garmin.com/xmlschemas/GpxExtensionsv3.xsd http://www.garmin.com/xmlschemas/TrackPointExtension/v1 http://www.garmin.com/xmlschemas/TrackPointExtensionv1.xsd" version="1.1" xmlns="http://www.topografix.com/GPX/1/1" xmlns:gpxtpx="http://www.garmin.com/xmlschemas/TrackPointExtension/v1" xmlns:gpxx="http://www.garmin.com/xmlschemas/GpxExtensions/v3">
	<metadata>
		<link href="https://gotoes.org/">
			<text>GOTOES STRAVA TOOLS</text>
		</link>
		<desc>Created with GOTOES STRAVA TOOLS Version 43.4</desc>
		<time>2026-09-04T13:00:00Z</time>
	</metadata>
	<trk>
		<name>CH0065_Engehartszell-Aschach:20:epqVbSDVAhI</name>
		<type>Biking</type>
		<trkseg>
			<trkpt lat="48.505969" lon="13.732878">
				<ele>289.35</ele>
				<time>2026-09-04T13:00:00Z</time>
			</trkpt>
			<trkpt lat="48.505888" lon="13.732856">
				<ele>289.02</ele>
				<time>2026-09-04T13:00:01Z</time>
			</trkpt>
			<trkpt lat="48.505755" lon="13.73273">
				<ele>289</ele>
				<time>2026-09-04T13:00:03Z</time>
			</trkpt>
			<trkpt lat="48.505705" lon="13.73285">
				<ele>289.16</ele>
				<time>2026-09-04T13:00:04Z</time>
			</trkpt>
			<trkpt lat="48.505543" lon="13.732996">
				<ele>288.23</ele>
				<time>2026-09-04T13:00:07Z</time>
			</trkpt>
			<trkpt lat="48.505127" lon="13.733624">
				<ele>287.24</ele>
				<time>2026-09-04T13:00:14Z</time>
			</trkpt>
			<trkpt lat="48.505092" lon="13.733654">
				<ele>287.1</ele>
				<time>2026-09-04T13:00:15Z</time>
			</trkpt>
			<trkpt lat="48.505037" lon="13.733674">
				<ele>287.22</ele>
				<time>2026-09-04T13:00:16Z</time>
			</trkpt>
			<trkpt lat="48.505007" lon="13.733704">
				<ele>287.37</ele>
				<time>2026-09-04T13:00:17Z</time>
			</trkpt>
			<trkpt lat="48.504964" lon="13.733778">
				<ele>287.85</ele>
				<time>2026-09-04T13:00:18Z</time>
			</trkpt>
			<trkpt lat="48.504964" lon="13.733778">
				<ele>287.85</ele>
				<time>2026-09-04T13:00:19Z</time>
			</trkpt>
			<trkpt lat="48.505061" lon="13.734212">
				<ele>287.1</ele>
				<time>2026-09-04T13:00:23Z</time>
			</trkpt>
			<trkpt lat="48.504588" lon="13.734446">
				<ele>286.36</ele>
				<time>2026-09-04T13:00:31Z</time>
			</trkpt>
			<trkpt lat="48.504035" lon="13.73487">
				<ele>284.53</ele>
				<time>2026-09-04T13:00:41Z</time>
			</trkpt>
			<trkpt lat="48.503969" lon="13.735058">
				<ele>283.95</ele>
				<time>2026-09-04T13:00:43Z</time>
			</trkpt>
			<trkpt lat="48.503822" lon="13.735144">
				<ele>283.92</ele>
				<time>2026-09-04T13:00:46Z</time>
			</trkpt>
			<trkpt lat="48.503827" lon="13.735144">
				<ele>283.92</ele>
				<time>2026-09-04T13:00:47Z</time>
			</trkpt>
			<trkpt lat="48.503746" lon="13.735192">
				<ele>283.91</ele>
				<time>2026-09-04T13:00:48Z</time>
			</trkpt>
			<trkpt lat="48.503623" lon="13.735216">
				<ele>283.67</ele>
				<time>2026-09-04T13:00:50Z</time>
			</trkpt>
			<trkpt lat="48.503534" lon="13.735258">
				<ele>284.46</ele>
				<time>2026-09-04T13:00:52Z</time>
			</trkpt>
			<trkpt lat="48.502972" lon="13.735524">
				<ele>287.31</ele>
				<time>2026-09-04T13:01:01Z</time>
			</trkpt>
			<trkpt lat="48.502809" lon="13.735618">
				<ele>286.63</ele>
				<time>2026-09-04T13:01:03Z</time>
			</trkpt>
			<trkpt lat="48.502437" lon="13.735864">
				<ele>285.51</ele>
				<time>2026-09-04T13:01:09Z</time>
			</trkpt>
			<trkpt lat="48.502169" lon="13.736068">
				<ele>283.98</ele>
				<time>2026-09-04T13:01:14Z</time>
			</trkpt>
			<trkpt lat="48.501223" lon="13.736576">
				<ele>284.68</ele>
				<time>2026-09-04T13:01:30Z</time>
			</trkpt>
			<trkpt lat="48.500337" lon="13.737024">
				<ele>285.51</ele>
				<time>2026-09-04T13:01:44Z</time>
			</trkpt>
			<trkpt lat="48.499822" lon="13.737334">
				<ele>285.02</ele>
				<time>2026-09-04T13:01:53Z</time>
			</trkpt>
			<trkpt lat="48.499822" lon="13.737334">
				<ele>285.02</ele>
				<time>2026-09-04T13:01:54Z</time>
			</trkpt>
			<trkpt lat="48.499726" lon="13.737392">
				<ele>284.93</ele>
				<time>2026-09-04T13:01:55Z</time>
			</trkpt>
			<trkpt lat="48.499229" lon="13.737478">
				<ele>287.87</ele>
				<time>2026-09-04T13:02:04Z</time>
			</trkpt>
			<trkpt lat="48.499083" lon="13.737466">
				<ele>288</ele>
				<time>2026-09-04T13:02:06Z</time>
			</trkpt>
			<trkpt lat="48.498132" lon="13.738044">
				<ele>288</ele>
				<time>2026-09-04T13:02:23Z</time>
			</trkpt>
			<trkpt lat="48.495563" lon="13.739706">
				<ele>288</ele>
				<time>2026-09-04T13:03:08Z</time>
			</trkpt>
			<trkpt lat="48.495137" lon="13.739954">
				<ele>288.62</ele>
				<time>2026-09-04T13:03:16Z</time>
			</trkpt>
			<trkpt lat="48.495135" lon="13.73994">
				<ele>292.600006</ele>
				<time>2026-09-04T13:03:17Z</time>
			</trkpt>
			<trkpt lat="48.495088" lon="13.739966">
				<ele>292.799988</ele>
				<time>2026-09-04T13:03:18Z</time>
			</trkpt>
			<trkpt lat="48.495046" lon="13.739992">
				<ele>292.799988</ele>
				<time>2026-09-04T13:03:19Z</time>
			</trkpt>
			<trkpt lat="48.494991" lon="13.740012">
				<ele>292.799988</ele>
				<time>2026-09-04T13:03:20Z</time>
			</trkpt>
			<trkpt lat="48.494941" lon="13.740042">
				<ele>292.799988</ele>
				<time>2026-09-04T13:03:22Z</time>
			</trkpt>
			<trkpt lat="48.494894" lon="13.740068">
				<ele>292.799988</ele>
				<time>2026-09-04T13:03:24Z</time>
			</trkpt>
			<trkpt lat="48.494845" lon="13.74009">
				<ele>292.799988</ele>
				<time>2026-09-04T13:03:25Z</time>
			</trkpt>
			<trkpt lat="48.494796" lon="13.740112">
				<ele>292.799988</ele>
				<time>2026-09-04T13:03:27Z</time>
			</trkpt>
			<trkpt lat="48.494744" lon="13.740148">
				<ele>292.799988</ele>
				<time>2026-09-04T13:03:29Z</time>
			</trkpt>
			<trkpt lat="48.494693" lon="13.740166">
				<ele>292.799988</ele>
				<time>2026-09-04T13:03:31Z</time>
			</trkpt>
			<trkpt lat="48.494642" lon="13.740194">
				<ele>292.799988</ele>
				<time>2026-09-04T13:03:33Z</time>
			</trkpt>
			<trkpt lat="48.494591" lon="13.740222">
				<ele>292.799988</ele>
				<time>2026-09-04T13:03:34Z</time>
			</trkpt>
			<trkpt lat="48.494537" lon="13.740254">
				<ele>292.799988</ele>
				<time>2026-09-04T13:03:36Z</time>
			</trkpt>
			<trkpt lat="48.494483" lon="13.740276">
				<ele>292.799988</ele>
				<time>2026-09-04T13:03:37Z</time>
			</trkpt>
			<trkpt lat="48.494429" lon="13.740308">
				<ele>292.799988</ele>
				<time>2026-09-04T13:03:38Z</time>
			</trkpt>
			<trkpt lat="48.494376" lon="13.740322">
				<ele>292.799988</ele>
				<time>2026-09-04T13:03:39Z</time>
			</trkpt>
			<trkpt lat="48.494323" lon="13.740356">
				<ele>292.799988</ele>
				<time>2026-09-04T13:03:41Z</time>
			</trkpt>
			<trkpt lat="48.494272" lon="13.740374">
				<ele>292.799988</ele>
				<time>2026-09-04T13:03:42Z</time>
			</trkpt>
			<trkpt lat="48.494221" lon="13.740402">
				<ele>292.799988</ele>
				<time>2026-09-04T13:03:43Z</time>
			</trkpt>
			<trkpt lat="48.494168" lon="13.740426">
				<ele>292.799988</ele>
				<time>2026-09-04T13:03:44Z</time>
			</trkpt>
			<trkpt lat="48.494065" lon="13.74046">
				<ele>292.799988</ele>
				<time>2026-09-04T13:03:45Z</time>
			</trkpt>
			<trkpt lat="48.494012" lon="13.740494">
				<ele>292.799988</ele>
				<time>2026-09-04T13:03:46Z</time>
			</trkpt>
			<trkpt lat="48.493959" lon="13.740518">
				<ele>292.799988</ele>
				<time>2026-09-04T13:03:48Z</time>
			</trkpt>
			<trkpt lat="48.493905" lon="13.74054">
				<ele>293</ele>
				<time>2026-09-04T13:03:49Z</time>
			</trkpt>
			<trkpt lat="48.493849" lon="13.740568">
				<ele>293</ele>
				<time>2026-09-04T13:03:50Z</time>
			</trkpt>
			<trkpt lat="48.493793" lon="13.740586">
				<ele>293</ele>
				<time>2026-09-04T13:03:51Z</time>
			</trkpt>
			<trkpt lat="48.493737" lon="13.740614">
				<ele>293</ele>
				<time>2026-09-04T13:03:52Z</time>
			</trkpt>
			<trkpt lat="48.493681" lon="13.740632">
				<ele>293.200012</ele>
				<time>2026-09-04T13:03:53Z</time>
			</trkpt>
			<trkpt lat="48.493626" lon="13.740662">
				<ele>293.200012</ele>
				<time>2026-09-04T13:03:55Z</time>
			</trkpt>
			<trkpt lat="48.493578" lon="13.740686">
				<ele>293.200012</ele>
				<time>2026-09-04T13:03:56Z</time>
			</trkpt>
			<trkpt lat="48.493517" lon="13.740704">
				<ele>293.200012</ele>
				<time>2026-09-04T13:03:57Z</time>
			</trkpt>
			<trkpt lat="48.493463" lon="13.740736">
				<ele>293.200012</ele>
				<time>2026-09-04T13:03:58Z</time>
			</trkpt>
			<trkpt lat="48.493409" lon="13.740748">
				<ele>293.200012</ele>
				<time>2026-09-04T13:03:59Z</time>
			</trkpt>
			<trkpt lat="48.493355" lon="13.74076">
				<ele>293.200012</ele>
				<time>2026-09-04T13:04:00Z</time>
			</trkpt>
			<trkpt lat="48.493302" lon="13.740784">
				<ele>293.200012</ele>
				<time>2026-09-04T13:04:02Z</time>
			</trkpt>
			<trkpt lat="48.493248" lon="13.740816">
				<ele>293.200012</ele>
				<time>2026-09-04T13:04:03Z</time>
			</trkpt>
			<trkpt lat="48.493194" lon="13.740828">
				<ele>293.200012</ele>
				<time>2026-09-04T13:04:04Z</time>
			</trkpt>
			<trkpt lat="48.493138" lon="13.740846">
				<ele>293.399994</ele>
				<time>2026-09-04T13:04:05Z</time>
			</trkpt>
			<trkpt lat="48.493086" lon="13.740862">
				<ele>293.399994</ele>
				<time>2026-09-04T13:04:06Z</time>
			</trkpt>
			<trkpt lat="48.493035" lon="13.74088">
				<ele>293.399994</ele>
				<time>2026-09-04T13:04:07Z</time>
			</trkpt>
			<trkpt lat="48.492982" lon="13.740904">
				<ele>293.399994</ele>
				<time>2026-09-04T13:04:08Z</time>
			</trkpt>
			<trkpt lat="48.492931" lon="13.740922">
				<ele>293.399994</ele>
				<time>2026-09-04T13:04:09Z</time>
			</trkpt>
			<trkpt lat="48.492887" lon="13.740954">
				<ele>293.399994</ele>
				<time>2026-09-04T13:04:10Z</time>
			</trkpt>
			<trkpt lat="48.492834" lon="13.740978">
				<ele>293.399994</ele>
				<time>2026-09-04T13:04:12Z</time>
			</trkpt>
			<trkpt lat="48.492786" lon="13.741002">
				<ele>293.399994</ele>
				<time>2026-09-04T13:04:13Z</time>
			</trkpt>
			<trkpt lat="48.492739" lon="13.741028">
				<ele>293.600006</ele>
				<time>2026-09-04T13:04:14Z</time>
			</trkpt>
			<trkpt lat="48.492689" lon="13.741038">
				<ele>293.600006</ele>
				<time>2026-09-04T13:04:15Z</time>
			</trkpt>
			<trkpt lat="48.492641" lon="13.741042">
				<ele>293.600006</ele>
				<time>2026-09-04T13:04:16Z</time>
			</trkpt>
			<trkpt lat="48.492592" lon="13.741054">
				<ele>293.600006</ele>
				<time>2026-09-04T13:04:17Z</time>
			</trkpt>
			<trkpt lat="48.492544" lon="13.741068">
				<ele>293.600006</ele>
				<time>2026-09-04T13:04:18Z</time>
			</trkpt>
			<trkpt lat="48.492491" lon="13.741082">
				<ele>293.600006</ele>
				<time>2026-09-04T13:04:19Z</time>
			</trkpt>
			<trkpt lat="48.492487" lon="13.741074">
				<ele>289.22</ele>
				<time>2026-09-04T13:04:20Z</time>
			</trkpt>
			<trkpt lat="48.492016" lon="13.741392">
				<ele>289.98</ele>
				<time>2026-09-04T13:04:27Z</time>
			</trkpt>
			<trkpt lat="48.492073" lon="13.741566">
				<ele>289.27</ele>
				<time>2026-09-04T13:04:29Z</time>
			</trkpt>
			<trkpt lat="48.492073" lon="13.741566">
				<ele>289.27</ele>
				<time>2026-09-04T13:04:30Z</time>
			</trkpt>
			<trkpt lat="48.491515" lon="13.74201">
				<ele>290.42</ele>
				<time>2026-09-04T13:04:37Z</time>
			</trkpt>
			<trkpt lat="48.491278" lon="13.742256">
				<ele>291</ele>
				<time>2026-09-04T13:04:41Z</time>
			</trkpt>
			<trkpt lat="48.491077" lon="13.742504">
				<ele>291.48</ele>
				<time>2026-09-04T13:04:44Z</time>
			</trkpt>
			<trkpt lat="48.490895" lon="13.74275">
				<ele>292.02</ele>
				<time>2026-09-04T13:04:46Z</time>
			</trkpt>
			<trkpt lat="48.490726" lon="13.743012">
				<ele>291.64</ele>
				<time>2026-09-04T13:04:49Z</time>
			</trkpt>
			<trkpt lat="48.490653" lon="13.743216">
				<ele>289.81</ele>
				<time>2026-09-04T13:04:51Z</time>
			</trkpt>
			<trkpt lat="48.490609" lon="13.743288">
				<ele>289.32</ele>
				<time>2026-09-04T13:04:52Z</time>
			</trkpt>
			<trkpt lat="48.490532" lon="13.743404">
				<ele>291.95</ele>
				<time>2026-09-04T13:04:53Z</time>
			</trkpt>
			<trkpt lat="48.490451" lon="13.743472">
				<ele>293.5</ele>
				<time>2026-09-04T13:04:55Z</time>
			</trkpt>
			<trkpt lat="48.490211" lon="13.743852">
				<ele>293.9</ele>
				<time>2026-09-04T13:05:00Z</time>
			</trkpt>
			<trkpt lat="48.490088" lon="13.744036">
				<ele>293.99</ele>
				<time>2026-09-04T13:05:03Z</time>
			</trkpt>
			<trkpt lat="48.489759" lon="13.744468">
				<ele>295.42</ele>
				<time>2026-09-04T13:05:11Z</time>
			</trkpt>
			<trkpt lat="48.489463" lon="13.744786">
				<ele>296.45</ele>
				<time>2026-09-04T13:05:19Z</time>
			</trkpt>
			<trkpt lat="48.488846" lon="13.745582">
				<ele>297.3</ele>
				<time>2026-09-04T13:05:35Z</time>
			</trkpt>
			<trkpt lat="48.488615" lon="13.74591">
				<ele>299.02</ele>
				<time>2026-09-04T13:05:42Z</time>
			</trkpt>
			<trkpt lat="48.488099" lon="13.746598">
				<ele>301.7</ele>
				<time>2026-09-04T13:05:56Z</time>
			</trkpt>
			<trkpt lat="48.487451" lon="13.747372">
				<ele>304.84</ele>
				<time>2026-09-04T13:06:16Z</time>
			</trkpt>
			<trkpt lat="48.487194" lon="13.747728">
				<ele>305.37</ele>
				<time>2026-09-04T13:06:24Z</time>
			</trkpt>
			<trkpt lat="48.486771" lon="13.748362">
				<ele>306.99</ele>
				<time>2026-09-04T13:06:38Z</time>
			</trkpt>
			<trkpt lat="48.486401" lon="13.748992">
				<ele>309.47</ele>
				<time>2026-09-04T13:06:51Z</time>
			</trkpt>
			<trkpt lat="48.485524" lon="13.750708">
				<ele>313.95</ele>
				<time>2026-09-04T13:07:24Z</time>
			</trkpt>
			<trkpt lat="48.485356" lon="13.750982">
				<ele>314.99</ele>
				<time>2026-09-04T13:07:29Z</time>
			</trkpt>
			<trkpt lat="48.485169" lon="13.751248">
				<ele>315.1</ele>
				<time>2026-09-04T13:07:34Z</time>
			</trkpt>
			<trkpt lat="48.484899" lon="13.751508">
				<ele>316.83</ele>
				<time>2026-09-04T13:07:41Z</time>
			</trkpt>
			<trkpt lat="48.484681" lon="13.751662">
				<ele>317.65</ele>
				<time>2026-09-04T13:07:47Z</time>
			</trkpt>
			<trkpt lat="48.484407" lon="13.751944">
				<ele>316.31</ele>
				<time>2026-09-04T13:07:53Z</time>
			</trkpt>
			<trkpt lat="48.484184" lon="13.752258">
				<ele>316.15</ele>
				<time>2026-09-04T13:07:59Z</time>
			</trkpt>
			<trkpt lat="48.483947" lon="13.752674">
				<ele>317.34</ele>
				<time>2026-09-04T13:08:07Z</time>
			</trkpt>
			<trkpt lat="48.483754" lon="13.753148">
				<ele>316.93</ele>
				<time>2026-09-04T13:08:14Z</time>
			</trkpt>
			<trkpt lat="48.483508" lon="13.753666">
				<ele>317.46</ele>
				<time>2026-09-04T13:08:23Z</time>
			</trkpt>
			<trkpt lat="48.483022" lon="13.754654">
				<ele>317.66</ele>
				<time>2026-09-04T13:08:39Z</time>
			</trkpt>
			<trkpt lat="48.482803" lon="13.755016">
				<ele>318.05</ele>
				<time>2026-09-04T13:08:45Z</time>
			</trkpt>
			<trkpt lat="48.482525" lon="13.75546">
				<ele>321.17</ele>
				<time>2026-09-04T13:08:53Z</time>
			</trkpt>
			<trkpt lat="48.482454" lon="13.755658">
				<ele>320.95</ele>
				<time>2026-09-04T13:08:56Z</time>
			</trkpt>
			<trkpt lat="48.482333" lon="13.755856">
				<ele>321.04</ele>
				<time>2026-09-04T13:09:00Z</time>
			</trkpt>
			<trkpt lat="48.482218" lon="13.755966">
				<ele>321.73</ele>
				<time>2026-09-04T13:09:02Z</time>
			</trkpt>
			<trkpt lat="48.481972" lon="13.756364">
				<ele>321.26</ele>
				<time>2026-09-04T13:09:09Z</time>
			</trkpt>
			<trkpt lat="48.481714" lon="13.756828">
				<ele>322.33</ele>
				<time>2026-09-04T13:09:16Z</time>
			</trkpt>
			<trkpt lat="48.481368" lon="13.757526">
				<ele>320.13</ele>
				<time>2026-09-04T13:09:28Z</time>
			</trkpt>
			<trkpt lat="48.480875" lon="13.75866">
				<ele>319.24</ele>
				<time>2026-09-04T13:09:45Z</time>
			</trkpt>
			<trkpt lat="48.480441" lon="13.759742">
				<ele>318.34</ele>
				<time>2026-09-04T13:10:00Z</time>
			</trkpt>
			<trkpt lat="48.480315" lon="13.76003">
				<ele>318.08</ele>
				<time>2026-09-04T13:10:04Z</time>
			</trkpt>
			<trkpt lat="48.480156" lon="13.760332">
				<ele>318.16</ele>
				<time>2026-09-04T13:10:09Z</time>
			</trkpt>
			<trkpt lat="48.480023" lon="13.760546">
				<ele>319.12</ele>
				<time>2026-09-04T13:10:12Z</time>
			</trkpt>
			<trkpt lat="48.479893" lon="13.760716">
				<ele>318.96</ele>
				<time>2026-09-04T13:10:16Z</time>
			</trkpt>
			<trkpt lat="48.479655" lon="13.76099">
				<ele>319.17</ele>
				<time>2026-09-04T13:10:21Z</time>
			</trkpt>
			<trkpt lat="48.479442" lon="13.761194">
				<ele>319.13</ele>
				<time>2026-09-04T13:10:26Z</time>
			</trkpt>
			<trkpt lat="48.479043" lon="13.761506">
				<ele>319.15</ele>
				<time>2026-09-04T13:10:33Z</time>
			</trkpt>
			<trkpt lat="48.478899" lon="13.761658">
				<ele>319.61</ele>
				<time>2026-09-04T13:10:36Z</time>
			</trkpt>
			<trkpt lat="48.478626" lon="13.762022">
				<ele>318.41</ele>
				<time>2026-09-04T13:10:43Z</time>
			</trkpt>
			<trkpt lat="48.478466" lon="13.762292">
				<ele>318.41</ele>
				<time>2026-09-04T13:10:47Z</time>
			</trkpt>
			<trkpt lat="48.478419" lon="13.762408">
				<ele>318.69</ele>
				<time>2026-09-04T13:10:49Z</time>
			</trkpt>
			<trkpt lat="48.478419" lon="13.762408">
				<ele>318.68</ele>
				<time>2026-09-04T13:10:50Z</time>
			</trkpt>
			<trkpt lat="48.478292" lon="13.762684">
				<ele>319.43</ele>
				<time>2026-09-04T13:10:54Z</time>
			</trkpt>
			<trkpt lat="48.478115" lon="13.76321">
				<ele>318.79</ele>
				<time>2026-09-04T13:11:02Z</time>
			</trkpt>
			<trkpt lat="48.478064" lon="13.763398">
				<ele>318.33</ele>
				<time>2026-09-04T13:11:05Z</time>
			</trkpt>
			<trkpt lat="48.478051" lon="13.763462">
				<ele>318.33</ele>
				<time>2026-09-04T13:11:06Z</time>
			</trkpt>
			<trkpt lat="48.477869" lon="13.763988">
				<ele>317.39</ele>
				<time>2026-09-04T13:11:12Z</time>
			</trkpt>
			<trkpt lat="48.477835" lon="13.76404">
				<ele>317.42</ele>
				<time>2026-09-04T13:11:13Z</time>
			</trkpt>
			<trkpt lat="48.477694" lon="13.764448">
				<ele>315.16</ele>
				<time>2026-09-04T13:11:18Z</time>
			</trkpt>
			<trkpt lat="48.477463" lon="13.765146">
				<ele>312.71</ele>
				<time>2026-09-04T13:11:27Z</time>
			</trkpt>
			<trkpt lat="48.477346" lon="13.765452">
				<ele>311.96</ele>
				<time>2026-09-04T13:11:30Z</time>
			</trkpt>
			<trkpt lat="48.477139" lon="13.765978">
				<ele>308.46</ele>
				<time>2026-09-04T13:11:36Z</time>
			</trkpt>
			<trkpt lat="48.476826" lon="13.766552">
				<ele>305.17</ele>
				<time>2026-09-04T13:11:43Z</time>
			</trkpt>
			<trkpt lat="48.476317" lon="13.767254">
				<ele>302.54</ele>
				<time>2026-09-04T13:11:51Z</time>
			</trkpt>
			<trkpt lat="48.476119" lon="13.767598">
				<ele>301.15</ele>
				<time>2026-09-04T13:11:54Z</time>
			</trkpt>
			<trkpt lat="48.476119" lon="13.767598">
				<ele>301.15</ele>
				<time>2026-09-04T13:11:55Z</time>
			</trkpt>
			<trkpt lat="48.476068" lon="13.767686">
				<ele>300.79</ele>
				<time>2026-09-04T13:11:56Z</time>
			</trkpt>
			<trkpt lat="48.475789" lon="13.768298">
				<ele>297.2</ele>
				<time>2026-09-04T13:12:01Z</time>
			</trkpt>
			<trkpt lat="48.475577" lon="13.768784">
				<ele>294.45</ele>
				<time>2026-09-04T13:12:05Z</time>
			</trkpt>
			<trkpt lat="48.475355" lon="13.76911">
				<ele>293.04</ele>
				<time>2026-09-04T13:12:09Z</time>
			</trkpt>
			<trkpt lat="48.475355" lon="13.76911">
				<ele>293.04</ele>
				<time>2026-09-04T13:12:10Z</time>
			</trkpt>
			<trkpt lat="48.474742" lon="13.769784">
				<ele>290.79</ele>
				<time>2026-09-04T13:12:18Z</time>
			</trkpt>
			<trkpt lat="48.474573" lon="13.770026">
				<ele>288.18</ele>
				<time>2026-09-04T13:12:20Z</time>
			</trkpt>
			<trkpt lat="48.474103" lon="13.770716">
				<ele>286.64</ele>
				<time>2026-09-04T13:12:27Z</time>
			</trkpt>
			<trkpt lat="48.473947" lon="13.770934">
				<ele>285.18</ele>
				<time>2026-09-04T13:12:29Z</time>
			</trkpt>
			<trkpt lat="48.473871" lon="13.771012">
				<ele>285.2</ele>
				<time>2026-09-04T13:12:30Z</time>
			</trkpt>
			<trkpt lat="48.473871" lon="13.771012">
				<ele>285.2</ele>
				<time>2026-09-04T13:12:31Z</time>
			</trkpt>
			<trkpt lat="48.473664" lon="13.771218">
				<ele>284.05</ele>
				<time>2026-09-04T13:12:34Z</time>
			</trkpt>
			<trkpt lat="48.473098" lon="13.771656">
				<ele>286.01</ele>
				<time>2026-09-04T13:12:40Z</time>
			</trkpt>
			<trkpt lat="48.472867" lon="13.771844">
				<ele>286</ele>
				<time>2026-09-04T13:12:43Z</time>
			</trkpt>
			<trkpt lat="48.472533" lon="13.772176">
				<ele>286</ele>
				<time>2026-09-04T13:12:48Z</time>
			</trkpt>
			<trkpt lat="48.472499" lon="13.772218">
				<ele>286</ele>
				<time>2026-09-04T13:12:49Z</time>
			</trkpt>
			<trkpt lat="48.472499" lon="13.772218">
				<ele>286</ele>
				<time>2026-09-04T13:12:50Z</time>
			</trkpt>
			<trkpt lat="48.472264" lon="13.772528">
				<ele>286</ele>
				<time>2026-09-04T13:12:55Z</time>
			</trkpt>
			<trkpt lat="48.471914" lon="13.773028">
				<ele>286</ele>
				<time>2026-09-04T13:13:02Z</time>
			</trkpt>
			<trkpt lat="48.471409" lon="13.773588">
				<ele>286.24</ele>
				<time>2026-09-04T13:13:13Z</time>
			</trkpt>
			<trkpt lat="48.471349" lon="13.773718">
				<ele>286.89</ele>
				<time>2026-09-04T13:13:15Z</time>
			</trkpt>
			<trkpt lat="48.471165" lon="13.77388">
				<ele>286.14</ele>
				<time>2026-09-04T13:13:18Z</time>
			</trkpt>
			<trkpt lat="48.471165" lon="13.77388">
				<ele>286.14</ele>
				<time>2026-09-04T13:13:19Z</time>
			</trkpt>
			<trkpt lat="48.471084" lon="13.773968">
				<ele>285.79</ele>
				<time>2026-09-04T13:13:21Z</time>
			</trkpt>
			<trkpt lat="48.470871" lon="13.774122">
				<ele>285.86</ele>
				<time>2026-09-04T13:13:26Z</time>
			</trkpt>
			<trkpt lat="48.470251" lon="13.774722">
				<ele>285.56</ele>
				<time>2026-09-04T13:13:40Z</time>
			</trkpt>
			<trkpt lat="48.469783" lon="13.775106">
				<ele>284.55</ele>
				<time>2026-09-04T13:13:50Z</time>
			</trkpt>
			<trkpt lat="48.469706" lon="13.775132">
				<ele>284.48</ele>
				<time>2026-09-04T13:13:52Z</time>
			</trkpt>
			<trkpt lat="48.469217" lon="13.775584">
				<ele>283.71</ele>
				<time>2026-09-04T13:14:01Z</time>
			</trkpt>
			<trkpt lat="48.468696" lon="13.776142">
				<ele>283.37</ele>
				<time>2026-09-04T13:14:12Z</time>
			</trkpt>
			<trkpt lat="48.468248" lon="13.776706">
				<ele>284.46</ele>
				<time>2026-09-04T13:14:22Z</time>
			</trkpt>
			<trkpt lat="48.467885" lon="13.77726">
				<ele>285.82</ele>
				<time>2026-09-04T13:14:30Z</time>
			</trkpt>
			<trkpt lat="48.467519" lon="13.778118">
				<ele>285.43</ele>
				<time>2026-09-04T13:14:41Z</time>
			</trkpt>
			<trkpt lat="48.467203" lon="13.779396">
				<ele>285.3</ele>
				<time>2026-09-04T13:14:56Z</time>
			</trkpt>
			<trkpt lat="48.467203" lon="13.779396">
				<ele>285.3</ele>
				<time>2026-09-04T13:14:57Z</time>
			</trkpt>
			<trkpt lat="48.467113" lon="13.779726">
				<ele>286.82</ele>
				<time>2026-09-04T13:15:01Z</time>
			</trkpt>
			<trkpt lat="48.467007" lon="13.780124">
				<ele>285</ele>
				<time>2026-09-04T13:15:06Z</time>
			</trkpt>
			<trkpt lat="48.466928" lon="13.780386">
				<ele>286.31</ele>
				<time>2026-09-04T13:15:10Z</time>
			</trkpt>
			<trkpt lat="48.466928" lon="13.780386">
				<ele>286.31</ele>
				<time>2026-09-04T13:15:11Z</time>
			</trkpt>
			<trkpt lat="48.466887" lon="13.780534">
				<ele>287.04</ele>
				<time>2026-09-04T13:15:13Z</time>
			</trkpt>
			<trkpt lat="48.466774" lon="13.780938">
				<ele>293.1</ele>
				<time>2026-09-04T13:15:18Z</time>
			</trkpt>
			<trkpt lat="48.466662" lon="13.781344">
				<ele>293.7</ele>
				<time>2026-09-04T13:15:24Z</time>
			</trkpt>
			<trkpt lat="48.466526" lon="13.781742">
				<ele>296.74</ele>
				<time>2026-09-04T13:15:31Z</time>
			</trkpt>
			<trkpt lat="48.466254" lon="13.782558">
				<ele>297.93</ele>
				<time>2026-09-04T13:15:46Z</time>
			</trkpt>
			<trkpt lat="48.466208" lon="13.782906">
				<ele>296.54</ele>
				<time>2026-09-04T13:15:52Z</time>
			</trkpt>
			<trkpt lat="48.466057" lon="13.783304">
				<ele>298.51</ele>
				<time>2026-09-04T13:15:58Z</time>
			</trkpt>
			<trkpt lat="48.465922" lon="13.783964">
				<ele>293.16</ele>
				<time>2026-09-04T13:16:10Z</time>
			</trkpt>
			<trkpt lat="48.465922" lon="13.783964">
				<ele>293.16</ele>
				<time>2026-09-04T13:16:11Z</time>
			</trkpt>
			<trkpt lat="48.465772" lon="13.784694">
				<ele>293.78</ele>
				<time>2026-09-04T13:16:23Z</time>
			</trkpt>
			<trkpt lat="48.465728" lon="13.785086">
				<ele>294.78</ele>
				<time>2026-09-04T13:16:29Z</time>
			</trkpt>
			<trkpt lat="48.465683" lon="13.785476">
				<ele>292.91</ele>
				<time>2026-09-04T13:16:34Z</time>
			</trkpt>
			<trkpt lat="48.465658" lon="13.786456">
				<ele>286.12</ele>
				<time>2026-09-04T13:16:45Z</time>
			</trkpt>
			<trkpt lat="48.465576" lon="13.786812">
				<ele>290.22</ele>
				<time>2026-09-04T13:16:49Z</time>
			</trkpt>
			<trkpt lat="48.465429" lon="13.787548">
				<ele>286.89</ele>
				<time>2026-09-04T13:16:58Z</time>
			</trkpt>
			<trkpt lat="48.465394" lon="13.787938">
				<ele>284.63</ele>
				<time>2026-09-04T13:17:02Z</time>
			</trkpt>
			<trkpt lat="48.465289" lon="13.789088">
				<ele>283.3</ele>
				<time>2026-09-04T13:17:13Z</time>
			</trkpt>
			<trkpt lat="48.465217" lon="13.789854">
				<ele>281.69</ele>
				<time>2026-09-04T13:17:19Z</time>
			</trkpt>
			<trkpt lat="48.465219" lon="13.790538">
				<ele>282.01</ele>
				<time>2026-09-04T13:17:26Z</time>
			</trkpt>
			<trkpt lat="48.465219" lon="13.790538">
				<ele>282.01</ele>
				<time>2026-09-04T13:17:27Z</time>
			</trkpt>
			<trkpt lat="48.465221" lon="13.791542">
				<ele>282.55</ele>
				<time>2026-09-04T13:17:36Z</time>
			</trkpt>
			<trkpt lat="48.465137" lon="13.792464">
				<ele>282.54</ele>
				<time>2026-09-04T13:17:44Z</time>
			</trkpt>
			<trkpt lat="48.465136" lon="13.792472">
				<ele>282.54</ele>
				<time>2026-09-04T13:17:45Z</time>
			</trkpt>
			<trkpt lat="48.465015" lon="13.79402">
				<ele>282.17</ele>
				<time>2026-09-04T13:18:00Z</time>
			</trkpt>
			<trkpt lat="48.464931" lon="13.794542">
				<ele>281.92</ele>
				<time>2026-09-04T13:18:05Z</time>
			</trkpt>
			<trkpt lat="48.464854" lon="13.794858">
				<ele>282.09</ele>
				<time>2026-09-04T13:18:09Z</time>
			</trkpt>
			<trkpt lat="48.464855" lon="13.79485">
				<ele>290.600006</ele>
				<time>2026-09-04T13:18:10Z</time>
			</trkpt>
			<trkpt lat="48.464854" lon="13.794858">
				<ele>282.09</ele>
				<time>2026-09-04T13:18:11Z</time>
			</trkpt>
			<trkpt lat="48.464726" lon="13.795362">
				<ele>282.38</ele>
				<time>2026-09-04T13:18:18Z</time>
			</trkpt>
			<trkpt lat="48.464726" lon="13.795362">
				<ele>282.38</ele>
				<time>2026-09-04T13:18:19Z</time>
			</trkpt>
			<trkpt lat="48.464531" lon="13.796142">
				<ele>282.81</ele>
				<time>2026-09-04T13:18:32Z</time>
			</trkpt>
			<trkpt lat="48.464207" lon="13.797224">
				<ele>284.88</ele>
				<time>2026-09-04T13:18:46Z</time>
			</trkpt>
			<trkpt lat="48.463907" lon="13.798114">
				<ele>286.7</ele>
				<time>2026-09-04T13:18:59Z</time>
			</trkpt>
			<trkpt lat="48.463904" lon="13.798228">
				<ele>286.5</ele>
				<time>2026-09-04T13:19:00Z</time>
			</trkpt>
			<trkpt lat="48.463821" lon="13.798482">
				<ele>287</ele>
				<time>2026-09-04T13:19:04Z</time>
			</trkpt>
			<trkpt lat="48.463713" lon="13.798696">
				<ele>287</ele>
				<time>2026-09-04T13:19:07Z</time>
			</trkpt>
			<trkpt lat="48.463577" lon="13.799064">
				<ele>287.88</ele>
				<time>2026-09-04T13:19:12Z</time>
			</trkpt>
			<trkpt lat="48.463326" lon="13.799652">
				<ele>287.61</ele>
				<time>2026-09-04T13:19:20Z</time>
			</trkpt>
			<trkpt lat="48.463119" lon="13.800108">
				<ele>286.55</ele>
				<time>2026-09-04T13:19:25Z</time>
			</trkpt>
			<trkpt lat="48.463075" lon="13.80022">
				<ele>286</ele>
				<time>2026-09-04T13:19:26Z</time>
			</trkpt>
			<trkpt lat="48.463075" lon="13.80022">
				<ele>286</ele>
				<time>2026-09-04T13:19:27Z</time>
			</trkpt>
			<trkpt lat="48.463051" lon="13.800282">
				<ele>285.7</ele>
				<time>2026-09-04T13:19:28Z</time>
			</trkpt>
			<trkpt lat="48.462983" lon="13.800536">
				<ele>285.59</ele>
				<time>2026-09-04T13:19:31Z</time>
			</trkpt>
			<trkpt lat="48.462954" lon="13.800748">
				<ele>285.14</ele>
				<time>2026-09-04T13:19:34Z</time>
			</trkpt>
			<trkpt lat="48.462823" lon="13.801106">
				<ele>287</ele>
				<time>2026-09-04T13:19:38Z</time>
			</trkpt>
			<trkpt lat="48.462765" lon="13.8013">
				<ele>287.29</ele>
				<time>2026-09-04T13:19:40Z</time>
			</trkpt>
			<trkpt lat="48.462679" lon="13.801678">
				<ele>288</ele>
				<time>2026-09-04T13:19:44Z</time>
			</trkpt>
			<trkpt lat="48.462645" lon="13.80175">
				<ele>288</ele>
				<time>2026-09-04T13:19:45Z</time>
			</trkpt>
			<trkpt lat="48.462617" lon="13.801774">
				<ele>288</ele>
				<time>2026-09-04T13:19:46Z</time>
			</trkpt>
			<trkpt lat="48.462624" lon="13.801858">
				<ele>288</ele>
				<time>2026-09-04T13:19:47Z</time>
			</trkpt>
			<trkpt lat="48.462619" lon="13.801938">
				<ele>288</ele>
				<time>2026-09-04T13:19:48Z</time>
			</trkpt>
			<trkpt lat="48.462553" lon="13.802126">
				<ele>288</ele>
				<time>2026-09-04T13:19:50Z</time>
			</trkpt>
			<trkpt lat="48.462553" lon="13.802126">
				<ele>288</ele>
				<time>2026-09-04T13:19:51Z</time>
			</trkpt>
			<trkpt lat="48.462528" lon="13.802186">
				<ele>288</ele>
				<time>2026-09-04T13:19:52Z</time>
			</trkpt>
			<trkpt lat="48.462415" lon="13.8024">
				<ele>288</ele>
				<time>2026-09-04T13:19:56Z</time>
			</trkpt>
			<trkpt lat="48.462094" lon="13.802918">
				<ele>287.96</ele>
				<time>2026-09-04T13:20:04Z</time>
			</trkpt>
			<trkpt lat="48.462004" lon="13.803078">
				<ele>288</ele>
				<time>2026-09-04T13:20:07Z</time>
			</trkpt>
			<trkpt lat="48.461835" lon="13.80345">
				<ele>287.71</ele>
				<time>2026-09-04T13:20:13Z</time>
			</trkpt>
			<trkpt lat="48.461835" lon="13.80345">
				<ele>287.71</ele>
				<time>2026-09-04T13:20:14Z</time>
			</trkpt>
			<trkpt lat="48.461665" lon="13.8039">
				<ele>288</ele>
				<time>2026-09-04T13:20:21Z</time>
			</trkpt>
			<trkpt lat="48.461439" lon="13.804558">
				<ele>287.29</ele>
				<time>2026-09-04T13:20:31Z</time>
			</trkpt>
			<trkpt lat="48.461376" lon="13.804702">
				<ele>287.51</ele>
				<time>2026-09-04T13:20:34Z</time>
			</trkpt>
			<trkpt lat="48.461205" lon="13.80506">
				<ele>287</ele>
				<time>2026-09-04T13:20:40Z</time>
			</trkpt>
			<trkpt lat="48.461146" lon="13.805152">
				<ele>287</ele>
				<time>2026-09-04T13:20:42Z</time>
			</trkpt>
			<trkpt lat="48.461141" lon="13.805152">
				<ele>286.98</ele>
				<time>2026-09-04T13:20:43Z</time>
			</trkpt>
			<trkpt lat="48.461146" lon="13.805152">
				<ele>287</ele>
				<time>2026-09-04T13:20:44Z</time>
			</trkpt>
			<trkpt lat="48.461164" lon="13.805268">
				<ele>287</ele>
				<time>2026-09-04T13:20:45Z</time>
			</trkpt>
			<trkpt lat="48.461132" lon="13.805824">
				<ele>287</ele>
				<time>2026-09-04T13:20:52Z</time>
			</trkpt>
			<trkpt lat="48.461101" lon="13.806112">
				<ele>286.33</ele>
				<time>2026-09-04T13:20:56Z</time>
			</trkpt>
			<trkpt lat="48.461046" lon="13.806382">
				<ele>284.69</ele>
				<time>2026-09-04T13:20:59Z</time>
			</trkpt>
			<trkpt lat="48.460955" lon="13.80662">
				<ele>283.95</ele>
				<time>2026-09-04T13:21:02Z</time>
			</trkpt>
			<trkpt lat="48.460821" lon="13.806942">
				<ele>283.79</ele>
				<time>2026-09-04T13:21:06Z</time>
			</trkpt>
			<trkpt lat="48.460635" lon="13.80725">
				<ele>284</ele>
				<time>2026-09-04T13:21:11Z</time>
			</trkpt>
			<trkpt lat="48.460514" lon="13.807478">
				<ele>285.54</ele>
				<time>2026-09-04T13:21:13Z</time>
			</trkpt>
			<trkpt lat="48.460413" lon="13.807746">
				<ele>284.17</ele>
				<time>2026-09-04T13:21:17Z</time>
			</trkpt>
			<trkpt lat="48.460334" lon="13.808008">
				<ele>283.4</ele>
				<time>2026-09-04T13:21:19Z</time>
			</trkpt>
			<trkpt lat="48.460024" lon="13.808658">
				<ele>282.34</ele>
				<time>2026-09-04T13:21:26Z</time>
			</trkpt>
			<trkpt lat="48.459856" lon="13.809042">
				<ele>282.42</ele>
				<time>2026-09-04T13:21:31Z</time>
			</trkpt>
			<trkpt lat="48.459765" lon="13.80921">
				<ele>282.63</ele>
				<time>2026-09-04T13:21:33Z</time>
			</trkpt>
			<trkpt lat="48.459784" lon="13.809238">
				<ele>288.399994</ele>
				<time>2026-09-04T13:21:34Z</time>
			</trkpt>
			<trkpt lat="48.459735" lon="13.80931">
				<ele>288.200012</ele>
				<time>2026-09-04T13:21:35Z</time>
			</trkpt>
			<trkpt lat="48.459684" lon="13.809398">
				<ele>288.200012</ele>
				<time>2026-09-04T13:21:36Z</time>
			</trkpt>
			<trkpt lat="48.459635" lon="13.80946">
				<ele>288.200012</ele>
				<time>2026-09-04T13:21:38Z</time>
			</trkpt>
			<trkpt lat="48.459576" lon="13.809522">
				<ele>288.200012</ele>
				<time>2026-09-04T13:21:40Z</time>
			</trkpt>
			<trkpt lat="48.459507" lon="13.809554">
				<ele>288.200012</ele>
				<time>2026-09-04T13:21:42Z</time>
			</trkpt>
			<trkpt lat="48.459447" lon="13.809574">
				<ele>288.200012</ele>
				<time>2026-09-04T13:21:44Z</time>
			</trkpt>
			<trkpt lat="48.459383" lon="13.809586">
				<ele>288.200012</ele>
				<time>2026-09-04T13:21:46Z</time>
			</trkpt>
			<trkpt lat="48.459316" lon="13.809572">
				<ele>288.200012</ele>
				<time>2026-09-04T13:21:48Z</time>
			</trkpt>
			<trkpt lat="48.459243" lon="13.809556">
				<ele>288.399994</ele>
				<time>2026-09-04T13:21:50Z</time>
			</trkpt>
			<trkpt lat="48.459177" lon="13.809524">
				<ele>288.399994</ele>
				<time>2026-09-04T13:21:52Z</time>
			</trkpt>
			<trkpt lat="48.459118" lon="13.809486">
				<ele>288.600006</ele>
				<time>2026-09-04T13:21:54Z</time>
			</trkpt>
			<trkpt lat="48.459068" lon="13.809456">
				<ele>288.799988</ele>
				<time>2026-09-04T13:21:55Z</time>
			</trkpt>
			<trkpt lat="48.459024" lon="13.809408">
				<ele>289.200012</ele>
				<time>2026-09-04T13:21:57Z</time>
			</trkpt>
			<trkpt lat="48.458982" lon="13.809374">
				<ele>289.399994</ele>
				<time>2026-09-04T13:21:58Z</time>
			</trkpt>
			<trkpt lat="48.458947" lon="13.809334">
				<ele>289.600006</ele>
				<time>2026-09-04T13:21:59Z</time>
			</trkpt>
			<trkpt lat="48.458914" lon="13.809308">
				<ele>289.799988</ele>
				<time>2026-09-04T13:22:00Z</time>
			</trkpt>
			<trkpt lat="48.458877" lon="13.809274">
				<ele>290</ele>
				<time>2026-09-04T13:22:01Z</time>
			</trkpt>
			<trkpt lat="48.458843" lon="13.809226">
				<ele>290.200012</ele>
				<time>2026-09-04T13:22:02Z</time>
			</trkpt>
			<trkpt lat="48.458809" lon="13.809198">
				<ele>290.399994</ele>
				<time>2026-09-04T13:22:03Z</time>
			</trkpt>
			<trkpt lat="48.458772" lon="13.809144">
				<ele>290.600006</ele>
				<time>2026-09-04T13:22:04Z</time>
			</trkpt>
			<trkpt lat="48.458737" lon="13.809114">
				<ele>290.799988</ele>
				<time>2026-09-04T13:22:05Z</time>
			</trkpt>
			<trkpt lat="48.458674" lon="13.809068">
				<ele>291</ele>
				<time>2026-09-04T13:22:06Z</time>
			</trkpt>
			<trkpt lat="48.458637" lon="13.809044">
				<ele>291.200012</ele>
				<time>2026-09-04T13:22:07Z</time>
			</trkpt>
			<trkpt lat="48.458595" lon="13.80901">
				<ele>291.399994</ele>
				<time>2026-09-04T13:22:08Z</time>
			</trkpt>
			<trkpt lat="48.458561" lon="13.809002">
				<ele>291.600006</ele>
				<time>2026-09-04T13:22:09Z</time>
			</trkpt>
			<trkpt lat="48.458526" lon="13.808982">
				<ele>291.799988</ele>
				<time>2026-09-04T13:22:10Z</time>
			</trkpt>
			<trkpt lat="48.458492" lon="13.808974">
				<ele>292</ele>
				<time>2026-09-04T13:22:11Z</time>
			</trkpt>
			<trkpt lat="48.458467" lon="13.808964">
				<ele>292</ele>
				<time>2026-09-04T13:22:12Z</time>
			</trkpt>
			<trkpt lat="48.458429" lon="13.808958">
				<ele>292.200012</ele>
				<time>2026-09-04T13:22:13Z</time>
			</trkpt>
			<trkpt lat="48.458399" lon="13.808948">
				<ele>292.399994</ele>
				<time>2026-09-04T13:22:14Z</time>
			</trkpt>
			<trkpt lat="48.458368" lon="13.808946">
				<ele>292.399994</ele>
				<time>2026-09-04T13:22:15Z</time>
			</trkpt>
			<trkpt lat="48.458336" lon="13.808932">
				<ele>292.600006</ele>
				<time>2026-09-04T13:22:16Z</time>
			</trkpt>
			<trkpt lat="48.458308" lon="13.808926">
				<ele>292.799988</ele>
				<time>2026-09-04T13:22:17Z</time>
			</trkpt>
			<trkpt lat="48.458282" lon="13.808924">
				<ele>292.799988</ele>
				<time>2026-09-04T13:22:18Z</time>
			</trkpt>
			<trkpt lat="48.458255" lon="13.80892">
				<ele>293</ele>
				<time>2026-09-04T13:22:19Z</time>
			</trkpt>
			<trkpt lat="48.458226" lon="13.808922">
				<ele>293.200012</ele>
				<time>2026-09-04T13:22:20Z</time>
			</trkpt>
			<trkpt lat="48.458198" lon="13.808916">
				<ele>293.399994</ele>
				<time>2026-09-04T13:22:21Z</time>
			</trkpt>
			<trkpt lat="48.458161" lon="13.808902">
				<ele>293.399994</ele>
				<time>2026-09-04T13:22:22Z</time>
			</trkpt>
			<trkpt lat="48.458134" lon="13.808908">
				<ele>293.600006</ele>
				<time>2026-09-04T13:22:23Z</time>
			</trkpt>
			<trkpt lat="48.458107" lon="13.808904">
				<ele>293.600006</ele>
				<time>2026-09-04T13:22:24Z</time>
			</trkpt>
			<trkpt lat="48.458083" lon="13.808906">
				<ele>293.799988</ele>
				<time>2026-09-04T13:22:25Z</time>
			</trkpt>
			<trkpt lat="48.458058" lon="13.808916">
				<ele>293.799988</ele>
				<time>2026-09-04T13:22:26Z</time>
			</trkpt>
			<trkpt lat="48.458034" lon="13.808928">
				<ele>294</ele>
				<time>2026-09-04T13:22:27Z</time>
			</trkpt>
			<trkpt lat="48.458009" lon="13.808938">
				<ele>294.200012</ele>
				<time>2026-09-04T13:22:28Z</time>
			</trkpt>
			<trkpt lat="48.457985" lon="13.80895">
				<ele>294.399994</ele>
				<time>2026-09-04T13:22:29Z</time>
			</trkpt>
			<trkpt lat="48.457961" lon="13.808962">
				<ele>294.600006</ele>
				<time>2026-09-04T13:22:30Z</time>
			</trkpt>
			<trkpt lat="48.457939" lon="13.808978">
				<ele>294.600006</ele>
				<time>2026-09-04T13:22:31Z</time>
			</trkpt>
			<trkpt lat="48.457907" lon="13.808984">
				<ele>294.799988</ele>
				<time>2026-09-04T13:22:32Z</time>
			</trkpt>
			<trkpt lat="48.457879" lon="13.809008">
				<ele>295</ele>
				<time>2026-09-04T13:22:33Z</time>
			</trkpt>
			<trkpt lat="48.457854" lon="13.809028">
				<ele>295.200012</ele>
				<time>2026-09-04T13:22:34Z</time>
			</trkpt>
			<trkpt lat="48.457833" lon="13.809046">
				<ele>295.399994</ele>
				<time>2026-09-04T13:22:35Z</time>
			</trkpt>
			<trkpt lat="48.457817" lon="13.809074">
				<ele>295.600006</ele>
				<time>2026-09-04T13:22:36Z</time>
			</trkpt>
			<trkpt lat="48.457805" lon="13.80909">
				<ele>295.799988</ele>
				<time>2026-09-04T13:22:37Z</time>
			</trkpt>
			<trkpt lat="48.457791" lon="13.809122">
				<ele>296</ele>
				<time>2026-09-04T13:22:38Z</time>
			</trkpt>
			<trkpt lat="48.457779" lon="13.809158">
				<ele>296.200012</ele>
				<time>2026-09-04T13:22:39Z</time>
			</trkpt>
			<trkpt lat="48.457767" lon="13.809184">
				<ele>296.399994</ele>
				<time>2026-09-04T13:22:40Z</time>
			</trkpt>
			<trkpt lat="48.457756" lon="13.809222">
				<ele>296.399994</ele>
				<time>2026-09-04T13:22:41Z</time>
			</trkpt>
			<trkpt lat="48.457743" lon="13.809256">
				<ele>296.600006</ele>
				<time>2026-09-04T13:22:42Z</time>
			</trkpt>
			<trkpt lat="48.457731" lon="13.809302">
				<ele>296.600006</ele>
				<time>2026-09-04T13:22:43Z</time>
			</trkpt>
			<trkpt lat="48.457722" lon="13.809344">
				<ele>296.600006</ele>
				<time>2026-09-04T13:22:44Z</time>
			</trkpt>
			<trkpt lat="48.457706" lon="13.809382">
				<ele>296.600006</ele>
				<time>2026-09-04T13:22:45Z</time>
			</trkpt>
			<trkpt lat="48.457667" lon="13.809474">
				<ele>296.399994</ele>
				<time>2026-09-04T13:22:46Z</time>
			</trkpt>
			<trkpt lat="48.457647" lon="13.809524">
				<ele>296.200012</ele>
				<time>2026-09-04T13:22:47Z</time>
			</trkpt>
			<trkpt lat="48.457626" lon="13.809582">
				<ele>296.200012</ele>
				<time>2026-09-04T13:22:48Z</time>
			</trkpt>
			<trkpt lat="48.457602" lon="13.809644">
				<ele>296</ele>
				<time>2026-09-04T13:22:49Z</time>
			</trkpt>
			<trkpt lat="48.457573" lon="13.809716">
				<ele>295.799988</ele>
				<time>2026-09-04T13:22:50Z</time>
			</trkpt>
			<trkpt lat="48.457542" lon="13.809794">
				<ele>295.600006</ele>
				<time>2026-09-04T13:22:51Z</time>
			</trkpt>
			<trkpt lat="48.457505" lon="13.80986">
				<ele>295.399994</ele>
				<time>2026-09-04T13:22:52Z</time>
			</trkpt>
			<trkpt lat="48.457469" lon="13.809948">
				<ele>295.200012</ele>
				<time>2026-09-04T13:22:53Z</time>
			</trkpt>
			<trkpt lat="48.457434" lon="13.810018">
				<ele>295.200012</ele>
				<time>2026-09-04T13:22:54Z</time>
			</trkpt>
			<trkpt lat="48.457388" lon="13.810076">
				<ele>295</ele>
				<time>2026-09-04T13:22:55Z</time>
			</trkpt>
			<trkpt lat="48.457348" lon="13.810156">
				<ele>294.799988</ele>
				<time>2026-09-04T13:22:56Z</time>
			</trkpt>
			<trkpt lat="48.457309" lon="13.810238">
				<ele>294.799988</ele>
				<time>2026-09-04T13:22:57Z</time>
			</trkpt>
			<trkpt lat="48.457268" lon="13.810306">
				<ele>294.600006</ele>
				<time>2026-09-04T13:22:58Z</time>
			</trkpt>
			<trkpt lat="48.457226" lon="13.810372">
				<ele>294.600006</ele>
				<time>2026-09-04T13:22:59Z</time>
			</trkpt>
			<trkpt lat="48.457187" lon="13.810454">
				<ele>294.399994</ele>
				<time>2026-09-04T13:23:00Z</time>
			</trkpt>
			<trkpt lat="48.457158" lon="13.810536">
				<ele>294.200012</ele>
				<time>2026-09-04T13:23:01Z</time>
			</trkpt>
			<trkpt lat="48.457115" lon="13.81061">
				<ele>294.200012</ele>
				<time>2026-09-04T13:23:02Z</time>
			</trkpt>
			<trkpt lat="48.457081" lon="13.810692">
				<ele>294</ele>
				<time>2026-09-04T13:23:03Z</time>
			</trkpt>
			<trkpt lat="48.457044" lon="13.810778">
				<ele>294</ele>
				<time>2026-09-04T13:23:04Z</time>
			</trkpt>
			<trkpt lat="48.457006" lon="13.810852">
				<ele>293.799988</ele>
				<time>2026-09-04T13:23:05Z</time>
			</trkpt>
			<trkpt lat="48.456968" lon="13.810926">
				<ele>293.799988</ele>
				<time>2026-09-04T13:23:06Z</time>
			</trkpt>
			<trkpt lat="48.456927" lon="13.811004">
				<ele>293.799988</ele>
				<time>2026-09-04T13:23:07Z</time>
			</trkpt>
			<trkpt lat="48.456897" lon="13.811074">
				<ele>293.600006</ele>
				<time>2026-09-04T13:23:08Z</time>
			</trkpt>
			<trkpt lat="48.456854" lon="13.811158">
				<ele>293.600006</ele>
				<time>2026-09-04T13:23:09Z</time>
			</trkpt>
			<trkpt lat="48.456816" lon="13.811222">
				<ele>293.600006</ele>
				<time>2026-09-04T13:23:10Z</time>
			</trkpt>
			<trkpt lat="48.456781" lon="13.811292">
				<ele>293.799988</ele>
				<time>2026-09-04T13:23:11Z</time>
			</trkpt>
			<trkpt lat="48.456748" lon="13.811376">
				<ele>293.799988</ele>
				<time>2026-09-04T13:23:12Z</time>
			</trkpt>
			<trkpt lat="48.456713" lon="13.811446">
				<ele>293.799988</ele>
				<time>2026-09-04T13:23:13Z</time>
			</trkpt>
			<trkpt lat="48.456678" lon="13.811526">
				<ele>293.799988</ele>
				<time>2026-09-04T13:23:14Z</time>
			</trkpt>
			<trkpt lat="48.456646" lon="13.811602">
				<ele>293.799988</ele>
				<time>2026-09-04T13:23:15Z</time>
			</trkpt>
			<trkpt lat="48.456613" lon="13.811676">
				<ele>293.799988</ele>
				<time>2026-09-04T13:23:16Z</time>
			</trkpt>
			<trkpt lat="48.456577" lon="13.811744">
				<ele>294</ele>
				<time>2026-09-04T13:23:17Z</time>
			</trkpt>
			<trkpt lat="48.456538" lon="13.811806">
				<ele>294</ele>
				<time>2026-09-04T13:23:19Z</time>
			</trkpt>
			<trkpt lat="48.456506" lon="13.811872">
				<ele>294.200012</ele>
				<time>2026-09-04T13:23:20Z</time>
			</trkpt>
			<trkpt lat="48.456471" lon="13.811942">
				<ele>294.200012</ele>
				<time>2026-09-04T13:23:21Z</time>
			</trkpt>
			<trkpt lat="48.456434" lon="13.812018">
				<ele>294.399994</ele>
				<time>2026-09-04T13:23:22Z</time>
			</trkpt>
			<trkpt lat="48.456401" lon="13.812072">
				<ele>294.600006</ele>
				<time>2026-09-04T13:23:23Z</time>
			</trkpt>
			<trkpt lat="48.456367" lon="13.812144">
				<ele>294.600006</ele>
				<time>2026-09-04T13:23:24Z</time>
			</trkpt>
			<trkpt lat="48.456332" lon="13.812194">
				<ele>294.799988</ele>
				<time>2026-09-04T13:23:25Z</time>
			</trkpt>
			<trkpt lat="48.456296" lon="13.812252">
				<ele>294.799988</ele>
				<time>2026-09-04T13:23:26Z</time>
			</trkpt>
			<trkpt lat="48.456219" lon="13.812368">
				<ele>295</ele>
				<time>2026-09-04T13:23:27Z</time>
			</trkpt>
			<trkpt lat="48.456181" lon="13.812412">
				<ele>295.200012</ele>
				<time>2026-09-04T13:23:28Z</time>
			</trkpt>
			<trkpt lat="48.456142" lon="13.812474">
				<ele>295.200012</ele>
				<time>2026-09-04T13:23:30Z</time>
			</trkpt>
			<trkpt lat="48.456142" lon="13.812474">
				<ele>295.399994</ele>
				<time>2026-09-04T13:23:31Z</time>
			</trkpt>
			<trkpt lat="48.456066" lon="13.812562">
				<ele>295.399994</ele>
				<time>2026-09-04T13:23:33Z</time>
			</trkpt>
			<trkpt lat="48.456027" lon="13.812614">
				<ele>295.600006</ele>
				<time>2026-09-04T13:23:34Z</time>
			</trkpt>
			<trkpt lat="48.455986" lon="13.812642">
				<ele>295.600006</ele>
				<time>2026-09-04T13:23:36Z</time>
			</trkpt>
			<trkpt lat="48.455945" lon="13.81268">
				<ele>295.799988</ele>
				<time>2026-09-04T13:23:37Z</time>
			</trkpt>
			<trkpt lat="48.455903" lon="13.812726">
				<ele>296</ele>
				<time>2026-09-04T13:23:39Z</time>
			</trkpt>
			<trkpt lat="48.455863" lon="13.812756">
				<ele>296</ele>
				<time>2026-09-04T13:23:41Z</time>
			</trkpt>
			<trkpt lat="48.455818" lon="13.812796">
				<ele>296</ele>
				<time>2026-09-04T13:23:42Z</time>
			</trkpt>
			<trkpt lat="48.455778" lon="13.812836">
				<ele>296.200012</ele>
				<time>2026-09-04T13:23:44Z</time>
			</trkpt>
			<trkpt lat="48.455741" lon="13.812872">
				<ele>296.200012</ele>
				<time>2026-09-04T13:23:45Z</time>
			</trkpt>
			<trkpt lat="48.455705" lon="13.81291">
				<ele>296.399994</ele>
				<time>2026-09-04T13:23:47Z</time>
			</trkpt>
			<trkpt lat="48.455667" lon="13.812954">
				<ele>296.600006</ele>
				<time>2026-09-04T13:23:48Z</time>
			</trkpt>
			<trkpt lat="48.455629" lon="13.812998">
				<ele>296.600006</ele>
				<time>2026-09-04T13:23:49Z</time>
			</trkpt>
			<trkpt lat="48.455596" lon="13.813032">
				<ele>296.799988</ele>
				<time>2026-09-04T13:23:50Z</time>
			</trkpt>
			<trkpt lat="48.455561" lon="13.813072">
				<ele>296.799988</ele>
				<time>2026-09-04T13:23:51Z</time>
			</trkpt>
			<trkpt lat="48.455528" lon="13.813126">
				<ele>297</ele>
				<time>2026-09-04T13:23:52Z</time>
			</trkpt>
			<trkpt lat="48.455498" lon="13.813166">
				<ele>297.200012</ele>
				<time>2026-09-04T13:23:53Z</time>
			</trkpt>
			<trkpt lat="48.455467" lon="13.813204">
				<ele>297.399994</ele>
				<time>2026-09-04T13:23:54Z</time>
			</trkpt>
			<trkpt lat="48.455438" lon="13.813246">
				<ele>297.600006</ele>
				<time>2026-09-04T13:23:55Z</time>
			</trkpt>
			<trkpt lat="48.455411" lon="13.813282">
				<ele>297.799988</ele>
				<time>2026-09-04T13:23:56Z</time>
			</trkpt>
			<trkpt lat="48.455389" lon="13.813328">
				<ele>298</ele>
				<time>2026-09-04T13:23:57Z</time>
			</trkpt>
			<trkpt lat="48.455372" lon="13.813354">
				<ele>298.200012</ele>
				<time>2026-09-04T13:23:58Z</time>
			</trkpt>
			<trkpt lat="48.455352" lon="13.813394">
				<ele>298.399994</ele>
				<time>2026-09-04T13:23:59Z</time>
			</trkpt>
			<trkpt lat="48.455332" lon="13.813434">
				<ele>298.600006</ele>
				<time>2026-09-04T13:24:00Z</time>
			</trkpt>
			<trkpt lat="48.455312" lon="13.813474">
				<ele>298.799988</ele>
				<time>2026-09-04T13:24:01Z</time>
			</trkpt>
			<trkpt lat="48.455289" lon="13.813518">
				<ele>299</ele>
				<time>2026-09-04T13:24:02Z</time>
			</trkpt>
			<trkpt lat="48.455268" lon="13.813556">
				<ele>299</ele>
				<time>2026-09-04T13:24:03Z</time>
			</trkpt>
			<trkpt lat="48.455248" lon="13.813596">
				<ele>299.200012</ele>
				<time>2026-09-04T13:24:04Z</time>
			</trkpt>
			<trkpt lat="48.455229" lon="13.813638">
				<ele>299.200012</ele>
				<time>2026-09-04T13:24:05Z</time>
			</trkpt>
			<trkpt lat="48.455211" lon="13.813682">
				<ele>299.399994</ele>
				<time>2026-09-04T13:24:06Z</time>
			</trkpt>
			<trkpt lat="48.455193" lon="13.813726">
				<ele>299.600006</ele>
				<time>2026-09-04T13:24:07Z</time>
			</trkpt>
			<trkpt lat="48.455154" lon="13.813798">
				<ele>299.799988</ele>
				<time>2026-09-04T13:24:08Z</time>
			</trkpt>
			<trkpt lat="48.455131" lon="13.813832">
				<ele>300</ele>
				<time>2026-09-04T13:24:09Z</time>
			</trkpt>
			<trkpt lat="48.455111" lon="13.813872">
				<ele>300</ele>
				<time>2026-09-04T13:24:10Z</time>
			</trkpt>
			<trkpt lat="48.455089" lon="13.813918">
				<ele>300.200012</ele>
				<time>2026-09-04T13:24:11Z</time>
			</trkpt>
			<trkpt lat="48.455063" lon="13.813946">
				<ele>300.399994</ele>
				<time>2026-09-04T13:24:12Z</time>
			</trkpt>
			<trkpt lat="48.455033" lon="13.813976">
				<ele>300.399994</ele>
				<time>2026-09-04T13:24:13Z</time>
			</trkpt>
			<trkpt lat="48.455001" lon="13.813992">
				<ele>300.600006</ele>
				<time>2026-09-04T13:24:14Z</time>
			</trkpt>
			<trkpt lat="48.454969" lon="13.814018">
				<ele>300.799988</ele>
				<time>2026-09-04T13:24:15Z</time>
			</trkpt>
			<trkpt lat="48.454941" lon="13.814042">
				<ele>301</ele>
				<time>2026-09-04T13:24:16Z</time>
			</trkpt>
			<trkpt lat="48.454912" lon="13.814064">
				<ele>301</ele>
				<time>2026-09-04T13:24:17Z</time>
			</trkpt>
			<trkpt lat="48.454886" lon="13.814092">
				<ele>301.200012</ele>
				<time>2026-09-04T13:24:18Z</time>
			</trkpt>
			<trkpt lat="48.454865" lon="13.81412">
				<ele>301.399994</ele>
				<time>2026-09-04T13:24:19Z</time>
			</trkpt>
			<trkpt lat="48.454842" lon="13.814154">
				<ele>301.399994</ele>
				<time>2026-09-04T13:24:20Z</time>
			</trkpt>
			<trkpt lat="48.454826" lon="13.814172">
				<ele>301.600006</ele>
				<time>2026-09-04T13:24:21Z</time>
			</trkpt>
			<trkpt lat="48.454798" lon="13.814206">
				<ele>301.600006</ele>
				<time>2026-09-04T13:24:22Z</time>
			</trkpt>
			<trkpt lat="48.454777" lon="13.814224">
				<ele>301.799988</ele>
				<time>2026-09-04T13:24:23Z</time>
			</trkpt>
			<trkpt lat="48.454752" lon="13.814254">
				<ele>301.799988</ele>
				<time>2026-09-04T13:24:24Z</time>
			</trkpt>
			<trkpt lat="48.454728" lon="13.814276">
				<ele>302</ele>
				<time>2026-09-04T13:24:25Z</time>
			</trkpt>
			<trkpt lat="48.454719" lon="13.814308">
				<ele>302</ele>
				<time>2026-09-04T13:24:26Z</time>
			</trkpt>
			<trkpt lat="48.454692" lon="13.814334">
				<ele>302.200012</ele>
				<time>2026-09-04T13:24:27Z</time>
			</trkpt>
			<trkpt lat="48.454674" lon="13.814358">
				<ele>302.399994</ele>
				<time>2026-09-04T13:24:28Z</time>
			</trkpt>
			<trkpt lat="48.454659" lon="13.814388">
				<ele>302.600006</ele>
				<time>2026-09-04T13:24:29Z</time>
			</trkpt>
			<trkpt lat="48.454646" lon="13.814412">
				<ele>302.799988</ele>
				<time>2026-09-04T13:24:30Z</time>
			</trkpt>
			<trkpt lat="48.454628" lon="13.814446">
				<ele>303</ele>
				<time>2026-09-04T13:24:31Z</time>
			</trkpt>
			<trkpt lat="48.454613" lon="13.814466">
				<ele>303</ele>
				<time>2026-09-04T13:24:32Z</time>
			</trkpt>
			<trkpt lat="48.454598" lon="13.814496">
				<ele>303.200012</ele>
				<time>2026-09-04T13:24:33Z</time>
			</trkpt>
			<trkpt lat="48.454581" lon="13.814512">
				<ele>303.399994</ele>
				<time>2026-09-04T13:24:34Z</time>
			</trkpt>
			<trkpt lat="48.454562" lon="13.814544">
				<ele>303.600006</ele>
				<time>2026-09-04T13:24:35Z</time>
			</trkpt>
			<trkpt lat="48.454542" lon="13.814564">
				<ele>303.799988</ele>
				<time>2026-09-04T13:24:36Z</time>
			</trkpt>
			<trkpt lat="48.454524" lon="13.814598">
				<ele>303.799988</ele>
				<time>2026-09-04T13:24:37Z</time>
			</trkpt>
			<trkpt lat="48.454504" lon="13.814618">
				<ele>304</ele>
				<time>2026-09-04T13:24:38Z</time>
			</trkpt>
			<trkpt lat="48.454484" lon="13.814648">
				<ele>304.200012</ele>
				<time>2026-09-04T13:24:39Z</time>
			</trkpt>
			<trkpt lat="48.454473" lon="13.814676">
				<ele>304.399994</ele>
				<time>2026-09-04T13:24:40Z</time>
			</trkpt>
			<trkpt lat="48.454458" lon="13.814706">
				<ele>304.399994</ele>
				<time>2026-09-04T13:24:41Z</time>
			</trkpt>
			<trkpt lat="48.454443" lon="13.814736">
				<ele>304.600006</ele>
				<time>2026-09-04T13:24:42Z</time>
			</trkpt>
			<trkpt lat="48.454425" lon="13.81476">
				<ele>304.799988</ele>
				<time>2026-09-04T13:24:43Z</time>
			</trkpt>
			<trkpt lat="48.454407" lon="13.814794">
				<ele>304.799988</ele>
				<time>2026-09-04T13:24:44Z</time>
			</trkpt>
			<trkpt lat="48.454392" lon="13.814814">
				<ele>305</ele>
				<time>2026-09-04T13:24:45Z</time>
			</trkpt>
			<trkpt lat="48.454374" lon="13.814848">
				<ele>305</ele>
				<time>2026-09-04T13:24:46Z</time>
			</trkpt>
			<trkpt lat="48.454359" lon="13.814868">
				<ele>305.200012</ele>
				<time>2026-09-04T13:24:47Z</time>
			</trkpt>
			<trkpt lat="48.454345" lon="13.81489">
				<ele>305.399994</ele>
				<time>2026-09-04T13:24:48Z</time>
			</trkpt>
			<trkpt lat="48.454307" lon="13.814944">
				<ele>305.600006</ele>
				<time>2026-09-04T13:24:49Z</time>
			</trkpt>
			<trkpt lat="48.454285" lon="13.81497">
				<ele>305.799988</ele>
				<time>2026-09-04T13:24:50Z</time>
			</trkpt>
			<trkpt lat="48.454268" lon="13.815006">
				<ele>306</ele>
				<time>2026-09-04T13:24:51Z</time>
			</trkpt>
			<trkpt lat="48.454252" lon="13.815024">
				<ele>306.200012</ele>
				<time>2026-09-04T13:24:52Z</time>
			</trkpt>
			<trkpt lat="48.454234" lon="13.815058">
				<ele>306.200012</ele>
				<time>2026-09-04T13:24:53Z</time>
			</trkpt>
			<trkpt lat="48.454215" lon="13.81507">
				<ele>306.399994</ele>
				<time>2026-09-04T13:24:54Z</time>
			</trkpt>
			<trkpt lat="48.454197" lon="13.815104">
				<ele>306.600006</ele>
				<time>2026-09-04T13:24:55Z</time>
			</trkpt>
			<trkpt lat="48.454179" lon="13.815128">
				<ele>306.799988</ele>
				<time>2026-09-04T13:24:56Z</time>
			</trkpt>
			<trkpt lat="48.454177" lon="13.815124">
				<ele>304.62</ele>
				<time>2026-09-04T13:24:57Z</time>
			</trkpt>
			<trkpt lat="48.454076" lon="13.815252">
				<ele>305.95</ele>
				<time>2026-09-04T13:25:00Z</time>
			</trkpt>
			<trkpt lat="48.453897" lon="13.815434">
				<ele>307.05</ele>
				<time>2026-09-04T13:25:04Z</time>
			</trkpt>
			<trkpt lat="48.453626" lon="13.815632">
				<ele>309</ele>
				<time>2026-09-04T13:25:08Z</time>
			</trkpt>
			<trkpt lat="48.453498" lon="13.815756">
				<ele>310.72</ele>
				<time>2026-09-04T13:25:10Z</time>
			</trkpt>
			<trkpt lat="48.453435" lon="13.81582">
				<ele>311.68</ele>
				<time>2026-09-04T13:25:11Z</time>
			</trkpt>
			<trkpt lat="48.453266" lon="13.816062">
				<ele>312.81</ele>
				<time>2026-09-04T13:25:14Z</time>
			</trkpt>
			<trkpt lat="48.452992" lon="13.816394">
				<ele>314.75</ele>
				<time>2026-09-04T13:25:19Z</time>
			</trkpt>
			<trkpt lat="48.452946" lon="13.816432">
				<ele>314.78</ele>
				<time>2026-09-04T13:25:20Z</time>
			</trkpt>
			<trkpt lat="48.452915" lon="13.81645">
				<ele>315.05</ele>
				<time>2026-09-04T13:25:21Z</time>
			</trkpt>
			<trkpt lat="48.452762" lon="13.816724">
				<ele>315.18</ele>
				<time>2026-09-04T13:25:24Z</time>
			</trkpt>
			<trkpt lat="48.452762" lon="13.816724">
				<ele>315.18</ele>
				<time>2026-09-04T13:25:25Z</time>
			</trkpt>
			<trkpt lat="48.451453" lon="13.819096">
				<ele>316.27</ele>
				<time>2026-09-04T13:26:04Z</time>
			</trkpt>
			<trkpt lat="48.451377" lon="13.819224">
				<ele>316.17</ele>
				<time>2026-09-04T13:26:07Z</time>
			</trkpt>
			<trkpt lat="48.451377" lon="13.819224">
				<ele>316.17</ele>
				<time>2026-09-04T13:26:08Z</time>
			</trkpt>
			<trkpt lat="48.451214" lon="13.819488">
				<ele>315.95</ele>
				<time>2026-09-04T13:26:13Z</time>
			</trkpt>
			<trkpt lat="48.450863" lon="13.819986">
				<ele>315.57</ele>
				<time>2026-09-04T13:26:24Z</time>
			</trkpt>
			<trkpt lat="48.450508" lon="13.820396">
				<ele>314.71</ele>
				<time>2026-09-04T13:26:33Z</time>
			</trkpt>
			<trkpt lat="48.450106" lon="13.820822">
				<ele>314.72</ele>
				<time>2026-09-04T13:26:43Z</time>
			</trkpt>
			<trkpt lat="48.449711" lon="13.821272">
				<ele>314.36</ele>
				<time>2026-09-04T13:26:51Z</time>
			</trkpt>
			<trkpt lat="48.449418" lon="13.821656">
				<ele>314.45</ele>
				<time>2026-09-04T13:26:58Z</time>
			</trkpt>
			<trkpt lat="48.449355" lon="13.82175">
				<ele>314.26</ele>
				<time>2026-09-04T13:27:00Z</time>
			</trkpt>
			<trkpt lat="48.449182" lon="13.822014">
				<ele>313.71</ele>
				<time>2026-09-04T13:27:04Z</time>
			</trkpt>
			<trkpt lat="48.448468" lon="13.823256">
				<ele>310.56</ele>
				<time>2026-09-04T13:27:22Z</time>
			</trkpt>
			<trkpt lat="48.448111" lon="13.823842">
				<ele>309.36</ele>
				<time>2026-09-04T13:27:30Z</time>
			</trkpt>
			<trkpt lat="48.448025" lon="13.82396">
				<ele>308.89</ele>
				<time>2026-09-04T13:27:31Z</time>
			</trkpt>
			<trkpt lat="48.448023" lon="13.823966">
				<ele>313.200012</ele>
				<time>2026-09-04T13:27:32Z</time>
			</trkpt>
			<trkpt lat="48.448025" lon="13.82396">
				<ele>308.89</ele>
				<time>2026-09-04T13:27:33Z</time>
			</trkpt>
			<trkpt lat="48.447842" lon="13.824224">
				<ele>307.88</ele>
				<time>2026-09-04T13:27:37Z</time>
			</trkpt>
			<trkpt lat="48.447486" lon="13.824592">
				<ele>308.37</ele>
				<time>2026-09-04T13:27:43Z</time>
			</trkpt>
			<trkpt lat="48.447367" lon="13.824694">
				<ele>308.6</ele>
				<time>2026-09-04T13:27:45Z</time>
			</trkpt>
			<trkpt lat="48.447175" lon="13.82485">
				<ele>308.98</ele>
				<time>2026-09-04T13:27:49Z</time>
			</trkpt>
			<trkpt lat="48.446437" lon="13.825384">
				<ele>310.47</ele>
				<time>2026-09-04T13:28:01Z</time>
			</trkpt>
			<trkpt lat="48.446171" lon="13.825622">
				<ele>311.32</ele>
				<time>2026-09-04T13:28:05Z</time>
			</trkpt>
			<trkpt lat="48.446019" lon="13.825788">
				<ele>312.7</ele>
				<time>2026-09-04T13:28:08Z</time>
			</trkpt>
			<trkpt lat="48.446021" lon="13.825782">
				<ele>314.600006</ele>
				<time>2026-09-04T13:28:09Z</time>
			</trkpt>
			<trkpt lat="48.446019" lon="13.825788">
				<ele>312.7</ele>
				<time>2026-09-04T13:28:10Z</time>
			</trkpt>
			<trkpt lat="48.445922" lon="13.825894">
				<ele>313.57</ele>
				<time>2026-09-04T13:28:11Z</time>
			</trkpt>
			<trkpt lat="48.445581" lon="13.826352">
				<ele>315.8</ele>
				<time>2026-09-04T13:28:20Z</time>
			</trkpt>
			<trkpt lat="48.445497" lon="13.826494">
				<ele>315.56</ele>
				<time>2026-09-04T13:28:22Z</time>
			</trkpt>
			<trkpt lat="48.445425" lon="13.82663">
				<ele>316</ele>
				<time>2026-09-04T13:28:24Z</time>
			</trkpt>
			<trkpt lat="48.445404" lon="13.826688">
				<ele>316.04</ele>
				<time>2026-09-04T13:28:25Z</time>
			</trkpt>
			<trkpt lat="48.445377" lon="13.826754">
				<ele>315.83</ele>
				<time>2026-09-04T13:28:26Z</time>
			</trkpt>
			<trkpt lat="48.445314" lon="13.826868">
				<ele>316.59</ele>
				<time>2026-09-04T13:28:28Z</time>
			</trkpt>
			<trkpt lat="48.445251" lon="13.826952">
				<ele>316.59</ele>
				<time>2026-09-04T13:28:30Z</time>
			</trkpt>
			<trkpt lat="48.445177" lon="13.827014">
				<ele>317.19</ele>
				<time>2026-09-04T13:28:31Z</time>
			</trkpt>
			<trkpt lat="48.445137" lon="13.827074">
				<ele>317.39</ele>
				<time>2026-09-04T13:28:32Z</time>
			</trkpt>
			<trkpt lat="48.445137" lon="13.827074">
				<ele>317.39</ele>
				<time>2026-09-04T13:28:33Z</time>
			</trkpt>
			<trkpt lat="48.444933" lon="13.827376">
				<ele>318.35</ele>
				<time>2026-09-04T13:28:38Z</time>
			</trkpt>
			<trkpt lat="48.443915" lon="13.82897">
				<ele>321.83</ele>
				<time>2026-09-04T13:29:04Z</time>
			</trkpt>
			<trkpt lat="48.443356" lon="13.829862">
				<ele>321.47</ele>
				<time>2026-09-04T13:29:20Z</time>
			</trkpt>
			<trkpt lat="48.442219" lon="13.831548">
				<ele>316.91</ele>
				<time>2026-09-04T13:29:52Z</time>
			</trkpt>
			<trkpt lat="48.441552" lon="13.832394">
				<ele>312.95</ele>
				<time>2026-09-04T13:30:09Z</time>
			</trkpt>
			<trkpt lat="48.441448" lon="13.832516">
				<ele>312.36</ele>
				<time>2026-09-04T13:30:12Z</time>
			</trkpt>
			<trkpt lat="48.441441" lon="13.832512">
				<ele>312.36</ele>
				<time>2026-09-04T13:30:13Z</time>
			</trkpt>
			<trkpt lat="48.440803" lon="13.833226">
				<ele>308.99</ele>
				<time>2026-09-04T13:30:25Z</time>
			</trkpt>
			<trkpt lat="48.440363" lon="13.833686">
				<ele>306.77</ele>
				<time>2026-09-04T13:30:34Z</time>
			</trkpt>
			<trkpt lat="48.440043" lon="13.834056">
				<ele>304.75</ele>
				<time>2026-09-04T13:30:40Z</time>
			</trkpt>
			<trkpt lat="48.439707" lon="13.834514">
				<ele>301.89</ele>
				<time>2026-09-04T13:30:46Z</time>
			</trkpt>
			<trkpt lat="48.439138" lon="13.835506">
				<ele>301.91</ele>
				<time>2026-09-04T13:30:57Z</time>
			</trkpt>
			<trkpt lat="48.438978" lon="13.835766">
				<ele>301.85</ele>
				<time>2026-09-04T13:31:00Z</time>
			</trkpt>
			<trkpt lat="48.438853" lon="13.835916">
				<ele>302.11</ele>
				<time>2026-09-04T13:31:01Z</time>
			</trkpt>
			<trkpt lat="48.438851" lon="13.835912">
				<ele>305.600006</ele>
				<time>2026-09-04T13:31:02Z</time>
			</trkpt>
			<trkpt lat="48.438798" lon="13.835976">
				<ele>305.600006</ele>
				<time>2026-09-04T13:31:03Z</time>
			</trkpt>
			<trkpt lat="48.438745" lon="13.83602">
				<ele>305.799988</ele>
				<time>2026-09-04T13:31:04Z</time>
			</trkpt>
			<trkpt lat="48.438695" lon="13.83608">
				<ele>305.799988</ele>
				<time>2026-09-04T13:31:06Z</time>
			</trkpt>
			<trkpt lat="48.438658" lon="13.836146">
				<ele>306</ele>
				<time>2026-09-04T13:31:07Z</time>
			</trkpt>
			<trkpt lat="48.438606" lon="13.836192">
				<ele>306.200012</ele>
				<time>2026-09-04T13:31:08Z</time>
			</trkpt>
			<trkpt lat="48.438564" lon="13.836258">
				<ele>306.399994</ele>
				<time>2026-09-04T13:31:10Z</time>
			</trkpt>
			<trkpt lat="48.438529" lon="13.836308">
				<ele>306.399994</ele>
				<time>2026-09-04T13:31:11Z</time>
			</trkpt>
			<trkpt lat="48.438475" lon="13.83635">
				<ele>306.600006</ele>
				<time>2026-09-04T13:31:13Z</time>
			</trkpt>
			<trkpt lat="48.438431" lon="13.836402">
				<ele>306.799988</ele>
				<time>2026-09-04T13:31:15Z</time>
			</trkpt>
			<trkpt lat="48.438389" lon="13.836448">
				<ele>307</ele>
				<time>2026-09-04T13:31:17Z</time>
			</trkpt>
			<trkpt lat="48.438345" lon="13.83648">
				<ele>307.200012</ele>
				<time>2026-09-04T13:31:18Z</time>
			</trkpt>
			<trkpt lat="48.438303" lon="13.836526">
				<ele>307.399994</ele>
				<time>2026-09-04T13:31:19Z</time>
			</trkpt>
			<trkpt lat="48.438261" lon="13.836562">
				<ele>307.399994</ele>
				<time>2026-09-04T13:31:20Z</time>
			</trkpt>
			<trkpt lat="48.438219" lon="13.836598">
				<ele>307.600006</ele>
				<time>2026-09-04T13:31:21Z</time>
			</trkpt>
			<trkpt lat="48.438176" lon="13.836622">
				<ele>307.799988</ele>
				<time>2026-09-04T13:31:22Z</time>
			</trkpt>
			<trkpt lat="48.438134" lon="13.836658">
				<ele>307.799988</ele>
				<time>2026-09-04T13:31:24Z</time>
			</trkpt>
			<trkpt lat="48.438092" lon="13.836684">
				<ele>308</ele>
				<time>2026-09-04T13:31:25Z</time>
			</trkpt>
			<trkpt lat="48.438049" lon="13.836718">
				<ele>308.200012</ele>
				<time>2026-09-04T13:31:26Z</time>
			</trkpt>
			<trkpt lat="48.438005" lon="13.83674">
				<ele>308.200012</ele>
				<time>2026-09-04T13:31:27Z</time>
			</trkpt>
			<trkpt lat="48.437962" lon="13.836774">
				<ele>308.399994</ele>
				<time>2026-09-04T13:31:28Z</time>
			</trkpt>
			<trkpt lat="48.437922" lon="13.836804">
				<ele>308.600006</ele>
				<time>2026-09-04T13:31:29Z</time>
			</trkpt>
			<trkpt lat="48.437889" lon="13.836838">
				<ele>308.600006</ele>
				<time>2026-09-04T13:31:30Z</time>
			</trkpt>
			<trkpt lat="48.437842" lon="13.836864">
				<ele>308.799988</ele>
				<time>2026-09-04T13:31:31Z</time>
			</trkpt>
			<trkpt lat="48.437803" lon="13.836906">
				<ele>308.799988</ele>
				<time>2026-09-04T13:31:32Z</time>
			</trkpt>
			<trkpt lat="48.437765" lon="13.83693">
				<ele>309</ele>
				<time>2026-09-04T13:31:33Z</time>
			</trkpt>
			<trkpt lat="48.437728" lon="13.836976">
				<ele>309</ele>
				<time>2026-09-04T13:31:34Z</time>
			</trkpt>
			<trkpt lat="48.437694" lon="13.837018">
				<ele>309.200012</ele>
				<time>2026-09-04T13:31:35Z</time>
			</trkpt>
			<trkpt lat="48.437628" lon="13.837096">
				<ele>309.399994</ele>
				<time>2026-09-04T13:31:36Z</time>
			</trkpt>
			<trkpt lat="48.437598" lon="13.837136">
				<ele>309.600006</ele>
				<time>2026-09-04T13:31:37Z</time>
			</trkpt>
			<trkpt lat="48.437567" lon="13.837174">
				<ele>309.799988</ele>
				<time>2026-09-04T13:31:38Z</time>
			</trkpt>
			<trkpt lat="48.437546" lon="13.837222">
				<ele>310</ele>
				<time>2026-09-04T13:31:39Z</time>
			</trkpt>
			<trkpt lat="48.437512" lon="13.837264">
				<ele>310</ele>
				<time>2026-09-04T13:31:40Z</time>
			</trkpt>
			<trkpt lat="48.437486" lon="13.837302">
				<ele>310.200012</ele>
				<time>2026-09-04T13:31:41Z</time>
			</trkpt>
			<trkpt lat="48.437458" lon="13.837356">
				<ele>310.399994</ele>
				<time>2026-09-04T13:31:42Z</time>
			</trkpt>
			<trkpt lat="48.437429" lon="13.837398">
				<ele>310.399994</ele>
				<time>2026-09-04T13:31:43Z</time>
			</trkpt>
			<trkpt lat="48.437403" lon="13.837436">
				<ele>310.600006</ele>
				<time>2026-09-04T13:31:44Z</time>
			</trkpt>
			<trkpt lat="48.437379" lon="13.837478">
				<ele>310.799988</ele>
				<time>2026-09-04T13:31:45Z</time>
			</trkpt>
			<trkpt lat="48.437352" lon="13.837524">
				<ele>310.799988</ele>
				<time>2026-09-04T13:31:46Z</time>
			</trkpt>
			<trkpt lat="48.437326" lon="13.837562">
				<ele>311</ele>
				<time>2026-09-04T13:31:47Z</time>
			</trkpt>
			<trkpt lat="48.437304" lon="13.837608">
				<ele>311</ele>
				<time>2026-09-04T13:31:48Z</time>
			</trkpt>
			<trkpt lat="48.437282" lon="13.837654">
				<ele>311.200012</ele>
				<time>2026-09-04T13:31:49Z</time>
			</trkpt>
			<trkpt lat="48.437256" lon="13.837702">
				<ele>311.200012</ele>
				<time>2026-09-04T13:31:50Z</time>
			</trkpt>
			<trkpt lat="48.437233" lon="13.837746">
				<ele>311.399994</ele>
				<time>2026-09-04T13:31:51Z</time>
			</trkpt>
			<trkpt lat="48.437208" lon="13.837786">
				<ele>311.399994</ele>
				<time>2026-09-04T13:31:52Z</time>
			</trkpt>
			<trkpt lat="48.437184" lon="13.837838">
				<ele>311.399994</ele>
				<time>2026-09-04T13:31:53Z</time>
			</trkpt>
			<trkpt lat="48.437154" lon="13.837878">
				<ele>311.399994</ele>
				<time>2026-09-04T13:31:54Z</time>
			</trkpt>
			<trkpt lat="48.437128" lon="13.837916">
				<ele>311.600006</ele>
				<time>2026-09-04T13:31:55Z</time>
			</trkpt>
			<trkpt lat="48.437102" lon="13.837964">
				<ele>311.600006</ele>
				<time>2026-09-04T13:31:56Z</time>
			</trkpt>
			<trkpt lat="48.437072" lon="13.838004">
				<ele>311.600006</ele>
				<time>2026-09-04T13:31:57Z</time>
			</trkpt>
			<trkpt lat="48.437043" lon="13.838046">
				<ele>311.600006</ele>
				<time>2026-09-04T13:31:58Z</time>
			</trkpt>
			<trkpt lat="48.437011" lon="13.838092">
				<ele>311.600006</ele>
				<time>2026-09-04T13:31:59Z</time>
			</trkpt>
			<trkpt lat="48.436978" lon="13.838136">
				<ele>311.600006</ele>
				<time>2026-09-04T13:32:00Z</time>
			</trkpt>
			<trkpt lat="48.436948" lon="13.838176">
				<ele>311.600006</ele>
				<time>2026-09-04T13:32:01Z</time>
			</trkpt>
			<trkpt lat="48.436915" lon="13.83822">
				<ele>311.600006</ele>
				<time>2026-09-04T13:32:02Z</time>
			</trkpt>
			<trkpt lat="48.436879" lon="13.838268">
				<ele>311.600006</ele>
				<time>2026-09-04T13:32:03Z</time>
			</trkpt>
			<trkpt lat="48.436843" lon="13.838316">
				<ele>311.600006</ele>
				<time>2026-09-04T13:32:04Z</time>
			</trkpt>
			<trkpt lat="48.436806" lon="13.838352">
				<ele>311.600006</ele>
				<time>2026-09-04T13:32:05Z</time>
			</trkpt>
			<trkpt lat="48.436765" lon="13.83839">
				<ele>311.600006</ele>
				<time>2026-09-04T13:32:06Z</time>
			</trkpt>
			<trkpt lat="48.436724" lon="13.838438">
				<ele>311.600006</ele>
				<time>2026-09-04T13:32:07Z</time>
			</trkpt>
			<trkpt lat="48.436683" lon="13.838476">
				<ele>311.600006</ele>
				<time>2026-09-04T13:32:08Z</time>
			</trkpt>
			<trkpt lat="48.436643" lon="13.838516">
				<ele>311.600006</ele>
				<time>2026-09-04T13:32:09Z</time>
			</trkpt>
			<trkpt lat="48.436603" lon="13.838566">
				<ele>311.399994</ele>
				<time>2026-09-04T13:32:10Z</time>
			</trkpt>
			<trkpt lat="48.436561" lon="13.838602">
				<ele>311.399994</ele>
				<time>2026-09-04T13:32:11Z</time>
			</trkpt>
			<trkpt lat="48.436522" lon="13.838654">
				<ele>311.399994</ele>
				<time>2026-09-04T13:32:12Z</time>
			</trkpt>
			<trkpt lat="48.436484" lon="13.838698">
				<ele>311.399994</ele>
				<time>2026-09-04T13:32:13Z</time>
			</trkpt>
			<trkpt lat="48.436446" lon="13.838742">
				<ele>311.200012</ele>
				<time>2026-09-04T13:32:14Z</time>
			</trkpt>
			<trkpt lat="48.436416" lon="13.838792">
				<ele>311.200012</ele>
				<time>2026-09-04T13:32:15Z</time>
			</trkpt>
			<trkpt lat="48.436376" lon="13.838852">
				<ele>311.200012</ele>
				<time>2026-09-04T13:32:16Z</time>
			</trkpt>
			<trkpt lat="48.436305" lon="13.83896">
				<ele>311</ele>
				<time>2026-09-04T13:32:17Z</time>
			</trkpt>
			<trkpt lat="48.436275" lon="13.83902">
				<ele>311</ele>
				<time>2026-09-04T13:32:18Z</time>
			</trkpt>
			<trkpt lat="48.436246" lon="13.839082">
				<ele>310.799988</ele>
				<time>2026-09-04T13:32:19Z</time>
			</trkpt>
			<trkpt lat="48.436215" lon="13.83914">
				<ele>310.799988</ele>
				<time>2026-09-04T13:32:20Z</time>
			</trkpt>
			<trkpt lat="48.436187" lon="13.839214">
				<ele>310.799988</ele>
				<time>2026-09-04T13:32:21Z</time>
			</trkpt>
			<trkpt lat="48.436166" lon="13.839282">
				<ele>310.799988</ele>
				<time>2026-09-04T13:32:22Z</time>
			</trkpt>
			<trkpt lat="48.436143" lon="13.839356">
				<ele>310.600006</ele>
				<time>2026-09-04T13:32:23Z</time>
			</trkpt>
			<trkpt lat="48.436117" lon="13.839434">
				<ele>310.600006</ele>
				<time>2026-09-04T13:32:24Z</time>
			</trkpt>
			<trkpt lat="48.436093" lon="13.839506">
				<ele>310.600006</ele>
				<time>2026-09-04T13:32:25Z</time>
			</trkpt>
			<trkpt lat="48.436071" lon="13.839572">
				<ele>310.600006</ele>
				<time>2026-09-04T13:32:26Z</time>
			</trkpt>
			<trkpt lat="48.436047" lon="13.839654">
				<ele>310.600006</ele>
				<time>2026-09-04T13:32:27Z</time>
			</trkpt>
			<trkpt lat="48.436021" lon="13.839722">
				<ele>310.600006</ele>
				<time>2026-09-04T13:32:28Z</time>
			</trkpt>
			<trkpt lat="48.435996" lon="13.839802">
				<ele>310.600006</ele>
				<time>2026-09-04T13:32:29Z</time>
			</trkpt>
			<trkpt lat="48.435966" lon="13.839872">
				<ele>310.600006</ele>
				<time>2026-09-04T13:32:30Z</time>
			</trkpt>
			<trkpt lat="48.435937" lon="13.839954">
				<ele>310.600006</ele>
				<time>2026-09-04T13:32:31Z</time>
			</trkpt>
			<trkpt lat="48.435905" lon="13.84002">
				<ele>310.600006</ele>
				<time>2026-09-04T13:32:32Z</time>
			</trkpt>
			<trkpt lat="48.435873" lon="13.840106">
				<ele>310.399994</ele>
				<time>2026-09-04T13:32:33Z</time>
			</trkpt>
			<trkpt lat="48.435831" lon="13.840172">
				<ele>310.399994</ele>
				<time>2026-09-04T13:32:34Z</time>
			</trkpt>
			<trkpt lat="48.435792" lon="13.840234">
				<ele>310.399994</ele>
				<time>2026-09-04T13:32:35Z</time>
			</trkpt>
			<trkpt lat="48.435752" lon="13.840304">
				<ele>310.200012</ele>
				<time>2026-09-04T13:32:36Z</time>
			</trkpt>
			<trkpt lat="48.435712" lon="13.840364">
				<ele>310.200012</ele>
				<time>2026-09-04T13:32:37Z</time>
			</trkpt>
			<trkpt lat="48.435672" lon="13.840434">
				<ele>310.200012</ele>
				<time>2026-09-04T13:32:38Z</time>
			</trkpt>
			<trkpt lat="48.435632" lon="13.840504">
				<ele>310.200012</ele>
				<time>2026-09-04T13:32:39Z</time>
			</trkpt>
			<trkpt lat="48.435594" lon="13.840588">
				<ele>310</ele>
				<time>2026-09-04T13:32:40Z</time>
			</trkpt>
			<trkpt lat="48.435557" lon="13.840654">
				<ele>310</ele>
				<time>2026-09-04T13:32:41Z</time>
			</trkpt>
			<trkpt lat="48.435519" lon="13.840718">
				<ele>310</ele>
				<time>2026-09-04T13:32:42Z</time>
			</trkpt>
			<trkpt lat="48.435481" lon="13.840782">
				<ele>310</ele>
				<time>2026-09-04T13:32:43Z</time>
			</trkpt>
			<trkpt lat="48.435437" lon="13.840854">
				<ele>310.200012</ele>
				<time>2026-09-04T13:32:44Z</time>
			</trkpt>
			<trkpt lat="48.435398" lon="13.840926">
				<ele>310.200012</ele>
				<time>2026-09-04T13:32:46Z</time>
			</trkpt>
			<trkpt lat="48.435354" lon="13.840998">
				<ele>310.200012</ele>
				<time>2026-09-04T13:32:47Z</time>
			</trkpt>
			<trkpt lat="48.435313" lon="13.841056">
				<ele>310.200012</ele>
				<time>2026-09-04T13:32:48Z</time>
			</trkpt>
			<trkpt lat="48.435271" lon="13.841112">
				<ele>310.399994</ele>
				<time>2026-09-04T13:32:49Z</time>
			</trkpt>
			<trkpt lat="48.435234" lon="13.841178">
				<ele>310.399994</ele>
				<time>2026-09-04T13:32:50Z</time>
			</trkpt>
			<trkpt lat="48.435207" lon="13.841244">
				<ele>310.600006</ele>
				<time>2026-09-04T13:32:51Z</time>
			</trkpt>
			<trkpt lat="48.435168" lon="13.841306">
				<ele>310.600006</ele>
				<time>2026-09-04T13:32:52Z</time>
			</trkpt>
			<trkpt lat="48.435132" lon="13.841374">
				<ele>310.799988</ele>
				<time>2026-09-04T13:32:53Z</time>
			</trkpt>
			<trkpt lat="48.435096" lon="13.841432">
				<ele>310.799988</ele>
				<time>2026-09-04T13:32:54Z</time>
			</trkpt>
			<trkpt lat="48.435059" lon="13.841488">
				<ele>311</ele>
				<time>2026-09-04T13:32:55Z</time>
			</trkpt>
			<trkpt lat="48.435023" lon="13.841546">
				<ele>311</ele>
				<time>2026-09-04T13:32:56Z</time>
			</trkpt>
			<trkpt lat="48.434987" lon="13.841604">
				<ele>311.200012</ele>
				<time>2026-09-04T13:32:57Z</time>
			</trkpt>
			<trkpt lat="48.434924" lon="13.841728">
				<ele>311.399994</ele>
				<time>2026-09-04T13:32:58Z</time>
			</trkpt>
			<trkpt lat="48.434888" lon="13.841786">
				<ele>311.600006</ele>
				<time>2026-09-04T13:32:59Z</time>
			</trkpt>
			<trkpt lat="48.434858" lon="13.841836">
				<ele>311.600006</ele>
				<time>2026-09-04T13:33:00Z</time>
			</trkpt>
			<trkpt lat="48.434823" lon="13.841886">
				<ele>311.799988</ele>
				<time>2026-09-04T13:33:01Z</time>
			</trkpt>
			<trkpt lat="48.434797" lon="13.841934">
				<ele>312</ele>
				<time>2026-09-04T13:33:02Z</time>
			</trkpt>
			<trkpt lat="48.434766" lon="13.841982">
				<ele>312</ele>
				<time>2026-09-04T13:33:03Z</time>
			</trkpt>
			<trkpt lat="48.434737" lon="13.842044">
				<ele>312.200012</ele>
				<time>2026-09-04T13:33:04Z</time>
			</trkpt>
			<trkpt lat="48.434706" lon="13.842092">
				<ele>312.399994</ele>
				<time>2026-09-04T13:33:05Z</time>
			</trkpt>
			<trkpt lat="48.434679" lon="13.842148">
				<ele>312.399994</ele>
				<time>2026-09-04T13:33:06Z</time>
			</trkpt>
			<trkpt lat="48.434649" lon="13.842198">
				<ele>312.600006</ele>
				<time>2026-09-04T13:33:07Z</time>
			</trkpt>
			<trkpt lat="48.434618" lon="13.842236">
				<ele>312.600006</ele>
				<time>2026-09-04T13:33:08Z</time>
			</trkpt>
			<trkpt lat="48.434586" lon="13.842282">
				<ele>312.799988</ele>
				<time>2026-09-04T13:33:09Z</time>
			</trkpt>
			<trkpt lat="48.434553" lon="13.842336">
				<ele>313</ele>
				<time>2026-09-04T13:33:10Z</time>
			</trkpt>
			<trkpt lat="48.434525" lon="13.84238">
				<ele>313</ele>
				<time>2026-09-04T13:33:11Z</time>
			</trkpt>
			<trkpt lat="48.434497" lon="13.842434">
				<ele>313.200012</ele>
				<time>2026-09-04T13:33:12Z</time>
			</trkpt>
			<trkpt lat="48.434467" lon="13.842484">
				<ele>313.200012</ele>
				<time>2026-09-04T13:33:13Z</time>
			</trkpt>
			<trkpt lat="48.434436" lon="13.842532">
				<ele>313.399994</ele>
				<time>2026-09-04T13:33:14Z</time>
			</trkpt>
			<trkpt lat="48.434403" lon="13.842586">
				<ele>313.399994</ele>
				<time>2026-09-04T13:33:15Z</time>
			</trkpt>
			<trkpt lat="48.434374" lon="13.842638">
				<ele>313.600006</ele>
				<time>2026-09-04T13:33:16Z</time>
			</trkpt>
			<trkpt lat="48.434342" lon="13.842684">
				<ele>313.600006</ele>
				<time>2026-09-04T13:33:17Z</time>
			</trkpt>
			<trkpt lat="48.434314" lon="13.842738">
				<ele>313.799988</ele>
				<time>2026-09-04T13:33:18Z</time>
			</trkpt>
			<trkpt lat="48.434285" lon="13.84279">
				<ele>313.799988</ele>
				<time>2026-09-04T13:33:19Z</time>
			</trkpt>
			<trkpt lat="48.434259" lon="13.842848">
				<ele>314</ele>
				<time>2026-09-04T13:33:20Z</time>
			</trkpt>
			<trkpt lat="48.434222" lon="13.842884">
				<ele>314.200012</ele>
				<time>2026-09-04T13:33:21Z</time>
			</trkpt>
			<trkpt lat="48.434191" lon="13.842932">
				<ele>314.200012</ele>
				<time>2026-09-04T13:33:22Z</time>
			</trkpt>
			<trkpt lat="48.434162" lon="13.842984">
				<ele>314.399994</ele>
				<time>2026-09-04T13:33:23Z</time>
			</trkpt>
			<trkpt lat="48.434138" lon="13.843036">
				<ele>314.600006</ele>
				<time>2026-09-04T13:33:24Z</time>
			</trkpt>
			<trkpt lat="48.434118" lon="13.843086">
				<ele>314.799988</ele>
				<time>2026-09-04T13:33:25Z</time>
			</trkpt>
			<trkpt lat="48.434083" lon="13.843136">
				<ele>314.799988</ele>
				<time>2026-09-04T13:33:26Z</time>
			</trkpt>
			<trkpt lat="48.434053" lon="13.843186">
				<ele>315</ele>
				<time>2026-09-04T13:33:27Z</time>
			</trkpt>
			<trkpt lat="48.434025" lon="13.84323">
				<ele>315</ele>
				<time>2026-09-04T13:33:28Z</time>
			</trkpt>
			<trkpt lat="48.433997" lon="13.843284">
				<ele>315.200012</ele>
				<time>2026-09-04T13:33:29Z</time>
			</trkpt>
			<trkpt lat="48.433967" lon="13.843324">
				<ele>315.399994</ele>
				<time>2026-09-04T13:33:30Z</time>
			</trkpt>
			<trkpt lat="48.433939" lon="13.843378">
				<ele>315.399994</ele>
				<time>2026-09-04T13:33:31Z</time>
			</trkpt>
			<trkpt lat="48.433913" lon="13.843426">
				<ele>315.600006</ele>
				<time>2026-09-04T13:33:32Z</time>
			</trkpt>
			<trkpt lat="48.433886" lon="13.843462">
				<ele>315.600006</ele>
				<time>2026-09-04T13:33:33Z</time>
			</trkpt>
			<trkpt lat="48.433859" lon="13.843518">
				<ele>315.799988</ele>
				<time>2026-09-04T13:33:34Z</time>
			</trkpt>
			<trkpt lat="48.433832" lon="13.843554">
				<ele>315.799988</ele>
				<time>2026-09-04T13:33:35Z</time>
			</trkpt>
			<trkpt lat="48.433807" lon="13.843604">
				<ele>315.799988</ele>
				<time>2026-09-04T13:33:36Z</time>
			</trkpt>
			<trkpt lat="48.433787" lon="13.843654">
				<ele>316</ele>
				<time>2026-09-04T13:33:37Z</time>
			</trkpt>
			<trkpt lat="48.433727" lon="13.843744">
				<ele>316.200012</ele>
				<time>2026-09-04T13:33:38Z</time>
			</trkpt>
			<trkpt lat="48.433697" lon="13.843794">
				<ele>316.200012</ele>
				<time>2026-09-04T13:33:39Z</time>
			</trkpt>
			<trkpt lat="48.433672" lon="13.843834">
				<ele>316.200012</ele>
				<time>2026-09-04T13:33:40Z</time>
			</trkpt>
			<trkpt lat="48.433647" lon="13.843884">
				<ele>316.399994</ele>
				<time>2026-09-04T13:33:41Z</time>
			</trkpt>
			<trkpt lat="48.433623" lon="13.843936">
				<ele>316.399994</ele>
				<time>2026-09-04T13:33:42Z</time>
			</trkpt>
			<trkpt lat="48.433596" lon="13.843972">
				<ele>316.600006</ele>
				<time>2026-09-04T13:33:43Z</time>
			</trkpt>
			<trkpt lat="48.433572" lon="13.844024">
				<ele>316.600006</ele>
				<time>2026-09-04T13:33:44Z</time>
			</trkpt>
			<trkpt lat="48.433542" lon="13.844074">
				<ele>316.600006</ele>
				<time>2026-09-04T13:33:45Z</time>
			</trkpt>
			<trkpt lat="48.433508" lon="13.844116">
				<ele>316.600006</ele>
				<time>2026-09-04T13:33:46Z</time>
			</trkpt>
			<trkpt lat="48.433474" lon="13.844158">
				<ele>316.600006</ele>
				<time>2026-09-04T13:33:47Z</time>
			</trkpt>
			<trkpt lat="48.433439" lon="13.844198">
				<ele>316.799988</ele>
				<time>2026-09-04T13:33:48Z</time>
			</trkpt>
			<trkpt lat="48.433403" lon="13.844246">
				<ele>316.799988</ele>
				<time>2026-09-04T13:33:49Z</time>
			</trkpt>
			<trkpt lat="48.433366" lon="13.844282">
				<ele>316.799988</ele>
				<time>2026-09-04T13:33:50Z</time>
			</trkpt>
			<trkpt lat="48.433328" lon="13.844326">
				<ele>316.799988</ele>
				<time>2026-09-04T13:33:51Z</time>
			</trkpt>
			<trkpt lat="48.433294" lon="13.844368">
				<ele>316.799988</ele>
				<time>2026-09-04T13:33:52Z</time>
			</trkpt>
			<trkpt lat="48.433251" lon="13.844392">
				<ele>316.799988</ele>
				<time>2026-09-04T13:33:53Z</time>
			</trkpt>
			<trkpt lat="48.433211" lon="13.844432">
				<ele>316.799988</ele>
				<time>2026-09-04T13:33:54Z</time>
			</trkpt>
			<trkpt lat="48.433166" lon="13.844482">
				<ele>316.799988</ele>
				<time>2026-09-04T13:33:55Z</time>
			</trkpt>
			<trkpt lat="48.433118" lon="13.844526">
				<ele>317</ele>
				<time>2026-09-04T13:33:56Z</time>
			</trkpt>
			<trkpt lat="48.433074" lon="13.844568">
				<ele>317</ele>
				<time>2026-09-04T13:33:57Z</time>
			</trkpt>
			<trkpt lat="48.433038" lon="13.844606">
				<ele>316.799988</ele>
				<time>2026-09-04T13:33:58Z</time>
			</trkpt>
			<trkpt lat="48.432984" lon="13.844658">
				<ele>316.799988</ele>
				<time>2026-09-04T13:33:59Z</time>
			</trkpt>
			<trkpt lat="48.432937" lon="13.844694">
				<ele>316.799988</ele>
				<time>2026-09-04T13:34:01Z</time>
			</trkpt>
			<trkpt lat="48.432889" lon="13.844738">
				<ele>316.799988</ele>
				<time>2026-09-04T13:34:02Z</time>
			</trkpt>
			<trkpt lat="48.432842" lon="13.844784">
				<ele>316.799988</ele>
				<time>2026-09-04T13:34:03Z</time>
			</trkpt>
			<trkpt lat="48.432793" lon="13.844836">
				<ele>316.799988</ele>
				<time>2026-09-04T13:34:04Z</time>
			</trkpt>
			<trkpt lat="48.432744" lon="13.844888">
				<ele>316.600006</ele>
				<time>2026-09-04T13:34:05Z</time>
			</trkpt>
			<trkpt lat="48.432708" lon="13.844936">
				<ele>316.600006</ele>
				<time>2026-09-04T13:34:06Z</time>
			</trkpt>
			<trkpt lat="48.432662" lon="13.844984">
				<ele>316.399994</ele>
				<time>2026-09-04T13:34:07Z</time>
			</trkpt>
			<trkpt lat="48.432625" lon="13.84504">
				<ele>316.399994</ele>
				<time>2026-09-04T13:34:08Z</time>
			</trkpt>
			<trkpt lat="48.432592" lon="13.845104">
				<ele>316.399994</ele>
				<time>2026-09-04T13:34:09Z</time>
			</trkpt>
			<trkpt lat="48.432559" lon="13.845158">
				<ele>316.399994</ele>
				<time>2026-09-04T13:34:10Z</time>
			</trkpt>
			<trkpt lat="48.432528" lon="13.845216">
				<ele>316.399994</ele>
				<time>2026-09-04T13:34:11Z</time>
			</trkpt>
			<trkpt lat="48.432499" lon="13.845278">
				<ele>316.399994</ele>
				<time>2026-09-04T13:34:12Z</time>
			</trkpt>
			<trkpt lat="48.432471" lon="13.845322">
				<ele>316.399994</ele>
				<time>2026-09-04T13:34:13Z</time>
			</trkpt>
			<trkpt lat="48.432446" lon="13.845382">
				<ele>316.600006</ele>
				<time>2026-09-04T13:34:14Z</time>
			</trkpt>
			<trkpt lat="48.432429" lon="13.845448">
				<ele>316.600006</ele>
				<time>2026-09-04T13:34:15Z</time>
			</trkpt>
			<trkpt lat="48.432393" lon="13.845496">
				<ele>316.600006</ele>
				<time>2026-09-04T13:34:16Z</time>
			</trkpt>
			<trkpt lat="48.432369" lon="13.845558">
				<ele>316.600006</ele>
				<time>2026-09-04T13:34:17Z</time>
			</trkpt>
			<trkpt lat="48.432349" lon="13.845628">
				<ele>316.799988</ele>
				<time>2026-09-04T13:34:18Z</time>
			</trkpt>
			<trkpt lat="48.432302" lon="13.845744">
				<ele>316.799988</ele>
				<time>2026-09-04T13:34:19Z</time>
			</trkpt>
			<trkpt lat="48.432277" lon="13.845804">
				<ele>316.799988</ele>
				<time>2026-09-04T13:34:20Z</time>
			</trkpt>
			<trkpt lat="48.432254" lon="13.845878">
				<ele>317</ele>
				<time>2026-09-04T13:34:21Z</time>
			</trkpt>
			<trkpt lat="48.432228" lon="13.845936">
				<ele>317</ele>
				<time>2026-09-04T13:34:22Z</time>
			</trkpt>
			<trkpt lat="48.432193" lon="13.845986">
				<ele>317</ele>
				<time>2026-09-04T13:34:23Z</time>
			</trkpt>
			<trkpt lat="48.432164" lon="13.846048">
				<ele>317</ele>
				<time>2026-09-04T13:34:24Z</time>
			</trkpt>
			<trkpt lat="48.432124" lon="13.846098">
				<ele>317</ele>
				<time>2026-09-04T13:34:25Z</time>
			</trkpt>
			<trkpt lat="48.432088" lon="13.846156">
				<ele>317.200012</ele>
				<time>2026-09-04T13:34:26Z</time>
			</trkpt>
			<trkpt lat="48.432058" lon="13.846206">
				<ele>317.200012</ele>
				<time>2026-09-04T13:34:27Z</time>
			</trkpt>
			<trkpt lat="48.432026" lon="13.846262">
				<ele>317.200012</ele>
				<time>2026-09-04T13:34:28Z</time>
			</trkpt>
			<trkpt lat="48.431995" lon="13.84632">
				<ele>317.200012</ele>
				<time>2026-09-04T13:34:29Z</time>
			</trkpt>
			<trkpt lat="48.431963" lon="13.846386">
				<ele>317.200012</ele>
				<time>2026-09-04T13:34:30Z</time>
			</trkpt>
			<trkpt lat="48.431932" lon="13.846454">
				<ele>317.200012</ele>
				<time>2026-09-04T13:34:32Z</time>
			</trkpt>
			<trkpt lat="48.431896" lon="13.846512">
				<ele>317.200012</ele>
				<time>2026-09-04T13:34:33Z</time>
			</trkpt>
			<trkpt lat="48.431865" lon="13.84658">
				<ele>317.200012</ele>
				<time>2026-09-04T13:34:34Z</time>
			</trkpt>
			<trkpt lat="48.431827" lon="13.846654">
				<ele>317.200012</ele>
				<time>2026-09-04T13:34:35Z</time>
			</trkpt>
			<trkpt lat="48.431793" lon="13.846716">
				<ele>317.200012</ele>
				<time>2026-09-04T13:34:36Z</time>
			</trkpt>
			<trkpt lat="48.431764" lon="13.846788">
				<ele>317.200012</ele>
				<time>2026-09-04T13:34:37Z</time>
			</trkpt>
			<trkpt lat="48.431731" lon="13.846842">
				<ele>317.200012</ele>
				<time>2026-09-04T13:34:38Z</time>
			</trkpt>
			<trkpt lat="48.431702" lon="13.846914">
				<ele>317.200012</ele>
				<time>2026-09-04T13:34:39Z</time>
			</trkpt>
			<trkpt lat="48.431671" lon="13.846982">
				<ele>317.200012</ele>
				<time>2026-09-04T13:34:41Z</time>
			</trkpt>
			<trkpt lat="48.431633" lon="13.847046">
				<ele>317.200012</ele>
				<time>2026-09-04T13:34:42Z</time>
			</trkpt>
			<trkpt lat="48.431597" lon="13.847104">
				<ele>317.200012</ele>
				<time>2026-09-04T13:34:43Z</time>
			</trkpt>
			<trkpt lat="48.431568" lon="13.847176">
				<ele>317</ele>
				<time>2026-09-04T13:34:44Z</time>
			</trkpt>
			<trkpt lat="48.431522" lon="13.847244">
				<ele>317</ele>
				<time>2026-09-04T13:34:45Z</time>
			</trkpt>
			<trkpt lat="48.431492" lon="13.847314">
				<ele>317</ele>
				<time>2026-09-04T13:34:46Z</time>
			</trkpt>
			<trkpt lat="48.431458" lon="13.847386">
				<ele>317</ele>
				<time>2026-09-04T13:34:47Z</time>
			</trkpt>
			<trkpt lat="48.431421" lon="13.847452">
				<ele>317</ele>
				<time>2026-09-04T13:34:48Z</time>
			</trkpt>
			<trkpt lat="48.431384" lon="13.847518">
				<ele>317</ele>
				<time>2026-09-04T13:34:49Z</time>
			</trkpt>
			<trkpt lat="48.431349" lon="13.847588">
				<ele>317</ele>
				<time>2026-09-04T13:34:51Z</time>
			</trkpt>
			<trkpt lat="48.431314" lon="13.847658">
				<ele>317</ele>
				<time>2026-09-04T13:34:52Z</time>
			</trkpt>
			<trkpt lat="48.431279" lon="13.847718">
				<ele>317</ele>
				<time>2026-09-04T13:34:53Z</time>
			</trkpt>
			<trkpt lat="48.431242" lon="13.847784">
				<ele>317</ele>
				<time>2026-09-04T13:34:54Z</time>
			</trkpt>
			<trkpt lat="48.431206" lon="13.847852">
				<ele>316.799988</ele>
				<time>2026-09-04T13:34:55Z</time>
			</trkpt>
			<trkpt lat="48.431209" lon="13.847868">
				<ele>313.34</ele>
				<time>2026-09-04T13:34:56Z</time>
			</trkpt>
			<trkpt lat="48.431037" lon="13.848164">
				<ele>312.47</ele>
				<time>2026-09-04T13:34:59Z</time>
			</trkpt>
			<trkpt lat="48.430519" lon="13.848908">
				<ele>311.02</ele>
				<time>2026-09-04T13:35:08Z</time>
			</trkpt>
			<trkpt lat="48.430317" lon="13.849254">
				<ele>309.99</ele>
				<time>2026-09-04T13:35:12Z</time>
			</trkpt>
			<trkpt lat="48.429988" lon="13.849876">
				<ele>308.87</ele>
				<time>2026-09-04T13:35:18Z</time>
			</trkpt>
			<trkpt lat="48.429734" lon="13.850438">
				<ele>307.19</ele>
				<time>2026-09-04T13:35:23Z</time>
			</trkpt>
			<trkpt lat="48.429632" lon="13.850614">
				<ele>306.68</ele>
				<time>2026-09-04T13:35:25Z</time>
			</trkpt>
			<trkpt lat="48.429575" lon="13.85068">
				<ele>306.51</ele>
				<time>2026-09-04T13:35:26Z</time>
			</trkpt>
			<trkpt lat="48.429369" lon="13.850898">
				<ele>306.69</ele>
				<time>2026-09-04T13:35:28Z</time>
			</trkpt>
			<trkpt lat="48.429289" lon="13.850978">
				<ele>306.55</ele>
				<time>2026-09-04T13:35:29Z</time>
			</trkpt>
			<trkpt lat="48.429184" lon="13.851138">
				<ele>306.05</ele>
				<time>2026-09-04T13:35:31Z</time>
			</trkpt>
			<trkpt lat="48.429141" lon="13.851212">
				<ele>306.42</ele>
				<time>2026-09-04T13:35:32Z</time>
			</trkpt>
			<trkpt lat="48.428912" lon="13.851664">
				<ele>305.48</ele>
				<time>2026-09-04T13:35:36Z</time>
			</trkpt>
			<trkpt lat="48.428578" lon="13.852256">
				<ele>303</ele>
				<time>2026-09-04T13:35:42Z</time>
			</trkpt>
			<trkpt lat="48.428476" lon="13.852452">
				<ele>301.82</ele>
				<time>2026-09-04T13:35:44Z</time>
			</trkpt>
			<trkpt lat="48.428459" lon="13.852438">
				<ele>307.799988</ele>
				<time>2026-09-04T13:35:45Z</time>
			</trkpt>
			<trkpt lat="48.428476" lon="13.852452">
				<ele>301.82</ele>
				<time>2026-09-04T13:35:46Z</time>
			</trkpt>
			<trkpt lat="48.428289" lon="13.852858">
				<ele>300.13</ele>
				<time>2026-09-04T13:35:51Z</time>
			</trkpt>
			<trkpt lat="48.428002" lon="13.853594">
				<ele>298.55</ele>
				<time>2026-09-04T13:36:00Z</time>
			</trkpt>
			<trkpt lat="48.427431" lon="13.855082">
				<ele>291.64</ele>
				<time>2026-09-04T13:36:17Z</time>
			</trkpt>
			<trkpt lat="48.427284" lon="13.855488">
				<ele>290.16</ele>
				<time>2026-09-04T13:36:20Z</time>
			</trkpt>
			<trkpt lat="48.427284" lon="13.855488">
				<ele>290.16</ele>
				<time>2026-09-04T13:36:21Z</time>
			</trkpt>
			<trkpt lat="48.426839" lon="13.856698">
				<ele>285.68</ele>
				<time>2026-09-04T13:36:32Z</time>
			</trkpt>
			<trkpt lat="48.426589" lon="13.857328">
				<ele>285.13</ele>
				<time>2026-09-04T13:36:38Z</time>
			</trkpt>
			<trkpt lat="48.426349" lon="13.857868">
				<ele>283.78</ele>
				<time>2026-09-04T13:36:44Z</time>
			</trkpt>
			<trkpt lat="48.426349" lon="13.857868">
				<ele>283.78</ele>
				<time>2026-09-04T13:36:45Z</time>
			</trkpt>
			<trkpt lat="48.426036" lon="13.858492">
				<ele>283.37</ele>
				<time>2026-09-04T13:36:51Z</time>
			</trkpt>
			<trkpt lat="48.425612" lon="13.859284">
				<ele>283.39</ele>
				<time>2026-09-04T13:36:58Z</time>
			</trkpt>
			<trkpt lat="48.425196" lon="13.860082">
				<ele>283.01</ele>
				<time>2026-09-04T13:37:05Z</time>
			</trkpt>
			<trkpt lat="48.424668" lon="13.861176">
				<ele>284.85</ele>
				<time>2026-09-04T13:37:17Z</time>
			</trkpt>
			<trkpt lat="48.424037" lon="13.862444">
				<ele>286.57</ele>
				<time>2026-09-04T13:37:31Z</time>
			</trkpt>
			<trkpt lat="48.423671" lon="13.862992">
				<ele>286.66</ele>
				<time>2026-09-04T13:37:39Z</time>
			</trkpt>
			<trkpt lat="48.423558" lon="13.863216">
				<ele>286.49</ele>
				<time>2026-09-04T13:37:41Z</time>
			</trkpt>
			<trkpt lat="48.423477" lon="13.863484">
				<ele>287.4</ele>
				<time>2026-09-04T13:37:44Z</time>
			</trkpt>
			<trkpt lat="48.423476" lon="13.863482">
				<ele>287.4</ele>
				<time>2026-09-04T13:37:45Z</time>
			</trkpt>
			<trkpt lat="48.423424" lon="13.863698">
				<ele>288.12</ele>
				<time>2026-09-04T13:37:47Z</time>
			</trkpt>
			<trkpt lat="48.423197" lon="13.864844">
				<ele>290.86</ele>
				<time>2026-09-04T13:38:02Z</time>
			</trkpt>
			<trkpt lat="48.423043" lon="13.865666">
				<ele>291.2</ele>
				<time>2026-09-04T13:38:13Z</time>
			</trkpt>
			<trkpt lat="48.422956" lon="13.866252">
				<ele>291.19</ele>
				<time>2026-09-04T13:38:21Z</time>
			</trkpt>
			<trkpt lat="48.422953" lon="13.866316">
				<ele>291</ele>
				<time>2026-09-04T13:38:22Z</time>
			</trkpt>
			<trkpt lat="48.422941" lon="13.866592">
				<ele>290.06</ele>
				<time>2026-09-04T13:38:25Z</time>
			</trkpt>
			<trkpt lat="48.422946" lon="13.866982">
				<ele>291.48</ele>
				<time>2026-09-04T13:38:29Z</time>
			</trkpt>
			<trkpt lat="48.422983" lon="13.867406">
				<ele>292</ele>
				<time>2026-09-04T13:38:35Z</time>
			</trkpt>
			<trkpt lat="48.423114" lon="13.868448">
				<ele>291</ele>
				<time>2026-09-04T13:38:47Z</time>
			</trkpt>
			<trkpt lat="48.423111" lon="13.868442">
				<ele>295.399994</ele>
				<time>2026-09-04T13:38:48Z</time>
			</trkpt>
			<trkpt lat="48.423126" lon="13.868512">
				<ele>295.399994</ele>
				<time>2026-09-04T13:38:49Z</time>
			</trkpt>
			<trkpt lat="48.423145" lon="13.86858">
				<ele>295.399994</ele>
				<time>2026-09-04T13:38:50Z</time>
			</trkpt>
			<trkpt lat="48.423166" lon="13.868662">
				<ele>295.200012</ele>
				<time>2026-09-04T13:38:52Z</time>
			</trkpt>
			<trkpt lat="48.423194" lon="13.868758">
				<ele>294.799988</ele>
				<time>2026-09-04T13:38:54Z</time>
			</trkpt>
			<trkpt lat="48.423229" lon="13.868858">
				<ele>294.399994</ele>
				<time>2026-09-04T13:38:56Z</time>
			</trkpt>
			<trkpt lat="48.423271" lon="13.868962">
				<ele>293.799988</ele>
				<time>2026-09-04T13:38:58Z</time>
			</trkpt>
			<trkpt lat="48.423316" lon="13.869072">
				<ele>293</ele>
				<time>2026-09-04T13:39:00Z</time>
			</trkpt>
			<trkpt lat="48.423366" lon="13.869192">
				<ele>292.399994</ele>
				<time>2026-09-04T13:39:02Z</time>
			</trkpt>
			<trkpt lat="48.423419" lon="13.869328">
				<ele>291.399994</ele>
				<time>2026-09-04T13:39:03Z</time>
			</trkpt>
			<trkpt lat="48.423472" lon="13.869454">
				<ele>290.399994</ele>
				<time>2026-09-04T13:39:05Z</time>
			</trkpt>
			<trkpt lat="48.423524" lon="13.869608">
				<ele>289.399994</ele>
				<time>2026-09-04T13:39:06Z</time>
			</trkpt>
			<trkpt lat="48.423571" lon="13.869742">
				<ele>288.600006</ele>
				<time>2026-09-04T13:39:08Z</time>
			</trkpt>
			<trkpt lat="48.423615" lon="13.86988">
				<ele>288</ele>
				<time>2026-09-04T13:39:09Z</time>
			</trkpt>
			<trkpt lat="48.423654" lon="13.870018">
				<ele>287.399994</ele>
				<time>2026-09-04T13:39:10Z</time>
			</trkpt>
			<trkpt lat="48.423686" lon="13.870132">
				<ele>287</ele>
				<time>2026-09-04T13:39:11Z</time>
			</trkpt>
			<trkpt lat="48.423712" lon="13.870244">
				<ele>286.799988</ele>
				<time>2026-09-04T13:39:12Z</time>
			</trkpt>
			<trkpt lat="48.423729" lon="13.870368">
				<ele>286.799988</ele>
				<time>2026-09-04T13:39:13Z</time>
			</trkpt>
			<trkpt lat="48.423743" lon="13.870476">
				<ele>286.799988</ele>
				<time>2026-09-04T13:39:14Z</time>
			</trkpt>
			<trkpt lat="48.423755" lon="13.87057">
				<ele>287</ele>
				<time>2026-09-04T13:39:15Z</time>
			</trkpt>
			<trkpt lat="48.423772" lon="13.870674">
				<ele>287</ele>
				<time>2026-09-04T13:39:16Z</time>
			</trkpt>
			<trkpt lat="48.423793" lon="13.870776">
				<ele>287.200012</ele>
				<time>2026-09-04T13:39:17Z</time>
			</trkpt>
			<trkpt lat="48.423815" lon="13.87085">
				<ele>287.200012</ele>
				<time>2026-09-04T13:39:18Z</time>
			</trkpt>
			<trkpt lat="48.423843" lon="13.870936">
				<ele>287.399994</ele>
				<time>2026-09-04T13:39:19Z</time>
			</trkpt>
			<trkpt lat="48.423875" lon="13.87099">
				<ele>287.600006</ele>
				<time>2026-09-04T13:39:20Z</time>
			</trkpt>
			<trkpt lat="48.423908" lon="13.871056">
				<ele>287.600006</ele>
				<time>2026-09-04T13:39:21Z</time>
			</trkpt>
			<trkpt lat="48.423939" lon="13.871108">
				<ele>287.799988</ele>
				<time>2026-09-04T13:39:22Z</time>
			</trkpt>
			<trkpt lat="48.423972" lon="13.871154">
				<ele>288</ele>
				<time>2026-09-04T13:39:23Z</time>
			</trkpt>
			<trkpt lat="48.424008" lon="13.871196">
				<ele>288</ele>
				<time>2026-09-04T13:39:24Z</time>
			</trkpt>
			<trkpt lat="48.424032" lon="13.871234">
				<ele>288.200012</ele>
				<time>2026-09-04T13:39:25Z</time>
			</trkpt>
			<trkpt lat="48.424062" lon="13.871274">
				<ele>288.200012</ele>
				<time>2026-09-04T13:39:26Z</time>
			</trkpt>
			<trkpt lat="48.424096" lon="13.871312">
				<ele>288.200012</ele>
				<time>2026-09-04T13:39:27Z</time>
			</trkpt>
			<trkpt lat="48.424134" lon="13.871358">
				<ele>288.200012</ele>
				<time>2026-09-04T13:39:28Z</time>
			</trkpt>
			<trkpt lat="48.424175" lon="13.87138">
				<ele>288.399994</ele>
				<time>2026-09-04T13:39:29Z</time>
			</trkpt>
			<trkpt lat="48.424219" lon="13.871428">
				<ele>288.200012</ele>
				<time>2026-09-04T13:39:30Z</time>
			</trkpt>
			<trkpt lat="48.424265" lon="13.87146">
				<ele>288.200012</ele>
				<time>2026-09-04T13:39:31Z</time>
			</trkpt>
			<trkpt lat="48.424317" lon="13.871494">
				<ele>288</ele>
				<time>2026-09-04T13:39:32Z</time>
			</trkpt>
			<trkpt lat="48.424376" lon="13.871512">
				<ele>287.799988</ele>
				<time>2026-09-04T13:39:33Z</time>
			</trkpt>
			<trkpt lat="48.424437" lon="13.871514">
				<ele>287.799988</ele>
				<time>2026-09-04T13:39:34Z</time>
			</trkpt>
			<trkpt lat="48.424499" lon="13.871528">
				<ele>287.600006</ele>
				<time>2026-09-04T13:39:35Z</time>
			</trkpt>
			<trkpt lat="48.424568" lon="13.871536">
				<ele>287.399994</ele>
				<time>2026-09-04T13:39:36Z</time>
			</trkpt>
			<trkpt lat="48.424617" lon="13.871534">
				<ele>287.200012</ele>
				<time>2026-09-04T13:39:37Z</time>
			</trkpt>
			<trkpt lat="48.424672" lon="13.871534">
				<ele>287.200012</ele>
				<time>2026-09-04T13:39:38Z</time>
			</trkpt>
			<trkpt lat="48.424728" lon="13.871536">
				<ele>287</ele>
				<time>2026-09-04T13:39:39Z</time>
			</trkpt>
			<trkpt lat="48.424782" lon="13.871534">
				<ele>287</ele>
				<time>2026-09-04T13:39:40Z</time>
			</trkpt>
			<trkpt lat="48.424829" lon="13.871548">
				<ele>286.799988</ele>
				<time>2026-09-04T13:39:41Z</time>
			</trkpt>
			<trkpt lat="48.424861" lon="13.871572">
				<ele>286.799988</ele>
				<time>2026-09-04T13:39:42Z</time>
			</trkpt>
			<trkpt lat="48.424861" lon="13.871572">
				<ele>286.799988</ele>
				<time>2026-09-04T13:39:43Z</time>
			</trkpt>
			<trkpt lat="48.424881" lon="13.871602">
				<ele>286.799988</ele>
				<time>2026-09-04T13:39:44Z</time>
			</trkpt>
			<trkpt lat="48.424905" lon="13.87168">
				<ele>286.600006</ele>
				<time>2026-09-04T13:39:45Z</time>
			</trkpt>
			<trkpt lat="48.424921" lon="13.871732">
				<ele>286.600006</ele>
				<time>2026-09-04T13:39:46Z</time>
			</trkpt>
			<trkpt lat="48.424935" lon="13.87178">
				<ele>286.600006</ele>
				<time>2026-09-04T13:39:47Z</time>
			</trkpt>
			<trkpt lat="48.424948" lon="13.871836">
				<ele>286.600006</ele>
				<time>2026-09-04T13:39:48Z</time>
			</trkpt>
			<trkpt lat="48.424959" lon="13.871898">
				<ele>286.399994</ele>
				<time>2026-09-04T13:39:49Z</time>
			</trkpt>
			<trkpt lat="48.424965" lon="13.87196">
				<ele>286.399994</ele>
				<time>2026-09-04T13:39:50Z</time>
			</trkpt>
			<trkpt lat="48.424972" lon="13.872024">
				<ele>286.399994</ele>
				<time>2026-09-04T13:39:51Z</time>
			</trkpt>
			<trkpt lat="48.424977" lon="13.872084">
				<ele>286.600006</ele>
				<time>2026-09-04T13:39:52Z</time>
			</trkpt>
			<trkpt lat="48.424981" lon="13.872142">
				<ele>286.600006</ele>
				<time>2026-09-04T13:39:53Z</time>
			</trkpt>
			<trkpt lat="48.424984" lon="13.872218">
				<ele>286.600006</ele>
				<time>2026-09-04T13:39:54Z</time>
			</trkpt>
			<trkpt lat="48.424995" lon="13.87227">
				<ele>286.600006</ele>
				<time>2026-09-04T13:39:55Z</time>
			</trkpt>
			<trkpt lat="48.424999" lon="13.872348">
				<ele>286.600006</ele>
				<time>2026-09-04T13:39:56Z</time>
			</trkpt>
			<trkpt lat="48.425013" lon="13.872416">
				<ele>286.600006</ele>
				<time>2026-09-04T13:39:57Z</time>
			</trkpt>
			<trkpt lat="48.425026" lon="13.872492">
				<ele>286.600006</ele>
				<time>2026-09-04T13:39:58Z</time>
			</trkpt>
			<trkpt lat="48.425041" lon="13.872562">
				<ele>286.600006</ele>
				<time>2026-09-04T13:39:59Z</time>
			</trkpt>
			<trkpt lat="48.425057" lon="13.872644">
				<ele>286.600006</ele>
				<time>2026-09-04T13:40:00Z</time>
			</trkpt>
			<trkpt lat="48.425071" lon="13.872712">
				<ele>286.600006</ele>
				<time>2026-09-04T13:40:01Z</time>
			</trkpt>
			<trkpt lat="48.425099" lon="13.872788">
				<ele>286.600006</ele>
				<time>2026-09-04T13:40:03Z</time>
			</trkpt>
			<trkpt lat="48.425111" lon="13.872862">
				<ele>286.600006</ele>
				<time>2026-09-04T13:40:04Z</time>
			</trkpt>
			<trkpt lat="48.425135" lon="13.87294">
				<ele>286.799988</ele>
				<time>2026-09-04T13:40:05Z</time>
			</trkpt>
			<trkpt lat="48.425163" lon="13.873026">
				<ele>286.799988</ele>
				<time>2026-09-04T13:40:06Z</time>
			</trkpt>
			<trkpt lat="48.425189" lon="13.873108">
				<ele>286.799988</ele>
				<time>2026-09-04T13:40:07Z</time>
			</trkpt>
			<trkpt lat="48.425216" lon="13.873182">
				<ele>286.799988</ele>
				<time>2026-09-04T13:40:08Z</time>
			</trkpt>
			<trkpt lat="48.425245" lon="13.87325">
				<ele>286.799988</ele>
				<time>2026-09-04T13:40:10Z</time>
			</trkpt>
			<trkpt lat="48.425272" lon="13.873334">
				<ele>286.799988</ele>
				<time>2026-09-04T13:40:11Z</time>
			</trkpt>
			<trkpt lat="48.425297" lon="13.873414">
				<ele>286.799988</ele>
				<time>2026-09-04T13:40:12Z</time>
			</trkpt>
			<trkpt lat="48.425321" lon="13.873492">
				<ele>286.799988</ele>
				<time>2026-09-04T13:40:13Z</time>
			</trkpt>
			<trkpt lat="48.425343" lon="13.873576">
				<ele>286.799988</ele>
				<time>2026-09-04T13:40:14Z</time>
			</trkpt>
			<trkpt lat="48.425364" lon="13.873658">
				<ele>286.799988</ele>
				<time>2026-09-04T13:40:16Z</time>
			</trkpt>
			<trkpt lat="48.425387" lon="13.873734">
				<ele>286.799988</ele>
				<time>2026-09-04T13:40:17Z</time>
			</trkpt>
			<trkpt lat="48.425411" lon="13.873812">
				<ele>286.799988</ele>
				<time>2026-09-04T13:40:18Z</time>
			</trkpt>
			<trkpt lat="48.425439" lon="13.873898">
				<ele>287</ele>
				<time>2026-09-04T13:40:19Z</time>
			</trkpt>
			<trkpt lat="48.425469" lon="13.873968">
				<ele>287</ele>
				<time>2026-09-04T13:40:20Z</time>
			</trkpt>
			<trkpt lat="48.425497" lon="13.874044">
				<ele>287</ele>
				<time>2026-09-04T13:40:22Z</time>
			</trkpt>
			<trkpt lat="48.425527" lon="13.874124">
				<ele>287</ele>
				<time>2026-09-04T13:40:23Z</time>
			</trkpt>
			<trkpt lat="48.425556" lon="13.874192">
				<ele>287</ele>
				<time>2026-09-04T13:40:24Z</time>
			</trkpt>
			<trkpt lat="48.425585" lon="13.87427">
				<ele>287</ele>
				<time>2026-09-04T13:40:25Z</time>
			</trkpt>
			<trkpt lat="48.425614" lon="13.874358">
				<ele>287</ele>
				<time>2026-09-04T13:40:26Z</time>
			</trkpt>
			<trkpt lat="48.425646" lon="13.874422">
				<ele>287</ele>
				<time>2026-09-04T13:40:27Z</time>
			</trkpt>
			<trkpt lat="48.425681" lon="13.874502">
				<ele>287.200012</ele>
				<time>2026-09-04T13:40:28Z</time>
			</trkpt>
			<trkpt lat="48.425719" lon="13.874578">
				<ele>287.200012</ele>
				<time>2026-09-04T13:40:29Z</time>
			</trkpt>
			<trkpt lat="48.425741" lon="13.874652">
				<ele>287.200012</ele>
				<time>2026-09-04T13:40:30Z</time>
			</trkpt>
			<trkpt lat="48.425776" lon="13.874722">
				<ele>287.200012</ele>
				<time>2026-09-04T13:40:32Z</time>
			</trkpt>
			<trkpt lat="48.425769" lon="13.874738">
				<ele>282.83</ele>
				<time>2026-09-04T13:40:33Z</time>
			</trkpt>
			<trkpt lat="48.425826" lon="13.874842">
				<ele>282.2</ele>
				<time>2026-09-04T13:40:34Z</time>
			</trkpt>
			<trkpt lat="48.425891" lon="13.874952">
				<ele>282.6</ele>
				<time>2026-09-04T13:40:35Z</time>
			</trkpt>
			<trkpt lat="48.425999" lon="13.875108">
				<ele>282.51</ele>
				<time>2026-09-04T13:40:37Z</time>
			</trkpt>
			<trkpt lat="48.426304" lon="13.875468">
				<ele>282.44</ele>
				<time>2026-09-04T13:40:42Z</time>
			</trkpt>
			<trkpt lat="48.426602" lon="13.875774">
				<ele>282.13</ele>
				<time>2026-09-04T13:40:46Z</time>
			</trkpt>
			<trkpt lat="48.426738" lon="13.875896">
				<ele>281.65</ele>
				<time>2026-09-04T13:40:48Z</time>
			</trkpt>
			<trkpt lat="48.426907" lon="13.876024">
				<ele>282.33</ele>
				<time>2026-09-04T13:40:50Z</time>
			</trkpt>
			<trkpt lat="48.427051" lon="13.876112">
				<ele>283.36</ele>
				<time>2026-09-04T13:40:52Z</time>
			</trkpt>
			<trkpt lat="48.427333" lon="13.876236">
				<ele>283.05</ele>
				<time>2026-09-04T13:40:55Z</time>
			</trkpt>
			<trkpt lat="48.427518" lon="13.876376">
				<ele>283.89</ele>
				<time>2026-09-04T13:40:57Z</time>
			</trkpt>
			<trkpt lat="48.427518" lon="13.876376">
				<ele>283.89</ele>
				<time>2026-09-04T13:40:58Z</time>
			</trkpt>
			<trkpt lat="48.427619" lon="13.876418">
				<ele>284.08</ele>
				<time>2026-09-04T13:41:00Z</time>
			</trkpt>
			<trkpt lat="48.427916" lon="13.876472">
				<ele>284.22</ele>
				<time>2026-09-04T13:41:05Z</time>
			</trkpt>
			<trkpt lat="48.428186" lon="13.876552">
				<ele>283.76</ele>
				<time>2026-09-04T13:41:09Z</time>
			</trkpt>
			<trkpt lat="48.428377" lon="13.876594">
				<ele>284.07</ele>
				<time>2026-09-04T13:41:13Z</time>
			</trkpt>
			<trkpt lat="48.428506" lon="13.876592">
				<ele>284.23</ele>
				<time>2026-09-04T13:41:15Z</time>
			</trkpt>
			<trkpt lat="48.428654" lon="13.876588">
				<ele>284.35</ele>
				<time>2026-09-04T13:41:18Z</time>
			</trkpt>
			<trkpt lat="48.428935" lon="13.87654">
				<ele>284.28</ele>
				<time>2026-09-04T13:41:24Z</time>
			</trkpt>
			<trkpt lat="48.429329" lon="13.876608">
				<ele>284.81</ele>
				<time>2026-09-04T13:41:32Z</time>
			</trkpt>
			<trkpt lat="48.429425" lon="13.87659">
				<ele>284.68</ele>
				<time>2026-09-04T13:41:34Z</time>
			</trkpt>
			<trkpt lat="48.429604" lon="13.876558">
				<ele>284.58</ele>
				<time>2026-09-04T13:41:37Z</time>
			</trkpt>
			<trkpt lat="48.429791" lon="13.876482">
				<ele>284.61</ele>
				<time>2026-09-04T13:41:41Z</time>
			</trkpt>
			<trkpt lat="48.429975" lon="13.87645">
				<ele>284.36</ele>
				<time>2026-09-04T13:41:45Z</time>
			</trkpt>
			<trkpt lat="48.430163" lon="13.876466">
				<ele>284.39</ele>
				<time>2026-09-04T13:41:47Z</time>
			</trkpt>
			<trkpt lat="48.430204" lon="13.876468">
				<ele>284.56</ele>
				<time>2026-09-04T13:41:48Z</time>
			</trkpt>
			<trkpt lat="48.430204" lon="13.876468">
				<ele>284.56</ele>
				<time>2026-09-04T13:41:49Z</time>
			</trkpt>
			<trkpt lat="48.430245" lon="13.87645">
				<ele>284.73</ele>
				<time>2026-09-04T13:41:50Z</time>
			</trkpt>
			<trkpt lat="48.430408" lon="13.876386">
				<ele>283.95</ele>
				<time>2026-09-04T13:41:54Z</time>
			</trkpt>
			<trkpt lat="48.430797" lon="13.876184">
				<ele>284.36</ele>
				<time>2026-09-04T13:42:02Z</time>
			</trkpt>
			<trkpt lat="48.430949" lon="13.876068">
				<ele>283.99</ele>
				<time>2026-09-04T13:42:05Z</time>
			</trkpt>
			<trkpt lat="48.430998" lon="13.876016">
				<ele>284.73</ele>
				<time>2026-09-04T13:42:06Z</time>
			</trkpt>
			<trkpt lat="48.431181" lon="13.875772">
				<ele>283.88</ele>
				<time>2026-09-04T13:42:11Z</time>
			</trkpt>
			<trkpt lat="48.431235" lon="13.87572">
				<ele>283.02</ele>
				<time>2026-09-04T13:42:12Z</time>
			</trkpt>
			<trkpt lat="48.431278" lon="13.875696">
				<ele>283.2</ele>
				<time>2026-09-04T13:42:13Z</time>
			</trkpt>
			<trkpt lat="48.431436" lon="13.875672">
				<ele>283.43</ele>
				<time>2026-09-04T13:42:16Z</time>
			</trkpt>
			<trkpt lat="48.431602" lon="13.875684">
				<ele>283.56</ele>
				<time>2026-09-04T13:42:19Z</time>
			</trkpt>
			<trkpt lat="48.431702" lon="13.875674">
				<ele>283.65</ele>
				<time>2026-09-04T13:42:20Z</time>
			</trkpt>
			<trkpt lat="48.431812" lon="13.875634">
				<ele>284.1</ele>
				<time>2026-09-04T13:42:22Z</time>
			</trkpt>
			<trkpt lat="48.431982" lon="13.875544">
				<ele>283.88</ele>
				<time>2026-09-04T13:42:25Z</time>
			</trkpt>
			<trkpt lat="48.432047" lon="13.875494">
				<ele>284.1</ele>
				<time>2026-09-04T13:42:27Z</time>
			</trkpt>
			<trkpt lat="48.432189" lon="13.875358">
				<ele>284.81</ele>
				<time>2026-09-04T13:42:29Z</time>
			</trkpt>
			<trkpt lat="48.432296" lon="13.875282">
				<ele>284.23</ele>
				<time>2026-09-04T13:42:31Z</time>
			</trkpt>
			<trkpt lat="48.432543" lon="13.875216">
				<ele>284.09</ele>
				<time>2026-09-04T13:42:35Z</time>
			</trkpt>
			<trkpt lat="48.432604" lon="13.875188">
				<ele>284.37</ele>
				<time>2026-09-04T13:42:36Z</time>
			</trkpt>
			<trkpt lat="48.432663" lon="13.875146">
				<ele>284.18</ele>
				<time>2026-09-04T13:42:37Z</time>
			</trkpt>
			<trkpt lat="48.433026" lon="13.874752">
				<ele>283.35</ele>
				<time>2026-09-04T13:42:45Z</time>
			</trkpt>
			<trkpt lat="48.433285" lon="13.87449">
				<ele>283.41</ele>
				<time>2026-09-04T13:42:51Z</time>
			</trkpt>
			<trkpt lat="48.433485" lon="13.87424">
				<ele>283.54</ele>
				<time>2026-09-04T13:42:56Z</time>
			</trkpt>
			<trkpt lat="48.433806" lon="13.873782">
				<ele>283.87</ele>
				<time>2026-09-04T13:43:04Z</time>
			</trkpt>
			<trkpt lat="48.434121" lon="13.873252">
				<ele>284.26</ele>
				<time>2026-09-04T13:43:12Z</time>
			</trkpt>
			<trkpt lat="48.434253" lon="13.872986">
				<ele>284.77</ele>
				<time>2026-09-04T13:43:16Z</time>
			</trkpt>
			<trkpt lat="48.434727" lon="13.872034">
				<ele>285.18</ele>
				<time>2026-09-04T13:43:31Z</time>
			</trkpt>
			<trkpt lat="48.434989" lon="13.871448">
				<ele>285.45</ele>
				<time>2026-09-04T13:43:40Z</time>
			</trkpt>
			<trkpt lat="48.435223" lon="13.870876">
				<ele>285.97</ele>
				<time>2026-09-04T13:43:48Z</time>
			</trkpt>
			<trkpt lat="48.435426" lon="13.870432">
				<ele>285.32</ele>
				<time>2026-09-04T13:43:53Z</time>
			</trkpt>
			<trkpt lat="48.435489" lon="13.870268">
				<ele>285.89</ele>
				<time>2026-09-04T13:43:56Z</time>
			</trkpt>
			<trkpt lat="48.435576" lon="13.869842">
				<ele>285.84</ele>
				<time>2026-09-04T13:44:01Z</time>
			</trkpt>
			<trkpt lat="48.435723" lon="13.869426">
				<ele>285.17</ele>
				<time>2026-09-04T13:44:07Z</time>
			</trkpt>
			<trkpt lat="48.435743" lon="13.869346">
				<ele>285.11</ele>
				<time>2026-09-04T13:44:08Z</time>
			</trkpt>
			<trkpt lat="48.435775" lon="13.86908">
				<ele>285.2</ele>
				<time>2026-09-04T13:44:12Z</time>
			</trkpt>
			<trkpt lat="48.435789" lon="13.869028">
				<ele>285.35</ele>
				<time>2026-09-04T13:44:13Z</time>
			</trkpt>
			<trkpt lat="48.435889" lon="13.868748">
				<ele>284.81</ele>
				<time>2026-09-04T13:44:17Z</time>
			</trkpt>
			<trkpt lat="48.435963" lon="13.868416">
				<ele>284.14</ele>
				<time>2026-09-04T13:44:22Z</time>
			</trkpt>
			<trkpt lat="48.435993" lon="13.868316">
				<ele>284.09</ele>
				<time>2026-09-04T13:44:23Z</time>
			</trkpt>
			<trkpt lat="48.436146" lon="13.867922">
				<ele>284.42</ele>
				<time>2026-09-04T13:44:29Z</time>
			</trkpt>
			<trkpt lat="48.436212" lon="13.867734">
				<ele>283.7</ele>
				<time>2026-09-04T13:44:31Z</time>
			</trkpt>
			<trkpt lat="48.436247" lon="13.867574">
				<ele>283.65</ele>
				<time>2026-09-04T13:44:33Z</time>
			</trkpt>
			<trkpt lat="48.436263" lon="13.867466">
				<ele>284.17</ele>
				<time>2026-09-04T13:44:34Z</time>
			</trkpt>
			<trkpt lat="48.436269" lon="13.867188">
				<ele>283.06</ele>
				<time>2026-09-04T13:44:38Z</time>
			</trkpt>
			<trkpt lat="48.436289" lon="13.867088">
				<ele>282.68</ele>
				<time>2026-09-04T13:44:39Z</time>
			</trkpt>
			<trkpt lat="48.436446" lon="13.866692">
				<ele>282.55</ele>
				<time>2026-09-04T13:44:44Z</time>
			</trkpt>
			<trkpt lat="48.436518" lon="13.866456">
				<ele>282.7</ele>
				<time>2026-09-04T13:44:47Z</time>
			</trkpt>
			<trkpt lat="48.436556" lon="13.866292">
				<ele>282.19</ele>
				<time>2026-09-04T13:44:48Z</time>
			</trkpt>
			<trkpt lat="48.436623" lon="13.865926">
				<ele>282.59</ele>
				<time>2026-09-04T13:44:52Z</time>
			</trkpt>
			<trkpt lat="48.436664" lon="13.865728">
				<ele>282.7</ele>
				<time>2026-09-04T13:44:54Z</time>
			</trkpt>
			<trkpt lat="48.436687" lon="13.865664">
				<ele>282.57</ele>
				<time>2026-09-04T13:44:55Z</time>
			</trkpt>
			<trkpt lat="48.436833" lon="13.865456">
				<ele>282.72</ele>
				<time>2026-09-04T13:44:58Z</time>
			</trkpt>
			<trkpt lat="48.436832" lon="13.865454">
				<ele>292</ele>
				<time>2026-09-04T13:44:59Z</time>
			</trkpt>
			<trkpt lat="48.436868" lon="13.865396">
				<ele>292</ele>
				<time>2026-09-04T13:45:00Z</time>
			</trkpt>
			<trkpt lat="48.436907" lon="13.865334">
				<ele>292</ele>
				<time>2026-09-04T13:45:01Z</time>
			</trkpt>
			<trkpt lat="48.436952" lon="13.865274">
				<ele>292</ele>
				<time>2026-09-04T13:45:03Z</time>
			</trkpt>
			<trkpt lat="48.436994" lon="13.865218">
				<ele>292</ele>
				<time>2026-09-04T13:45:04Z</time>
			</trkpt>
			<trkpt lat="48.437032" lon="13.865154">
				<ele>292.200012</ele>
				<time>2026-09-04T13:45:06Z</time>
			</trkpt>
			<trkpt lat="48.437065" lon="13.86509">
				<ele>292.200012</ele>
				<time>2026-09-04T13:45:08Z</time>
			</trkpt>
			<trkpt lat="48.437096" lon="13.865032">
				<ele>292.200012</ele>
				<time>2026-09-04T13:45:09Z</time>
			</trkpt>
			<trkpt lat="48.437131" lon="13.864972">
				<ele>292.399994</ele>
				<time>2026-09-04T13:45:10Z</time>
			</trkpt>
			<trkpt lat="48.437163" lon="13.864906">
				<ele>292.399994</ele>
				<time>2026-09-04T13:45:12Z</time>
			</trkpt>
			<trkpt lat="48.437191" lon="13.864842">
				<ele>292.600006</ele>
				<time>2026-09-04T13:45:14Z</time>
			</trkpt>
			<trkpt lat="48.437224" lon="13.864778">
				<ele>292.600006</ele>
				<time>2026-09-04T13:45:15Z</time>
			</trkpt>
			<trkpt lat="48.437254" lon="13.864708">
				<ele>292.600006</ele>
				<time>2026-09-04T13:45:16Z</time>
			</trkpt>
			<trkpt lat="48.437278" lon="13.864636">
				<ele>292.799988</ele>
				<time>2026-09-04T13:45:17Z</time>
			</trkpt>
			<trkpt lat="48.437316" lon="13.864572">
				<ele>292.799988</ele>
				<time>2026-09-04T13:45:19Z</time>
			</trkpt>
			<trkpt lat="48.437337" lon="13.864504">
				<ele>292.799988</ele>
				<time>2026-09-04T13:45:20Z</time>
			</trkpt>
			<trkpt lat="48.437367" lon="13.864444">
				<ele>292.799988</ele>
				<time>2026-09-04T13:45:21Z</time>
			</trkpt>
			<trkpt lat="48.437397" lon="13.864374">
				<ele>292.799988</ele>
				<time>2026-09-04T13:45:22Z</time>
			</trkpt>
			<trkpt lat="48.437422" lon="13.864314">
				<ele>292.799988</ele>
				<time>2026-09-04T13:45:23Z</time>
			</trkpt>
			<trkpt lat="48.437448" lon="13.864256">
				<ele>292.799988</ele>
				<time>2026-09-04T13:45:24Z</time>
			</trkpt>
			<trkpt lat="48.437477" lon="13.864194">
				<ele>292.799988</ele>
				<time>2026-09-04T13:45:25Z</time>
			</trkpt>
			<trkpt lat="48.437517" lon="13.864134">
				<ele>292.799988</ele>
				<time>2026-09-04T13:45:26Z</time>
			</trkpt>
			<trkpt lat="48.437539" lon="13.864068">
				<ele>292.799988</ele>
				<time>2026-09-04T13:45:27Z</time>
			</trkpt>
			<trkpt lat="48.437572" lon="13.864004">
				<ele>292.799988</ele>
				<time>2026-09-04T13:45:28Z</time>
			</trkpt>
			<trkpt lat="48.437605" lon="13.86394">
				<ele>292.799988</ele>
				<time>2026-09-04T13:45:29Z</time>
			</trkpt>
			<trkpt lat="48.437634" lon="13.863878">
				<ele>292.799988</ele>
				<time>2026-09-04T13:45:30Z</time>
			</trkpt>
			<trkpt lat="48.437664" lon="13.863808">
				<ele>292.799988</ele>
				<time>2026-09-04T13:45:31Z</time>
			</trkpt>
			<trkpt lat="48.437699" lon="13.863748">
				<ele>292.799988</ele>
				<time>2026-09-04T13:45:32Z</time>
			</trkpt>
			<trkpt lat="48.437734" lon="13.863688">
				<ele>292.799988</ele>
				<time>2026-09-04T13:45:33Z</time>
			</trkpt>
			<trkpt lat="48.437769" lon="13.863618">
				<ele>292.799988</ele>
				<time>2026-09-04T13:45:35Z</time>
			</trkpt>
			<trkpt lat="48.437805" lon="13.86355">
				<ele>292.799988</ele>
				<time>2026-09-04T13:45:36Z</time>
			</trkpt>
			<trkpt lat="48.437839" lon="13.863498">
				<ele>292.799988</ele>
				<time>2026-09-04T13:45:37Z</time>
			</trkpt>
			<trkpt lat="48.437871" lon="13.863432">
				<ele>292.799988</ele>
				<time>2026-09-04T13:45:38Z</time>
			</trkpt>
			<trkpt lat="48.437903" lon="13.863366">
				<ele>292.799988</ele>
				<time>2026-09-04T13:45:39Z</time>
			</trkpt>
			<trkpt lat="48.437939" lon="13.863308">
				<ele>292.799988</ele>
				<time>2026-09-04T13:45:40Z</time>
			</trkpt>
			<trkpt lat="48.437976" lon="13.863242">
				<ele>293</ele>
				<time>2026-09-04T13:45:41Z</time>
			</trkpt>
			<trkpt lat="48.438014" lon="13.863188">
				<ele>293</ele>
				<time>2026-09-04T13:45:42Z</time>
			</trkpt>
			<trkpt lat="48.438051" lon="13.863122">
				<ele>293</ele>
				<time>2026-09-04T13:45:44Z</time>
			</trkpt>
			<trkpt lat="48.438085" lon="13.86306">
				<ele>293</ele>
				<time>2026-09-04T13:45:45Z</time>
			</trkpt>
			<trkpt lat="48.438128" lon="13.863006">
				<ele>293</ele>
				<time>2026-09-04T13:45:46Z</time>
			</trkpt>
			<trkpt lat="48.438156" lon="13.862942">
				<ele>293.200012</ele>
				<time>2026-09-04T13:45:47Z</time>
			</trkpt>
			<trkpt lat="48.438192" lon="13.862884">
				<ele>293.200012</ele>
				<time>2026-09-04T13:45:48Z</time>
			</trkpt>
			<trkpt lat="48.438232" lon="13.862834">
				<ele>293.200012</ele>
				<time>2026-09-04T13:45:49Z</time>
			</trkpt>
			<trkpt lat="48.438267" lon="13.862774">
				<ele>293.200012</ele>
				<time>2026-09-04T13:45:50Z</time>
			</trkpt>
			<trkpt lat="48.438303" lon="13.862716">
				<ele>293.200012</ele>
				<time>2026-09-04T13:45:51Z</time>
			</trkpt>
			<trkpt lat="48.438378" lon="13.862606">
				<ele>293.200012</ele>
				<time>2026-09-04T13:45:52Z</time>
			</trkpt>
			<trkpt lat="48.438417" lon="13.862544">
				<ele>293.200012</ele>
				<time>2026-09-04T13:45:54Z</time>
			</trkpt>
			<trkpt lat="48.438454" lon="13.862488">
				<ele>293.200012</ele>
				<time>2026-09-04T13:45:55Z</time>
			</trkpt>
			<trkpt lat="48.438489" lon="13.862438">
				<ele>293.200012</ele>
				<time>2026-09-04T13:45:56Z</time>
			</trkpt>
			<trkpt lat="48.438528" lon="13.862376">
				<ele>293.200012</ele>
				<time>2026-09-04T13:45:57Z</time>
			</trkpt>
			<trkpt lat="48.438565" lon="13.86232">
				<ele>293.200012</ele>
				<time>2026-09-04T13:45:58Z</time>
			</trkpt>
			<trkpt lat="48.438606" lon="13.862272">
				<ele>293.200012</ele>
				<time>2026-09-04T13:45:59Z</time>
			</trkpt>
			<trkpt lat="48.438646" lon="13.862212">
				<ele>293.200012</ele>
				<time>2026-09-04T13:46:00Z</time>
			</trkpt>
			<trkpt lat="48.438687" lon="13.862154">
				<ele>293.200012</ele>
				<time>2026-09-04T13:46:01Z</time>
			</trkpt>
			<trkpt lat="48.438723" lon="13.862106">
				<ele>293.200012</ele>
				<time>2026-09-04T13:46:02Z</time>
			</trkpt>
			<trkpt lat="48.438763" lon="13.862046">
				<ele>293.200012</ele>
				<time>2026-09-04T13:46:03Z</time>
			</trkpt>
			<trkpt lat="48.438807" lon="13.862004">
				<ele>293.200012</ele>
				<time>2026-09-04T13:46:05Z</time>
			</trkpt>
			<trkpt lat="48.438847" lon="13.861964">
				<ele>293.200012</ele>
				<time>2026-09-04T13:46:06Z</time>
			</trkpt>
			<trkpt lat="48.438888" lon="13.861926">
				<ele>293.200012</ele>
				<time>2026-09-04T13:46:07Z</time>
			</trkpt>
			<trkpt lat="48.438932" lon="13.861874">
				<ele>293.200012</ele>
				<time>2026-09-04T13:46:08Z</time>
			</trkpt>
			<trkpt lat="48.438969" lon="13.861828">
				<ele>293.200012</ele>
				<time>2026-09-04T13:46:09Z</time>
			</trkpt>
			<trkpt lat="48.439015" lon="13.86177">
				<ele>293.200012</ele>
				<time>2026-09-04T13:46:10Z</time>
			</trkpt>
			<trkpt lat="48.439058" lon="13.861716">
				<ele>293.200012</ele>
				<time>2026-09-04T13:46:11Z</time>
			</trkpt>
			<trkpt lat="48.439099" lon="13.861668">
				<ele>293.200012</ele>
				<time>2026-09-04T13:46:12Z</time>
			</trkpt>
			<trkpt lat="48.439142" lon="13.861614">
				<ele>293.200012</ele>
				<time>2026-09-04T13:46:13Z</time>
			</trkpt>
			<trkpt lat="48.439184" lon="13.861558">
				<ele>293.200012</ele>
				<time>2026-09-04T13:46:15Z</time>
			</trkpt>
			<trkpt lat="48.439226" lon="13.861502">
				<ele>293.200012</ele>
				<time>2026-09-04T13:46:16Z</time>
			</trkpt>
			<trkpt lat="48.439276" lon="13.861442">
				<ele>293.200012</ele>
				<time>2026-09-04T13:46:17Z</time>
			</trkpt>
			<trkpt lat="48.439315" lon="13.86139">
				<ele>293.200012</ele>
				<time>2026-09-04T13:46:18Z</time>
			</trkpt>
			<trkpt lat="48.439359" lon="13.861348">
				<ele>293.200012</ele>
				<time>2026-09-04T13:46:19Z</time>
			</trkpt>
			<trkpt lat="48.439406" lon="13.861292">
				<ele>293</ele>
				<time>2026-09-04T13:46:20Z</time>
			</trkpt>
			<trkpt lat="48.439453" lon="13.861246">
				<ele>293</ele>
				<time>2026-09-04T13:46:21Z</time>
			</trkpt>
			<trkpt lat="48.439496" lon="13.861192">
				<ele>293</ele>
				<time>2026-09-04T13:46:23Z</time>
			</trkpt>
			<trkpt lat="48.439539" lon="13.861148">
				<ele>293</ele>
				<time>2026-09-04T13:46:24Z</time>
			</trkpt>
			<trkpt lat="48.439583" lon="13.861086">
				<ele>293</ele>
				<time>2026-09-04T13:46:25Z</time>
			</trkpt>
			<trkpt lat="48.439626" lon="13.861032">
				<ele>293</ele>
				<time>2026-09-04T13:46:26Z</time>
			</trkpt>
			<trkpt lat="48.439668" lon="13.860986">
				<ele>293</ele>
				<time>2026-09-04T13:46:27Z</time>
			</trkpt>
			<trkpt lat="48.439711" lon="13.860932">
				<ele>293</ele>
				<time>2026-09-04T13:46:28Z</time>
			</trkpt>
			<trkpt lat="48.439756" lon="13.860882">
				<ele>293</ele>
				<time>2026-09-04T13:46:29Z</time>
			</trkpt>
			<trkpt lat="48.439806" lon="13.860842">
				<ele>293</ele>
				<time>2026-09-04T13:46:30Z</time>
			</trkpt>
			<trkpt lat="48.439842" lon="13.860794">
				<ele>293</ele>
				<time>2026-09-04T13:46:31Z</time>
			</trkpt>
			<trkpt lat="48.439859" lon="13.860818">
				<ele>284.26</ele>
				<time>2026-09-04T13:46:32Z</time>
			</trkpt>
			<trkpt lat="48.440033" lon="13.860616">
				<ele>284</ele>
				<time>2026-09-04T13:46:34Z</time>
			</trkpt>
			<trkpt lat="48.440746" lon="13.859942">
				<ele>284.47</ele>
				<time>2026-09-04T13:46:46Z</time>
			</trkpt>
			<trkpt lat="48.441148" lon="13.859546">
				<ele>284.01</ele>
				<time>2026-09-04T13:46:52Z</time>
			</trkpt>
			<trkpt lat="48.441761" lon="13.858902">
				<ele>284.03</ele>
				<time>2026-09-04T13:47:01Z</time>
			</trkpt>
			<trkpt lat="48.442143" lon="13.858526">
				<ele>284.02</ele>
				<time>2026-09-04T13:47:06Z</time>
			</trkpt>
			<trkpt lat="48.442425" lon="13.85826">
				<ele>283.31</ele>
				<time>2026-09-04T13:47:10Z</time>
			</trkpt>
			<trkpt lat="48.442615" lon="13.8581">
				<ele>282.74</ele>
				<time>2026-09-04T13:47:12Z</time>
			</trkpt>
			<trkpt lat="48.443553" lon="13.857426">
				<ele>283</ele>
				<time>2026-09-04T13:47:23Z</time>
			</trkpt>
			<trkpt lat="48.444005" lon="13.85712">
				<ele>282.92</ele>
				<time>2026-09-04T13:47:28Z</time>
			</trkpt>
			<trkpt lat="48.444365" lon="13.85697">
				<ele>283.05</ele>
				<time>2026-09-04T13:47:32Z</time>
			</trkpt>
			<trkpt lat="48.444366" lon="13.856982">
				<ele>291.799988</ele>
				<time>2026-09-04T13:47:33Z</time>
			</trkpt>
			<trkpt lat="48.444365" lon="13.85697">
				<ele>283.05</ele>
				<time>2026-09-04T13:47:34Z</time>
			</trkpt>
			<trkpt lat="48.444785" lon="13.85685">
				<ele>283.42</ele>
				<time>2026-09-04T13:47:41Z</time>
			</trkpt>
			<trkpt lat="48.445223" lon="13.856786">
				<ele>283.95</ele>
				<time>2026-09-04T13:47:50Z</time>
			</trkpt>
			<trkpt lat="48.445378" lon="13.856776">
				<ele>284.88</ele>
				<time>2026-09-04T13:47:53Z</time>
			</trkpt>
			<trkpt lat="48.445517" lon="13.856774">
				<ele>284.89</ele>
				<time>2026-09-04T13:47:54Z</time>
			</trkpt>
			<trkpt lat="48.445658" lon="13.856786">
				<ele>284.99</ele>
				<time>2026-09-04T13:47:57Z</time>
			</trkpt>
			<trkpt lat="48.445774" lon="13.856828">
				<ele>285.93</ele>
				<time>2026-09-04T13:47:59Z</time>
			</trkpt>
			<trkpt lat="48.445774" lon="13.856828">
				<ele>285.92</ele>
				<time>2026-09-04T13:48:00Z</time>
			</trkpt>
			<trkpt lat="48.445944" lon="13.856888">
				<ele>286.56</ele>
				<time>2026-09-04T13:48:03Z</time>
			</trkpt>
			<trkpt lat="48.446112" lon="13.856974">
				<ele>287.05</ele>
				<time>2026-09-04T13:48:06Z</time>
			</trkpt>
			<trkpt lat="48.446268" lon="13.857066">
				<ele>287.57</ele>
				<time>2026-09-04T13:48:09Z</time>
			</trkpt>
			<trkpt lat="48.446725" lon="13.8574">
				<ele>288.58</ele>
				<time>2026-09-04T13:48:18Z</time>
			</trkpt>
			<trkpt lat="48.447078" lon="13.857756">
				<ele>288.5</ele>
				<time>2026-09-04T13:48:25Z</time>
			</trkpt>
			<trkpt lat="48.447326" lon="13.858042">
				<ele>288</ele>
				<time>2026-09-04T13:48:31Z</time>
			</trkpt>
			<trkpt lat="48.447429" lon="13.858218">
				<ele>288.11</ele>
				<time>2026-09-04T13:48:34Z</time>
			</trkpt>
			<trkpt lat="48.447538" lon="13.858386">
				<ele>288.23</ele>
				<time>2026-09-04T13:48:36Z</time>
			</trkpt>
			<trkpt lat="48.447632" lon="13.858594">
				<ele>288</ele>
				<time>2026-09-04T13:48:39Z</time>
			</trkpt>
			<trkpt lat="48.447738" lon="13.858846">
				<ele>288</ele>
				<time>2026-09-04T13:48:43Z</time>
			</trkpt>
			<trkpt lat="48.447806" lon="13.859062">
				<ele>288.1</ele>
				<time>2026-09-04T13:48:46Z</time>
			</trkpt>
			<trkpt lat="48.447863" lon="13.859276">
				<ele>287.94</ele>
				<time>2026-09-04T13:48:49Z</time>
			</trkpt>
			<trkpt lat="48.447923" lon="13.859556">
				<ele>288.44</ele>
				<time>2026-09-04T13:48:53Z</time>
			</trkpt>
			<trkpt lat="48.447998" lon="13.860026">
				<ele>287.76</ele>
				<time>2026-09-04T13:48:59Z</time>
			</trkpt>
			<trkpt lat="48.448015" lon="13.86019">
				<ele>287.61</ele>
				<time>2026-09-04T13:49:02Z</time>
			</trkpt>
			<trkpt lat="48.448024" lon="13.860198">
				<ele>296.399994</ele>
				<time>2026-09-04T13:49:03Z</time>
			</trkpt>
			<trkpt lat="48.448031" lon="13.860282">
				<ele>296.399994</ele>
				<time>2026-09-04T13:49:04Z</time>
			</trkpt>
			<trkpt lat="48.448036" lon="13.860372">
				<ele>296.399994</ele>
				<time>2026-09-04T13:49:06Z</time>
			</trkpt>
			<trkpt lat="48.448041" lon="13.860462">
				<ele>296.399994</ele>
				<time>2026-09-04T13:49:08Z</time>
			</trkpt>
			<trkpt lat="48.448047" lon="13.860554">
				<ele>296.399994</ele>
				<time>2026-09-04T13:49:10Z</time>
			</trkpt>
			<trkpt lat="48.448051" lon="13.860652">
				<ele>296.399994</ele>
				<time>2026-09-04T13:49:12Z</time>
			</trkpt>
			<trkpt lat="48.448055" lon="13.86074">
				<ele>296.200012</ele>
				<time>2026-09-04T13:49:14Z</time>
			</trkpt>
			<trkpt lat="48.448059" lon="13.860838">
				<ele>296.200012</ele>
				<time>2026-09-04T13:49:15Z</time>
			</trkpt>
			<trkpt lat="48.448063" lon="13.860926">
				<ele>296.200012</ele>
				<time>2026-09-04T13:49:17Z</time>
			</trkpt>
			<trkpt lat="48.448065" lon="13.861">
				<ele>296.200012</ele>
				<time>2026-09-04T13:49:19Z</time>
			</trkpt>
			<trkpt lat="48.448068" lon="13.861086">
				<ele>296</ele>
				<time>2026-09-04T13:49:20Z</time>
			</trkpt>
			<trkpt lat="48.448071" lon="13.861162">
				<ele>296</ele>
				<time>2026-09-04T13:49:21Z</time>
			</trkpt>
			<trkpt lat="48.448076" lon="13.861252">
				<ele>296</ele>
				<time>2026-09-04T13:49:22Z</time>
			</trkpt>
			<trkpt lat="48.448082" lon="13.861334">
				<ele>296</ele>
				<time>2026-09-04T13:49:23Z</time>
			</trkpt>
			<trkpt lat="48.448084" lon="13.861408">
				<ele>296</ele>
				<time>2026-09-04T13:49:24Z</time>
			</trkpt>
			<trkpt lat="48.448087" lon="13.861484">
				<ele>296</ele>
				<time>2026-09-04T13:49:25Z</time>
			</trkpt>
			<trkpt lat="48.448091" lon="13.861562">
				<ele>296</ele>
				<time>2026-09-04T13:49:26Z</time>
			</trkpt>
			<trkpt lat="48.448094" lon="13.861638">
				<ele>296</ele>
				<time>2026-09-04T13:49:27Z</time>
			</trkpt>
			<trkpt lat="48.448097" lon="13.861714">
				<ele>296</ele>
				<time>2026-09-04T13:49:28Z</time>
			</trkpt>
			<trkpt lat="48.448097" lon="13.861784">
				<ele>296</ele>
				<time>2026-09-04T13:49:29Z</time>
			</trkpt>
			<trkpt lat="48.448099" lon="13.861858">
				<ele>296</ele>
				<time>2026-09-04T13:49:30Z</time>
			</trkpt>
			<trkpt lat="48.448099" lon="13.861938">
				<ele>295.799988</ele>
				<time>2026-09-04T13:49:31Z</time>
			</trkpt>
			<trkpt lat="48.448101" lon="13.862012">
				<ele>295.799988</ele>
				<time>2026-09-04T13:49:32Z</time>
			</trkpt>
			<trkpt lat="48.448104" lon="13.862098">
				<ele>295.799988</ele>
				<time>2026-09-04T13:49:33Z</time>
			</trkpt>
			<trkpt lat="48.448113" lon="13.862176">
				<ele>296</ele>
				<time>2026-09-04T13:49:34Z</time>
			</trkpt>
			<trkpt lat="48.448119" lon="13.862258">
				<ele>295.799988</ele>
				<time>2026-09-04T13:49:35Z</time>
			</trkpt>
			<trkpt lat="48.448126" lon="13.862352">
				<ele>295.799988</ele>
				<time>2026-09-04T13:49:37Z</time>
			</trkpt>
			<trkpt lat="48.448129" lon="13.862438">
				<ele>295.799988</ele>
				<time>2026-09-04T13:49:38Z</time>
			</trkpt>
			<trkpt lat="48.448132" lon="13.862524">
				<ele>295.799988</ele>
				<time>2026-09-04T13:49:39Z</time>
			</trkpt>
			<trkpt lat="48.448134" lon="13.862618">
				<ele>295.799988</ele>
				<time>2026-09-04T13:49:40Z</time>
			</trkpt>
			<trkpt lat="48.448137" lon="13.862704">
				<ele>295.799988</ele>
				<time>2026-09-04T13:49:41Z</time>
			</trkpt>
			<trkpt lat="48.448144" lon="13.862798">
				<ele>295.600006</ele>
				<time>2026-09-04T13:49:42Z</time>
			</trkpt>
			<trkpt lat="48.448145" lon="13.86288">
				<ele>295.600006</ele>
				<time>2026-09-04T13:49:43Z</time>
			</trkpt>
			<trkpt lat="48.448147" lon="13.862974">
				<ele>295.600006</ele>
				<time>2026-09-04T13:49:44Z</time>
			</trkpt>
			<trkpt lat="48.448138" lon="13.863056">
				<ele>295.600006</ele>
				<time>2026-09-04T13:49:45Z</time>
			</trkpt>
			<trkpt lat="48.448137" lon="13.863144">
				<ele>295.399994</ele>
				<time>2026-09-04T13:49:46Z</time>
			</trkpt>
			<trkpt lat="48.448136" lon="13.863232">
				<ele>295.399994</ele>
				<time>2026-09-04T13:49:47Z</time>
			</trkpt>
			<trkpt lat="48.448131" lon="13.863312">
				<ele>295.200012</ele>
				<time>2026-09-04T13:49:48Z</time>
			</trkpt>
			<trkpt lat="48.448125" lon="13.8634">
				<ele>295.200012</ele>
				<time>2026-09-04T13:49:49Z</time>
			</trkpt>
			<trkpt lat="48.448117" lon="13.863484">
				<ele>295</ele>
				<time>2026-09-04T13:49:50Z</time>
			</trkpt>
			<trkpt lat="48.448108" lon="13.863576">
				<ele>295</ele>
				<time>2026-09-04T13:49:51Z</time>
			</trkpt>
			<trkpt lat="48.448095" lon="13.86365">
				<ele>294.799988</ele>
				<time>2026-09-04T13:49:52Z</time>
			</trkpt>
			<trkpt lat="48.448075" lon="13.86373">
				<ele>294.799988</ele>
				<time>2026-09-04T13:49:53Z</time>
			</trkpt>
			<trkpt lat="48.448054" lon="13.863818">
				<ele>294.600006</ele>
				<time>2026-09-04T13:49:54Z</time>
			</trkpt>
			<trkpt lat="48.448032" lon="13.863884">
				<ele>294.600006</ele>
				<time>2026-09-04T13:49:55Z</time>
			</trkpt>
			<trkpt lat="48.448013" lon="13.863966">
				<ele>294.600006</ele>
				<time>2026-09-04T13:49:56Z</time>
			</trkpt>
			<trkpt lat="48.447957" lon="13.864094">
				<ele>294.399994</ele>
				<time>2026-09-04T13:49:57Z</time>
			</trkpt>
			<trkpt lat="48.447939" lon="13.864158">
				<ele>294.399994</ele>
				<time>2026-09-04T13:49:58Z</time>
			</trkpt>
			<trkpt lat="48.447926" lon="13.864202">
				<ele>294.399994</ele>
				<time>2026-09-04T13:49:59Z</time>
			</trkpt>
			<trkpt lat="48.447916" lon="13.864262">
				<ele>294.399994</ele>
				<time>2026-09-04T13:50:00Z</time>
			</trkpt>
			<trkpt lat="48.447907" lon="13.864324">
				<ele>294.399994</ele>
				<time>2026-09-04T13:50:01Z</time>
			</trkpt>
			<trkpt lat="48.447903" lon="13.864396">
				<ele>294.399994</ele>
				<time>2026-09-04T13:50:02Z</time>
			</trkpt>
			<trkpt lat="48.447897" lon="13.864454">
				<ele>294.399994</ele>
				<time>2026-09-04T13:50:03Z</time>
			</trkpt>
			<trkpt lat="48.447898" lon="13.864526">
				<ele>294.399994</ele>
				<time>2026-09-04T13:50:04Z</time>
			</trkpt>
			<trkpt lat="48.447898" lon="13.864526">
				<ele>286.62</ele>
				<time>2026-09-04T13:50:05Z</time>
			</trkpt>
			<trkpt lat="48.447909" lon="13.864558">
				<ele>286.47</ele>
				<time>2026-09-04T13:50:06Z</time>
			</trkpt>
			<trkpt lat="48.447958" lon="13.864636">
				<ele>286.05</ele>
				<time>2026-09-04T13:50:07Z</time>
			</trkpt>
			<trkpt lat="48.447999" lon="13.864668">
				<ele>285.81</ele>
				<time>2026-09-04T13:50:08Z</time>
			</trkpt>
			<trkpt lat="48.448574" lon="13.864968">
				<ele>282</ele>
				<time>2026-09-04T13:50:15Z</time>
			</trkpt>
			<trkpt lat="48.448693" lon="13.865066">
				<ele>281.96</ele>
				<time>2026-09-04T13:50:16Z</time>
			</trkpt>
			<trkpt lat="48.448692" lon="13.865064">
				<ele>281.96</ele>
				<time>2026-09-04T13:50:17Z</time>
			</trkpt>
			<trkpt lat="48.448692" lon="13.865064">
				<ele>281.96</ele>
				<time>2026-09-04T13:50:18Z</time>
			</trkpt>
			<trkpt lat="48.448692" lon="13.865064">
				<ele>281.96</ele>
				<time>2026-09-04T13:50:19Z</time>
			</trkpt>
			<trkpt lat="48.448551" lon="13.865402">
				<ele>281.92</ele>
				<time>2026-09-04T13:50:22Z</time>
			</trkpt>
			<trkpt lat="48.448436" lon="13.865612">
				<ele>281.98</ele>
				<time>2026-09-04T13:50:24Z</time>
			</trkpt>
			<trkpt lat="48.448229" lon="13.865968">
				<ele>282.38</ele>
				<time>2026-09-04T13:50:28Z</time>
			</trkpt>
			<trkpt lat="48.447999" lon="13.866328">
				<ele>281.89</ele>
				<time>2026-09-04T13:50:32Z</time>
			</trkpt>
			<trkpt lat="48.447672" lon="13.866834">
				<ele>282.24</ele>
				<time>2026-09-04T13:50:38Z</time>
			</trkpt>
			<trkpt lat="48.447402" lon="13.867234">
				<ele>282</ele>
				<time>2026-09-04T13:50:44Z</time>
			</trkpt>
			<trkpt lat="48.446646" lon="13.868252">
				<ele>281.76</ele>
				<time>2026-09-04T13:51:01Z</time>
			</trkpt>
			<trkpt lat="48.446306" lon="13.868732">
				<ele>281.82</ele>
				<time>2026-09-04T13:51:10Z</time>
			</trkpt>
			<trkpt lat="48.446185" lon="13.86892">
				<ele>281.82</ele>
				<time>2026-09-04T13:51:14Z</time>
			</trkpt>
			<trkpt lat="48.445947" lon="13.869364">
				<ele>281.81</ele>
				<time>2026-09-04T13:51:20Z</time>
			</trkpt>
			<trkpt lat="48.445855" lon="13.86953">
				<ele>282.45</ele>
				<time>2026-09-04T13:51:23Z</time>
			</trkpt>
			<trkpt lat="48.445448" lon="13.870466">
				<ele>282.96</ele>
				<time>2026-09-04T13:51:39Z</time>
			</trkpt>
			<trkpt lat="48.445192" lon="13.871064">
				<ele>283.41</ele>
				<time>2026-09-04T13:51:48Z</time>
			</trkpt>
			<trkpt lat="48.444994" lon="13.871568">
				<ele>282.7</ele>
				<time>2026-09-04T13:51:56Z</time>
			</trkpt>
			<trkpt lat="48.444929" lon="13.871718">
				<ele>283.92</ele>
				<time>2026-09-04T13:51:58Z</time>
			</trkpt>
			<trkpt lat="48.444591" lon="13.872362">
				<ele>283.9</ele>
				<time>2026-09-04T13:52:08Z</time>
			</trkpt>
			<trkpt lat="48.444479" lon="13.872648">
				<ele>284.19</ele>
				<time>2026-09-04T13:52:13Z</time>
			</trkpt>
			<trkpt lat="48.444092" lon="13.873924">
				<ele>283.73</ele>
				<time>2026-09-04T13:52:31Z</time>
			</trkpt>
			<trkpt lat="48.444053" lon="13.874076">
				<ele>284.95</ele>
				<time>2026-09-04T13:52:33Z</time>
			</trkpt>
			<trkpt lat="48.443894" lon="13.874748">
				<ele>283.08</ele>
				<time>2026-09-04T13:52:42Z</time>
			</trkpt>
			<trkpt lat="48.443745" lon="13.87551">
				<ele>282.58</ele>
				<time>2026-09-04T13:52:52Z</time>
			</trkpt>
			<trkpt lat="48.443717" lon="13.875724">
				<ele>283.09</ele>
				<time>2026-09-04T13:52:55Z</time>
			</trkpt>
			<trkpt lat="48.443622" lon="13.876674">
				<ele>283.38</ele>
				<time>2026-09-04T13:53:08Z</time>
			</trkpt>
			<trkpt lat="48.443549" lon="13.877608">
				<ele>284.05</ele>
				<time>2026-09-04T13:53:19Z</time>
			</trkpt>
			<trkpt lat="48.443513" lon="13.879926">
				<ele>284.19</ele>
				<time>2026-09-04T13:53:50Z</time>
			</trkpt>
			<trkpt lat="48.443528" lon="13.880526">
				<ele>282.89</ele>
				<time>2026-09-04T13:53:58Z</time>
			</trkpt>
			<trkpt lat="48.443571" lon="13.881472">
				<ele>284.75</ele>
				<time>2026-09-04T13:54:10Z</time>
			</trkpt>
			<trkpt lat="48.443588" lon="13.881706">
				<ele>284.64</ele>
				<time>2026-09-04T13:54:13Z</time>
			</trkpt>
			<trkpt lat="48.443628" lon="13.881976">
				<ele>283.01</ele>
				<time>2026-09-04T13:54:16Z</time>
			</trkpt>
			<trkpt lat="48.443702" lon="13.882334">
				<ele>284.42</ele>
				<time>2026-09-04T13:54:21Z</time>
			</trkpt>
			<trkpt lat="48.443718" lon="13.882526">
				<ele>284.57</ele>
				<time>2026-09-04T13:54:24Z</time>
			</trkpt>
			<trkpt lat="48.443735" lon="13.8831">
				<ele>285.54</ele>
				<time>2026-09-04T13:54:31Z</time>
			</trkpt>
			<trkpt lat="48.443746" lon="13.884242">
				<ele>284.68</ele>
				<time>2026-09-04T13:54:44Z</time>
			</trkpt>
			<trkpt lat="48.443766" lon="13.885012">
				<ele>283.67</ele>
				<time>2026-09-04T13:54:54Z</time>
			</trkpt>
			<trkpt lat="48.443826" lon="13.885872">
				<ele>284.16</ele>
				<time>2026-09-04T13:55:04Z</time>
			</trkpt>
			<trkpt lat="48.443828" lon="13.886006">
				<ele>284.97</ele>
				<time>2026-09-04T13:55:06Z</time>
			</trkpt>
			<trkpt lat="48.443817" lon="13.886314">
				<ele>287.25</ele>
				<time>2026-09-04T13:55:10Z</time>
			</trkpt>
			<trkpt lat="48.443783" lon="13.886716">
				<ele>282.75</ele>
				<time>2026-09-04T13:55:15Z</time>
			</trkpt>
			<trkpt lat="48.443778" lon="13.886886">
				<ele>283.93</ele>
				<time>2026-09-04T13:55:17Z</time>
			</trkpt>
			<trkpt lat="48.443784" lon="13.887028">
				<ele>285.67</ele>
				<time>2026-09-04T13:55:19Z</time>
			</trkpt>
			<trkpt lat="48.443799" lon="13.887178">
				<ele>286.87</ele>
				<time>2026-09-04T13:55:21Z</time>
			</trkpt>
			<trkpt lat="48.443838" lon="13.887396">
				<ele>286</ele>
				<time>2026-09-04T13:55:24Z</time>
			</trkpt>
			<trkpt lat="48.443896" lon="13.887662">
				<ele>287.72</ele>
				<time>2026-09-04T13:55:28Z</time>
			</trkpt>
			<trkpt lat="48.444035" lon="13.88815">
				<ele>287.17</ele>
				<time>2026-09-04T13:55:37Z</time>
			</trkpt>
			<trkpt lat="48.444173" lon="13.888616">
				<ele>287.89</ele>
				<time>2026-09-04T13:55:46Z</time>
			</trkpt>
			<trkpt lat="48.444448" lon="13.889386">
				<ele>286.67</ele>
				<time>2026-09-04T13:56:01Z</time>
			</trkpt>
			<trkpt lat="48.444657" lon="13.889884">
				<ele>288.45</ele>
				<time>2026-09-04T13:56:10Z</time>
			</trkpt>
			<trkpt lat="48.445023" lon="13.890776">
				<ele>285.88</ele>
				<time>2026-09-04T13:56:27Z</time>
			</trkpt>
			<trkpt lat="48.445177" lon="13.891114">
				<ele>284.94</ele>
				<time>2026-09-04T13:56:34Z</time>
			</trkpt>
			<trkpt lat="48.445397" lon="13.891594">
				<ele>287.91</ele>
				<time>2026-09-04T13:56:43Z</time>
			</trkpt>
			<trkpt lat="48.445507" lon="13.891874">
				<ele>284.4</ele>
				<time>2026-09-04T13:56:47Z</time>
			</trkpt>
			<trkpt lat="48.445599" lon="13.892118">
				<ele>283.37</ele>
				<time>2026-09-04T13:56:50Z</time>
			</trkpt>
			<trkpt lat="48.445649" lon="13.892258">
				<ele>284.32</ele>
				<time>2026-09-04T13:56:52Z</time>
			</trkpt>
			<trkpt lat="48.445757" lon="13.892614">
				<ele>286.25</ele>
				<time>2026-09-04T13:56:57Z</time>
			</trkpt>
			<trkpt lat="48.445803" lon="13.892746">
				<ele>286.32</ele>
				<time>2026-09-04T13:56:58Z</time>
			</trkpt>
			<trkpt lat="48.445857" lon="13.892864">
				<ele>287</ele>
				<time>2026-09-04T13:57:00Z</time>
			</trkpt>
			<trkpt lat="48.446031" lon="13.893182">
				<ele>288.61</ele>
				<time>2026-09-04T13:57:04Z</time>
			</trkpt>
			<trkpt lat="48.446199" lon="13.893508">
				<ele>292.02</ele>
				<time>2026-09-04T13:57:09Z</time>
			</trkpt>
			<trkpt lat="48.446388" lon="13.893806">
				<ele>286.69</ele>
				<time>2026-09-04T13:57:14Z</time>
			</trkpt>
			<trkpt lat="48.446488" lon="13.893966">
				<ele>285.84</ele>
				<time>2026-09-04T13:57:17Z</time>
			</trkpt>
			<trkpt lat="48.446609" lon="13.894138">
				<ele>285.97</ele>
				<time>2026-09-04T13:57:20Z</time>
			</trkpt>
			<trkpt lat="48.446725" lon="13.89426">
				<ele>290.58</ele>
				<time>2026-09-04T13:57:22Z</time>
			</trkpt>
			<trkpt lat="48.446823" lon="13.894416">
				<ele>287.21</ele>
				<time>2026-09-04T13:57:24Z</time>
			</trkpt>
			<trkpt lat="48.446864" lon="13.894518">
				<ele>287.26</ele>
				<time>2026-09-04T13:57:26Z</time>
			</trkpt>
			<trkpt lat="48.446983" lon="13.894886">
				<ele>287.97</ele>
				<time>2026-09-04T13:57:31Z</time>
			</trkpt>
			<trkpt lat="48.447052" lon="13.895054">
				<ele>287.71</ele>
				<time>2026-09-04T13:57:33Z</time>
			</trkpt>
			<trkpt lat="48.447273" lon="13.895476">
				<ele>288.45</ele>
				<time>2026-09-04T13:57:40Z</time>
			</trkpt>
			<trkpt lat="48.447588" lon="13.896076">
				<ele>286.82</ele>
				<time>2026-09-04T13:57:48Z</time>
			</trkpt>
			<trkpt lat="48.447788" lon="13.896416">
				<ele>286.43</ele>
				<time>2026-09-04T13:57:53Z</time>
			</trkpt>
			<trkpt lat="48.448527" lon="13.897554">
				<ele>285.84</ele>
				<time>2026-09-04T13:58:09Z</time>
			</trkpt>
			<trkpt lat="48.448609" lon="13.897698">
				<ele>286.05</ele>
				<time>2026-09-04T13:58:12Z</time>
			</trkpt>
			<trkpt lat="48.448818" lon="13.898156">
				<ele>287.36</ele>
				<time>2026-09-04T13:58:18Z</time>
			</trkpt>
			<trkpt lat="48.448893" lon="13.898286">
				<ele>287.5</ele>
				<time>2026-09-04T13:58:20Z</time>
			</trkpt>
			<trkpt lat="48.449222" lon="13.898734">
				<ele>286.64</ele>
				<time>2026-09-04T13:58:28Z</time>
			</trkpt>
			<trkpt lat="48.449378" lon="13.898946">
				<ele>284.67</ele>
				<time>2026-09-04T13:58:31Z</time>
			</trkpt>
			<trkpt lat="48.449533" lon="13.899156">
				<ele>286.57</ele>
				<time>2026-09-04T13:58:35Z</time>
			</trkpt>
			<trkpt lat="48.449666" lon="13.899342">
				<ele>286.92</ele>
				<time>2026-09-04T13:58:38Z</time>
			</trkpt>
			<trkpt lat="48.449944" lon="13.899798">
				<ele>285</ele>
				<time>2026-09-04T13:58:45Z</time>
			</trkpt>
			<trkpt lat="48.450866" lon="13.901222">
				<ele>286.65</ele>
				<time>2026-09-04T13:59:09Z</time>
			</trkpt>
			<trkpt lat="48.451067" lon="13.901494">
				<ele>285.17</ele>
				<time>2026-09-04T13:59:14Z</time>
			</trkpt>
			<trkpt lat="48.451205" lon="13.90166">
				<ele>285.78</ele>
				<time>2026-09-04T13:59:17Z</time>
			</trkpt>
			<trkpt lat="48.451718" lon="13.902206">
				<ele>286.14</ele>
				<time>2026-09-04T13:59:27Z</time>
			</trkpt>
			<trkpt lat="48.451867" lon="13.902384">
				<ele>284.13</ele>
				<time>2026-09-04T13:59:30Z</time>
			</trkpt>
			<trkpt lat="48.451972" lon="13.902514">
				<ele>284.99</ele>
				<time>2026-09-04T13:59:33Z</time>
			</trkpt>
			<trkpt lat="48.452506" lon="13.903232">
				<ele>284.57</ele>
				<time>2026-09-04T13:59:45Z</time>
			</trkpt>
			<trkpt lat="48.452666" lon="13.903442">
				<ele>287.93</ele>
				<time>2026-09-04T13:59:48Z</time>
			</trkpt>
			<trkpt lat="48.452893" lon="13.903756">
				<ele>286.64</ele>
				<time>2026-09-04T13:59:53Z</time>
			</trkpt>
			<trkpt lat="48.453024" lon="13.903958">
				<ele>286.73</ele>
				<time>2026-09-04T13:59:57Z</time>
			</trkpt>
			<trkpt lat="48.453071" lon="13.904052">
				<ele>286.54</ele>
				<time>2026-09-04T13:59:58Z</time>
			</trkpt>
			<trkpt lat="48.453274" lon="13.904568">
				<ele>286.64</ele>
				<time>2026-09-04T14:00:05Z</time>
			</trkpt>
			<trkpt lat="48.453341" lon="13.904782">
				<ele>285.88</ele>
				<time>2026-09-04T14:00:07Z</time>
			</trkpt>
			<trkpt lat="48.453396" lon="13.904992">
				<ele>286.74</ele>
				<time>2026-09-04T14:00:09Z</time>
			</trkpt>
			<trkpt lat="48.453435" lon="13.90519">
				<ele>286.46</ele>
				<time>2026-09-04T14:00:12Z</time>
			</trkpt>
			<trkpt lat="48.453461" lon="13.905372">
				<ele>286.43</ele>
				<time>2026-09-04T14:00:14Z</time>
			</trkpt>
			<trkpt lat="48.453502" lon="13.905944">
				<ele>284.03</ele>
				<time>2026-09-04T14:00:21Z</time>
			</trkpt>
			<trkpt lat="48.453505" lon="13.90638">
				<ele>285.48</ele>
				<time>2026-09-04T14:00:26Z</time>
			</trkpt>
			<trkpt lat="48.453499" lon="13.906638">
				<ele>285.27</ele>
				<time>2026-09-04T14:00:29Z</time>
			</trkpt>
			<trkpt lat="48.453485" lon="13.90684">
				<ele>284.64</ele>
				<time>2026-09-04T14:00:31Z</time>
			</trkpt>
			<trkpt lat="48.453462" lon="13.907054">
				<ele>284.38</ele>
				<time>2026-09-04T14:00:34Z</time>
			</trkpt>
			<trkpt lat="48.453395" lon="13.90747">
				<ele>284.23</ele>
				<time>2026-09-04T14:00:38Z</time>
			</trkpt>
			<trkpt lat="48.453305" lon="13.90789">
				<ele>284.49</ele>
				<time>2026-09-04T14:00:43Z</time>
			</trkpt>
			<trkpt lat="48.453237" lon="13.908114">
				<ele>284.2</ele>
				<time>2026-09-04T14:00:45Z</time>
			</trkpt>
			<trkpt lat="48.453074" lon="13.908608">
				<ele>284.36</ele>
				<time>2026-09-04T14:00:50Z</time>
			</trkpt>
			<trkpt lat="48.452879" lon="13.909078">
				<ele>283.99</ele>
				<time>2026-09-04T14:00:56Z</time>
			</trkpt>
			<trkpt lat="48.452758" lon="13.909326">
				<ele>283.77</ele>
				<time>2026-09-04T14:00:59Z</time>
			</trkpt>
			<trkpt lat="48.452199" lon="13.910338">
				<ele>285.23</ele>
				<time>2026-09-04T14:01:12Z</time>
			</trkpt>
			<trkpt lat="48.451502" lon="13.911544">
				<ele>284.46</ele>
				<time>2026-09-04T14:01:28Z</time>
			</trkpt>
			<trkpt lat="48.450427" lon="13.913474">
				<ele>283.02</ele>
				<time>2026-09-04T14:01:55Z</time>
			</trkpt>
			<trkpt lat="48.450276" lon="13.913792">
				<ele>283.79</ele>
				<time>2026-09-04T14:01:59Z</time>
			</trkpt>
			<trkpt lat="48.450071" lon="13.914192">
				<ele>283.41</ele>
				<time>2026-09-04T14:02:05Z</time>
			</trkpt>
			<trkpt lat="48.448713" lon="13.916586">
				<ele>284.46</ele>
				<time>2026-09-04T14:02:42Z</time>
			</trkpt>
			<trkpt lat="48.448358" lon="13.917136">
				<ele>283.13</ele>
				<time>2026-09-04T14:02:51Z</time>
			</trkpt>
			<trkpt lat="48.448147" lon="13.917384">
				<ele>282.35</ele>
				<time>2026-09-04T14:02:56Z</time>
			</trkpt>
			<trkpt lat="48.447971" lon="13.917562">
				<ele>283.08</ele>
				<time>2026-09-04T14:03:00Z</time>
			</trkpt>
			<trkpt lat="48.447675" lon="13.91782">
				<ele>282.15</ele>
				<time>2026-09-04T14:03:06Z</time>
			</trkpt>
			<trkpt lat="48.447544" lon="13.917918">
				<ele>282.05</ele>
				<time>2026-09-04T14:03:09Z</time>
			</trkpt>
			<trkpt lat="48.447215" lon="13.91811">
				<ele>283.17</ele>
				<time>2026-09-04T14:03:15Z</time>
			</trkpt>
			<trkpt lat="48.447049" lon="13.918218">
				<ele>281.98</ele>
				<time>2026-09-04T14:03:18Z</time>
			</trkpt>
			<trkpt lat="48.446758" lon="13.918356">
				<ele>281.9</ele>
				<time>2026-09-04T14:03:24Z</time>
			</trkpt>
			<trkpt lat="48.446458" lon="13.918466">
				<ele>281.42</ele>
				<time>2026-09-04T14:03:29Z</time>
			</trkpt>
			<trkpt lat="48.446208" lon="13.918536">
				<ele>281.54</ele>
				<time>2026-09-04T14:03:32Z</time>
			</trkpt>
			<trkpt lat="48.445721" lon="13.918602">
				<ele>281.64</ele>
				<time>2026-09-04T14:03:40Z</time>
			</trkpt>
			<trkpt lat="48.445639" lon="13.918588">
				<ele>281.73</ele>
				<time>2026-09-04T14:03:41Z</time>
			</trkpt>
			<trkpt lat="48.445581" lon="13.918512">
				<ele>282</ele>
				<time>2026-09-04T14:03:42Z</time>
			</trkpt>
			<trkpt lat="48.445518" lon="13.918456">
				<ele>282</ele>
				<time>2026-09-04T14:03:43Z</time>
			</trkpt>
			<trkpt lat="48.445304" lon="13.918378">
				<ele>282</ele>
				<time>2026-09-04T14:03:47Z</time>
			</trkpt>
			<trkpt lat="48.444853" lon="13.918116">
				<ele>283.47</ele>
				<time>2026-09-04T14:03:55Z</time>
			</trkpt>
			<trkpt lat="48.444854" lon="13.918118">
				<ele>294.799988</ele>
				<time>2026-09-04T14:03:56Z</time>
			</trkpt>
			<trkpt lat="48.444853" lon="13.918116">
				<ele>283.47</ele>
				<time>2026-09-04T14:03:57Z</time>
			</trkpt>
			<trkpt lat="48.444067" lon="13.917744">
				<ele>285.15</ele>
				<time>2026-09-04T14:04:12Z</time>
			</trkpt>
			<trkpt lat="48.443779" lon="13.917618">
				<ele>286.17</ele>
				<time>2026-09-04T14:04:18Z</time>
			</trkpt>
			<trkpt lat="48.443378" lon="13.917486">
				<ele>286.3</ele>
				<time>2026-09-04T14:04:27Z</time>
			</trkpt>
			<trkpt lat="48.443055" lon="13.91741">
				<ele>285.02</ele>
				<time>2026-09-04T14:04:33Z</time>
			</trkpt>
			<trkpt lat="48.441839" lon="13.917338">
				<ele>284.97</ele>
				<time>2026-09-04T14:04:54Z</time>
			</trkpt>
			<trkpt lat="48.441451" lon="13.917292">
				<ele>285.29</ele>
				<time>2026-09-04T14:05:01Z</time>
			</trkpt>
			<trkpt lat="48.440538" lon="13.917046">
				<ele>285.2</ele>
				<time>2026-09-04T14:05:18Z</time>
			</trkpt>
			<trkpt lat="48.440538" lon="13.917046">
				<ele>285.2</ele>
				<time>2026-09-04T14:05:19Z</time>
			</trkpt>
			<trkpt lat="48.440423" lon="13.917006">
				<ele>285.8</ele>
				<time>2026-09-04T14:05:21Z</time>
			</trkpt>
			<trkpt lat="48.440281" lon="13.917242">
				<ele>283.51</ele>
				<time>2026-09-04T14:05:24Z</time>
			</trkpt>
			<trkpt lat="48.439836" lon="13.917632">
				<ele>282</ele>
				<time>2026-09-04T14:05:32Z</time>
			</trkpt>
			<trkpt lat="48.439759" lon="13.917668">
				<ele>281.99</ele>
				<time>2026-09-04T14:05:33Z</time>
			</trkpt>
			<trkpt lat="48.439718" lon="13.917686">
				<ele>281.98</ele>
				<time>2026-09-04T14:05:34Z</time>
			</trkpt>
			<trkpt lat="48.439588" lon="13.917706">
				<ele>281.84</ele>
				<time>2026-09-04T14:05:36Z</time>
			</trkpt>
			<trkpt lat="48.439286" lon="13.917712">
				<ele>281.77</ele>
				<time>2026-09-04T14:05:41Z</time>
			</trkpt>
			<trkpt lat="48.438681" lon="13.917792">
				<ele>281.49</ele>
				<time>2026-09-04T14:05:50Z</time>
			</trkpt>
			<trkpt lat="48.437536" lon="13.917992">
				<ele>281.55</ele>
				<time>2026-09-04T14:06:07Z</time>
			</trkpt>
			<trkpt lat="48.437348" lon="13.918056">
				<ele>281.92</ele>
				<time>2026-09-04T14:06:10Z</time>
			</trkpt>
			<trkpt lat="48.437313" lon="13.918076">
				<ele>281.88</ele>
				<time>2026-09-04T14:06:11Z</time>
			</trkpt>
			<trkpt lat="48.437313" lon="13.918076">
				<ele>281.88</ele>
				<time>2026-09-04T14:06:12Z</time>
			</trkpt>
			<trkpt lat="48.437164" lon="13.918158">
				<ele>281.74</ele>
				<time>2026-09-04T14:06:14Z</time>
			</trkpt>
			<trkpt lat="48.436449" lon="13.918708">
				<ele>283.33</ele>
				<time>2026-09-04T14:06:29Z</time>
			</trkpt>
			<trkpt lat="48.435574" lon="13.919558">
				<ele>282.12</ele>
				<time>2026-09-04T14:06:49Z</time>
			</trkpt>
			<trkpt lat="48.435364" lon="13.919668">
				<ele>282.81</ele>
				<time>2026-09-04T14:06:53Z</time>
			</trkpt>
			<trkpt lat="48.434747" lon="13.919844">
				<ele>281.38</ele>
				<time>2026-09-04T14:07:05Z</time>
			</trkpt>
			<trkpt lat="48.434487" lon="13.920074">
				<ele>282.96</ele>
				<time>2026-09-04T14:07:11Z</time>
			</trkpt>
			<trkpt lat="48.434445" lon="13.92012">
				<ele>283.07</ele>
				<time>2026-09-04T14:07:12Z</time>
			</trkpt>
			<trkpt lat="48.434445" lon="13.92012">
				<ele>283.07</ele>
				<time>2026-09-04T14:07:13Z</time>
			</trkpt>
			<trkpt lat="48.434222" lon="13.920424">
				<ele>283.66</ele>
				<time>2026-09-04T14:07:19Z</time>
			</trkpt>
			<trkpt lat="48.434081" lon="13.920582">
				<ele>282.56</ele>
				<time>2026-09-04T14:07:23Z</time>
			</trkpt>
			<trkpt lat="48.433945" lon="13.92061">
				<ele>282.79</ele>
				<time>2026-09-04T14:07:25Z</time>
			</trkpt>
			<trkpt lat="48.433783" lon="13.920716">
				<ele>283.29</ele>
				<time>2026-09-04T14:07:29Z</time>
			</trkpt>
			<trkpt lat="48.433523" lon="13.920986">
				<ele>281.94</ele>
				<time>2026-09-04T14:07:35Z</time>
			</trkpt>
			<trkpt lat="48.433063" lon="13.921426">
				<ele>282.69</ele>
				<time>2026-09-04T14:07:44Z</time>
			</trkpt>
			<trkpt lat="48.432896" lon="13.921532">
				<ele>283.38</ele>
				<time>2026-09-04T14:07:47Z</time>
			</trkpt>
			<trkpt lat="48.432666" lon="13.921812">
				<ele>281.38</ele>
				<time>2026-09-04T14:07:53Z</time>
			</trkpt>
			<trkpt lat="48.432404" lon="13.922148">
				<ele>282.1</ele>
				<time>2026-09-04T14:07:59Z</time>
			</trkpt>
			<trkpt lat="48.432401" lon="13.922142">
				<ele>282.1</ele>
				<time>2026-09-04T14:08:00Z</time>
			</trkpt>
			<trkpt lat="48.432219" lon="13.922338">
				<ele>281.99</ele>
				<time>2026-09-04T14:08:04Z</time>
			</trkpt>
			<trkpt lat="48.431821" lon="13.922532">
				<ele>282.2</ele>
				<time>2026-09-04T14:08:11Z</time>
			</trkpt>
			<trkpt lat="48.430743" lon="13.923476">
				<ele>282.4</ele>
				<time>2026-09-04T14:08:32Z</time>
			</trkpt>
			<trkpt lat="48.430476" lon="13.923632">
				<ele>283.52</ele>
				<time>2026-09-04T14:08:37Z</time>
			</trkpt>
			<trkpt lat="48.430476" lon="13.923632">
				<ele>283.52</ele>
				<time>2026-09-04T14:08:38Z</time>
			</trkpt>
			<trkpt lat="48.430336" lon="13.923712">
				<ele>282.41</ele>
				<time>2026-09-04T14:08:41Z</time>
			</trkpt>
			<trkpt lat="48.429554" lon="13.923938">
				<ele>282.26</ele>
				<time>2026-09-04T14:08:56Z</time>
			</trkpt>
			<trkpt lat="48.429179" lon="13.923998">
				<ele>281.52</ele>
				<time>2026-09-04T14:09:01Z</time>
			</trkpt>
			<trkpt lat="48.428817" lon="13.924104">
				<ele>281.63</ele>
				<time>2026-09-04T14:09:08Z</time>
			</trkpt>
			<trkpt lat="48.427605" lon="13.92458">
				<ele>281.85</ele>
				<time>2026-09-04T14:09:29Z</time>
			</trkpt>
			<trkpt lat="48.427314" lon="13.924638">
				<ele>281.56</ele>
				<time>2026-09-04T14:09:34Z</time>
			</trkpt>
			<trkpt lat="48.427264" lon="13.924638">
				<ele>281.74</ele>
				<time>2026-09-04T14:09:35Z</time>
			</trkpt>
			<trkpt lat="48.426935" lon="13.9246">
				<ele>282.97</ele>
				<time>2026-09-04T14:09:39Z</time>
			</trkpt>
			<trkpt lat="48.426545" lon="13.92453">
				<ele>282.58</ele>
				<time>2026-09-04T14:09:46Z</time>
			</trkpt>
			<trkpt lat="48.423993" lon="13.923966">
				<ele>281.48</ele>
				<time>2026-09-04T14:10:27Z</time>
			</trkpt>
			<trkpt lat="48.422793" lon="13.923736">
				<ele>281.81</ele>
				<time>2026-09-04T14:10:47Z</time>
			</trkpt>
			<trkpt lat="48.421543" lon="13.923596">
				<ele>281.61</ele>
				<time>2026-09-04T14:11:07Z</time>
			</trkpt>
			<trkpt lat="48.421211" lon="13.923562">
				<ele>281.35</ele>
				<time>2026-09-04T14:11:12Z</time>
			</trkpt>
			<trkpt lat="48.421211" lon="13.923552">
				<ele>293.200012</ele>
				<time>2026-09-04T14:11:13Z</time>
			</trkpt>
			<trkpt lat="48.421211" lon="13.923562">
				<ele>281.35</ele>
				<time>2026-09-04T14:11:14Z</time>
			</trkpt>
			<trkpt lat="48.420773" lon="13.923526">
				<ele>281</ele>
				<time>2026-09-04T14:11:23Z</time>
			</trkpt>
			<trkpt lat="48.420462" lon="13.923524">
				<ele>281</ele>
				<time>2026-09-04T14:11:30Z</time>
			</trkpt>
			<trkpt lat="48.419763" lon="13.923556">
				<ele>281.81</ele>
				<time>2026-09-04T14:11:44Z</time>
			</trkpt>
			<trkpt lat="48.419362" lon="13.923634">
				<ele>281.38</ele>
				<time>2026-09-04T14:11:51Z</time>
			</trkpt>
			<trkpt lat="48.418972" lon="13.923744">
				<ele>281.76</ele>
				<time>2026-09-04T14:11:58Z</time>
			</trkpt>
			<trkpt lat="48.418733" lon="13.923816">
				<ele>281.76</ele>
				<time>2026-09-04T14:12:03Z</time>
			</trkpt>
			<trkpt lat="48.418565" lon="13.92389">
				<ele>281.59</ele>
				<time>2026-09-04T14:12:06Z</time>
			</trkpt>
			<trkpt lat="48.418427" lon="13.923994">
				<ele>281.68</ele>
				<time>2026-09-04T14:12:09Z</time>
			</trkpt>
			<trkpt lat="48.418427" lon="13.923994">
				<ele>281.68</ele>
				<time>2026-09-04T14:12:10Z</time>
			</trkpt>
			<trkpt lat="48.418212" lon="13.924134">
				<ele>281.81</ele>
				<time>2026-09-04T14:12:14Z</time>
			</trkpt>
			<trkpt lat="48.417741" lon="13.924572">
				<ele>281.79</ele>
				<time>2026-09-04T14:12:23Z</time>
			</trkpt>
			<trkpt lat="48.417388" lon="13.924856">
				<ele>282.52</ele>
				<time>2026-09-04T14:12:30Z</time>
			</trkpt>
			<trkpt lat="48.417123" lon="13.925006">
				<ele>282.65</ele>
				<time>2026-09-04T14:12:35Z</time>
			</trkpt>
			<trkpt lat="48.416507" lon="13.925244">
				<ele>281.7</ele>
				<time>2026-09-04T14:12:49Z</time>
			</trkpt>
			<trkpt lat="48.415837" lon="13.925754">
				<ele>281.81</ele>
				<time>2026-09-04T14:13:03Z</time>
			</trkpt>
			<trkpt lat="48.415429" lon="13.926088">
				<ele>282.04</ele>
				<time>2026-09-04T14:13:13Z</time>
			</trkpt>
			<trkpt lat="48.415075" lon="13.92633">
				<ele>282.32</ele>
				<time>2026-09-04T14:13:21Z</time>
			</trkpt>
			<trkpt lat="48.415075" lon="13.92633">
				<ele>282.31</ele>
				<time>2026-09-04T14:13:22Z</time>
			</trkpt>
			<trkpt lat="48.414939" lon="13.926438">
				<ele>282.42</ele>
				<time>2026-09-04T14:13:25Z</time>
			</trkpt>
			<trkpt lat="48.414643" lon="13.926776">
				<ele>281.43</ele>
				<time>2026-09-04T14:13:32Z</time>
			</trkpt>
			<trkpt lat="48.414504" lon="13.926978">
				<ele>281.71</ele>
				<time>2026-09-04T14:13:36Z</time>
			</trkpt>
			<trkpt lat="48.414316" lon="13.927322">
				<ele>281.8</ele>
				<time>2026-09-04T14:13:41Z</time>
			</trkpt>
			<trkpt lat="48.414088" lon="13.927626">
				<ele>281.71</ele>
				<time>2026-09-04T14:13:46Z</time>
			</trkpt>
			<trkpt lat="48.413857" lon="13.927834">
				<ele>281</ele>
				<time>2026-09-04T14:13:51Z</time>
			</trkpt>
			<trkpt lat="48.413417" lon="13.928044">
				<ele>281.58</ele>
				<time>2026-09-04T14:13:59Z</time>
			</trkpt>
			<trkpt lat="48.413251" lon="13.928142">
				<ele>281.86</ele>
				<time>2026-09-04T14:14:02Z</time>
			</trkpt>
			<trkpt lat="48.413047" lon="13.928364">
				<ele>281.99</ele>
				<time>2026-09-04T14:14:07Z</time>
			</trkpt>
			<trkpt lat="48.412805" lon="13.92868">
				<ele>281.71</ele>
				<time>2026-09-04T14:14:13Z</time>
			</trkpt>
			<trkpt lat="48.412237" lon="13.929514">
				<ele>281.67</ele>
				<time>2026-09-04T14:14:26Z</time>
			</trkpt>
			<trkpt lat="48.411782" lon="13.930064">
				<ele>281.2</ele>
				<time>2026-09-04T14:14:37Z</time>
			</trkpt>
			<trkpt lat="48.411668" lon="13.930126">
				<ele>281.72</ele>
				<time>2026-09-04T14:14:40Z</time>
			</trkpt>
			<trkpt lat="48.411668" lon="13.930126">
				<ele>281.72</ele>
				<time>2026-09-04T14:14:41Z</time>
			</trkpt>
			<trkpt lat="48.411459" lon="13.930258">
				<ele>282.66</ele>
				<time>2026-09-04T14:14:45Z</time>
			</trkpt>
			<trkpt lat="48.411011" lon="13.930562">
				<ele>281.26</ele>
				<time>2026-09-04T14:14:55Z</time>
			</trkpt>
			<trkpt lat="48.410271" lon="13.930992">
				<ele>282.77</ele>
				<time>2026-09-04T14:15:10Z</time>
			</trkpt>
			<trkpt lat="48.409879" lon="13.931198">
				<ele>282.46</ele>
				<time>2026-09-04T14:15:18Z</time>
			</trkpt>
			<trkpt lat="48.409532" lon="13.931424">
				<ele>281.75</ele>
				<time>2026-09-04T14:15:26Z</time>
			</trkpt>
			<trkpt lat="48.408654" lon="13.932018">
				<ele>282.3</ele>
				<time>2026-09-04T14:15:44Z</time>
			</trkpt>
			<trkpt lat="48.408141" lon="13.932322">
				<ele>281.85</ele>
				<time>2026-09-04T14:15:54Z</time>
			</trkpt>
			<trkpt lat="48.407701" lon="13.932632">
				<ele>281.13</ele>
				<time>2026-09-04T14:16:04Z</time>
			</trkpt>
			<trkpt lat="48.407223" lon="13.933086">
				<ele>281.88</ele>
				<time>2026-09-04T14:16:14Z</time>
			</trkpt>
			<trkpt lat="48.407143" lon="13.933176">
				<ele>281.84</ele>
				<time>2026-09-04T14:16:16Z</time>
			</trkpt>
			<trkpt lat="48.407143" lon="13.933176">
				<ele>281.84</ele>
				<time>2026-09-04T14:16:17Z</time>
			</trkpt>
			<trkpt lat="48.406699" lon="13.933678">
				<ele>281.62</ele>
				<time>2026-09-04T14:16:27Z</time>
			</trkpt>
			<trkpt lat="48.405487" lon="13.934944">
				<ele>281.74</ele>
				<time>2026-09-04T14:16:55Z</time>
			</trkpt>
			<trkpt lat="48.404505" lon="13.93601">
				<ele>281.32</ele>
				<time>2026-09-04T14:17:17Z</time>
			</trkpt>
			<trkpt lat="48.404119" lon="13.936548">
				<ele>281.44</ele>
				<time>2026-09-04T14:17:27Z</time>
			</trkpt>
			<trkpt lat="48.403742" lon="13.937114">
				<ele>281.5</ele>
				<time>2026-09-04T14:17:38Z</time>
			</trkpt>
			<trkpt lat="48.403257" lon="13.937914">
				<ele>281.28</ele>
				<time>2026-09-04T14:17:51Z</time>
			</trkpt>
			<trkpt lat="48.403059" lon="13.938348">
				<ele>281.48</ele>
				<time>2026-09-04T14:17:58Z</time>
			</trkpt>
			<trkpt lat="48.402888" lon="13.938746">
				<ele>281.3</ele>
				<time>2026-09-04T14:18:05Z</time>
			</trkpt>
			<trkpt lat="48.402889" lon="13.938748">
				<ele>281.3</ele>
				<time>2026-09-04T14:18:06Z</time>
			</trkpt>
			<trkpt lat="48.402509" lon="13.939748">
				<ele>281.22</ele>
				<time>2026-09-04T14:18:21Z</time>
			</trkpt>
			<trkpt lat="48.402211" lon="13.940742">
				<ele>281</ele>
				<time>2026-09-04T14:18:35Z</time>
			</trkpt>
			<trkpt lat="48.402107" lon="13.941174">
				<ele>281.34</ele>
				<time>2026-09-04T14:18:42Z</time>
			</trkpt>
			<trkpt lat="48.402043" lon="13.941576">
				<ele>281.42</ele>
				<time>2026-09-04T14:18:47Z</time>
			</trkpt>
			<trkpt lat="48.402051" lon="13.942052">
				<ele>281.67</ele>
				<time>2026-09-04T14:18:54Z</time>
			</trkpt>
			<trkpt lat="48.402111" lon="13.942682">
				<ele>281</ele>
				<time>2026-09-04T14:19:03Z</time>
			</trkpt>
			<trkpt lat="48.402182" lon="13.943184">
				<ele>281.25</ele>
				<time>2026-09-04T14:19:09Z</time>
			</trkpt>
			<trkpt lat="48.402182" lon="13.943184">
				<ele>281.25</ele>
				<time>2026-09-04T14:19:10Z</time>
			</trkpt>
			<trkpt lat="48.402533" lon="13.944936">
				<ele>281.25</ele>
				<time>2026-09-04T14:19:35Z</time>
			</trkpt>
			<trkpt lat="48.403007" lon="13.946674">
				<ele>281</ele>
				<time>2026-09-04T14:20:00Z</time>
			</trkpt>
			<trkpt lat="48.403557" lon="13.948284">
				<ele>281.67</ele>
				<time>2026-09-04T14:20:25Z</time>
			</trkpt>
			<trkpt lat="48.403831" lon="13.948902">
				<ele>281.4</ele>
				<time>2026-09-04T14:20:34Z</time>
			</trkpt>
			<trkpt lat="48.404196" lon="13.949612">
				<ele>281.75</ele>
				<time>2026-09-04T14:20:46Z</time>
			</trkpt>
			<trkpt lat="48.404515" lon="13.9501">
				<ele>281.4</ele>
				<time>2026-09-04T14:20:56Z</time>
			</trkpt>
			<trkpt lat="48.404515" lon="13.9501">
				<ele>281.4</ele>
				<time>2026-09-04T14:20:57Z</time>
			</trkpt>
			<trkpt lat="48.404608" lon="13.950246">
				<ele>281.3</ele>
				<time>2026-09-04T14:21:00Z</time>
			</trkpt>
			<trkpt lat="48.405104" lon="13.950848">
				<ele>281.47</ele>
				<time>2026-09-04T14:21:12Z</time>
			</trkpt>
			<trkpt lat="48.405866" lon="13.951502">
				<ele>281.63</ele>
				<time>2026-09-04T14:21:30Z</time>
			</trkpt>
			<trkpt lat="48.406639" lon="13.952158">
				<ele>281.13</ele>
				<time>2026-09-04T14:21:48Z</time>
			</trkpt>
			<trkpt lat="48.407195" lon="13.95252">
				<ele>281.16</ele>
				<time>2026-09-04T14:22:00Z</time>
			</trkpt>
			<trkpt lat="48.408346" lon="13.953182">
				<ele>281.84</ele>
				<time>2026-09-04T14:22:25Z</time>
			</trkpt>
			<trkpt lat="48.408346" lon="13.953182">
				<ele>281.84</ele>
				<time>2026-09-04T14:22:26Z</time>
			</trkpt>
			<trkpt lat="48.408642" lon="13.953354">
				<ele>283.17</ele>
				<time>2026-09-04T14:22:32Z</time>
			</trkpt>
			<trkpt lat="48.409726" lon="13.953622">
				<ele>281</ele>
				<time>2026-09-04T14:22:55Z</time>
			</trkpt>
			<trkpt lat="48.411352" lon="13.954014">
				<ele>281.82</ele>
				<time>2026-09-04T14:23:28Z</time>
			</trkpt>
			<trkpt lat="48.411884" lon="13.954078">
				<ele>284.94</ele>
				<time>2026-09-04T14:23:39Z</time>
			</trkpt>
			<trkpt lat="48.412416" lon="13.954132">
				<ele>281.52</ele>
				<time>2026-09-04T14:23:50Z</time>
			</trkpt>
			<trkpt lat="48.412895" lon="13.95434">
				<ele>282.68</ele>
				<time>2026-09-04T14:23:59Z</time>
			</trkpt>
			<trkpt lat="48.413613" lon="13.954666">
				<ele>281.35</ele>
				<time>2026-09-04T14:24:14Z</time>
			</trkpt>
			<trkpt lat="48.413819" lon="13.954828">
				<ele>281.66</ele>
				<time>2026-09-04T14:24:19Z</time>
			</trkpt>
			<trkpt lat="48.413819" lon="13.954828">
				<ele>281.66</ele>
				<time>2026-09-04T14:24:20Z</time>
			</trkpt>
			<trkpt lat="48.414604" lon="13.955458">
				<ele>282.82</ele>
				<time>2026-09-04T14:24:37Z</time>
			</trkpt>
			<trkpt lat="48.414869" lon="13.955658">
				<ele>281.15</ele>
				<time>2026-09-04T14:24:43Z</time>
			</trkpt>
			<trkpt lat="48.415399" lon="13.956078">
				<ele>281.49</ele>
				<time>2026-09-04T14:24:54Z</time>
			</trkpt>
			<trkpt lat="48.415719" lon="13.956618">
				<ele>281.24</ele>
				<time>2026-09-04T14:25:03Z</time>
			</trkpt>
			<trkpt lat="48.416002" lon="13.957234">
				<ele>281.13</ele>
				<time>2026-09-04T14:25:12Z</time>
			</trkpt>
			<trkpt lat="48.416094" lon="13.957748">
				<ele>281.06</ele>
				<time>2026-09-04T14:25:17Z</time>
			</trkpt>
			<trkpt lat="48.416094" lon="13.957748">
				<ele>281.06</ele>
				<time>2026-09-04T14:25:18Z</time>
			</trkpt>
			<trkpt lat="48.416128" lon="13.957936">
				<ele>281.03</ele>
				<time>2026-09-04T14:25:20Z</time>
			</trkpt>
			<trkpt lat="48.416185" lon="13.95859">
				<ele>281.44</ele>
				<time>2026-09-04T14:25:27Z</time>
			</trkpt>
			<trkpt lat="48.416185" lon="13.95859">
				<ele>281.45</ele>
				<time>2026-09-04T14:25:28Z</time>
			</trkpt>
			<trkpt lat="48.416191" lon="13.958652">
				<ele>281.48</ele>
				<time>2026-09-04T14:25:29Z</time>
			</trkpt>
			<trkpt lat="48.416169" lon="13.959218">
				<ele>281.35</ele>
				<time>2026-09-04T14:25:36Z</time>
			</trkpt>
			<trkpt lat="48.416137" lon="13.959584">
				<ele>281</ele>
				<time>2026-09-04T14:25:41Z</time>
			</trkpt>
			<trkpt lat="48.416085" lon="13.95994">
				<ele>281.41</ele>
				<time>2026-09-04T14:25:45Z</time>
			</trkpt>
			<trkpt lat="48.415854" lon="13.961358">
				<ele>281.46</ele>
				<time>2026-09-04T14:26:03Z</time>
			</trkpt>
			<trkpt lat="48.415282" lon="13.965034">
				<ele>281.44</ele>
				<time>2026-09-04T14:26:52Z</time>
			</trkpt>
			<trkpt lat="48.415021" lon="13.967062">
				<ele>281.62</ele>
				<time>2026-09-04T14:27:19Z</time>
			</trkpt>
			<trkpt lat="48.415019" lon="13.967178">
				<ele>281.51</ele>
				<time>2026-09-04T14:27:20Z</time>
			</trkpt>
			<trkpt lat="48.415013" lon="13.967176">
				<ele>293.600006</ele>
				<time>2026-09-04T14:27:21Z</time>
			</trkpt>
			<trkpt lat="48.415008" lon="13.967256">
				<ele>293.600006</ele>
				<time>2026-09-04T14:27:23Z</time>
			</trkpt>
			<trkpt lat="48.415003" lon="13.967336">
				<ele>293.600006</ele>
				<time>2026-09-04T14:27:24Z</time>
			</trkpt>
			<trkpt lat="48.414999" lon="13.967418">
				<ele>293.600006</ele>
				<time>2026-09-04T14:27:26Z</time>
			</trkpt>
			<trkpt lat="48.414997" lon="13.967504">
				<ele>293.600006</ele>
				<time>2026-09-04T14:27:28Z</time>
			</trkpt>
			<trkpt lat="48.414993" lon="13.967586">
				<ele>293.600006</ele>
				<time>2026-09-04T14:27:30Z</time>
			</trkpt>
			<trkpt lat="48.414986" lon="13.967672">
				<ele>293.399994</ele>
				<time>2026-09-04T14:27:32Z</time>
			</trkpt>
			<trkpt lat="48.414982" lon="13.967754">
				<ele>293.399994</ele>
				<time>2026-09-04T14:27:34Z</time>
			</trkpt>
			<trkpt lat="48.414985" lon="13.96783">
				<ele>293.399994</ele>
				<time>2026-09-04T14:27:35Z</time>
			</trkpt>
			<trkpt lat="48.414978" lon="13.967926">
				<ele>293.399994</ele>
				<time>2026-09-04T14:27:37Z</time>
			</trkpt>
			<trkpt lat="48.414979" lon="13.968008">
				<ele>293.399994</ele>
				<time>2026-09-04T14:27:39Z</time>
			</trkpt>
			<trkpt lat="48.414989" lon="13.968088">
				<ele>293.399994</ele>
				<time>2026-09-04T14:27:40Z</time>
			</trkpt>
			<trkpt lat="48.414976" lon="13.968172">
				<ele>293.399994</ele>
				<time>2026-09-04T14:27:41Z</time>
			</trkpt>
			<trkpt lat="48.414976" lon="13.968252">
				<ele>293.399994</ele>
				<time>2026-09-04T14:27:42Z</time>
			</trkpt>
			<trkpt lat="48.414979" lon="13.968348">
				<ele>293.399994</ele>
				<time>2026-09-04T14:27:43Z</time>
			</trkpt>
			<trkpt lat="48.414983" lon="13.968426">
				<ele>293.399994</ele>
				<time>2026-09-04T14:27:44Z</time>
			</trkpt>
			<trkpt lat="48.414986" lon="13.968502">
				<ele>293.399994</ele>
				<time>2026-09-04T14:27:45Z</time>
			</trkpt>
			<trkpt lat="48.414991" lon="13.968582">
				<ele>293.399994</ele>
				<time>2026-09-04T14:27:46Z</time>
			</trkpt>
			<trkpt lat="48.415002" lon="13.968674">
				<ele>293.399994</ele>
				<time>2026-09-04T14:27:48Z</time>
			</trkpt>
			<trkpt lat="48.415012" lon="13.968754">
				<ele>293.399994</ele>
				<time>2026-09-04T14:27:49Z</time>
			</trkpt>
			<trkpt lat="48.415024" lon="13.968838">
				<ele>293.399994</ele>
				<time>2026-09-04T14:27:50Z</time>
			</trkpt>
			<trkpt lat="48.415045" lon="13.96891">
				<ele>293.399994</ele>
				<time>2026-09-04T14:27:51Z</time>
			</trkpt>
			<trkpt lat="48.415051" lon="13.969002">
				<ele>293.399994</ele>
				<time>2026-09-04T14:27:52Z</time>
			</trkpt>
			<trkpt lat="48.415062" lon="13.969084">
				<ele>293.399994</ele>
				<time>2026-09-04T14:27:53Z</time>
			</trkpt>
			<trkpt lat="48.415077" lon="13.969164">
				<ele>293.399994</ele>
				<time>2026-09-04T14:27:54Z</time>
			</trkpt>
			<trkpt lat="48.415092" lon="13.969254">
				<ele>293.399994</ele>
				<time>2026-09-04T14:27:56Z</time>
			</trkpt>
			<trkpt lat="48.415103" lon="13.969336">
				<ele>293.399994</ele>
				<time>2026-09-04T14:27:57Z</time>
			</trkpt>
			<trkpt lat="48.415112" lon="13.969424">
				<ele>293.399994</ele>
				<time>2026-09-04T14:27:58Z</time>
			</trkpt>
			<trkpt lat="48.415135" lon="13.96958">
				<ele>293.399994</ele>
				<time>2026-09-04T14:27:59Z</time>
			</trkpt>
			<trkpt lat="48.415149" lon="13.969668">
				<ele>293.399994</ele>
				<time>2026-09-04T14:28:01Z</time>
			</trkpt>
			<trkpt lat="48.415165" lon="13.96974">
				<ele>293.399994</ele>
				<time>2026-09-04T14:28:02Z</time>
			</trkpt>
			<trkpt lat="48.415186" lon="13.969812">
				<ele>293.600006</ele>
				<time>2026-09-04T14:28:03Z</time>
			</trkpt>
			<trkpt lat="48.415194" lon="13.969898">
				<ele>293.600006</ele>
				<time>2026-09-04T14:28:04Z</time>
			</trkpt>
			<trkpt lat="48.415208" lon="13.969966">
				<ele>293.600006</ele>
				<time>2026-09-04T14:28:05Z</time>
			</trkpt>
			<trkpt lat="48.415223" lon="13.970036">
				<ele>293.600006</ele>
				<time>2026-09-04T14:28:06Z</time>
			</trkpt>
			<trkpt lat="48.415239" lon="13.970118">
				<ele>293.600006</ele>
				<time>2026-09-04T14:28:07Z</time>
			</trkpt>
			<trkpt lat="48.415255" lon="13.97018">
				<ele>293.600006</ele>
				<time>2026-09-04T14:28:08Z</time>
			</trkpt>
			<trkpt lat="48.415269" lon="13.970258">
				<ele>293.600006</ele>
				<time>2026-09-04T14:28:09Z</time>
			</trkpt>
			<trkpt lat="48.415285" lon="13.97033">
				<ele>293.600006</ele>
				<time>2026-09-04T14:28:10Z</time>
			</trkpt>
			<trkpt lat="48.415304" lon="13.970418">
				<ele>293.600006</ele>
				<time>2026-09-04T14:28:12Z</time>
			</trkpt>
			<trkpt lat="48.415316" lon="13.970492">
				<ele>293.600006</ele>
				<time>2026-09-04T14:28:13Z</time>
			</trkpt>
			<trkpt lat="48.415318" lon="13.970586">
				<ele>293.600006</ele>
				<time>2026-09-04T14:28:14Z</time>
			</trkpt>
			<trkpt lat="48.415324" lon="13.970668">
				<ele>293.600006</ele>
				<time>2026-09-04T14:28:15Z</time>
			</trkpt>
			<trkpt lat="48.415337" lon="13.970744">
				<ele>293.600006</ele>
				<time>2026-09-04T14:28:16Z</time>
			</trkpt>
			<trkpt lat="48.415355" lon="13.97082">
				<ele>293.600006</ele>
				<time>2026-09-04T14:28:17Z</time>
			</trkpt>
			<trkpt lat="48.415375" lon="13.9709">
				<ele>293.600006</ele>
				<time>2026-09-04T14:28:18Z</time>
			</trkpt>
			<trkpt lat="48.415383" lon="13.970986">
				<ele>293.600006</ele>
				<time>2026-09-04T14:28:20Z</time>
			</trkpt>
			<trkpt lat="48.415394" lon="13.971068">
				<ele>293.600006</ele>
				<time>2026-09-04T14:28:21Z</time>
			</trkpt>
			<trkpt lat="48.415411" lon="13.971142">
				<ele>293.399994</ele>
				<time>2026-09-04T14:28:22Z</time>
			</trkpt>
			<trkpt lat="48.415426" lon="13.971222">
				<ele>293.399994</ele>
				<time>2026-09-04T14:28:23Z</time>
			</trkpt>
			<trkpt lat="48.415441" lon="13.971312">
				<ele>293.399994</ele>
				<time>2026-09-04T14:28:24Z</time>
			</trkpt>
			<trkpt lat="48.415453" lon="13.971396">
				<ele>293.399994</ele>
				<time>2026-09-04T14:28:25Z</time>
			</trkpt>
			<trkpt lat="48.415464" lon="13.971478">
				<ele>293.399994</ele>
				<time>2026-09-04T14:28:26Z</time>
			</trkpt>
			<trkpt lat="48.415476" lon="13.971562">
				<ele>293.399994</ele>
				<time>2026-09-04T14:28:27Z</time>
			</trkpt>
			<trkpt lat="48.415492" lon="13.971634">
				<ele>293.399994</ele>
				<time>2026-09-04T14:28:28Z</time>
			</trkpt>
			<trkpt lat="48.415508" lon="13.971716">
				<ele>293.399994</ele>
				<time>2026-09-04T14:28:29Z</time>
			</trkpt>
			<trkpt lat="48.415524" lon="13.971808">
				<ele>293.399994</ele>
				<time>2026-09-04T14:28:30Z</time>
			</trkpt>
			<trkpt lat="48.415539" lon="13.971888">
				<ele>293.399994</ele>
				<time>2026-09-04T14:28:31Z</time>
			</trkpt>
			<trkpt lat="48.415559" lon="13.971968">
				<ele>293.399994</ele>
				<time>2026-09-04T14:28:32Z</time>
			</trkpt>
			<trkpt lat="48.415581" lon="13.972032">
				<ele>293.399994</ele>
				<time>2026-09-04T14:28:33Z</time>
			</trkpt>
			<trkpt lat="48.415602" lon="13.972114">
				<ele>293.399994</ele>
				<time>2026-09-04T14:28:34Z</time>
			</trkpt>
			<trkpt lat="48.415623" lon="13.972196">
				<ele>293.399994</ele>
				<time>2026-09-04T14:28:36Z</time>
			</trkpt>
			<trkpt lat="48.415646" lon="13.972272">
				<ele>293.399994</ele>
				<time>2026-09-04T14:28:37Z</time>
			</trkpt>
			<trkpt lat="48.415668" lon="13.972346">
				<ele>293.200012</ele>
				<time>2026-09-04T14:28:38Z</time>
			</trkpt>
			<trkpt lat="48.415692" lon="13.972424">
				<ele>293.200012</ele>
				<time>2026-09-04T14:28:39Z</time>
			</trkpt>
			<trkpt lat="48.415748" lon="13.972576">
				<ele>293.200012</ele>
				<time>2026-09-04T14:28:40Z</time>
			</trkpt>
			<trkpt lat="48.415778" lon="13.972646">
				<ele>293.399994</ele>
				<time>2026-09-04T14:28:41Z</time>
			</trkpt>
			<trkpt lat="48.415805" lon="13.97271">
				<ele>293.399994</ele>
				<time>2026-09-04T14:28:42Z</time>
			</trkpt>
			<trkpt lat="48.415833" lon="13.972786">
				<ele>293.399994</ele>
				<time>2026-09-04T14:28:43Z</time>
			</trkpt>
			<trkpt lat="48.415867" lon="13.972854">
				<ele>293.399994</ele>
				<time>2026-09-04T14:28:44Z</time>
			</trkpt>
			<trkpt lat="48.415899" lon="13.972928">
				<ele>293.399994</ele>
				<time>2026-09-04T14:28:45Z</time>
			</trkpt>
			<trkpt lat="48.415931" lon="13.972992">
				<ele>293.399994</ele>
				<time>2026-09-04T14:28:46Z</time>
			</trkpt>
			<trkpt lat="48.415964" lon="13.973078">
				<ele>293.399994</ele>
				<time>2026-09-04T14:28:48Z</time>
			</trkpt>
			<trkpt lat="48.415992" lon="13.973134">
				<ele>293.399994</ele>
				<time>2026-09-04T14:28:49Z</time>
			</trkpt>
			<trkpt lat="48.416023" lon="13.973206">
				<ele>293.399994</ele>
				<time>2026-09-04T14:28:50Z</time>
			</trkpt>
			<trkpt lat="48.416057" lon="13.973254">
				<ele>293.399994</ele>
				<time>2026-09-04T14:28:51Z</time>
			</trkpt>
			<trkpt lat="48.416092" lon="13.973304">
				<ele>293.399994</ele>
				<time>2026-09-04T14:28:52Z</time>
			</trkpt>
			<trkpt lat="48.416126" lon="13.973352">
				<ele>293.399994</ele>
				<time>2026-09-04T14:28:53Z</time>
			</trkpt>
			<trkpt lat="48.416161" lon="13.973402">
				<ele>293.399994</ele>
				<time>2026-09-04T14:28:54Z</time>
			</trkpt>
			<trkpt lat="48.416197" lon="13.973444">
				<ele>293.399994</ele>
				<time>2026-09-04T14:28:55Z</time>
			</trkpt>
			<trkpt lat="48.416231" lon="13.973482">
				<ele>293.399994</ele>
				<time>2026-09-04T14:28:56Z</time>
			</trkpt>
			<trkpt lat="48.416265" lon="13.97351">
				<ele>293.399994</ele>
				<time>2026-09-04T14:28:57Z</time>
			</trkpt>
			<trkpt lat="48.416303" lon="13.973556">
				<ele>293.399994</ele>
				<time>2026-09-04T14:28:58Z</time>
			</trkpt>
			<trkpt lat="48.416338" lon="13.973586">
				<ele>293.399994</ele>
				<time>2026-09-04T14:28:59Z</time>
			</trkpt>
			<trkpt lat="48.416371" lon="13.973602">
				<ele>293.399994</ele>
				<time>2026-09-04T14:29:00Z</time>
			</trkpt>
			<trkpt lat="48.416408" lon="13.973646">
				<ele>293.399994</ele>
				<time>2026-09-04T14:29:01Z</time>
			</trkpt>
			<trkpt lat="48.416449" lon="13.973678">
				<ele>293.200012</ele>
				<time>2026-09-04T14:29:02Z</time>
			</trkpt>
			<trkpt lat="48.416492" lon="13.973724">
				<ele>293.200012</ele>
				<time>2026-09-04T14:29:03Z</time>
			</trkpt>
			<trkpt lat="48.416537" lon="13.973754">
				<ele>293.200012</ele>
				<time>2026-09-04T14:29:04Z</time>
			</trkpt>
			<trkpt lat="48.416582" lon="13.973794">
				<ele>293.200012</ele>
				<time>2026-09-04T14:29:05Z</time>
			</trkpt>
			<trkpt lat="48.416626" lon="13.973842">
				<ele>293.200012</ele>
				<time>2026-09-04T14:29:06Z</time>
			</trkpt>
			<trkpt lat="48.416676" lon="13.973882">
				<ele>293.200012</ele>
				<time>2026-09-04T14:29:07Z</time>
			</trkpt>
			<trkpt lat="48.416712" lon="13.973934">
				<ele>293.399994</ele>
				<time>2026-09-04T14:29:08Z</time>
			</trkpt>
			<trkpt lat="48.416753" lon="13.973986">
				<ele>293.399994</ele>
				<time>2026-09-04T14:29:09Z</time>
			</trkpt>
			<trkpt lat="48.416793" lon="13.974046">
				<ele>293.399994</ele>
				<time>2026-09-04T14:29:10Z</time>
			</trkpt>
			<trkpt lat="48.416832" lon="13.974104">
				<ele>293.600006</ele>
				<time>2026-09-04T14:29:11Z</time>
			</trkpt>
			<trkpt lat="48.416872" lon="13.974154">
				<ele>293.600006</ele>
				<time>2026-09-04T14:29:12Z</time>
			</trkpt>
			<trkpt lat="48.416913" lon="13.974226">
				<ele>293.600006</ele>
				<time>2026-09-04T14:29:13Z</time>
			</trkpt>
			<trkpt lat="48.416952" lon="13.974284">
				<ele>293.600006</ele>
				<time>2026-09-04T14:29:14Z</time>
			</trkpt>
			<trkpt lat="48.416993" lon="13.974346">
				<ele>293.600006</ele>
				<time>2026-09-04T14:29:15Z</time>
			</trkpt>
			<trkpt lat="48.417034" lon="13.974408">
				<ele>293.600006</ele>
				<time>2026-09-04T14:29:16Z</time>
			</trkpt>
			<trkpt lat="48.417075" lon="13.97446">
				<ele>293.600006</ele>
				<time>2026-09-04T14:29:17Z</time>
			</trkpt>
			<trkpt lat="48.417118" lon="13.974526">
				<ele>293.600006</ele>
				<time>2026-09-04T14:29:19Z</time>
			</trkpt>
			<trkpt lat="48.417201" lon="13.974662">
				<ele>293.600006</ele>
				<time>2026-09-04T14:29:20Z</time>
			</trkpt>
			<trkpt lat="48.417243" lon="13.974736">
				<ele>293.399994</ele>
				<time>2026-09-04T14:29:21Z</time>
			</trkpt>
			<trkpt lat="48.417285" lon="13.97481">
				<ele>293.399994</ele>
				<time>2026-09-04T14:29:23Z</time>
			</trkpt>
			<trkpt lat="48.417327" lon="13.974884">
				<ele>293.399994</ele>
				<time>2026-09-04T14:29:24Z</time>
			</trkpt>
			<trkpt lat="48.417369" lon="13.974958">
				<ele>293.399994</ele>
				<time>2026-09-04T14:29:25Z</time>
			</trkpt>
			<trkpt lat="48.417414" lon="13.975018">
				<ele>293.399994</ele>
				<time>2026-09-04T14:29:26Z</time>
			</trkpt>
			<trkpt lat="48.417459" lon="13.975078">
				<ele>293.399994</ele>
				<time>2026-09-04T14:29:27Z</time>
			</trkpt>
			<trkpt lat="48.417502" lon="13.975144">
				<ele>293.399994</ele>
				<time>2026-09-04T14:29:29Z</time>
			</trkpt>
			<trkpt lat="48.417545" lon="13.97521">
				<ele>293.399994</ele>
				<time>2026-09-04T14:29:30Z</time>
			</trkpt>
			<trkpt lat="48.417595" lon="13.97528">
				<ele>293.399994</ele>
				<time>2026-09-04T14:29:31Z</time>
			</trkpt>
			<trkpt lat="48.417632" lon="13.975344">
				<ele>293.399994</ele>
				<time>2026-09-04T14:29:32Z</time>
			</trkpt>
			<trkpt lat="48.417673" lon="13.975416">
				<ele>293.399994</ele>
				<time>2026-09-04T14:29:33Z</time>
			</trkpt>
			<trkpt lat="48.417715" lon="13.97548">
				<ele>293.399994</ele>
				<time>2026-09-04T14:29:34Z</time>
			</trkpt>
			<trkpt lat="48.417757" lon="13.975544">
				<ele>293.399994</ele>
				<time>2026-09-04T14:29:35Z</time>
			</trkpt>
			<trkpt lat="48.417799" lon="13.975618">
				<ele>293.399994</ele>
				<time>2026-09-04T14:29:37Z</time>
			</trkpt>
			<trkpt lat="48.417846" lon="13.975692">
				<ele>293.399994</ele>
				<time>2026-09-04T14:29:38Z</time>
			</trkpt>
			<trkpt lat="48.417878" lon="13.975776">
				<ele>293.399994</ele>
				<time>2026-09-04T14:29:39Z</time>
			</trkpt>
			<trkpt lat="48.417916" lon="13.975842">
				<ele>293.399994</ele>
				<time>2026-09-04T14:29:41Z</time>
			</trkpt>
			<trkpt lat="48.417954" lon="13.975928">
				<ele>293.399994</ele>
				<time>2026-09-04T14:29:42Z</time>
			</trkpt>
			<trkpt lat="48.417994" lon="13.976008">
				<ele>293.399994</ele>
				<time>2026-09-04T14:29:43Z</time>
			</trkpt>
			<trkpt lat="48.418029" lon="13.976078">
				<ele>293.200012</ele>
				<time>2026-09-04T14:29:45Z</time>
			</trkpt>
			<trkpt lat="48.418067" lon="13.976154">
				<ele>293.200012</ele>
				<time>2026-09-04T14:29:46Z</time>
			</trkpt>
			<trkpt lat="48.418105" lon="13.97623">
				<ele>293.200012</ele>
				<time>2026-09-04T14:29:47Z</time>
			</trkpt>
			<trkpt lat="48.418143" lon="13.976306">
				<ele>293.200012</ele>
				<time>2026-09-04T14:29:48Z</time>
			</trkpt>
			<trkpt lat="48.418175" lon="13.97638">
				<ele>293.200012</ele>
				<time>2026-09-04T14:29:49Z</time>
			</trkpt>
			<trkpt lat="48.418212" lon="13.976464">
				<ele>293.200012</ele>
				<time>2026-09-04T14:29:51Z</time>
			</trkpt>
			<trkpt lat="48.418248" lon="13.976546">
				<ele>293.200012</ele>
				<time>2026-09-04T14:29:52Z</time>
			</trkpt>
			<trkpt lat="48.418281" lon="13.976622">
				<ele>293.200012</ele>
				<time>2026-09-04T14:29:53Z</time>
			</trkpt>
			<trkpt lat="48.418314" lon="13.976708">
				<ele>293.200012</ele>
				<time>2026-09-04T14:29:54Z</time>
			</trkpt>
			<trkpt lat="48.418334" lon="13.976788">
				<ele>293.200012</ele>
				<time>2026-09-04T14:29:55Z</time>
			</trkpt>
			<trkpt lat="48.418357" lon="13.976864">
				<ele>293.200012</ele>
				<time>2026-09-04T14:29:56Z</time>
			</trkpt>
			<trkpt lat="48.418388" lon="13.976956">
				<ele>293.200012</ele>
				<time>2026-09-04T14:29:57Z</time>
			</trkpt>
			<trkpt lat="48.418404" lon="13.977038">
				<ele>293.200012</ele>
				<time>2026-09-04T14:29:59Z</time>
			</trkpt>
			<trkpt lat="48.418431" lon="13.977112">
				<ele>293.200012</ele>
				<time>2026-09-04T14:30:00Z</time>
			</trkpt>
			<trkpt lat="48.418481" lon="13.977282">
				<ele>293.200012</ele>
				<time>2026-09-04T14:30:01Z</time>
			</trkpt>
			<trkpt lat="48.418506" lon="13.977372">
				<ele>293.200012</ele>
				<time>2026-09-04T14:30:03Z</time>
			</trkpt>
			<trkpt lat="48.418532" lon="13.977454">
				<ele>293.200012</ele>
				<time>2026-09-04T14:30:04Z</time>
			</trkpt>
			<trkpt lat="48.418562" lon="13.977524">
				<ele>293.200012</ele>
				<time>2026-09-04T14:30:05Z</time>
			</trkpt>
			<trkpt lat="48.418596" lon="13.977602">
				<ele>293.200012</ele>
				<time>2026-09-04T14:30:06Z</time>
			</trkpt>
			<trkpt lat="48.418634" lon="13.977668">
				<ele>293.200012</ele>
				<time>2026-09-04T14:30:07Z</time>
			</trkpt>
			<trkpt lat="48.418675" lon="13.97773">
				<ele>293.200012</ele>
				<time>2026-09-04T14:30:09Z</time>
			</trkpt>
			<trkpt lat="48.418717" lon="13.977794">
				<ele>293.200012</ele>
				<time>2026-09-04T14:30:10Z</time>
			</trkpt>
			<trkpt lat="48.418758" lon="13.977856">
				<ele>293.200012</ele>
				<time>2026-09-04T14:30:11Z</time>
			</trkpt>
			<trkpt lat="48.418801" lon="13.977912">
				<ele>293.399994</ele>
				<time>2026-09-04T14:30:12Z</time>
			</trkpt>
			<trkpt lat="48.418838" lon="13.977986">
				<ele>293.399994</ele>
				<time>2026-09-04T14:30:14Z</time>
			</trkpt>
			<trkpt lat="48.418875" lon="13.97805">
				<ele>293.399994</ele>
				<time>2026-09-04T14:30:15Z</time>
			</trkpt>
			<trkpt lat="48.418911" lon="13.978122">
				<ele>293.399994</ele>
				<time>2026-09-04T14:30:16Z</time>
			</trkpt>
			<trkpt lat="48.418949" lon="13.978198">
				<ele>293.399994</ele>
				<time>2026-09-04T14:30:17Z</time>
			</trkpt>
			<trkpt lat="48.418981" lon="13.978272">
				<ele>293.399994</ele>
				<time>2026-09-04T14:30:18Z</time>
			</trkpt>
			<trkpt lat="48.419011" lon="13.978352">
				<ele>293.399994</ele>
				<time>2026-09-04T14:30:20Z</time>
			</trkpt>
			<trkpt lat="48.419041" lon="13.978432">
				<ele>293.399994</ele>
				<time>2026-09-04T14:30:21Z</time>
			</trkpt>
			<trkpt lat="48.419071" lon="13.978502">
				<ele>293.200012</ele>
				<time>2026-09-04T14:30:22Z</time>
			</trkpt>
			<trkpt lat="48.419102" lon="13.978584">
				<ele>293.200012</ele>
				<time>2026-09-04T14:30:23Z</time>
			</trkpt>
			<trkpt lat="48.419133" lon="13.978656">
				<ele>293.200012</ele>
				<time>2026-09-04T14:30:24Z</time>
			</trkpt>
			<trkpt lat="48.419166" lon="13.978732">
				<ele>293.200012</ele>
				<time>2026-09-04T14:30:26Z</time>
			</trkpt>
			<trkpt lat="48.419198" lon="13.978816">
				<ele>293.200012</ele>
				<time>2026-09-04T14:30:27Z</time>
			</trkpt>
			<trkpt lat="48.419229" lon="13.978898">
				<ele>293.200012</ele>
				<time>2026-09-04T14:30:28Z</time>
			</trkpt>
			<trkpt lat="48.419257" lon="13.978974">
				<ele>293.200012</ele>
				<time>2026-09-04T14:30:29Z</time>
			</trkpt>
			<trkpt lat="48.419286" lon="13.979052">
				<ele>293.200012</ele>
				<time>2026-09-04T14:30:30Z</time>
			</trkpt>
			<trkpt lat="48.419318" lon="13.979136">
				<ele>293.200012</ele>
				<time>2026-09-04T14:30:31Z</time>
			</trkpt>
			<trkpt lat="48.419351" lon="13.979202">
				<ele>293.200012</ele>
				<time>2026-09-04T14:30:32Z</time>
			</trkpt>
			<trkpt lat="48.419383" lon="13.979286">
				<ele>293.200012</ele>
				<time>2026-09-04T14:30:33Z</time>
			</trkpt>
			<trkpt lat="48.419416" lon="13.979362">
				<ele>293.200012</ele>
				<time>2026-09-04T14:30:34Z</time>
			</trkpt>
			<trkpt lat="48.419452" lon="13.979434">
				<ele>293.200012</ele>
				<time>2026-09-04T14:30:36Z</time>
			</trkpt>
			<trkpt lat="48.419485" lon="13.9795">
				<ele>293.200012</ele>
				<time>2026-09-04T14:30:37Z</time>
			</trkpt>
			<trkpt lat="48.419517" lon="13.979574">
				<ele>293.200012</ele>
				<time>2026-09-04T14:30:38Z</time>
			</trkpt>
			<trkpt lat="48.419547" lon="13.979644">
				<ele>293.200012</ele>
				<time>2026-09-04T14:30:39Z</time>
			</trkpt>
			<trkpt lat="48.419577" lon="13.979724">
				<ele>293.200012</ele>
				<time>2026-09-04T14:30:40Z</time>
			</trkpt>
			<trkpt lat="48.419616" lon="13.979792">
				<ele>293.200012</ele>
				<time>2026-09-04T14:30:41Z</time>
			</trkpt>
			<trkpt lat="48.419641" lon="13.979872">
				<ele>293.399994</ele>
				<time>2026-09-04T14:30:42Z</time>
			</trkpt>
			<trkpt lat="48.419665" lon="13.97995">
				<ele>293.200012</ele>
				<time>2026-09-04T14:30:43Z</time>
			</trkpt>
			<trkpt lat="48.419696" lon="13.980022">
				<ele>293.200012</ele>
				<time>2026-09-04T14:30:44Z</time>
			</trkpt>
			<trkpt lat="48.419726" lon="13.980102">
				<ele>293.200012</ele>
				<time>2026-09-04T14:30:45Z</time>
			</trkpt>
			<trkpt lat="48.419756" lon="13.980182">
				<ele>293.200012</ele>
				<time>2026-09-04T14:30:47Z</time>
			</trkpt>
			<trkpt lat="48.419784" lon="13.980268">
				<ele>293.200012</ele>
				<time>2026-09-04T14:30:48Z</time>
			</trkpt>
			<trkpt lat="48.419809" lon="13.980338">
				<ele>293.200012</ele>
				<time>2026-09-04T14:30:49Z</time>
			</trkpt>
			<trkpt lat="48.419836" lon="13.980412">
				<ele>293.200012</ele>
				<time>2026-09-04T14:30:50Z</time>
			</trkpt>
			<trkpt lat="48.419862" lon="13.980494">
				<ele>293.200012</ele>
				<time>2026-09-04T14:30:51Z</time>
			</trkpt>
			<trkpt lat="48.419898" lon="13.980576">
				<ele>293.200012</ele>
				<time>2026-09-04T14:30:53Z</time>
			</trkpt>
			<trkpt lat="48.419917" lon="13.980644">
				<ele>293.200012</ele>
				<time>2026-09-04T14:30:54Z</time>
			</trkpt>
			<trkpt lat="48.419947" lon="13.980724">
				<ele>293.200012</ele>
				<time>2026-09-04T14:30:55Z</time>
			</trkpt>
			<trkpt lat="48.419977" lon="13.980794">
				<ele>293.200012</ele>
				<time>2026-09-04T14:30:56Z</time>
			</trkpt>
			<trkpt lat="48.420007" lon="13.980874">
				<ele>293.200012</ele>
				<time>2026-09-04T14:30:57Z</time>
			</trkpt>
			<trkpt lat="48.420037" lon="13.980954">
				<ele>293.200012</ele>
				<time>2026-09-04T14:30:59Z</time>
			</trkpt>
			<trkpt lat="48.420066" lon="13.981032">
				<ele>293.200012</ele>
				<time>2026-09-04T14:31:00Z</time>
			</trkpt>
			<trkpt lat="48.420096" lon="13.981102">
				<ele>293.200012</ele>
				<time>2026-09-04T14:31:01Z</time>
			</trkpt>
			<trkpt lat="48.420122" lon="13.981184">
				<ele>293.200012</ele>
				<time>2026-09-04T14:31:02Z</time>
			</trkpt>
			<trkpt lat="48.420151" lon="13.981262">
				<ele>293.200012</ele>
				<time>2026-09-04T14:31:03Z</time>
			</trkpt>
			<trkpt lat="48.420183" lon="13.981336">
				<ele>293.399994</ele>
				<time>2026-09-04T14:31:05Z</time>
			</trkpt>
			<trkpt lat="48.420205" lon="13.98141">
				<ele>293.399994</ele>
				<time>2026-09-04T14:31:06Z</time>
			</trkpt>
			<trkpt lat="48.420233" lon="13.981486">
				<ele>293.399994</ele>
				<time>2026-09-04T14:31:07Z</time>
			</trkpt>
			<trkpt lat="48.420252" lon="13.981574">
				<ele>293.399994</ele>
				<time>2026-09-04T14:31:08Z</time>
			</trkpt>
			<trkpt lat="48.420263" lon="13.981666">
				<ele>293.399994</ele>
				<time>2026-09-04T14:31:09Z</time>
			</trkpt>
			<trkpt lat="48.420276" lon="13.981752">
				<ele>293.399994</ele>
				<time>2026-09-04T14:31:11Z</time>
			</trkpt>
			<trkpt lat="48.420291" lon="13.981832">
				<ele>293.399994</ele>
				<time>2026-09-04T14:31:12Z</time>
			</trkpt>
			<trkpt lat="48.420305" lon="13.98192">
				<ele>293.399994</ele>
				<time>2026-09-04T14:31:13Z</time>
			</trkpt>
			<trkpt lat="48.420318" lon="13.982006">
				<ele>293.399994</ele>
				<time>2026-09-04T14:31:14Z</time>
			</trkpt>
			<trkpt lat="48.420332" lon="13.982094">
				<ele>293.200012</ele>
				<time>2026-09-04T14:31:16Z</time>
			</trkpt>
			<trkpt lat="48.420345" lon="13.98217">
				<ele>293.200012</ele>
				<time>2026-09-04T14:31:17Z</time>
			</trkpt>
			<trkpt lat="48.420354" lon="13.982248">
				<ele>293.200012</ele>
				<time>2026-09-04T14:31:18Z</time>
			</trkpt>
			<trkpt lat="48.420357" lon="13.982324">
				<ele>293.200012</ele>
				<time>2026-09-04T14:31:19Z</time>
			</trkpt>
			<trkpt lat="48.420366" lon="13.982392">
				<ele>293.399994</ele>
				<time>2026-09-04T14:31:20Z</time>
			</trkpt>
			<trkpt lat="48.420368" lon="13.982466">
				<ele>293.200012</ele>
				<time>2026-09-04T14:31:21Z</time>
			</trkpt>
			<trkpt lat="48.420363" lon="13.982536">
				<ele>293.200012</ele>
				<time>2026-09-04T14:31:22Z</time>
			</trkpt>
			<trkpt lat="48.420365" lon="13.98267">
				<ele>293.200012</ele>
				<time>2026-09-04T14:31:23Z</time>
			</trkpt>
			<trkpt lat="48.420361" lon="13.982732">
				<ele>293.200012</ele>
				<time>2026-09-04T14:31:24Z</time>
			</trkpt>
			<trkpt lat="48.420359" lon="13.982798">
				<ele>293.200012</ele>
				<time>2026-09-04T14:31:25Z</time>
			</trkpt>
			<trkpt lat="48.420358" lon="13.982866">
				<ele>293.200012</ele>
				<time>2026-09-04T14:31:26Z</time>
			</trkpt>
			<trkpt lat="48.420357" lon="13.982914">
				<ele>293.200012</ele>
				<time>2026-09-04T14:31:27Z</time>
			</trkpt>
			<trkpt lat="48.420356" lon="13.982982">
				<ele>293.200012</ele>
				<time>2026-09-04T14:31:28Z</time>
			</trkpt>
			<trkpt lat="48.420352" lon="13.983034">
				<ele>293.200012</ele>
				<time>2026-09-04T14:31:29Z</time>
			</trkpt>
			<trkpt lat="48.420347" lon="13.983104">
				<ele>293.200012</ele>
				<time>2026-09-04T14:31:30Z</time>
			</trkpt>
			<trkpt lat="48.420341" lon="13.983162">
				<ele>293.200012</ele>
				<time>2026-09-04T14:31:31Z</time>
			</trkpt>
			<trkpt lat="48.420336" lon="13.983222">
				<ele>293.200012</ele>
				<time>2026-09-04T14:31:32Z</time>
			</trkpt>
			<trkpt lat="48.420329" lon="13.983288">
				<ele>293.200012</ele>
				<time>2026-09-04T14:31:33Z</time>
			</trkpt>
			<trkpt lat="48.420322" lon="13.983354">
				<ele>293.200012</ele>
				<time>2026-09-04T14:31:34Z</time>
			</trkpt>
			<trkpt lat="48.420316" lon="13.983412">
				<ele>293.200012</ele>
				<time>2026-09-04T14:31:35Z</time>
			</trkpt>
			<trkpt lat="48.420316" lon="13.983482">
				<ele>293.200012</ele>
				<time>2026-09-04T14:31:36Z</time>
			</trkpt>
			<trkpt lat="48.420317" lon="13.983554">
				<ele>293.200012</ele>
				<time>2026-09-04T14:31:37Z</time>
			</trkpt>
			<trkpt lat="48.420316" lon="13.983622">
				<ele>293</ele>
				<time>2026-09-04T14:31:38Z</time>
			</trkpt>
			<trkpt lat="48.420312" lon="13.983694">
				<ele>293</ele>
				<time>2026-09-04T14:31:39Z</time>
			</trkpt>
			<trkpt lat="48.420306" lon="13.983762">
				<ele>293</ele>
				<time>2026-09-04T14:31:40Z</time>
			</trkpt>
			<trkpt lat="48.420308" lon="13.983836">
				<ele>293</ele>
				<time>2026-09-04T14:31:41Z</time>
			</trkpt>
			<trkpt lat="48.420294" lon="13.983908">
				<ele>293</ele>
				<time>2026-09-04T14:31:42Z</time>
			</trkpt>
			<trkpt lat="48.420284" lon="13.983978">
				<ele>293</ele>
				<time>2026-09-04T14:31:43Z</time>
			</trkpt>
			<trkpt lat="48.420277" lon="13.984044">
				<ele>293</ele>
				<time>2026-09-04T14:31:44Z</time>
			</trkpt>
			<trkpt lat="48.420267" lon="13.984114">
				<ele>293</ele>
				<time>2026-09-04T14:31:45Z</time>
			</trkpt>
			<trkpt lat="48.420255" lon="13.98418">
				<ele>292.799988</ele>
				<time>2026-09-04T14:31:46Z</time>
			</trkpt>
			<trkpt lat="48.420243" lon="13.984256">
				<ele>292.799988</ele>
				<time>2026-09-04T14:31:47Z</time>
			</trkpt>
			<trkpt lat="48.420232" lon="13.984324">
				<ele>292.799988</ele>
				<time>2026-09-04T14:31:48Z</time>
			</trkpt>
			<trkpt lat="48.420222" lon="13.984394">
				<ele>292.799988</ele>
				<time>2026-09-04T14:31:49Z</time>
			</trkpt>
			<trkpt lat="48.420212" lon="13.984474">
				<ele>292.799988</ele>
				<time>2026-09-04T14:31:50Z</time>
			</trkpt>
			<trkpt lat="48.420195" lon="13.98454">
				<ele>292.799988</ele>
				<time>2026-09-04T14:31:51Z</time>
			</trkpt>
			<trkpt lat="48.420179" lon="13.984618">
				<ele>292.799988</ele>
				<time>2026-09-04T14:31:52Z</time>
			</trkpt>
			<trkpt lat="48.420164" lon="13.984678">
				<ele>292.799988</ele>
				<time>2026-09-04T14:31:53Z</time>
			</trkpt>
			<trkpt lat="48.420148" lon="13.984746">
				<ele>292.799988</ele>
				<time>2026-09-04T14:31:54Z</time>
			</trkpt>
			<trkpt lat="48.420137" lon="13.984804">
				<ele>292.799988</ele>
				<time>2026-09-04T14:31:55Z</time>
			</trkpt>
			<trkpt lat="48.420112" lon="13.984874">
				<ele>292.799988</ele>
				<time>2026-09-04T14:31:56Z</time>
			</trkpt>
			<trkpt lat="48.420093" lon="13.984936">
				<ele>292.799988</ele>
				<time>2026-09-04T14:31:57Z</time>
			</trkpt>
			<trkpt lat="48.420079" lon="13.984998">
				<ele>292.799988</ele>
				<time>2026-09-04T14:31:58Z</time>
			</trkpt>
			<trkpt lat="48.420064" lon="13.985058">
				<ele>292.600006</ele>
				<time>2026-09-04T14:31:59Z</time>
			</trkpt>
			<trkpt lat="48.420049" lon="13.985118">
				<ele>292.600006</ele>
				<time>2026-09-04T14:32:00Z</time>
			</trkpt>
			<trkpt lat="48.420033" lon="13.985166">
				<ele>292.600006</ele>
				<time>2026-09-04T14:32:01Z</time>
			</trkpt>
			<trkpt lat="48.420015" lon="13.98522">
				<ele>292.600006</ele>
				<time>2026-09-04T14:32:02Z</time>
			</trkpt>
			<trkpt lat="48.419974" lon="13.985338">
				<ele>292.600006</ele>
				<time>2026-09-04T14:32:03Z</time>
			</trkpt>
			<trkpt lat="48.419955" lon="13.9854">
				<ele>292.600006</ele>
				<time>2026-09-04T14:32:04Z</time>
			</trkpt>
			<trkpt lat="48.419937" lon="13.985464">
				<ele>292.600006</ele>
				<time>2026-09-04T14:32:05Z</time>
			</trkpt>
			<trkpt lat="48.419919" lon="13.985528">
				<ele>292.600006</ele>
				<time>2026-09-04T14:32:06Z</time>
			</trkpt>
			<trkpt lat="48.419899" lon="13.985598">
				<ele>292.600006</ele>
				<time>2026-09-04T14:32:07Z</time>
			</trkpt>
			<trkpt lat="48.419888" lon="13.985666">
				<ele>292.600006</ele>
				<time>2026-09-04T14:32:08Z</time>
			</trkpt>
			<trkpt lat="48.419858" lon="13.985726">
				<ele>292.600006</ele>
				<time>2026-09-04T14:32:09Z</time>
			</trkpt>
			<trkpt lat="48.419834" lon="13.985798">
				<ele>292.600006</ele>
				<time>2026-09-04T14:32:10Z</time>
			</trkpt>
			<trkpt lat="48.419816" lon="13.985862">
				<ele>292.399994</ele>
				<time>2026-09-04T14:32:11Z</time>
			</trkpt>
			<trkpt lat="48.419795" lon="13.98592">
				<ele>292.399994</ele>
				<time>2026-09-04T14:32:12Z</time>
			</trkpt>
			<trkpt lat="48.419773" lon="13.985996">
				<ele>292.399994</ele>
				<time>2026-09-04T14:32:13Z</time>
			</trkpt>
			<trkpt lat="48.419759" lon="13.986068">
				<ele>292.399994</ele>
				<time>2026-09-04T14:32:14Z</time>
			</trkpt>
			<trkpt lat="48.419728" lon="13.986136">
				<ele>292.399994</ele>
				<time>2026-09-04T14:32:15Z</time>
			</trkpt>
			<trkpt lat="48.419704" lon="13.986208">
				<ele>292.399994</ele>
				<time>2026-09-04T14:32:16Z</time>
			</trkpt>
			<trkpt lat="48.419679" lon="13.986268">
				<ele>292.200012</ele>
				<time>2026-09-04T14:32:17Z</time>
			</trkpt>
			<trkpt lat="48.419653" lon="13.986346">
				<ele>292.200012</ele>
				<time>2026-09-04T14:32:18Z</time>
			</trkpt>
			<trkpt lat="48.419627" lon="13.986404">
				<ele>292.200012</ele>
				<time>2026-09-04T14:32:19Z</time>
			</trkpt>
			<trkpt lat="48.419601" lon="13.986472">
				<ele>292.200012</ele>
				<time>2026-09-04T14:32:20Z</time>
			</trkpt>
			<trkpt lat="48.419578" lon="13.986546">
				<ele>292.200012</ele>
				<time>2026-09-04T14:32:21Z</time>
			</trkpt>
			<trkpt lat="48.419553" lon="13.986616">
				<ele>292.200012</ele>
				<time>2026-09-04T14:32:22Z</time>
			</trkpt>
			<trkpt lat="48.419553" lon="13.986616">
				<ele>292.200012</ele>
				<time>2026-09-04T14:32:23Z</time>
			</trkpt>
			<trkpt lat="48.419526" lon="13.986672">
				<ele>292.200012</ele>
				<time>2026-09-04T14:32:24Z</time>
			</trkpt>
			<trkpt lat="48.419495" lon="13.98674">
				<ele>292.200012</ele>
				<time>2026-09-04T14:32:25Z</time>
			</trkpt>
			<trkpt lat="48.419464" lon="13.986808">
				<ele>292.200012</ele>
				<time>2026-09-04T14:32:26Z</time>
			</trkpt>
			<trkpt lat="48.419435" lon="13.98687">
				<ele>292.200012</ele>
				<time>2026-09-04T14:32:27Z</time>
			</trkpt>
			<trkpt lat="48.419409" lon="13.986948">
				<ele>292.200012</ele>
				<time>2026-09-04T14:32:28Z</time>
			</trkpt>
			<trkpt lat="48.419381" lon="13.987012">
				<ele>292.200012</ele>
				<time>2026-09-04T14:32:29Z</time>
			</trkpt>
			<trkpt lat="48.419353" lon="13.987086">
				<ele>292.200012</ele>
				<time>2026-09-04T14:32:30Z</time>
			</trkpt>
			<trkpt lat="48.419322" lon="13.987154">
				<ele>292.200012</ele>
				<time>2026-09-04T14:32:31Z</time>
			</trkpt>
			<trkpt lat="48.419293" lon="13.987226">
				<ele>292.200012</ele>
				<time>2026-09-04T14:32:32Z</time>
			</trkpt>
			<trkpt lat="48.419263" lon="13.987286">
				<ele>292</ele>
				<time>2026-09-04T14:32:33Z</time>
			</trkpt>
			<trkpt lat="48.419234" lon="13.987358">
				<ele>292</ele>
				<time>2026-09-04T14:32:34Z</time>
			</trkpt>
			<trkpt lat="48.419203" lon="13.987426">
				<ele>292</ele>
				<time>2026-09-04T14:32:35Z</time>
			</trkpt>
			<trkpt lat="48.419173" lon="13.987486">
				<ele>292</ele>
				<time>2026-09-04T14:32:36Z</time>
			</trkpt>
			<trkpt lat="48.419143" lon="13.987546">
				<ele>292</ele>
				<time>2026-09-04T14:32:37Z</time>
			</trkpt>
			<trkpt lat="48.419115" lon="13.98761">
				<ele>292</ele>
				<time>2026-09-04T14:32:38Z</time>
			</trkpt>
			<trkpt lat="48.419083" lon="13.987686">
				<ele>292</ele>
				<time>2026-09-04T14:32:39Z</time>
			</trkpt>
			<trkpt lat="48.419055" lon="13.98775">
				<ele>292</ele>
				<time>2026-09-04T14:32:40Z</time>
			</trkpt>
			<trkpt lat="48.419016" lon="13.987812">
				<ele>292</ele>
				<time>2026-09-04T14:32:41Z</time>
			</trkpt>
			<trkpt lat="48.418983" lon="13.987886">
				<ele>292</ele>
				<time>2026-09-04T14:32:42Z</time>
			</trkpt>
			<trkpt lat="48.418951" lon="13.987942">
				<ele>292</ele>
				<time>2026-09-04T14:32:43Z</time>
			</trkpt>
			<trkpt lat="48.418889" lon="13.988078">
				<ele>292</ele>
				<time>2026-09-04T14:32:45Z</time>
			</trkpt>
			<trkpt lat="48.418858" lon="13.988146">
				<ele>292</ele>
				<time>2026-09-04T14:32:46Z</time>
			</trkpt>
			<trkpt lat="48.418826" lon="13.988202">
				<ele>291.799988</ele>
				<time>2026-09-04T14:32:47Z</time>
			</trkpt>
			<trkpt lat="48.418794" lon="13.988268">
				<ele>291.799988</ele>
				<time>2026-09-04T14:32:48Z</time>
			</trkpt>
			<trkpt lat="48.418761" lon="13.988322">
				<ele>291.799988</ele>
				<time>2026-09-04T14:32:49Z</time>
			</trkpt>
			<trkpt lat="48.418733" lon="13.988376">
				<ele>291.799988</ele>
				<time>2026-09-04T14:32:50Z</time>
			</trkpt>
			<trkpt lat="48.418706" lon="13.988432">
				<ele>291.799988</ele>
				<time>2026-09-04T14:32:51Z</time>
			</trkpt>
			<trkpt lat="48.418678" lon="13.988496">
				<ele>291.799988</ele>
				<time>2026-09-04T14:32:52Z</time>
			</trkpt>
			<trkpt lat="48.418648" lon="13.988556">
				<ele>291.799988</ele>
				<time>2026-09-04T14:32:53Z</time>
			</trkpt>
			<trkpt lat="48.418612" lon="13.988624">
				<ele>291.799988</ele>
				<time>2026-09-04T14:32:54Z</time>
			</trkpt>
			<trkpt lat="48.418577" lon="13.988684">
				<ele>291.799988</ele>
				<time>2026-09-04T14:32:55Z</time>
			</trkpt>
			<trkpt lat="48.418547" lon="13.988754">
				<ele>291.799988</ele>
				<time>2026-09-04T14:32:56Z</time>
			</trkpt>
			<trkpt lat="48.418515" lon="13.98881">
				<ele>291.799988</ele>
				<time>2026-09-04T14:32:57Z</time>
			</trkpt>
			<trkpt lat="48.418481" lon="13.988882">
				<ele>291.799988</ele>
				<time>2026-09-04T14:32:58Z</time>
			</trkpt>
			<trkpt lat="48.418445" lon="13.98894">
				<ele>291.799988</ele>
				<time>2026-09-04T14:32:59Z</time>
			</trkpt>
			<trkpt lat="48.418411" lon="13.989012">
				<ele>291.799988</ele>
				<time>2026-09-04T14:33:00Z</time>
			</trkpt>
			<trkpt lat="48.418379" lon="13.989088">
				<ele>291.799988</ele>
				<time>2026-09-04T14:33:01Z</time>
			</trkpt>
			<trkpt lat="48.418348" lon="13.989156">
				<ele>291.799988</ele>
				<time>2026-09-04T14:33:02Z</time>
			</trkpt>
			<trkpt lat="48.418316" lon="13.989222">
				<ele>291.600006</ele>
				<time>2026-09-04T14:33:03Z</time>
			</trkpt>
			<trkpt lat="48.418282" lon="13.989294">
				<ele>291.799988</ele>
				<time>2026-09-04T14:33:05Z</time>
			</trkpt>
			<trkpt lat="48.418251" lon="13.989362">
				<ele>291.799988</ele>
				<time>2026-09-04T14:33:06Z</time>
			</trkpt>
			<trkpt lat="48.418218" lon="13.989436">
				<ele>291.799988</ele>
				<time>2026-09-04T14:33:07Z</time>
			</trkpt>
			<trkpt lat="48.418185" lon="13.9895">
				<ele>291.799988</ele>
				<time>2026-09-04T14:33:08Z</time>
			</trkpt>
			<trkpt lat="48.418149" lon="13.989588">
				<ele>291.799988</ele>
				<time>2026-09-04T14:33:09Z</time>
			</trkpt>
			<trkpt lat="48.418115" lon="13.98964">
				<ele>291.799988</ele>
				<time>2026-09-04T14:33:10Z</time>
			</trkpt>
			<trkpt lat="48.418081" lon="13.989712">
				<ele>291.799988</ele>
				<time>2026-09-04T14:33:12Z</time>
			</trkpt>
			<trkpt lat="48.418046" lon="13.989782">
				<ele>291.799988</ele>
				<time>2026-09-04T14:33:13Z</time>
			</trkpt>
			<trkpt lat="48.418013" lon="13.989856">
				<ele>291.799988</ele>
				<time>2026-09-04T14:33:14Z</time>
			</trkpt>
			<trkpt lat="48.417981" lon="13.989922">
				<ele>291.799988</ele>
				<time>2026-09-04T14:33:15Z</time>
			</trkpt>
			<trkpt lat="48.417949" lon="13.989998">
				<ele>291.600006</ele>
				<time>2026-09-04T14:33:16Z</time>
			</trkpt>
			<trkpt lat="48.417917" lon="13.990064">
				<ele>291.600006</ele>
				<time>2026-09-04T14:33:17Z</time>
			</trkpt>
			<trkpt lat="48.417888" lon="13.990136">
				<ele>291.799988</ele>
				<time>2026-09-04T14:33:18Z</time>
			</trkpt>
			<trkpt lat="48.417858" lon="13.990206">
				<ele>291.799988</ele>
				<time>2026-09-04T14:33:20Z</time>
			</trkpt>
			<trkpt lat="48.417826" lon="13.990282">
				<ele>291.799988</ele>
				<time>2026-09-04T14:33:21Z</time>
			</trkpt>
			<trkpt lat="48.417795" lon="13.99035">
				<ele>291.799988</ele>
				<time>2026-09-04T14:33:22Z</time>
			</trkpt>
			<trkpt lat="48.417763" lon="13.990426">
				<ele>291.799988</ele>
				<time>2026-09-04T14:33:23Z</time>
			</trkpt>
			<trkpt lat="48.417732" lon="13.990494">
				<ele>291.799988</ele>
				<time>2026-09-04T14:33:24Z</time>
			</trkpt>
			<trkpt lat="48.417667" lon="13.990654">
				<ele>291.799988</ele>
				<time>2026-09-04T14:33:25Z</time>
			</trkpt>
			<trkpt lat="48.417633" lon="13.990726">
				<ele>291.799988</ele>
				<time>2026-09-04T14:33:27Z</time>
			</trkpt>
			<trkpt lat="48.417601" lon="13.990802">
				<ele>291.799988</ele>
				<time>2026-09-04T14:33:28Z</time>
			</trkpt>
			<trkpt lat="48.417568" lon="13.990886">
				<ele>291.799988</ele>
				<time>2026-09-04T14:33:29Z</time>
			</trkpt>
			<trkpt lat="48.417537" lon="13.990964">
				<ele>291.799988</ele>
				<time>2026-09-04T14:33:31Z</time>
			</trkpt>
			<trkpt lat="48.417504" lon="13.991048">
				<ele>291.799988</ele>
				<time>2026-09-04T14:33:32Z</time>
			</trkpt>
			<trkpt lat="48.417469" lon="13.991128">
				<ele>291.799988</ele>
				<time>2026-09-04T14:33:33Z</time>
			</trkpt>
			<trkpt lat="48.417434" lon="13.991208">
				<ele>291.799988</ele>
				<time>2026-09-04T14:33:34Z</time>
			</trkpt>
			<trkpt lat="48.417402" lon="13.991284">
				<ele>291.799988</ele>
				<time>2026-09-04T14:33:36Z</time>
			</trkpt>
			<trkpt lat="48.417368" lon="13.991356">
				<ele>291.799988</ele>
				<time>2026-09-04T14:33:37Z</time>
			</trkpt>
			<trkpt lat="48.417333" lon="13.991426">
				<ele>291.799988</ele>
				<time>2026-09-04T14:33:38Z</time>
			</trkpt>
			<trkpt lat="48.417299" lon="13.991508">
				<ele>291.799988</ele>
				<time>2026-09-04T14:33:39Z</time>
			</trkpt>
			<trkpt lat="48.417266" lon="13.991582">
				<ele>291.799988</ele>
				<time>2026-09-04T14:33:41Z</time>
			</trkpt>
			<trkpt lat="48.417235" lon="13.99165">
				<ele>291.799988</ele>
				<time>2026-09-04T14:33:42Z</time>
			</trkpt>
			<trkpt lat="48.417207" lon="13.991734">
				<ele>292</ele>
				<time>2026-09-04T14:33:43Z</time>
			</trkpt>
			<trkpt lat="48.417178" lon="13.991816">
				<ele>291.799988</ele>
				<time>2026-09-04T14:33:44Z</time>
			</trkpt>
			<trkpt lat="48.417144" lon="13.991888">
				<ele>291.799988</ele>
				<time>2026-09-04T14:33:46Z</time>
			</trkpt>
			<trkpt lat="48.417113" lon="13.991956">
				<ele>292</ele>
				<time>2026-09-04T14:33:47Z</time>
			</trkpt>
			<trkpt lat="48.417078" lon="13.992026">
				<ele>292</ele>
				<time>2026-09-04T14:33:48Z</time>
			</trkpt>
			<trkpt lat="48.417044" lon="13.992108">
				<ele>292</ele>
				<time>2026-09-04T14:33:49Z</time>
			</trkpt>
			<trkpt lat="48.417011" lon="13.992172">
				<ele>292</ele>
				<time>2026-09-04T14:33:50Z</time>
			</trkpt>
			<trkpt lat="48.416975" lon="13.99224">
				<ele>292</ele>
				<time>2026-09-04T14:33:52Z</time>
			</trkpt>
			<trkpt lat="48.416942" lon="13.992324">
				<ele>292</ele>
				<time>2026-09-04T14:33:53Z</time>
			</trkpt>
			<trkpt lat="48.416905" lon="13.9924">
				<ele>292</ele>
				<time>2026-09-04T14:33:54Z</time>
			</trkpt>
			<trkpt lat="48.416874" lon="13.992478">
				<ele>292</ele>
				<time>2026-09-04T14:33:56Z</time>
			</trkpt>
			<trkpt lat="48.416846" lon="13.992552">
				<ele>292</ele>
				<time>2026-09-04T14:33:57Z</time>
			</trkpt>
			<trkpt lat="48.416802" lon="13.992634">
				<ele>292</ele>
				<time>2026-09-04T14:33:58Z</time>
			</trkpt>
			<trkpt lat="48.416767" lon="13.992704">
				<ele>292</ele>
				<time>2026-09-04T14:33:59Z</time>
			</trkpt>
			<trkpt lat="48.416734" lon="13.992788">
				<ele>292</ele>
				<time>2026-09-04T14:34:01Z</time>
			</trkpt>
			<trkpt lat="48.416702" lon="13.992854">
				<ele>292.200012</ele>
				<time>2026-09-04T14:34:02Z</time>
			</trkpt>
			<trkpt lat="48.416672" lon="13.992934">
				<ele>292.200012</ele>
				<time>2026-09-04T14:34:03Z</time>
			</trkpt>
			<trkpt lat="48.416645" lon="13.99301">
				<ele>292.200012</ele>
				<time>2026-09-04T14:34:04Z</time>
			</trkpt>
			<trkpt lat="48.416604" lon="13.993088">
				<ele>292.200012</ele>
				<time>2026-09-04T14:34:05Z</time>
			</trkpt>
			<trkpt lat="48.416571" lon="13.993152">
				<ele>292.200012</ele>
				<time>2026-09-04T14:34:06Z</time>
			</trkpt>
			<trkpt lat="48.416537" lon="13.993234">
				<ele>292.200012</ele>
				<time>2026-09-04T14:34:07Z</time>
			</trkpt>
			<trkpt lat="48.416506" lon="13.993302">
				<ele>292.399994</ele>
				<time>2026-09-04T14:34:08Z</time>
			</trkpt>
			<trkpt lat="48.416466" lon="13.993372">
				<ele>292.399994</ele>
				<time>2026-09-04T14:34:09Z</time>
			</trkpt>
			<trkpt lat="48.416436" lon="13.993452">
				<ele>292.399994</ele>
				<time>2026-09-04T14:34:11Z</time>
			</trkpt>
			<trkpt lat="48.416389" lon="13.993528">
				<ele>292.399994</ele>
				<time>2026-09-04T14:34:12Z</time>
			</trkpt>
			<trkpt lat="48.416351" lon="13.993602">
				<ele>292.399994</ele>
				<time>2026-09-04T14:34:13Z</time>
			</trkpt>
			<trkpt lat="48.416324" lon="13.993688">
				<ele>292.399994</ele>
				<time>2026-09-04T14:34:15Z</time>
			</trkpt>
			<trkpt lat="48.416301" lon="13.993752">
				<ele>292.399994</ele>
				<time>2026-09-04T14:34:16Z</time>
			</trkpt>
			<trkpt lat="48.416278" lon="13.993836">
				<ele>292.399994</ele>
				<time>2026-09-04T14:34:17Z</time>
			</trkpt>
			<trkpt lat="48.416253" lon="13.993916">
				<ele>292.399994</ele>
				<time>2026-09-04T14:34:18Z</time>
			</trkpt>
			<trkpt lat="48.416232" lon="13.993994">
				<ele>292.399994</ele>
				<time>2026-09-04T14:34:19Z</time>
			</trkpt>
			<trkpt lat="48.416202" lon="13.994064">
				<ele>292.399994</ele>
				<time>2026-09-04T14:34:21Z</time>
			</trkpt>
			<trkpt lat="48.416173" lon="13.994146">
				<ele>292.399994</ele>
				<time>2026-09-04T14:34:22Z</time>
			</trkpt>
			<trkpt lat="48.416147" lon="13.994224">
				<ele>292.399994</ele>
				<time>2026-09-04T14:34:23Z</time>
			</trkpt>
			<trkpt lat="48.416123" lon="13.994306">
				<ele>292.399994</ele>
				<time>2026-09-04T14:34:24Z</time>
			</trkpt>
			<trkpt lat="48.416099" lon="13.994388">
				<ele>292.399994</ele>
				<time>2026-09-04T14:34:25Z</time>
			</trkpt>
			<trkpt lat="48.416079" lon="13.994478">
				<ele>292.399994</ele>
				<time>2026-09-04T14:34:27Z</time>
			</trkpt>
			<trkpt lat="48.416068" lon="13.994566">
				<ele>292.399994</ele>
				<time>2026-09-04T14:34:28Z</time>
			</trkpt>
			<trkpt lat="48.416041" lon="13.994642">
				<ele>292.399994</ele>
				<time>2026-09-04T14:34:29Z</time>
			</trkpt>
			<trkpt lat="48.416016" lon="13.994732">
				<ele>292.600006</ele>
				<time>2026-09-04T14:34:31Z</time>
			</trkpt>
			<trkpt lat="48.415988" lon="13.994816">
				<ele>292.600006</ele>
				<time>2026-09-04T14:34:32Z</time>
			</trkpt>
			<trkpt lat="48.415959" lon="13.994908">
				<ele>292.600006</ele>
				<time>2026-09-04T14:34:33Z</time>
			</trkpt>
			<trkpt lat="48.415921" lon="13.994982">
				<ele>292.600006</ele>
				<time>2026-09-04T14:34:35Z</time>
			</trkpt>
			<trkpt lat="48.415885" lon="13.99506">
				<ele>292.600006</ele>
				<time>2026-09-04T14:34:36Z</time>
			</trkpt>
			<trkpt lat="48.415866" lon="13.995142">
				<ele>292.600006</ele>
				<time>2026-09-04T14:34:37Z</time>
			</trkpt>
			<trkpt lat="48.415835" lon="13.99522">
				<ele>292.600006</ele>
				<time>2026-09-04T14:34:38Z</time>
			</trkpt>
			<trkpt lat="48.415799" lon="13.995308">
				<ele>292.600006</ele>
				<time>2026-09-04T14:34:40Z</time>
			</trkpt>
			<trkpt lat="48.415753" lon="13.995376">
				<ele>292.600006</ele>
				<time>2026-09-04T14:34:41Z</time>
			</trkpt>
			<trkpt lat="48.415707" lon="13.995454">
				<ele>292.799988</ele>
				<time>2026-09-04T14:34:42Z</time>
			</trkpt>
			<trkpt lat="48.415665" lon="13.99553">
				<ele>292.799988</ele>
				<time>2026-09-04T14:34:44Z</time>
			</trkpt>
			<trkpt lat="48.415627" lon="13.995614">
				<ele>292.799988</ele>
				<time>2026-09-04T14:34:45Z</time>
			</trkpt>
			<trkpt lat="48.415585" lon="13.99569">
				<ele>292.799988</ele>
				<time>2026-09-04T14:34:46Z</time>
			</trkpt>
			<trkpt lat="48.415541" lon="13.995772">
				<ele>292.799988</ele>
				<time>2026-09-04T14:34:47Z</time>
			</trkpt>
			<trkpt lat="48.415499" lon="13.995848">
				<ele>292.799988</ele>
				<time>2026-09-04T14:34:48Z</time>
			</trkpt>
			<trkpt lat="48.415468" lon="13.995916">
				<ele>292.600006</ele>
				<time>2026-09-04T14:34:50Z</time>
			</trkpt>
			<trkpt lat="48.415423" lon="13.995996">
				<ele>292.600006</ele>
				<time>2026-09-04T14:34:51Z</time>
			</trkpt>
			<trkpt lat="48.415381" lon="13.996072">
				<ele>292.600006</ele>
				<time>2026-09-04T14:34:52Z</time>
			</trkpt>
			<trkpt lat="48.415341" lon="13.996142">
				<ele>292.799988</ele>
				<time>2026-09-04T14:34:53Z</time>
			</trkpt>
			<trkpt lat="48.415301" lon="13.996212">
				<ele>292.799988</ele>
				<time>2026-09-04T14:34:54Z</time>
			</trkpt>
			<trkpt lat="48.415259" lon="13.996298">
				<ele>292.799988</ele>
				<time>2026-09-04T14:34:56Z</time>
			</trkpt>
			<trkpt lat="48.415214" lon="13.996378">
				<ele>292.799988</ele>
				<time>2026-09-04T14:34:57Z</time>
			</trkpt>
			<trkpt lat="48.415179" lon="13.996458">
				<ele>292.799988</ele>
				<time>2026-09-04T14:34:58Z</time>
			</trkpt>
			<trkpt lat="48.415127" lon="13.996524">
				<ele>292.799988</ele>
				<time>2026-09-04T14:35:00Z</time>
			</trkpt>
			<trkpt lat="48.415091" lon="13.996602">
				<ele>293</ele>
				<time>2026-09-04T14:35:01Z</time>
			</trkpt>
			<trkpt lat="48.415048" lon="13.996676">
				<ele>293</ele>
				<time>2026-09-04T14:35:02Z</time>
			</trkpt>
			<trkpt lat="48.415017" lon="13.996744">
				<ele>293.200012</ele>
				<time>2026-09-04T14:35:03Z</time>
			</trkpt>
			<trkpt lat="48.414976" lon="13.996812">
				<ele>293.399994</ele>
				<time>2026-09-04T14:35:04Z</time>
			</trkpt>
			<trkpt lat="48.414943" lon="13.996876">
				<ele>293.399994</ele>
				<time>2026-09-04T14:35:06Z</time>
			</trkpt>
			<trkpt lat="48.414917" lon="13.996934">
				<ele>293.600006</ele>
				<time>2026-09-04T14:35:07Z</time>
			</trkpt>
			<trkpt lat="48.414879" lon="13.996998">
				<ele>294</ele>
				<time>2026-09-04T14:35:08Z</time>
			</trkpt>
			<trkpt lat="48.414839" lon="13.997058">
				<ele>294.200012</ele>
				<time>2026-09-04T14:35:09Z</time>
			</trkpt>
			<trkpt lat="48.414808" lon="13.997106">
				<ele>294.399994</ele>
				<time>2026-09-04T14:35:10Z</time>
			</trkpt>
			<trkpt lat="48.414766" lon="13.997142">
				<ele>294.600006</ele>
				<time>2026-09-04T14:35:11Z</time>
			</trkpt>
			<trkpt lat="48.414731" lon="13.997192">
				<ele>294.799988</ele>
				<time>2026-09-04T14:35:12Z</time>
			</trkpt>
			<trkpt lat="48.414694" lon="13.997238">
				<ele>295</ele>
				<time>2026-09-04T14:35:13Z</time>
			</trkpt>
			<trkpt lat="48.414656" lon="13.997282">
				<ele>295.200012</ele>
				<time>2026-09-04T14:35:14Z</time>
			</trkpt>
			<trkpt lat="48.414621" lon="13.997322">
				<ele>295.200012</ele>
				<time>2026-09-04T14:35:15Z</time>
			</trkpt>
			<trkpt lat="48.414581" lon="13.997362">
				<ele>295.399994</ele>
				<time>2026-09-04T14:35:16Z</time>
			</trkpt>
			<trkpt lat="48.414544" lon="13.997398">
				<ele>295.399994</ele>
				<time>2026-09-04T14:35:17Z</time>
			</trkpt>
			<trkpt lat="48.414508" lon="13.997436">
				<ele>295.399994</ele>
				<time>2026-09-04T14:35:18Z</time>
			</trkpt>
			<trkpt lat="48.414468" lon="13.997476">
				<ele>295.600006</ele>
				<time>2026-09-04T14:35:19Z</time>
			</trkpt>
			<trkpt lat="48.414422" lon="13.997514">
				<ele>295.600006</ele>
				<time>2026-09-04T14:35:20Z</time>
			</trkpt>
			<trkpt lat="48.414373" lon="13.997556">
				<ele>295.600006</ele>
				<time>2026-09-04T14:35:22Z</time>
			</trkpt>
			<trkpt lat="48.414327" lon="13.997604">
				<ele>295.600006</ele>
				<time>2026-09-04T14:35:23Z</time>
			</trkpt>
			<trkpt lat="48.414278" lon="13.997656">
				<ele>295.600006</ele>
				<time>2026-09-04T14:35:24Z</time>
			</trkpt>
			<trkpt lat="48.414233" lon="13.997696">
				<ele>295.600006</ele>
				<time>2026-09-04T14:35:25Z</time>
			</trkpt>
			<trkpt lat="48.414189" lon="13.997728">
				<ele>295.600006</ele>
				<time>2026-09-04T14:35:26Z</time>
			</trkpt>
			<trkpt lat="48.414099" lon="13.997798">
				<ele>295.600006</ele>
				<time>2026-09-04T14:35:27Z</time>
			</trkpt>
			<trkpt lat="48.414044" lon="13.997848">
				<ele>295.600006</ele>
				<time>2026-09-04T14:35:28Z</time>
			</trkpt>
			<trkpt lat="48.413992" lon="13.997904">
				<ele>295.600006</ele>
				<time>2026-09-04T14:35:30Z</time>
			</trkpt>
			<trkpt lat="48.413938" lon="13.997956">
				<ele>295.600006</ele>
				<time>2026-09-04T14:35:31Z</time>
			</trkpt>
			<trkpt lat="48.413889" lon="13.998008">
				<ele>295.600006</ele>
				<time>2026-09-04T14:35:32Z</time>
			</trkpt>
			<trkpt lat="48.413822" lon="13.998054">
				<ele>295.600006</ele>
				<time>2026-09-04T14:35:34Z</time>
			</trkpt>
			<trkpt lat="48.413771" lon="13.998102">
				<ele>295.600006</ele>
				<time>2026-09-04T14:35:35Z</time>
			</trkpt>
			<trkpt lat="48.413722" lon="13.998164">
				<ele>295.600006</ele>
				<time>2026-09-04T14:35:36Z</time>
			</trkpt>
			<trkpt lat="48.413664" lon="13.998198">
				<ele>295.600006</ele>
				<time>2026-09-04T14:35:38Z</time>
			</trkpt>
			<trkpt lat="48.413604" lon="13.998248">
				<ele>295.600006</ele>
				<time>2026-09-04T14:35:39Z</time>
			</trkpt>
			<trkpt lat="48.413546" lon="13.998282">
				<ele>295.600006</ele>
				<time>2026-09-04T14:35:40Z</time>
			</trkpt>
			<trkpt lat="48.413484" lon="13.998328">
				<ele>295.600006</ele>
				<time>2026-09-04T14:35:42Z</time>
			</trkpt>
			<trkpt lat="48.413417" lon="13.998364">
				<ele>295.399994</ele>
				<time>2026-09-04T14:35:43Z</time>
			</trkpt>
			<trkpt lat="48.413347" lon="13.998394">
				<ele>295.200012</ele>
				<time>2026-09-04T14:35:45Z</time>
			</trkpt>
			<trkpt lat="48.413275" lon="13.99843">
				<ele>295</ele>
				<time>2026-09-04T14:35:46Z</time>
			</trkpt>
			<trkpt lat="48.413204" lon="13.998468">
				<ele>294.799988</ele>
				<time>2026-09-04T14:35:47Z</time>
			</trkpt>
			<trkpt lat="48.413131" lon="13.998502">
				<ele>294.600006</ele>
				<time>2026-09-04T14:35:49Z</time>
			</trkpt>
			<trkpt lat="48.413057" lon="13.998534">
				<ele>294.200012</ele>
				<time>2026-09-04T14:35:50Z</time>
			</trkpt>
			<trkpt lat="48.412988" lon="13.998546">
				<ele>294</ele>
				<time>2026-09-04T14:35:51Z</time>
			</trkpt>
			<trkpt lat="48.412915" lon="13.99856">
				<ele>293.799988</ele>
				<time>2026-09-04T14:35:52Z</time>
			</trkpt>
			<trkpt lat="48.412844" lon="13.998578">
				<ele>293.600006</ele>
				<time>2026-09-04T14:35:53Z</time>
			</trkpt>
			<trkpt lat="48.412774" lon="13.998598">
				<ele>293.399994</ele>
				<time>2026-09-04T14:35:54Z</time>
			</trkpt>
			<trkpt lat="48.412704" lon="13.998608">
				<ele>293.399994</ele>
				<time>2026-09-04T14:35:55Z</time>
			</trkpt>
			<trkpt lat="48.412637" lon="13.998624">
				<ele>293.399994</ele>
				<time>2026-09-04T14:35:56Z</time>
			</trkpt>
			<trkpt lat="48.412569" lon="13.998648">
				<ele>293.399994</ele>
				<time>2026-09-04T14:35:57Z</time>
			</trkpt>
			<trkpt lat="48.412494" lon="13.998668">
				<ele>293.399994</ele>
				<time>2026-09-04T14:35:58Z</time>
			</trkpt>
			<trkpt lat="48.412424" lon="13.998688">
				<ele>293.399994</ele>
				<time>2026-09-04T14:35:59Z</time>
			</trkpt>
			<trkpt lat="48.412356" lon="13.998692">
				<ele>293.399994</ele>
				<time>2026-09-04T14:36:00Z</time>
			</trkpt>
			<trkpt lat="48.412284" lon="13.998718">
				<ele>293.399994</ele>
				<time>2026-09-04T14:36:01Z</time>
			</trkpt>
			<trkpt lat="48.412214" lon="13.998738">
				<ele>293.399994</ele>
				<time>2026-09-04T14:36:02Z</time>
			</trkpt>
			<trkpt lat="48.412147" lon="13.998744">
				<ele>293.399994</ele>
				<time>2026-09-04T14:36:03Z</time>
			</trkpt>
			<trkpt lat="48.412081" lon="13.998752">
				<ele>293.399994</ele>
				<time>2026-09-04T14:36:04Z</time>
			</trkpt>
			<trkpt lat="48.412013" lon="13.998766">
				<ele>293.200012</ele>
				<time>2026-09-04T14:36:06Z</time>
			</trkpt>
			<trkpt lat="48.411946" lon="13.998772">
				<ele>293.200012</ele>
				<time>2026-09-04T14:36:07Z</time>
			</trkpt>
			<trkpt lat="48.411814" lon="13.998818">
				<ele>293</ele>
				<time>2026-09-04T14:36:08Z</time>
			</trkpt>
			<trkpt lat="48.411748" lon="13.998836">
				<ele>293</ele>
				<time>2026-09-04T14:36:10Z</time>
			</trkpt>
			<trkpt lat="48.411695" lon="13.99885">
				<ele>293</ele>
				<time>2026-09-04T14:36:11Z</time>
			</trkpt>
			<trkpt lat="48.411618" lon="13.998876">
				<ele>293</ele>
				<time>2026-09-04T14:36:12Z</time>
			</trkpt>
			<trkpt lat="48.411553" lon="13.998886">
				<ele>293</ele>
				<time>2026-09-04T14:36:13Z</time>
			</trkpt>
			<trkpt lat="48.411489" lon="13.998908">
				<ele>293</ele>
				<time>2026-09-04T14:36:14Z</time>
			</trkpt>
			<trkpt lat="48.411426" lon="13.998912">
				<ele>293.200012</ele>
				<time>2026-09-04T14:36:15Z</time>
			</trkpt>
			<trkpt lat="48.411364" lon="13.998928">
				<ele>293.200012</ele>
				<time>2026-09-04T14:36:16Z</time>
			</trkpt>
			<trkpt lat="48.411301" lon="13.998942">
				<ele>293.200012</ele>
				<time>2026-09-04T14:36:18Z</time>
			</trkpt>
			<trkpt lat="48.411235" lon="13.99896">
				<ele>293.200012</ele>
				<time>2026-09-04T14:36:19Z</time>
			</trkpt>
			<trkpt lat="48.411168" lon="13.998986">
				<ele>293.200012</ele>
				<time>2026-09-04T14:36:20Z</time>
			</trkpt>
			<trkpt lat="48.411113" lon="13.999006">
				<ele>293.200012</ele>
				<time>2026-09-04T14:36:21Z</time>
			</trkpt>
			<trkpt lat="48.411037" lon="13.999044">
				<ele>293.200012</ele>
				<time>2026-09-04T14:36:23Z</time>
			</trkpt>
			<trkpt lat="48.410976" lon="13.999062">
				<ele>293.200012</ele>
				<time>2026-09-04T14:36:24Z</time>
			</trkpt>
			<trkpt lat="48.410915" lon="13.99909">
				<ele>293.200012</ele>
				<time>2026-09-04T14:36:25Z</time>
			</trkpt>
			<trkpt lat="48.410851" lon="13.999122">
				<ele>293.200012</ele>
				<time>2026-09-04T14:36:27Z</time>
			</trkpt>
			<trkpt lat="48.410785" lon="13.99917">
				<ele>293.200012</ele>
				<time>2026-09-04T14:36:28Z</time>
			</trkpt>
			<trkpt lat="48.410718" lon="13.999206">
				<ele>293.200012</ele>
				<time>2026-09-04T14:36:30Z</time>
			</trkpt>
			<trkpt lat="48.410653" lon="13.999216">
				<ele>293.200012</ele>
				<time>2026-09-04T14:36:31Z</time>
			</trkpt>
			<trkpt lat="48.410584" lon="13.999218">
				<ele>293.200012</ele>
				<time>2026-09-04T14:36:32Z</time>
			</trkpt>
			<trkpt lat="48.410518" lon="13.999216">
				<ele>293.200012</ele>
				<time>2026-09-04T14:36:34Z</time>
			</trkpt>
			<trkpt lat="48.410459" lon="13.999218">
				<ele>293.200012</ele>
				<time>2026-09-04T14:36:35Z</time>
			</trkpt>
			<trkpt lat="48.410383" lon="13.999216">
				<ele>293.200012</ele>
				<time>2026-09-04T14:36:37Z</time>
			</trkpt>
			<trkpt lat="48.410329" lon="13.999218">
				<ele>293.200012</ele>
				<time>2026-09-04T14:36:38Z</time>
			</trkpt>
			<trkpt lat="48.410252" lon="13.999204">
				<ele>293.200012</ele>
				<time>2026-09-04T14:36:39Z</time>
			</trkpt>
			<trkpt lat="48.410189" lon="13.999188">
				<ele>293.200012</ele>
				<time>2026-09-04T14:36:41Z</time>
			</trkpt>
			<trkpt lat="48.410136" lon="13.999162">
				<ele>293.200012</ele>
				<time>2026-09-04T14:36:42Z</time>
			</trkpt>
			<trkpt lat="48.410082" lon="13.999154">
				<ele>293.200012</ele>
				<time>2026-09-04T14:36:43Z</time>
			</trkpt>
			<trkpt lat="48.410011" lon="13.999142">
				<ele>293.200012</ele>
				<time>2026-09-04T14:36:44Z</time>
			</trkpt>
			<trkpt lat="48.409947" lon="13.999134">
				<ele>293.200012</ele>
				<time>2026-09-04T14:36:46Z</time>
			</trkpt>
			<trkpt lat="48.409877" lon="13.999144">
				<ele>293.200012</ele>
				<time>2026-09-04T14:36:47Z</time>
			</trkpt>
			<trkpt lat="48.409818" lon="13.999146">
				<ele>293.200012</ele>
				<time>2026-09-04T14:36:48Z</time>
			</trkpt>
			<trkpt lat="48.409743" lon="13.999146">
				<ele>293</ele>
				<time>2026-09-04T14:36:49Z</time>
			</trkpt>
			<trkpt lat="48.409679" lon="13.999158">
				<ele>293</ele>
				<time>2026-09-04T14:36:50Z</time>
			</trkpt>
			<trkpt lat="48.409614" lon="13.999168">
				<ele>293</ele>
				<time>2026-09-04T14:36:52Z</time>
			</trkpt>
			<trkpt lat="48.409549" lon="13.999168">
				<ele>293</ele>
				<time>2026-09-04T14:36:53Z</time>
			</trkpt>
			<trkpt lat="48.409487" lon="13.999174">
				<ele>293</ele>
				<time>2026-09-04T14:36:54Z</time>
			</trkpt>
			<trkpt lat="48.409429" lon="13.999188">
				<ele>293</ele>
				<time>2026-09-04T14:36:55Z</time>
			</trkpt>
			<trkpt lat="48.409355" lon="13.99919">
				<ele>293</ele>
				<time>2026-09-04T14:36:56Z</time>
			</trkpt>
			<trkpt lat="48.409288" lon="13.999206">
				<ele>293</ele>
				<time>2026-09-04T14:36:58Z</time>
			</trkpt>
			<trkpt lat="48.409225" lon="13.99922">
				<ele>293</ele>
				<time>2026-09-04T14:36:59Z</time>
			</trkpt>
			<trkpt lat="48.409154" lon="13.999238">
				<ele>293</ele>
				<time>2026-09-04T14:37:00Z</time>
			</trkpt>
			<trkpt lat="48.409091" lon="13.999252">
				<ele>293</ele>
				<time>2026-09-04T14:37:01Z</time>
			</trkpt>
			<trkpt lat="48.409029" lon="13.999268">
				<ele>293</ele>
				<time>2026-09-04T14:37:03Z</time>
			</trkpt>
			<trkpt lat="48.408966" lon="13.999272">
				<ele>293</ele>
				<time>2026-09-04T14:37:04Z</time>
			</trkpt>
			<trkpt lat="48.408904" lon="13.999298">
				<ele>292.799988</ele>
				<time>2026-09-04T14:37:05Z</time>
			</trkpt>
			<trkpt lat="48.408844" lon="13.999318">
				<ele>292.799988</ele>
				<time>2026-09-04T14:37:06Z</time>
			</trkpt>
			<trkpt lat="48.408785" lon="13.99932">
				<ele>292.799988</ele>
				<time>2026-09-04T14:37:07Z</time>
			</trkpt>
			<trkpt lat="48.408722" lon="13.999354">
				<ele>292.799988</ele>
				<time>2026-09-04T14:37:09Z</time>
			</trkpt>
			<trkpt lat="48.408658" lon="13.999386">
				<ele>292.799988</ele>
				<time>2026-09-04T14:37:10Z</time>
			</trkpt>
			<trkpt lat="48.408595" lon="13.9994">
				<ele>292.799988</ele>
				<time>2026-09-04T14:37:11Z</time>
			</trkpt>
			<trkpt lat="48.408532" lon="13.999434">
				<ele>292.799988</ele>
				<time>2026-09-04T14:37:12Z</time>
			</trkpt>
			<trkpt lat="48.408471" lon="13.999462">
				<ele>293</ele>
				<time>2026-09-04T14:37:14Z</time>
			</trkpt>
			<trkpt lat="48.408408" lon="13.999486">
				<ele>293</ele>
				<time>2026-09-04T14:37:15Z</time>
			</trkpt>
			<trkpt lat="48.408363" lon="13.999516">
				<ele>293</ele>
				<time>2026-09-04T14:37:16Z</time>
			</trkpt>
			<trkpt lat="48.408283" lon="13.999546">
				<ele>293</ele>
				<time>2026-09-04T14:37:17Z</time>
			</trkpt>
			<trkpt lat="48.408219" lon="13.999578">
				<ele>293</ele>
				<time>2026-09-04T14:37:19Z</time>
			</trkpt>
			<trkpt lat="48.408156" lon="13.999602">
				<ele>293</ele>
				<time>2026-09-04T14:37:20Z</time>
			</trkpt>
			<trkpt lat="48.408096" lon="13.999632">
				<ele>292.799988</ele>
				<time>2026-09-04T14:37:21Z</time>
			</trkpt>
			<trkpt lat="48.408029" lon="13.999668">
				<ele>292.799988</ele>
				<time>2026-09-04T14:37:23Z</time>
			</trkpt>
			<trkpt lat="48.407969" lon="13.999698">
				<ele>292.799988</ele>
				<time>2026-09-04T14:37:24Z</time>
			</trkpt>
			<trkpt lat="48.407917" lon="13.999724">
				<ele>292.799988</ele>
				<time>2026-09-04T14:37:25Z</time>
			</trkpt>
			<trkpt lat="48.407853" lon="13.999756">
				<ele>293</ele>
				<time>2026-09-04T14:37:26Z</time>
			</trkpt>
			<trkpt lat="48.407801" lon="13.999792">
				<ele>293</ele>
				<time>2026-09-04T14:37:27Z</time>
			</trkpt>
			<trkpt lat="48.407751" lon="13.999832">
				<ele>293.200012</ele>
				<time>2026-09-04T14:37:28Z</time>
			</trkpt>
			<trkpt lat="48.407667" lon="13.999934">
				<ele>293.200012</ele>
				<time>2026-09-04T14:37:29Z</time>
			</trkpt>
			<trkpt lat="48.407611" lon="14.000002">
				<ele>293.200012</ele>
				<time>2026-09-04T14:37:31Z</time>
			</trkpt>
			<trkpt lat="48.407565" lon="14.00006">
				<ele>293.200012</ele>
				<time>2026-09-04T14:37:32Z</time>
			</trkpt>
			<trkpt lat="48.407517" lon="14.000124">
				<ele>293.200012</ele>
				<time>2026-09-04T14:37:33Z</time>
			</trkpt>
			<trkpt lat="48.407466" lon="14.000182">
				<ele>293</ele>
				<time>2026-09-04T14:37:34Z</time>
			</trkpt>
			<trkpt lat="48.407413" lon="14.000256">
				<ele>293</ele>
				<time>2026-09-04T14:37:35Z</time>
			</trkpt>
			<trkpt lat="48.407359" lon="14.000318">
				<ele>293</ele>
				<time>2026-09-04T14:37:37Z</time>
			</trkpt>
			<trkpt lat="48.407301" lon="14.000362">
				<ele>293</ele>
				<time>2026-09-04T14:37:38Z</time>
			</trkpt>
			<trkpt lat="48.407243" lon="14.000426">
				<ele>293</ele>
				<time>2026-09-04T14:37:39Z</time>
			</trkpt>
			<trkpt lat="48.407185" lon="14.00047">
				<ele>293</ele>
				<time>2026-09-04T14:37:40Z</time>
			</trkpt>
			<trkpt lat="48.407129" lon="14.000538">
				<ele>292.799988</ele>
				<time>2026-09-04T14:37:42Z</time>
			</trkpt>
			<trkpt lat="48.407074" lon="14.000588">
				<ele>292.799988</ele>
				<time>2026-09-04T14:37:43Z</time>
			</trkpt>
			<trkpt lat="48.407018" lon="14.000636">
				<ele>292.799988</ele>
				<time>2026-09-04T14:37:44Z</time>
			</trkpt>
			<trkpt lat="48.406969" lon="14.000688">
				<ele>292.799988</ele>
				<time>2026-09-04T14:37:45Z</time>
			</trkpt>
			<trkpt lat="48.406903" lon="14.000736">
				<ele>292.799988</ele>
				<time>2026-09-04T14:37:46Z</time>
			</trkpt>
			<trkpt lat="48.406844" lon="14.000778">
				<ele>292.799988</ele>
				<time>2026-09-04T14:37:47Z</time>
			</trkpt>
			<trkpt lat="48.406785" lon="14.00081">
				<ele>292.600006</ele>
				<time>2026-09-04T14:37:48Z</time>
			</trkpt>
			<trkpt lat="48.406725" lon="14.00086">
				<ele>292.600006</ele>
				<time>2026-09-04T14:37:50Z</time>
			</trkpt>
			<trkpt lat="48.406669" lon="14.000918">
				<ele>292.600006</ele>
				<time>2026-09-04T14:37:51Z</time>
			</trkpt>
			<trkpt lat="48.406615" lon="14.00096">
				<ele>292.600006</ele>
				<time>2026-09-04T14:37:52Z</time>
			</trkpt>
			<trkpt lat="48.406559" lon="14.001028">
				<ele>292.600006</ele>
				<time>2026-09-04T14:37:53Z</time>
			</trkpt>
			<trkpt lat="48.406504" lon="14.001078">
				<ele>292.399994</ele>
				<time>2026-09-04T14:37:54Z</time>
			</trkpt>
			<trkpt lat="48.406454" lon="14.001138">
				<ele>292.399994</ele>
				<time>2026-09-04T14:37:55Z</time>
			</trkpt>
			<trkpt lat="48.406405" lon="14.00119">
				<ele>292.399994</ele>
				<time>2026-09-04T14:37:56Z</time>
			</trkpt>
			<trkpt lat="48.406355" lon="14.00124">
				<ele>292.600006</ele>
				<time>2026-09-04T14:37:57Z</time>
			</trkpt>
			<trkpt lat="48.406313" lon="14.001316">
				<ele>292.600006</ele>
				<time>2026-09-04T14:37:58Z</time>
			</trkpt>
			<trkpt lat="48.406272" lon="14.001384">
				<ele>292.600006</ele>
				<time>2026-09-04T14:37:59Z</time>
			</trkpt>
			<trkpt lat="48.406232" lon="14.001454">
				<ele>292.600006</ele>
				<time>2026-09-04T14:38:01Z</time>
			</trkpt>
			<trkpt lat="48.406186" lon="14.001522">
				<ele>292.600006</ele>
				<time>2026-09-04T14:38:02Z</time>
			</trkpt>
			<trkpt lat="48.406143" lon="14.001596">
				<ele>292.600006</ele>
				<time>2026-09-04T14:38:03Z</time>
			</trkpt>
			<trkpt lat="48.406096" lon="14.001652">
				<ele>292.600006</ele>
				<time>2026-09-04T14:38:04Z</time>
			</trkpt>
			<trkpt lat="48.406038" lon="14.001716">
				<ele>292.600006</ele>
				<time>2026-09-04T14:38:05Z</time>
			</trkpt>
			<trkpt lat="48.405983" lon="14.001766">
				<ele>292.600006</ele>
				<time>2026-09-04T14:38:07Z</time>
			</trkpt>
			<trkpt lat="48.405925" lon="14.0018">
				<ele>292.600006</ele>
				<time>2026-09-04T14:38:08Z</time>
			</trkpt>
			<trkpt lat="48.405881" lon="14.001842">
				<ele>292.600006</ele>
				<time>2026-09-04T14:38:09Z</time>
			</trkpt>
			<trkpt lat="48.405824" lon="14.001898">
				<ele>292.600006</ele>
				<time>2026-09-04T14:38:10Z</time>
			</trkpt>
			<trkpt lat="48.405767" lon="14.001944">
				<ele>292.600006</ele>
				<time>2026-09-04T14:38:11Z</time>
			</trkpt>
			<trkpt lat="48.405699" lon="14.001998">
				<ele>292.399994</ele>
				<time>2026-09-04T14:38:12Z</time>
			</trkpt>
			<trkpt lat="48.405641" lon="14.002032">
				<ele>292.399994</ele>
				<time>2026-09-04T14:38:14Z</time>
			</trkpt>
			<trkpt lat="48.405594" lon="14.002068">
				<ele>292.399994</ele>
				<time>2026-09-04T14:38:15Z</time>
			</trkpt>
			<trkpt lat="48.405523" lon="14.002126">
				<ele>292.600006</ele>
				<time>2026-09-04T14:38:16Z</time>
			</trkpt>
			<trkpt lat="48.405466" lon="14.002172">
				<ele>292.600006</ele>
				<time>2026-09-04T14:38:18Z</time>
			</trkpt>
			<trkpt lat="48.405421" lon="14.002212">
				<ele>292.600006</ele>
				<time>2026-09-04T14:38:19Z</time>
			</trkpt>
			<trkpt lat="48.405364" lon="14.002268">
				<ele>292.600006</ele>
				<time>2026-09-04T14:38:20Z</time>
			</trkpt>
			<trkpt lat="48.405307" lon="14.002314">
				<ele>292.600006</ele>
				<time>2026-09-04T14:38:21Z</time>
			</trkpt>
			<trkpt lat="48.405241" lon="14.002372">
				<ele>292.600006</ele>
				<time>2026-09-04T14:38:23Z</time>
			</trkpt>
			<trkpt lat="48.405196" lon="14.002412">
				<ele>292.399994</ele>
				<time>2026-09-04T14:38:24Z</time>
			</trkpt>
			<trkpt lat="48.405141" lon="14.002462">
				<ele>292.399994</ele>
				<time>2026-09-04T14:38:25Z</time>
			</trkpt>
			<trkpt lat="48.405076" lon="14.002522">
				<ele>292.399994</ele>
				<time>2026-09-04T14:38:26Z</time>
			</trkpt>
			<trkpt lat="48.405021" lon="14.002572">
				<ele>292.399994</ele>
				<time>2026-09-04T14:38:27Z</time>
			</trkpt>
			<trkpt lat="48.404979" lon="14.002618">
				<ele>292.399994</ele>
				<time>2026-09-04T14:38:28Z</time>
			</trkpt>
			<trkpt lat="48.404924" lon="14.002668">
				<ele>292.399994</ele>
				<time>2026-09-04T14:38:30Z</time>
			</trkpt>
			<trkpt lat="48.404875" lon="14.00271">
				<ele>292.399994</ele>
				<time>2026-09-04T14:38:31Z</time>
			</trkpt>
			<trkpt lat="48.404817" lon="14.002764">
				<ele>292.399994</ele>
				<time>2026-09-04T14:38:32Z</time>
			</trkpt>
			<trkpt lat="48.404753" lon="14.002826">
				<ele>292.399994</ele>
				<time>2026-09-04T14:38:33Z</time>
			</trkpt>
			<trkpt lat="48.404699" lon="14.002868">
				<ele>292.399994</ele>
				<time>2026-09-04T14:38:34Z</time>
			</trkpt>
			<trkpt lat="48.404643" lon="14.002916">
				<ele>292.399994</ele>
				<time>2026-09-04T14:38:36Z</time>
			</trkpt>
			<trkpt lat="48.404588" lon="14.002966">
				<ele>292.399994</ele>
				<time>2026-09-04T14:38:37Z</time>
			</trkpt>
			<trkpt lat="48.404588" lon="14.002966">
				<ele>292.399994</ele>
				<time>2026-09-04T14:38:38Z</time>
			</trkpt>
			<trkpt lat="48.404483" lon="14.003056">
				<ele>292.399994</ele>
				<time>2026-09-04T14:38:40Z</time>
			</trkpt>
			<trkpt lat="48.404434" lon="14.003118">
				<ele>292.399994</ele>
				<time>2026-09-04T14:38:41Z</time>
			</trkpt>
			<trkpt lat="48.404376" lon="14.003162">
				<ele>292.399994</ele>
				<time>2026-09-04T14:38:43Z</time>
			</trkpt>
			<trkpt lat="48.404324" lon="14.003208">
				<ele>292.399994</ele>
				<time>2026-09-04T14:38:44Z</time>
			</trkpt>
			<trkpt lat="48.404324" lon="14.003208">
				<ele>292.399994</ele>
				<time>2026-09-04T14:38:45Z</time>
			</trkpt>
			<trkpt lat="48.404215" lon="14.00331">
				<ele>292.399994</ele>
				<time>2026-09-04T14:38:48Z</time>
			</trkpt>
			<trkpt lat="48.404162" lon="14.003354">
				<ele>292.399994</ele>
				<time>2026-09-04T14:38:49Z</time>
			</trkpt>
			<trkpt lat="48.404118" lon="14.003396">
				<ele>292.399994</ele>
				<time>2026-09-04T14:38:50Z</time>
			</trkpt>
			<trkpt lat="48.404011" lon="14.003482">
				<ele>292.600006</ele>
				<time>2026-09-04T14:38:52Z</time>
			</trkpt>
			<trkpt lat="48.403947" lon="14.003544">
				<ele>292.399994</ele>
				<time>2026-09-04T14:38:53Z</time>
			</trkpt>
			<trkpt lat="48.403905" lon="14.00358">
				<ele>292.399994</ele>
				<time>2026-09-04T14:38:54Z</time>
			</trkpt>
			<trkpt lat="48.403847" lon="14.003644">
				<ele>292.399994</ele>
				<time>2026-09-04T14:38:56Z</time>
			</trkpt>
			<trkpt lat="48.403844" lon="14.003648">
				<ele>292.600006</ele>
				<time>2026-09-04T14:38:57Z</time>
			</trkpt>
			<trkpt lat="48.403732" lon="14.003754">
				<ele>292.600006</ele>
				<time>2026-09-04T14:39:00Z</time>
			</trkpt>
			<trkpt lat="48.403678" lon="14.003806">
				<ele>292.600006</ele>
				<time>2026-09-04T14:39:02Z</time>
			</trkpt>
			<trkpt lat="48.403624" lon="14.003858">
				<ele>292.600006</ele>
				<time>2026-09-04T14:39:03Z</time>
			</trkpt>
			<trkpt lat="48.403569" lon="14.003908">
				<ele>292.600006</ele>
				<time>2026-09-04T14:39:05Z</time>
			</trkpt>
			<trkpt lat="48.403515" lon="14.00395">
				<ele>292.399994</ele>
				<time>2026-09-04T14:39:07Z</time>
			</trkpt>
			<trkpt lat="48.403461" lon="14.004002">
				<ele>292.399994</ele>
				<time>2026-09-04T14:39:09Z</time>
			</trkpt>
			<trkpt lat="48.403404" lon="14.004058">
				<ele>292.399994</ele>
				<time>2026-09-04T14:39:11Z</time>
			</trkpt>
			<trkpt lat="48.403348" lon="14.004106">
				<ele>292.399994</ele>
				<time>2026-09-04T14:39:13Z</time>
			</trkpt>
			<trkpt lat="48.403293" lon="14.004146">
				<ele>292.399994</ele>
				<time>2026-09-04T14:39:14Z</time>
			</trkpt>
			<trkpt lat="48.403236" lon="14.004182">
				<ele>292.399994</ele>
				<time>2026-09-04T14:39:16Z</time>
			</trkpt>
			<trkpt lat="48.403179" lon="14.004238">
				<ele>292.399994</ele>
				<time>2026-09-04T14:39:17Z</time>
			</trkpt>
			<trkpt lat="48.403123" lon="14.004276">
				<ele>292.399994</ele>
				<time>2026-09-04T14:39:19Z</time>
			</trkpt>
			<trkpt lat="48.403077" lon="14.004314">
				<ele>292.399994</ele>
				<time>2026-09-04T14:39:20Z</time>
			</trkpt>
			<trkpt lat="48.403008" lon="14.004376">
				<ele>292.399994</ele>
				<time>2026-09-04T14:39:21Z</time>
			</trkpt>
			<trkpt lat="48.402953" lon="14.004426">
				<ele>292.399994</ele>
				<time>2026-09-04T14:39:22Z</time>
			</trkpt>
			<trkpt lat="48.402898" lon="14.004476">
				<ele>292.399994</ele>
				<time>2026-09-04T14:39:24Z</time>
			</trkpt>
			<trkpt lat="48.402842" lon="14.004524">
				<ele>292.399994</ele>
				<time>2026-09-04T14:39:25Z</time>
			</trkpt>
			<trkpt lat="48.402786" lon="14.004562">
				<ele>292.399994</ele>
				<time>2026-09-04T14:39:26Z</time>
			</trkpt>
			<trkpt lat="48.402739" lon="14.004608">
				<ele>292.399994</ele>
				<time>2026-09-04T14:39:27Z</time>
			</trkpt>
			<trkpt lat="48.402675" lon="14.00465">
				<ele>292.399994</ele>
				<time>2026-09-04T14:39:29Z</time>
			</trkpt>
			<trkpt lat="48.402618" lon="14.004696">
				<ele>292.399994</ele>
				<time>2026-09-04T14:39:30Z</time>
			</trkpt>
			<trkpt lat="48.402563" lon="14.004736">
				<ele>292.399994</ele>
				<time>2026-09-04T14:39:31Z</time>
			</trkpt>
			<trkpt lat="48.402505" lon="14.00478">
				<ele>292.399994</ele>
				<time>2026-09-04T14:39:32Z</time>
			</trkpt>
			<trkpt lat="48.402448" lon="14.004826">
				<ele>292.399994</ele>
				<time>2026-09-04T14:39:33Z</time>
			</trkpt>
			<trkpt lat="48.402398" lon="14.004866">
				<ele>292.200012</ele>
				<time>2026-09-04T14:39:34Z</time>
			</trkpt>
			<trkpt lat="48.402325" lon="14.00491">
				<ele>292.200012</ele>
				<time>2026-09-04T14:39:36Z</time>
			</trkpt>
			<trkpt lat="48.402269" lon="14.004958">
				<ele>292.200012</ele>
				<time>2026-09-04T14:39:37Z</time>
			</trkpt>
			<trkpt lat="48.402211" lon="14.004992">
				<ele>292.399994</ele>
				<time>2026-09-04T14:39:38Z</time>
			</trkpt>
			<trkpt lat="48.402155" lon="14.00503">
				<ele>292.399994</ele>
				<time>2026-09-04T14:39:39Z</time>
			</trkpt>
			<trkpt lat="48.402097" lon="14.005074">
				<ele>292.399994</ele>
				<time>2026-09-04T14:39:41Z</time>
			</trkpt>
			<trkpt lat="48.402039" lon="14.005118">
				<ele>292.399994</ele>
				<time>2026-09-04T14:39:42Z</time>
			</trkpt>
			<trkpt lat="48.401983" lon="14.005156">
				<ele>292.399994</ele>
				<time>2026-09-04T14:39:43Z</time>
			</trkpt>
			<trkpt lat="48.401928" lon="14.005206">
				<ele>292.399994</ele>
				<time>2026-09-04T14:39:44Z</time>
			</trkpt>
			<trkpt lat="48.401874" lon="14.005248">
				<ele>292.399994</ele>
				<time>2026-09-04T14:39:45Z</time>
			</trkpt>
			<trkpt lat="48.401833" lon="14.005286">
				<ele>292.399994</ele>
				<time>2026-09-04T14:39:46Z</time>
			</trkpt>
			<trkpt lat="48.401765" lon="14.00533">
				<ele>292.399994</ele>
				<time>2026-09-04T14:39:48Z</time>
			</trkpt>
			<trkpt lat="48.401711" lon="14.005372">
				<ele>292.399994</ele>
				<time>2026-09-04T14:39:49Z</time>
			</trkpt>
			<trkpt lat="48.401656" lon="14.005422">
				<ele>292.399994</ele>
				<time>2026-09-04T14:39:50Z</time>
			</trkpt>
			<trkpt lat="48.401613" lon="14.005466">
				<ele>292.399994</ele>
				<time>2026-09-04T14:39:51Z</time>
			</trkpt>
			<trkpt lat="48.401549" lon="14.005528">
				<ele>292.399994</ele>
				<time>2026-09-04T14:39:53Z</time>
			</trkpt>
			<trkpt lat="48.401496" lon="14.005582">
				<ele>292.399994</ele>
				<time>2026-09-04T14:39:54Z</time>
			</trkpt>
			<trkpt lat="48.401444" lon="14.005638">
				<ele>292.399994</ele>
				<time>2026-09-04T14:39:56Z</time>
			</trkpt>
			<trkpt lat="48.401402" lon="14.005674">
				<ele>292.399994</ele>
				<time>2026-09-04T14:39:57Z</time>
			</trkpt>
			<trkpt lat="48.401337" lon="14.005754">
				<ele>292.399994</ele>
				<time>2026-09-04T14:39:58Z</time>
			</trkpt>
			<trkpt lat="48.401286" lon="14.005802">
				<ele>292.399994</ele>
				<time>2026-09-04T14:40:00Z</time>
			</trkpt>
			<trkpt lat="48.401232" lon="14.005864">
				<ele>292.399994</ele>
				<time>2026-09-04T14:40:01Z</time>
			</trkpt>
			<trkpt lat="48.401182" lon="14.005914">
				<ele>292.399994</ele>
				<time>2026-09-04T14:40:02Z</time>
			</trkpt>
			<trkpt lat="48.401132" lon="14.005974">
				<ele>292.200012</ele>
				<time>2026-09-04T14:40:04Z</time>
			</trkpt>
			<trkpt lat="48.401086" lon="14.006022">
				<ele>292.200012</ele>
				<time>2026-09-04T14:40:05Z</time>
			</trkpt>
			<trkpt lat="48.401041" lon="14.006072">
				<ele>292.200012</ele>
				<time>2026-09-04T14:40:06Z</time>
			</trkpt>
			<trkpt lat="48.400994" lon="14.006138">
				<ele>292.200012</ele>
				<time>2026-09-04T14:40:07Z</time>
			</trkpt>
			<trkpt lat="48.400948" lon="14.006186">
				<ele>292.200012</ele>
				<time>2026-09-04T14:40:08Z</time>
			</trkpt>
			<trkpt lat="48.400901" lon="14.006242">
				<ele>292.200012</ele>
				<time>2026-09-04T14:40:09Z</time>
			</trkpt>
			<trkpt lat="48.400855" lon="14.0063">
				<ele>292.200012</ele>
				<time>2026-09-04T14:40:10Z</time>
			</trkpt>
			<trkpt lat="48.400812" lon="14.006364">
				<ele>292</ele>
				<time>2026-09-04T14:40:11Z</time>
			</trkpt>
			<trkpt lat="48.400777" lon="14.006404">
				<ele>292</ele>
				<time>2026-09-04T14:40:12Z</time>
			</trkpt>
			<trkpt lat="48.400724" lon="14.006478">
				<ele>292</ele>
				<time>2026-09-04T14:40:13Z</time>
			</trkpt>
			<trkpt lat="48.400677" lon="14.006544">
				<ele>292.200012</ele>
				<time>2026-09-04T14:40:14Z</time>
			</trkpt>
			<trkpt lat="48.400626" lon="14.006602">
				<ele>292.200012</ele>
				<time>2026-09-04T14:40:15Z</time>
			</trkpt>
			<trkpt lat="48.400577" lon="14.006664">
				<ele>292.200012</ele>
				<time>2026-09-04T14:40:16Z</time>
			</trkpt>
			<trkpt lat="48.400524" lon="14.006728">
				<ele>292.200012</ele>
				<time>2026-09-04T14:40:17Z</time>
			</trkpt>
			<trkpt lat="48.400472" lon="14.006784">
				<ele>292.200012</ele>
				<time>2026-09-04T14:40:19Z</time>
			</trkpt>
			<trkpt lat="48.400419" lon="14.006838">
				<ele>292.200012</ele>
				<time>2026-09-04T14:40:20Z</time>
			</trkpt>
			<trkpt lat="48.400362" lon="14.006874">
				<ele>292.200012</ele>
				<time>2026-09-04T14:40:21Z</time>
			</trkpt>
			<trkpt lat="48.400302" lon="14.006924">
				<ele>292.200012</ele>
				<time>2026-09-04T14:40:22Z</time>
			</trkpt>
			<trkpt lat="48.400243" lon="14.006976">
				<ele>292.200012</ele>
				<time>2026-09-04T14:40:24Z</time>
			</trkpt>
			<trkpt lat="48.400185" lon="14.00702">
				<ele>292.200012</ele>
				<time>2026-09-04T14:40:25Z</time>
			</trkpt>
			<trkpt lat="48.400126" lon="14.007062">
				<ele>292.200012</ele>
				<time>2026-09-04T14:40:26Z</time>
			</trkpt>
			<trkpt lat="48.400066" lon="14.007112">
				<ele>292.200012</ele>
				<time>2026-09-04T14:40:28Z</time>
			</trkpt>
			<trkpt lat="48.400004" lon="14.007158">
				<ele>292.200012</ele>
				<time>2026-09-04T14:40:29Z</time>
			</trkpt>
			<trkpt lat="48.399942" lon="14.007194">
				<ele>292</ele>
				<time>2026-09-04T14:40:31Z</time>
			</trkpt>
			<trkpt lat="48.399893" lon="14.007216">
				<ele>292</ele>
				<time>2026-09-04T14:40:32Z</time>
			</trkpt>
			<trkpt lat="48.399818" lon="14.007266">
				<ele>292</ele>
				<time>2026-09-04T14:40:33Z</time>
			</trkpt>
			<trkpt lat="48.399757" lon="14.007314">
				<ele>292</ele>
				<time>2026-09-04T14:40:34Z</time>
			</trkpt>
			<trkpt lat="48.399713" lon="14.007356">
				<ele>291.799988</ele>
				<time>2026-09-04T14:40:35Z</time>
			</trkpt>
			<trkpt lat="48.399641" lon="14.007402">
				<ele>291.799988</ele>
				<time>2026-09-04T14:40:37Z</time>
			</trkpt>
			<trkpt lat="48.399598" lon="14.007446">
				<ele>291.799988</ele>
				<time>2026-09-04T14:40:38Z</time>
			</trkpt>
			<trkpt lat="48.399542" lon="14.007494">
				<ele>291.799988</ele>
				<time>2026-09-04T14:40:39Z</time>
			</trkpt>
			<trkpt lat="48.399476" lon="14.007542">
				<ele>291.799988</ele>
				<time>2026-09-04T14:40:40Z</time>
			</trkpt>
			<trkpt lat="48.399432" lon="14.007584">
				<ele>291.799988</ele>
				<time>2026-09-04T14:40:41Z</time>
			</trkpt>
			<trkpt lat="48.399363" lon="14.007646">
				<ele>291.799988</ele>
				<time>2026-09-04T14:40:42Z</time>
			</trkpt>
			<trkpt lat="48.399307" lon="14.007694">
				<ele>291.799988</ele>
				<time>2026-09-04T14:40:44Z</time>
			</trkpt>
			<trkpt lat="48.399254" lon="14.007748">
				<ele>291.799988</ele>
				<time>2026-09-04T14:40:45Z</time>
			</trkpt>
			<trkpt lat="48.399201" lon="14.007792">
				<ele>291.799988</ele>
				<time>2026-09-04T14:40:46Z</time>
			</trkpt>
			<trkpt lat="48.399152" lon="14.007854">
				<ele>291.799988</ele>
				<time>2026-09-04T14:40:47Z</time>
			</trkpt>
			<trkpt lat="48.399103" lon="14.007906">
				<ele>291.799988</ele>
				<time>2026-09-04T14:40:48Z</time>
			</trkpt>
			<trkpt lat="48.399054" lon="14.007968">
				<ele>291.600006</ele>
				<time>2026-09-04T14:40:49Z</time>
			</trkpt>
			<trkpt lat="48.399004" lon="14.008018">
				<ele>291.600006</ele>
				<time>2026-09-04T14:40:50Z</time>
			</trkpt>
			<trkpt lat="48.398953" lon="14.008076">
				<ele>291.600006</ele>
				<time>2026-09-04T14:40:52Z</time>
			</trkpt>
			<trkpt lat="48.398854" lon="14.008208">
				<ele>291.600006</ele>
				<time>2026-09-04T14:40:53Z</time>
			</trkpt>
			<trkpt lat="48.398804" lon="14.008268">
				<ele>291.600006</ele>
				<time>2026-09-04T14:40:54Z</time>
			</trkpt>
			<trkpt lat="48.398753" lon="14.008326">
				<ele>291.600006</ele>
				<time>2026-09-04T14:40:55Z</time>
			</trkpt>
			<trkpt lat="48.398704" lon="14.008388">
				<ele>291.600006</ele>
				<time>2026-09-04T14:40:57Z</time>
			</trkpt>
			<trkpt lat="48.398654" lon="14.008448">
				<ele>291.600006</ele>
				<time>2026-09-04T14:40:58Z</time>
			</trkpt>
			<trkpt lat="48.398603" lon="14.008506">
				<ele>291.600006</ele>
				<time>2026-09-04T14:40:59Z</time>
			</trkpt>
			<trkpt lat="48.398551" lon="14.008562">
				<ele>291.399994</ele>
				<time>2026-09-04T14:41:00Z</time>
			</trkpt>
			<trkpt lat="48.398503" lon="14.008626">
				<ele>291.399994</ele>
				<time>2026-09-04T14:41:01Z</time>
			</trkpt>
			<trkpt lat="48.398456" lon="14.008682">
				<ele>291.399994</ele>
				<time>2026-09-04T14:41:02Z</time>
			</trkpt>
			<trkpt lat="48.398408" lon="14.008736">
				<ele>291.399994</ele>
				<time>2026-09-04T14:41:04Z</time>
			</trkpt>
			<trkpt lat="48.398362" lon="14.008804">
				<ele>291.399994</ele>
				<time>2026-09-04T14:41:05Z</time>
			</trkpt>
			<trkpt lat="48.398314" lon="14.008868">
				<ele>291.399994</ele>
				<time>2026-09-04T14:41:06Z</time>
			</trkpt>
			<trkpt lat="48.398267" lon="14.008934">
				<ele>291.399994</ele>
				<time>2026-09-04T14:41:07Z</time>
			</trkpt>
			<trkpt lat="48.398221" lon="14.008992">
				<ele>291.600006</ele>
				<time>2026-09-04T14:41:08Z</time>
			</trkpt>
			<trkpt lat="48.398177" lon="14.009054">
				<ele>291.600006</ele>
				<time>2026-09-04T14:41:09Z</time>
			</trkpt>
			<trkpt lat="48.398136" lon="14.009112">
				<ele>291.399994</ele>
				<time>2026-09-04T14:41:10Z</time>
			</trkpt>
			<trkpt lat="48.398096" lon="14.009162">
				<ele>291.399994</ele>
				<time>2026-09-04T14:41:11Z</time>
			</trkpt>
			<trkpt lat="48.398062" lon="14.009224">
				<ele>291.399994</ele>
				<time>2026-09-04T14:41:12Z</time>
			</trkpt>
			<trkpt lat="48.398028" lon="14.009276">
				<ele>291.399994</ele>
				<time>2026-09-04T14:41:13Z</time>
			</trkpt>
			<trkpt lat="48.397989" lon="14.009338">
				<ele>291.399994</ele>
				<time>2026-09-04T14:41:14Z</time>
			</trkpt>
			<trkpt lat="48.397955" lon="14.00939">
				<ele>291.399994</ele>
				<time>2026-09-04T14:41:15Z</time>
			</trkpt>
			<trkpt lat="48.397918" lon="14.009456">
				<ele>291.399994</ele>
				<time>2026-09-04T14:41:17Z</time>
			</trkpt>
			<trkpt lat="48.397881" lon="14.009512">
				<ele>291.399994</ele>
				<time>2026-09-04T14:41:18Z</time>
			</trkpt>
			<trkpt lat="48.397849" lon="14.009568">
				<ele>291.399994</ele>
				<time>2026-09-04T14:41:19Z</time>
			</trkpt>
			<trkpt lat="48.397816" lon="14.009622">
				<ele>291.399994</ele>
				<time>2026-09-04T14:41:20Z</time>
			</trkpt>
			<trkpt lat="48.397778" lon="14.009696">
				<ele>291.399994</ele>
				<time>2026-09-04T14:41:21Z</time>
			</trkpt>
			<trkpt lat="48.397744" lon="14.009758">
				<ele>291.399994</ele>
				<time>2026-09-04T14:41:22Z</time>
			</trkpt>
			<trkpt lat="48.397714" lon="14.009818">
				<ele>291.399994</ele>
				<time>2026-09-04T14:41:23Z</time>
			</trkpt>
			<trkpt lat="48.397683" lon="14.009876">
				<ele>291.399994</ele>
				<time>2026-09-04T14:41:24Z</time>
			</trkpt>
			<trkpt lat="48.397643" lon="14.009936">
				<ele>291.399994</ele>
				<time>2026-09-04T14:41:25Z</time>
			</trkpt>
			<trkpt lat="48.397603" lon="14.009996">
				<ele>291.600006</ele>
				<time>2026-09-04T14:41:26Z</time>
			</trkpt>
			<trkpt lat="48.397553" lon="14.010056">
				<ele>291.600006</ele>
				<time>2026-09-04T14:41:27Z</time>
			</trkpt>
			<trkpt lat="48.397501" lon="14.010092">
				<ele>291.600006</ele>
				<time>2026-09-04T14:41:29Z</time>
			</trkpt>
			<trkpt lat="48.397451" lon="14.010142">
				<ele>291.600006</ele>
				<time>2026-09-04T14:41:30Z</time>
			</trkpt>
			<trkpt lat="48.397398" lon="14.010206">
				<ele>291.600006</ele>
				<time>2026-09-04T14:41:31Z</time>
			</trkpt>
			<trkpt lat="48.397349" lon="14.010258">
				<ele>291.600006</ele>
				<time>2026-09-04T14:41:33Z</time>
			</trkpt>
			<trkpt lat="48.397254" lon="14.010368">
				<ele>291.600006</ele>
				<time>2026-09-04T14:41:34Z</time>
			</trkpt>
			<trkpt lat="48.397206" lon="14.010412">
				<ele>291.600006</ele>
				<time>2026-09-04T14:41:35Z</time>
			</trkpt>
			<trkpt lat="48.397166" lon="14.010472">
				<ele>291.600006</ele>
				<time>2026-09-04T14:41:36Z</time>
			</trkpt>
			<trkpt lat="48.397106" lon="14.010532">
				<ele>291.600006</ele>
				<time>2026-09-04T14:41:38Z</time>
			</trkpt>
			<trkpt lat="48.397052" lon="14.010584">
				<ele>291.399994</ele>
				<time>2026-09-04T14:41:39Z</time>
			</trkpt>
			<trkpt lat="48.397001" lon="14.010642">
				<ele>291.399994</ele>
				<time>2026-09-04T14:41:40Z</time>
			</trkpt>
			<trkpt lat="48.396953" lon="14.010696">
				<ele>291.399994</ele>
				<time>2026-09-04T14:41:42Z</time>
			</trkpt>
			<trkpt lat="48.396904" lon="14.010758">
				<ele>291.399994</ele>
				<time>2026-09-04T14:41:43Z</time>
			</trkpt>
			<trkpt lat="48.396852" lon="14.010804">
				<ele>291.399994</ele>
				<time>2026-09-04T14:41:44Z</time>
			</trkpt>
			<trkpt lat="48.396796" lon="14.010862">
				<ele>291.399994</ele>
				<time>2026-09-04T14:41:45Z</time>
			</trkpt>
			<trkpt lat="48.396745" lon="14.01091">
				<ele>291.399994</ele>
				<time>2026-09-04T14:41:46Z</time>
			</trkpt>
			<trkpt lat="48.396698" lon="14.010976">
				<ele>291.399994</ele>
				<time>2026-09-04T14:41:47Z</time>
			</trkpt>
			<trkpt lat="48.396657" lon="14.011004">
				<ele>291.399994</ele>
				<time>2026-09-04T14:41:48Z</time>
			</trkpt>
			<trkpt lat="48.396612" lon="14.011044">
				<ele>291.399994</ele>
				<time>2026-09-04T14:41:49Z</time>
			</trkpt>
			<trkpt lat="48.396563" lon="14.011096">
				<ele>291.399994</ele>
				<time>2026-09-04T14:41:51Z</time>
			</trkpt>
			<trkpt lat="48.396513" lon="14.011146">
				<ele>291.600006</ele>
				<time>2026-09-04T14:41:52Z</time>
			</trkpt>
			<trkpt lat="48.396463" lon="14.011196">
				<ele>291.600006</ele>
				<time>2026-09-04T14:41:53Z</time>
			</trkpt>
			<trkpt lat="48.396414" lon="14.011248">
				<ele>291.600006</ele>
				<time>2026-09-04T14:41:54Z</time>
			</trkpt>
			<trkpt lat="48.396367" lon="14.011294">
				<ele>291.600006</ele>
				<time>2026-09-04T14:41:55Z</time>
			</trkpt>
			<trkpt lat="48.396329" lon="14.011348">
				<ele>291.799988</ele>
				<time>2026-09-04T14:41:56Z</time>
			</trkpt>
			<trkpt lat="48.396288" lon="14.011406">
				<ele>291.799988</ele>
				<time>2026-09-04T14:41:58Z</time>
			</trkpt>
			<trkpt lat="48.396253" lon="14.011456">
				<ele>291.799988</ele>
				<time>2026-09-04T14:41:59Z</time>
			</trkpt>
			<trkpt lat="48.396217" lon="14.011514">
				<ele>291.799988</ele>
				<time>2026-09-04T14:42:00Z</time>
			</trkpt>
			<trkpt lat="48.396172" lon="14.011564">
				<ele>291.799988</ele>
				<time>2026-09-04T14:42:01Z</time>
			</trkpt>
			<trkpt lat="48.396136" lon="14.011622">
				<ele>291.799988</ele>
				<time>2026-09-04T14:42:02Z</time>
			</trkpt>
			<trkpt lat="48.396102" lon="14.011684">
				<ele>291.799988</ele>
				<time>2026-09-04T14:42:03Z</time>
			</trkpt>
			<trkpt lat="48.396053" lon="14.011756">
				<ele>291.799988</ele>
				<time>2026-09-04T14:42:04Z</time>
			</trkpt>
			<trkpt lat="48.395995" lon="14.01182">
				<ele>291.600006</ele>
				<time>2026-09-04T14:42:06Z</time>
			</trkpt>
			<trkpt lat="48.395928" lon="14.011886">
				<ele>291.600006</ele>
				<time>2026-09-04T14:42:07Z</time>
			</trkpt>
			<trkpt lat="48.395876" lon="14.011942">
				<ele>291.600006</ele>
				<time>2026-09-04T14:42:09Z</time>
			</trkpt>
			<trkpt lat="48.395829" lon="14.012008">
				<ele>291.600006</ele>
				<time>2026-09-04T14:42:10Z</time>
			</trkpt>
			<trkpt lat="48.395781" lon="14.012052">
				<ele>291.600006</ele>
				<time>2026-09-04T14:42:11Z</time>
			</trkpt>
			<trkpt lat="48.395732" lon="14.012114">
				<ele>291.600006</ele>
				<time>2026-09-04T14:42:12Z</time>
			</trkpt>
			<trkpt lat="48.395684" lon="14.012168">
				<ele>291.399994</ele>
				<time>2026-09-04T14:42:13Z</time>
			</trkpt>
			<trkpt lat="48.395636" lon="14.012222">
				<ele>291.399994</ele>
				<time>2026-09-04T14:42:14Z</time>
			</trkpt>
			<trkpt lat="48.395546" lon="14.012332">
				<ele>291.399994</ele>
				<time>2026-09-04T14:42:15Z</time>
			</trkpt>
			<trkpt lat="48.395489" lon="14.012408">
				<ele>291.399994</ele>
				<time>2026-09-04T14:42:16Z</time>
			</trkpt>
			<trkpt lat="48.395429" lon="14.012478">
				<ele>291.399994</ele>
				<time>2026-09-04T14:42:18Z</time>
			</trkpt>
			<trkpt lat="48.395367" lon="14.012544">
				<ele>291.399994</ele>
				<time>2026-09-04T14:42:19Z</time>
			</trkpt>
			<trkpt lat="48.395367" lon="14.012544">
				<ele>291.399994</ele>
				<time>2026-09-04T14:42:20Z</time>
			</trkpt>
			<trkpt lat="48.395262" lon="14.012654">
				<ele>291.399994</ele>
				<time>2026-09-04T14:42:22Z</time>
			</trkpt>
			<trkpt lat="48.395213" lon="14.012686">
				<ele>291.399994</ele>
				<time>2026-09-04T14:42:23Z</time>
			</trkpt>
			<trkpt lat="48.395163" lon="14.012736">
				<ele>291.399994</ele>
				<time>2026-09-04T14:42:25Z</time>
			</trkpt>
			<trkpt lat="48.395111" lon="14.012792">
				<ele>291.399994</ele>
				<time>2026-09-04T14:42:26Z</time>
			</trkpt>
			<trkpt lat="48.395111" lon="14.012792">
				<ele>291.399994</ele>
				<time>2026-09-04T14:42:27Z</time>
			</trkpt>
			<trkpt lat="48.395011" lon="14.012882">
				<ele>291.399994</ele>
				<time>2026-09-04T14:42:29Z</time>
			</trkpt>
			<trkpt lat="48.395011" lon="14.012882">
				<ele>291.399994</ele>
				<time>2026-09-04T14:42:30Z</time>
			</trkpt>
			<trkpt lat="48.394904" lon="14.012958">
				<ele>291.399994</ele>
				<time>2026-09-04T14:42:33Z</time>
			</trkpt>
			<trkpt lat="48.394856" lon="14.012992">
				<ele>291.399994</ele>
				<time>2026-09-04T14:42:34Z</time>
			</trkpt>
			<trkpt lat="48.394852" lon="14.012994">
				<ele>291.399994</ele>
				<time>2026-09-04T14:42:35Z</time>
			</trkpt>
			<trkpt lat="48.394739" lon="14.013088">
				<ele>291.399994</ele>
				<time>2026-09-04T14:42:37Z</time>
			</trkpt>
			<trkpt lat="48.394683" lon="14.013116">
				<ele>291.399994</ele>
				<time>2026-09-04T14:42:39Z</time>
			</trkpt>
			<trkpt lat="48.394627" lon="14.013144">
				<ele>291.399994</ele>
				<time>2026-09-04T14:42:40Z</time>
			</trkpt>
			<trkpt lat="48.394568" lon="14.013186">
				<ele>291.399994</ele>
				<time>2026-09-04T14:42:41Z</time>
			</trkpt>
			<trkpt lat="48.394508" lon="14.013226">
				<ele>291.399994</ele>
				<time>2026-09-04T14:42:42Z</time>
			</trkpt>
			<trkpt lat="48.394451" lon="14.013262">
				<ele>291.399994</ele>
				<time>2026-09-04T14:42:44Z</time>
			</trkpt>
			<trkpt lat="48.394394" lon="14.013308">
				<ele>291.399994</ele>
				<time>2026-09-04T14:42:45Z</time>
			</trkpt>
			<trkpt lat="48.394336" lon="14.013332">
				<ele>291.399994</ele>
				<time>2026-09-04T14:42:46Z</time>
			</trkpt>
			<trkpt lat="48.394276" lon="14.013352">
				<ele>291.399994</ele>
				<time>2026-09-04T14:42:48Z</time>
			</trkpt>
			<trkpt lat="48.394216" lon="14.013382">
				<ele>291.399994</ele>
				<time>2026-09-04T14:42:49Z</time>
			</trkpt>
			<trkpt lat="48.394156" lon="14.013402">
				<ele>291.399994</ele>
				<time>2026-09-04T14:42:50Z</time>
			</trkpt>
			<trkpt lat="48.394096" lon="14.013422">
				<ele>291.399994</ele>
				<time>2026-09-04T14:42:51Z</time>
			</trkpt>
			<trkpt lat="48.394034" lon="14.013458">
				<ele>291.399994</ele>
				<time>2026-09-04T14:42:53Z</time>
			</trkpt>
			<trkpt lat="48.393971" lon="14.013492">
				<ele>291.200012</ele>
				<time>2026-09-04T14:42:54Z</time>
			</trkpt>
			<trkpt lat="48.393918" lon="14.013526">
				<ele>291.399994</ele>
				<time>2026-09-04T14:42:55Z</time>
			</trkpt>
			<trkpt lat="48.393851" lon="14.013552">
				<ele>291.200012</ele>
				<time>2026-09-04T14:42:56Z</time>
			</trkpt>
			<trkpt lat="48.393791" lon="14.013572">
				<ele>291.200012</ele>
				<time>2026-09-04T14:42:57Z</time>
			</trkpt>
			<trkpt lat="48.393731" lon="14.013602">
				<ele>291.200012</ele>
				<time>2026-09-04T14:42:58Z</time>
			</trkpt>
			<trkpt lat="48.393671" lon="14.013622">
				<ele>291.200012</ele>
				<time>2026-09-04T14:42:59Z</time>
			</trkpt>
			<trkpt lat="48.393609" lon="14.013658">
				<ele>291.200012</ele>
				<time>2026-09-04T14:43:01Z</time>
			</trkpt>
			<trkpt lat="48.393547" lon="14.013674">
				<ele>291.200012</ele>
				<time>2026-09-04T14:43:02Z</time>
			</trkpt>
			<trkpt lat="48.393486" lon="14.013702">
				<ele>291.200012</ele>
				<time>2026-09-04T14:43:03Z</time>
			</trkpt>
			<trkpt lat="48.393424" lon="14.013738">
				<ele>291.200012</ele>
				<time>2026-09-04T14:43:04Z</time>
			</trkpt>
			<trkpt lat="48.393362" lon="14.013764">
				<ele>291.200012</ele>
				<time>2026-09-04T14:43:05Z</time>
			</trkpt>
			<trkpt lat="48.393302" lon="14.013784">
				<ele>291</ele>
				<time>2026-09-04T14:43:07Z</time>
			</trkpt>
			<trkpt lat="48.393241" lon="14.013802">
				<ele>291</ele>
				<time>2026-09-04T14:43:08Z</time>
			</trkpt>
			<trkpt lat="48.393179" lon="14.013828">
				<ele>291</ele>
				<time>2026-09-04T14:43:09Z</time>
			</trkpt>
			<trkpt lat="48.393122" lon="14.013844">
				<ele>291</ele>
				<time>2026-09-04T14:43:10Z</time>
			</trkpt>
			<trkpt lat="48.393062" lon="14.013864">
				<ele>291</ele>
				<time>2026-09-04T14:43:11Z</time>
			</trkpt>
			<trkpt lat="48.393004" lon="14.013898">
				<ele>291</ele>
				<time>2026-09-04T14:43:12Z</time>
			</trkpt>
			<trkpt lat="48.392946" lon="14.013912">
				<ele>291</ele>
				<time>2026-09-04T14:43:13Z</time>
			</trkpt>
			<trkpt lat="48.392891" lon="14.013942">
				<ele>291</ele>
				<time>2026-09-04T14:43:14Z</time>
			</trkpt>
			<trkpt lat="48.392839" lon="14.013968">
				<ele>291</ele>
				<time>2026-09-04T14:43:15Z</time>
			</trkpt>
			<trkpt lat="48.392788" lon="14.013986">
				<ele>291</ele>
				<time>2026-09-04T14:43:16Z</time>
			</trkpt>
			<trkpt lat="48.392737" lon="14.014014">
				<ele>290.799988</ele>
				<time>2026-09-04T14:43:17Z</time>
			</trkpt>
			<trkpt lat="48.392687" lon="14.014034">
				<ele>291</ele>
				<time>2026-09-04T14:43:18Z</time>
			</trkpt>
			<trkpt lat="48.392638" lon="14.014056">
				<ele>291</ele>
				<time>2026-09-04T14:43:19Z</time>
			</trkpt>
			<trkpt lat="48.392585" lon="14.01408">
				<ele>291</ele>
				<time>2026-09-04T14:43:20Z</time>
			</trkpt>
			<trkpt lat="48.392532" lon="14.014104">
				<ele>291</ele>
				<time>2026-09-04T14:43:22Z</time>
			</trkpt>
			<trkpt lat="48.392479" lon="14.014128">
				<ele>291</ele>
				<time>2026-09-04T14:43:23Z</time>
			</trkpt>
			<trkpt lat="48.392426" lon="14.014132">
				<ele>291</ele>
				<time>2026-09-04T14:43:24Z</time>
			</trkpt>
			<trkpt lat="48.392371" lon="14.014152">
				<ele>291</ele>
				<time>2026-09-04T14:43:25Z</time>
			</trkpt>
			<trkpt lat="48.392316" lon="14.014172">
				<ele>291</ele>
				<time>2026-09-04T14:43:26Z</time>
			</trkpt>
			<trkpt lat="48.392258" lon="14.014206">
				<ele>291</ele>
				<time>2026-09-04T14:43:27Z</time>
			</trkpt>
			<trkpt lat="48.392201" lon="14.014222">
				<ele>291</ele>
				<time>2026-09-04T14:43:28Z</time>
			</trkpt>
			<trkpt lat="48.392143" lon="14.014246">
				<ele>290.799988</ele>
				<time>2026-09-04T14:43:30Z</time>
			</trkpt>
			<trkpt lat="48.392085" lon="14.01426">
				<ele>291</ele>
				<time>2026-09-04T14:43:31Z</time>
			</trkpt>
			<trkpt lat="48.392023" lon="14.014286">
				<ele>291</ele>
				<time>2026-09-04T14:43:32Z</time>
			</trkpt>
			<trkpt lat="48.391965" lon="14.01429">
				<ele>291</ele>
				<time>2026-09-04T14:43:33Z</time>
			</trkpt>
			<trkpt lat="48.391906" lon="14.014312">
				<ele>291</ele>
				<time>2026-09-04T14:43:35Z</time>
			</trkpt>
			<trkpt lat="48.391789" lon="14.014358">
				<ele>291</ele>
				<time>2026-09-04T14:43:36Z</time>
			</trkpt>
			<trkpt lat="48.391731" lon="14.014372">
				<ele>291</ele>
				<time>2026-09-04T14:43:37Z</time>
			</trkpt>
			<trkpt lat="48.391672" lon="14.014394">
				<ele>291</ele>
				<time>2026-09-04T14:43:38Z</time>
			</trkpt>
			<trkpt lat="48.391613" lon="14.014426">
				<ele>291</ele>
				<time>2026-09-04T14:43:40Z</time>
			</trkpt>
			<trkpt lat="48.391558" lon="14.014446">
				<ele>291</ele>
				<time>2026-09-04T14:43:41Z</time>
			</trkpt>
			<trkpt lat="48.391491" lon="14.014462">
				<ele>291</ele>
				<time>2026-09-04T14:43:42Z</time>
			</trkpt>
			<trkpt lat="48.391444" lon="14.014488">
				<ele>291</ele>
				<time>2026-09-04T14:43:43Z</time>
			</trkpt>
			<trkpt lat="48.391387" lon="14.014494">
				<ele>291</ele>
				<time>2026-09-04T14:43:44Z</time>
			</trkpt>
			<trkpt lat="48.391331" lon="14.014512">
				<ele>291</ele>
				<time>2026-09-04T14:43:46Z</time>
			</trkpt>
			<trkpt lat="48.391266" lon="14.014532">
				<ele>291</ele>
				<time>2026-09-04T14:43:47Z</time>
			</trkpt>
			<trkpt lat="48.391213" lon="14.014546">
				<ele>291</ele>
				<time>2026-09-04T14:43:48Z</time>
			</trkpt>
			<trkpt lat="48.391161" lon="14.014562">
				<ele>291.200012</ele>
				<time>2026-09-04T14:43:49Z</time>
			</trkpt>
			<trkpt lat="48.391119" lon="14.014578">
				<ele>291.200012</ele>
				<time>2026-09-04T14:43:50Z</time>
			</trkpt>
			<trkpt lat="48.391058" lon="14.014596">
				<ele>291.200012</ele>
				<time>2026-09-04T14:43:52Z</time>
			</trkpt>
			<trkpt lat="48.391014" lon="14.014618">
				<ele>291.200012</ele>
				<time>2026-09-04T14:43:53Z</time>
			</trkpt>
			<trkpt lat="48.390963" lon="14.014636">
				<ele>291.200012</ele>
				<time>2026-09-04T14:43:54Z</time>
			</trkpt>
			<trkpt lat="48.390904" lon="14.014658">
				<ele>291.200012</ele>
				<time>2026-09-04T14:43:55Z</time>
			</trkpt>
			<trkpt lat="48.390857" lon="14.014674">
				<ele>291.200012</ele>
				<time>2026-09-04T14:43:56Z</time>
			</trkpt>
			<trkpt lat="48.390815" lon="14.01468">
				<ele>291.200012</ele>
				<time>2026-09-04T14:43:57Z</time>
			</trkpt>
			<trkpt lat="48.390763" lon="14.014706">
				<ele>291</ele>
				<time>2026-09-04T14:43:58Z</time>
			</trkpt>
			<trkpt lat="48.390713" lon="14.014726">
				<ele>291</ele>
				<time>2026-09-04T14:43:59Z</time>
			</trkpt>
			<trkpt lat="48.390663" lon="14.014736">
				<ele>291</ele>
				<time>2026-09-04T14:44:00Z</time>
			</trkpt>
			<trkpt lat="48.390611" lon="14.014752">
				<ele>291</ele>
				<time>2026-09-04T14:44:01Z</time>
			</trkpt>
			<trkpt lat="48.390557" lon="14.014764">
				<ele>291</ele>
				<time>2026-09-04T14:44:02Z</time>
			</trkpt>
			<trkpt lat="48.390505" lon="14.01478">
				<ele>291</ele>
				<time>2026-09-04T14:44:03Z</time>
			</trkpt>
			<trkpt lat="48.390447" lon="14.014804">
				<ele>291</ele>
				<time>2026-09-04T14:44:04Z</time>
			</trkpt>
			<trkpt lat="48.390393" lon="14.014816">
				<ele>291</ele>
				<time>2026-09-04T14:44:05Z</time>
			</trkpt>
			<trkpt lat="48.390331" lon="14.014832">
				<ele>291</ele>
				<time>2026-09-04T14:44:06Z</time>
			</trkpt>
			<trkpt lat="48.390273" lon="14.014856">
				<ele>291</ele>
				<time>2026-09-04T14:44:07Z</time>
			</trkpt>
			<trkpt lat="48.390218" lon="14.014876">
				<ele>291</ele>
				<time>2026-09-04T14:44:08Z</time>
			</trkpt>
			<trkpt lat="48.390162" lon="14.014894">
				<ele>291.200012</ele>
				<time>2026-09-04T14:44:09Z</time>
			</trkpt>
			<trkpt lat="48.390106" lon="14.014902">
				<ele>291.200012</ele>
				<time>2026-09-04T14:44:11Z</time>
			</trkpt>
			<trkpt lat="48.390047" lon="14.014924">
				<ele>291.200012</ele>
				<time>2026-09-04T14:44:12Z</time>
			</trkpt>
			<trkpt lat="48.389987" lon="14.014934">
				<ele>291.200012</ele>
				<time>2026-09-04T14:44:13Z</time>
			</trkpt>
			<trkpt lat="48.389924" lon="14.014958">
				<ele>291.200012</ele>
				<time>2026-09-04T14:44:14Z</time>
			</trkpt>
			<trkpt lat="48.389862" lon="14.014974">
				<ele>291.200012</ele>
				<time>2026-09-04T14:44:16Z</time>
			</trkpt>
			<trkpt lat="48.389746" lon="14.015002">
				<ele>291.200012</ele>
				<time>2026-09-04T14:44:17Z</time>
			</trkpt>
			<trkpt lat="48.389688" lon="14.015016">
				<ele>291.200012</ele>
				<time>2026-09-04T14:44:18Z</time>
			</trkpt>
			<trkpt lat="48.389628" lon="14.015036">
				<ele>291.200012</ele>
				<time>2026-09-04T14:44:20Z</time>
			</trkpt>
			<trkpt lat="48.389568" lon="14.015056">
				<ele>291.200012</ele>
				<time>2026-09-04T14:44:21Z</time>
			</trkpt>
			<trkpt lat="48.389508" lon="14.015076">
				<ele>291.200012</ele>
				<time>2026-09-04T14:44:22Z</time>
			</trkpt>
			<trkpt lat="48.389448" lon="14.015086">
				<ele>291.200012</ele>
				<time>2026-09-04T14:44:23Z</time>
			</trkpt>
			<trkpt lat="48.389388" lon="14.015116">
				<ele>291.200012</ele>
				<time>2026-09-04T14:44:25Z</time>
			</trkpt>
			<trkpt lat="48.389329" lon="14.015138">
				<ele>291.200012</ele>
				<time>2026-09-04T14:44:26Z</time>
			</trkpt>
			<trkpt lat="48.389271" lon="14.015152">
				<ele>291.200012</ele>
				<time>2026-09-04T14:44:27Z</time>
			</trkpt>
			<trkpt lat="48.389212" lon="14.015174">
				<ele>291.200012</ele>
				<time>2026-09-04T14:44:28Z</time>
			</trkpt>
			<trkpt lat="48.389153" lon="14.015206">
				<ele>291.200012</ele>
				<time>2026-09-04T14:44:30Z</time>
			</trkpt>
			<trkpt lat="48.389096" lon="14.015232">
				<ele>291.200012</ele>
				<time>2026-09-04T14:44:31Z</time>
			</trkpt>
			<trkpt lat="48.389037" lon="14.015254">
				<ele>291.200012</ele>
				<time>2026-09-04T14:44:32Z</time>
			</trkpt>
			<trkpt lat="48.388975" lon="14.01527">
				<ele>291.200012</ele>
				<time>2026-09-04T14:44:34Z</time>
			</trkpt>
			<trkpt lat="48.388909" lon="14.015288">
				<ele>291.200012</ele>
				<time>2026-09-04T14:44:35Z</time>
			</trkpt>
			<trkpt lat="48.388845" lon="14.01531">
				<ele>291.200012</ele>
				<time>2026-09-04T14:44:36Z</time>
			</trkpt>
			<trkpt lat="48.388786" lon="14.015332">
				<ele>291.200012</ele>
				<time>2026-09-04T14:44:38Z</time>
			</trkpt>
			<trkpt lat="48.388727" lon="14.015364">
				<ele>291.200012</ele>
				<time>2026-09-04T14:44:39Z</time>
			</trkpt>
			<trkpt lat="48.388666" lon="14.015392">
				<ele>291.200012</ele>
				<time>2026-09-04T14:44:40Z</time>
			</trkpt>
			<trkpt lat="48.388605" lon="14.01542">
				<ele>291.200012</ele>
				<time>2026-09-04T14:44:42Z</time>
			</trkpt>
			<trkpt lat="48.388541" lon="14.015452">
				<ele>291.200012</ele>
				<time>2026-09-04T14:44:43Z</time>
			</trkpt>
			<trkpt lat="48.388475" lon="14.01548">
				<ele>291.200012</ele>
				<time>2026-09-04T14:44:44Z</time>
			</trkpt>
			<trkpt lat="48.388414" lon="14.015528">
				<ele>291.200012</ele>
				<time>2026-09-04T14:44:46Z</time>
			</trkpt>
			<trkpt lat="48.388354" lon="14.015568">
				<ele>291.200012</ele>
				<time>2026-09-04T14:44:47Z</time>
			</trkpt>
			<trkpt lat="48.388295" lon="14.0156">
				<ele>291.200012</ele>
				<time>2026-09-04T14:44:48Z</time>
			</trkpt>
			<trkpt lat="48.388235" lon="14.01563">
				<ele>291.200012</ele>
				<time>2026-09-04T14:44:50Z</time>
			</trkpt>
			<trkpt lat="48.388179" lon="14.015678">
				<ele>291.200012</ele>
				<time>2026-09-04T14:44:51Z</time>
			</trkpt>
			<trkpt lat="48.388124" lon="14.015708">
				<ele>291.200012</ele>
				<time>2026-09-04T14:44:52Z</time>
			</trkpt>
			<trkpt lat="48.388067" lon="14.015744">
				<ele>291.200012</ele>
				<time>2026-09-04T14:44:54Z</time>
			</trkpt>
			<trkpt lat="48.388012" lon="14.015784">
				<ele>291.200012</ele>
				<time>2026-09-04T14:44:55Z</time>
			</trkpt>
			<trkpt lat="48.387959" lon="14.015828">
				<ele>291.200012</ele>
				<time>2026-09-04T14:44:56Z</time>
			</trkpt>
			<trkpt lat="48.387908" lon="14.015876">
				<ele>291.200012</ele>
				<time>2026-09-04T14:44:57Z</time>
			</trkpt>
			<trkpt lat="48.387853" lon="14.015916">
				<ele>291.200012</ele>
				<time>2026-09-04T14:44:58Z</time>
			</trkpt>
			<trkpt lat="48.387811" lon="14.015952">
				<ele>291.200012</ele>
				<time>2026-09-04T14:44:59Z</time>
			</trkpt>
			<trkpt lat="48.387751" lon="14.016002">
				<ele>291</ele>
				<time>2026-09-04T14:45:00Z</time>
			</trkpt>
			<trkpt lat="48.387711" lon="14.016042">
				<ele>291</ele>
				<time>2026-09-04T14:45:01Z</time>
			</trkpt>
			<trkpt lat="48.387661" lon="14.016092">
				<ele>291</ele>
				<time>2026-09-04T14:45:02Z</time>
			</trkpt>
			<trkpt lat="48.387602" lon="14.016154">
				<ele>291</ele>
				<time>2026-09-04T14:45:03Z</time>
			</trkpt>
			<trkpt lat="48.387564" lon="14.016198">
				<ele>291.200012</ele>
				<time>2026-09-04T14:45:04Z</time>
			</trkpt>
			<trkpt lat="48.387502" lon="14.016254">
				<ele>291.200012</ele>
				<time>2026-09-04T14:45:06Z</time>
			</trkpt>
			<trkpt lat="48.387458" lon="14.016296">
				<ele>291.200012</ele>
				<time>2026-09-04T14:45:07Z</time>
			</trkpt>
			<trkpt lat="48.387403" lon="14.016346">
				<ele>291.200012</ele>
				<time>2026-09-04T14:45:08Z</time>
			</trkpt>
			<trkpt lat="48.387348" lon="14.016386">
				<ele>291.200012</ele>
				<time>2026-09-04T14:45:09Z</time>
			</trkpt>
			<trkpt lat="48.387287" lon="14.016444">
				<ele>291.200012</ele>
				<time>2026-09-04T14:45:11Z</time>
			</trkpt>
			<trkpt lat="48.387239" lon="14.016498">
				<ele>291.200012</ele>
				<time>2026-09-04T14:45:12Z</time>
			</trkpt>
			<trkpt lat="48.387202" lon="14.016534">
				<ele>291.200012</ele>
				<time>2026-09-04T14:45:13Z</time>
			</trkpt>
			<trkpt lat="48.387142" lon="14.016594">
				<ele>291.200012</ele>
				<time>2026-09-04T14:45:14Z</time>
			</trkpt>
			<trkpt lat="48.387099" lon="14.016658">
				<ele>291.200012</ele>
				<time>2026-09-04T14:45:15Z</time>
			</trkpt>
			<trkpt lat="48.387033" lon="14.016716">
				<ele>291.200012</ele>
				<time>2026-09-04T14:45:17Z</time>
			</trkpt>
			<trkpt lat="48.386982" lon="14.016754">
				<ele>291.200012</ele>
				<time>2026-09-04T14:45:18Z</time>
			</trkpt>
			<trkpt lat="48.386925" lon="14.0168">
				<ele>291.200012</ele>
				<time>2026-09-04T14:45:20Z</time>
			</trkpt>
			<trkpt lat="48.386878" lon="14.016856">
				<ele>291.200012</ele>
				<time>2026-09-04T14:45:21Z</time>
			</trkpt>
			<trkpt lat="48.386814" lon="14.016898">
				<ele>291.200012</ele>
				<time>2026-09-04T14:45:22Z</time>
			</trkpt>
			<trkpt lat="48.386758" lon="14.016946">
				<ele>291.200012</ele>
				<time>2026-09-04T14:45:24Z</time>
			</trkpt>
			<trkpt lat="48.386701" lon="14.016982">
				<ele>291.200012</ele>
				<time>2026-09-04T14:45:25Z</time>
			</trkpt>
			<trkpt lat="48.386647" lon="14.017034">
				<ele>291.200012</ele>
				<time>2026-09-04T14:45:26Z</time>
			</trkpt>
			<trkpt lat="48.386594" lon="14.017088">
				<ele>291.200012</ele>
				<time>2026-09-04T14:45:28Z</time>
			</trkpt>
			<trkpt lat="48.386542" lon="14.017134">
				<ele>291.200012</ele>
				<time>2026-09-04T14:45:29Z</time>
			</trkpt>
			<trkpt lat="48.386489" lon="14.017178">
				<ele>291.200012</ele>
				<time>2026-09-04T14:45:30Z</time>
			</trkpt>
			<trkpt lat="48.386438" lon="14.017226">
				<ele>291.200012</ele>
				<time>2026-09-04T14:45:31Z</time>
			</trkpt>
			<trkpt lat="48.386379" lon="14.017278">
				<ele>291.200012</ele>
				<time>2026-09-04T14:45:33Z</time>
			</trkpt>
			<trkpt lat="48.386318" lon="14.017326">
				<ele>291.200012</ele>
				<time>2026-09-04T14:45:34Z</time>
			</trkpt>
			<trkpt lat="48.386261" lon="14.017372">
				<ele>291</ele>
				<time>2026-09-04T14:45:35Z</time>
			</trkpt>
			<trkpt lat="48.386198" lon="14.017436">
				<ele>291</ele>
				<time>2026-09-04T14:45:37Z</time>
			</trkpt>
			<trkpt lat="48.386142" lon="14.017494">
				<ele>291</ele>
				<time>2026-09-04T14:45:38Z</time>
			</trkpt>
			<trkpt lat="48.386029" lon="14.017608">
				<ele>290.799988</ele>
				<time>2026-09-04T14:45:40Z</time>
			</trkpt>
			<trkpt lat="48.385971" lon="14.017652">
				<ele>290.799988</ele>
				<time>2026-09-04T14:45:41Z</time>
			</trkpt>
			<trkpt lat="48.385916" lon="14.017702">
				<ele>290.799988</ele>
				<time>2026-09-04T14:45:42Z</time>
			</trkpt>
			<trkpt lat="48.385861" lon="14.017742">
				<ele>290.799988</ele>
				<time>2026-09-04T14:45:43Z</time>
			</trkpt>
			<trkpt lat="48.385819" lon="14.017788">
				<ele>290.799988</ele>
				<time>2026-09-04T14:45:44Z</time>
			</trkpt>
			<trkpt lat="48.385759" lon="14.017838">
				<ele>290.799988</ele>
				<time>2026-09-04T14:45:45Z</time>
			</trkpt>
			<trkpt lat="48.385712" lon="14.017884">
				<ele>290.799988</ele>
				<time>2026-09-04T14:45:46Z</time>
			</trkpt>
			<trkpt lat="48.385669" lon="14.017928">
				<ele>290.799988</ele>
				<time>2026-09-04T14:45:47Z</time>
			</trkpt>
			<trkpt lat="48.385622" lon="14.017964">
				<ele>290.799988</ele>
				<time>2026-09-04T14:45:48Z</time>
			</trkpt>
			<trkpt lat="48.385568" lon="14.018016">
				<ele>290.799988</ele>
				<time>2026-09-04T14:45:49Z</time>
			</trkpt>
			<trkpt lat="48.385517" lon="14.018074">
				<ele>290.799988</ele>
				<time>2026-09-04T14:45:51Z</time>
			</trkpt>
			<trkpt lat="48.385467" lon="14.018124">
				<ele>290.799988</ele>
				<time>2026-09-04T14:45:52Z</time>
			</trkpt>
			<trkpt lat="48.385416" lon="14.018172">
				<ele>290.799988</ele>
				<time>2026-09-04T14:45:53Z</time>
			</trkpt>
			<trkpt lat="48.385366" lon="14.018232">
				<ele>291</ele>
				<time>2026-09-04T14:45:54Z</time>
			</trkpt>
			<trkpt lat="48.385314" lon="14.018288">
				<ele>291</ele>
				<time>2026-09-04T14:45:56Z</time>
			</trkpt>
			<trkpt lat="48.385254" lon="14.018348">
				<ele>291</ele>
				<time>2026-09-04T14:45:57Z</time>
			</trkpt>
			<trkpt lat="48.385215" lon="14.01838">
				<ele>291</ele>
				<time>2026-09-04T14:45:58Z</time>
			</trkpt>
			<trkpt lat="48.385167" lon="14.018444">
				<ele>291</ele>
				<time>2026-09-04T14:45:59Z</time>
			</trkpt>
			<trkpt lat="48.385119" lon="14.018498">
				<ele>291</ele>
				<time>2026-09-04T14:46:01Z</time>
			</trkpt>
			<trkpt lat="48.385069" lon="14.018548">
				<ele>290.799988</ele>
				<time>2026-09-04T14:46:02Z</time>
			</trkpt>
			<trkpt lat="48.385021" lon="14.018602">
				<ele>290.799988</ele>
				<time>2026-09-04T14:46:03Z</time>
			</trkpt>
			<trkpt lat="48.384977" lon="14.018654">
				<ele>290.799988</ele>
				<time>2026-09-04T14:46:04Z</time>
			</trkpt>
			<trkpt lat="48.384918" lon="14.018716">
				<ele>290.799988</ele>
				<time>2026-09-04T14:46:05Z</time>
			</trkpt>
			<trkpt lat="48.384869" lon="14.018778">
				<ele>290.799988</ele>
				<time>2026-09-04T14:46:07Z</time>
			</trkpt>
			<trkpt lat="48.384828" lon="14.018826">
				<ele>290.799988</ele>
				<time>2026-09-04T14:46:08Z</time>
			</trkpt>
			<trkpt lat="48.384768" lon="14.018886">
				<ele>290.799988</ele>
				<time>2026-09-04T14:46:09Z</time>
			</trkpt>
			<trkpt lat="48.384717" lon="14.018944">
				<ele>290.799988</ele>
				<time>2026-09-04T14:46:10Z</time>
			</trkpt>
			<trkpt lat="48.384667" lon="14.018994">
				<ele>290.799988</ele>
				<time>2026-09-04T14:46:11Z</time>
			</trkpt>
			<trkpt lat="48.384618" lon="14.019046">
				<ele>290.799988</ele>
				<time>2026-09-04T14:46:12Z</time>
			</trkpt>
			<trkpt lat="48.384566" lon="14.019102">
				<ele>290.799988</ele>
				<time>2026-09-04T14:46:13Z</time>
			</trkpt>
			<trkpt lat="48.384513" lon="14.019156">
				<ele>290.799988</ele>
				<time>2026-09-04T14:46:15Z</time>
			</trkpt>
			<trkpt lat="48.384448" lon="14.019226">
				<ele>290.799988</ele>
				<time>2026-09-04T14:46:16Z</time>
			</trkpt>
			<trkpt lat="48.384407" lon="14.019264">
				<ele>290.799988</ele>
				<time>2026-09-04T14:46:17Z</time>
			</trkpt>
			<trkpt lat="48.384346" lon="14.019322">
				<ele>290.799988</ele>
				<time>2026-09-04T14:46:18Z</time>
			</trkpt>
			<trkpt lat="48.384295" lon="14.01937">
				<ele>290.799988</ele>
				<time>2026-09-04T14:46:19Z</time>
			</trkpt>
			<trkpt lat="48.384246" lon="14.019432">
				<ele>290.799988</ele>
				<time>2026-09-04T14:46:20Z</time>
			</trkpt>
			<trkpt lat="48.384195" lon="14.01949">
				<ele>290.799988</ele>
				<time>2026-09-04T14:46:22Z</time>
			</trkpt>
			<trkpt lat="48.384142" lon="14.019544">
				<ele>290.799988</ele>
				<time>2026-09-04T14:46:23Z</time>
			</trkpt>
			<trkpt lat="48.384092" lon="14.019594">
				<ele>290.799988</ele>
				<time>2026-09-04T14:46:24Z</time>
			</trkpt>
			<trkpt lat="48.384036" lon="14.019652">
				<ele>290.799988</ele>
				<time>2026-09-04T14:46:26Z</time>
			</trkpt>
			<trkpt lat="48.383987" lon="14.019704">
				<ele>291</ele>
				<time>2026-09-04T14:46:27Z</time>
			</trkpt>
			<trkpt lat="48.383934" lon="14.019768">
				<ele>291</ele>
				<time>2026-09-04T14:46:28Z</time>
			</trkpt>
			<trkpt lat="48.383884" lon="14.019818">
				<ele>291</ele>
				<time>2026-09-04T14:46:30Z</time>
			</trkpt>
			<trkpt lat="48.383839" lon="14.019878">
				<ele>291</ele>
				<time>2026-09-04T14:46:31Z</time>
			</trkpt>
			<trkpt lat="48.383792" lon="14.019924">
				<ele>291</ele>
				<time>2026-09-04T14:46:32Z</time>
			</trkpt>
			<trkpt lat="48.383746" lon="14.019982">
				<ele>291</ele>
				<time>2026-09-04T14:46:33Z</time>
			</trkpt>
			<trkpt lat="48.383697" lon="14.020044">
				<ele>291</ele>
				<time>2026-09-04T14:46:35Z</time>
			</trkpt>
			<trkpt lat="48.383641" lon="14.020092">
				<ele>291.200012</ele>
				<time>2026-09-04T14:46:36Z</time>
			</trkpt>
			<trkpt lat="48.383589" lon="14.020148">
				<ele>291</ele>
				<time>2026-09-04T14:46:37Z</time>
			</trkpt>
			<trkpt lat="48.383545" lon="14.02019">
				<ele>291</ele>
				<time>2026-09-04T14:46:38Z</time>
			</trkpt>
			<trkpt lat="48.383484" lon="14.020258">
				<ele>291</ele>
				<time>2026-09-04T14:46:40Z</time>
			</trkpt>
			<trkpt lat="48.383439" lon="14.020318">
				<ele>290.799988</ele>
				<time>2026-09-04T14:46:41Z</time>
			</trkpt>
			<trkpt lat="48.383361" lon="14.020382">
				<ele>290.799988</ele>
				<time>2026-09-04T14:46:43Z</time>
			</trkpt>
			<trkpt lat="48.383303" lon="14.020446">
				<ele>290.600006</ele>
				<time>2026-09-04T14:46:44Z</time>
			</trkpt>
			<trkpt lat="48.383258" lon="14.020496">
				<ele>290.600006</ele>
				<time>2026-09-04T14:46:45Z</time>
			</trkpt>
			<trkpt lat="48.383198" lon="14.020566">
				<ele>290.399994</ele>
				<time>2026-09-04T14:46:46Z</time>
			</trkpt>
			<trkpt lat="48.383159" lon="14.020618">
				<ele>290.399994</ele>
				<time>2026-09-04T14:46:47Z</time>
			</trkpt>
			<trkpt lat="48.383112" lon="14.020674">
				<ele>290.200012</ele>
				<time>2026-09-04T14:46:48Z</time>
			</trkpt>
			<trkpt lat="48.383064" lon="14.020738">
				<ele>290</ele>
				<time>2026-09-04T14:46:49Z</time>
			</trkpt>
			<trkpt lat="48.383011" lon="14.020802">
				<ele>290</ele>
				<time>2026-09-04T14:46:50Z</time>
			</trkpt>
			<trkpt lat="48.382951" lon="14.020872">
				<ele>289.799988</ele>
				<time>2026-09-04T14:46:51Z</time>
			</trkpt>
			<trkpt lat="48.382896" lon="14.020942">
				<ele>289.799988</ele>
				<time>2026-09-04T14:46:52Z</time>
			</trkpt>
			<trkpt lat="48.382843" lon="14.021016">
				<ele>289.600006</ele>
				<time>2026-09-04T14:46:53Z</time>
			</trkpt>
			<trkpt lat="48.382783" lon="14.021106">
				<ele>289.399994</ele>
				<time>2026-09-04T14:46:55Z</time>
			</trkpt>
			<trkpt lat="48.382727" lon="14.021184">
				<ele>289.200012</ele>
				<time>2026-09-04T14:46:56Z</time>
			</trkpt>
			<trkpt lat="48.382674" lon="14.021258">
				<ele>289.200012</ele>
				<time>2026-09-04T14:46:57Z</time>
			</trkpt>
			<trkpt lat="48.382618" lon="14.021336">
				<ele>289</ele>
				<time>2026-09-04T14:46:58Z</time>
			</trkpt>
			<trkpt lat="48.382566" lon="14.021412">
				<ele>288.799988</ele>
				<time>2026-09-04T14:46:59Z</time>
			</trkpt>
			<trkpt lat="48.382466" lon="14.021592">
				<ele>288.600006</ele>
				<time>2026-09-04T14:47:00Z</time>
			</trkpt>
			<trkpt lat="48.382408" lon="14.021686">
				<ele>288.399994</ele>
				<time>2026-09-04T14:47:01Z</time>
			</trkpt>
			<trkpt lat="48.382353" lon="14.021786">
				<ele>288.399994</ele>
				<time>2026-09-04T14:47:02Z</time>
			</trkpt>
			<trkpt lat="48.382289" lon="14.021888">
				<ele>288.200012</ele>
				<time>2026-09-04T14:47:03Z</time>
			</trkpt>
			<trkpt lat="48.382231" lon="14.021982">
				<ele>288.200012</ele>
				<time>2026-09-04T14:47:04Z</time>
			</trkpt>
			<trkpt lat="48.382176" lon="14.022062">
				<ele>288</ele>
				<time>2026-09-04T14:47:05Z</time>
			</trkpt>
			<trkpt lat="48.382125" lon="14.02214">
				<ele>287.799988</ele>
				<time>2026-09-04T14:47:06Z</time>
			</trkpt>
			<trkpt lat="48.382063" lon="14.022236">
				<ele>287.799988</ele>
				<time>2026-09-04T14:47:08Z</time>
			</trkpt>
			<trkpt lat="48.381998" lon="14.022316">
				<ele>287.600006</ele>
				<time>2026-09-04T14:47:09Z</time>
			</trkpt>
			<trkpt lat="48.381929" lon="14.022428">
				<ele>287.399994</ele>
				<time>2026-09-04T14:47:10Z</time>
			</trkpt>
			<trkpt lat="48.381877" lon="14.022514">
				<ele>287.399994</ele>
				<time>2026-09-04T14:47:11Z</time>
			</trkpt>
			<trkpt lat="48.381833" lon="14.022586">
				<ele>287.200012</ele>
				<time>2026-09-04T14:47:12Z</time>
			</trkpt>
			<trkpt lat="48.381786" lon="14.022662">
				<ele>287</ele>
				<time>2026-09-04T14:47:13Z</time>
			</trkpt>
			<trkpt lat="48.381732" lon="14.022744">
				<ele>287</ele>
				<time>2026-09-04T14:47:14Z</time>
			</trkpt>
			<trkpt lat="48.381688" lon="14.022806">
				<ele>286.799988</ele>
				<time>2026-09-04T14:47:15Z</time>
			</trkpt>
			<trkpt lat="48.381621" lon="14.022902">
				<ele>286.600006</ele>
				<time>2026-09-04T14:47:17Z</time>
			</trkpt>
			<trkpt lat="48.381565" lon="14.02298">
				<ele>286.600006</ele>
				<time>2026-09-04T14:47:18Z</time>
			</trkpt>
			<trkpt lat="48.381516" lon="14.023062">
				<ele>286.600006</ele>
				<time>2026-09-04T14:47:19Z</time>
			</trkpt>
			<trkpt lat="48.381469" lon="14.023148">
				<ele>286.399994</ele>
				<time>2026-09-04T14:47:20Z</time>
			</trkpt>
			<trkpt lat="48.381425" lon="14.02322">
				<ele>286.399994</ele>
				<time>2026-09-04T14:47:21Z</time>
			</trkpt>
			<trkpt lat="48.381383" lon="14.023306">
				<ele>286.399994</ele>
				<time>2026-09-04T14:47:22Z</time>
			</trkpt>
			<trkpt lat="48.381334" lon="14.023388">
				<ele>286.200012</ele>
				<time>2026-09-04T14:47:23Z</time>
			</trkpt>
			<trkpt lat="48.381299" lon="14.023448">
				<ele>286.200012</ele>
				<time>2026-09-04T14:47:24Z</time>
			</trkpt>
			<trkpt lat="48.381263" lon="14.023516">
				<ele>286.200012</ele>
				<time>2026-09-04T14:47:25Z</time>
			</trkpt>
			<trkpt lat="48.381225" lon="14.02359">
				<ele>286.200012</ele>
				<time>2026-09-04T14:47:26Z</time>
			</trkpt>
			<trkpt lat="48.381186" lon="14.023682">
				<ele>286</ele>
				<time>2026-09-04T14:47:27Z</time>
			</trkpt>
			<trkpt lat="48.381137" lon="14.023764">
				<ele>286</ele>
				<time>2026-09-04T14:47:28Z</time>
			</trkpt>
			<trkpt lat="48.381082" lon="14.023844">
				<ele>286</ele>
				<time>2026-09-04T14:47:29Z</time>
			</trkpt>
			<trkpt lat="48.380996" lon="14.023952">
				<ele>285.799988</ele>
				<time>2026-09-04T14:47:31Z</time>
			</trkpt>
			<trkpt lat="48.380926" lon="14.024032">
				<ele>285.799988</ele>
				<time>2026-09-04T14:47:32Z</time>
			</trkpt>
			<trkpt lat="48.380844" lon="14.024128">
				<ele>285.799988</ele>
				<time>2026-09-04T14:47:34Z</time>
			</trkpt>
			<trkpt lat="48.380778" lon="14.024216">
				<ele>285.799988</ele>
				<time>2026-09-04T14:47:35Z</time>
			</trkpt>
			<trkpt lat="48.380722" lon="14.024294">
				<ele>285.799988</ele>
				<time>2026-09-04T14:47:37Z</time>
			</trkpt>
			<trkpt lat="48.380666" lon="14.024382">
				<ele>285.600006</ele>
				<time>2026-09-04T14:47:38Z</time>
			</trkpt>
			<trkpt lat="48.380608" lon="14.024466">
				<ele>285.600006</ele>
				<time>2026-09-04T14:47:39Z</time>
			</trkpt>
			<trkpt lat="48.380545" lon="14.02454">
				<ele>285.600006</ele>
				<time>2026-09-04T14:47:40Z</time>
			</trkpt>
			<trkpt lat="48.380475" lon="14.02461">
				<ele>285.600006</ele>
				<time>2026-09-04T14:47:41Z</time>
			</trkpt>
			<trkpt lat="48.380413" lon="14.024696">
				<ele>285.600006</ele>
				<time>2026-09-04T14:47:42Z</time>
			</trkpt>
			<trkpt lat="48.380362" lon="14.024754">
				<ele>285.600006</ele>
				<time>2026-09-04T14:47:44Z</time>
			</trkpt>
			<trkpt lat="48.380301" lon="14.024822">
				<ele>285.600006</ele>
				<time>2026-09-04T14:47:45Z</time>
			</trkpt>
			<trkpt lat="48.380259" lon="14.024868">
				<ele>285.600006</ele>
				<time>2026-09-04T14:47:46Z</time>
			</trkpt>
			<trkpt lat="48.380206" lon="14.024922">
				<ele>285.600006</ele>
				<time>2026-09-04T14:47:47Z</time>
			</trkpt>
			<trkpt lat="48.380144" lon="14.024988">
				<ele>285.399994</ele>
				<time>2026-09-04T14:47:49Z</time>
			</trkpt>
			<trkpt lat="48.380079" lon="14.025058">
				<ele>285.399994</ele>
				<time>2026-09-04T14:47:50Z</time>
			</trkpt>
			<trkpt lat="48.380016" lon="14.025112">
				<ele>285.399994</ele>
				<time>2026-09-04T14:47:51Z</time>
			</trkpt>
			<trkpt lat="48.379937" lon="14.025184">
				<ele>285.399994</ele>
				<time>2026-09-04T14:47:53Z</time>
			</trkpt>
			<trkpt lat="48.379877" lon="14.025234">
				<ele>285.200012</ele>
				<time>2026-09-04T14:47:54Z</time>
			</trkpt>
			<trkpt lat="48.379808" lon="14.025296">
				<ele>285.200012</ele>
				<time>2026-09-04T14:47:56Z</time>
			</trkpt>
			<trkpt lat="48.379743" lon="14.025356">
				<ele>285.200012</ele>
				<time>2026-09-04T14:47:57Z</time>
			</trkpt>
			<trkpt lat="48.379675" lon="14.02542">
				<ele>285.200012</ele>
				<time>2026-09-04T14:47:58Z</time>
			</trkpt>
			<trkpt lat="48.379614" lon="14.025478">
				<ele>285</ele>
				<time>2026-09-04T14:48:00Z</time>
			</trkpt>
			<trkpt lat="48.379544" lon="14.025518">
				<ele>285</ele>
				<time>2026-09-04T14:48:01Z</time>
			</trkpt>
			<trkpt lat="48.379469" lon="14.025578">
				<ele>285</ele>
				<time>2026-09-04T14:48:02Z</time>
			</trkpt>
			<trkpt lat="48.379383" lon="14.025646">
				<ele>285</ele>
				<time>2026-09-04T14:48:04Z</time>
			</trkpt>
			<trkpt lat="48.379302" lon="14.025704">
				<ele>284.799988</ele>
				<time>2026-09-04T14:48:05Z</time>
			</trkpt>
			<trkpt lat="48.379237" lon="14.025754">
				<ele>284.799988</ele>
				<time>2026-09-04T14:48:06Z</time>
			</trkpt>
			<trkpt lat="48.379173" lon="14.025796">
				<ele>284.799988</ele>
				<time>2026-09-04T14:48:08Z</time>
			</trkpt>
			<trkpt lat="48.379109" lon="14.025848">
				<ele>284.799988</ele>
				<time>2026-09-04T14:48:09Z</time>
			</trkpt>
			<trkpt lat="48.379049" lon="14.025888">
				<ele>284.799988</ele>
				<time>2026-09-04T14:48:10Z</time>
			</trkpt>
			<trkpt lat="48.378989" lon="14.025928">
				<ele>284.799988</ele>
				<time>2026-09-04T14:48:11Z</time>
			</trkpt>
			<trkpt lat="48.378939" lon="14.025978">
				<ele>284.600006</ele>
				<time>2026-09-04T14:48:12Z</time>
			</trkpt>
			<trkpt lat="48.378881" lon="14.026002">
				<ele>284.600006</ele>
				<time>2026-09-04T14:48:13Z</time>
			</trkpt>
			<trkpt lat="48.378829" lon="14.026048">
				<ele>284.600006</ele>
				<time>2026-09-04T14:48:14Z</time>
			</trkpt>
			<trkpt lat="48.378774" lon="14.026098">
				<ele>284.399994</ele>
				<time>2026-09-04T14:48:15Z</time>
			</trkpt>
			<trkpt lat="48.378722" lon="14.026134">
				<ele>284.399994</ele>
				<time>2026-09-04T14:48:16Z</time>
			</trkpt>
			<trkpt lat="48.378654" lon="14.026178">
				<ele>284.200012</ele>
				<time>2026-09-04T14:48:17Z</time>
			</trkpt>
			<trkpt lat="48.378591" lon="14.026222">
				<ele>284.200012</ele>
				<time>2026-09-04T14:48:18Z</time>
			</trkpt>
			<trkpt lat="48.378534" lon="14.026278">
				<ele>284.200012</ele>
				<time>2026-09-04T14:48:20Z</time>
			</trkpt>
			<trkpt lat="48.378477" lon="14.026314">
				<ele>284.200012</ele>
				<time>2026-09-04T14:48:21Z</time>
			</trkpt>
			<trkpt lat="48.378366" lon="14.026412">
				<ele>284</ele>
				<time>2026-09-04T14:48:22Z</time>
			</trkpt>
			<trkpt lat="48.378311" lon="14.026462">
				<ele>284</ele>
				<time>2026-09-04T14:48:23Z</time>
			</trkpt>
			<trkpt lat="48.378253" lon="14.026506">
				<ele>284</ele>
				<time>2026-09-04T14:48:24Z</time>
			</trkpt>
			<trkpt lat="48.378192" lon="14.026544">
				<ele>283.799988</ele>
				<time>2026-09-04T14:48:25Z</time>
			</trkpt>
			<trkpt lat="48.378132" lon="14.026584">
				<ele>283.799988</ele>
				<time>2026-09-04T14:48:26Z</time>
			</trkpt>
			<trkpt lat="48.378067" lon="14.026624">
				<ele>283.799988</ele>
				<time>2026-09-04T14:48:27Z</time>
			</trkpt>
			<trkpt lat="48.378019" lon="14.026658">
				<ele>283.600006</ele>
				<time>2026-09-04T14:48:28Z</time>
			</trkpt>
			<trkpt lat="48.377957" lon="14.026694">
				<ele>283.600006</ele>
				<time>2026-09-04T14:48:29Z</time>
			</trkpt>
			<trkpt lat="48.377898" lon="14.026736">
				<ele>283.600006</ele>
				<time>2026-09-04T14:48:30Z</time>
			</trkpt>
			<trkpt lat="48.377823" lon="14.026786">
				<ele>283.399994</ele>
				<time>2026-09-04T14:48:31Z</time>
			</trkpt>
			<trkpt lat="48.377777" lon="14.026814">
				<ele>283.399994</ele>
				<time>2026-09-04T14:48:32Z</time>
			</trkpt>
			<trkpt lat="48.377705" lon="14.02684">
				<ele>283.399994</ele>
				<time>2026-09-04T14:48:33Z</time>
			</trkpt>
			<trkpt lat="48.377643" lon="14.026886">
				<ele>283.200012</ele>
				<time>2026-09-04T14:48:34Z</time>
			</trkpt>
			<trkpt lat="48.377581" lon="14.026922">
				<ele>283.200012</ele>
				<time>2026-09-04T14:48:35Z</time>
			</trkpt>
			<trkpt lat="48.377518" lon="14.026956">
				<ele>283.200012</ele>
				<time>2026-09-04T14:48:36Z</time>
			</trkpt>
			<trkpt lat="48.377456" lon="14.026982">
				<ele>283</ele>
				<time>2026-09-04T14:48:37Z</time>
			</trkpt>
			<trkpt lat="48.377393" lon="14.027016">
				<ele>283</ele>
				<time>2026-09-04T14:48:38Z</time>
			</trkpt>
			<trkpt lat="48.377322" lon="14.027054">
				<ele>283</ele>
				<time>2026-09-04T14:48:39Z</time>
			</trkpt>
			<trkpt lat="48.377261" lon="14.027092">
				<ele>282.799988</ele>
				<time>2026-09-04T14:48:40Z</time>
			</trkpt>
			<trkpt lat="48.377202" lon="14.027124">
				<ele>282.799988</ele>
				<time>2026-09-04T14:48:41Z</time>
			</trkpt>
			<trkpt lat="48.377145" lon="14.02715">
				<ele>282.600006</ele>
				<time>2026-09-04T14:48:42Z</time>
			</trkpt>
			<trkpt lat="48.377086" lon="14.027182">
				<ele>282.600006</ele>
				<time>2026-09-04T14:48:43Z</time>
			</trkpt>
			<trkpt lat="48.377028" lon="14.027216">
				<ele>282.399994</ele>
				<time>2026-09-04T14:48:44Z</time>
			</trkpt>
			<trkpt lat="48.376968" lon="14.027256">
				<ele>282.399994</ele>
				<time>2026-09-04T14:48:45Z</time>
			</trkpt>
			<trkpt lat="48.376919" lon="14.027278">
				<ele>282.200012</ele>
				<time>2026-09-04T14:48:46Z</time>
			</trkpt>
			<trkpt lat="48.376857" lon="14.027304">
				<ele>282.200012</ele>
				<time>2026-09-04T14:48:47Z</time>
			</trkpt>
			<trkpt lat="48.376797" lon="14.027334">
				<ele>282.200012</ele>
				<time>2026-09-04T14:48:48Z</time>
			</trkpt>
			<trkpt lat="48.376737" lon="14.027364">
				<ele>282</ele>
				<time>2026-09-04T14:48:49Z</time>
			</trkpt>
			<trkpt lat="48.376664" lon="14.027398">
				<ele>282</ele>
				<time>2026-09-04T14:48:50Z</time>
			</trkpt>
			<trkpt lat="48.376615" lon="14.02742">
				<ele>282</ele>
				<time>2026-09-04T14:48:51Z</time>
			</trkpt>
			<trkpt lat="48.376555" lon="14.02745">
				<ele>282</ele>
				<time>2026-09-04T14:48:52Z</time>
			</trkpt>
			<trkpt lat="48.376494" lon="14.027488">
				<ele>282</ele>
				<time>2026-09-04T14:48:53Z</time>
			</trkpt>
			<trkpt lat="48.376433" lon="14.027506">
				<ele>282</ele>
				<time>2026-09-04T14:48:54Z</time>
			</trkpt>
			<trkpt lat="48.376374" lon="14.027538">
				<ele>281.799988</ele>
				<time>2026-09-04T14:48:55Z</time>
			</trkpt>
			<trkpt lat="48.376311" lon="14.027552">
				<ele>281.799988</ele>
				<time>2026-09-04T14:48:56Z</time>
			</trkpt>
			<trkpt lat="48.376248" lon="14.027586">
				<ele>281.799988</ele>
				<time>2026-09-04T14:48:58Z</time>
			</trkpt>
			<trkpt lat="48.376183" lon="14.027606">
				<ele>281.799988</ele>
				<time>2026-09-04T14:48:59Z</time>
			</trkpt>
			<trkpt lat="48.376119" lon="14.027638">
				<ele>281.600006</ele>
				<time>2026-09-04T14:49:00Z</time>
			</trkpt>
			<trkpt lat="48.376054" lon="14.027658">
				<ele>281.600006</ele>
				<time>2026-09-04T14:49:01Z</time>
			</trkpt>
			<trkpt lat="48.375925" lon="14.0277">
				<ele>281.399994</ele>
				<time>2026-09-04T14:49:02Z</time>
			</trkpt>
			<trkpt lat="48.375847" lon="14.027724">
				<ele>281.399994</ele>
				<time>2026-09-04T14:49:03Z</time>
			</trkpt>
			<trkpt lat="48.375796" lon="14.027742">
				<ele>281.399994</ele>
				<time>2026-09-04T14:49:04Z</time>
			</trkpt>
			<trkpt lat="48.375722" lon="14.027764">
				<ele>281.200012</ele>
				<time>2026-09-04T14:49:05Z</time>
			</trkpt>
			<trkpt lat="48.375659" lon="14.027778">
				<ele>281.200012</ele>
				<time>2026-09-04T14:49:06Z</time>
			</trkpt>
			<trkpt lat="48.375619" lon="14.027788">
				<ele>281.200012</ele>
				<time>2026-09-04T14:49:07Z</time>
			</trkpt>
			<trkpt lat="48.375549" lon="14.027808">
				<ele>281.200012</ele>
				<time>2026-09-04T14:49:09Z</time>
			</trkpt>
			<trkpt lat="48.375499" lon="14.027818">
				<ele>281.200012</ele>
				<time>2026-09-04T14:49:10Z</time>
			</trkpt>
			<trkpt lat="48.375439" lon="14.027838">
				<ele>281.200012</ele>
				<time>2026-09-04T14:49:11Z</time>
			</trkpt>
			<trkpt lat="48.375369" lon="14.027858">
				<ele>281</ele>
				<time>2026-09-04T14:49:12Z</time>
			</trkpt>
			<trkpt lat="48.375307" lon="14.027874">
				<ele>281</ele>
				<time>2026-09-04T14:49:13Z</time>
			</trkpt>
			<trkpt lat="48.375246" lon="14.027892">
				<ele>281</ele>
				<time>2026-09-04T14:49:14Z</time>
			</trkpt>
			<trkpt lat="48.375173" lon="14.027916">
				<ele>281</ele>
				<time>2026-09-04T14:49:15Z</time>
			</trkpt>
			<trkpt lat="48.375125" lon="14.02792">
				<ele>281</ele>
				<time>2026-09-04T14:49:16Z</time>
			</trkpt>
			<trkpt lat="48.375068" lon="14.027946">
				<ele>280.799988</ele>
				<time>2026-09-04T14:49:17Z</time>
			</trkpt>
			<trkpt lat="48.375009" lon="14.027958">
				<ele>280.799988</ele>
				<time>2026-09-04T14:49:18Z</time>
			</trkpt>
			<trkpt lat="48.374945" lon="14.02798">
				<ele>280.600006</ele>
				<time>2026-09-04T14:49:19Z</time>
			</trkpt>
			<trkpt lat="48.374879" lon="14.028008">
				<ele>280.600006</ele>
				<time>2026-09-04T14:49:20Z</time>
			</trkpt>
			<trkpt lat="48.374817" lon="14.028014">
				<ele>280.600006</ele>
				<time>2026-09-04T14:49:21Z</time>
			</trkpt>
			<trkpt lat="48.374756" lon="14.028032">
				<ele>280.399994</ele>
				<time>2026-09-04T14:49:22Z</time>
			</trkpt>
			<trkpt lat="48.374695" lon="14.02804">
				<ele>280.399994</ele>
				<time>2026-09-04T14:49:23Z</time>
			</trkpt>
			<trkpt lat="48.374628" lon="14.028066">
				<ele>280.200012</ele>
				<time>2026-09-04T14:49:24Z</time>
			</trkpt>
			<trkpt lat="48.374558" lon="14.028076">
				<ele>280</ele>
				<time>2026-09-04T14:49:25Z</time>
			</trkpt>
			<trkpt lat="48.374496" lon="14.028092">
				<ele>280</ele>
				<time>2026-09-04T14:49:26Z</time>
			</trkpt>
			<trkpt lat="48.374433" lon="14.028106">
				<ele>279.799988</ele>
				<time>2026-09-04T14:49:27Z</time>
			</trkpt>
			<trkpt lat="48.374373" lon="14.028116">
				<ele>279.799988</ele>
				<time>2026-09-04T14:49:28Z</time>
			</trkpt>
			<trkpt lat="48.374307" lon="14.028124">
				<ele>279.600006</ele>
				<time>2026-09-04T14:49:29Z</time>
			</trkpt>
			<trkpt lat="48.374244" lon="14.028138">
				<ele>279.600006</ele>
				<time>2026-09-04T14:49:30Z</time>
			</trkpt>
			<trkpt lat="48.374181" lon="14.028142">
				<ele>279.399994</ele>
				<time>2026-09-04T14:49:31Z</time>
			</trkpt>
			<trkpt lat="48.374123" lon="14.028156">
				<ele>279.399994</ele>
				<time>2026-09-04T14:49:32Z</time>
			</trkpt>
			<trkpt lat="48.374057" lon="14.028164">
				<ele>279.200012</ele>
				<time>2026-09-04T14:49:33Z</time>
			</trkpt>
			<trkpt lat="48.373994" lon="14.028178">
				<ele>279.200012</ele>
				<time>2026-09-04T14:49:34Z</time>
			</trkpt>
			<trkpt lat="48.373934" lon="14.028198">
				<ele>279.200012</ele>
				<time>2026-09-04T14:49:35Z</time>
			</trkpt>
			<trkpt lat="48.373889" lon="14.028198">
				<ele>279</ele>
				<time>2026-09-04T14:49:36Z</time>
			</trkpt>
			<trkpt lat="48.373831" lon="14.028202">
				<ele>278.799988</ele>
				<time>2026-09-04T14:49:37Z</time>
			</trkpt>
			<trkpt lat="48.373773" lon="14.028216">
				<ele>278.799988</ele>
				<time>2026-09-04T14:49:38Z</time>
			</trkpt>
			<trkpt lat="48.373697" lon="14.028234">
				<ele>278.600006</ele>
				<time>2026-09-04T14:49:39Z</time>
			</trkpt>
			<trkpt lat="48.373639" lon="14.028238">
				<ele>278.600006</ele>
				<time>2026-09-04T14:49:40Z</time>
			</trkpt>
			<trkpt lat="48.373581" lon="14.028232">
				<ele>278.600006</ele>
				<time>2026-09-04T14:49:41Z</time>
			</trkpt>
			<trkpt lat="48.373523" lon="14.028246">
				<ele>278.600006</ele>
				<time>2026-09-04T14:49:42Z</time>
			</trkpt>
			<trkpt lat="48.373422" lon="14.028244">
				<ele>278.399994</ele>
				<time>2026-09-04T14:49:43Z</time>
			</trkpt>
			<trkpt lat="48.373354" lon="14.028248">
				<ele>278.399994</ele>
				<time>2026-09-04T14:49:44Z</time>
			</trkpt>
			<trkpt lat="48.373311" lon="14.028242">
				<ele>278.200012</ele>
				<time>2026-09-04T14:49:45Z</time>
			</trkpt>
			<trkpt lat="48.373244" lon="14.028248">
				<ele>278.200012</ele>
				<time>2026-09-04T14:49:46Z</time>
			</trkpt>
			<trkpt lat="48.373188" lon="14.028246">
				<ele>278.200012</ele>
				<time>2026-09-04T14:49:47Z</time>
			</trkpt>
			<trkpt lat="48.373133" lon="14.028246">
				<ele>278</ele>
				<time>2026-09-04T14:49:48Z</time>
			</trkpt>
			<trkpt lat="48.373076" lon="14.028242">
				<ele>278</ele>
				<time>2026-09-04T14:49:49Z</time>
			</trkpt>
			<trkpt lat="48.373029" lon="14.028248">
				<ele>278</ele>
				<time>2026-09-04T14:49:50Z</time>
			</trkpt>
			<trkpt lat="48.372961" lon="14.028242">
				<ele>278</ele>
				<time>2026-09-04T14:49:51Z</time>
			</trkpt>
			<trkpt lat="48.372903" lon="14.028246">
				<ele>277.799988</ele>
				<time>2026-09-04T14:49:52Z</time>
			</trkpt>
			<trkpt lat="48.372859" lon="14.028258">
				<ele>277.799988</ele>
				<time>2026-09-04T14:49:53Z</time>
			</trkpt>
			<trkpt lat="48.372799" lon="14.028258">
				<ele>277.799988</ele>
				<time>2026-09-04T14:49:54Z</time>
			</trkpt>
			<trkpt lat="48.372731" lon="14.028262">
				<ele>277.799988</ele>
				<time>2026-09-04T14:49:55Z</time>
			</trkpt>
			<trkpt lat="48.372674" lon="14.028268">
				<ele>277.799988</ele>
				<time>2026-09-04T14:49:56Z</time>
			</trkpt>
			<trkpt lat="48.372619" lon="14.028268">
				<ele>277.799988</ele>
				<time>2026-09-04T14:49:57Z</time>
			</trkpt>
			<trkpt lat="48.372566" lon="14.028262">
				<ele>277.600006</ele>
				<time>2026-09-04T14:49:58Z</time>
			</trkpt>
			<trkpt lat="48.372515" lon="14.02826">
				<ele>277.600006</ele>
				<time>2026-09-04T14:49:59Z</time>
			</trkpt>
			<trkpt lat="48.372456" lon="14.028252">
				<ele>277.600006</ele>
				<time>2026-09-04T14:50:00Z</time>
			</trkpt>
			<trkpt lat="48.372408" lon="14.028236">
				<ele>277.399994</ele>
				<time>2026-09-04T14:50:01Z</time>
			</trkpt>
			<trkpt lat="48.372367" lon="14.028214">
				<ele>277.399994</ele>
				<time>2026-09-04T14:50:02Z</time>
			</trkpt>
			<trkpt lat="48.372328" lon="14.028206">
				<ele>277.399994</ele>
				<time>2026-09-04T14:50:03Z</time>
			</trkpt>
			<trkpt lat="48.372286" lon="14.028192">
				<ele>277.399994</ele>
				<time>2026-09-04T14:50:04Z</time>
			</trkpt>
			<trkpt lat="48.372252" lon="14.028204">
				<ele>277.399994</ele>
				<time>2026-09-04T14:50:05Z</time>
			</trkpt>
			<trkpt lat="48.372221" lon="14.028232">
				<ele>277.399994</ele>
				<time>2026-09-04T14:50:06Z</time>
			</trkpt>
			<trkpt lat="48.372194" lon="14.028268">
				<ele>277.399994</ele>
				<time>2026-09-04T14:50:07Z</time>
			</trkpt>
			<trkpt lat="48.372171" lon="14.028292">
				<ele>277.399994</ele>
				<time>2026-09-04T14:50:08Z</time>
			</trkpt>
			<trkpt lat="48.372147" lon="14.028324">
				<ele>277.399994</ele>
				<time>2026-09-04T14:50:09Z</time>
			</trkpt>
			<trkpt lat="48.372115" lon="14.02834">
				<ele>277.200012</ele>
				<time>2026-09-04T14:50:10Z</time>
			</trkpt>
			<trkpt lat="48.372073" lon="14.028356">
				<ele>277.200012</ele>
				<time>2026-09-04T14:50:11Z</time>
			</trkpt>
			<trkpt lat="48.372032" lon="14.028364">
				<ele>277.200012</ele>
				<time>2026-09-04T14:50:12Z</time>
			</trkpt>
			<trkpt lat="48.371986" lon="14.028352">
				<ele>277</ele>
				<time>2026-09-04T14:50:13Z</time>
			</trkpt>
			<trkpt lat="48.371941" lon="14.028332">
				<ele>277</ele>
				<time>2026-09-04T14:50:14Z</time>
			</trkpt>
			<trkpt lat="48.371895" lon="14.02832">
				<ele>277</ele>
				<time>2026-09-04T14:50:15Z</time>
			</trkpt>
			<trkpt lat="48.371847" lon="14.028314">
				<ele>277</ele>
				<time>2026-09-04T14:50:16Z</time>
			</trkpt>
			<trkpt lat="48.371799" lon="14.028298">
				<ele>276.799988</ele>
				<time>2026-09-04T14:50:17Z</time>
			</trkpt>
			<trkpt lat="48.371751" lon="14.028272">
				<ele>276.799988</ele>
				<time>2026-09-04T14:50:18Z</time>
			</trkpt>
			<trkpt lat="48.371702" lon="14.028264">
				<ele>276.799988</ele>
				<time>2026-09-04T14:50:19Z</time>
			</trkpt>
			<trkpt lat="48.371653" lon="14.028256">
				<ele>277</ele>
				<time>2026-09-04T14:50:20Z</time>
			</trkpt>
			<trkpt lat="48.371604" lon="14.028238">
				<ele>277</ele>
				<time>2026-09-04T14:50:21Z</time>
			</trkpt>
			<trkpt lat="48.371554" lon="14.028228">
				<ele>276.799988</ele>
				<time>2026-09-04T14:50:22Z</time>
			</trkpt>
			<trkpt lat="48.371504" lon="14.028208">
				<ele>277</ele>
				<time>2026-09-04T14:50:23Z</time>
			</trkpt>
			<trkpt lat="48.371408" lon="14.028166">
				<ele>277</ele>
				<time>2026-09-04T14:50:24Z</time>
			</trkpt>
			<trkpt lat="48.371358" lon="14.028146">
				<ele>277</ele>
				<time>2026-09-04T14:50:25Z</time>
			</trkpt>
			<trkpt lat="48.371307" lon="14.028134">
				<ele>277</ele>
				<time>2026-09-04T14:50:26Z</time>
			</trkpt>
			<trkpt lat="48.371256" lon="14.028112">
				<ele>276.799988</ele>
				<time>2026-09-04T14:50:27Z</time>
			</trkpt>
			<trkpt lat="48.371204" lon="14.028098">
				<ele>277</ele>
				<time>2026-09-04T14:50:29Z</time>
			</trkpt>
			<trkpt lat="48.371151" lon="14.028072">
				<ele>277</ele>
				<time>2026-09-04T14:50:30Z</time>
			</trkpt>
			<trkpt lat="48.371098" lon="14.028056">
				<ele>277</ele>
				<time>2026-09-04T14:50:31Z</time>
			</trkpt>
			<trkpt lat="48.371046" lon="14.028042">
				<ele>277</ele>
				<time>2026-09-04T14:50:32Z</time>
			</trkpt>
			<trkpt lat="48.370994" lon="14.028028">
				<ele>277</ele>
				<time>2026-09-04T14:50:33Z</time>
			</trkpt>
			<trkpt lat="48.370942" lon="14.027994">
				<ele>277</ele>
				<time>2026-09-04T14:50:34Z</time>
			</trkpt>
			<trkpt lat="48.370889" lon="14.027978">
				<ele>276.799988</ele>
				<time>2026-09-04T14:50:35Z</time>
			</trkpt>
			<trkpt lat="48.370837" lon="14.027944">
				<ele>276.799988</ele>
				<time>2026-09-04T14:50:36Z</time>
			</trkpt>
			<trkpt lat="48.370785" lon="14.02792">
				<ele>276.799988</ele>
				<time>2026-09-04T14:50:37Z</time>
			</trkpt>
			<trkpt lat="48.370733" lon="14.027906">
				<ele>276.799988</ele>
				<time>2026-09-04T14:50:38Z</time>
			</trkpt>
			<trkpt lat="48.370679" lon="14.027878">
				<ele>276.799988</ele>
				<time>2026-09-04T14:50:39Z</time>
			</trkpt>
			<trkpt lat="48.370626" lon="14.027852">
				<ele>276.799988</ele>
				<time>2026-09-04T14:50:40Z</time>
			</trkpt>
			<trkpt lat="48.370575" lon="14.02782">
				<ele>276.799988</ele>
				<time>2026-09-04T14:50:41Z</time>
			</trkpt>
			<trkpt lat="48.370525" lon="14.02779">
				<ele>276.799988</ele>
				<time>2026-09-04T14:50:42Z</time>
			</trkpt>
			<trkpt lat="48.370474" lon="14.027768">
				<ele>276.799988</ele>
				<time>2026-09-04T14:50:43Z</time>
			</trkpt>
			<trkpt lat="48.370423" lon="14.027736">
				<ele>276.799988</ele>
				<time>2026-09-04T14:50:44Z</time>
			</trkpt>
			<trkpt lat="48.370372" lon="14.027704">
				<ele>276.799988</ele>
				<time>2026-09-04T14:50:45Z</time>
			</trkpt>
			<trkpt lat="48.370322" lon="14.027674">
				<ele>276.799988</ele>
				<time>2026-09-04T14:50:46Z</time>
			</trkpt>
			<trkpt lat="48.370271" lon="14.027642">
				<ele>276.799988</ele>
				<time>2026-09-04T14:50:47Z</time>
			</trkpt>
			<trkpt lat="48.370221" lon="14.027612">
				<ele>276.799988</ele>
				<time>2026-09-04T14:50:48Z</time>
			</trkpt>
			<trkpt lat="48.370171" lon="14.027592">
				<ele>276.799988</ele>
				<time>2026-09-04T14:50:49Z</time>
			</trkpt>
			<trkpt lat="48.370118" lon="14.027566">
				<ele>276.799988</ele>
				<time>2026-09-04T14:50:51Z</time>
			</trkpt>
			<trkpt lat="48.370063" lon="14.027546">
				<ele>276.799988</ele>
				<time>2026-09-04T14:50:52Z</time>
			</trkpt>
			<trkpt lat="48.370016" lon="14.027522">
				<ele>276.799988</ele>
				<time>2026-09-04T14:50:53Z</time>
			</trkpt>
			<trkpt lat="48.369956" lon="14.027492">
				<ele>276.799988</ele>
				<time>2026-09-04T14:50:54Z</time>
			</trkpt>
			<trkpt lat="48.369906" lon="14.027462">
				<ele>276.799988</ele>
				<time>2026-09-04T14:50:55Z</time>
			</trkpt>
			<trkpt lat="48.369857" lon="14.027434">
				<ele>276.600006</ele>
				<time>2026-09-04T14:50:56Z</time>
			</trkpt>
			<trkpt lat="48.369807" lon="14.027414">
				<ele>276.600006</ele>
				<time>2026-09-04T14:50:57Z</time>
			</trkpt>
			<trkpt lat="48.369758" lon="14.027386">
				<ele>276.600006</ele>
				<time>2026-09-04T14:50:58Z</time>
			</trkpt>
			<trkpt lat="48.369716" lon="14.027352">
				<ele>276.600006</ele>
				<time>2026-09-04T14:50:59Z</time>
			</trkpt>
			<trkpt lat="48.369662" lon="14.027334">
				<ele>276.600006</ele>
				<time>2026-09-04T14:51:00Z</time>
			</trkpt>
			<trkpt lat="48.369615" lon="14.02731">
				<ele>276.600006</ele>
				<time>2026-09-04T14:51:01Z</time>
			</trkpt>
			<trkpt lat="48.369569" lon="14.027288">
				<ele>276.600006</ele>
				<time>2026-09-04T14:51:02Z</time>
			</trkpt>
			<trkpt lat="48.369523" lon="14.027256">
				<ele>276.600006</ele>
				<time>2026-09-04T14:51:03Z</time>
			</trkpt>
			<trkpt lat="48.369479" lon="14.027238">
				<ele>276.600006</ele>
				<time>2026-09-04T14:51:04Z</time>
			</trkpt>
			<trkpt lat="48.369394" lon="14.027188">
				<ele>276.399994</ele>
				<time>2026-09-04T14:51:05Z</time>
			</trkpt>
			<trkpt lat="48.369351" lon="14.027162">
				<ele>276.399994</ele>
				<time>2026-09-04T14:51:06Z</time>
			</trkpt>
			<trkpt lat="48.369309" lon="14.027148">
				<ele>276.399994</ele>
				<time>2026-09-04T14:51:07Z</time>
			</trkpt>
			<trkpt lat="48.369272" lon="14.027114">
				<ele>276.399994</ele>
				<time>2026-09-04T14:51:08Z</time>
			</trkpt>
			<trkpt lat="48.369228" lon="14.027086">
				<ele>276.200012</ele>
				<time>2026-09-04T14:51:09Z</time>
			</trkpt>
			<trkpt lat="48.369187" lon="14.027064">
				<ele>276.200012</ele>
				<time>2026-09-04T14:51:10Z</time>
			</trkpt>
			<trkpt lat="48.369145" lon="14.02703">
				<ele>276.200012</ele>
				<time>2026-09-04T14:51:11Z</time>
			</trkpt>
			<trkpt lat="48.369103" lon="14.027016">
				<ele>276.399994</ele>
				<time>2026-09-04T14:51:12Z</time>
			</trkpt>
			<trkpt lat="48.369059" lon="14.026998">
				<ele>276.399994</ele>
				<time>2026-09-04T14:51:13Z</time>
			</trkpt>
			<trkpt lat="48.369016" lon="14.026962">
				<ele>276.399994</ele>
				<time>2026-09-04T14:51:14Z</time>
			</trkpt>
			<trkpt lat="48.368972" lon="14.026944">
				<ele>276.399994</ele>
				<time>2026-09-04T14:51:15Z</time>
			</trkpt>
			<trkpt lat="48.368927" lon="14.026924">
				<ele>276.399994</ele>
				<time>2026-09-04T14:51:16Z</time>
			</trkpt>
			<trkpt lat="48.368885" lon="14.0269">
				<ele>276.399994</ele>
				<time>2026-09-04T14:51:17Z</time>
			</trkpt>
			<trkpt lat="48.368842" lon="14.026884">
				<ele>276.399994</ele>
				<time>2026-09-04T14:51:18Z</time>
			</trkpt>
			<trkpt lat="48.368801" lon="14.026862">
				<ele>276.399994</ele>
				<time>2026-09-04T14:51:19Z</time>
			</trkpt>
			<trkpt lat="48.368759" lon="14.026838">
				<ele>276.399994</ele>
				<time>2026-09-04T14:51:20Z</time>
			</trkpt>
			<trkpt lat="48.368722" lon="14.026814">
				<ele>276.399994</ele>
				<time>2026-09-04T14:51:21Z</time>
			</trkpt>
			<trkpt lat="48.368685" lon="14.02679">
				<ele>276.399994</ele>
				<time>2026-09-04T14:51:22Z</time>
			</trkpt>
			<trkpt lat="48.368645" lon="14.02677">
				<ele>276.399994</ele>
				<time>2026-09-04T14:51:23Z</time>
			</trkpt>
			<trkpt lat="48.368607" lon="14.026754">
				<ele>276.399994</ele>
				<time>2026-09-04T14:51:24Z</time>
			</trkpt>
			<trkpt lat="48.368572" lon="14.026744">
				<ele>276.399994</ele>
				<time>2026-09-04T14:51:25Z</time>
			</trkpt>
			<trkpt lat="48.368538" lon="14.026716">
				<ele>276.399994</ele>
				<time>2026-09-04T14:51:26Z</time>
			</trkpt>
			<trkpt lat="48.368504" lon="14.026698">
				<ele>276.399994</ele>
				<time>2026-09-04T14:51:27Z</time>
			</trkpt>
			<trkpt lat="48.368471" lon="14.026672">
				<ele>276.399994</ele>
				<time>2026-09-04T14:51:28Z</time>
			</trkpt>
			<trkpt lat="48.368445" lon="14.02666">
				<ele>276.399994</ele>
				<time>2026-09-04T14:51:29Z</time>
			</trkpt>
			<trkpt lat="48.368411" lon="14.026642">
				<ele>276.399994</ele>
				<time>2026-09-04T14:51:30Z</time>
			</trkpt>
			<trkpt lat="48.368388" lon="14.026626">
				<ele>276.399994</ele>
				<time>2026-09-04T14:51:31Z</time>
			</trkpt>
			<trkpt lat="48.368351" lon="14.026612">
				<ele>276.399994</ele>
				<time>2026-09-04T14:51:32Z</time>
			</trkpt>
			<trkpt lat="48.368325" lon="14.02659">
				<ele>276.200012</ele>
				<time>2026-09-04T14:51:33Z</time>
			</trkpt>
			<trkpt lat="48.368291" lon="14.026582">
				<ele>276.200012</ele>
				<time>2026-09-04T14:51:34Z</time>
			</trkpt>
			<trkpt lat="48.368261" lon="14.026572">
				<ele>276</ele>
				<time>2026-09-04T14:51:35Z</time>
			</trkpt>
			<trkpt lat="48.368228" lon="14.026566">
				<ele>276</ele>
				<time>2026-09-04T14:51:36Z</time>
			</trkpt>
			<trkpt lat="48.368198" lon="14.026546">
				<ele>276</ele>
				<time>2026-09-04T14:51:37Z</time>
			</trkpt>
			<trkpt lat="48.368167" lon="14.026534">
				<ele>276</ele>
				<time>2026-09-04T14:51:38Z</time>
			</trkpt>
			<trkpt lat="48.368134" lon="14.026528">
				<ele>276</ele>
				<time>2026-09-04T14:51:39Z</time>
			</trkpt>
			<trkpt lat="48.368101" lon="14.026502">
				<ele>275.799988</ele>
				<time>2026-09-04T14:51:40Z</time>
			</trkpt>
			<trkpt lat="48.368067" lon="14.026484">
				<ele>275.799988</ele>
				<time>2026-09-04T14:51:41Z</time>
			</trkpt>
			<trkpt lat="48.368033" lon="14.026476">
				<ele>275.799988</ele>
				<time>2026-09-04T14:51:42Z</time>
			</trkpt>
			<trkpt lat="48.367997" lon="14.026464">
				<ele>276</ele>
				<time>2026-09-04T14:51:43Z</time>
			</trkpt>
			<trkpt lat="48.367966" lon="14.026452">
				<ele>276</ele>
				<time>2026-09-04T14:51:44Z</time>
			</trkpt>
			<trkpt lat="48.367898" lon="14.026426">
				<ele>276</ele>
				<time>2026-09-04T14:51:45Z</time>
			</trkpt>
			<trkpt lat="48.367854" lon="14.026408">
				<ele>276</ele>
				<time>2026-09-04T14:51:46Z</time>
			</trkpt>
			<trkpt lat="48.367819" lon="14.026388">
				<ele>276</ele>
				<time>2026-09-04T14:51:47Z</time>
			</trkpt>
			<trkpt lat="48.367784" lon="14.026368">
				<ele>276</ele>
				<time>2026-09-04T14:51:48Z</time>
			</trkpt>
			<trkpt lat="48.367749" lon="14.026348">
				<ele>276</ele>
				<time>2026-09-04T14:51:49Z</time>
			</trkpt>
			<trkpt lat="48.367715" lon="14.02633">
				<ele>276</ele>
				<time>2026-09-04T14:51:50Z</time>
			</trkpt>
			<trkpt lat="48.367683" lon="14.026316">
				<ele>276</ele>
				<time>2026-09-04T14:51:51Z</time>
			</trkpt>
			<trkpt lat="48.367652" lon="14.026294">
				<ele>276</ele>
				<time>2026-09-04T14:51:52Z</time>
			</trkpt>
			<trkpt lat="48.367624" lon="14.026278">
				<ele>276</ele>
				<time>2026-09-04T14:51:53Z</time>
			</trkpt>
			<trkpt lat="48.367594" lon="14.026258">
				<ele>275.799988</ele>
				<time>2026-09-04T14:51:54Z</time>
			</trkpt>
			<trkpt lat="48.367565" lon="14.02624">
				<ele>275.799988</ele>
				<time>2026-09-04T14:51:55Z</time>
			</trkpt>
			<trkpt lat="48.367536" lon="14.026222">
				<ele>275.799988</ele>
				<time>2026-09-04T14:51:56Z</time>
			</trkpt>
			<trkpt lat="48.367507" lon="14.026214">
				<ele>275.799988</ele>
				<time>2026-09-04T14:51:57Z</time>
			</trkpt>
			<trkpt lat="48.367481" lon="14.026202">
				<ele>275.799988</ele>
				<time>2026-09-04T14:51:58Z</time>
			</trkpt>
			<trkpt lat="48.367457" lon="14.026184">
				<ele>275.799988</ele>
				<time>2026-09-04T14:51:59Z</time>
			</trkpt>
			<trkpt lat="48.367434" lon="14.026168">
				<ele>275.799988</ele>
				<time>2026-09-04T14:52:00Z</time>
			</trkpt>
			<trkpt lat="48.367409" lon="14.026158">
				<ele>275.799988</ele>
				<time>2026-09-04T14:52:01Z</time>
			</trkpt>
			<trkpt lat="48.367384" lon="14.026148">
				<ele>275.799988</ele>
				<time>2026-09-04T14:52:02Z</time>
			</trkpt>
			<trkpt lat="48.367364" lon="14.026128">
				<ele>275.600006</ele>
				<time>2026-09-04T14:52:03Z</time>
			</trkpt>
			<trkpt lat="48.367353" lon="14.026126">
				<ele>275.600006</ele>
				<time>2026-09-04T14:52:04Z</time>
			</trkpt>
			<trkpt lat="48.367348" lon="14.026116">
				<ele>275.600006</ele>
				<time>2026-09-04T14:52:05Z</time>
			</trkpt>
			<trkpt lat="48.367348" lon="14.026116">
				<ele>275.600006</ele>
				<time>2026-09-04T14:52:06Z</time>
			</trkpt>
			<trkpt lat="48.367337" lon="14.026124">
				<ele>275.600006</ele>
				<time>2026-09-04T14:52:07Z</time>
			</trkpt>
			<trkpt lat="48.367337" lon="14.026124">
				<ele>275.600006</ele>
				<time>2026-09-04T14:52:08Z</time>
			</trkpt>
			<trkpt lat="48.367337" lon="14.026124">
				<ele>275.600006</ele>
				<time>2026-09-04T14:52:09Z</time>
			</trkpt>
			<trkpt lat="48.367337" lon="14.026124">
				<ele>275.600006</ele>
				<time>2026-09-04T14:52:10Z</time>
			</trkpt>
			<trkpt lat="48.367324" lon="14.026118">
				<ele>275.600006</ele>
				<time>2026-09-04T14:52:11Z</time>
			</trkpt>
			<trkpt lat="48.367308" lon="14.026116">
				<ele>275.600006</ele>
				<time>2026-09-04T14:52:12Z</time>
			</trkpt>
			<trkpt lat="48.367293" lon="14.026106">
				<ele>275.600006</ele>
				<time>2026-09-04T14:52:13Z</time>
			</trkpt>
			<trkpt lat="48.367278" lon="14.026096">
				<ele>275.600006</ele>
				<time>2026-09-04T14:52:14Z</time>
			</trkpt>
			<trkpt lat="48.367263" lon="14.026086">
				<ele>275.600006</ele>
				<time>2026-09-04T14:52:15Z</time>
			</trkpt>
			<trkpt lat="48.367247" lon="14.026064">
				<ele>275.600006</ele>
				<time>2026-09-04T14:52:16Z</time>
			</trkpt>
			<trkpt lat="48.367229" lon="14.026058">
				<ele>275.600006</ele>
				<time>2026-09-04T14:52:17Z</time>
			</trkpt>
			<trkpt lat="48.367208" lon="14.026046">
				<ele>275.600006</ele>
				<time>2026-09-04T14:52:18Z</time>
			</trkpt>
			<trkpt lat="48.367189" lon="14.026028">
				<ele>275.600006</ele>
				<time>2026-09-04T14:52:19Z</time>
			</trkpt>
			<trkpt lat="48.367171" lon="14.026012">
				<ele>275.600006</ele>
				<time>2026-09-04T14:52:20Z</time>
			</trkpt>
			<trkpt lat="48.367149" lon="14.026008">
				<ele>275.600006</ele>
				<time>2026-09-04T14:52:21Z</time>
			</trkpt>
			<trkpt lat="48.367126" lon="14.025982">
				<ele>275.600006</ele>
				<time>2026-09-04T14:52:22Z</time>
			</trkpt>
			<trkpt lat="48.367098" lon="14.025976">
				<ele>275.799988</ele>
				<time>2026-09-04T14:52:23Z</time>
			</trkpt>
			<trkpt lat="48.367069" lon="14.025968">
				<ele>275.799988</ele>
				<time>2026-09-04T14:52:24Z</time>
			</trkpt>
			<trkpt lat="48.367041" lon="14.025942">
				<ele>275.799988</ele>
				<time>2026-09-04T14:52:25Z</time>
			</trkpt>
			<trkpt lat="48.366983" lon="14.025916">
				<ele>275.799988</ele>
				<time>2026-09-04T14:52:26Z</time>
			</trkpt>
			<trkpt lat="48.366955" lon="14.02589">
				<ele>275.799988</ele>
				<time>2026-09-04T14:52:27Z</time>
			</trkpt>
			<trkpt lat="48.366929" lon="14.025888">
				<ele>275.799988</ele>
				<time>2026-09-04T14:52:28Z</time>
			</trkpt>
			<trkpt lat="48.366906" lon="14.025862">
				<ele>275.799988</ele>
				<time>2026-09-04T14:52:29Z</time>
			</trkpt>
			<trkpt lat="48.366869" lon="14.025858">
				<ele>275.799988</ele>
				<time>2026-09-04T14:52:30Z</time>
			</trkpt>
			<trkpt lat="48.366836" lon="14.025832">
				<ele>275.799988</ele>
				<time>2026-09-04T14:52:31Z</time>
			</trkpt>
			<trkpt lat="48.366804" lon="14.025828">
				<ele>275.799988</ele>
				<time>2026-09-04T14:52:32Z</time>
			</trkpt>
			<trkpt lat="48.366771" lon="14.025802">
				<ele>275.799988</ele>
				<time>2026-09-04T14:52:33Z</time>
			</trkpt>
			<trkpt lat="48.366735" lon="14.02578">
				<ele>275.799988</ele>
				<time>2026-09-04T14:52:34Z</time>
			</trkpt>
			<trkpt lat="48.366696" lon="14.025762">
				<ele>275.799988</ele>
				<time>2026-09-04T14:52:35Z</time>
			</trkpt>
			<trkpt lat="48.366659" lon="14.025758">
				<ele>275.799988</ele>
				<time>2026-09-04T14:52:36Z</time>
			</trkpt>
			<trkpt lat="48.366582" lon="14.025714">
				<ele>275.799988</ele>
				<time>2026-09-04T14:52:38Z</time>
			</trkpt>
			<trkpt lat="48.366582" lon="14.025714">
				<ele>275.799988</ele>
				<time>2026-09-04T14:52:39Z</time>
			</trkpt>
			<trkpt lat="48.366544" lon="14.025708">
				<ele>275.799988</ele>
				<time>2026-09-04T14:52:40Z</time>
			</trkpt>
			<trkpt lat="48.366505" lon="14.02568">
				<ele>275.799988</ele>
				<time>2026-09-04T14:52:41Z</time>
			</trkpt>
			<trkpt lat="48.366466" lon="14.025662">
				<ele>275.799988</ele>
				<time>2026-09-04T14:52:42Z</time>
			</trkpt>
			<trkpt lat="48.366428" lon="14.025646">
				<ele>275.799988</ele>
				<time>2026-09-04T14:52:43Z</time>
			</trkpt>
			<trkpt lat="48.366386" lon="14.025622">
				<ele>275.799988</ele>
				<time>2026-09-04T14:52:44Z</time>
			</trkpt>
			<trkpt lat="48.366346" lon="14.025602">
				<ele>275.799988</ele>
				<time>2026-09-04T14:52:45Z</time>
			</trkpt>
			<trkpt lat="48.366306" lon="14.025592">
				<ele>275.799988</ele>
				<time>2026-09-04T14:52:46Z</time>
			</trkpt>
			<trkpt lat="48.366267" lon="14.025574">
				<ele>275.799988</ele>
				<time>2026-09-04T14:52:47Z</time>
			</trkpt>
			<trkpt lat="48.366228" lon="14.025566">
				<ele>275.799988</ele>
				<time>2026-09-04T14:52:48Z</time>
			</trkpt>
			<trkpt lat="48.366191" lon="14.025542">
				<ele>275.799988</ele>
				<time>2026-09-04T14:52:49Z</time>
			</trkpt>
			<trkpt lat="48.366155" lon="14.02552">
				<ele>275.799988</ele>
				<time>2026-09-04T14:52:50Z</time>
			</trkpt>
			<trkpt lat="48.366124" lon="14.025508">
				<ele>275.799988</ele>
				<time>2026-09-04T14:52:51Z</time>
			</trkpt>
			<trkpt lat="48.366092" lon="14.025494">
				<ele>275.799988</ele>
				<time>2026-09-04T14:52:52Z</time>
			</trkpt>
			<trkpt lat="48.366061" lon="14.025472">
				<ele>275.799988</ele>
				<time>2026-09-04T14:52:53Z</time>
			</trkpt>
			<trkpt lat="48.366029" lon="14.025458">
				<ele>275.799988</ele>
				<time>2026-09-04T14:52:54Z</time>
			</trkpt>
			<trkpt lat="48.365998" lon="14.025446">
				<ele>275.799988</ele>
				<time>2026-09-04T14:52:55Z</time>
			</trkpt>
			<trkpt lat="48.365967" lon="14.025434">
				<ele>275.799988</ele>
				<time>2026-09-04T14:52:56Z</time>
			</trkpt>
			<trkpt lat="48.365938" lon="14.025416">
				<ele>275.799988</ele>
				<time>2026-09-04T14:52:57Z</time>
			</trkpt>
			<trkpt lat="48.365909" lon="14.025398">
				<ele>275.799988</ele>
				<time>2026-09-04T14:52:58Z</time>
			</trkpt>
			<trkpt lat="48.365876" lon="14.025372">
				<ele>275.799988</ele>
				<time>2026-09-04T14:52:59Z</time>
			</trkpt>
			<trkpt lat="48.365841" lon="14.025362">
				<ele>275.799988</ele>
				<time>2026-09-04T14:53:00Z</time>
			</trkpt>
			<trkpt lat="48.365806" lon="14.025342">
				<ele>275.799988</ele>
				<time>2026-09-04T14:53:01Z</time>
			</trkpt>
			<trkpt lat="48.365772" lon="14.025334">
				<ele>275.799988</ele>
				<time>2026-09-04T14:53:02Z</time>
			</trkpt>
			<trkpt lat="48.365735" lon="14.02531">
				<ele>275.799988</ele>
				<time>2026-09-04T14:53:03Z</time>
			</trkpt>
			<trkpt lat="48.365698" lon="14.025306">
				<ele>275.799988</ele>
				<time>2026-09-04T14:53:04Z</time>
			</trkpt>
			<trkpt lat="48.365663" lon="14.025286">
				<ele>275.799988</ele>
				<time>2026-09-04T14:53:05Z</time>
			</trkpt>
			<trkpt lat="48.365619" lon="14.025268">
				<ele>275.799988</ele>
				<time>2026-09-04T14:53:06Z</time>
			</trkpt>
			<trkpt lat="48.365531" lon="14.025222">
				<ele>275.799988</ele>
				<time>2026-09-04T14:53:07Z</time>
			</trkpt>
			<trkpt lat="48.365531" lon="14.025222">
				<ele>275.799988</ele>
				<time>2026-09-04T14:53:08Z</time>
			</trkpt>
			<trkpt lat="48.365447" lon="14.025184">
				<ele>275.799988</ele>
				<time>2026-09-04T14:53:10Z</time>
			</trkpt>
			<trkpt lat="48.365447" lon="14.025184">
				<ele>275.799988</ele>
				<time>2026-09-04T14:53:11Z</time>
			</trkpt>
			<trkpt lat="48.365405" lon="14.02515">
				<ele>275.600006</ele>
				<time>2026-09-04T14:53:12Z</time>
			</trkpt>
			<trkpt lat="48.365364" lon="14.025148">
				<ele>275.600006</ele>
				<time>2026-09-04T14:53:13Z</time>
			</trkpt>
			<trkpt lat="48.365325" lon="14.02512">
				<ele>275.600006</ele>
				<time>2026-09-04T14:53:14Z</time>
			</trkpt>
			<trkpt lat="48.365287" lon="14.025104">
				<ele>275.600006</ele>
				<time>2026-09-04T14:53:15Z</time>
			</trkpt>
			<trkpt lat="48.365249" lon="14.025088">
				<ele>275.600006</ele>
				<time>2026-09-04T14:53:16Z</time>
			</trkpt>
			<trkpt lat="48.365211" lon="14.025062">
				<ele>275.600006</ele>
				<time>2026-09-04T14:53:17Z</time>
			</trkpt>
			<trkpt lat="48.365174" lon="14.025058">
				<ele>275.600006</ele>
				<time>2026-09-04T14:53:18Z</time>
			</trkpt>
			<trkpt lat="48.365102" lon="14.025024">
				<ele>275.600006</ele>
				<time>2026-09-04T14:53:19Z</time>
			</trkpt>
			<trkpt lat="48.365102" lon="14.025024">
				<ele>275.600006</ele>
				<time>2026-09-04T14:53:20Z</time>
			</trkpt>
			<trkpt lat="48.365072" lon="14.025014">
				<ele>275.600006</ele>
				<time>2026-09-04T14:53:21Z</time>
			</trkpt>
			<trkpt lat="48.365035" lon="14.02499">
				<ele>275.600006</ele>
				<time>2026-09-04T14:53:22Z</time>
			</trkpt>
			<trkpt lat="48.365005" lon="14.02497">
				<ele>275.600006</ele>
				<time>2026-09-04T14:53:23Z</time>
			</trkpt>
			<trkpt lat="48.364965" lon="14.02496">
				<ele>275.600006</ele>
				<time>2026-09-04T14:53:24Z</time>
			</trkpt>
			<trkpt lat="48.364928" lon="14.024946">
				<ele>275.600006</ele>
				<time>2026-09-04T14:53:25Z</time>
			</trkpt>
			<trkpt lat="48.364892" lon="14.024924">
				<ele>275.600006</ele>
				<time>2026-09-04T14:53:26Z</time>
			</trkpt>
			<trkpt lat="48.364853" lon="14.024906">
				<ele>275.600006</ele>
				<time>2026-09-04T14:53:27Z</time>
			</trkpt>
			<trkpt lat="48.364817" lon="14.024884">
				<ele>275.600006</ele>
				<time>2026-09-04T14:53:28Z</time>
			</trkpt>
			<trkpt lat="48.364782" lon="14.024874">
				<ele>275.600006</ele>
				<time>2026-09-04T14:53:29Z</time>
			</trkpt>
			<trkpt lat="48.364745" lon="14.02485">
				<ele>275.600006</ele>
				<time>2026-09-04T14:53:30Z</time>
			</trkpt>
			<trkpt lat="48.364708" lon="14.024826">
				<ele>275.600006</ele>
				<time>2026-09-04T14:53:31Z</time>
			</trkpt>
			<trkpt lat="48.364673" lon="14.024806">
				<ele>275.600006</ele>
				<time>2026-09-04T14:53:32Z</time>
			</trkpt>
			<trkpt lat="48.364637" lon="14.024764">
				<ele>275.600006</ele>
				<time>2026-09-04T14:53:33Z</time>
			</trkpt>
			<trkpt lat="48.364602" lon="14.024734">
				<ele>275.600006</ele>
				<time>2026-09-04T14:53:34Z</time>
			</trkpt>
			<trkpt lat="48.364562" lon="14.024704">
				<ele>275.600006</ele>
				<time>2026-09-04T14:53:35Z</time>
			</trkpt>
			<trkpt lat="48.364518" lon="14.024696">
				<ele>275.600006</ele>
				<time>2026-09-04T14:53:36Z</time>
			</trkpt>
			<trkpt lat="48.364477" lon="14.024674">
				<ele>275.399994</ele>
				<time>2026-09-04T14:53:37Z</time>
			</trkpt>
			<trkpt lat="48.364434" lon="14.024648">
				<ele>275.399994</ele>
				<time>2026-09-04T14:53:38Z</time>
			</trkpt>
			<trkpt lat="48.364396" lon="14.024622">
				<ele>275.399994</ele>
				<time>2026-09-04T14:53:39Z</time>
			</trkpt>
			<trkpt lat="48.364346" lon="14.024592">
				<ele>275.399994</ele>
				<time>2026-09-04T14:53:40Z</time>
			</trkpt>
			<trkpt lat="48.364301" lon="14.024572">
				<ele>275.399994</ele>
				<time>2026-09-04T14:53:41Z</time>
			</trkpt>
			<trkpt lat="48.364264" lon="14.024558">
				<ele>275.399994</ele>
				<time>2026-09-04T14:53:42Z</time>
			</trkpt>
			<trkpt lat="48.364215" lon="14.02453">
				<ele>275.399994</ele>
				<time>2026-09-04T14:53:43Z</time>
			</trkpt>
			<trkpt lat="48.364172" lon="14.024514">
				<ele>275.399994</ele>
				<time>2026-09-04T14:53:44Z</time>
			</trkpt>
			<trkpt lat="48.364127" lon="14.024494">
				<ele>275.399994</ele>
				<time>2026-09-04T14:53:45Z</time>
			</trkpt>
			<trkpt lat="48.364082" lon="14.024474">
				<ele>275.399994</ele>
				<time>2026-09-04T14:53:46Z</time>
			</trkpt>
			<trkpt lat="48.364035" lon="14.02445">
				<ele>275.399994</ele>
				<time>2026-09-04T14:53:47Z</time>
			</trkpt>
			<trkpt lat="48.363939" lon="14.024418">
				<ele>275.399994</ele>
				<time>2026-09-04T14:53:48Z</time>
			</trkpt>
			<trkpt lat="48.363891" lon="14.024402">
				<ele>275.399994</ele>
				<time>2026-09-04T14:53:49Z</time>
			</trkpt>
			<trkpt lat="48.363843" lon="14.024386">
				<ele>275.399994</ele>
				<time>2026-09-04T14:53:50Z</time>
			</trkpt>
			<trkpt lat="48.363796" lon="14.024362">
				<ele>275.399994</ele>
				<time>2026-09-04T14:53:51Z</time>
			</trkpt>
			<trkpt lat="48.363757" lon="14.024344">
				<ele>275.399994</ele>
				<time>2026-09-04T14:53:52Z</time>
			</trkpt>
			<trkpt lat="48.363707" lon="14.024314">
				<ele>275.600006</ele>
				<time>2026-09-04T14:53:53Z</time>
			</trkpt>
			<trkpt lat="48.363659" lon="14.024298">
				<ele>275.600006</ele>
				<time>2026-09-04T14:53:54Z</time>
			</trkpt>
			<trkpt lat="48.363608" lon="14.024286">
				<ele>275.600006</ele>
				<time>2026-09-04T14:53:55Z</time>
			</trkpt>
			<trkpt lat="48.363562" lon="14.024264">
				<ele>275.600006</ele>
				<time>2026-09-04T14:53:56Z</time>
			</trkpt>
			<trkpt lat="48.363518" lon="14.024236">
				<ele>275.600006</ele>
				<time>2026-09-04T14:53:57Z</time>
			</trkpt>
			<trkpt lat="48.363475" lon="14.02421">
				<ele>275.600006</ele>
				<time>2026-09-04T14:53:58Z</time>
			</trkpt>
			<trkpt lat="48.363432" lon="14.024184">
				<ele>275.600006</ele>
				<time>2026-09-04T14:53:59Z</time>
			</trkpt>
			<trkpt lat="48.363389" lon="14.024158">
				<ele>275.600006</ele>
				<time>2026-09-04T14:54:00Z</time>
			</trkpt>
			<trkpt lat="48.363345" lon="14.02412">
				<ele>275.799988</ele>
				<time>2026-09-04T14:54:01Z</time>
			</trkpt>
			<trkpt lat="48.363299" lon="14.024098">
				<ele>275.799988</ele>
				<time>2026-09-04T14:54:02Z</time>
			</trkpt>
			<trkpt lat="48.363251" lon="14.024072">
				<ele>275.799988</ele>
				<time>2026-09-04T14:54:04Z</time>
			</trkpt>
			<trkpt lat="48.363205" lon="14.02405">
				<ele>275.600006</ele>
				<time>2026-09-04T14:54:05Z</time>
			</trkpt>
			<trkpt lat="48.363165" lon="14.02403">
				<ele>275.600006</ele>
				<time>2026-09-04T14:54:06Z</time>
			</trkpt>
			<trkpt lat="48.363124" lon="14.024008">
				<ele>275.399994</ele>
				<time>2026-09-04T14:54:07Z</time>
			</trkpt>
		</trkseg>
	</trk>
</gpx>
