<?xml version="1.0" encoding="UTF-8"?>
<gpx creator="Garmin Connect" version="1.1" schemaLocation="http://www.topografix.com/GPX/1/1 http://www.topografix.com/GPX/11.xsd" xmlns="http://www.topografix.com/GPX/1/1" xmlns:xsi="http://www.w3.org/2001/XMLSchema-instance" xsi:schemaLocation="http://www.topografix.com/GPX/1/1 http://www.topografix.com/GPX/1/1/gpx.xsd http://www.garmin.com/xmlschemas/GpxExtensions/v3 http://www.garmin.com/xmlschemas/GpxExtensionsv3.xsd http://www.garmin.com/xmlschemas/TrackPointExtension/v1 http://www.garmin.com/xmlschemas/TrackPointExtensionv1.xsd http://www.garmin.com/xmlschemas/PowerExtension/v1 http://www.garmin.com/xmlschemas/PowerExtensionv1.xsd http://www.topografix.com/GPX/gpx_style/0/2 http://www.topografix.com/GPX/gpx_style/0/2/gpx_style.xsd" xmlns:gpxtpx="http://www.garmin.com/xmlschemas/TrackPointExtension/v1" xmlns:gpxx="http://www.garmin.com/xmlschemas/GpxExtensions/v3" xmlns:gpxpx="http://www.garmin.com/xmlschemas/PowerExtension/v1" xmlns:gpx_style="http://www.topografix.com/GPX/gpx_style/0/2">
  <metadata>
    <name>jesenice-planica-belopeska_jezera-jesenice:0:uFVbKraMUCg</name>
    <author>
      <name>gpx.studio</name>
      <link href="https://gpx.studio"/>
    </author>
    <link href="connect.garmin.com">
      <text>Garmin Connect</text>
    </link>
    <time>2026-07-04T09:03:37.000Z</time>
  </metadata>
  <trk>
    <name>jesenice-planica-belopeska_jezera-jesenice:0:uFVbKraMUCg</name>
    <type>road_biking</type>
    <trkseg>
      <trkpt lat="46.43444186076522" lon="14.050855776295066">
        <ele>577.7999877929688</ele>
        <time>2026-07-04T09:03:37.000Z</time>
        <extensions>
          <gpxtpx:TrackPointExtension>
            <gpxtpx:atemp>34</gpxtpx:atemp>
            <gpxtpx:hr>130</gpxtpx:hr>
            <gpxtpx:cad>42</gpxtpx:cad>
          </gpxtpx:TrackPointExtension>
        </extensions>
      </trkpt>
      <trkpt lat="46.43445552326739" lon="14.050805987790227">
        <ele>577.7999877929688</ele>
        <time>2026-07-04T09:03:38.000Z</time>
        <extensions>
          <gpxtpx:TrackPointExtension>
            <gpxtpx:atemp>34</gpxtpx:atemp>
            <gpxtpx:hr>130</gpxtpx:hr>
            <gpxtpx:cad>43</gpxtpx:cad>
          </gpxtpx:TrackPointExtension>
        </extensions>
      </trkpt>
      <trkpt lat="46.434472035616636" lon="14.050755528733134">
        <ele>577.7999877929688</ele>
        <time>2026-07-04T09:03:39.000Z</time>
        <extensions>
          <gpxtpx:TrackPointExtension>
            <gpxtpx:atemp>34</gpxtpx:atemp>
            <gpxtpx:hr>131</gpxtpx:hr>
            <gpxtpx:cad>43</gpxtpx:cad>
          </gpxtpx:TrackPointExtension>
        </extensions>
      </trkpt>
      <trkpt lat="46.434488128870726" lon="14.050704734399915">
        <ele>577.7999877929688</ele>
        <time>2026-07-04T09:03:40.000Z</time>
        <extensions>
          <gpxtpx:TrackPointExtension>
            <gpxtpx:atemp>34</gpxtpx:atemp>
            <gpxtpx:hr>131</gpxtpx:hr>
            <gpxtpx:cad>43</gpxtpx:cad>
          </gpxtpx:TrackPointExtension>
        </extensions>
      </trkpt>
      <trkpt lat="46.434506233781576" lon="14.05065419152379">
        <ele>577.7999877929688</ele>
        <time>2026-07-04T09:03:41.000Z</time>
        <extensions>
          <gpxtpx:TrackPointExtension>
            <gpxtpx:atemp>34</gpxtpx:atemp>
            <gpxtpx:hr>132</gpxtpx:hr>
            <gpxtpx:cad>46</gpxtpx:cad>
          </gpxtpx:TrackPointExtension>
        </extensions>
      </trkpt>
      <trkpt lat="46.434525763615966" lon="14.050601301714778">
        <ele>577.7999877929688</ele>
        <time>2026-07-04T09:03:42.000Z</time>
        <extensions>
          <gpxtpx:TrackPointExtension>
            <gpxtpx:atemp>34</gpxtpx:atemp>
            <gpxtpx:hr>133</gpxtpx:hr>
            <gpxtpx:cad>48</gpxtpx:cad>
          </gpxtpx:TrackPointExtension>
        </extensions>
      </trkpt>
      <trkpt lat="46.43454655073583" lon="14.050547908991575">
        <ele>577.7999877929688</ele>
        <time>2026-07-04T09:03:43.000Z</time>
        <extensions>
          <gpxtpx:TrackPointExtension>
            <gpxtpx:atemp>34</gpxtpx:atemp>
            <gpxtpx:hr>134</gpxtpx:hr>
            <gpxtpx:cad>48</gpxtpx:cad>
          </gpxtpx:TrackPointExtension>
        </extensions>
      </trkpt>
      <trkpt lat="46.43456029705703" lon="14.050499461591244">
        <ele>577.7999877929688</ele>
        <time>2026-07-04T09:03:44.000Z</time>
        <extensions>
          <gpxtpx:TrackPointExtension>
            <gpxtpx:atemp>34</gpxtpx:atemp>
            <gpxtpx:hr>134</gpxtpx:hr>
            <gpxtpx:cad>49</gpxtpx:cad>
          </gpxtpx:TrackPointExtension>
        </extensions>
      </trkpt>
      <trkpt lat="46.434575133025646" lon="14.050425617024302">
        <ele>577.7999877929688</ele>
        <time>2026-07-04T09:03:45.000Z</time>
        <extensions>
          <gpxtpx:TrackPointExtension>
            <gpxtpx:atemp>34</gpxtpx:atemp>
            <gpxtpx:hr>134</gpxtpx:hr>
            <gpxtpx:cad>52</gpxtpx:cad>
          </gpxtpx:TrackPointExtension>
        </extensions>
      </trkpt>
      <trkpt lat="46.434583850204945" lon="14.050372811034322">
        <ele>577.7999877929688</ele>
        <time>2026-07-04T09:03:46.000Z</time>
        <extensions>
          <gpxtpx:TrackPointExtension>
            <gpxtpx:atemp>34</gpxtpx:atemp>
            <gpxtpx:hr>135</gpxtpx:hr>
            <gpxtpx:cad>55</gpxtpx:cad>
          </gpxtpx:TrackPointExtension>
        </extensions>
      </trkpt>
      <trkpt lat="46.434597009792924" lon="14.050289914011955">
        <ele>577.7999877929688</ele>
        <time>2026-07-04T09:03:47.000Z</time>
        <extensions>
          <gpxtpx:TrackPointExtension>
            <gpxtpx:atemp>34</gpxtpx:atemp>
            <gpxtpx:hr>136</gpxtpx:hr>
            <gpxtpx:cad>57</gpxtpx:cad>
          </gpxtpx:TrackPointExtension>
        </extensions>
      </trkpt>
      <trkpt lat="46.434606397524476" lon="14.05021632090211">
        <ele>577.7999877929688</ele>
        <time>2026-07-04T09:03:48.000Z</time>
        <extensions>
          <gpxtpx:TrackPointExtension>
            <gpxtpx:atemp>34</gpxtpx:atemp>
            <gpxtpx:hr>136</gpxtpx:hr>
            <gpxtpx:cad>61</gpxtpx:cad>
          </gpxtpx:TrackPointExtension>
        </extensions>
      </trkpt>
      <trkpt lat="46.43461335450411" lon="14.050140297040343">
        <ele>577.7999877929688</ele>
        <time>2026-07-04T09:03:49.000Z</time>
        <extensions>
          <gpxtpx:TrackPointExtension>
            <gpxtpx:atemp>34</gpxtpx:atemp>
            <gpxtpx:hr>137</gpxtpx:hr>
            <gpxtpx:cad>61</gpxtpx:cad>
          </gpxtpx:TrackPointExtension>
        </extensions>
      </trkpt>
      <trkpt lat="46.4346172939986" lon="14.05006100423634">
        <ele>577.7999877929688</ele>
        <time>2026-07-04T09:03:50.000Z</time>
        <extensions>
          <gpxtpx:TrackPointExtension>
            <gpxtpx:atemp>34</gpxtpx:atemp>
            <gpxtpx:hr>138</gpxtpx:hr>
            <gpxtpx:cad>64</gpxtpx:cad>
          </gpxtpx:TrackPointExtension>
        </extensions>
      </trkpt>
      <trkpt lat="46.43461679108441" lon="14.049979951232672">
        <ele>577.7999877929688</ele>
        <time>2026-07-04T09:03:51.000Z</time>
        <extensions>
          <gpxtpx:TrackPointExtension>
            <gpxtpx:atemp>34</gpxtpx:atemp>
            <gpxtpx:hr>138</gpxtpx:hr>
            <gpxtpx:cad>65</gpxtpx:cad>
          </gpxtpx:TrackPointExtension>
        </extensions>
      </trkpt>
      <trkpt lat="46.43461377359927" lon="14.049896048381925">
        <ele>577.5999755859375</ele>
        <time>2026-07-04T09:03:52.000Z</time>
        <extensions>
          <gpxtpx:TrackPointExtension>
            <gpxtpx:atemp>34</gpxtpx:atemp>
            <gpxtpx:hr>138</gpxtpx:hr>
            <gpxtpx:cad>66</gpxtpx:cad>
          </gpxtpx:TrackPointExtension>
        </extensions>
      </trkpt>
      <trkpt lat="46.43460941500962" lon="14.049814911559224">
        <ele>577.5999755859375</ele>
        <time>2026-07-04T09:03:53.000Z</time>
        <extensions>
          <gpxtpx:TrackPointExtension>
            <gpxtpx:atemp>34</gpxtpx:atemp>
            <gpxtpx:hr>138</gpxtpx:hr>
            <gpxtpx:cad>66</gpxtpx:cad>
          </gpxtpx:TrackPointExtension>
        </extensions>
      </trkpt>
      <trkpt lat="46.43460522405803" lon="14.049730841070414">
        <ele>577.2000122070312</ele>
        <time>2026-07-04T09:03:54.000Z</time>
        <extensions>
          <gpxtpx:TrackPointExtension>
            <gpxtpx:atemp>34</gpxtpx:atemp>
            <gpxtpx:hr>138</gpxtpx:hr>
            <gpxtpx:cad>66</gpxtpx:cad>
          </gpxtpx:TrackPointExtension>
        </extensions>
      </trkpt>
      <trkpt lat="46.43459835089743" lon="14.049648363143206">
        <ele>577.2000122070312</ele>
        <time>2026-07-04T09:03:55.000Z</time>
        <extensions>
          <gpxtpx:TrackPointExtension>
            <gpxtpx:atemp>34</gpxtpx:atemp>
            <gpxtpx:hr>138</gpxtpx:hr>
            <gpxtpx:cad>66</gpxtpx:cad>
          </gpxtpx:TrackPointExtension>
        </extensions>
      </trkpt>
      <trkpt lat="46.434588711708784" lon="14.049566220492125">
        <ele>577.2000122070312</ele>
        <time>2026-07-04T09:03:56.000Z</time>
        <extensions>
          <gpxtpx:TrackPointExtension>
            <gpxtpx:atemp>34</gpxtpx:atemp>
            <gpxtpx:hr>137</gpxtpx:hr>
            <gpxtpx:cad>15</gpxtpx:cad>
          </gpxtpx:TrackPointExtension>
        </extensions>
      </trkpt>
      <trkpt lat="46.434579491615295" lon="14.049482988193631">
        <ele>577.2000122070312</ele>
        <time>2026-07-04T09:03:57.000Z</time>
        <extensions>
          <gpxtpx:TrackPointExtension>
            <gpxtpx:atemp>34</gpxtpx:atemp>
            <gpxtpx:hr>137</gpxtpx:hr>
            <gpxtpx:cad>66</gpxtpx:cad>
          </gpxtpx:TrackPointExtension>
        </extensions>
      </trkpt>
      <trkpt lat="46.43457228317857" lon="14.049402857199311">
        <ele>577.2000122070312</ele>
        <time>2026-07-04T09:03:58.000Z</time>
        <extensions>
          <gpxtpx:TrackPointExtension>
            <gpxtpx:atemp>34</gpxtpx:atemp>
            <gpxtpx:hr>138</gpxtpx:hr>
            <gpxtpx:cad>67</gpxtpx:cad>
          </gpxtpx:TrackPointExtension>
        </extensions>
      </trkpt>
      <trkpt lat="46.434565829113126" lon="14.049336137250066">
        <ele>577.2000122070312</ele>
        <time>2026-07-04T09:03:59.000Z</time>
        <extensions>
          <gpxtpx:TrackPointExtension>
            <gpxtpx:atemp>34</gpxtpx:atemp>
            <gpxtpx:hr>138</gpxtpx:hr>
            <gpxtpx:cad>68</gpxtpx:cad>
          </gpxtpx:TrackPointExtension>
        </extensions>
      </trkpt>
      <trkpt lat="46.434556525200605" lon="14.049234297126532">
        <ele>577.2000122070312</ele>
        <time>2026-07-04T09:04:00.000Z</time>
        <extensions>
          <gpxtpx:TrackPointExtension>
            <gpxtpx:atemp>34</gpxtpx:atemp>
            <gpxtpx:hr>138</gpxtpx:hr>
            <gpxtpx:cad>69</gpxtpx:cad>
          </gpxtpx:TrackPointExtension>
        </extensions>
      </trkpt>
      <trkpt lat="46.434548646211624" lon="14.049149388447404">
        <ele>577.2000122070312</ele>
        <time>2026-07-04T09:04:01.000Z</time>
        <extensions>
          <gpxtpx:TrackPointExtension>
            <gpxtpx:atemp>34</gpxtpx:atemp>
            <gpxtpx:hr>138</gpxtpx:hr>
            <gpxtpx:cad>69</gpxtpx:cad>
          </gpxtpx:TrackPointExtension>
        </extensions>
      </trkpt>
      <trkpt lat="46.43454210832715" lon="14.049063976854086">
        <ele>577.2000122070312</ele>
        <time>2026-07-04T09:04:02.000Z</time>
        <extensions>
          <gpxtpx:TrackPointExtension>
            <gpxtpx:atemp>34</gpxtpx:atemp>
            <gpxtpx:hr>138</gpxtpx:hr>
            <gpxtpx:cad>70</gpxtpx:cad>
          </gpxtpx:TrackPointExtension>
        </extensions>
      </trkpt>
      <trkpt lat="46.43453682772815" lon="14.048980074003339">
        <ele>577.5999755859375</ele>
        <time>2026-07-04T09:04:03.000Z</time>
        <extensions>
          <gpxtpx:TrackPointExtension>
            <gpxtpx:atemp>34</gpxtpx:atemp>
            <gpxtpx:hr>139</gpxtpx:hr>
            <gpxtpx:cad>69</gpxtpx:cad>
          </gpxtpx:TrackPointExtension>
        </extensions>
      </trkpt>
      <trkpt lat="46.43453322350979" lon="14.048893237486482">
        <ele>577.5999755859375</ele>
        <time>2026-07-04T09:04:04.000Z</time>
        <extensions>
          <gpxtpx:TrackPointExtension>
            <gpxtpx:atemp>34</gpxtpx:atemp>
            <gpxtpx:hr>139</gpxtpx:hr>
            <gpxtpx:cad>69</gpxtpx:cad>
          </gpxtpx:TrackPointExtension>
        </extensions>
      </trkpt>
      <trkpt lat="46.43452936783433" lon="14.048807574436069">
        <ele>577.5999755859375</ele>
        <time>2026-07-04T09:04:05.000Z</time>
        <extensions>
          <gpxtpx:TrackPointExtension>
            <gpxtpx:atemp>34</gpxtpx:atemp>
            <gpxtpx:hr>139</gpxtpx:hr>
            <gpxtpx:cad>68</gpxtpx:cad>
          </gpxtpx:TrackPointExtension>
        </extensions>
      </trkpt>
      <trkpt lat="46.43452643416822" lon="14.048739513382316">
        <ele>577.7999877929688</ele>
        <time>2026-07-04T09:04:06.000Z</time>
        <extensions>
          <gpxtpx:TrackPointExtension>
            <gpxtpx:atemp>34</gpxtpx:atemp>
            <gpxtpx:hr>140</gpxtpx:hr>
            <gpxtpx:cad>68</gpxtpx:cad>
          </gpxtpx:TrackPointExtension>
        </extensions>
      </trkpt>
      <trkpt lat="46.434524254873395" lon="14.048655275255442">
        <ele>577.7999877929688</ele>
        <time>2026-07-04T09:04:07.000Z</time>
        <extensions>
          <gpxtpx:TrackPointExtension>
            <gpxtpx:atemp>34</gpxtpx:atemp>
            <gpxtpx:hr>141</gpxtpx:hr>
            <gpxtpx:cad>68</gpxtpx:cad>
          </gpxtpx:TrackPointExtension>
        </extensions>
      </trkpt>
      <trkpt lat="46.43452417105436" lon="14.048552764579654">
        <ele>577.7999877929688</ele>
        <time>2026-07-04T09:04:08.000Z</time>
        <extensions>
          <gpxtpx:TrackPointExtension>
            <gpxtpx:atemp>34</gpxtpx:atemp>
            <gpxtpx:hr>141</gpxtpx:hr>
            <gpxtpx:cad>69</gpxtpx:cad>
          </gpxtpx:TrackPointExtension>
        </extensions>
      </trkpt>
      <trkpt lat="46.434526266530156" lon="14.04846710152924">
        <ele>577.7999877929688</ele>
        <time>2026-07-04T09:04:09.000Z</time>
        <extensions>
          <gpxtpx:TrackPointExtension>
            <gpxtpx:atemp>34</gpxtpx:atemp>
            <gpxtpx:hr>141</gpxtpx:hr>
            <gpxtpx:cad>69</gpxtpx:cad>
          </gpxtpx:TrackPointExtension>
        </extensions>
      </trkpt>
      <trkpt lat="46.43452852964401" lon="14.048398537561297">
        <ele>578</ele>
        <time>2026-07-04T09:04:10.000Z</time>
        <extensions>
          <gpxtpx:TrackPointExtension>
            <gpxtpx:atemp>34</gpxtpx:atemp>
            <gpxtpx:hr>142</gpxtpx:hr>
            <gpxtpx:cad>68</gpxtpx:cad>
          </gpxtpx:TrackPointExtension>
        </extensions>
      </trkpt>
      <trkpt lat="46.43453137949109" lon="14.048311952501535">
        <ele>578</ele>
        <time>2026-07-04T09:04:11.000Z</time>
        <extensions>
          <gpxtpx:TrackPointExtension>
            <gpxtpx:atemp>34</gpxtpx:atemp>
            <gpxtpx:hr>142</gpxtpx:hr>
            <gpxtpx:cad>69</gpxtpx:cad>
          </gpxtpx:TrackPointExtension>
        </extensions>
      </trkpt>
      <trkpt lat="46.434535067528486" lon="14.04822670854628">
        <ele>578.4000244140625</ele>
        <time>2026-07-04T09:04:12.000Z</time>
        <extensions>
          <gpxtpx:TrackPointExtension>
            <gpxtpx:atemp>34</gpxtpx:atemp>
            <gpxtpx:hr>143</gpxtpx:hr>
            <gpxtpx:cad>68</gpxtpx:cad>
          </gpxtpx:TrackPointExtension>
        </extensions>
      </trkpt>
      <trkpt lat="46.43453917466104" lon="14.048142302781343">
        <ele>578.4000244140625</ele>
        <time>2026-07-04T09:04:13.000Z</time>
        <extensions>
          <gpxtpx:TrackPointExtension>
            <gpxtpx:atemp>34</gpxtpx:atemp>
            <gpxtpx:hr>143</gpxtpx:hr>
            <gpxtpx:cad>68</gpxtpx:cad>
          </gpxtpx:TrackPointExtension>
        </extensions>
      </trkpt>
      <trkpt lat="46.43454101867974" lon="14.048056807368994">
        <ele>578.4000244140625</ele>
        <time>2026-07-04T09:04:14.000Z</time>
        <extensions>
          <gpxtpx:TrackPointExtension>
            <gpxtpx:atemp>34</gpxtpx:atemp>
            <gpxtpx:hr>144</gpxtpx:hr>
            <gpxtpx:cad>73</gpxtpx:cad>
          </gpxtpx:TrackPointExtension>
        </extensions>
      </trkpt>
      <trkpt lat="46.43453875556588" lon="14.047971228137612">
        <ele>578.5999755859375</ele>
        <time>2026-07-04T09:04:15.000Z</time>
        <extensions>
          <gpxtpx:TrackPointExtension>
            <gpxtpx:atemp>34</gpxtpx:atemp>
            <gpxtpx:hr>145</gpxtpx:hr>
            <gpxtpx:cad>79</gpxtpx:cad>
          </gpxtpx:TrackPointExtension>
        </extensions>
      </trkpt>
      <trkpt lat="46.434532552957535" lon="14.047888163477182">
        <ele>578.5999755859375</ele>
        <time>2026-07-04T09:04:16.000Z</time>
        <extensions>
          <gpxtpx:TrackPointExtension>
            <gpxtpx:atemp>34</gpxtpx:atemp>
            <gpxtpx:hr>145</gpxtpx:hr>
            <gpxtpx:cad>79</gpxtpx:cad>
          </gpxtpx:TrackPointExtension>
        </extensions>
      </trkpt>
      <trkpt lat="46.434525260701776" lon="14.047788251191378">
        <ele>578.5999755859375</ele>
        <time>2026-07-04T09:04:17.000Z</time>
        <extensions>
          <gpxtpx:TrackPointExtension>
            <gpxtpx:atemp>34</gpxtpx:atemp>
            <gpxtpx:hr>146</gpxtpx:hr>
            <gpxtpx:cad>79</gpxtpx:cad>
          </gpxtpx:TrackPointExtension>
        </extensions>
      </trkpt>
      <trkpt lat="46.43451922573149" lon="14.047721782699227">
        <ele>578.5999755859375</ele>
        <time>2026-07-04T09:04:18.000Z</time>
        <extensions>
          <gpxtpx:TrackPointExtension>
            <gpxtpx:atemp>34</gpxtpx:atemp>
            <gpxtpx:hr>146</gpxtpx:hr>
            <gpxtpx:cad>79</gpxtpx:cad>
          </gpxtpx:TrackPointExtension>
        </extensions>
      </trkpt>
      <trkpt lat="46.43450774252415" lon="14.047638466581702">
        <ele>578.5999755859375</ele>
        <time>2026-07-04T09:04:18.993Z</time>
        <extensions>
          <gpxtpx:TrackPointExtension>
            <gpxtpx:atemp>34</gpxtpx:atemp>
            <gpxtpx:hr>146</gpxtpx:hr>
            <gpxtpx:cad>79</gpxtpx:cad>
          </gpxtpx:TrackPointExtension>
        </extensions>
      </trkpt>
      <trkpt lat="46.434484" lon="14.047644">
        <ele>572</ele>
        <time>2026-07-04T09:04:19.401Z</time>
      </trkpt>
      <trkpt lat="46.43442" lon="14.047316">
        <ele>572</ele>
        <time>2026-07-04T09:04:23.387Z</time>
      </trkpt>
      <trkpt lat="46.434314" lon="14.046916">
        <ele>572</ele>
        <time>2026-07-04T09:04:28.399Z</time>
      </trkpt>
      <trkpt lat="46.434207" lon="14.046682">
        <ele>572</ele>
        <time>2026-07-04T09:04:31.683Z</time>
      </trkpt>
      <trkpt lat="46.434036" lon="14.046352">
        <ele>572.24</ele>
        <time>2026-07-04T09:04:36.511Z</time>
      </trkpt>
      <trkpt lat="46.433865" lon="14.046022">
        <ele>578.66</ele>
        <time>2026-07-04T09:04:41.339Z</time>
      </trkpt>
      <trkpt lat="46.433714" lon="14.045743">
        <ele>575.71</ele>
        <time>2026-07-04T09:04:45.488Z</time>
      </trkpt>
      <trkpt lat="46.433609" lon="14.045508">
        <ele>576.63</ele>
        <time>2026-07-04T09:04:48.763Z</time>
      </trkpt>
      <trkpt lat="46.433588" lon="14.045428">
        <ele>577.32</ele>
        <time>2026-07-04T09:04:49.764Z</time>
      </trkpt>
      <trkpt lat="46.43357" lon="14.045232">
        <ele>579.62</ele>
        <time>2026-07-04T09:04:52.076Z</time>
      </trkpt>
      <trkpt lat="46.433593" lon="14.0451">
        <ele>580.35</ele>
        <time>2026-07-04T09:04:53.668Z</time>
      </trkpt>
      <trkpt lat="46.433637" lon="14.044952">
        <ele>581.12</ele>
        <time>2026-07-04T09:04:55.553Z</time>
      </trkpt>
      <trkpt lat="46.433678" lon="14.04487">
        <ele>581.27</ele>
        <time>2026-07-04T09:04:56.737Z</time>
      </trkpt>
      <trkpt lat="46.433934" lon="14.04447">
        <ele>581.86</ele>
        <time>2026-07-04T09:05:03.121Z</time>
      </trkpt>
      <trkpt lat="46.434047" lon="14.044317">
        <ele>581.05</ele>
        <time>2026-07-04T09:05:05.743Z</time>
      </trkpt>
      <trkpt lat="46.434146" lon="14.044159">
        <ele>579.93</ele>
        <time>2026-07-04T09:05:08.240Z</time>
      </trkpt>
      <trkpt lat="46.434347" lon="14.043518">
        <ele>579.89</ele>
        <time>2026-07-04T09:05:16.476Z</time>
      </trkpt>
      <trkpt lat="46.434426" lon="14.043218">
        <ele>579.98</ele>
        <time>2026-07-04T09:05:20.232Z</time>
      </trkpt>
      <trkpt lat="46.434537" lon="14.042842">
        <ele>579.92</ele>
        <time>2026-07-04T09:05:25.016Z</time>
      </trkpt>
      <trkpt lat="46.43461" lon="14.042632">
        <ele>580.31</ele>
        <time>2026-07-04T09:05:27.766Z</time>
      </trkpt>
      <trkpt lat="46.434812" lon="14.042154">
        <ele>580.35</ele>
        <time>2026-07-04T09:05:34.323Z</time>
      </trkpt>
      <trkpt lat="46.435021" lon="14.041716">
        <ele>580.23</ele>
        <time>2026-07-04T09:05:40.553Z</time>
      </trkpt>
      <trkpt lat="46.435279" lon="14.041317">
        <ele>578.78</ele>
        <time>2026-07-04T09:05:46.951Z</time>
      </trkpt>
      <trkpt lat="46.435395" lon="14.041046">
        <ele>579.13</ele>
        <time>2026-07-04T09:05:50.682Z</time>
      </trkpt>
      <trkpt lat="46.435512" lon="14.040775">
        <ele>581.69</ele>
        <time>2026-07-04T09:05:54.422Z</time>
      </trkpt>
      <trkpt lat="46.435678" lon="14.040442">
        <ele>584.66</ele>
        <time>2026-07-04T09:05:59.228Z</time>
      </trkpt>
      <trkpt lat="46.435973" lon="14.0399">
        <ele>585.76</ele>
        <time>2026-07-04T09:06:07.305Z</time>
      </trkpt>
      <trkpt lat="46.43619" lon="14.039396">
        <ele>584.83</ele>
        <time>2026-07-04T09:06:14.255Z</time>
      </trkpt>
      <trkpt lat="46.436416" lon="14.039019">
        <ele>582.5</ele>
        <time>2026-07-04T09:06:20.098Z</time>
      </trkpt>
      <trkpt lat="46.436688" lon="14.038532">
        <ele>582.56</ele>
        <time>2026-07-04T09:06:27.429Z</time>
      </trkpt>
      <trkpt lat="46.437033" lon="14.038008">
        <ele>583.24</ele>
        <time>2026-07-04T09:06:35.904Z</time>
      </trkpt>
      <trkpt lat="46.437191" lon="14.037732">
        <ele>584.1</ele>
        <time>2026-07-04T09:06:40.100Z</time>
      </trkpt>
      <trkpt lat="46.43772" lon="14.036742">
        <ele>588.46</ele>
        <time>2026-07-04T09:06:54.750Z</time>
      </trkpt>
      <trkpt lat="46.437903" lon="14.036398">
        <ele>583.31</ele>
        <time>2026-07-04T09:06:59.832Z</time>
      </trkpt>
      <trkpt lat="46.438143" lon="14.035928">
        <ele>582.45</ele>
        <time>2026-07-04T09:07:06.673Z</time>
      </trkpt>
      <trkpt lat="46.438218" lon="14.035714">
        <ele>581.7</ele>
        <time>2026-07-04T09:07:09.480Z</time>
      </trkpt>
      <trkpt lat="46.438294" lon="14.035465">
        <ele>581.93</ele>
        <time>2026-07-04T09:07:12.664Z</time>
      </trkpt>
      <trkpt lat="46.438294" lon="14.035465">
        <ele>581.93</ele>
        <time>2026-07-04T09:07:12.664Z</time>
      </trkpt>
      <trkpt lat="46.438294" lon="14.035465">
        <ele>581.93</ele>
        <time>2026-07-04T09:07:12.664Z</time>
      </trkpt>
      <trkpt lat="46.438476" lon="14.034864">
        <ele>582.47</ele>
        <time>2026-07-04T09:07:20.224Z</time>
      </trkpt>
      <trkpt lat="46.438547" lon="14.034551">
        <ele>582.26</ele>
        <time>2026-07-04T09:07:24.019Z</time>
      </trkpt>
      <trkpt lat="46.43868" lon="14.034059">
        <ele>580.66</ele>
        <time>2026-07-04T09:07:30.106Z</time>
      </trkpt>
      <trkpt lat="46.438705" lon="14.03385">
        <ele>579.43</ele>
        <time>2026-07-04T09:07:32.549Z</time>
      </trkpt>
      <trkpt lat="46.438691" lon="14.033724">
        <ele>579.3</ele>
        <time>2026-07-04T09:07:34.018Z</time>
      </trkpt>
      <trkpt lat="46.438657" lon="14.033579">
        <ele>579.89</ele>
        <time>2026-07-04T09:07:35.782Z</time>
      </trkpt>
      <trkpt lat="46.438612" lon="14.033285">
        <ele>579.63</ele>
        <time>2026-07-04T09:07:39.250Z</time>
      </trkpt>
      <trkpt lat="46.438597" lon="14.033005">
        <ele>580.16</ele>
        <time>2026-07-04T09:07:42.484Z</time>
      </trkpt>
      <trkpt lat="46.438597" lon="14.033005">
        <ele>580.16</ele>
        <time>2026-07-04T09:07:42.484Z</time>
      </trkpt>
      <trkpt lat="46.438597" lon="14.033005">
        <ele>580.16</ele>
        <time>2026-07-04T09:07:42.484Z</time>
      </trkpt>
      <trkpt lat="46.438578" lon="14.032648">
        <ele>580.83</ele>
        <time>2026-07-04T09:07:47.164Z</time>
      </trkpt>
      <trkpt lat="46.438594" lon="14.032396">
        <ele>580.8</ele>
        <time>2026-07-04T09:07:50.472Z</time>
      </trkpt>
      <trkpt lat="46.438634" lon="14.032041">
        <ele>580.94</ele>
        <time>2026-07-04T09:07:55.174Z</time>
      </trkpt>
      <trkpt lat="46.438636" lon="14.031442">
        <ele>581.43</ele>
        <time>2026-07-04T09:08:03.004Z</time>
      </trkpt>
      <trkpt lat="46.438597" lon="14.030452">
        <ele>581.84</ele>
        <time>2026-07-04T09:08:15.966Z</time>
      </trkpt>
      <trkpt lat="46.4385" lon="14.02942">
        <ele>583.87</ele>
        <time>2026-07-04T09:08:29.581Z</time>
      </trkpt>
      <trkpt lat="46.438526" lon="14.02889">
        <ele>585.11</ele>
        <time>2026-07-04T09:08:36.526Z</time>
      </trkpt>
      <trkpt lat="46.43857" lon="14.028633">
        <ele>585.1</ele>
        <time>2026-07-04T09:08:39.987Z</time>
      </trkpt>
      <trkpt lat="46.438578" lon="14.028585">
        <ele>585.1</ele>
        <time>2026-07-04T09:08:40.632Z</time>
      </trkpt>
      <trkpt lat="46.438729" lon="14.028128">
        <ele>584.81</ele>
        <time>2026-07-04T09:08:47.257Z</time>
      </trkpt>
      <trkpt lat="46.438799" lon="14.027863">
        <ele>584.59</ele>
        <time>2026-07-04T09:08:50.966Z</time>
      </trkpt>
      <trkpt lat="46.438831" lon="14.027713">
        <ele>585.02</ele>
        <time>2026-07-04T09:08:53.018Z</time>
      </trkpt>
      <trkpt lat="46.438901" lon="14.027508">
        <ele>585.47</ele>
        <time>2026-07-04T09:08:56.008Z</time>
      </trkpt>
      <trkpt lat="46.438982" lon="14.02736">
        <ele>585.79</ele>
        <time>2026-07-04T09:08:58.478Z</time>
      </trkpt>
      <trkpt lat="46.439078" lon="14.027253">
        <ele>585.28</ele>
        <time>2026-07-04T09:09:00.774Z</time>
      </trkpt>
      <trkpt lat="46.439156" lon="14.02714">
        <ele>585.25</ele>
        <time>2026-07-04T09:09:02.864Z</time>
      </trkpt>
      <trkpt lat="46.439251" lon="14.026964">
        <ele>585.08</ele>
        <time>2026-07-04T09:09:05.786Z</time>
      </trkpt>
      <trkpt lat="46.439406" lon="14.026582">
        <ele>584.49</ele>
        <time>2026-07-04T09:09:11.580Z</time>
      </trkpt>
      <trkpt lat="46.439406" lon="14.026582">
        <ele>584.49</ele>
        <time>2026-07-04T09:09:11.580Z</time>
      </trkpt>
      <trkpt lat="46.439406" lon="14.026582">
        <ele>584.49</ele>
        <time>2026-07-04T09:09:11.989Z</time>
      </trkpt>
      <trkpt lat="46.439544" lon="14.026242">
        <ele>583.95</ele>
        <time>2026-07-04T09:09:16.004Z</time>
      </trkpt>
      <trkpt lat="46.439764" lon="14.025756">
        <ele>584.57</ele>
        <time>2026-07-04T09:09:21.921Z</time>
      </trkpt>
      <trkpt lat="46.439884" lon="14.02545">
        <ele>584.31</ele>
        <time>2026-07-04T09:09:25.503Z</time>
      </trkpt>
      <trkpt lat="46.439977" lon="14.025149">
        <ele>584.38</ele>
        <time>2026-07-04T09:09:28.859Z</time>
      </trkpt>
      <trkpt lat="46.440003" lon="14.024957">
        <ele>584.89</ele>
        <time>2026-07-04T09:09:30.850Z</time>
      </trkpt>
      <trkpt lat="46.440101" lon="14.024484">
        <ele>585.22</ele>
        <time>2026-07-04T09:09:35.876Z</time>
      </trkpt>
      <trkpt lat="46.440158" lon="14.024343">
        <ele>585.09</ele>
        <time>2026-07-04T09:09:37.539Z</time>
      </trkpt>
      <trkpt lat="46.440294" lon="14.024071">
        <ele>585.06</ele>
        <time>2026-07-04T09:09:40.958Z</time>
      </trkpt>
      <trkpt lat="46.44037" lon="14.023886">
        <ele>585.31</ele>
        <time>2026-07-04T09:09:43.149Z</time>
      </trkpt>
      <trkpt lat="46.440556" lon="14.023507">
        <ele>585.33</ele>
        <time>2026-07-04T09:09:47.884Z</time>
      </trkpt>
      <trkpt lat="46.440645" lon="14.023295">
        <ele>585.45</ele>
        <time>2026-07-04T09:09:50.410Z</time>
      </trkpt>
      <trkpt lat="46.44069" lon="14.023129">
        <ele>585.19</ele>
        <time>2026-07-04T09:09:52.225Z</time>
      </trkpt>
      <trkpt lat="46.440788" lon="14.022929">
        <ele>585.42</ele>
        <time>2026-07-04T09:09:54.722Z</time>
      </trkpt>
      <trkpt lat="46.440936" lon="14.022784">
        <ele>585.04</ele>
        <time>2026-07-04T09:09:57.359Z</time>
      </trkpt>
      <trkpt lat="46.441011" lon="14.022568">
        <ele>585.48</ele>
        <time>2026-07-04T09:09:59.888Z</time>
      </trkpt>
      <trkpt lat="46.441011" lon="14.022568">
        <ele>585.48</ele>
        <time>2026-07-04T09:09:59.888Z</time>
      </trkpt>
      <trkpt lat="46.441152" lon="14.022159">
        <ele>586.31</ele>
        <time>2026-07-04T09:10:04.670Z</time>
      </trkpt>
      <trkpt lat="46.441344" lon="14.021661">
        <ele>587.25</ele>
        <time>2026-07-04T09:10:10.637Z</time>
      </trkpt>
      <trkpt lat="46.441561" lon="14.020958">
        <ele>588.16</ele>
        <time>2026-07-04T09:10:18.692Z</time>
      </trkpt>
      <trkpt lat="46.44163" lon="14.020735">
        <ele>588.45</ele>
        <time>2026-07-04T09:10:21.248Z</time>
      </trkpt>
      <trkpt lat="46.441683" lon="14.020603">
        <ele>589.28</ele>
        <time>2026-07-04T09:10:22.845Z</time>
      </trkpt>
      <trkpt lat="46.441934" lon="14.020254">
        <ele>588.97</ele>
        <time>2026-07-04T09:10:28.120Z</time>
      </trkpt>
      <trkpt lat="46.441995" lon="14.020052">
        <ele>589</ele>
        <time>2026-07-04T09:10:30.426Z</time>
      </trkpt>
      <trkpt lat="46.441995" lon="14.020052">
        <ele>589</ele>
        <time>2026-07-04T09:10:30.426Z</time>
      </trkpt>
      <trkpt lat="46.441995" lon="14.020052">
        <ele>589</ele>
        <time>2026-07-04T09:10:30.512Z</time>
      </trkpt>
      <trkpt lat="46.442384" lon="14.018769">
        <ele>589.2</ele>
        <time>2026-07-04T09:10:45.472Z</time>
      </trkpt>
      <trkpt lat="46.442477" lon="14.018517">
        <ele>589.05</ele>
        <time>2026-07-04T09:10:48.523Z</time>
      </trkpt>
      <trkpt lat="46.442555" lon="14.018265">
        <ele>589.68</ele>
        <time>2026-07-04T09:10:51.471Z</time>
      </trkpt>
      <trkpt lat="46.44264" lon="14.018068">
        <ele>590.43</ele>
        <time>2026-07-04T09:10:53.951Z</time>
      </trkpt>
      <trkpt lat="46.442746" lon="14.017899">
        <ele>590.47</ele>
        <time>2026-07-04T09:10:56.390Z</time>
      </trkpt>
      <trkpt lat="46.44279" lon="14.017778">
        <ele>590.77</ele>
        <time>2026-07-04T09:10:57.850Z</time>
      </trkpt>
      <trkpt lat="46.44283" lon="14.017586">
        <ele>590.27</ele>
        <time>2026-07-04T09:10:59.990Z</time>
      </trkpt>
      <trkpt lat="46.442894" lon="14.017414">
        <ele>590.84</ele>
        <time>2026-07-04T09:11:02.076Z</time>
      </trkpt>
      <trkpt lat="46.443146" lon="14.016862">
        <ele>591.35</ele>
        <time>2026-07-04T09:11:09.143Z</time>
      </trkpt>
      <trkpt lat="46.443208" lon="14.016706">
        <ele>591.1</ele>
        <time>2026-07-04T09:11:11.065Z</time>
      </trkpt>
      <trkpt lat="46.44334" lon="14.016304">
        <ele>591.17</ele>
        <time>2026-07-04T09:11:16.779Z</time>
      </trkpt>
      <trkpt lat="46.44334" lon="14.016304">
        <ele>591.17</ele>
        <time>2026-07-04T09:11:16.779Z</time>
      </trkpt>
      <trkpt lat="46.44349" lon="14.015661">
        <ele>590.78</ele>
        <time>2026-07-04T09:11:25.490Z</time>
      </trkpt>
      <trkpt lat="46.443585" lon="14.015397">
        <ele>590.58</ele>
        <time>2026-07-04T09:11:29.312Z</time>
      </trkpt>
      <trkpt lat="46.443714" lon="14.015128">
        <ele>590.49</ele>
        <time>2026-07-04T09:11:33.517Z</time>
      </trkpt>
      <trkpt lat="46.443766" lon="14.014906">
        <ele>591</ele>
        <time>2026-07-04T09:11:36.526Z</time>
      </trkpt>
      <trkpt lat="46.443913" lon="14.013994">
        <ele>595.84</ele>
        <time>2026-07-04T09:11:48.545Z</time>
      </trkpt>
      <trkpt lat="46.443945" lon="14.01389">
        <ele>596.97</ele>
        <time>2026-07-04T09:11:50.006Z</time>
      </trkpt>
      <trkpt lat="46.443978" lon="14.013816">
        <ele>597.99</ele>
        <time>2026-07-04T09:11:51.136Z</time>
      </trkpt>
      <trkpt lat="46.443978" lon="14.013816">
        <ele>597.98</ele>
        <time>2026-07-04T09:11:51.136Z</time>
      </trkpt>
      <trkpt lat="46.444039" lon="14.013771">
        <ele>598.26</ele>
        <time>2026-07-04T09:11:52.410Z</time>
      </trkpt>
      <trkpt lat="46.444111" lon="14.013755">
        <ele>598.09</ele>
        <time>2026-07-04T09:11:53.766Z</time>
      </trkpt>
      <trkpt lat="46.444178" lon="14.013757">
        <ele>596.88</ele>
        <time>2026-07-04T09:11:55.013Z</time>
      </trkpt>
      <trkpt lat="46.444184" lon="14.013642">
        <ele>596.57</ele>
        <time>2026-07-04T09:11:56.492Z</time>
      </trkpt>
      <trkpt lat="46.444184" lon="14.013642">
        <ele>596.57</ele>
        <time>2026-07-04T09:11:56.492Z</time>
      </trkpt>
      <trkpt lat="46.444223" lon="14.013543">
        <ele>596.7</ele>
        <time>2026-07-04T09:11:57.954Z</time>
      </trkpt>
      <trkpt lat="46.444336" lon="14.013376">
        <ele>597.03</ele>
        <time>2026-07-04T09:12:00.956Z</time>
      </trkpt>
      <trkpt lat="46.444428" lon="14.013263">
        <ele>596.69</ele>
        <time>2026-07-04T09:12:03.199Z</time>
      </trkpt>
      <trkpt lat="46.444523" lon="14.013116">
        <ele>597.05</ele>
        <time>2026-07-04T09:12:05.784Z</time>
      </trkpt>
      <trkpt lat="46.444536" lon="14.013074">
        <ele>596.75</ele>
        <time>2026-07-04T09:12:06.504Z</time>
      </trkpt>
      <trkpt lat="46.444536" lon="14.013074">
        <ele>596.75</ele>
        <time>2026-07-04T09:12:06.504Z</time>
      </trkpt>
      <trkpt lat="46.444554" lon="14.013015">
        <ele>596.34</ele>
        <time>2026-07-04T09:12:07.513Z</time>
      </trkpt>
      <trkpt lat="46.444559" lon="14.01289">
        <ele>596.52</ele>
        <time>2026-07-04T09:12:09.306Z</time>
      </trkpt>
      <trkpt lat="46.444559" lon="14.01289">
        <ele>596.52</ele>
        <time>2026-07-04T09:12:09.306Z</time>
      </trkpt>
      <trkpt lat="46.444563" lon="14.012789">
        <ele>596.67</ele>
        <time>2026-07-04T09:12:10.755Z</time>
      </trkpt>
      <trkpt lat="46.444528" lon="14.01259">
        <ele>597.82</ele>
        <time>2026-07-04T09:12:13.697Z</time>
      </trkpt>
      <trkpt lat="46.444476" lon="14.012367">
        <ele>598.83</ele>
        <time>2026-07-04T09:12:17.069Z</time>
      </trkpt>
      <trkpt lat="46.44444" lon="14.012102">
        <ele>598.83</ele>
        <time>2026-07-04T09:12:20.938Z</time>
      </trkpt>
      <trkpt lat="46.444438" lon="14.011855">
        <ele>599.13</ele>
        <time>2026-07-04T09:12:24.476Z</time>
      </trkpt>
      <trkpt lat="46.444457" lon="14.011615">
        <ele>599.79</ele>
        <time>2026-07-04T09:12:27.937Z</time>
      </trkpt>
      <trkpt lat="46.444479" lon="14.0115">
        <ele>600.35</ele>
        <time>2026-07-04T09:12:29.646Z</time>
      </trkpt>
      <trkpt lat="46.44453" lon="14.011372">
        <ele>600.73</ele>
        <time>2026-07-04T09:12:31.419Z</time>
      </trkpt>
      <trkpt lat="46.44453" lon="14.011372">
        <ele>600.73</ele>
        <time>2026-07-04T09:12:31.419Z</time>
      </trkpt>
      <trkpt lat="46.444603" lon="14.011226">
        <ele>601.4</ele>
        <time>2026-07-04T09:12:33.582Z</time>
      </trkpt>
      <trkpt lat="46.444751" lon="14.011051">
        <ele>601.93</ele>
        <time>2026-07-04T09:12:36.905Z</time>
      </trkpt>
      <trkpt lat="46.444896" lon="14.010948">
        <ele>601.45</ele>
        <time>2026-07-04T09:12:39.715Z</time>
      </trkpt>
      <trkpt lat="46.445185" lon="14.010828">
        <ele>601.14</ele>
        <time>2026-07-04T09:12:44.947Z</time>
      </trkpt>
      <trkpt lat="46.445325" lon="14.010721">
        <ele>600.92</ele>
        <time>2026-07-04T09:12:47.701Z</time>
      </trkpt>
      <trkpt lat="46.445407" lon="14.010629">
        <ele>599.53</ele>
        <time>2026-07-04T09:12:49.505Z</time>
      </trkpt>
      <trkpt lat="46.445468" lon="14.01051">
        <ele>599.2</ele>
        <time>2026-07-04T09:12:51.284Z</time>
      </trkpt>
      <trkpt lat="46.44559" lon="14.010115">
        <ele>598.82</ele>
        <time>2026-07-04T09:12:56.943Z</time>
      </trkpt>
      <trkpt lat="46.44559" lon="14.010115">
        <ele>598.82</ele>
        <time>2026-07-04T09:12:56.943Z</time>
      </trkpt>
      <trkpt lat="46.446411" lon="14.007182">
        <ele>601.1</ele>
        <time>2026-07-04T09:13:38.336Z</time>
      </trkpt>
      <trkpt lat="46.446454" lon="14.006958">
        <ele>600.4</ele>
        <time>2026-07-04T09:13:41.376Z</time>
      </trkpt>
      <trkpt lat="46.446568" lon="14.006073">
        <ele>602.08</ele>
        <time>2026-07-04T09:13:53.148Z</time>
      </trkpt>
      <trkpt lat="46.446722" lon="14.004975">
        <ele>604.66</ele>
        <time>2026-07-04T09:14:07.799Z</time>
      </trkpt>
      <trkpt lat="46.44679" lon="14.004722">
        <ele>605.92</ele>
        <time>2026-07-04T09:14:11.349Z</time>
      </trkpt>
      <trkpt lat="46.446846" lon="14.004573">
        <ele>606</ele>
        <time>2026-07-04T09:14:13.568Z</time>
      </trkpt>
      <trkpt lat="46.446849" lon="14.004431">
        <ele>606.08</ele>
        <time>2026-07-04T09:14:15.835Z</time>
      </trkpt>
      <trkpt lat="46.446849" lon="14.004431">
        <ele>606.08</ele>
        <time>2026-07-04T09:14:15.835Z</time>
      </trkpt>
      <trkpt lat="46.446806" lon="14.004169">
        <ele>606.49</ele>
        <time>2026-07-04T09:14:20.133Z</time>
      </trkpt>
      <trkpt lat="46.446806" lon="14.004024">
        <ele>606.49</ele>
        <time>2026-07-04T09:14:22.447Z</time>
      </trkpt>
      <trkpt lat="46.446823" lon="14.003904">
        <ele>607.71</ele>
        <time>2026-07-04T09:14:24.402Z</time>
      </trkpt>
      <trkpt lat="46.446878" lon="14.003728">
        <ele>608.59</ele>
        <time>2026-07-04T09:14:27.486Z</time>
      </trkpt>
      <trkpt lat="46.446944" lon="14.003391">
        <ele>609.1</ele>
        <time>2026-07-04T09:14:33.077Z</time>
      </trkpt>
      <trkpt lat="46.446961" lon="14.003216">
        <ele>609.41</ele>
        <time>2026-07-04T09:14:35.897Z</time>
      </trkpt>
      <trkpt lat="46.446955" lon="14.003136">
        <ele>609.86</ele>
        <time>2026-07-04T09:14:36.786Z</time>
      </trkpt>
      <trkpt lat="46.446955" lon="14.003136">
        <ele>609.86</ele>
        <time>2026-07-04T09:14:36.786Z</time>
      </trkpt>
      <trkpt lat="46.446941" lon="14.003082">
        <ele>610.11</ele>
        <time>2026-07-04T09:14:37.423Z</time>
      </trkpt>
      <trkpt lat="46.446895" lon="14.003015">
        <ele>611.73</ele>
        <time>2026-07-04T09:14:38.467Z</time>
      </trkpt>
      <trkpt lat="46.446815" lon="14.00295">
        <ele>613.61</ele>
        <time>2026-07-04T09:14:39.937Z</time>
      </trkpt>
      <trkpt lat="46.44681" lon="14.002663">
        <ele>612.51</ele>
        <time>2026-07-04T09:14:43.108Z</time>
      </trkpt>
      <trkpt lat="46.446818" lon="14.002534">
        <ele>612.01</ele>
        <time>2026-07-04T09:14:44.538Z</time>
      </trkpt>
      <trkpt lat="46.446829" lon="14.002488">
        <ele>611.73</ele>
        <time>2026-07-04T09:14:44.966Z</time>
      </trkpt>
      <trkpt lat="46.446829" lon="14.002488">
        <ele>611.73</ele>
        <time>2026-07-04T09:14:44.966Z</time>
      </trkpt>
      <trkpt lat="46.446891" lon="14.002282">
        <ele>610.78</ele>
        <time>2026-07-04T09:14:46.945Z</time>
      </trkpt>
      <trkpt lat="46.446963" lon="14.002158">
        <ele>610.17</ele>
        <time>2026-07-04T09:14:48.372Z</time>
      </trkpt>
      <trkpt lat="46.447396" lon="14.001604">
        <ele>604.03</ele>
        <time>2026-07-04T09:14:55.748Z</time>
      </trkpt>
      <trkpt lat="46.447508" lon="14.001356">
        <ele>602.65</ele>
        <time>2026-07-04T09:14:58.366Z</time>
      </trkpt>
      <trkpt lat="46.447508" lon="14.001356">
        <ele>602.65</ele>
        <time>2026-07-04T09:14:58.366Z</time>
      </trkpt>
      <trkpt lat="46.447584" lon="14.001173">
        <ele>602.48</ele>
        <time>2026-07-04T09:15:00.253Z</time>
      </trkpt>
      <trkpt lat="46.447832" lon="14.000403">
        <ele>602.84</ele>
        <time>2026-07-04T09:15:07.759Z</time>
      </trkpt>
      <trkpt lat="46.447995" lon="13.999804">
        <ele>603</ele>
        <time>2026-07-04T09:15:13.446Z</time>
      </trkpt>
      <trkpt lat="46.448182" lon="13.998924">
        <ele>603</ele>
        <time>2026-07-04T09:15:21.578Z</time>
      </trkpt>
      <trkpt lat="46.448275" lon="13.998334">
        <ele>604.1</ele>
        <time>2026-07-04T09:15:26.923Z</time>
      </trkpt>
      <trkpt lat="46.448282" lon="13.997651">
        <ele>604.07</ele>
        <time>2026-07-04T09:15:32.955Z</time>
      </trkpt>
      <trkpt lat="46.448298" lon="13.997398">
        <ele>604.46</ele>
        <time>2026-07-04T09:15:35.198Z</time>
      </trkpt>
      <trkpt lat="46.448324" lon="13.997187">
        <ele>604.68</ele>
        <time>2026-07-04T09:15:37.091Z</time>
      </trkpt>
      <trkpt lat="46.448366" lon="13.996982">
        <ele>604.95</ele>
        <time>2026-07-04T09:15:38.979Z</time>
      </trkpt>
      <trkpt lat="46.448441" lon="13.996678">
        <ele>605</ele>
        <time>2026-07-04T09:15:41.830Z</time>
      </trkpt>
      <trkpt lat="46.448443830013275" lon="13.99667926132679">
        <ele>610.7999877929688</ele>
        <time>2026-07-04T09:15:41.875Z</time>
        <extensions>
          <gpxtpx:TrackPointExtension>
            <gpxtpx:atemp>27</gpxtpx:atemp>
            <gpxtpx:hr>170</gpxtpx:hr>
            <gpxtpx:cad>85</gpxtpx:cad>
          </gpxtpx:TrackPointExtension>
        </extensions>
      </trkpt>
      <trkpt lat="46.448441" lon="13.996678">
        <ele>605</ele>
        <time>2026-07-04T09:15:41.920Z</time>
      </trkpt>
      <trkpt lat="46.448522" lon="13.996429">
        <ele>605</ele>
        <time>2026-07-04T09:15:44.844Z</time>
      </trkpt>
      <trkpt lat="46.448623" lon="13.996205">
        <ele>605</ele>
        <time>2026-07-04T09:15:47.687Z</time>
      </trkpt>
      <trkpt lat="46.448843" lon="13.995802">
        <ele>606.69</ele>
        <time>2026-07-04T09:15:53.148Z</time>
      </trkpt>
      <trkpt lat="46.449231" lon="13.995123">
        <ele>608.94</ele>
        <time>2026-07-04T09:16:02.518Z</time>
      </trkpt>
      <trkpt lat="46.449452" lon="13.994696">
        <ele>609.33</ele>
        <time>2026-07-04T09:16:08.190Z</time>
      </trkpt>
      <trkpt lat="46.449729" lon="13.994136">
        <ele>610.09</ele>
        <time>2026-07-04T09:16:15.512Z</time>
      </trkpt>
      <trkpt lat="46.449942" lon="13.993658">
        <ele>610.44</ele>
        <time>2026-07-04T09:16:21.558Z</time>
      </trkpt>
      <trkpt lat="46.450188" lon="13.99319">
        <ele>609.2</ele>
        <time>2026-07-04T09:16:27.810Z</time>
      </trkpt>
      <trkpt lat="46.450316" lon="13.992984">
        <ele>607.64</ele>
        <time>2026-07-04T09:16:30.756Z</time>
      </trkpt>
      <trkpt lat="46.4503232203424" lon="13.992993319407105">
        <ele>613.5999755859375</ele>
        <time>2026-07-04T09:16:30.904Z</time>
        <extensions>
          <gpxtpx:TrackPointExtension>
            <gpxtpx:atemp>26</gpxtpx:atemp>
            <gpxtpx:hr>176</gpxtpx:hr>
          </gpxtpx:TrackPointExtension>
        </extensions>
      </trkpt>
      <trkpt lat="46.450316" lon="13.992984">
        <ele>607.64</ele>
        <time>2026-07-04T09:16:31.052Z</time>
      </trkpt>
      <trkpt lat="46.450402" lon="13.992873">
        <ele>606.37</ele>
        <time>2026-07-04T09:16:33.057Z</time>
      </trkpt>
      <trkpt lat="46.450462" lon="13.992813">
        <ele>606</ele>
        <time>2026-07-04T09:16:34.326Z</time>
      </trkpt>
      <trkpt lat="46.450578" lon="13.99273">
        <ele>605.59</ele>
        <time>2026-07-04T09:16:36.579Z</time>
      </trkpt>
      <trkpt lat="46.450593" lon="13.992719">
        <ele>605.54</ele>
        <time>2026-07-04T09:16:36.871Z</time>
      </trkpt>
      <trkpt lat="46.450627" lon="13.992634">
        <ele>605.25</ele>
        <time>2026-07-04T09:16:38.050Z</time>
      </trkpt>
      <trkpt lat="46.450639" lon="13.992573">
        <ele>605.15</ele>
        <time>2026-07-04T09:16:38.811Z</time>
      </trkpt>
      <trkpt lat="46.450639" lon="13.992573">
        <ele>605.15</ele>
        <time>2026-07-04T09:16:38.811Z</time>
      </trkpt>
      <trkpt lat="46.450651" lon="13.992396">
        <ele>604.52</ele>
        <time>2026-07-04T09:16:40.999Z</time>
      </trkpt>
      <trkpt lat="46.450639" lon="13.992222">
        <ele>604.53</ele>
        <time>2026-07-04T09:16:43.867Z</time>
      </trkpt>
      <trkpt lat="46.450529" lon="13.991708">
        <ele>604.71</ele>
        <time>2026-07-04T09:16:52.696Z</time>
      </trkpt>
      <trkpt lat="46.450529" lon="13.991708">
        <ele>604.71</ele>
        <time>2026-07-04T09:16:52.696Z</time>
      </trkpt>
      <trkpt lat="46.450479" lon="13.991522">
        <ele>604.84</ele>
        <time>2026-07-04T09:16:55.659Z</time>
      </trkpt>
      <trkpt lat="46.45039" lon="13.991367">
        <ele>606.36</ele>
        <time>2026-07-04T09:16:59.115Z</time>
      </trkpt>
      <trkpt lat="46.450332" lon="13.99117">
        <ele>606.55</ele>
        <time>2026-07-04T09:17:02.785Z</time>
      </trkpt>
      <trkpt lat="46.450301" lon="13.990939">
        <ele>606</ele>
        <time>2026-07-04T09:17:06.816Z</time>
      </trkpt>
      <trkpt lat="46.450297" lon="13.990746">
        <ele>606.08</ele>
        <time>2026-07-04T09:17:10.124Z</time>
      </trkpt>
      <trkpt lat="46.450362" lon="13.990141">
        <ele>608.85</ele>
        <time>2026-07-04T09:17:20.614Z</time>
      </trkpt>
      <trkpt lat="46.450395" lon="13.989601">
        <ele>612.66</ele>
        <time>2026-07-04T09:17:29.901Z</time>
      </trkpt>
      <trkpt lat="46.450396" lon="13.989418">
        <ele>613.33</ele>
        <time>2026-07-04T09:17:33.036Z</time>
      </trkpt>
      <trkpt lat="46.45036" lon="13.989226">
        <ele>615.01</ele>
        <time>2026-07-04T09:17:36.445Z</time>
      </trkpt>
      <trkpt lat="46.450315" lon="13.989123">
        <ele>615.55</ele>
        <time>2026-07-04T09:17:38.534Z</time>
      </trkpt>
      <trkpt lat="46.450168" lon="13.988865">
        <ele>616.24</ele>
        <time>2026-07-04T09:17:44.269Z</time>
      </trkpt>
      <trkpt lat="46.450124" lon="13.988728">
        <ele>616.54</ele>
        <time>2026-07-04T09:17:46.858Z</time>
      </trkpt>
      <trkpt lat="46.450118" lon="13.988627">
        <ele>616.55</ele>
        <time>2026-07-04T09:17:48.594Z</time>
      </trkpt>
      <trkpt lat="46.450123" lon="13.988564">
        <ele>616.54</ele>
        <time>2026-07-04T09:17:49.680Z</time>
      </trkpt>
      <trkpt lat="46.45012155175209" lon="13.988563567399979">
        <ele>622.5999755859375</ele>
        <time>2026-07-04T09:17:49.748Z</time>
        <extensions>
          <gpxtpx:TrackPointExtension>
            <gpxtpx:atemp>26</gpxtpx:atemp>
            <gpxtpx:hr>180</gpxtpx:hr>
            <gpxtpx:cad>81</gpxtpx:cad>
          </gpxtpx:TrackPointExtension>
        </extensions>
      </trkpt>
      <trkpt lat="46.450123" lon="13.988564">
        <ele>616.54</ele>
        <time>2026-07-04T09:17:49.816Z</time>
      </trkpt>
      <trkpt lat="46.450126" lon="13.988521">
        <ele>616.53</ele>
        <time>2026-07-04T09:17:51.204Z</time>
      </trkpt>
      <trkpt lat="46.450208" lon="13.988142">
        <ele>617.89</ele>
        <time>2026-07-04T09:18:03.969Z</time>
      </trkpt>
      <trkpt lat="46.450359" lon="13.987679">
        <ele>619.53</ele>
        <time>2026-07-04T09:18:20.430Z</time>
      </trkpt>
      <trkpt lat="46.450567" lon="13.987192">
        <ele>622.69</ele>
        <time>2026-07-04T09:18:38.842Z</time>
      </trkpt>
      <trkpt lat="46.450747" lon="13.986798">
        <ele>628.36</ele>
        <time>2026-07-04T09:18:54.033Z</time>
      </trkpt>
      <trkpt lat="46.450806" lon="13.986636">
        <ele>630.06</ele>
        <time>2026-07-04T09:18:59.921Z</time>
      </trkpt>
      <trkpt lat="46.450867" lon="13.986435">
        <ele>633.02</ele>
        <time>2026-07-04T09:19:06.978Z</time>
      </trkpt>
      <trkpt lat="46.450914" lon="13.986206">
        <ele>635.82</ele>
        <time>2026-07-04T09:19:14.656Z</time>
      </trkpt>
      <trkpt lat="46.450988" lon="13.985706">
        <ele>641.18</ele>
        <time>2026-07-04T09:19:31.089Z</time>
      </trkpt>
      <trkpt lat="46.45103" lon="13.985521">
        <ele>642.67</ele>
        <time>2026-07-04T09:19:37.348Z</time>
      </trkpt>
      <trkpt lat="46.45103" lon="13.985521">
        <ele>642.67</ele>
        <time>2026-07-04T09:19:37.348Z</time>
      </trkpt>
      <trkpt lat="46.451054" lon="13.985397">
        <ele>643.52</ele>
        <time>2026-07-04T09:19:42.901Z</time>
      </trkpt>
      <trkpt lat="46.451052110642195" lon="13.985396213829517">
        <ele>649.5999755859375</ele>
        <time>2026-07-04T09:19:42.979Z</time>
        <extensions>
          <gpxtpx:TrackPointExtension>
            <gpxtpx:atemp>26</gpxtpx:atemp>
            <gpxtpx:hr>193</gpxtpx:hr>
            <gpxtpx:cad>60</gpxtpx:cad>
          </gpxtpx:TrackPointExtension>
        </extensions>
      </trkpt>
      <trkpt lat="46.451054" lon="13.985397">
        <ele>643.52</ele>
        <time>2026-07-04T09:19:43.057Z</time>
      </trkpt>
      <trkpt lat="46.451114" lon="13.985065">
        <ele>645.68</ele>
        <time>2026-07-04T09:19:52.379Z</time>
      </trkpt>
      <trkpt lat="46.451114" lon="13.985065">
        <ele>645.68</ele>
        <time>2026-07-04T09:19:52.379Z</time>
      </trkpt>
      <trkpt lat="46.451115" lon="13.98506">
        <ele>645.71</ele>
        <time>2026-07-04T09:19:52.520Z</time>
      </trkpt>
      <trkpt lat="46.451171" lon="13.984928">
        <ele>646.32</ele>
        <time>2026-07-04T09:19:56.730Z</time>
      </trkpt>
      <trkpt lat="46.451254" lon="13.98477">
        <ele>646.77</ele>
        <time>2026-07-04T09:20:02.126Z</time>
      </trkpt>
      <trkpt lat="46.451346" lon="13.984644">
        <ele>646.56</ele>
        <time>2026-07-04T09:20:07.112Z</time>
      </trkpt>
      <trkpt lat="46.4515" lon="13.984474">
        <ele>646.86</ele>
        <time>2026-07-04T09:20:14.739Z</time>
      </trkpt>
      <trkpt lat="46.451614" lon="13.98438">
        <ele>647.31</ele>
        <time>2026-07-04T09:20:19.907Z</time>
      </trkpt>
      <trkpt lat="46.45167" lon="13.98436">
        <ele>647.07</ele>
        <time>2026-07-04T09:20:22.180Z</time>
      </trkpt>
      <trkpt lat="46.45167" lon="13.98436">
        <ele>647.07</ele>
        <time>2026-07-04T09:20:22.180Z</time>
      </trkpt>
      <trkpt lat="46.45167" lon="13.98436">
        <ele>647.07</ele>
        <time>2026-07-04T09:24:08.319Z</time>
      </trkpt>
      <trkpt lat="46.451858" lon="13.984326">
        <ele>646.19</ele>
        <time>2026-07-04T09:24:13.490Z</time>
      </trkpt>
      <trkpt lat="46.451858" lon="13.984326">
        <ele>646.19</ele>
        <time>2026-07-04T09:24:13.490Z</time>
      </trkpt>
      <trkpt lat="46.451979" lon="13.984313">
        <ele>645.54</ele>
        <time>2026-07-04T09:24:16.802Z</time>
      </trkpt>
      <trkpt lat="46.452203" lon="13.9843">
        <ele>644.18</ele>
        <time>2026-07-04T09:24:22.921Z</time>
      </trkpt>
      <trkpt lat="46.452203" lon="13.9843">
        <ele>644.19</ele>
        <time>2026-07-04T09:24:22.921Z</time>
      </trkpt>
      <trkpt lat="46.452203" lon="13.9843">
        <ele>644.18</ele>
        <time>2026-07-04T09:24:22.921Z</time>
      </trkpt>
      <trkpt lat="46.452251" lon="13.984298">
        <ele>643.9</ele>
        <time>2026-07-04T09:24:24.231Z</time>
      </trkpt>
      <trkpt lat="46.452414" lon="13.984194">
        <ele>643.67</ele>
        <time>2026-07-04T09:24:29.091Z</time>
      </trkpt>
      <trkpt lat="46.452568" lon="13.984054">
        <ele>644.05</ele>
        <time>2026-07-04T09:24:34.051Z</time>
      </trkpt>
      <trkpt lat="46.452607" lon="13.984">
        <ele>644.36</ele>
        <time>2026-07-04T09:24:35.789Z</time>
      </trkpt>
      <trkpt lat="46.452607" lon="13.984">
        <ele>644.35</ele>
        <time>2026-07-04T09:24:35.789Z</time>
      </trkpt>
      <trkpt lat="46.452699" lon="13.983873">
        <ele>645.07</ele>
        <time>2026-07-04T09:24:39.884Z</time>
      </trkpt>
      <trkpt lat="46.452819" lon="13.98365">
        <ele>646.9</ele>
        <time>2026-07-04T09:24:46.172Z</time>
      </trkpt>
      <trkpt lat="46.452932" lon="13.983454">
        <ele>647.17</ele>
        <time>2026-07-04T09:24:51.852Z</time>
      </trkpt>
      <trkpt lat="46.453006" lon="13.983261">
        <ele>647.27</ele>
        <time>2026-07-04T09:24:56.761Z</time>
      </trkpt>
      <trkpt lat="46.453006" lon="13.983261">
        <ele>647.27</ele>
        <time>2026-07-04T09:24:56.761Z</time>
      </trkpt>
      <trkpt lat="46.453006" lon="13.983261">
        <ele>647.27</ele>
        <time>2026-07-04T09:24:56.790Z</time>
      </trkpt>
      <trkpt lat="46.453076" lon="13.983077">
        <ele>647.38</ele>
        <time>2026-07-04T09:25:01.257Z</time>
      </trkpt>
      <trkpt lat="46.453126" lon="13.982897">
        <ele>648.67</ele>
        <time>2026-07-04T09:25:05.382Z</time>
      </trkpt>
      <trkpt lat="46.453166" lon="13.982701">
        <ele>650.73</ele>
        <time>2026-07-04T09:25:09.727Z</time>
      </trkpt>
      <trkpt lat="46.453235" lon="13.982534">
        <ele>651.17</ele>
        <time>2026-07-04T09:25:13.866Z</time>
      </trkpt>
      <trkpt lat="46.45333" lon="13.982387">
        <ele>651.1</ele>
        <time>2026-07-04T09:25:18.150Z</time>
      </trkpt>
      <trkpt lat="46.453503" lon="13.982183">
        <ele>649.92</ele>
        <time>2026-07-04T09:25:22.863Z</time>
      </trkpt>
      <trkpt lat="46.453503" lon="13.982183">
        <ele>649.93</ele>
        <time>2026-07-04T09:25:22.863Z</time>
      </trkpt>
      <trkpt lat="46.453564" lon="13.9821">
        <ele>649.46</ele>
        <time>2026-07-04T09:25:24.631Z</time>
      </trkpt>
      <trkpt lat="46.453646" lon="13.982063">
        <ele>648.69</ele>
        <time>2026-07-04T09:25:26.446Z</time>
      </trkpt>
      <trkpt lat="46.453663" lon="13.982068">
        <ele>648.48</ele>
        <time>2026-07-04T09:25:26.812Z</time>
      </trkpt>
      <trkpt lat="46.454044" lon="13.982204">
        <ele>643.26</ele>
        <time>2026-07-04T09:25:35.109Z</time>
      </trkpt>
      <trkpt lat="46.454086" lon="13.982201">
        <ele>642.93</ele>
        <time>2026-07-04T09:25:35.998Z</time>
      </trkpt>
      <trkpt lat="46.454096" lon="13.982181">
        <ele>642.88</ele>
        <time>2026-07-04T09:25:36.358Z</time>
      </trkpt>
      <trkpt lat="46.45409792661667" lon="13.982183178886771">
        <ele>653.2000122070312</ele>
        <time>2026-07-04T09:25:36.411Z</time>
        <extensions>
          <gpxtpx:TrackPointExtension>
            <gpxtpx:atemp>26</gpxtpx:atemp>
            <gpxtpx:hr>161</gpxtpx:hr>
          </gpxtpx:TrackPointExtension>
        </extensions>
      </trkpt>
      <trkpt lat="46.454096" lon="13.982181">
        <ele>642.88</ele>
        <time>2026-07-04T09:25:36.464Z</time>
      </trkpt>
      <trkpt lat="46.454138" lon="13.982099">
        <ele>642.7</ele>
        <time>2026-07-04T09:25:38.010Z</time>
      </trkpt>
      <trkpt lat="46.454186" lon="13.98196">
        <ele>642.43</ele>
        <time>2026-07-04T09:25:40.363Z</time>
      </trkpt>
      <trkpt lat="46.45419" lon="13.981929">
        <ele>642.42</ele>
        <time>2026-07-04T09:25:40.840Z</time>
      </trkpt>
      <trkpt lat="46.454207" lon="13.981782">
        <ele>642.37</ele>
        <time>2026-07-04T09:25:43.095Z</time>
      </trkpt>
      <trkpt lat="46.454239" lon="13.981644">
        <ele>642.87</ele>
        <time>2026-07-04T09:25:45.298Z</time>
      </trkpt>
      <trkpt lat="46.454277" lon="13.981522">
        <ele>643.26</ele>
        <time>2026-07-04T09:25:47.324Z</time>
      </trkpt>
      <trkpt lat="46.454321" lon="13.981408">
        <ele>643.55</ele>
        <time>2026-07-04T09:25:49.301Z</time>
      </trkpt>
      <trkpt lat="46.454404" lon="13.98126">
        <ele>643.71</ele>
        <time>2026-07-04T09:25:52.189Z</time>
      </trkpt>
      <trkpt lat="46.454445" lon="13.981151">
        <ele>643.82</ele>
        <time>2026-07-04T09:25:54.068Z</time>
      </trkpt>
      <trkpt lat="46.45444627851248" lon="13.981151785701513">
        <ele>653.4000244140625</ele>
        <time>2026-07-04T09:25:54.095Z</time>
        <extensions>
          <gpxtpx:TrackPointExtension>
            <gpxtpx:atemp>26</gpxtpx:atemp>
            <gpxtpx:hr>161</gpxtpx:hr>
            <gpxtpx:cad>89</gpxtpx:cad>
          </gpxtpx:TrackPointExtension>
        </extensions>
      </trkpt>
      <trkpt lat="46.454445" lon="13.981151">
        <ele>643.82</ele>
        <time>2026-07-04T09:25:54.122Z</time>
      </trkpt>
      <trkpt lat="46.454485" lon="13.980992">
        <ele>643.35</ele>
        <time>2026-07-04T09:25:56.437Z</time>
      </trkpt>
      <trkpt lat="46.454505" lon="13.980806">
        <ele>644.02</ele>
        <time>2026-07-04T09:25:59.012Z</time>
      </trkpt>
      <trkpt lat="46.454576" lon="13.980394">
        <ele>643.01</ele>
        <time>2026-07-04T09:26:05.228Z</time>
      </trkpt>
      <trkpt lat="46.454576" lon="13.980394">
        <ele>643.01</ele>
        <time>2026-07-04T09:26:05.228Z</time>
      </trkpt>
      <trkpt lat="46.454632" lon="13.980141">
        <ele>642.75</ele>
        <time>2026-07-04T09:26:09.117Z</time>
      </trkpt>
      <trkpt lat="46.454707" lon="13.97973">
        <ele>642.87</ele>
        <time>2026-07-04T09:26:15.340Z</time>
      </trkpt>
      <trkpt lat="46.454743" lon="13.97948">
        <ele>643.36</ele>
        <time>2026-07-04T09:26:19.078Z</time>
      </trkpt>
      <trkpt lat="46.454742" lon="13.97913">
        <ele>643.9</ele>
        <time>2026-07-04T09:26:26.199Z</time>
      </trkpt>
      <trkpt lat="46.454742" lon="13.97913">
        <ele>643.9</ele>
        <time>2026-07-04T09:26:26.199Z</time>
      </trkpt>
      <trkpt lat="46.454741" lon="13.978944">
        <ele>644.07</ele>
        <time>2026-07-04T09:26:29.983Z</time>
      </trkpt>
      <trkpt lat="46.454722" lon="13.978625">
        <ele>645.04</ele>
        <time>2026-07-04T09:26:36.497Z</time>
      </trkpt>
      <trkpt lat="46.454694" lon="13.978358">
        <ele>645.8</ele>
        <time>2026-07-04T09:26:41.991Z</time>
      </trkpt>
      <trkpt lat="46.454671" lon="13.978208">
        <ele>646.12</ele>
        <time>2026-07-04T09:26:45.117Z</time>
      </trkpt>
      <trkpt lat="46.454637" lon="13.978059">
        <ele>646.46</ele>
        <time>2026-07-04T09:26:47.633Z</time>
      </trkpt>
      <trkpt lat="46.454637" lon="13.978059">
        <ele>646.46</ele>
        <time>2026-07-04T09:26:47.633Z</time>
      </trkpt>
      <trkpt lat="46.454544" lon="13.977657">
        <ele>647.39</ele>
        <time>2026-07-04T09:26:54.430Z</time>
      </trkpt>
      <trkpt lat="46.454375" lon="13.977054">
        <ele>650.24</ele>
        <time>2026-07-04T09:27:04.865Z</time>
      </trkpt>
      <trkpt lat="46.45432" lon="13.976885">
        <ele>650.38</ele>
        <time>2026-07-04T09:27:07.861Z</time>
      </trkpt>
      <trkpt lat="46.454252" lon="13.976718">
        <ele>650.83</ele>
        <time>2026-07-04T09:27:10.970Z</time>
      </trkpt>
      <trkpt lat="46.454184" lon="13.97658">
        <ele>651.34</ele>
        <time>2026-07-04T09:27:13.689Z</time>
      </trkpt>
      <trkpt lat="46.454146" lon="13.976459">
        <ele>651.3</ele>
        <time>2026-07-04T09:27:15.820Z</time>
      </trkpt>
      <trkpt lat="46.454141" lon="13.976358">
        <ele>650.76</ele>
        <time>2026-07-04T09:27:17.443Z</time>
      </trkpt>
      <trkpt lat="46.454152" lon="13.976272">
        <ele>650.36</ele>
        <time>2026-07-04T09:27:18.303Z</time>
      </trkpt>
      <trkpt lat="46.454152" lon="13.976272">
        <ele>650.36</ele>
        <time>2026-07-04T09:27:18.303Z</time>
      </trkpt>
      <trkpt lat="46.45417" lon="13.976132">
        <ele>649.71</ele>
        <time>2026-07-04T09:27:19.703Z</time>
      </trkpt>
      <trkpt lat="46.454225" lon="13.975964">
        <ele>648.67</ele>
        <time>2026-07-04T09:27:21.531Z</time>
      </trkpt>
      <trkpt lat="46.454244" lon="13.975638">
        <ele>647.71</ele>
        <time>2026-07-04T09:27:24.747Z</time>
      </trkpt>
      <trkpt lat="46.454288" lon="13.975438">
        <ele>646.23</ele>
        <time>2026-07-04T09:27:26.811Z</time>
      </trkpt>
      <trkpt lat="46.454357" lon="13.975277">
        <ele>644.28</ele>
        <time>2026-07-04T09:27:28.675Z</time>
      </trkpt>
      <trkpt lat="46.454397" lon="13.975133">
        <ele>643.97</ele>
        <time>2026-07-04T09:27:30.201Z</time>
      </trkpt>
      <trkpt lat="46.454502" lon="13.974754">
        <ele>638.71</ele>
        <time>2026-07-04T09:27:34.217Z</time>
      </trkpt>
      <trkpt lat="46.454566" lon="13.974625">
        <ele>634.6</ele>
        <time>2026-07-04T09:27:35.814Z</time>
      </trkpt>
      <trkpt lat="46.454566" lon="13.974625">
        <ele>634.61</ele>
        <time>2026-07-04T09:27:35.814Z</time>
      </trkpt>
      <trkpt lat="46.454578" lon="13.974602">
        <ele>633.86</ele>
        <time>2026-07-04T09:27:36.104Z</time>
      </trkpt>
      <trkpt lat="46.454687" lon="13.974475">
        <ele>631.98</ele>
        <time>2026-07-04T09:27:38.143Z</time>
      </trkpt>
      <trkpt lat="46.455003" lon="13.97427">
        <ele>627.67</ele>
        <time>2026-07-04T09:27:43.193Z</time>
      </trkpt>
      <trkpt lat="46.455235" lon="13.97414">
        <ele>625.36</ele>
        <time>2026-07-04T09:27:46.821Z</time>
      </trkpt>
      <trkpt lat="46.455349" lon="13.974114">
        <ele>624.93</ele>
        <time>2026-07-04T09:27:48.504Z</time>
      </trkpt>
      <trkpt lat="46.455458" lon="13.974101">
        <ele>624.43</ele>
        <time>2026-07-04T09:27:50.099Z</time>
      </trkpt>
      <trkpt lat="46.45565" lon="13.974018">
        <ele>624.05</ele>
        <time>2026-07-04T09:27:53.021Z</time>
      </trkpt>
      <trkpt lat="46.455859" lon="13.973942">
        <ele>622.09</ele>
        <time>2026-07-04T09:27:56.164Z</time>
      </trkpt>
      <trkpt lat="46.456153" lon="13.9738">
        <ele>621.29</ele>
        <time>2026-07-04T09:28:00.684Z</time>
      </trkpt>
      <trkpt lat="46.45634" lon="13.973657">
        <ele>621</ele>
        <time>2026-07-04T09:28:03.767Z</time>
      </trkpt>
      <trkpt lat="46.456491" lon="13.973508">
        <ele>622</ele>
        <time>2026-07-04T09:28:06.430Z</time>
      </trkpt>
      <trkpt lat="46.45654" lon="13.973421">
        <ele>622</ele>
        <time>2026-07-04T09:28:07.672Z</time>
      </trkpt>
      <trkpt lat="46.45654" lon="13.973421">
        <ele>622</ele>
        <time>2026-07-04T09:28:07.672Z</time>
      </trkpt>
      <trkpt lat="46.456572" lon="13.973335">
        <ele>622</ele>
        <time>2026-07-04T09:28:08.752Z</time>
      </trkpt>
      <trkpt lat="46.456586" lon="13.973157">
        <ele>622</ele>
        <time>2026-07-04T09:28:10.733Z</time>
      </trkpt>
      <trkpt lat="46.456617" lon="13.973039">
        <ele>622.09</ele>
        <time>2026-07-04T09:28:12.129Z</time>
      </trkpt>
      <trkpt lat="46.456688" lon="13.972897">
        <ele>622.09</ele>
        <time>2026-07-04T09:28:14.069Z</time>
      </trkpt>
      <trkpt lat="46.456818" lon="13.972724">
        <ele>622.01</ele>
        <time>2026-07-04T09:28:16.900Z</time>
      </trkpt>
      <trkpt lat="46.457283" lon="13.972235">
        <ele>623.87</ele>
        <time>2026-07-04T09:28:26.117Z</time>
      </trkpt>
      <trkpt lat="46.457495" lon="13.97199">
        <ele>624.01</ele>
        <time>2026-07-04T09:28:30.467Z</time>
      </trkpt>
      <trkpt lat="46.457768" lon="13.971562">
        <ele>624</ele>
        <time>2026-07-04T09:28:36.917Z</time>
      </trkpt>
      <trkpt lat="46.458002" lon="13.971223">
        <ele>625.41</ele>
        <time>2026-07-04T09:28:42.224Z</time>
      </trkpt>
      <trkpt lat="46.458156" lon="13.970981">
        <ele>626.46</ele>
        <time>2026-07-04T09:28:45.867Z</time>
      </trkpt>
      <trkpt lat="46.458513" lon="13.970342">
        <ele>626.4</ele>
        <time>2026-07-04T09:28:54.965Z</time>
      </trkpt>
      <trkpt lat="46.458536" lon="13.970287">
        <ele>626.37</ele>
        <time>2026-07-04T09:28:55.866Z</time>
      </trkpt>
      <trkpt lat="46.458536" lon="13.970287">
        <ele>626.37</ele>
        <time>2026-07-04T09:28:55.866Z</time>
      </trkpt>
      <trkpt lat="46.458664" lon="13.969977">
        <ele>626.17</ele>
        <time>2026-07-04T09:29:00.930Z</time>
      </trkpt>
      <trkpt lat="46.458807" lon="13.969594">
        <ele>626.7</ele>
        <time>2026-07-04T09:29:07.034Z</time>
      </trkpt>
      <trkpt lat="46.45889" lon="13.96934">
        <ele>628.18</ele>
        <time>2026-07-04T09:29:10.973Z</time>
      </trkpt>
      <trkpt lat="46.459031" lon="13.969063">
        <ele>626.96</ele>
        <time>2026-07-04T09:29:15.799Z</time>
      </trkpt>
      <trkpt lat="46.459118" lon="13.968798">
        <ele>627.9</ele>
        <time>2026-07-04T09:29:19.912Z</time>
      </trkpt>
      <trkpt lat="46.459224" lon="13.968546">
        <ele>627</ele>
        <time>2026-07-04T09:29:24.049Z</time>
      </trkpt>
      <trkpt lat="46.459269" lon="13.968348">
        <ele>628.08</ele>
        <time>2026-07-04T09:29:26.970Z</time>
      </trkpt>
      <trkpt lat="46.459385" lon="13.96798">
        <ele>628.09</ele>
        <time>2026-07-04T09:29:32.640Z</time>
      </trkpt>
      <trkpt lat="46.459481" lon="13.967577">
        <ele>628.34</ele>
        <time>2026-07-04T09:29:38.614Z</time>
      </trkpt>
      <trkpt lat="46.459579" lon="13.967089">
        <ele>628.84</ele>
        <time>2026-07-04T09:29:45.736Z</time>
      </trkpt>
      <trkpt lat="46.459619" lon="13.966783">
        <ele>627.86</ele>
        <time>2026-07-04T09:29:50.100Z</time>
      </trkpt>
      <trkpt lat="46.459742" lon="13.966135">
        <ele>628</ele>
        <time>2026-07-04T09:29:59.518Z</time>
      </trkpt>
      <trkpt lat="46.459832" lon="13.965514">
        <ele>628.5</ele>
        <time>2026-07-04T09:30:08.409Z</time>
      </trkpt>
      <trkpt lat="46.459914" lon="13.964756">
        <ele>628.5</ele>
        <time>2026-07-04T09:30:19.160Z</time>
      </trkpt>
      <trkpt lat="46.459916" lon="13.963989">
        <ele>628.51</ele>
        <time>2026-07-04T09:30:29.907Z</time>
      </trkpt>
      <trkpt lat="46.459931" lon="13.963509">
        <ele>629.46</ele>
        <time>2026-07-04T09:30:36.639Z</time>
      </trkpt>
      <trkpt lat="46.459914" lon="13.962762">
        <ele>630</ele>
        <time>2026-07-04T09:30:47.111Z</time>
      </trkpt>
      <trkpt lat="46.459923" lon="13.962298">
        <ele>630.11</ele>
        <time>2026-07-04T09:30:53.615Z</time>
      </trkpt>
      <trkpt lat="46.45995" lon="13.962089">
        <ele>631.33</ele>
        <time>2026-07-04T09:30:56.594Z</time>
      </trkpt>
      <trkpt lat="46.460011" lon="13.961879">
        <ele>631.06</ele>
        <time>2026-07-04T09:30:59.787Z</time>
      </trkpt>
      <trkpt lat="46.460185" lon="13.961514">
        <ele>631.08</ele>
        <time>2026-07-04T09:31:06.006Z</time>
      </trkpt>
      <trkpt lat="46.460293" lon="13.961202">
        <ele>631.32</ele>
        <time>2026-07-04T09:31:10.898Z</time>
      </trkpt>
      <trkpt lat="46.460367" lon="13.961053">
        <ele>632.04</ele>
        <time>2026-07-04T09:31:13.471Z</time>
      </trkpt>
      <trkpt lat="46.460489" lon="13.960921">
        <ele>632.99</ele>
        <time>2026-07-04T09:31:16.565Z</time>
      </trkpt>
      <trkpt lat="46.460537" lon="13.960836">
        <ele>632.61</ele>
        <time>2026-07-04T09:31:18.105Z</time>
      </trkpt>
      <trkpt lat="46.460530115291476" lon="13.960827765986323">
        <ele>640.5999755859375</ele>
        <time>2026-07-04T09:31:18.341Z</time>
        <extensions>
          <gpxtpx:TrackPointExtension>
            <gpxtpx:atemp>26</gpxtpx:atemp>
            <gpxtpx:hr>165</gpxtpx:hr>
            <gpxtpx:cad>76</gpxtpx:cad>
          </gpxtpx:TrackPointExtension>
        </extensions>
      </trkpt>
      <trkpt lat="46.460537" lon="13.960836">
        <ele>632.61</ele>
        <time>2026-07-04T09:31:18.577Z</time>
      </trkpt>
      <trkpt lat="46.460548" lon="13.960818">
        <ele>632.53</ele>
        <time>2026-07-04T09:31:19.017Z</time>
      </trkpt>
      <trkpt lat="46.460427" lon="13.960632">
        <ele>633.14</ele>
        <time>2026-07-04T09:31:23.698Z</time>
      </trkpt>
      <trkpt lat="46.460384" lon="13.960481">
        <ele>633.91</ele>
        <time>2026-07-04T09:31:26.687Z</time>
      </trkpt>
      <trkpt lat="46.460332" lon="13.960154">
        <ele>635.04</ele>
        <time>2026-07-04T09:31:32.827Z</time>
      </trkpt>
      <trkpt lat="46.460323" lon="13.959866">
        <ele>636.2</ele>
        <time>2026-07-04T09:31:37.451Z</time>
      </trkpt>
      <trkpt lat="46.460323" lon="13.959866">
        <ele>636.2</ele>
        <time>2026-07-04T09:31:37.451Z</time>
      </trkpt>
      <trkpt lat="46.460307" lon="13.959354">
        <ele>638.26</ele>
        <time>2026-07-04T09:31:45.672Z</time>
      </trkpt>
      <trkpt lat="46.460209" lon="13.95845">
        <ele>640.39</ele>
        <time>2026-07-04T09:32:00.352Z</time>
      </trkpt>
      <trkpt lat="46.460072" lon="13.957544">
        <ele>637.97</ele>
        <time>2026-07-04T09:32:15.231Z</time>
      </trkpt>
      <trkpt lat="46.459921" lon="13.956743">
        <ele>637.66</ele>
        <time>2026-07-04T09:32:28.552Z</time>
      </trkpt>
      <trkpt lat="46.459883" lon="13.956426">
        <ele>637.36</ele>
        <time>2026-07-04T09:32:33.374Z</time>
      </trkpt>
      <trkpt lat="46.459883" lon="13.956426">
        <ele>637.36</ele>
        <time>2026-07-04T09:32:33.374Z</time>
      </trkpt>
      <trkpt lat="46.459869" lon="13.956306">
        <ele>637.25</ele>
        <time>2026-07-04T09:32:35.198Z</time>
      </trkpt>
      <trkpt lat="46.459847" lon="13.955886">
        <ele>637.44</ele>
        <time>2026-07-04T09:32:41.510Z</time>
      </trkpt>
      <trkpt lat="46.459868" lon="13.955221">
        <ele>638.19</ele>
        <time>2026-07-04T09:32:51.486Z</time>
      </trkpt>
      <trkpt lat="46.459856" lon="13.954784">
        <ele>639.36</ele>
        <time>2026-07-04T09:32:58.040Z</time>
      </trkpt>
      <trkpt lat="46.459741" lon="13.954119">
        <ele>641.43</ele>
        <time>2026-07-04T09:33:08.315Z</time>
      </trkpt>
      <trkpt lat="46.459695" lon="13.953761">
        <ele>642.15</ele>
        <time>2026-07-04T09:33:13.772Z</time>
      </trkpt>
      <trkpt lat="46.459685" lon="13.953386">
        <ele>642.42</ele>
        <time>2026-07-04T09:33:19.396Z</time>
      </trkpt>
      <trkpt lat="46.459705" lon="13.953003">
        <ele>642.31</ele>
        <time>2026-07-04T09:33:25.152Z</time>
      </trkpt>
      <trkpt lat="46.459738" lon="13.952573">
        <ele>642.53</ele>
        <time>2026-07-04T09:33:31.636Z</time>
      </trkpt>
      <trkpt lat="46.459731" lon="13.952363">
        <ele>642.92</ele>
        <time>2026-07-04T09:33:34.786Z</time>
      </trkpt>
      <trkpt lat="46.459658" lon="13.95192">
        <ele>643.02</ele>
        <time>2026-07-04T09:33:41.694Z</time>
      </trkpt>
      <trkpt lat="46.459658" lon="13.95192">
        <ele>643.02</ele>
        <time>2026-07-04T09:33:41.694Z</time>
      </trkpt>
      <trkpt lat="46.459619" lon="13.95168">
        <ele>643.07</ele>
        <time>2026-07-04T09:33:45.433Z</time>
      </trkpt>
      <trkpt lat="46.459595" lon="13.950989">
        <ele>643.52</ele>
        <time>2026-07-04T09:33:55.926Z</time>
      </trkpt>
      <trkpt lat="46.459559" lon="13.950801">
        <ele>643.75</ele>
        <time>2026-07-04T09:33:58.885Z</time>
      </trkpt>
      <trkpt lat="46.45948" lon="13.95054">
        <ele>643.22</ele>
        <time>2026-07-04T09:34:03.208Z</time>
      </trkpt>
      <trkpt lat="46.459369" lon="13.949961">
        <ele>643.75</ele>
        <time>2026-07-04T09:34:12.322Z</time>
      </trkpt>
      <trkpt lat="46.459334" lon="13.949617">
        <ele>643.55</ele>
        <time>2026-07-04T09:34:17.595Z</time>
      </trkpt>
      <trkpt lat="46.459351" lon="13.949392">
        <ele>644.04</ele>
        <time>2026-07-04T09:34:20.314Z</time>
      </trkpt>
      <trkpt lat="46.459351" lon="13.949392">
        <ele>644.05</ele>
        <time>2026-07-04T09:34:20.314Z</time>
      </trkpt>
      <trkpt lat="46.459383" lon="13.949237">
        <ele>644.46</ele>
        <time>2026-07-04T09:34:22.258Z</time>
      </trkpt>
      <trkpt lat="46.459568" lon="13.948705">
        <ele>645.12</ele>
        <time>2026-07-04T09:34:29.419Z</time>
      </trkpt>
      <trkpt lat="46.459607" lon="13.948568">
        <ele>644.93</ele>
        <time>2026-07-04T09:34:31.200Z</time>
      </trkpt>
      <trkpt lat="46.459646" lon="13.948377">
        <ele>644.41</ele>
        <time>2026-07-04T09:34:33.593Z</time>
      </trkpt>
      <trkpt lat="46.45967" lon="13.948092">
        <ele>644.39</ele>
        <time>2026-07-04T09:34:37.142Z</time>
      </trkpt>
      <trkpt lat="46.45967" lon="13.948092">
        <ele>644.39</ele>
        <time>2026-07-04T09:34:37.142Z</time>
      </trkpt>
      <trkpt lat="46.459687" lon="13.947899">
        <ele>644.38</ele>
        <time>2026-07-04T09:34:39.547Z</time>
      </trkpt>
      <trkpt lat="46.459703" lon="13.947271">
        <ele>643.31</ele>
        <time>2026-07-04T09:34:47.316Z</time>
      </trkpt>
      <trkpt lat="46.459749" lon="13.947057">
        <ele>643.62</ele>
        <time>2026-07-04T09:34:50.087Z</time>
      </trkpt>
      <trkpt lat="46.459915" lon="13.946457">
        <ele>643.86</ele>
        <time>2026-07-04T09:34:58.080Z</time>
      </trkpt>
      <trkpt lat="46.460116" lon="13.945784">
        <ele>644.66</ele>
        <time>2026-07-04T09:35:07.148Z</time>
      </trkpt>
      <trkpt lat="46.460137" lon="13.945601">
        <ele>644.96</ele>
        <time>2026-07-04T09:35:09.419Z</time>
      </trkpt>
      <trkpt lat="46.460137" lon="13.945601">
        <ele>644.96</ele>
        <time>2026-07-04T09:35:09.419Z</time>
      </trkpt>
      <trkpt lat="46.460151" lon="13.945249">
        <ele>645</ele>
        <time>2026-07-04T09:35:13.735Z</time>
      </trkpt>
      <trkpt lat="46.460138" lon="13.944901">
        <ele>645</ele>
        <time>2026-07-04T09:35:18.001Z</time>
      </trkpt>
      <trkpt lat="46.460142" lon="13.944527">
        <ele>645.01</ele>
        <time>2026-07-04T09:35:22.580Z</time>
      </trkpt>
      <trkpt lat="46.460163" lon="13.94431">
        <ele>645.81</ele>
        <time>2026-07-04T09:35:25.262Z</time>
      </trkpt>
      <trkpt lat="46.460196" lon="13.944135">
        <ele>646</ele>
        <time>2026-07-04T09:35:27.483Z</time>
      </trkpt>
      <trkpt lat="46.460234" lon="13.944069">
        <ele>646</ele>
        <time>2026-07-04T09:35:28.536Z</time>
      </trkpt>
      <trkpt lat="46.460248" lon="13.944044">
        <ele>646</ele>
        <time>2026-07-04T09:35:28.930Z</time>
      </trkpt>
      <trkpt lat="46.460336" lon="13.943967">
        <ele>646.11</ele>
        <time>2026-07-04T09:35:30.756Z</time>
      </trkpt>
      <trkpt lat="46.460429" lon="13.943932">
        <ele>646.33</ele>
        <time>2026-07-04T09:35:32.463Z</time>
      </trkpt>
      <trkpt lat="46.46042970009148" lon="13.943937979638577">
        <ele>653.2000122070312</ele>
        <time>2026-07-04T09:35:32.537Z</time>
        <extensions>
          <gpxtpx:TrackPointExtension>
            <gpxtpx:atemp>28</gpxtpx:atemp>
            <gpxtpx:hr>168</gpxtpx:hr>
            <gpxtpx:cad>80</gpxtpx:cad>
          </gpxtpx:TrackPointExtension>
        </extensions>
      </trkpt>
      <trkpt lat="46.46047756075859" lon="13.943917863070965">
        <ele>653.2000122070312</ele>
        <time>2026-07-04T09:35:33.663Z</time>
        <extensions>
          <gpxtpx:TrackPointExtension>
            <gpxtpx:atemp>28</gpxtpx:atemp>
            <gpxtpx:hr>168</gpxtpx:hr>
            <gpxtpx:cad>78</gpxtpx:cad>
          </gpxtpx:TrackPointExtension>
        </extensions>
      </trkpt>
      <trkpt lat="46.4605254214257" lon="13.94389908760786">
        <ele>653.2000122070312</ele>
        <time>2026-07-04T09:35:34.663Z</time>
        <extensions>
          <gpxtpx:TrackPointExtension>
            <gpxtpx:atemp>28</gpxtpx:atemp>
            <gpxtpx:hr>168</gpxtpx:hr>
            <gpxtpx:cad>78</gpxtpx:cad>
          </gpxtpx:TrackPointExtension>
        </extensions>
      </trkpt>
      <trkpt lat="46.46057420410216" lon="13.94387997686863">
        <ele>653.2000122070312</ele>
        <time>2026-07-04T09:35:35.663Z</time>
        <extensions>
          <gpxtpx:TrackPointExtension>
            <gpxtpx:atemp>28</gpxtpx:atemp>
            <gpxtpx:hr>168</gpxtpx:hr>
            <gpxtpx:cad>80</gpxtpx:cad>
          </gpxtpx:TrackPointExtension>
        </extensions>
      </trkpt>
      <trkpt lat="46.46062508225441" lon="13.943865392357111">
        <ele>653.2000122070312</ele>
        <time>2026-07-04T09:35:36.663Z</time>
        <extensions>
          <gpxtpx:TrackPointExtension>
            <gpxtpx:atemp>28</gpxtpx:atemp>
            <gpxtpx:hr>168</gpxtpx:hr>
            <gpxtpx:cad>80</gpxtpx:cad>
          </gpxtpx:TrackPointExtension>
        </extensions>
      </trkpt>
      <trkpt lat="46.46067688241601" lon="13.943849466741085">
        <ele>653.2000122070312</ele>
        <time>2026-07-04T09:35:37.663Z</time>
        <extensions>
          <gpxtpx:TrackPointExtension>
            <gpxtpx:atemp>28</gpxtpx:atemp>
            <gpxtpx:hr>168</gpxtpx:hr>
            <gpxtpx:cad>82</gpxtpx:cad>
          </gpxtpx:TrackPointExtension>
        </extensions>
      </trkpt>
      <trkpt lat="46.460729856044054" lon="13.943834379315376">
        <ele>653.4000244140625</ele>
        <time>2026-07-04T09:35:38.663Z</time>
        <extensions>
          <gpxtpx:TrackPointExtension>
            <gpxtpx:atemp>28</gpxtpx:atemp>
            <gpxtpx:hr>168</gpxtpx:hr>
            <gpxtpx:cad>84</gpxtpx:cad>
          </gpxtpx:TrackPointExtension>
        </extensions>
      </trkpt>
      <trkpt lat="46.46077277138829" lon="13.943824488669634">
        <ele>653.4000244140625</ele>
        <time>2026-07-04T09:35:39.663Z</time>
        <extensions>
          <gpxtpx:TrackPointExtension>
            <gpxtpx:atemp>28</gpxtpx:atemp>
            <gpxtpx:hr>169</gpxtpx:hr>
            <gpxtpx:cad>84</gpxtpx:cad>
          </gpxtpx:TrackPointExtension>
        </extensions>
      </trkpt>
      <trkpt lat="46.46082549355924" lon="13.943809987977147">
        <ele>653.4000244140625</ele>
        <time>2026-07-04T09:35:40.663Z</time>
        <extensions>
          <gpxtpx:TrackPointExtension>
            <gpxtpx:atemp>28</gpxtpx:atemp>
            <gpxtpx:hr>168</gpxtpx:hr>
            <gpxtpx:cad>85</gpxtpx:cad>
          </gpxtpx:TrackPointExtension>
        </extensions>
      </trkpt>
      <trkpt lat="46.460877461358905" lon="13.943794146180153">
        <ele>653.4000244140625</ele>
        <time>2026-07-04T09:35:41.663Z</time>
        <extensions>
          <gpxtpx:TrackPointExtension>
            <gpxtpx:atemp>28</gpxtpx:atemp>
            <gpxtpx:hr>168</gpxtpx:hr>
            <gpxtpx:cad>86</gpxtpx:cad>
          </gpxtpx:TrackPointExtension>
        </extensions>
      </trkpt>
      <trkpt lat="46.460930770263076" lon="13.943779394030571">
        <ele>653.4000244140625</ele>
        <time>2026-07-04T09:35:42.663Z</time>
        <extensions>
          <gpxtpx:TrackPointExtension>
            <gpxtpx:atemp>28</gpxtpx:atemp>
            <gpxtpx:hr>168</gpxtpx:hr>
            <gpxtpx:cad>86</gpxtpx:cad>
          </gpxtpx:TrackPointExtension>
        </extensions>
      </trkpt>
      <trkpt lat="46.46098164841533" lon="13.943767491728067">
        <ele>653.4000244140625</ele>
        <time>2026-07-04T09:35:43.663Z</time>
        <extensions>
          <gpxtpx:TrackPointExtension>
            <gpxtpx:atemp>28</gpxtpx:atemp>
            <gpxtpx:hr>169</gpxtpx:hr>
            <gpxtpx:cad>86</gpxtpx:cad>
          </gpxtpx:TrackPointExtension>
        </extensions>
      </trkpt>
      <trkpt lat="46.46103504113853" lon="13.943755337968469">
        <ele>653.4000244140625</ele>
        <time>2026-07-04T09:35:44.663Z</time>
        <extensions>
          <gpxtpx:TrackPointExtension>
            <gpxtpx:atemp>28</gpxtpx:atemp>
            <gpxtpx:hr>169</gpxtpx:hr>
            <gpxtpx:cad>84</gpxtpx:cad>
          </gpxtpx:TrackPointExtension>
        </extensions>
      </trkpt>
      <trkpt lat="46.461086506024" lon="13.943746704608202">
        <ele>653.2000122070312</ele>
        <time>2026-07-04T09:35:45.663Z</time>
        <extensions>
          <gpxtpx:TrackPointExtension>
            <gpxtpx:atemp>28</gpxtpx:atemp>
            <gpxtpx:hr>168</gpxtpx:hr>
            <gpxtpx:cad>84</gpxtpx:cad>
          </gpxtpx:TrackPointExtension>
        </extensions>
      </trkpt>
      <trkpt lat="46.46113730035722" lon="13.9437451120466">
        <ele>653.2000122070312</ele>
        <time>2026-07-04T09:35:46.663Z</time>
        <extensions>
          <gpxtpx:TrackPointExtension>
            <gpxtpx:atemp>28</gpxtpx:atemp>
            <gpxtpx:hr>168</gpxtpx:hr>
            <gpxtpx:cad>83</gpxtpx:cad>
          </gpxtpx:TrackPointExtension>
        </extensions>
      </trkpt>
      <trkpt lat="46.46120125427842" lon="13.943739579990506">
        <ele>653.4000244140625</ele>
        <time>2026-07-04T09:35:47.663Z</time>
        <extensions>
          <gpxtpx:TrackPointExtension>
            <gpxtpx:atemp>28</gpxtpx:atemp>
            <gpxtpx:hr>168</gpxtpx:hr>
            <gpxtpx:cad>83</gpxtpx:cad>
          </gpxtpx:TrackPointExtension>
        </extensions>
      </trkpt>
      <trkpt lat="46.46125297062099" lon="13.943729437887669">
        <ele>653.4000244140625</ele>
        <time>2026-07-04T09:35:48.663Z</time>
        <extensions>
          <gpxtpx:TrackPointExtension>
            <gpxtpx:atemp>28</gpxtpx:atemp>
            <gpxtpx:hr>169</gpxtpx:hr>
            <gpxtpx:cad>82</gpxtpx:cad>
          </gpxtpx:TrackPointExtension>
        </extensions>
      </trkpt>
      <trkpt lat="46.46130175329745" lon="13.943711500614882">
        <ele>653.5999755859375</ele>
        <time>2026-07-04T09:35:49.663Z</time>
        <extensions>
          <gpxtpx:TrackPointExtension>
            <gpxtpx:atemp>28</gpxtpx:atemp>
            <gpxtpx:hr>169</gpxtpx:hr>
            <gpxtpx:cad>81</gpxtpx:cad>
          </gpxtpx:TrackPointExtension>
        </extensions>
      </trkpt>
      <trkpt lat="46.46135221235454" lon="13.94368794746697">
        <ele>653.7999877929688</ele>
        <time>2026-07-04T09:35:50.663Z</time>
        <extensions>
          <gpxtpx:TrackPointExtension>
            <gpxtpx:atemp>28</gpxtpx:atemp>
            <gpxtpx:hr>168</gpxtpx:hr>
            <gpxtpx:cad>84</gpxtpx:cad>
          </gpxtpx:TrackPointExtension>
        </extensions>
      </trkpt>
      <trkpt lat="46.4614028390497" lon="13.943654922768474">
        <ele>654.2000122070312</ele>
        <time>2026-07-04T09:35:51.663Z</time>
        <extensions>
          <gpxtpx:TrackPointExtension>
            <gpxtpx:atemp>28</gpxtpx:atemp>
            <gpxtpx:hr>168</gpxtpx:hr>
            <gpxtpx:cad>87</gpxtpx:cad>
          </gpxtpx:TrackPointExtension>
        </extensions>
      </trkpt>
      <trkpt lat="46.461449107155204" lon="13.943609492853284">
        <ele>654.4000244140625</ele>
        <time>2026-07-04T09:35:52.663Z</time>
        <extensions>
          <gpxtpx:TrackPointExtension>
            <gpxtpx:atemp>28</gpxtpx:atemp>
            <gpxtpx:hr>169</gpxtpx:hr>
            <gpxtpx:cad>88</gpxtpx:cad>
          </gpxtpx:TrackPointExtension>
        </extensions>
      </trkpt>
      <trkpt lat="46.46149177104235" lon="13.94355257973075">
        <ele>654.5999755859375</ele>
        <time>2026-07-04T09:35:53.663Z</time>
        <extensions>
          <gpxtpx:TrackPointExtension>
            <gpxtpx:atemp>28</gpxtpx:atemp>
            <gpxtpx:hr>169</gpxtpx:hr>
            <gpxtpx:cad>90</gpxtpx:cad>
          </gpxtpx:TrackPointExtension>
        </extensions>
      </trkpt>
      <trkpt lat="46.46153166890144" lon="13.943489799275994">
        <ele>654.7999877929688</ele>
        <time>2026-07-04T09:35:54.663Z</time>
        <extensions>
          <gpxtpx:TrackPointExtension>
            <gpxtpx:atemp>28</gpxtpx:atemp>
            <gpxtpx:hr>168</gpxtpx:hr>
            <gpxtpx:cad>91</gpxtpx:cad>
          </gpxtpx:TrackPointExtension>
        </extensions>
      </trkpt>
      <trkpt lat="46.46156896837056" lon="13.943426599726081">
        <ele>654.5999755859375</ele>
        <time>2026-07-04T09:35:55.663Z</time>
        <extensions>
          <gpxtpx:TrackPointExtension>
            <gpxtpx:atemp>28</gpxtpx:atemp>
            <gpxtpx:hr>169</gpxtpx:hr>
            <gpxtpx:cad>91</gpxtpx:cad>
          </gpxtpx:TrackPointExtension>
        </extensions>
      </trkpt>
      <trkpt lat="46.46159562282264" lon="13.943373123183846">
        <ele>654.5999755859375</ele>
        <time>2026-07-04T09:35:56.663Z</time>
        <extensions>
          <gpxtpx:TrackPointExtension>
            <gpxtpx:atemp>28</gpxtpx:atemp>
            <gpxtpx:hr>168</gpxtpx:hr>
            <gpxtpx:cad>91</gpxtpx:cad>
          </gpxtpx:TrackPointExtension>
        </extensions>
      </trkpt>
      <trkpt lat="46.461624624207616" lon="13.94330196082592">
        <ele>654.4000244140625</ele>
        <time>2026-07-04T09:35:57.663Z</time>
        <extensions>
          <gpxtpx:TrackPointExtension>
            <gpxtpx:atemp>28</gpxtpx:atemp>
            <gpxtpx:hr>168</gpxtpx:hr>
            <gpxtpx:cad>91</gpxtpx:cad>
          </gpxtpx:TrackPointExtension>
        </extensions>
      </trkpt>
      <trkpt lat="46.46164348348975" lon="13.943226272240281">
        <ele>654</ele>
        <time>2026-07-04T09:35:58.663Z</time>
        <extensions>
          <gpxtpx:TrackPointExtension>
            <gpxtpx:atemp>28</gpxtpx:atemp>
            <gpxtpx:hr>168</gpxtpx:hr>
          </gpxtpx:TrackPointExtension>
        </extensions>
      </trkpt>
      <trkpt lat="46.46165546961129" lon="13.943149661645293">
        <ele>653.7999877929688</ele>
        <time>2026-07-04T09:35:59.663Z</time>
        <extensions>
          <gpxtpx:TrackPointExtension>
            <gpxtpx:atemp>28</gpxtpx:atemp>
            <gpxtpx:hr>168</gpxtpx:hr>
            <gpxtpx:cad>10</gpxtpx:cad>
          </gpxtpx:TrackPointExtension>
        </extensions>
      </trkpt>
      <trkpt lat="46.461660247296095" lon="13.94307623617351">
        <ele>653.7999877929688</ele>
        <time>2026-07-04T09:36:00.663Z</time>
        <extensions>
          <gpxtpx:TrackPointExtension>
            <gpxtpx:atemp>28</gpxtpx:atemp>
            <gpxtpx:hr>168</gpxtpx:hr>
            <gpxtpx:cad>80</gpxtpx:cad>
          </gpxtpx:TrackPointExtension>
        </extensions>
      </trkpt>
      <trkpt lat="46.461656894534826" lon="13.94300146959722">
        <ele>653.7999877929688</ele>
        <time>2026-07-04T09:36:01.663Z</time>
        <extensions>
          <gpxtpx:TrackPointExtension>
            <gpxtpx:atemp>28</gpxtpx:atemp>
            <gpxtpx:hr>168</gpxtpx:hr>
            <gpxtpx:cad>81</gpxtpx:cad>
          </gpxtpx:TrackPointExtension>
        </extensions>
      </trkpt>
      <trkpt lat="46.46164985373616" lon="13.94292720593512">
        <ele>653.7999877929688</ele>
        <time>2026-07-04T09:36:02.663Z</time>
        <extensions>
          <gpxtpx:TrackPointExtension>
            <gpxtpx:atemp>28</gpxtpx:atemp>
            <gpxtpx:hr>168</gpxtpx:hr>
            <gpxtpx:cad>81</gpxtpx:cad>
          </gpxtpx:TrackPointExtension>
        </extensions>
      </trkpt>
      <trkpt lat="46.46164004690945" lon="13.942854618653655">
        <ele>653.7999877929688</ele>
        <time>2026-07-04T09:36:03.663Z</time>
        <extensions>
          <gpxtpx:TrackPointExtension>
            <gpxtpx:atemp>28</gpxtpx:atemp>
            <gpxtpx:hr>168</gpxtpx:hr>
            <gpxtpx:cad>81</gpxtpx:cad>
          </gpxtpx:TrackPointExtension>
        </extensions>
      </trkpt>
      <trkpt lat="46.46162588149309" lon="13.942785216495395">
        <ele>653.7999877929688</ele>
        <time>2026-07-04T09:36:04.663Z</time>
        <extensions>
          <gpxtpx:TrackPointExtension>
            <gpxtpx:atemp>28</gpxtpx:atemp>
            <gpxtpx:hr>167</gpxtpx:hr>
            <gpxtpx:cad>88</gpxtpx:cad>
          </gpxtpx:TrackPointExtension>
        </extensions>
      </trkpt>
      <trkpt lat="46.46160911768675" lon="13.942716484889388">
        <ele>653.7999877929688</ele>
        <time>2026-07-04T09:36:05.663Z</time>
        <extensions>
          <gpxtpx:TrackPointExtension>
            <gpxtpx:atemp>28</gpxtpx:atemp>
            <gpxtpx:hr>168</gpxtpx:hr>
            <gpxtpx:cad>91</gpxtpx:cad>
          </gpxtpx:TrackPointExtension>
        </extensions>
      </trkpt>
      <trkpt lat="46.461591348052025" lon="13.942649094387889">
        <ele>653.7999877929688</ele>
        <time>2026-07-04T09:36:06.663Z</time>
        <extensions>
          <gpxtpx:TrackPointExtension>
            <gpxtpx:atemp>28</gpxtpx:atemp>
            <gpxtpx:hr>168</gpxtpx:hr>
            <gpxtpx:cad>88</gpxtpx:cad>
          </gpxtpx:TrackPointExtension>
        </extensions>
      </trkpt>
      <trkpt lat="46.46157257258892" lon="13.942586230114102">
        <ele>653.7999877929688</ele>
        <time>2026-07-04T09:36:07.663Z</time>
        <extensions>
          <gpxtpx:TrackPointExtension>
            <gpxtpx:atemp>28</gpxtpx:atemp>
            <gpxtpx:hr>168</gpxtpx:hr>
            <gpxtpx:cad>85</gpxtpx:cad>
          </gpxtpx:TrackPointExtension>
        </extensions>
      </trkpt>
      <trkpt lat="46.46155430004001" lon="13.942527053877711">
        <ele>654</ele>
        <time>2026-07-04T09:36:08.663Z</time>
        <extensions>
          <gpxtpx:TrackPointExtension>
            <gpxtpx:atemp>28</gpxtpx:atemp>
            <gpxtpx:hr>168</gpxtpx:hr>
            <gpxtpx:cad>85</gpxtpx:cad>
          </gpxtpx:TrackPointExtension>
        </extensions>
      </trkpt>
      <trkpt lat="46.46153057925403" lon="13.94245807081461">
        <ele>654.2000122070312</ele>
        <time>2026-07-04T09:36:09.663Z</time>
        <extensions>
          <gpxtpx:TrackPointExtension>
            <gpxtpx:atemp>28</gpxtpx:atemp>
            <gpxtpx:hr>168</gpxtpx:hr>
            <gpxtpx:cad>83</gpxtpx:cad>
          </gpxtpx:TrackPointExtension>
        </extensions>
      </trkpt>
      <trkpt lat="46.46150652319193" lon="13.942402163520455">
        <ele>654.2000122070312</ele>
        <time>2026-07-04T09:36:10.663Z</time>
        <extensions>
          <gpxtpx:TrackPointExtension>
            <gpxtpx:atemp>28</gpxtpx:atemp>
            <gpxtpx:hr>168</gpxtpx:hr>
            <gpxtpx:cad>83</gpxtpx:cad>
          </gpxtpx:TrackPointExtension>
        </extensions>
      </trkpt>
      <trkpt lat="46.461484311148524" lon="13.942358493804932">
        <ele>654.4000244140625</ele>
        <time>2026-07-04T09:36:11.663Z</time>
        <extensions>
          <gpxtpx:TrackPointExtension>
            <gpxtpx:atemp>28</gpxtpx:atemp>
            <gpxtpx:hr>168</gpxtpx:hr>
            <gpxtpx:cad>85</gpxtpx:cad>
          </gpxtpx:TrackPointExtension>
        </extensions>
      </trkpt>
      <trkpt lat="46.46146109327674" lon="13.942298144102097">
        <ele>654.5999755859375</ele>
        <time>2026-07-04T09:36:12.663Z</time>
        <extensions>
          <gpxtpx:TrackPointExtension>
            <gpxtpx:atemp>28</gpxtpx:atemp>
            <gpxtpx:hr>168</gpxtpx:hr>
            <gpxtpx:cad>87</gpxtpx:cad>
          </gpxtpx:TrackPointExtension>
        </extensions>
      </trkpt>
      <trkpt lat="46.46143670193851" lon="13.942239806056023">
        <ele>654.7999877929688</ele>
        <time>2026-07-04T09:36:13.663Z</time>
        <extensions>
          <gpxtpx:TrackPointExtension>
            <gpxtpx:atemp>28</gpxtpx:atemp>
            <gpxtpx:hr>168</gpxtpx:hr>
            <gpxtpx:cad>89</gpxtpx:cad>
          </gpxtpx:TrackPointExtension>
        </extensions>
      </trkpt>
      <trkpt lat="46.4614060241729" lon="13.942163530737162">
        <ele>654.7999877929688</ele>
        <time>2026-07-04T09:36:14.663Z</time>
        <extensions>
          <gpxtpx:TrackPointExtension>
            <gpxtpx:atemp>28</gpxtpx:atemp>
            <gpxtpx:hr>168</gpxtpx:hr>
            <gpxtpx:cad>89</gpxtpx:cad>
          </gpxtpx:TrackPointExtension>
        </extensions>
      </trkpt>
      <trkpt lat="46.46138188429177" lon="13.942099744454026">
        <ele>654.7999877929688</ele>
        <time>2026-07-04T09:36:15.663Z</time>
        <extensions>
          <gpxtpx:TrackPointExtension>
            <gpxtpx:atemp>28</gpxtpx:atemp>
            <gpxtpx:hr>168</gpxtpx:hr>
            <gpxtpx:cad>92</gpxtpx:cad>
          </gpxtpx:TrackPointExtension>
        </extensions>
      </trkpt>
      <trkpt lat="46.461358750239015" lon="13.942035622894764">
        <ele>654.7999877929688</ele>
        <time>2026-07-04T09:36:16.663Z</time>
        <extensions>
          <gpxtpx:TrackPointExtension>
            <gpxtpx:atemp>28</gpxtpx:atemp>
            <gpxtpx:hr>168</gpxtpx:hr>
            <gpxtpx:cad>94</gpxtpx:cad>
          </gpxtpx:TrackPointExtension>
        </extensions>
      </trkpt>
      <trkpt lat="46.461335280910134" lon="13.94196948967874">
        <ele>654.7999877929688</ele>
        <time>2026-07-04T09:36:17.663Z</time>
        <extensions>
          <gpxtpx:TrackPointExtension>
            <gpxtpx:atemp>28</gpxtpx:atemp>
            <gpxtpx:hr>168</gpxtpx:hr>
            <gpxtpx:cad>86</gpxtpx:cad>
          </gpxtpx:TrackPointExtension>
        </extensions>
      </trkpt>
      <trkpt lat="46.46131072193384" lon="13.941898914054036">
        <ele>654.5999755859375</ele>
        <time>2026-07-04T09:36:18.663Z</time>
        <extensions>
          <gpxtpx:TrackPointExtension>
            <gpxtpx:atemp>28</gpxtpx:atemp>
            <gpxtpx:hr>167</gpxtpx:hr>
            <gpxtpx:cad>83</gpxtpx:cad>
          </gpxtpx:TrackPointExtension>
        </extensions>
      </trkpt>
      <trkpt lat="46.4612870849669" lon="13.941829428076744">
        <ele>654.5999755859375</ele>
        <time>2026-07-04T09:36:19.663Z</time>
        <extensions>
          <gpxtpx:TrackPointExtension>
            <gpxtpx:atemp>28</gpxtpx:atemp>
            <gpxtpx:hr>168</gpxtpx:hr>
            <gpxtpx:cad>83</gpxtpx:cad>
          </gpxtpx:TrackPointExtension>
        </extensions>
      </trkpt>
      <trkpt lat="46.461270321160555" lon="13.941773856058717">
        <ele>654.5999755859375</ele>
        <time>2026-07-04T09:36:20.663Z</time>
        <extensions>
          <gpxtpx:TrackPointExtension>
            <gpxtpx:atemp>28</gpxtpx:atemp>
            <gpxtpx:hr>168</gpxtpx:hr>
            <gpxtpx:cad>82</gpxtpx:cad>
          </gpxtpx:TrackPointExtension>
        </extensions>
      </trkpt>
      <trkpt lat="46.46125439554453" lon="13.941709818318486">
        <ele>654.7999877929688</ele>
        <time>2026-07-04T09:36:21.663Z</time>
        <extensions>
          <gpxtpx:TrackPointExtension>
            <gpxtpx:atemp>28</gpxtpx:atemp>
            <gpxtpx:hr>169</gpxtpx:hr>
            <gpxtpx:cad>90</gpxtpx:cad>
          </gpxtpx:TrackPointExtension>
        </extensions>
      </trkpt>
      <trkpt lat="46.461239056661725" lon="13.941632201895118">
        <ele>654.7999877929688</ele>
        <time>2026-07-04T09:36:22.663Z</time>
        <extensions>
          <gpxtpx:TrackPointExtension>
            <gpxtpx:atemp>28</gpxtpx:atemp>
            <gpxtpx:hr>169</gpxtpx:hr>
            <gpxtpx:cad>86</gpxtpx:cad>
          </gpxtpx:TrackPointExtension>
        </extensions>
      </trkpt>
      <trkpt lat="46.4612352848053" lon="13.9415692538023">
        <ele>655</ele>
        <time>2026-07-04T09:36:23.663Z</time>
        <extensions>
          <gpxtpx:TrackPointExtension>
            <gpxtpx:atemp>28</gpxtpx:atemp>
            <gpxtpx:hr>169</gpxtpx:hr>
            <gpxtpx:cad>82</gpxtpx:cad>
          </gpxtpx:TrackPointExtension>
        </extensions>
      </trkpt>
      <trkpt lat="46.4612403139472" lon="13.9415018633008">
        <ele>655</ele>
        <time>2026-07-04T09:36:24.663Z</time>
        <extensions>
          <gpxtpx:TrackPointExtension>
            <gpxtpx:atemp>28</gpxtpx:atemp>
            <gpxtpx:hr>170</gpxtpx:hr>
            <gpxtpx:cad>80</gpxtpx:cad>
          </gpxtpx:TrackPointExtension>
        </extensions>
      </trkpt>
      <trkpt lat="46.46125154569745" lon="13.941436232998967">
        <ele>655.2000122070312</ele>
        <time>2026-07-04T09:36:25.663Z</time>
        <extensions>
          <gpxtpx:TrackPointExtension>
            <gpxtpx:atemp>28</gpxtpx:atemp>
            <gpxtpx:hr>170</gpxtpx:hr>
            <gpxtpx:cad>76</gpxtpx:cad>
          </gpxtpx:TrackPointExtension>
        </extensions>
      </trkpt>
      <trkpt lat="46.46126872859895" lon="13.941379068419337">
        <ele>655.2000122070312</ele>
        <time>2026-07-04T09:36:26.663Z</time>
        <extensions>
          <gpxtpx:TrackPointExtension>
            <gpxtpx:atemp>28</gpxtpx:atemp>
            <gpxtpx:hr>170</gpxtpx:hr>
            <gpxtpx:cad>73</gpxtpx:cad>
          </gpxtpx:TrackPointExtension>
        </extensions>
      </trkpt>
      <trkpt lat="46.46129161119461" lon="13.941330201923847">
        <ele>655.4000244140625</ele>
        <time>2026-07-04T09:36:27.663Z</time>
        <extensions>
          <gpxtpx:TrackPointExtension>
            <gpxtpx:atemp>28</gpxtpx:atemp>
            <gpxtpx:hr>170</gpxtpx:hr>
            <gpxtpx:cad>72</gpxtpx:cad>
          </gpxtpx:TrackPointExtension>
        </extensions>
      </trkpt>
      <trkpt lat="46.46131994202733" lon="13.941288376227021">
        <ele>655.5999755859375</ele>
        <time>2026-07-04T09:36:28.663Z</time>
        <extensions>
          <gpxtpx:TrackPointExtension>
            <gpxtpx:atemp>28</gpxtpx:atemp>
            <gpxtpx:hr>170</gpxtpx:hr>
            <gpxtpx:cad>73</gpxtpx:cad>
          </gpxtpx:TrackPointExtension>
        </extensions>
      </trkpt>
      <trkpt lat="46.46135179325938" lon="13.94125359132886">
        <ele>655.7999877929688</ele>
        <time>2026-07-04T09:36:29.663Z</time>
        <extensions>
          <gpxtpx:TrackPointExtension>
            <gpxtpx:atemp>28</gpxtpx:atemp>
            <gpxtpx:hr>169</gpxtpx:hr>
            <gpxtpx:cad>75</gpxtpx:cad>
          </gpxtpx:TrackPointExtension>
        </extensions>
      </trkpt>
      <trkpt lat="46.46138875745237" lon="13.941221153363585">
        <ele>655.7999877929688</ele>
        <time>2026-07-04T09:36:30.663Z</time>
        <extensions>
          <gpxtpx:TrackPointExtension>
            <gpxtpx:atemp>28</gpxtpx:atemp>
            <gpxtpx:hr>169</gpxtpx:hr>
            <gpxtpx:cad>76</gpxtpx:cad>
          </gpxtpx:TrackPointExtension>
        </extensions>
      </trkpt>
      <trkpt lat="46.4614268951118" lon="13.941188547760248">
        <ele>655.7999877929688</ele>
        <time>2026-07-04T09:36:31.663Z</time>
        <extensions>
          <gpxtpx:TrackPointExtension>
            <gpxtpx:atemp>28</gpxtpx:atemp>
            <gpxtpx:hr>169</gpxtpx:hr>
            <gpxtpx:cad>76</gpxtpx:cad>
          </gpxtpx:TrackPointExtension>
        </extensions>
      </trkpt>
      <trkpt lat="46.46146645769477" lon="13.941149236634374">
        <ele>655.7999877929688</ele>
        <time>2026-07-04T09:36:32.663Z</time>
        <extensions>
          <gpxtpx:TrackPointExtension>
            <gpxtpx:atemp>28</gpxtpx:atemp>
            <gpxtpx:hr>169</gpxtpx:hr>
            <gpxtpx:cad>76</gpxtpx:cad>
          </gpxtpx:TrackPointExtension>
        </extensions>
      </trkpt>
      <trkpt lat="46.46150719374418" lon="13.94111193716526">
        <ele>655.7999877929688</ele>
        <time>2026-07-04T09:36:33.663Z</time>
        <extensions>
          <gpxtpx:TrackPointExtension>
            <gpxtpx:atemp>28</gpxtpx:atemp>
            <gpxtpx:hr>169</gpxtpx:hr>
            <gpxtpx:cad>76</gpxtpx:cad>
          </gpxtpx:TrackPointExtension>
        </extensions>
      </trkpt>
      <trkpt lat="46.46154717542231" lon="13.94108260050416">
        <ele>655.7999877929688</ele>
        <time>2026-07-04T09:36:34.663Z</time>
        <extensions>
          <gpxtpx:TrackPointExtension>
            <gpxtpx:atemp>28</gpxtpx:atemp>
            <gpxtpx:hr>168</gpxtpx:hr>
            <gpxtpx:cad>76</gpxtpx:cad>
          </gpxtpx:TrackPointExtension>
        </extensions>
      </trkpt>
      <trkpt lat="46.46154717542231" lon="13.94108260050416">
        <ele>655.7999877929688</ele>
        <time>2026-07-04T09:36:34.663Z</time>
        <extensions>
          <gpxtpx:TrackPointExtension>
            <gpxtpx:atemp>28</gpxtpx:atemp>
            <gpxtpx:hr>168</gpxtpx:hr>
            <gpxtpx:cad>76</gpxtpx:cad>
          </gpxtpx:TrackPointExtension>
        </extensions>
      </trkpt>
      <trkpt lat="46.461586486548185" lon="13.941067345440388">
        <ele>655.5999755859375</ele>
        <time>2026-07-04T09:36:35.663Z</time>
        <extensions>
          <gpxtpx:TrackPointExtension>
            <gpxtpx:atemp>28</gpxtpx:atemp>
            <gpxtpx:hr>168</gpxtpx:hr>
          </gpxtpx:TrackPointExtension>
        </extensions>
      </trkpt>
      <trkpt lat="46.46162521094084" lon="13.941068854182959">
        <ele>655.4000244140625</ele>
        <time>2026-07-04T09:36:36.467Z</time>
        <extensions>
          <gpxtpx:TrackPointExtension>
            <gpxtpx:atemp>28</gpxtpx:atemp>
            <gpxtpx:hr>167</gpxtpx:hr>
          </gpxtpx:TrackPointExtension>
        </extensions>
      </trkpt>
      <trkpt lat="46.461662" lon="13.941027">
        <ele>648</ele>
        <time>2026-07-04T09:36:37.437Z</time>
      </trkpt>
      <trkpt lat="46.461718" lon="13.941129">
        <ele>647.99</ele>
        <time>2026-07-04T09:36:39.302Z</time>
      </trkpt>
      <trkpt lat="46.462111" lon="13.94176">
        <ele>647.23</ele>
        <time>2026-07-04T09:36:51.465Z</time>
      </trkpt>
      <trkpt lat="46.462111" lon="13.94176">
        <ele>647.23</ele>
        <time>2026-07-04T09:36:51.465Z</time>
      </trkpt>
      <trkpt lat="46.462111" lon="13.94176">
        <ele>647.23</ele>
        <time>2026-07-04T09:36:51.465Z</time>
      </trkpt>
      <trkpt lat="46.462299" lon="13.942056">
        <ele>646.75</ele>
        <time>2026-07-04T09:36:57.492Z</time>
      </trkpt>
      <trkpt lat="46.462299" lon="13.942056">
        <ele>646.75</ele>
        <time>2026-07-04T09:36:57.492Z</time>
      </trkpt>
      <trkpt lat="46.462345" lon="13.942128">
        <ele>646.36</ele>
        <time>2026-07-04T09:36:58.962Z</time>
      </trkpt>
      <trkpt lat="46.462467" lon="13.942275">
        <ele>646</ele>
        <time>2026-07-04T09:37:02.407Z</time>
      </trkpt>
      <trkpt lat="46.462582" lon="13.942375">
        <ele>646</ele>
        <time>2026-07-04T09:37:05.320Z</time>
      </trkpt>
      <trkpt lat="46.462644" lon="13.942428">
        <ele>646</ele>
        <time>2026-07-04T09:37:06.883Z</time>
      </trkpt>
      <trkpt lat="46.462767" lon="13.942491">
        <ele>645.8</ele>
        <time>2026-07-04T09:37:09.717Z</time>
      </trkpt>
      <trkpt lat="46.462889" lon="13.942519">
        <ele>645</ele>
        <time>2026-07-04T09:37:12.401Z</time>
      </trkpt>
      <trkpt lat="46.463025" lon="13.942579">
        <ele>645.08</ele>
        <time>2026-07-04T09:37:15.490Z</time>
      </trkpt>
      <trkpt lat="46.46302431821823" lon="13.942581787705421">
        <ele>652.4000244140625</ele>
        <time>2026-07-04T09:37:15.545Z</time>
        <extensions>
          <gpxtpx:TrackPointExtension>
            <gpxtpx:atemp>28</gpxtpx:atemp>
            <gpxtpx:hr>160</gpxtpx:hr>
          </gpxtpx:TrackPointExtension>
        </extensions>
      </trkpt>
      <trkpt lat="46.463025" lon="13.942579">
        <ele>645.08</ele>
        <time>2026-07-04T09:37:15.600Z</time>
      </trkpt>
      <trkpt lat="46.463047" lon="13.942589">
        <ele>645.1</ele>
        <time>2026-07-04T09:37:16.222Z</time>
      </trkpt>
      <trkpt lat="46.463117" lon="13.942699">
        <ele>645.04</ele>
        <time>2026-07-04T09:37:19.219Z</time>
      </trkpt>
      <trkpt lat="46.463117" lon="13.942699">
        <ele>645.04</ele>
        <time>2026-07-04T09:37:19.219Z</time>
      </trkpt>
      <trkpt lat="46.463279" lon="13.942923">
        <ele>645.41</ele>
        <time>2026-07-04T09:37:25.720Z</time>
      </trkpt>
      <trkpt lat="46.463341" lon="13.942961">
        <ele>645.8</ele>
        <time>2026-07-04T09:37:27.125Z</time>
      </trkpt>
      <trkpt lat="46.463341" lon="13.942961">
        <ele>645.8</ele>
        <time>2026-07-04T09:37:27.125Z</time>
      </trkpt>
      <trkpt lat="46.463641" lon="13.942961">
        <ele>646.57</ele>
        <time>2026-07-04T09:37:33.388Z</time>
      </trkpt>
      <trkpt lat="46.463698" lon="13.942841">
        <ele>646.42</ele>
        <time>2026-07-04T09:37:35.484Z</time>
      </trkpt>
      <trkpt lat="46.463784" lon="13.942431">
        <ele>646.69</ele>
        <time>2026-07-04T09:37:41.800Z</time>
      </trkpt>
      <trkpt lat="46.463784" lon="13.942431">
        <ele>646.69</ele>
        <time>2026-07-04T09:37:41.800Z</time>
      </trkpt>
      <trkpt lat="46.4645" lon="13.939031">
        <ele>648.94</ele>
        <time>2026-07-04T09:38:39.169Z</time>
      </trkpt>
      <trkpt lat="46.4645" lon="13.939031">
        <ele>648.94</ele>
        <time>2026-07-04T09:38:39.169Z</time>
      </trkpt>
      <trkpt lat="46.46455" lon="13.938749">
        <ele>649.27</ele>
        <time>2026-07-04T09:38:43.867Z</time>
      </trkpt>
      <trkpt lat="46.46461" lon="13.938223">
        <ele>649.87</ele>
        <time>2026-07-04T09:38:52.470Z</time>
      </trkpt>
      <trkpt lat="46.46466" lon="13.937923">
        <ele>650.37</ele>
        <time>2026-07-04T09:38:57.450Z</time>
      </trkpt>
      <trkpt lat="46.464776" lon="13.937306">
        <ele>652.16</ele>
        <time>2026-07-04T09:39:07.770Z</time>
      </trkpt>
      <trkpt lat="46.464827" lon="13.937077">
        <ele>652.59</ele>
        <time>2026-07-04T09:39:11.282Z</time>
      </trkpt>
      <trkpt lat="46.464827" lon="13.937077">
        <ele>652.59</ele>
        <time>2026-07-04T09:39:11.282Z</time>
      </trkpt>
      <trkpt lat="46.464876" lon="13.936857">
        <ele>653</ele>
        <time>2026-07-04T09:39:14.656Z</time>
      </trkpt>
      <trkpt lat="46.464954" lon="13.936699">
        <ele>652.86</ele>
        <time>2026-07-04T09:39:17.492Z</time>
      </trkpt>
      <trkpt lat="46.46509" lon="13.936557">
        <ele>653.62</ele>
        <time>2026-07-04T09:39:21.041Z</time>
      </trkpt>
      <trkpt lat="46.46512" lon="13.936538">
        <ele>653.78</ele>
        <time>2026-07-04T09:39:21.734Z</time>
      </trkpt>
      <trkpt lat="46.465128" lon="13.936379">
        <ele>653</ele>
        <time>2026-07-04T09:39:24.060Z</time>
      </trkpt>
      <trkpt lat="46.465137" lon="13.936332">
        <ele>653</ele>
        <time>2026-07-04T09:39:24.771Z</time>
      </trkpt>
      <trkpt lat="46.465195" lon="13.936021">
        <ele>652.99</ele>
        <time>2026-07-04T09:39:29.101Z</time>
      </trkpt>
      <trkpt lat="46.465195" lon="13.936021">
        <ele>652.99</ele>
        <time>2026-07-04T09:39:29.101Z</time>
      </trkpt>
      <trkpt lat="46.465347" lon="13.935199">
        <ele>652.97</ele>
        <time>2026-07-04T09:39:40.541Z</time>
      </trkpt>
      <trkpt lat="46.465451" lon="13.934545">
        <ele>653</ele>
        <time>2026-07-04T09:39:49.562Z</time>
      </trkpt>
      <trkpt lat="46.465572" lon="13.933877">
        <ele>653.88</ele>
        <time>2026-07-04T09:39:58.846Z</time>
      </trkpt>
      <trkpt lat="46.465589" lon="13.933738">
        <ele>653.38</ele>
        <time>2026-07-04T09:40:00.743Z</time>
      </trkpt>
      <trkpt lat="46.465595" lon="13.933613">
        <ele>653.08</ele>
        <time>2026-07-04T09:40:02.427Z</time>
      </trkpt>
      <trkpt lat="46.465563" lon="13.933463">
        <ele>652.81</ele>
        <time>2026-07-04T09:40:04.537Z</time>
      </trkpt>
      <trkpt lat="46.465482" lon="13.933173">
        <ele>652.93</ele>
        <time>2026-07-04T09:40:08.743Z</time>
      </trkpt>
      <trkpt lat="46.465418" lon="13.932897">
        <ele>652.8</ele>
        <time>2026-07-04T09:40:12.657Z</time>
      </trkpt>
      <trkpt lat="46.465407" lon="13.932721">
        <ele>653</ele>
        <time>2026-07-04T09:40:15.032Z</time>
      </trkpt>
      <trkpt lat="46.465415" lon="13.932588">
        <ele>653</ele>
        <time>2026-07-04T09:40:16.826Z</time>
      </trkpt>
      <trkpt lat="46.465419279411435" lon="13.932588631287217">
        <ele>657.4000244140625</ele>
        <time>2026-07-04T09:40:16.908Z</time>
        <extensions>
          <gpxtpx:TrackPointExtension>
            <gpxtpx:atemp>30</gpxtpx:atemp>
            <gpxtpx:hr>168</gpxtpx:hr>
            <gpxtpx:cad>6</gpxtpx:cad>
          </gpxtpx:TrackPointExtension>
        </extensions>
      </trkpt>
      <trkpt lat="46.465415" lon="13.932588">
        <ele>653</ele>
        <time>2026-07-04T09:40:16.990Z</time>
      </trkpt>
      <trkpt lat="46.465424" lon="13.932452">
        <ele>653</ele>
        <time>2026-07-04T09:40:18.787Z</time>
      </trkpt>
      <trkpt lat="46.465514" lon="13.931794">
        <ele>653.45</ele>
        <time>2026-07-04T09:40:28.239Z</time>
      </trkpt>
      <trkpt lat="46.465514" lon="13.931794">
        <ele>653.45</ele>
        <time>2026-07-04T09:40:28.239Z</time>
      </trkpt>
      <trkpt lat="46.465589" lon="13.931242">
        <ele>654</ele>
        <time>2026-07-04T09:40:36.167Z</time>
      </trkpt>
      <trkpt lat="46.465622" lon="13.931194">
        <ele>653.87</ele>
        <time>2026-07-04T09:40:37.122Z</time>
      </trkpt>
      <trkpt lat="46.465653" lon="13.931195">
        <ele>653.77</ele>
        <time>2026-07-04T09:40:37.756Z</time>
      </trkpt>
      <trkpt lat="46.466064" lon="13.931364">
        <ele>654</ele>
        <time>2026-07-04T09:40:46.494Z</time>
      </trkpt>
      <trkpt lat="46.46608" lon="13.931361">
        <ele>654</ele>
        <time>2026-07-04T09:40:46.824Z</time>
      </trkpt>
      <trkpt lat="46.46608010865748" lon="13.93136034719646">
        <ele>658.4000244140625</ele>
        <time>2026-07-04T09:40:46.834Z</time>
        <extensions>
          <gpxtpx:TrackPointExtension>
            <gpxtpx:atemp>30</gpxtpx:atemp>
            <gpxtpx:hr>164</gpxtpx:hr>
            <gpxtpx:cad>75</gpxtpx:cad>
          </gpxtpx:TrackPointExtension>
        </extensions>
      </trkpt>
      <trkpt lat="46.46608" lon="13.931361">
        <ele>654</ele>
        <time>2026-07-04T09:40:46.844Z</time>
      </trkpt>
      <trkpt lat="46.46613" lon="13.931353">
        <ele>654</ele>
        <time>2026-07-04T09:40:47.942Z</time>
      </trkpt>
      <trkpt lat="46.466165" lon="13.931333">
        <ele>654</ele>
        <time>2026-07-04T09:40:48.763Z</time>
      </trkpt>
      <trkpt lat="46.466205" lon="13.93129">
        <ele>654</ele>
        <time>2026-07-04T09:40:49.849Z</time>
      </trkpt>
      <trkpt lat="46.466223" lon="13.931214">
        <ele>654.18</ele>
        <time>2026-07-04T09:40:51.050Z</time>
      </trkpt>
      <trkpt lat="46.466223" lon="13.931214">
        <ele>654.18</ele>
        <time>2026-07-04T09:40:51.050Z</time>
      </trkpt>
      <trkpt lat="46.466634" lon="13.929309">
        <ele>656</ele>
        <time>2026-07-04T09:41:20.882Z</time>
      </trkpt>
      <trkpt lat="46.466946" lon="13.927805">
        <ele>657</ele>
        <time>2026-07-04T09:41:44.354Z</time>
      </trkpt>
      <trkpt lat="46.467436" lon="13.925502">
        <ele>659.32</ele>
        <time>2026-07-04T09:42:20.373Z</time>
      </trkpt>
      <trkpt lat="46.467474" lon="13.925343">
        <ele>659.93</ele>
        <time>2026-07-04T09:42:22.888Z</time>
      </trkpt>
      <trkpt lat="46.467628" lon="13.924868">
        <ele>659.98</ele>
        <time>2026-07-04T09:42:30.710Z</time>
      </trkpt>
      <trkpt lat="46.467628" lon="13.924868">
        <ele>659.98</ele>
        <time>2026-07-04T09:42:30.710Z</time>
      </trkpt>
      <trkpt lat="46.467708" lon="13.924622">
        <ele>660</ele>
        <time>2026-07-04T09:42:34.763Z</time>
      </trkpt>
      <trkpt lat="46.467819" lon="13.924321">
        <ele>660.91</ele>
        <time>2026-07-04T09:42:39.850Z</time>
      </trkpt>
      <trkpt lat="46.467943" lon="13.924049">
        <ele>661.97</ele>
        <time>2026-07-04T09:42:44.710Z</time>
      </trkpt>
      <trkpt lat="46.468003" lon="13.923885">
        <ele>662.03</ele>
        <time>2026-07-04T09:42:47.477Z</time>
      </trkpt>
      <trkpt lat="46.468072" lon="13.92375">
        <ele>662.27</ele>
        <time>2026-07-04T09:42:49.975Z</time>
      </trkpt>
      <trkpt lat="46.468072" lon="13.92375">
        <ele>662.27</ele>
        <time>2026-07-04T09:42:49.975Z</time>
      </trkpt>
      <trkpt lat="46.46836" lon="13.923237">
        <ele>663.96</ele>
        <time>2026-07-04T09:42:59.810Z</time>
      </trkpt>
      <trkpt lat="46.468685" lon="13.922713">
        <ele>663.91</ele>
        <time>2026-07-04T09:43:10.289Z</time>
      </trkpt>
      <trkpt lat="46.469118" lon="13.922042">
        <ele>662.89</ele>
        <time>2026-07-04T09:43:23.954Z</time>
      </trkpt>
      <trkpt lat="46.469573" lon="13.921346">
        <ele>664.98</ele>
        <time>2026-07-04T09:43:38.215Z</time>
      </trkpt>
      <trkpt lat="46.469697" lon="13.921108">
        <ele>665.42</ele>
        <time>2026-07-04T09:43:42.609Z</time>
      </trkpt>
      <trkpt lat="46.469697" lon="13.921108">
        <ele>665.42</ele>
        <time>2026-07-04T09:43:42.609Z</time>
      </trkpt>
      <trkpt lat="46.469731" lon="13.921042">
        <ele>665.54</ele>
        <time>2026-07-04T09:43:43.822Z</time>
      </trkpt>
      <trkpt lat="46.470017" lon="13.920371">
        <ele>665.67</ele>
        <time>2026-07-04T09:43:55.442Z</time>
      </trkpt>
      <trkpt lat="46.470114" lon="13.920082">
        <ele>665.51</ele>
        <time>2026-07-04T09:44:00.253Z</time>
      </trkpt>
      <trkpt lat="46.470114" lon="13.920082">
        <ele>665.51</ele>
        <time>2026-07-04T09:44:00.253Z</time>
      </trkpt>
      <trkpt lat="46.470192" lon="13.919811">
        <ele>665.88</ele>
        <time>2026-07-04T09:44:04.648Z</time>
      </trkpt>
      <trkpt lat="46.470221" lon="13.91965">
        <ele>665.99</ele>
        <time>2026-07-04T09:44:07.138Z</time>
      </trkpt>
      <trkpt lat="46.470652" lon="13.917966">
        <ele>666.18</ele>
        <time>2026-07-04T09:44:34.026Z</time>
      </trkpt>
      <trkpt lat="46.471152" lon="13.915913">
        <ele>668.97</ele>
        <time>2026-07-04T09:45:06.617Z</time>
      </trkpt>
      <trkpt lat="46.471327" lon="13.915205">
        <ele>668.22</ele>
        <time>2026-07-04T09:45:17.875Z</time>
      </trkpt>
      <trkpt lat="46.47163" lon="13.913962">
        <ele>670.88</ele>
        <time>2026-07-04T09:45:38.943Z</time>
      </trkpt>
      <trkpt lat="46.47163" lon="13.913962">
        <ele>670.88</ele>
        <time>2026-07-04T09:45:38.943Z</time>
      </trkpt>
      <trkpt lat="46.471782" lon="13.91313">
        <ele>671.83</ele>
        <time>2026-07-04T09:45:52.696Z</time>
      </trkpt>
      <trkpt lat="46.471798" lon="13.912854">
        <ele>672.19</ele>
        <time>2026-07-04T09:45:57.179Z</time>
      </trkpt>
      <trkpt lat="46.471798" lon="13.912854">
        <ele>672.19</ele>
        <time>2026-07-04T09:45:57.179Z</time>
      </trkpt>
      <trkpt lat="46.471912" lon="13.910866">
        <ele>674.76</ele>
        <time>2026-07-04T09:46:29.468Z</time>
      </trkpt>
      <trkpt lat="46.471993" lon="13.909307">
        <ele>677</ele>
        <time>2026-07-04T09:46:54.773Z</time>
      </trkpt>
      <trkpt lat="46.472037" lon="13.908733">
        <ele>677.46</ele>
        <time>2026-07-04T09:47:04.121Z</time>
      </trkpt>
      <trkpt lat="46.472107" lon="13.908103">
        <ele>678.67</ele>
        <time>2026-07-04T09:47:14.450Z</time>
      </trkpt>
      <trkpt lat="46.472161" lon="13.907842">
        <ele>679</ele>
        <time>2026-07-04T09:47:18.861Z</time>
      </trkpt>
      <trkpt lat="46.472254" lon="13.907401">
        <ele>679.03</ele>
        <time>2026-07-04T09:47:26.326Z</time>
      </trkpt>
      <trkpt lat="46.472359" lon="13.906838">
        <ele>679.06</ele>
        <time>2026-07-04T09:47:35.766Z</time>
      </trkpt>
      <trkpt lat="46.472428" lon="13.906504">
        <ele>678.38</ele>
        <time>2026-07-04T09:47:41.410Z</time>
      </trkpt>
      <trkpt lat="46.472491" lon="13.90618">
        <ele>680</ele>
        <time>2026-07-04T09:47:46.859Z</time>
      </trkpt>
      <trkpt lat="46.472988" lon="13.903622">
        <ele>677.87</ele>
        <time>2026-07-04T09:48:29.878Z</time>
      </trkpt>
      <trkpt lat="46.473059" lon="13.903256">
        <ele>678.84</ele>
        <time>2026-07-04T09:48:36.032Z</time>
      </trkpt>
      <trkpt lat="46.473222" lon="13.902468">
        <ele>678.54</ele>
        <time>2026-07-04T09:48:49.349Z</time>
      </trkpt>
      <trkpt lat="46.473522" lon="13.900879">
        <ele>680.67</ele>
        <time>2026-07-04T09:49:16.016Z</time>
      </trkpt>
      <trkpt lat="46.473625" lon="13.900413">
        <ele>680.33</ele>
        <time>2026-07-04T09:49:23.937Z</time>
      </trkpt>
      <trkpt lat="46.473836" lon="13.899758">
        <ele>681.06</ele>
        <time>2026-07-04T09:49:35.640Z</time>
      </trkpt>
      <trkpt lat="46.473931" lon="13.899529">
        <ele>682.31</ele>
        <time>2026-07-04T09:49:39.966Z</time>
      </trkpt>
      <trkpt lat="46.474097" lon="13.898969">
        <ele>682.81</ele>
        <time>2026-07-04T09:49:49.833Z</time>
      </trkpt>
      <trkpt lat="46.47412" lon="13.898614">
        <ele>683.04</ele>
        <time>2026-07-04T09:49:55.604Z</time>
      </trkpt>
      <trkpt lat="46.47417" lon="13.898478">
        <ele>683.47</ele>
        <time>2026-07-04T09:49:58.099Z</time>
      </trkpt>
      <trkpt lat="46.474251" lon="13.898311">
        <ele>683.4</ele>
        <time>2026-07-04T09:50:01.405Z</time>
      </trkpt>
      <trkpt lat="46.474296" lon="13.898154">
        <ele>683</ele>
        <time>2026-07-04T09:50:04.157Z</time>
      </trkpt>
      <trkpt lat="46.474407" lon="13.897586">
        <ele>683</ele>
        <time>2026-07-04T09:50:13.713Z</time>
      </trkpt>
      <trkpt lat="46.474731" lon="13.896417">
        <ele>684.49</ele>
        <time>2026-07-04T09:50:34.108Z</time>
      </trkpt>
      <trkpt lat="46.475141" lon="13.894648">
        <ele>685.94</ele>
        <time>2026-07-04T09:51:04.317Z</time>
      </trkpt>
      <trkpt lat="46.475208" lon="13.894118">
        <ele>686</ele>
        <time>2026-07-04T09:51:13.038Z</time>
      </trkpt>
      <trkpt lat="46.475199" lon="13.893992">
        <ele>686</ele>
        <time>2026-07-04T09:51:15.088Z</time>
      </trkpt>
      <trkpt lat="46.475127" lon="13.893785">
        <ele>686.5</ele>
        <time>2026-07-04T09:51:18.841Z</time>
      </trkpt>
      <trkpt lat="46.475063" lon="13.893697">
        <ele>686.43</ele>
        <time>2026-07-04T09:51:20.912Z</time>
      </trkpt>
      <trkpt lat="46.474988" lon="13.893532">
        <ele>687</ele>
        <time>2026-07-04T09:51:24.111Z</time>
      </trkpt>
      <trkpt lat="46.474961" lon="13.893423">
        <ele>687</ele>
        <time>2026-07-04T09:51:25.985Z</time>
      </trkpt>
      <trkpt lat="46.474965" lon="13.893249">
        <ele>687</ele>
        <time>2026-07-04T09:51:28.802Z</time>
      </trkpt>
      <trkpt lat="46.475025" lon="13.892697">
        <ele>687.24</ele>
        <time>2026-07-04T09:51:37.846Z</time>
      </trkpt>
      <trkpt lat="46.475123" lon="13.892238">
        <ele>688</ele>
        <time>2026-07-04T09:51:45.623Z</time>
      </trkpt>
      <trkpt lat="46.475189" lon="13.892001">
        <ele>689.31</ele>
        <time>2026-07-04T09:51:49.760Z</time>
      </trkpt>
      <trkpt lat="46.475199" lon="13.891861">
        <ele>689.93</ele>
        <time>2026-07-04T09:51:52.038Z</time>
      </trkpt>
      <trkpt lat="46.475151" lon="13.891646">
        <ele>689.19</ele>
        <time>2026-07-04T09:51:55.696Z</time>
      </trkpt>
      <trkpt lat="46.47496" lon="13.891024">
        <ele>689.66</ele>
        <time>2026-07-04T09:52:06.798Z</time>
      </trkpt>
      <trkpt lat="46.47496" lon="13.891024">
        <ele>689.66</ele>
        <time>2026-07-04T09:52:06.798Z</time>
      </trkpt>
      <trkpt lat="46.474826" lon="13.890466">
        <ele>690</ele>
        <time>2026-07-04T09:52:16.431Z</time>
      </trkpt>
      <trkpt lat="46.474765" lon="13.889855">
        <ele>689.98</ele>
        <time>2026-07-04T09:52:26.495Z</time>
      </trkpt>
      <trkpt lat="46.474776" lon="13.889459">
        <ele>690.12</ele>
        <time>2026-07-04T09:52:32.956Z</time>
      </trkpt>
      <trkpt lat="46.47484" lon="13.888889">
        <ele>690.88</ele>
        <time>2026-07-04T09:52:42.371Z</time>
      </trkpt>
      <trkpt lat="46.47491" lon="13.888523">
        <ele>690.71</ele>
        <time>2026-07-04T09:52:48.563Z</time>
      </trkpt>
      <trkpt lat="46.475024" lon="13.888109">
        <ele>691</ele>
        <time>2026-07-04T09:52:55.831Z</time>
      </trkpt>
      <trkpt lat="46.475221" lon="13.887571">
        <ele>692.06</ele>
        <time>2026-07-04T09:53:05.764Z</time>
      </trkpt>
      <trkpt lat="46.475636" lon="13.886429">
        <ele>693.16</ele>
        <time>2026-07-04T09:53:26.814Z</time>
      </trkpt>
      <trkpt lat="46.475755" lon="13.886048">
        <ele>693.61</ele>
        <time>2026-07-04T09:53:33.634Z</time>
      </trkpt>
      <trkpt lat="46.475811" lon="13.885843">
        <ele>693.03</ele>
        <time>2026-07-04T09:53:37.229Z</time>
      </trkpt>
      <trkpt lat="46.475994" lon="13.885029">
        <ele>694.69</ele>
        <time>2026-07-04T09:53:51.188Z</time>
      </trkpt>
      <trkpt lat="46.476291" lon="13.883676">
        <ele>695.26</ele>
        <time>2026-07-04T09:54:14.338Z</time>
      </trkpt>
      <trkpt lat="46.476522" lon="13.882711">
        <ele>696.57</ele>
        <time>2026-07-04T09:54:30.992Z</time>
      </trkpt>
      <trkpt lat="46.476691" lon="13.881874">
        <ele>697.92</ele>
        <time>2026-07-04T09:54:45.211Z</time>
      </trkpt>
      <trkpt lat="46.476747" lon="13.881423">
        <ele>698</ele>
        <time>2026-07-04T09:54:52.681Z</time>
      </trkpt>
      <trkpt lat="46.476784" lon="13.880949">
        <ele>698.29</ele>
        <time>2026-07-04T09:55:00.457Z</time>
      </trkpt>
      <trkpt lat="46.476792" lon="13.880424">
        <ele>698.84</ele>
        <time>2026-07-04T09:55:09.017Z</time>
      </trkpt>
      <trkpt lat="46.476781" lon="13.880068">
        <ele>699.51</ele>
        <time>2026-07-04T09:55:14.826Z</time>
      </trkpt>
      <trkpt lat="46.476759" lon="13.879749">
        <ele>701.06</ele>
        <time>2026-07-04T09:55:20.052Z</time>
      </trkpt>
      <trkpt lat="46.476684" lon="13.878952">
        <ele>704.3</ele>
        <time>2026-07-04T09:55:33.165Z</time>
      </trkpt>
      <trkpt lat="46.476622" lon="13.878305">
        <ele>701.85</ele>
        <time>2026-07-04T09:55:43.813Z</time>
      </trkpt>
      <trkpt lat="46.476601" lon="13.878036">
        <ele>702.99</ele>
        <time>2026-07-04T09:55:48.226Z</time>
      </trkpt>
      <trkpt lat="46.476598" lon="13.877839">
        <ele>703</ele>
        <time>2026-07-04T09:55:51.438Z</time>
      </trkpt>
      <trkpt lat="46.476608" lon="13.877498">
        <ele>702.95</ele>
        <time>2026-07-04T09:55:57.001Z</time>
      </trkpt>
      <trkpt lat="46.476639" lon="13.877141">
        <ele>703.48</ele>
        <time>2026-07-04T09:56:02.866Z</time>
      </trkpt>
      <trkpt lat="46.476697" lon="13.876647">
        <ele>703.91</ele>
        <time>2026-07-04T09:56:11.035Z</time>
      </trkpt>
      <trkpt lat="46.476806" lon="13.876066">
        <ele>704.95</ele>
        <time>2026-07-04T09:56:20.851Z</time>
      </trkpt>
      <trkpt lat="46.476924" lon="13.875658">
        <ele>705</ele>
        <time>2026-07-04T09:56:28.064Z</time>
      </trkpt>
      <trkpt lat="46.47717" lon="13.875032">
        <ele>705.01</ele>
        <time>2026-07-04T09:56:39.813Z</time>
      </trkpt>
      <trkpt lat="46.477705" lon="13.87387">
        <ele>706.7</ele>
        <time>2026-07-04T09:57:02.599Z</time>
      </trkpt>
      <trkpt lat="46.477847" lon="13.873553">
        <ele>709.11</ele>
        <time>2026-07-04T09:57:08.763Z</time>
      </trkpt>
      <trkpt lat="46.478274" lon="13.872602">
        <ele>708.03</ele>
        <time>2026-07-04T09:57:27.269Z</time>
      </trkpt>
      <trkpt lat="46.478606" lon="13.871834">
        <ele>709.1</ele>
        <time>2026-07-04T09:57:42.050Z</time>
      </trkpt>
      <trkpt lat="46.479001" lon="13.870954">
        <ele>710</ele>
        <time>2026-07-04T09:57:59.173Z</time>
      </trkpt>
      <trkpt lat="46.479099" lon="13.870778">
        <ele>710.11</ele>
        <time>2026-07-04T09:58:02.862Z</time>
      </trkpt>
      <trkpt lat="46.479404" lon="13.870086">
        <ele>709.3</ele>
        <time>2026-07-04T09:58:16.255Z</time>
      </trkpt>
      <trkpt lat="46.479464" lon="13.869932">
        <ele>710</ele>
        <time>2026-07-04T09:58:19.139Z</time>
      </trkpt>
      <trkpt lat="46.479489" lon="13.869835">
        <ele>709.9</ele>
        <time>2026-07-04T09:58:20.827Z</time>
      </trkpt>
      <trkpt lat="46.479556" lon="13.869404">
        <ele>709.21</ele>
        <time>2026-07-04T09:58:28.029Z</time>
      </trkpt>
      <trkpt lat="46.479599" lon="13.869258">
        <ele>708.71</ele>
        <time>2026-07-04T09:58:30.617Z</time>
      </trkpt>
      <trkpt lat="46.479641" lon="13.869154">
        <ele>708.88</ele>
        <time>2026-07-04T09:58:32.582Z</time>
      </trkpt>
      <trkpt lat="46.479679" lon="13.869019">
        <ele>709.03</ele>
        <time>2026-07-04T09:58:34.959Z</time>
      </trkpt>
      <trkpt lat="46.479714" lon="13.868651">
        <ele>708.8</ele>
        <time>2026-07-04T09:58:41.014Z</time>
      </trkpt>
      <trkpt lat="46.479781" lon="13.868212">
        <ele>709.76</ele>
        <time>2026-07-04T09:58:48.343Z</time>
      </trkpt>
      <trkpt lat="46.479911" lon="13.867263">
        <ele>709.94</ele>
        <time>2026-07-04T09:59:04.115Z</time>
      </trkpt>
      <trkpt lat="46.479984" lon="13.866558">
        <ele>711.55</ele>
        <time>2026-07-04T09:59:15.736Z</time>
      </trkpt>
      <trkpt lat="46.480008" lon="13.86614">
        <ele>711.75</ele>
        <time>2026-07-04T09:59:22.573Z</time>
      </trkpt>
      <trkpt lat="46.480014" lon="13.865805">
        <ele>711.68</ele>
        <time>2026-07-04T09:59:28.035Z</time>
      </trkpt>
      <trkpt lat="46.479987" lon="13.865212">
        <ele>712.15</ele>
        <time>2026-07-04T09:59:37.722Z</time>
      </trkpt>
      <trkpt lat="46.479963" lon="13.864432">
        <ele>712.74</ele>
        <time>2026-07-04T09:59:50.449Z</time>
      </trkpt>
      <trkpt lat="46.479962" lon="13.863884">
        <ele>713.09</ele>
        <time>2026-07-04T09:59:59.381Z</time>
      </trkpt>
      <trkpt lat="46.479978" lon="13.863321">
        <ele>714.53</ele>
        <time>2026-07-04T10:00:08.566Z</time>
      </trkpt>
      <trkpt lat="46.47998" lon="13.862481">
        <ele>716</ele>
        <time>2026-07-04T10:00:22.258Z</time>
      </trkpt>
      <trkpt lat="46.480004" lon="13.862341">
        <ele>716</ele>
        <time>2026-07-04T10:00:24.609Z</time>
      </trkpt>
      <trkpt lat="46.480142" lon="13.861951">
        <ele>718</ele>
        <time>2026-07-04T10:00:31.756Z</time>
      </trkpt>
      <trkpt lat="46.480288" lon="13.860899">
        <ele>718.89</ele>
        <time>2026-07-04T10:00:49.249Z</time>
      </trkpt>
      <trkpt lat="46.480303" lon="13.860279">
        <ele>719</ele>
        <time>2026-07-04T10:00:59.361Z</time>
      </trkpt>
      <trkpt lat="46.480347" lon="13.859193">
        <ele>720</ele>
        <time>2026-07-04T10:01:17.094Z</time>
      </trkpt>
      <trkpt lat="46.480471" lon="13.85534">
        <ele>724.15</ele>
        <time>2026-07-04T10:02:19.969Z</time>
      </trkpt>
      <trkpt lat="46.480515" lon="13.854218">
        <ele>725.93</ele>
        <time>2026-07-04T10:02:38.288Z</time>
      </trkpt>
      <trkpt lat="46.480579" lon="13.852277">
        <ele>727.14</ele>
        <time>2026-07-04T10:03:09.963Z</time>
      </trkpt>
      <trkpt lat="46.480621" lon="13.850841">
        <ele>729.59</ele>
        <time>2026-07-04T10:03:33.391Z</time>
      </trkpt>
      <trkpt lat="46.48068" lon="13.849891">
        <ele>731.49</ele>
        <time>2026-07-04T10:03:48.939Z</time>
      </trkpt>
      <trkpt lat="46.480743" lon="13.849388">
        <ele>731.04</ele>
        <time>2026-07-04T10:03:57.272Z</time>
      </trkpt>
      <trkpt lat="46.480909" lon="13.848545">
        <ele>732.98</ele>
        <time>2026-07-04T10:04:11.564Z</time>
      </trkpt>
      <trkpt lat="46.481059" lon="13.847994">
        <ele>734</ele>
        <time>2026-07-04T10:04:21.222Z</time>
      </trkpt>
      <trkpt lat="46.481345" lon="13.847184">
        <ele>734.04</ele>
        <time>2026-07-04T10:04:36.059Z</time>
      </trkpt>
      <trkpt lat="46.481457" lon="13.846938">
        <ele>733.98</ele>
        <time>2026-07-04T10:04:40.866Z</time>
      </trkpt>
      <trkpt lat="46.481943" lon="13.845976">
        <ele>736.1</ele>
        <time>2026-07-04T10:05:00.314Z</time>
      </trkpt>
      <trkpt lat="46.4822" lon="13.84548">
        <ele>736.89</ele>
        <time>2026-07-04T10:05:10.432Z</time>
      </trkpt>
      <trkpt lat="46.482457" lon="13.845032">
        <ele>737.91</ele>
        <time>2026-07-04T10:05:19.936Z</time>
      </trkpt>
      <trkpt lat="46.482748" lon="13.844448">
        <ele>738.3</ele>
        <time>2026-07-04T10:05:31.686Z</time>
      </trkpt>
      <trkpt lat="46.482883" lon="13.844132">
        <ele>739.03</ele>
        <time>2026-07-04T10:05:37.747Z</time>
      </trkpt>
      <trkpt lat="46.482982" lon="13.843845">
        <ele>739</ele>
        <time>2026-07-04T10:05:42.979Z</time>
      </trkpt>
      <trkpt lat="46.483104" lon="13.84337">
        <ele>739</ele>
        <time>2026-07-04T10:05:51.242Z</time>
      </trkpt>
      <trkpt lat="46.483178" lon="13.842956">
        <ele>739.51</ele>
        <time>2026-07-04T10:05:58.213Z</time>
      </trkpt>
      <trkpt lat="46.483208" lon="13.842547">
        <ele>739.77</ele>
        <time>2026-07-04T10:06:04.917Z</time>
      </trkpt>
      <trkpt lat="46.483207" lon="13.842045">
        <ele>739.52</ele>
        <time>2026-07-04T10:06:13.099Z</time>
      </trkpt>
      <trkpt lat="46.483171" lon="13.8416">
        <ele>738.99</ele>
        <time>2026-07-04T10:06:20.402Z</time>
      </trkpt>
      <trkpt lat="46.483137" lon="13.84135">
        <ele>739.55</ele>
        <time>2026-07-04T10:06:24.555Z</time>
      </trkpt>
      <trkpt lat="46.483043" lon="13.840848">
        <ele>738.73</ele>
        <time>2026-07-04T10:06:33.034Z</time>
      </trkpt>
      <trkpt lat="46.482937" lon="13.84046">
        <ele>738.94</ele>
        <time>2026-07-04T10:06:39.837Z</time>
      </trkpt>
      <trkpt lat="46.4828" lon="13.840058">
        <ele>739.53</ele>
        <time>2026-07-04T10:06:47.148Z</time>
      </trkpt>
      <trkpt lat="46.482708" lon="13.839815">
        <ele>740.34</ele>
        <time>2026-07-04T10:06:51.668Z</time>
      </trkpt>
      <trkpt lat="46.482661" lon="13.839782">
        <ele>740.2</ele>
        <time>2026-07-04T10:06:52.903Z</time>
      </trkpt>
      <trkpt lat="46.482476" lon="13.839441">
        <ele>741.16</ele>
        <time>2026-07-04T10:06:59.979Z</time>
      </trkpt>
      <trkpt lat="46.482329" lon="13.839163">
        <ele>741.38</ele>
        <time>2026-07-04T10:07:05.692Z</time>
      </trkpt>
      <trkpt lat="46.482036" lon="13.838564">
        <ele>741.85</ele>
        <time>2026-07-04T10:07:17.668Z</time>
      </trkpt>
      <trkpt lat="46.482019" lon="13.838457">
        <ele>742.05</ele>
        <time>2026-07-04T10:07:19.457Z</time>
      </trkpt>
      <trkpt lat="46.482018" lon="13.838256">
        <ele>742.27</ele>
        <time>2026-07-04T10:07:22.733Z</time>
      </trkpt>
      <trkpt lat="46.481978" lon="13.838122">
        <ele>742.4</ele>
        <time>2026-07-04T10:07:25.113Z</time>
      </trkpt>
      <trkpt lat="46.481909" lon="13.838001">
        <ele>742.75</ele>
        <time>2026-07-04T10:07:27.673Z</time>
      </trkpt>
      <trkpt lat="46.481713" lon="13.837802">
        <ele>742.85</ele>
        <time>2026-07-04T10:07:33.334Z</time>
      </trkpt>
      <trkpt lat="46.481489" lon="13.837511">
        <ele>743.74</ele>
        <time>2026-07-04T10:07:40.448Z</time>
      </trkpt>
      <trkpt lat="46.481296" lon="13.837185">
        <ele>744</ele>
        <time>2026-07-04T10:07:47.455Z</time>
      </trkpt>
      <trkpt lat="46.481133" lon="13.83689">
        <ele>745</ele>
        <time>2026-07-04T10:07:53.620Z</time>
      </trkpt>
      <trkpt lat="46.480842" lon="13.836164">
        <ele>746</ele>
        <time>2026-07-04T10:08:07.313Z</time>
      </trkpt>
      <trkpt lat="46.48072" lon="13.835804">
        <ele>746.24</ele>
        <time>2026-07-04T10:08:13.853Z</time>
      </trkpt>
      <trkpt lat="46.48065" lon="13.835563">
        <ele>746.83</ele>
        <time>2026-07-04T10:08:18.116Z</time>
      </trkpt>
      <trkpt lat="46.480568" lon="13.835235">
        <ele>747</ele>
        <time>2026-07-04T10:08:23.804Z</time>
      </trkpt>
      <trkpt lat="46.480473" lon="13.834798">
        <ele>747.32</ele>
        <time>2026-07-04T10:08:31.273Z</time>
      </trkpt>
      <trkpt lat="46.480412" lon="13.834388">
        <ele>748</ele>
        <time>2026-07-04T10:08:38.110Z</time>
      </trkpt>
      <trkpt lat="46.480357" lon="13.833663">
        <ele>748.16</ele>
        <time>2026-07-04T10:08:49.999Z</time>
      </trkpt>
      <trkpt lat="46.48035" lon="13.833437">
        <ele>748</ele>
        <time>2026-07-04T10:08:53.686Z</time>
      </trkpt>
      <trkpt lat="46.480359" lon="13.832809">
        <ele>748.72</ele>
        <time>2026-07-04T10:09:03.925Z</time>
      </trkpt>
      <trkpt lat="46.480436" lon="13.832063">
        <ele>748.43</ele>
        <time>2026-07-04T10:09:16.221Z</time>
      </trkpt>
      <trkpt lat="46.480494" lon="13.831712">
        <ele>749.55</ele>
        <time>2026-07-04T10:09:22.104Z</time>
      </trkpt>
      <trkpt lat="46.480612" lon="13.831188">
        <ele>748.85</ele>
        <time>2026-07-04T10:09:31.090Z</time>
      </trkpt>
      <trkpt lat="46.480824" lon="13.830459">
        <ele>751.49</ele>
        <time>2026-07-04T10:09:43.989Z</time>
      </trkpt>
      <trkpt lat="46.480967" lon="13.830068">
        <ele>752.63</ele>
        <time>2026-07-04T10:09:51.205Z</time>
      </trkpt>
      <trkpt lat="46.481129" lon="13.829688">
        <ele>752.63</ele>
        <time>2026-07-04T10:09:58.490Z</time>
      </trkpt>
      <trkpt lat="46.481296" lon="13.829352">
        <ele>754.67</ele>
        <time>2026-07-04T10:10:05.244Z</time>
      </trkpt>
      <trkpt lat="46.481463" lon="13.829017">
        <ele>754.39</ele>
        <time>2026-07-04T10:10:11.985Z</time>
      </trkpt>
      <trkpt lat="46.481588" lon="13.828712">
        <ele>754.01</ele>
        <time>2026-07-04T10:10:17.770Z</time>
      </trkpt>
      <trkpt lat="46.482092" lon="13.827549">
        <ele>756.96</ele>
        <time>2026-07-04T10:10:40.169Z</time>
      </trkpt>
      <trkpt lat="46.482243" lon="13.827197">
        <ele>756.02</ele>
        <time>2026-07-04T10:10:46.929Z</time>
      </trkpt>
      <trkpt lat="46.482733" lon="13.826123">
        <ele>755.61</ele>
        <time>2026-07-04T10:11:07.929Z</time>
      </trkpt>
      <trkpt lat="46.482922" lon="13.825728">
        <ele>756.23</ele>
        <time>2026-07-04T10:11:15.769Z</time>
      </trkpt>
      <trkpt lat="46.483064" lon="13.825462">
        <ele>755.5</ele>
        <time>2026-07-04T10:11:21.255Z</time>
      </trkpt>
      <trkpt lat="46.483324" lon="13.825086">
        <ele>756.75</ele>
        <time>2026-07-04T10:11:29.940Z</time>
      </trkpt>
      <trkpt lat="46.483671" lon="13.824551">
        <ele>758.7</ele>
        <time>2026-07-04T10:11:41.919Z</time>
      </trkpt>
      <trkpt lat="46.484188" lon="13.823565">
        <ele>762.14</ele>
        <time>2026-07-04T10:12:02.119Z</time>
      </trkpt>
      <trkpt lat="46.484363" lon="13.823206">
        <ele>762.13</ele>
        <time>2026-07-04T10:12:09.288Z</time>
      </trkpt>
      <trkpt lat="46.484508" lon="13.822723">
        <ele>762.58</ele>
        <time>2026-07-04T10:12:17.876Z</time>
      </trkpt>
      <trkpt lat="46.484552" lon="13.822539">
        <ele>762.77</ele>
        <time>2026-07-04T10:12:21.050Z</time>
      </trkpt>
      <trkpt lat="46.484572" lon="13.822364">
        <ele>762.58</ele>
        <time>2026-07-04T10:12:23.941Z</time>
      </trkpt>
      <trkpt lat="46.484571" lon="13.821812">
        <ele>763.99</ele>
        <time>2026-07-04T10:12:32.938Z</time>
      </trkpt>
      <trkpt lat="46.484591" lon="13.82152">
        <ele>764.59</ele>
        <time>2026-07-04T10:12:37.720Z</time>
      </trkpt>
      <trkpt lat="46.484622" lon="13.821244">
        <ele>764.58</ele>
        <time>2026-07-04T10:12:42.278Z</time>
      </trkpt>
      <trkpt lat="46.484669" lon="13.820978">
        <ele>764.08</ele>
        <time>2026-07-04T10:12:46.754Z</time>
      </trkpt>
      <trkpt lat="46.484743" lon="13.820656">
        <ele>763.15</ele>
        <time>2026-07-04T10:12:52.287Z</time>
      </trkpt>
      <trkpt lat="46.486019" lon="13.816219">
        <ele>770</ele>
        <time>2026-07-04T10:14:10.661Z</time>
      </trkpt>
      <trkpt lat="46.486159" lon="13.815711">
        <ele>770.26</ele>
        <time>2026-07-04T10:14:19.579Z</time>
      </trkpt>
      <trkpt lat="46.486276" lon="13.815235">
        <ele>771</ele>
        <time>2026-07-04T10:14:27.816Z</time>
      </trkpt>
      <trkpt lat="46.486364" lon="13.814817">
        <ele>771</ele>
        <time>2026-07-04T10:14:34.940Z</time>
      </trkpt>
      <trkpt lat="46.48642" lon="13.814465">
        <ele>771.89</ele>
        <time>2026-07-04T10:14:40.828Z</time>
      </trkpt>
      <trkpt lat="46.486498" lon="13.813536">
        <ele>772.49</ele>
        <time>2026-07-04T10:14:56.081Z</time>
      </trkpt>
      <trkpt lat="46.486503" lon="13.813121">
        <ele>773</ele>
        <time>2026-07-04T10:15:02.846Z</time>
      </trkpt>
      <trkpt lat="46.486498" lon="13.812714">
        <ele>774</ele>
        <time>2026-07-04T10:15:09.480Z</time>
      </trkpt>
      <trkpt lat="46.486461" lon="13.812011">
        <ele>774.84</ele>
        <time>2026-07-04T10:15:20.971Z</time>
      </trkpt>
      <trkpt lat="46.486421" lon="13.811628">
        <ele>775.63</ele>
        <time>2026-07-04T10:15:27.284Z</time>
      </trkpt>
      <trkpt lat="46.486268" lon="13.810374">
        <ele>777</ele>
        <time>2026-07-04T10:15:48.041Z</time>
      </trkpt>
      <trkpt lat="46.4861" lon="13.809105">
        <ele>779.81</ele>
        <time>2026-07-04T10:16:09.103Z</time>
      </trkpt>
      <trkpt lat="46.486085" lon="13.808835">
        <ele>779.99</ele>
        <time>2026-07-04T10:16:13.518Z</time>
      </trkpt>
      <trkpt lat="46.486048" lon="13.808464">
        <ele>780.5</ele>
        <time>2026-07-04T10:16:19.628Z</time>
      </trkpt>
      <trkpt lat="46.486049" lon="13.808078">
        <ele>780.54</ele>
        <time>2026-07-04T10:16:25.919Z</time>
      </trkpt>
      <trkpt lat="46.486065" lon="13.807697">
        <ele>781.21</ele>
        <time>2026-07-04T10:16:32.140Z</time>
      </trkpt>
      <trkpt lat="46.486155" lon="13.806953">
        <ele>781.95</ele>
        <time>2026-07-04T10:16:44.452Z</time>
      </trkpt>
      <trkpt lat="46.486382" lon="13.805452">
        <ele>782</ele>
        <time>2026-07-04T10:17:09.499Z</time>
      </trkpt>
      <trkpt lat="46.486423" lon="13.805146">
        <ele>783</ele>
        <time>2026-07-04T10:17:14.580Z</time>
      </trkpt>
      <trkpt lat="46.486515" lon="13.804356">
        <ele>783</ele>
        <time>2026-07-04T10:17:27.639Z</time>
      </trkpt>
      <trkpt lat="46.486537" lon="13.803995">
        <ele>783.5</ele>
        <time>2026-07-04T10:17:33.545Z</time>
      </trkpt>
      <trkpt lat="46.486537" lon="13.803995">
        <ele>783.5</ele>
        <time>2026-07-04T10:17:33.545Z</time>
      </trkpt>
      <trkpt lat="46.486546" lon="13.803528">
        <ele>784</ele>
        <time>2026-07-04T10:23:31.217Z</time>
      </trkpt>
      <trkpt lat="46.486536" lon="13.803167">
        <ele>784</ele>
        <time>2026-07-04T10:23:37.836Z</time>
      </trkpt>
      <trkpt lat="46.486485" lon="13.802448">
        <ele>784</ele>
        <time>2026-07-04T10:23:51.079Z</time>
      </trkpt>
      <trkpt lat="46.486429" lon="13.801866">
        <ele>784.95</ele>
        <time>2026-07-04T10:24:01.846Z</time>
      </trkpt>
      <trkpt lat="46.486447" lon="13.801526">
        <ele>785.8</ele>
        <time>2026-07-04T10:24:08.094Z</time>
      </trkpt>
      <trkpt lat="46.486447" lon="13.801526">
        <ele>785.8</ele>
        <time>2026-07-04T10:24:08.094Z</time>
      </trkpt>
      <trkpt lat="46.486447" lon="13.801526">
        <ele>785.8</ele>
        <time>2026-07-04T10:24:08.094Z</time>
      </trkpt>
      <trkpt lat="46.486454" lon="13.801387">
        <ele>785.82</ele>
        <time>2026-07-04T10:24:11.046Z</time>
      </trkpt>
      <trkpt lat="46.486422" lon="13.800927">
        <ele>787</ele>
        <time>2026-07-04T10:24:20.840Z</time>
      </trkpt>
      <trkpt lat="46.486422" lon="13.800927">
        <ele>787</ele>
        <time>2026-07-04T10:24:20.840Z</time>
      </trkpt>
      <trkpt lat="46.486416" lon="13.800892">
        <ele>787</ele>
        <time>2026-07-04T10:24:33.540Z</time>
      </trkpt>
      <trkpt lat="46.486316" lon="13.800881">
        <ele>787.06</ele>
        <time>2026-07-04T10:24:36.638Z</time>
      </trkpt>
      <trkpt lat="46.486274" lon="13.800857">
        <ele>787.54</ele>
        <time>2026-07-04T10:24:38.032Z</time>
      </trkpt>
      <trkpt lat="46.486241" lon="13.8008">
        <ele>788.16</ele>
        <time>2026-07-04T10:24:39.616Z</time>
      </trkpt>
      <trkpt lat="46.486203" lon="13.800676">
        <ele>788.72</ele>
        <time>2026-07-04T10:24:42.503Z</time>
      </trkpt>
      <trkpt lat="46.48611" lon="13.800317">
        <ele>789.29</ele>
        <time>2026-07-04T10:24:50.662Z</time>
      </trkpt>
      <trkpt lat="46.48611" lon="13.800317">
        <ele>789.29</ele>
        <time>2026-07-04T10:24:50.662Z</time>
      </trkpt>
      <trkpt lat="46.48611" lon="13.800317">
        <ele>789.29</ele>
        <time>2026-07-04T10:24:50.662Z</time>
      </trkpt>
      <trkpt lat="46.485752" lon="13.798904">
        <ele>788.11</ele>
        <time>2026-07-04T10:25:20.727Z</time>
      </trkpt>
      <trkpt lat="46.485617" lon="13.798346">
        <ele>790.3</ele>
        <time>2026-07-04T10:25:32.537Z</time>
      </trkpt>
      <trkpt lat="46.485449" lon="13.797559">
        <ele>791.62</ele>
        <time>2026-07-04T10:25:48.990Z</time>
      </trkpt>
      <trkpt lat="46.485385" lon="13.797116">
        <ele>792.81</ele>
        <time>2026-07-04T10:25:58.028Z</time>
      </trkpt>
      <trkpt lat="46.485385" lon="13.797116">
        <ele>792.81</ele>
        <time>2026-07-04T10:25:58.028Z</time>
      </trkpt>
      <trkpt lat="46.485385" lon="13.797116">
        <ele>792.81</ele>
        <time>2026-07-04T10:25:58.028Z</time>
      </trkpt>
      <trkpt lat="46.485369" lon="13.796694">
        <ele>792.97</ele>
        <time>2026-07-04T10:26:06.589Z</time>
      </trkpt>
      <trkpt lat="46.485376" lon="13.796465">
        <ele>792.92</ele>
        <time>2026-07-04T10:26:11.232Z</time>
      </trkpt>
      <trkpt lat="46.485428" lon="13.796036">
        <ele>793.11</ele>
        <time>2026-07-04T10:26:20.055Z</time>
      </trkpt>
      <trkpt lat="46.485502" lon="13.795631">
        <ele>793.59</ele>
        <time>2026-07-04T10:26:28.542Z</time>
      </trkpt>
      <trkpt lat="46.485506" lon="13.795468">
        <ele>794</ele>
        <time>2026-07-04T10:26:31.845Z</time>
      </trkpt>
      <trkpt lat="46.485255" lon="13.794787">
        <ele>794.94</ele>
        <time>2026-07-04T10:26:47.491Z</time>
      </trkpt>
      <trkpt lat="46.484969" lon="13.794093">
        <ele>796</ele>
        <time>2026-07-04T10:27:03.874Z</time>
      </trkpt>
      <trkpt lat="46.484918" lon="13.793944">
        <ele>796</ele>
        <time>2026-07-04T10:27:07.244Z</time>
      </trkpt>
      <trkpt lat="46.484883" lon="13.793743">
        <ele>796.6</ele>
        <time>2026-07-04T10:27:11.443Z</time>
      </trkpt>
      <trkpt lat="46.484868" lon="13.793213">
        <ele>797.14</ele>
        <time>2026-07-04T10:27:22.188Z</time>
      </trkpt>
      <trkpt lat="46.484893" lon="13.792175">
        <ele>799</ele>
        <time>2026-07-04T10:27:43.227Z</time>
      </trkpt>
      <trkpt lat="46.484912" lon="13.791831">
        <ele>799</ele>
        <time>2026-07-04T10:27:50.217Z</time>
      </trkpt>
      <trkpt lat="46.484937" lon="13.791616">
        <ele>799.93</ele>
        <time>2026-07-04T10:27:54.633Z</time>
      </trkpt>
      <trkpt lat="46.484977" lon="13.791423">
        <ele>800</ele>
        <time>2026-07-04T10:27:58.715Z</time>
      </trkpt>
      <trkpt lat="46.485058" lon="13.791183">
        <ele>800</ele>
        <time>2026-07-04T10:28:04.129Z</time>
      </trkpt>
      <trkpt lat="46.485153" lon="13.791022">
        <ele>799.88</ele>
        <time>2026-07-04T10:28:08.424Z</time>
      </trkpt>
      <trkpt lat="46.485253" lon="13.790886">
        <ele>799.57</ele>
        <time>2026-07-04T10:28:12.454Z</time>
      </trkpt>
      <trkpt lat="46.485377" lon="13.79072">
        <ele>795.71</ele>
        <time>2026-07-04T10:28:17.415Z</time>
      </trkpt>
      <trkpt lat="46.485509" lon="13.790526">
        <ele>796.03</ele>
        <time>2026-07-04T10:28:22.939Z</time>
      </trkpt>
      <trkpt lat="46.485791" lon="13.790127">
        <ele>799.24</ele>
        <time>2026-07-04T10:28:34.521Z</time>
      </trkpt>
      <trkpt lat="46.485881" lon="13.789947">
        <ele>799</ele>
        <time>2026-07-04T10:28:39.027Z</time>
      </trkpt>
      <trkpt lat="46.485954" lon="13.78982">
        <ele>799</ele>
        <time>2026-07-04T10:28:42.378Z</time>
      </trkpt>
      <trkpt lat="46.485943" lon="13.789665">
        <ele>799.28</ele>
        <time>2026-07-04T10:28:45.534Z</time>
      </trkpt>
      <trkpt lat="46.485919" lon="13.789543">
        <ele>799.98</ele>
        <time>2026-07-04T10:28:48.104Z</time>
      </trkpt>
      <trkpt lat="46.485856" lon="13.789043">
        <ele>801.02</ele>
        <time>2026-07-04T10:28:58.400Z</time>
      </trkpt>
      <trkpt lat="46.485792" lon="13.788648">
        <ele>803.19</ele>
        <time>2026-07-04T10:29:06.619Z</time>
      </trkpt>
      <trkpt lat="46.485657" lon="13.788155">
        <ele>805.05</ele>
        <time>2026-07-04T10:29:17.366Z</time>
      </trkpt>
      <trkpt lat="46.485579" lon="13.787796">
        <ele>805.82</ele>
        <time>2026-07-04T10:29:24.991Z</time>
      </trkpt>
      <trkpt lat="46.485248" lon="13.787145">
        <ele>806.92</ele>
        <time>2026-07-04T10:29:41.383Z</time>
      </trkpt>
      <trkpt lat="46.485154" lon="13.786923">
        <ele>807.22</ele>
        <time>2026-07-04T10:29:46.662Z</time>
      </trkpt>
      <trkpt lat="46.484953" lon="13.786492">
        <ele>807.72</ele>
        <time>2026-07-04T10:29:57.206Z</time>
      </trkpt>
      <trkpt lat="46.484696" lon="13.785991">
        <ele>809.76</ele>
        <time>2026-07-04T10:30:09.861Z</time>
      </trkpt>
      <trkpt lat="46.484576" lon="13.78579">
        <ele>809.95</ele>
        <time>2026-07-04T10:30:15.250Z</time>
      </trkpt>
      <trkpt lat="46.484576" lon="13.78579">
        <ele>809.95</ele>
        <time>2026-07-04T10:30:15.250Z</time>
      </trkpt>
      <trkpt lat="46.484576" lon="13.78579">
        <ele>809.95</ele>
        <time>2026-07-04T10:39:33.712Z</time>
      </trkpt>
      <trkpt lat="46.484548" lon="13.785743">
        <ele>810</ele>
        <time>2026-07-04T10:39:36.754Z</time>
      </trkpt>
      <trkpt lat="46.484502" lon="13.785661">
        <ele>809.42</ele>
        <time>2026-07-04T10:39:41.931Z</time>
      </trkpt>
      <trkpt lat="46.484401" lon="13.785264">
        <ele>810.71</ele>
        <time>2026-07-04T10:40:02.649Z</time>
      </trkpt>
      <trkpt lat="46.484202" lon="13.784811">
        <ele>811</ele>
        <time>2026-07-04T10:40:28.953Z</time>
      </trkpt>
      <trkpt lat="46.484186" lon="13.784657">
        <ele>811</ele>
        <time>2026-07-04T10:40:36.577Z</time>
      </trkpt>
      <trkpt lat="46.484189" lon="13.784608">
        <ele>811</ele>
        <time>2026-07-04T10:40:38.985Z</time>
      </trkpt>
      <trkpt lat="46.484189" lon="13.784608">
        <ele>811</ele>
        <time>2026-07-04T10:40:38.985Z</time>
      </trkpt>
      <trkpt lat="46.484189" lon="13.784608">
        <ele>811</ele>
        <time>2026-07-04T10:40:38.985Z</time>
      </trkpt>
      <trkpt lat="46.484197" lon="13.784468">
        <ele>811</ele>
        <time>2026-07-04T10:40:41.358Z</time>
      </trkpt>
      <trkpt lat="46.484374" lon="13.783744">
        <ele>811</ele>
        <time>2026-07-04T10:40:54.339Z</time>
      </trkpt>
      <trkpt lat="46.484381" lon="13.783601">
        <ele>810.64</ele>
        <time>2026-07-04T10:40:56.761Z</time>
      </trkpt>
      <trkpt lat="46.484366" lon="13.783526">
        <ele>810.47</ele>
        <time>2026-07-04T10:40:58.080Z</time>
      </trkpt>
      <trkpt lat="46.484367" lon="13.78353">
        <ele>810.48</ele>
        <time>2026-07-04T10:40:58.149Z</time>
      </trkpt>
      <trkpt lat="46.484366" lon="13.783526">
        <ele>810.47</ele>
        <time>2026-07-04T10:40:58.239Z</time>
      </trkpt>
      <trkpt lat="46.484477" lon="13.783374">
        <ele>810.93</ele>
        <time>2026-07-04T10:41:02.970Z</time>
      </trkpt>
      <trkpt lat="46.484734" lon="13.78266">
        <ele>810.34</ele>
        <time>2026-07-04T10:41:20.175Z</time>
      </trkpt>
      <trkpt lat="46.484788" lon="13.782251">
        <ele>810</ele>
        <time>2026-07-04T10:41:29.068Z</time>
      </trkpt>
      <trkpt lat="46.4848" lon="13.781958">
        <ele>809.86</ele>
        <time>2026-07-04T10:41:33.724Z</time>
      </trkpt>
      <trkpt lat="46.4848" lon="13.781958">
        <ele>809.86</ele>
        <time>2026-07-04T10:41:33.724Z</time>
      </trkpt>
      <trkpt lat="46.48482" lon="13.781078">
        <ele>809</ele>
        <time>2026-07-04T10:41:47.691Z</time>
      </trkpt>
      <trkpt lat="46.484845" lon="13.78062">
        <ele>808.92</ele>
        <time>2026-07-04T10:41:54.979Z</time>
      </trkpt>
      <trkpt lat="46.484888" lon="13.780383">
        <ele>809</ele>
        <time>2026-07-04T10:41:58.866Z</time>
      </trkpt>
      <trkpt lat="46.484934" lon="13.78024">
        <ele>808.66</ele>
        <time>2026-07-04T10:42:01.369Z</time>
      </trkpt>
      <trkpt lat="46.485006" lon="13.780078">
        <ele>808.14</ele>
        <time>2026-07-04T10:42:04.481Z</time>
      </trkpt>
      <trkpt lat="46.485006" lon="13.780078">
        <ele>808.14</ele>
        <time>2026-07-04T10:42:04.481Z</time>
      </trkpt>
      <trkpt lat="46.485085" lon="13.779921">
        <ele>808</ele>
        <time>2026-07-04T10:42:07.620Z</time>
      </trkpt>
      <trkpt lat="46.485198" lon="13.779668">
        <ele>808</ele>
        <time>2026-07-04T10:42:12.488Z</time>
      </trkpt>
      <trkpt lat="46.485424" lon="13.77895">
        <ele>807.3</ele>
        <time>2026-07-04T10:42:25.231Z</time>
      </trkpt>
      <trkpt lat="46.485462" lon="13.77887">
        <ele>807.19</ele>
        <time>2026-07-04T10:42:26.799Z</time>
      </trkpt>
      <trkpt lat="46.485503" lon="13.77882">
        <ele>807</ele>
        <time>2026-07-04T10:42:28.054Z</time>
      </trkpt>
      <trkpt lat="46.485556" lon="13.778775">
        <ele>807</ele>
        <time>2026-07-04T10:42:29.493Z</time>
      </trkpt>
      <trkpt lat="46.485589" lon="13.778658">
        <ele>807</ele>
        <time>2026-07-04T10:42:31.533Z</time>
      </trkpt>
      <trkpt lat="46.485782" lon="13.778241">
        <ele>807</ele>
        <time>2026-07-04T10:42:39.643Z</time>
      </trkpt>
      <trkpt lat="46.485956" lon="13.777897">
        <ele>807.11</ele>
        <time>2026-07-04T10:42:47.220Z</time>
      </trkpt>
      <trkpt lat="46.485956" lon="13.777897">
        <ele>807.11</ele>
        <time>2026-07-04T10:42:47.220Z</time>
      </trkpt>
      <trkpt lat="46.486051" lon="13.777709">
        <ele>807.18</ele>
        <time>2026-07-04T10:42:51.359Z</time>
      </trkpt>
      <trkpt lat="46.486391" lon="13.777177">
        <ele>809.62</ele>
        <time>2026-07-04T10:43:04.244Z</time>
      </trkpt>
      <trkpt lat="46.486576" lon="13.776872">
        <ele>812.21</ele>
        <time>2026-07-04T10:43:11.459Z</time>
      </trkpt>
      <trkpt lat="46.486681" lon="13.776633">
        <ele>814.44</ele>
        <time>2026-07-04T10:43:16.838Z</time>
      </trkpt>
      <trkpt lat="46.486681" lon="13.776633">
        <ele>814.44</ele>
        <time>2026-07-04T10:43:16.838Z</time>
      </trkpt>
      <trkpt lat="46.486765" lon="13.776365">
        <ele>814.26</ele>
        <time>2026-07-04T10:43:22.425Z</time>
      </trkpt>
      <trkpt lat="46.486954" lon="13.775815">
        <ele>815.22</ele>
        <time>2026-07-04T10:43:34.753Z</time>
      </trkpt>
      <trkpt lat="46.486954" lon="13.775815">
        <ele>815.22</ele>
        <time>2026-07-04T10:43:34.753Z</time>
      </trkpt>
      <trkpt lat="46.487149" lon="13.77539">
        <ele>815.51</ele>
        <time>2026-07-04T10:43:44.996Z</time>
      </trkpt>
      <trkpt lat="46.487193" lon="13.775319">
        <ele>815.79</ele>
        <time>2026-07-04T10:43:46.594Z</time>
      </trkpt>
      <trkpt lat="46.487193" lon="13.775319">
        <ele>815.79</ele>
        <time>2026-07-04T10:43:46.594Z</time>
      </trkpt>
      <trkpt lat="46.48732" lon="13.77505">
        <ele>816.37</ele>
        <time>2026-07-04T10:43:52.051Z</time>
      </trkpt>
      <trkpt lat="46.487478" lon="13.774738">
        <ele>818.55</ele>
        <time>2026-07-04T10:43:58.531Z</time>
      </trkpt>
      <trkpt lat="46.487609" lon="13.774479">
        <ele>817.47</ele>
        <time>2026-07-04T10:44:03.908Z</time>
      </trkpt>
      <trkpt lat="46.487666" lon="13.774399">
        <ele>817.17</ele>
        <time>2026-07-04T10:44:05.587Z</time>
      </trkpt>
      <trkpt lat="46.487666" lon="13.774399">
        <ele>817.17</ele>
        <time>2026-07-04T10:44:05.587Z</time>
      </trkpt>
      <trkpt lat="46.487839" lon="13.774156">
        <ele>816.26</ele>
        <time>2026-07-04T10:44:10.685Z</time>
      </trkpt>
      <trkpt lat="46.48798" lon="13.774036">
        <ele>815.49</ele>
        <time>2026-07-04T10:44:14.147Z</time>
      </trkpt>
      <trkpt lat="46.488132" lon="13.773789">
        <ele>816.22</ele>
        <time>2026-07-04T10:44:18.716Z</time>
      </trkpt>
      <trkpt lat="46.488132" lon="13.773789">
        <ele>816.22</ele>
        <time>2026-07-04T10:44:18.716Z</time>
      </trkpt>
      <trkpt lat="46.488383" lon="13.773359">
        <ele>815.66</ele>
        <time>2026-07-04T10:44:26.492Z</time>
      </trkpt>
      <trkpt lat="46.488509" lon="13.773096">
        <ele>816.07</ele>
        <time>2026-07-04T10:44:30.911Z</time>
      </trkpt>
      <trkpt lat="46.488614" lon="13.772829">
        <ele>816.41</ele>
        <time>2026-07-04T10:44:35.157Z</time>
      </trkpt>
      <trkpt lat="46.488614" lon="13.772829">
        <ele>816.41</ele>
        <time>2026-07-04T10:44:35.157Z</time>
      </trkpt>
      <trkpt lat="46.488762" lon="13.772437">
        <ele>816.66</ele>
        <time>2026-07-04T10:44:41.331Z</time>
      </trkpt>
      <trkpt lat="46.488948" lon="13.771688">
        <ele>816.9</ele>
        <time>2026-07-04T10:44:52.327Z</time>
      </trkpt>
      <trkpt lat="46.489027" lon="13.771335">
        <ele>818.02</ele>
        <time>2026-07-04T10:44:57.453Z</time>
      </trkpt>
      <trkpt lat="46.489098" lon="13.771015">
        <ele>818.54</ele>
        <time>2026-07-04T10:45:02.096Z</time>
      </trkpt>
      <trkpt lat="46.489219" lon="13.770369">
        <ele>819.04</ele>
        <time>2026-07-04T10:45:12.001Z</time>
      </trkpt>
      <trkpt lat="46.489219" lon="13.770369">
        <ele>819.04</ele>
        <time>2026-07-04T10:45:12.001Z</time>
      </trkpt>
      <trkpt lat="46.489284" lon="13.769849">
        <ele>819.36</ele>
        <time>2026-07-04T10:45:19.820Z</time>
      </trkpt>
      <trkpt lat="46.489367" lon="13.768543">
        <ele>821.52</ele>
        <time>2026-07-04T10:45:39.225Z</time>
      </trkpt>
      <trkpt lat="46.489441" lon="13.767202">
        <ele>821.65</ele>
        <time>2026-07-04T10:45:59.130Z</time>
      </trkpt>
      <trkpt lat="46.489558" lon="13.765895">
        <ele>822</ele>
        <time>2026-07-04T10:46:20.157Z</time>
      </trkpt>
      <trkpt lat="46.489558" lon="13.765895">
        <ele>822</ele>
        <time>2026-07-04T10:46:20.157Z</time>
      </trkpt>
      <trkpt lat="46.489554" lon="13.765738">
        <ele>822.25</ele>
        <time>2026-07-04T10:46:22.663Z</time>
      </trkpt>
      <trkpt lat="46.489537" lon="13.765558">
        <ele>822.88</ele>
        <time>2026-07-04T10:46:25.561Z</time>
      </trkpt>
      <trkpt lat="46.489505" lon="13.765399">
        <ele>823.5</ele>
        <time>2026-07-04T10:46:28.203Z</time>
      </trkpt>
      <trkpt lat="46.489438" lon="13.7649">
        <ele>826.41</ele>
        <time>2026-07-04T10:46:36.314Z</time>
      </trkpt>
      <trkpt lat="46.489442" lon="13.764525">
        <ele>826.5</ele>
        <time>2026-07-04T10:46:42.297Z</time>
      </trkpt>
      <trkpt lat="46.489454" lon="13.764274">
        <ele>826.16</ele>
        <time>2026-07-04T10:46:46.624Z</time>
      </trkpt>
      <trkpt lat="46.489454" lon="13.764274">
        <ele>826.16</ele>
        <time>2026-07-04T10:46:46.624Z</time>
      </trkpt>
      <trkpt lat="46.489487" lon="13.763995">
        <ele>826.52</ele>
        <time>2026-07-04T10:46:51.493Z</time>
      </trkpt>
      <trkpt lat="46.489632" lon="13.763228">
        <ele>826.98</ele>
        <time>2026-07-04T10:47:05.174Z</time>
      </trkpt>
      <trkpt lat="46.489811" lon="13.762543">
        <ele>828.46</ele>
        <time>2026-07-04T10:47:16.940Z</time>
      </trkpt>
      <trkpt lat="46.489811" lon="13.762543">
        <ele>828.46</ele>
        <time>2026-07-04T10:47:16.940Z</time>
      </trkpt>
      <trkpt lat="46.490131" lon="13.761629">
        <ele>832.41</ele>
        <time>2026-07-04T10:47:33.407Z</time>
      </trkpt>
      <trkpt lat="46.490226" lon="13.761293">
        <ele>832.19</ele>
        <time>2026-07-04T10:47:39.240Z</time>
      </trkpt>
      <trkpt lat="46.490252" lon="13.761103">
        <ele>832.48</ele>
        <time>2026-07-04T10:47:42.107Z</time>
      </trkpt>
      <trkpt lat="46.490252" lon="13.761103">
        <ele>832.48</ele>
        <time>2026-07-04T10:47:42.107Z</time>
      </trkpt>
      <trkpt lat="46.49028" lon="13.760909">
        <ele>832.78</ele>
        <time>2026-07-04T10:47:45.040Z</time>
      </trkpt>
      <trkpt lat="46.490326" lon="13.760442">
        <ele>831.34</ele>
        <time>2026-07-04T10:47:51.845Z</time>
      </trkpt>
      <trkpt lat="46.490326" lon="13.760442">
        <ele>831.34</ele>
        <time>2026-07-04T10:47:51.845Z</time>
      </trkpt>
      <trkpt lat="46.490322" lon="13.760045">
        <ele>831.47</ele>
        <time>2026-07-04T10:47:57.572Z</time>
      </trkpt>
      <trkpt lat="46.490299" lon="13.759224">
        <ele>834.98</ele>
        <time>2026-07-04T10:48:09.425Z</time>
      </trkpt>
      <trkpt lat="46.490264" lon="13.757994">
        <ele>833.65</ele>
        <time>2026-07-04T10:48:27.184Z</time>
      </trkpt>
      <trkpt lat="46.490206" lon="13.756887">
        <ele>835.18</ele>
        <time>2026-07-04T10:48:42.859Z</time>
      </trkpt>
      <trkpt lat="46.490206" lon="13.756887">
        <ele>835.18</ele>
        <time>2026-07-04T10:48:42.859Z</time>
      </trkpt>
      <trkpt lat="46.490174" lon="13.756259">
        <ele>836.04</ele>
        <time>2026-07-04T10:48:51.750Z</time>
      </trkpt>
      <trkpt lat="46.490157" lon="13.755819">
        <ele>834.55</ele>
        <time>2026-07-04T10:48:57.972Z</time>
      </trkpt>
      <trkpt lat="46.490165" lon="13.755368">
        <ele>834.48</ele>
        <time>2026-07-04T10:49:04.341Z</time>
      </trkpt>
      <trkpt lat="46.490204" lon="13.754815">
        <ele>835</ele>
        <time>2026-07-04T10:49:11.773Z</time>
      </trkpt>
      <trkpt lat="46.490204" lon="13.754815">
        <ele>835</ele>
        <time>2026-07-04T10:49:11.773Z</time>
      </trkpt>
      <trkpt lat="46.490233" lon="13.754603">
        <ele>835</ele>
        <time>2026-07-04T10:49:14.662Z</time>
      </trkpt>
      <trkpt lat="46.490304" lon="13.754067">
        <ele>835.24</ele>
        <time>2026-07-04T10:49:21.959Z</time>
      </trkpt>
      <trkpt lat="46.490341" lon="13.753837">
        <ele>836</ele>
        <time>2026-07-04T10:49:25.117Z</time>
      </trkpt>
      <trkpt lat="46.490633" lon="13.752605">
        <ele>837</ele>
        <time>2026-07-04T10:49:42.538Z</time>
      </trkpt>
      <trkpt lat="46.490671" lon="13.752489">
        <ele>837.09</ele>
        <time>2026-07-04T10:49:44.255Z</time>
      </trkpt>
      <trkpt lat="46.490756" lon="13.751939">
        <ele>837.49</ele>
        <time>2026-07-04T10:49:51.791Z</time>
      </trkpt>
      <trkpt lat="46.49077" lon="13.751748">
        <ele>837.63</ele>
        <time>2026-07-04T10:49:54.359Z</time>
      </trkpt>
      <trkpt lat="46.490872" lon="13.750291">
        <ele>838.71</ele>
        <time>2026-07-04T10:50:13.939Z</time>
      </trkpt>
      <trkpt lat="46.490898" lon="13.750049">
        <ele>839.3</ele>
        <time>2026-07-04T10:50:17.213Z</time>
      </trkpt>
      <trkpt lat="46.491094" lon="13.746967">
        <ele>843.09</ele>
        <time>2026-07-04T10:50:58.595Z</time>
      </trkpt>
      <trkpt lat="46.49114" lon="13.746244">
        <ele>842.25</ele>
        <time>2026-07-04T10:51:08.302Z</time>
      </trkpt>
      <trkpt lat="46.491217" lon="13.744374">
        <ele>842.41</ele>
        <time>2026-07-04T10:51:33.348Z</time>
      </trkpt>
      <trkpt lat="46.49124073795974" lon="13.744375929236412">
        <ele>845.4000244140625</ele>
        <time>2026-07-04T10:51:33.809Z</time>
        <extensions>
          <gpxtpx:TrackPointExtension>
            <gpxtpx:atemp>30</gpxtpx:atemp>
            <gpxtpx:hr>172</gpxtpx:hr>
            <gpxtpx:cad>85</gpxtpx:cad>
          </gpxtpx:TrackPointExtension>
        </extensions>
      </trkpt>
      <trkpt lat="46.491241827607155" lon="13.744295295327902">
        <ele>845.4000244140625</ele>
        <time>2026-07-04T10:51:35.539Z</time>
        <extensions>
          <gpxtpx:TrackPointExtension>
            <gpxtpx:atemp>30</gpxtpx:atemp>
            <gpxtpx:hr>172</gpxtpx:hr>
            <gpxtpx:cad>86</gpxtpx:cad>
          </gpxtpx:TrackPointExtension>
        </extensions>
      </trkpt>
      <trkpt lat="46.49124291725457" lon="13.744215415790677">
        <ele>845.4000244140625</ele>
        <time>2026-07-04T10:51:36.539Z</time>
        <extensions>
          <gpxtpx:TrackPointExtension>
            <gpxtpx:atemp>30</gpxtpx:atemp>
            <gpxtpx:hr>172</gpxtpx:hr>
            <gpxtpx:cad>86</gpxtpx:cad>
          </gpxtpx:TrackPointExtension>
        </extensions>
      </trkpt>
      <trkpt lat="46.49124258197844" lon="13.744134614244103">
        <ele>845.4000244140625</ele>
        <time>2026-07-04T10:51:37.539Z</time>
        <extensions>
          <gpxtpx:TrackPointExtension>
            <gpxtpx:atemp>30</gpxtpx:atemp>
            <gpxtpx:hr>172</gpxtpx:hr>
            <gpxtpx:cad>86</gpxtpx:cad>
          </gpxtpx:TrackPointExtension>
        </extensions>
      </trkpt>
      <trkpt lat="46.491244342178106" lon="13.744054650887847">
        <ele>845.4000244140625</ele>
        <time>2026-07-04T10:51:38.539Z</time>
        <extensions>
          <gpxtpx:TrackPointExtension>
            <gpxtpx:atemp>30</gpxtpx:atemp>
            <gpxtpx:hr>172</gpxtpx:hr>
            <gpxtpx:cad>86</gpxtpx:cad>
          </gpxtpx:TrackPointExtension>
        </extensions>
      </trkpt>
      <trkpt lat="46.491246270015836" lon="13.743975777179003">
        <ele>845.4000244140625</ele>
        <time>2026-07-04T10:51:39.539Z</time>
        <extensions>
          <gpxtpx:TrackPointExtension>
            <gpxtpx:atemp>30</gpxtpx:atemp>
            <gpxtpx:hr>172</gpxtpx:hr>
            <gpxtpx:cad>86</gpxtpx:cad>
          </gpxtpx:TrackPointExtension>
        </extensions>
      </trkpt>
      <trkpt lat="46.49124534800649" lon="13.743895143270493">
        <ele>845.4000244140625</ele>
        <time>2026-07-04T10:51:40.539Z</time>
        <extensions>
          <gpxtpx:TrackPointExtension>
            <gpxtpx:atemp>30</gpxtpx:atemp>
            <gpxtpx:hr>172</gpxtpx:hr>
            <gpxtpx:cad>87</gpxtpx:cad>
          </gpxtpx:TrackPointExtension>
        </extensions>
      </trkpt>
      <trkpt lat="46.491247694939375" lon="13.743817107751966">
        <ele>845.5999755859375</ele>
        <time>2026-07-04T10:51:41.539Z</time>
        <extensions>
          <gpxtpx:TrackPointExtension>
            <gpxtpx:atemp>30</gpxtpx:atemp>
            <gpxtpx:hr>171</gpxtpx:hr>
            <gpxtpx:cad>87</gpxtpx:cad>
          </gpxtpx:TrackPointExtension>
        </extensions>
      </trkpt>
      <trkpt lat="46.4912498742342" lon="13.7437376473099">
        <ele>845.5999755859375</ele>
        <time>2026-07-04T10:51:42.539Z</time>
        <extensions>
          <gpxtpx:TrackPointExtension>
            <gpxtpx:atemp>30</gpxtpx:atemp>
            <gpxtpx:hr>171</gpxtpx:hr>
            <gpxtpx:cad>87</gpxtpx:cad>
          </gpxtpx:TrackPointExtension>
        </extensions>
      </trkpt>
      <trkpt lat="46.49125029332936" lon="13.743656259030104">
        <ele>845.5999755859375</ele>
        <time>2026-07-04T10:51:43.539Z</time>
        <extensions>
          <gpxtpx:TrackPointExtension>
            <gpxtpx:atemp>30</gpxtpx:atemp>
            <gpxtpx:hr>171</gpxtpx:hr>
            <gpxtpx:cad>87</gpxtpx:cad>
          </gpxtpx:TrackPointExtension>
        </extensions>
      </trkpt>
      <trkpt lat="46.49124836549163" lon="13.743589958176017">
        <ele>845.5999755859375</ele>
        <time>2026-07-04T10:51:44.539Z</time>
        <extensions>
          <gpxtpx:TrackPointExtension>
            <gpxtpx:atemp>30</gpxtpx:atemp>
            <gpxtpx:hr>171</gpxtpx:hr>
            <gpxtpx:cad>88</gpxtpx:cad>
          </gpxtpx:TrackPointExtension>
        </extensions>
      </trkpt>
      <trkpt lat="46.491244761273265" lon="13.74350806698203">
        <ele>845.5999755859375</ele>
        <time>2026-07-04T10:51:45.539Z</time>
        <extensions>
          <gpxtpx:TrackPointExtension>
            <gpxtpx:atemp>30</gpxtpx:atemp>
            <gpxtpx:hr>171</gpxtpx:hr>
            <gpxtpx:cad>87</gpxtpx:cad>
          </gpxtpx:TrackPointExtension>
        </extensions>
      </trkpt>
      <trkpt lat="46.491244342178106" lon="13.74341075308621">
        <ele>845.5999755859375</ele>
        <time>2026-07-04T10:51:46.539Z</time>
        <extensions>
          <gpxtpx:TrackPointExtension>
            <gpxtpx:atemp>30</gpxtpx:atemp>
            <gpxtpx:hr>171</gpxtpx:hr>
            <gpxtpx:cad>88</gpxtpx:cad>
          </gpxtpx:TrackPointExtension>
        </extensions>
      </trkpt>
      <trkpt lat="46.49124308489263" lon="13.743327772244811">
        <ele>845.7999877929688</ele>
        <time>2026-07-04T10:51:47.539Z</time>
        <extensions>
          <gpxtpx:TrackPointExtension>
            <gpxtpx:atemp>30</gpxtpx:atemp>
            <gpxtpx:hr>171</gpxtpx:hr>
            <gpxtpx:cad>88</gpxtpx:cad>
          </gpxtpx:TrackPointExtension>
        </extensions>
      </trkpt>
      <trkpt lat="46.491244342178106" lon="13.743247305974364">
        <ele>845.7999877929688</ele>
        <time>2026-07-04T10:51:48.539Z</time>
        <extensions>
          <gpxtpx:TrackPointExtension>
            <gpxtpx:atemp>30</gpxtpx:atemp>
            <gpxtpx:hr>170</gpxtpx:hr>
            <gpxtpx:cad>88</gpxtpx:cad>
          </gpxtpx:TrackPointExtension>
        </extensions>
      </trkpt>
      <trkpt lat="46.49124400690198" lon="13.743165750056505">
        <ele>845.7999877929688</ele>
        <time>2026-07-04T10:51:49.539Z</time>
        <extensions>
          <gpxtpx:TrackPointExtension>
            <gpxtpx:atemp>30</gpxtpx:atemp>
            <gpxtpx:hr>170</gpxtpx:hr>
            <gpxtpx:cad>89</gpxtpx:cad>
          </gpxtpx:TrackPointExtension>
        </extensions>
      </trkpt>
      <trkpt lat="46.4912430010736" lon="13.743084445595741">
        <ele>845.7999877929688</ele>
        <time>2026-07-04T10:51:50.539Z</time>
        <extensions>
          <gpxtpx:TrackPointExtension>
            <gpxtpx:atemp>30</gpxtpx:atemp>
            <gpxtpx:hr>170</gpxtpx:hr>
            <gpxtpx:cad>88</gpxtpx:cad>
          </gpxtpx:TrackPointExtension>
        </extensions>
      </trkpt>
      <trkpt lat="46.49124165996909" lon="13.74300079420209">
        <ele>845.7999877929688</ele>
        <time>2026-07-04T10:51:51.539Z</time>
        <extensions>
          <gpxtpx:TrackPointExtension>
            <gpxtpx:atemp>30</gpxtpx:atemp>
            <gpxtpx:hr>170</gpxtpx:hr>
            <gpxtpx:cad>89</gpxtpx:cad>
          </gpxtpx:TrackPointExtension>
        </extensions>
      </trkpt>
      <trkpt lat="46.49124048650265" lon="13.742916891351342">
        <ele>845.7999877929688</ele>
        <time>2026-07-04T10:51:52.539Z</time>
        <extensions>
          <gpxtpx:TrackPointExtension>
            <gpxtpx:atemp>30</gpxtpx:atemp>
            <gpxtpx:hr>170</gpxtpx:hr>
            <gpxtpx:cad>89</gpxtpx:cad>
          </gpxtpx:TrackPointExtension>
        </extensions>
      </trkpt>
      <trkpt lat="46.49123864248395" lon="13.742834832519293">
        <ele>845.7999877929688</ele>
        <time>2026-07-04T10:51:53.539Z</time>
        <extensions>
          <gpxtpx:TrackPointExtension>
            <gpxtpx:atemp>30</gpxtpx:atemp>
            <gpxtpx:hr>170</gpxtpx:hr>
            <gpxtpx:cad>89</gpxtpx:cad>
          </gpxtpx:TrackPointExtension>
        </extensions>
      </trkpt>
      <trkpt lat="46.49123218841851" lon="13.74275260604918">
        <ele>845.7999877929688</ele>
        <time>2026-07-04T10:51:54.539Z</time>
        <extensions>
          <gpxtpx:TrackPointExtension>
            <gpxtpx:atemp>30</gpxtpx:atemp>
            <gpxtpx:hr>170</gpxtpx:hr>
            <gpxtpx:cad>88</gpxtpx:cad>
          </gpxtpx:TrackPointExtension>
        </extensions>
      </trkpt>
      <trkpt lat="46.4912239741534" lon="13.742670295760036">
        <ele>845.5999755859375</ele>
        <time>2026-07-04T10:51:55.539Z</time>
        <extensions>
          <gpxtpx:TrackPointExtension>
            <gpxtpx:atemp>30</gpxtpx:atemp>
            <gpxtpx:hr>170</gpxtpx:hr>
            <gpxtpx:cad>87</gpxtpx:cad>
          </gpxtpx:TrackPointExtension>
        </extensions>
      </trkpt>
      <trkpt lat="46.49121575988829" lon="13.742589075118303">
        <ele>845.5999755859375</ele>
        <time>2026-07-04T10:51:56.539Z</time>
        <extensions>
          <gpxtpx:TrackPointExtension>
            <gpxtpx:atemp>30</gpxtpx:atemp>
            <gpxtpx:hr>170</gpxtpx:hr>
            <gpxtpx:cad>86</gpxtpx:cad>
          </gpxtpx:TrackPointExtension>
        </extensions>
      </trkpt>
      <trkpt lat="46.49121332913637" lon="13.742508860304952">
        <ele>845.7999877929688</ele>
        <time>2026-07-04T10:51:57.539Z</time>
        <extensions>
          <gpxtpx:TrackPointExtension>
            <gpxtpx:atemp>30</gpxtpx:atemp>
            <gpxtpx:hr>170</gpxtpx:hr>
            <gpxtpx:cad>86</gpxtpx:cad>
          </gpxtpx:TrackPointExtension>
        </extensions>
      </trkpt>
      <trkpt lat="46.49121039547026" lon="13.742428980767727">
        <ele>845.7999877929688</ele>
        <time>2026-07-04T10:51:58.539Z</time>
        <extensions>
          <gpxtpx:TrackPointExtension>
            <gpxtpx:atemp>30</gpxtpx:atemp>
            <gpxtpx:hr>170</gpxtpx:hr>
            <gpxtpx:cad>86</gpxtpx:cad>
          </gpxtpx:TrackPointExtension>
        </extensions>
      </trkpt>
      <trkpt lat="46.49120804853737" lon="13.742349604144692">
        <ele>845.7999877929688</ele>
        <time>2026-07-04T10:51:59.539Z</time>
        <extensions>
          <gpxtpx:TrackPointExtension>
            <gpxtpx:atemp>30</gpxtpx:atemp>
            <gpxtpx:hr>170</gpxtpx:hr>
            <gpxtpx:cad>86</gpxtpx:cad>
          </gpxtpx:TrackPointExtension>
        </extensions>
      </trkpt>
      <trkpt lat="46.49120536632836" lon="13.742268718779087">
        <ele>845.7999877929688</ele>
        <time>2026-07-04T10:52:00.539Z</time>
        <extensions>
          <gpxtpx:TrackPointExtension>
            <gpxtpx:atemp>30</gpxtpx:atemp>
            <gpxtpx:hr>170</gpxtpx:hr>
            <gpxtpx:cad>87</gpxtpx:cad>
          </gpxtpx:TrackPointExtension>
        </extensions>
      </trkpt>
      <trkpt lat="46.491200840100646" lon="13.742188168689609">
        <ele>846</ele>
        <time>2026-07-04T10:52:01.539Z</time>
        <extensions>
          <gpxtpx:TrackPointExtension>
            <gpxtpx:atemp>30</gpxtpx:atemp>
            <gpxtpx:hr>170</gpxtpx:hr>
            <gpxtpx:cad>88</gpxtpx:cad>
          </gpxtpx:TrackPointExtension>
        </extensions>
      </trkpt>
      <trkpt lat="46.49119379930198" lon="13.742107199504972">
        <ele>846</ele>
        <time>2026-07-04T10:52:02.539Z</time>
        <extensions>
          <gpxtpx:TrackPointExtension>
            <gpxtpx:atemp>30</gpxtpx:atemp>
            <gpxtpx:hr>170</gpxtpx:hr>
            <gpxtpx:cad>88</gpxtpx:cad>
          </gpxtpx:TrackPointExtension>
        </extensions>
      </trkpt>
      <trkpt lat="46.491188602522016" lon="13.74202354811132">
        <ele>845.7999877929688</ele>
        <time>2026-07-04T10:52:03.539Z</time>
        <extensions>
          <gpxtpx:TrackPointExtension>
            <gpxtpx:atemp>30</gpxtpx:atemp>
            <gpxtpx:hr>170</gpxtpx:hr>
            <gpxtpx:cad>89</gpxtpx:cad>
          </gpxtpx:TrackPointExtension>
        </extensions>
      </trkpt>
      <trkpt lat="46.491186087951064" lon="13.741945177316666">
        <ele>845.7999877929688</ele>
        <time>2026-07-04T10:52:04.539Z</time>
        <extensions>
          <gpxtpx:TrackPointExtension>
            <gpxtpx:atemp>30</gpxtpx:atemp>
            <gpxtpx:hr>170</gpxtpx:hr>
            <gpxtpx:cad>89</gpxtpx:cad>
          </gpxtpx:TrackPointExtension>
        </extensions>
      </trkpt>
      <trkpt lat="46.49118114262819" lon="13.741882229223847">
        <ele>845.7999877929688</ele>
        <time>2026-07-04T10:52:05.539Z</time>
        <extensions>
          <gpxtpx:TrackPointExtension>
            <gpxtpx:atemp>30</gpxtpx:atemp>
            <gpxtpx:hr>170</gpxtpx:hr>
            <gpxtpx:cad>89</gpxtpx:cad>
          </gpxtpx:TrackPointExtension>
        </extensions>
      </trkpt>
      <trkpt lat="46.49117309600115" lon="13.741782987490296">
        <ele>845.5999755859375</ele>
        <time>2026-07-04T10:52:06.539Z</time>
        <extensions>
          <gpxtpx:TrackPointExtension>
            <gpxtpx:atemp>30</gpxtpx:atemp>
            <gpxtpx:hr>170</gpxtpx:hr>
            <gpxtpx:cad>89</gpxtpx:cad>
          </gpxtpx:TrackPointExtension>
        </extensions>
      </trkpt>
      <trkpt lat="46.49116773158312" lon="13.741703778505325">
        <ele>845.5999755859375</ele>
        <time>2026-07-04T10:52:07.539Z</time>
        <extensions>
          <gpxtpx:TrackPointExtension>
            <gpxtpx:atemp>30</gpxtpx:atemp>
            <gpxtpx:hr>170</gpxtpx:hr>
            <gpxtpx:cad>89</gpxtpx:cad>
          </gpxtpx:TrackPointExtension>
        </extensions>
      </trkpt>
      <trkpt lat="46.49116328917444" lon="13.741624653339386">
        <ele>845.5999755859375</ele>
        <time>2026-07-04T10:52:08.539Z</time>
        <extensions>
          <gpxtpx:TrackPointExtension>
            <gpxtpx:atemp>30</gpxtpx:atemp>
            <gpxtpx:hr>170</gpxtpx:hr>
            <gpxtpx:cad>89</gpxtpx:cad>
          </gpxtpx:TrackPointExtension>
        </extensions>
      </trkpt>
      <trkpt lat="46.4911584276706" lon="13.741545444354415">
        <ele>845.5999755859375</ele>
        <time>2026-07-04T10:52:09.539Z</time>
        <extensions>
          <gpxtpx:TrackPointExtension>
            <gpxtpx:atemp>30</gpxtpx:atemp>
            <gpxtpx:hr>170</gpxtpx:hr>
            <gpxtpx:cad>90</gpxtpx:cad>
          </gpxtpx:TrackPointExtension>
        </extensions>
      </trkpt>
      <trkpt lat="46.49115080013871" lon="13.741478053852916">
        <ele>845.5999755859375</ele>
        <time>2026-07-04T10:52:10.539Z</time>
        <extensions>
          <gpxtpx:TrackPointExtension>
            <gpxtpx:atemp>30</gpxtpx:atemp>
            <gpxtpx:hr>170</gpxtpx:hr>
            <gpxtpx:cad>91</gpxtpx:cad>
          </gpxtpx:TrackPointExtension>
        </extensions>
      </trkpt>
      <trkpt lat="46.49113713763654" lon="13.741375207901001">
        <ele>845.5999755859375</ele>
        <time>2026-07-04T10:52:11.539Z</time>
        <extensions>
          <gpxtpx:TrackPointExtension>
            <gpxtpx:atemp>30</gpxtpx:atemp>
            <gpxtpx:hr>170</gpxtpx:hr>
            <gpxtpx:cad>92</gpxtpx:cad>
          </gpxtpx:TrackPointExtension>
        </extensions>
      </trkpt>
      <trkpt lat="46.49112389422953" lon="13.74128870666027">
        <ele>845.5999755859375</ele>
        <time>2026-07-04T10:52:12.539Z</time>
        <extensions>
          <gpxtpx:TrackPointExtension>
            <gpxtpx:atemp>31</gpxtpx:atemp>
            <gpxtpx:hr>170</gpxtpx:hr>
            <gpxtpx:cad>92</gpxtpx:cad>
          </gpxtpx:TrackPointExtension>
        </extensions>
      </trkpt>
      <trkpt lat="46.49111174046993" lon="13.741199690848589">
        <ele>845.5999755859375</ele>
        <time>2026-07-04T10:52:13.539Z</time>
        <extensions>
          <gpxtpx:TrackPointExtension>
            <gpxtpx:atemp>30</gpxtpx:atemp>
            <gpxtpx:hr>170</gpxtpx:hr>
            <gpxtpx:cad>94</gpxtpx:cad>
          </gpxtpx:TrackPointExtension>
        </extensions>
      </trkpt>
      <trkpt lat="46.49110168218613" lon="13.741126349195838">
        <ele>845.5999755859375</ele>
        <time>2026-07-04T10:52:14.539Z</time>
        <extensions>
          <gpxtpx:TrackPointExtension>
            <gpxtpx:atemp>31</gpxtpx:atemp>
            <gpxtpx:hr>170</gpxtpx:hr>
            <gpxtpx:cad>96</gpxtpx:cad>
          </gpxtpx:TrackPointExtension>
        </extensions>
      </trkpt>
      <trkpt lat="46.49108952842653" lon="13.741018725559115">
        <ele>845.4000244140625</ele>
        <time>2026-07-04T10:52:15.539Z</time>
        <extensions>
          <gpxtpx:TrackPointExtension>
            <gpxtpx:atemp>31</gpxtpx:atemp>
            <gpxtpx:hr>170</gpxtpx:hr>
            <gpxtpx:cad>97</gpxtpx:cad>
          </gpxtpx:TrackPointExtension>
        </extensions>
      </trkpt>
      <trkpt lat="46.49107972159982" lon="13.740930296480656">
        <ele>845.4000244140625</ele>
        <time>2026-07-04T10:52:16.539Z</time>
        <extensions>
          <gpxtpx:TrackPointExtension>
            <gpxtpx:atemp>30</gpxtpx:atemp>
            <gpxtpx:hr>170</gpxtpx:hr>
            <gpxtpx:cad>95</gpxtpx:cad>
          </gpxtpx:TrackPointExtension>
        </extensions>
      </trkpt>
      <trkpt lat="46.49107192642987" lon="13.740847064182162">
        <ele>845.2000122070312</ele>
        <time>2026-07-04T10:52:17.539Z</time>
        <extensions>
          <gpxtpx:TrackPointExtension>
            <gpxtpx:atemp>30</gpxtpx:atemp>
            <gpxtpx:hr>169</gpxtpx:hr>
            <gpxtpx:cad>94</gpxtpx:cad>
          </gpxtpx:TrackPointExtension>
        </extensions>
      </trkpt>
      <trkpt lat="46.491062538698316" lon="13.740764250978827">
        <ele>845.2000122070312</ele>
        <time>2026-07-04T10:52:18.539Z</time>
        <extensions>
          <gpxtpx:TrackPointExtension>
            <gpxtpx:atemp>31</gpxtpx:atemp>
            <gpxtpx:hr>169</gpxtpx:hr>
            <gpxtpx:cad>93</gpxtpx:cad>
          </gpxtpx:TrackPointExtension>
        </extensions>
      </trkpt>
      <trkpt lat="46.49104971438646" lon="13.740677833557129">
        <ele>845.2000122070312</ele>
        <time>2026-07-04T10:52:19.539Z</time>
        <extensions>
          <gpxtpx:TrackPointExtension>
            <gpxtpx:atemp>30</gpxtpx:atemp>
            <gpxtpx:hr>169</gpxtpx:hr>
            <gpxtpx:cad>92</gpxtpx:cad>
          </gpxtpx:TrackPointExtension>
        </extensions>
      </trkpt>
      <trkpt lat="46.4910392370075" lon="13.74061144888401">
        <ele>845.2000122070312</ele>
        <time>2026-07-04T10:52:20.539Z</time>
        <extensions>
          <gpxtpx:TrackPointExtension>
            <gpxtpx:atemp>30</gpxtpx:atemp>
            <gpxtpx:hr>169</gpxtpx:hr>
            <gpxtpx:cad>93</gpxtpx:cad>
          </gpxtpx:TrackPointExtension>
        </extensions>
      </trkpt>
      <trkpt lat="46.49102741852403" lon="13.740517403930426">
        <ele>845.2000122070312</ele>
        <time>2026-07-04T10:52:21.539Z</time>
        <extensions>
          <gpxtpx:TrackPointExtension>
            <gpxtpx:atemp>30</gpxtpx:atemp>
            <gpxtpx:hr>169</gpxtpx:hr>
            <gpxtpx:cad>92</gpxtpx:cad>
          </gpxtpx:TrackPointExtension>
        </extensions>
      </trkpt>
      <trkpt lat="46.491019455716014" lon="13.740439116954803">
        <ele>845.2000122070312</ele>
        <time>2026-07-04T10:52:22.539Z</time>
        <extensions>
          <gpxtpx:TrackPointExtension>
            <gpxtpx:atemp>31</gpxtpx:atemp>
            <gpxtpx:hr>169</gpxtpx:hr>
            <gpxtpx:cad>92</gpxtpx:cad>
          </gpxtpx:TrackPointExtension>
        </extensions>
      </trkpt>
      <trkpt lat="46.49100981652737" lon="13.7403598241508">
        <ele>845.2000122070312</ele>
        <time>2026-07-04T10:52:23.539Z</time>
        <extensions>
          <gpxtpx:TrackPointExtension>
            <gpxtpx:atemp>31</gpxtpx:atemp>
            <gpxtpx:hr>169</gpxtpx:hr>
            <gpxtpx:cad>91</gpxtpx:cad>
          </gpxtpx:TrackPointExtension>
        </extensions>
      </trkpt>
      <trkpt lat="46.49099280126393" lon="13.74027382582426">
        <ele>845.2000122070312</ele>
        <time>2026-07-04T10:52:24.539Z</time>
        <extensions>
          <gpxtpx:TrackPointExtension>
            <gpxtpx:atemp>31</gpxtpx:atemp>
            <gpxtpx:hr>169</gpxtpx:hr>
            <gpxtpx:cad>90</gpxtpx:cad>
          </gpxtpx:TrackPointExtension>
        </extensions>
      </trkpt>
      <trkpt lat="46.49097955785692" lon="13.74019025824964">
        <ele>845.2000122070312</ele>
        <time>2026-07-04T10:52:25.539Z</time>
        <extensions>
          <gpxtpx:TrackPointExtension>
            <gpxtpx:atemp>30</gpxtpx:atemp>
            <gpxtpx:hr>168</gpxtpx:hr>
            <gpxtpx:cad>89</gpxtpx:cad>
          </gpxtpx:TrackPointExtension>
        </extensions>
      </trkpt>
      <trkpt lat="46.49096807464957" lon="13.740124963223934">
        <ele>845.2000122070312</ele>
        <time>2026-07-04T10:52:26.539Z</time>
        <extensions>
          <gpxtpx:TrackPointExtension>
            <gpxtpx:atemp>30</gpxtpx:atemp>
            <gpxtpx:hr>168</gpxtpx:hr>
            <gpxtpx:cad>88</gpxtpx:cad>
          </gpxtpx:TrackPointExtension>
        </extensions>
      </trkpt>
      <trkpt lat="46.49095432832837" lon="13.740044916048646">
        <ele>845.2000122070312</ele>
        <time>2026-07-04T10:52:27.539Z</time>
        <extensions>
          <gpxtpx:TrackPointExtension>
            <gpxtpx:atemp>31</gpxtpx:atemp>
            <gpxtpx:hr>168</gpxtpx:hr>
            <gpxtpx:cad>86</gpxtpx:cad>
          </gpxtpx:TrackPointExtension>
        </extensions>
      </trkpt>
      <trkpt lat="46.490938821807504" lon="13.739951960742474">
        <ele>845.2000122070312</ele>
        <time>2026-07-04T10:52:28.539Z</time>
        <extensions>
          <gpxtpx:TrackPointExtension>
            <gpxtpx:atemp>31</gpxtpx:atemp>
            <gpxtpx:hr>168</gpxtpx:hr>
            <gpxtpx:cad>86</gpxtpx:cad>
          </gpxtpx:TrackPointExtension>
        </extensions>
      </trkpt>
      <trkpt lat="46.49092490784824" lon="13.739874763414264">
        <ele>845.4000244140625</ele>
        <time>2026-07-04T10:52:29.539Z</time>
        <extensions>
          <gpxtpx:TrackPointExtension>
            <gpxtpx:atemp>31</gpxtpx:atemp>
            <gpxtpx:hr>168</gpxtpx:hr>
            <gpxtpx:cad>87</gpxtpx:cad>
          </gpxtpx:TrackPointExtension>
        </extensions>
      </trkpt>
      <trkpt lat="46.490911580622196" lon="13.73980955220759">
        <ele>845.2000122070312</ele>
        <time>2026-07-04T10:52:30.539Z</time>
        <extensions>
          <gpxtpx:TrackPointExtension>
            <gpxtpx:atemp>31</gpxtpx:atemp>
            <gpxtpx:hr>168</gpxtpx:hr>
            <gpxtpx:cad>87</gpxtpx:cad>
          </gpxtpx:TrackPointExtension>
        </extensions>
      </trkpt>
      <trkpt lat="46.49089062586427" lon="13.739712489768863">
        <ele>845.4000244140625</ele>
        <time>2026-07-04T10:52:31.539Z</time>
        <extensions>
          <gpxtpx:TrackPointExtension>
            <gpxtpx:atemp>31</gpxtpx:atemp>
            <gpxtpx:hr>167</gpxtpx:hr>
            <gpxtpx:cad>87</gpxtpx:cad>
          </gpxtpx:TrackPointExtension>
        </extensions>
      </trkpt>
      <trkpt lat="46.49087897501886" lon="13.739646021276712">
        <ele>845.4000244140625</ele>
        <time>2026-07-04T10:52:32.539Z</time>
        <extensions>
          <gpxtpx:TrackPointExtension>
            <gpxtpx:atemp>31</gpxtpx:atemp>
            <gpxtpx:hr>168</gpxtpx:hr>
            <gpxtpx:cad>86</gpxtpx:cad>
          </gpxtpx:TrackPointExtension>
        </extensions>
      </trkpt>
      <trkpt lat="46.49086195975542" lon="13.739549964666367">
        <ele>845.4000244140625</ele>
        <time>2026-07-04T10:52:33.539Z</time>
        <extensions>
          <gpxtpx:TrackPointExtension>
            <gpxtpx:atemp>31</gpxtpx:atemp>
            <gpxtpx:hr>167</gpxtpx:hr>
            <gpxtpx:cad>86</gpxtpx:cad>
          </gpxtpx:TrackPointExtension>
        </extensions>
      </trkpt>
      <trkpt lat="46.49084838107228" lon="13.739470671862364">
        <ele>845.4000244140625</ele>
        <time>2026-07-04T10:52:34.539Z</time>
        <extensions>
          <gpxtpx:TrackPointExtension>
            <gpxtpx:atemp>31</gpxtpx:atemp>
            <gpxtpx:hr>168</gpxtpx:hr>
            <gpxtpx:cad>86</gpxtpx:cad>
          </gpxtpx:TrackPointExtension>
        </extensions>
      </trkpt>
      <trkpt lat="46.4908352214843" lon="13.73939179815352">
        <ele>845.5999755859375</ele>
        <time>2026-07-04T10:52:35.539Z</time>
        <extensions>
          <gpxtpx:TrackPointExtension>
            <gpxtpx:atemp>31</gpxtpx:atemp>
            <gpxtpx:hr>168</gpxtpx:hr>
            <gpxtpx:cad>85</gpxtpx:cad>
          </gpxtpx:TrackPointExtension>
        </extensions>
      </trkpt>
      <trkpt lat="46.49082373827696" lon="13.739315355196595">
        <ele>845.5999755859375</ele>
        <time>2026-07-04T10:52:36.539Z</time>
        <extensions>
          <gpxtpx:TrackPointExtension>
            <gpxtpx:atemp>31</gpxtpx:atemp>
            <gpxtpx:hr>168</gpxtpx:hr>
            <gpxtpx:cad>85</gpxtpx:cad>
          </gpxtpx:TrackPointExtension>
        </extensions>
      </trkpt>
      <trkpt lat="46.4908111654222" lon="13.739240756258368">
        <ele>845.7999877929688</ele>
        <time>2026-07-04T10:52:37.539Z</time>
        <extensions>
          <gpxtpx:TrackPointExtension>
            <gpxtpx:atemp>31</gpxtpx:atemp>
            <gpxtpx:hr>169</gpxtpx:hr>
            <gpxtpx:cad>84</gpxtpx:cad>
          </gpxtpx:TrackPointExtension>
        </extensions>
      </trkpt>
      <trkpt lat="46.4908024482429" lon="13.73918317258358">
        <ele>846</ele>
        <time>2026-07-04T10:52:38.539Z</time>
        <extensions>
          <gpxtpx:TrackPointExtension>
            <gpxtpx:atemp>31</gpxtpx:atemp>
            <gpxtpx:hr>169</gpxtpx:hr>
            <gpxtpx:cad>83</gpxtpx:cad>
          </gpxtpx:TrackPointExtension>
        </extensions>
      </trkpt>
      <trkpt lat="46.490787947550416" lon="13.739093486219645">
        <ele>846</ele>
        <time>2026-07-04T10:52:39.539Z</time>
        <extensions>
          <gpxtpx:TrackPointExtension>
            <gpxtpx:atemp>31</gpxtpx:atemp>
            <gpxtpx:hr>170</gpxtpx:hr>
            <gpxtpx:cad>83</gpxtpx:cad>
          </gpxtpx:TrackPointExtension>
        </extensions>
      </trkpt>
      <trkpt lat="46.49077403359115" lon="13.73901754617691">
        <ele>846.2000122070312</ele>
        <time>2026-07-04T10:52:40.539Z</time>
        <extensions>
          <gpxtpx:TrackPointExtension>
            <gpxtpx:atemp>31</gpxtpx:atemp>
            <gpxtpx:hr>170</gpxtpx:hr>
            <gpxtpx:cad>83</gpxtpx:cad>
          </gpxtpx:TrackPointExtension>
        </extensions>
      </trkpt>
      <trkpt lat="46.49075685068965" lon="13.738941103219986">
        <ele>846.2000122070312</ele>
        <time>2026-07-04T10:52:41.539Z</time>
        <extensions>
          <gpxtpx:TrackPointExtension>
            <gpxtpx:atemp>31</gpxtpx:atemp>
            <gpxtpx:hr>171</gpxtpx:hr>
            <gpxtpx:cad>92</gpxtpx:cad>
          </gpxtpx:TrackPointExtension>
        </extensions>
      </trkpt>
      <trkpt lat="46.490739583969116" lon="13.738870527595282">
        <ele>846.2000122070312</ele>
        <time>2026-07-04T10:52:42.539Z</time>
        <extensions>
          <gpxtpx:TrackPointExtension>
            <gpxtpx:atemp>31</gpxtpx:atemp>
            <gpxtpx:hr>171</gpxtpx:hr>
            <gpxtpx:cad>93</gpxtpx:cad>
          </gpxtpx:TrackPointExtension>
        </extensions>
      </trkpt>
      <trkpt lat="46.490721898153424" lon="13.738801628351212">
        <ele>846</ele>
        <time>2026-07-04T10:52:43.539Z</time>
        <extensions>
          <gpxtpx:TrackPointExtension>
            <gpxtpx:atemp>31</gpxtpx:atemp>
            <gpxtpx:hr>171</gpxtpx:hr>
            <gpxtpx:cad>91</gpxtpx:cad>
          </gpxtpx:TrackPointExtension>
        </extensions>
      </trkpt>
      <trkpt lat="46.49070521816611" lon="13.738731807097793">
        <ele>846</ele>
        <time>2026-07-04T10:52:44.539Z</time>
        <extensions>
          <gpxtpx:TrackPointExtension>
            <gpxtpx:atemp>31</gpxtpx:atemp>
            <gpxtpx:hr>172</gpxtpx:hr>
            <gpxtpx:cad>88</gpxtpx:cad>
          </gpxtpx:TrackPointExtension>
        </extensions>
      </trkpt>
      <trkpt lat="46.490691136568785" lon="13.73866282403469">
        <ele>846</ele>
        <time>2026-07-04T10:52:45.539Z</time>
        <extensions>
          <gpxtpx:TrackPointExtension>
            <gpxtpx:atemp>31</gpxtpx:atemp>
            <gpxtpx:hr>172</gpxtpx:hr>
            <gpxtpx:cad>88</gpxtpx:cad>
          </gpxtpx:TrackPointExtension>
        </extensions>
      </trkpt>
      <trkpt lat="46.49068158119917" lon="13.73859685845673">
        <ele>846.2000122070312</ele>
        <time>2026-07-04T10:52:46.539Z</time>
        <extensions>
          <gpxtpx:TrackPointExtension>
            <gpxtpx:atemp>31</gpxtpx:atemp>
            <gpxtpx:hr>172</gpxtpx:hr>
            <gpxtpx:cad>85</gpxtpx:cad>
          </gpxtpx:TrackPointExtension>
        </extensions>
      </trkpt>
      <trkpt lat="46.49067428894341" lon="13.738545645028353">
        <ele>846.2000122070312</ele>
        <time>2026-07-04T10:52:47.539Z</time>
        <extensions>
          <gpxtpx:TrackPointExtension>
            <gpxtpx:atemp>31</gpxtpx:atemp>
            <gpxtpx:hr>172</gpxtpx:hr>
            <gpxtpx:cad>85</gpxtpx:cad>
          </gpxtpx:TrackPointExtension>
        </extensions>
      </trkpt>
      <trkpt lat="46.490664314478636" lon="13.738480350002646">
        <ele>846.2000122070312</ele>
        <time>2026-07-04T10:52:48.539Z</time>
        <extensions>
          <gpxtpx:TrackPointExtension>
            <gpxtpx:atemp>31</gpxtpx:atemp>
            <gpxtpx:hr>172</gpxtpx:hr>
            <gpxtpx:cad>85</gpxtpx:cad>
          </gpxtpx:TrackPointExtension>
        </extensions>
      </trkpt>
      <trkpt lat="46.49065098725259" lon="13.738403152674437">
        <ele>846.4000244140625</ele>
        <time>2026-07-04T10:52:49.539Z</time>
        <extensions>
          <gpxtpx:TrackPointExtension>
            <gpxtpx:atemp>31</gpxtpx:atemp>
            <gpxtpx:hr>172</gpxtpx:hr>
            <gpxtpx:cad>86</gpxtpx:cad>
          </gpxtpx:TrackPointExtension>
        </extensions>
      </trkpt>
      <trkpt lat="46.49063874967396" lon="13.738337103277445">
        <ele>846.5999755859375</ele>
        <time>2026-07-04T10:52:50.539Z</time>
        <extensions>
          <gpxtpx:TrackPointExtension>
            <gpxtpx:atemp>31</gpxtpx:atemp>
            <gpxtpx:hr>172</gpxtpx:hr>
            <gpxtpx:cad>87</gpxtpx:cad>
          </gpxtpx:TrackPointExtension>
        </extensions>
      </trkpt>
      <trkpt lat="46.49062592536211" lon="13.738268623128533">
        <ele>846.5999755859375</ele>
        <time>2026-07-04T10:52:51.539Z</time>
        <extensions>
          <gpxtpx:TrackPointExtension>
            <gpxtpx:atemp>31</gpxtpx:atemp>
            <gpxtpx:hr>172</gpxtpx:hr>
            <gpxtpx:cad>87</gpxtpx:cad>
          </gpxtpx:TrackPointExtension>
        </extensions>
      </trkpt>
      <trkpt lat="46.49061326868832" lon="13.738202238455415">
        <ele>846.5999755859375</ele>
        <time>2026-07-04T10:52:52.539Z</time>
        <extensions>
          <gpxtpx:TrackPointExtension>
            <gpxtpx:atemp>31</gpxtpx:atemp>
            <gpxtpx:hr>172</gpxtpx:hr>
            <gpxtpx:cad>87</gpxtpx:cad>
          </gpxtpx:TrackPointExtension>
        </extensions>
      </trkpt>
      <trkpt lat="46.49060111492872" lon="13.738134512677789">
        <ele>846.7999877929688</ele>
        <time>2026-07-04T10:52:53.539Z</time>
        <extensions>
          <gpxtpx:TrackPointExtension>
            <gpxtpx:atemp>31</gpxtpx:atemp>
            <gpxtpx:hr>172</gpxtpx:hr>
            <gpxtpx:cad>87</gpxtpx:cad>
          </gpxtpx:TrackPointExtension>
        </extensions>
      </trkpt>
      <trkpt lat="46.49058778770268" lon="13.738068547099829">
        <ele>846.7999877929688</ele>
        <time>2026-07-04T10:52:54.539Z</time>
        <extensions>
          <gpxtpx:TrackPointExtension>
            <gpxtpx:atemp>31</gpxtpx:atemp>
            <gpxtpx:hr>172</gpxtpx:hr>
            <gpxtpx:cad>87</gpxtpx:cad>
          </gpxtpx:TrackPointExtension>
        </extensions>
      </trkpt>
      <trkpt lat="46.490571862086654" lon="13.73800216242671">
        <ele>846.7999877929688</ele>
        <time>2026-07-04T10:52:55.539Z</time>
        <extensions>
          <gpxtpx:TrackPointExtension>
            <gpxtpx:atemp>31</gpxtpx:atemp>
            <gpxtpx:hr>172</gpxtpx:hr>
            <gpxtpx:cad>89</gpxtpx:cad>
          </gpxtpx:TrackPointExtension>
        </extensions>
      </trkpt>
      <trkpt lat="46.49056004360318" lon="13.737940303981304">
        <ele>846.7999877929688</ele>
        <time>2026-07-04T10:52:56.539Z</time>
        <extensions>
          <gpxtpx:TrackPointExtension>
            <gpxtpx:atemp>31</gpxtpx:atemp>
            <gpxtpx:hr>172</gpxtpx:hr>
            <gpxtpx:cad>89</gpxtpx:cad>
          </gpxtpx:TrackPointExtension>
        </extensions>
      </trkpt>
      <trkpt lat="46.4905505720526" lon="13.737877607345581">
        <ele>846.7999877929688</ele>
        <time>2026-07-04T10:52:57.539Z</time>
        <extensions>
          <gpxtpx:TrackPointExtension>
            <gpxtpx:atemp>31</gpxtpx:atemp>
            <gpxtpx:hr>172</gpxtpx:hr>
            <gpxtpx:cad>88</gpxtpx:cad>
          </gpxtpx:TrackPointExtension>
        </extensions>
      </trkpt>
      <trkpt lat="46.49054084904492" lon="13.737815665081143">
        <ele>846.7999877929688</ele>
        <time>2026-07-04T10:52:58.539Z</time>
        <extensions>
          <gpxtpx:TrackPointExtension>
            <gpxtpx:atemp>31</gpxtpx:atemp>
            <gpxtpx:hr>172</gpxtpx:hr>
            <gpxtpx:cad>89</gpxtpx:cad>
          </gpxtpx:TrackPointExtension>
        </extensions>
      </trkpt>
      <trkpt lat="46.49052416905761" lon="13.737743999809027">
        <ele>846.7999877929688</ele>
        <time>2026-07-04T10:52:59.539Z</time>
        <extensions>
          <gpxtpx:TrackPointExtension>
            <gpxtpx:atemp>31</gpxtpx:atemp>
            <gpxtpx:hr>172</gpxtpx:hr>
            <gpxtpx:cad>90</gpxtpx:cad>
          </gpxtpx:TrackPointExtension>
        </extensions>
      </trkpt>
      <trkpt lat="46.49050799198449" lon="13.737670490518212">
        <ele>846.7999877929688</ele>
        <time>2026-07-04T10:53:00.539Z</time>
        <extensions>
          <gpxtpx:TrackPointExtension>
            <gpxtpx:atemp>31</gpxtpx:atemp>
            <gpxtpx:hr>172</gpxtpx:hr>
            <gpxtpx:cad>90</gpxtpx:cad>
          </gpxtpx:TrackPointExtension>
        </extensions>
      </trkpt>
      <trkpt lat="46.49049290455878" lon="13.737597316503525">
        <ele>846.7999877929688</ele>
        <time>2026-07-04T10:53:01.539Z</time>
        <extensions>
          <gpxtpx:TrackPointExtension>
            <gpxtpx:atemp>31</gpxtpx:atemp>
            <gpxtpx:hr>172</gpxtpx:hr>
            <gpxtpx:cad>89</gpxtpx:cad>
          </gpxtpx:TrackPointExtension>
        </extensions>
      </trkpt>
      <trkpt lat="46.49047873914242" lon="13.73752816580236">
        <ele>846.7999877929688</ele>
        <time>2026-07-04T10:53:02.539Z</time>
        <extensions>
          <gpxtpx:TrackPointExtension>
            <gpxtpx:atemp>31</gpxtpx:atemp>
            <gpxtpx:hr>172</gpxtpx:hr>
            <gpxtpx:cad>89</gpxtpx:cad>
          </gpxtpx:TrackPointExtension>
        </extensions>
      </trkpt>
      <trkpt lat="46.49046465754509" lon="13.737461194396019">
        <ele>846.7999877929688</ele>
        <time>2026-07-04T10:53:03.539Z</time>
        <extensions>
          <gpxtpx:TrackPointExtension>
            <gpxtpx:atemp>31</gpxtpx:atemp>
            <gpxtpx:hr>172</gpxtpx:hr>
            <gpxtpx:cad>89</gpxtpx:cad>
          </gpxtpx:TrackPointExtension>
        </extensions>
      </trkpt>
      <trkpt lat="46.490449234843254" lon="13.737393636256456">
        <ele>846.7999877929688</ele>
        <time>2026-07-04T10:53:04.539Z</time>
        <extensions>
          <gpxtpx:TrackPointExtension>
            <gpxtpx:atemp>31</gpxtpx:atemp>
            <gpxtpx:hr>172</gpxtpx:hr>
            <gpxtpx:cad>89</gpxtpx:cad>
          </gpxtpx:TrackPointExtension>
        </extensions>
      </trkpt>
      <trkpt lat="46.490432219579816" lon="13.737325659021735">
        <ele>847</ele>
        <time>2026-07-04T10:53:05.539Z</time>
        <extensions>
          <gpxtpx:TrackPointExtension>
            <gpxtpx:atemp>31</gpxtpx:atemp>
            <gpxtpx:hr>172</gpxtpx:hr>
            <gpxtpx:cad>89</gpxtpx:cad>
          </gpxtpx:TrackPointExtension>
        </extensions>
      </trkpt>
      <trkpt lat="46.49041662923992" lon="13.73725944198668">
        <ele>847</ele>
        <time>2026-07-04T10:53:06.539Z</time>
        <extensions>
          <gpxtpx:TrackPointExtension>
            <gpxtpx:atemp>31</gpxtpx:atemp>
            <gpxtpx:hr>172</gpxtpx:hr>
            <gpxtpx:cad>88</gpxtpx:cad>
          </gpxtpx:TrackPointExtension>
        </extensions>
      </trkpt>
      <trkpt lat="46.49040212854743" lon="13.737194063141942">
        <ele>847</ele>
        <time>2026-07-04T10:53:07.539Z</time>
        <extensions>
          <gpxtpx:TrackPointExtension>
            <gpxtpx:atemp>31</gpxtpx:atemp>
            <gpxtpx:hr>172</gpxtpx:hr>
            <gpxtpx:cad>88</gpxtpx:cad>
          </gpxtpx:TrackPointExtension>
        </extensions>
      </trkpt>
      <trkpt lat="46.49038469418883" lon="13.73712608590722">
        <ele>847</ele>
        <time>2026-07-04T10:53:08.539Z</time>
        <extensions>
          <gpxtpx:TrackPointExtension>
            <gpxtpx:atemp>31</gpxtpx:atemp>
            <gpxtpx:hr>172</gpxtpx:hr>
            <gpxtpx:cad>88</gpxtpx:cad>
          </gpxtpx:TrackPointExtension>
        </extensions>
      </trkpt>
      <trkpt lat="46.490367678925395" lon="13.737059030681849">
        <ele>847.2000122070312</ele>
        <time>2026-07-04T10:53:09.539Z</time>
        <extensions>
          <gpxtpx:TrackPointExtension>
            <gpxtpx:atemp>31</gpxtpx:atemp>
            <gpxtpx:hr>171</gpxtpx:hr>
            <gpxtpx:cad>89</gpxtpx:cad>
          </gpxtpx:TrackPointExtension>
        </extensions>
      </trkpt>
      <trkpt lat="46.490354016423225" lon="13.736992729827762">
        <ele>847.2000122070312</ele>
        <time>2026-07-04T10:53:10.539Z</time>
        <extensions>
          <gpxtpx:TrackPointExtension>
            <gpxtpx:atemp>31</gpxtpx:atemp>
            <gpxtpx:hr>171</gpxtpx:hr>
            <gpxtpx:cad>89</gpxtpx:cad>
          </gpxtpx:TrackPointExtension>
        </extensions>
      </trkpt>
      <trkpt lat="46.49034203030169" lon="13.736926009878516">
        <ele>847.2000122070312</ele>
        <time>2026-07-04T10:53:11.539Z</time>
        <extensions>
          <gpxtpx:TrackPointExtension>
            <gpxtpx:atemp>31</gpxtpx:atemp>
            <gpxtpx:hr>171</gpxtpx:hr>
            <gpxtpx:cad>90</gpxtpx:cad>
          </gpxtpx:TrackPointExtension>
        </extensions>
      </trkpt>
      <trkpt lat="46.490326607599854" lon="13.736855518072844">
        <ele>847.2000122070312</ele>
        <time>2026-07-04T10:53:12.539Z</time>
        <extensions>
          <gpxtpx:TrackPointExtension>
            <gpxtpx:atemp>31</gpxtpx:atemp>
            <gpxtpx:hr>171</gpxtpx:hr>
            <gpxtpx:cad>90</gpxtpx:cad>
          </gpxtpx:TrackPointExtension>
        </extensions>
      </trkpt>
      <trkpt lat="46.49031369946897" lon="13.736789803951979">
        <ele>847.2000122070312</ele>
        <time>2026-07-04T10:53:13.539Z</time>
        <extensions>
          <gpxtpx:TrackPointExtension>
            <gpxtpx:atemp>31</gpxtpx:atemp>
            <gpxtpx:hr>171</gpxtpx:hr>
            <gpxtpx:cad>89</gpxtpx:cad>
          </gpxtpx:TrackPointExtension>
        </extensions>
      </trkpt>
      <trkpt lat="46.49029852822423" lon="13.736724257469177">
        <ele>847.2000122070312</ele>
        <time>2026-07-04T10:53:14.539Z</time>
        <extensions>
          <gpxtpx:TrackPointExtension>
            <gpxtpx:atemp>31</gpxtpx:atemp>
            <gpxtpx:hr>170</gpxtpx:hr>
            <gpxtpx:cad>88</gpxtpx:cad>
          </gpxtpx:TrackPointExtension>
        </extensions>
      </trkpt>
      <trkpt lat="46.49028344079852" lon="13.736657537519932">
        <ele>847.2000122070312</ele>
        <time>2026-07-04T10:53:15.539Z</time>
        <extensions>
          <gpxtpx:TrackPointExtension>
            <gpxtpx:atemp>31</gpxtpx:atemp>
            <gpxtpx:hr>170</gpxtpx:hr>
            <gpxtpx:cad>87</gpxtpx:cad>
          </gpxtpx:TrackPointExtension>
        </extensions>
      </trkpt>
      <trkpt lat="46.49026776663959" lon="13.736589895561337">
        <ele>847.4000244140625</ele>
        <time>2026-07-04T10:53:16.539Z</time>
        <extensions>
          <gpxtpx:TrackPointExtension>
            <gpxtpx:atemp>31</gpxtpx:atemp>
            <gpxtpx:hr>170</gpxtpx:hr>
            <gpxtpx:cad>87</gpxtpx:cad>
          </gpxtpx:TrackPointExtension>
        </extensions>
      </trkpt>
      <trkpt lat="46.49025410413742" lon="13.736523259431124">
        <ele>847.4000244140625</ele>
        <time>2026-07-04T10:53:17.539Z</time>
        <extensions>
          <gpxtpx:TrackPointExtension>
            <gpxtpx:atemp>31</gpxtpx:atemp>
            <gpxtpx:hr>170</gpxtpx:hr>
            <gpxtpx:cad>87</gpxtpx:cad>
          </gpxtpx:TrackPointExtension>
        </extensions>
      </trkpt>
      <trkpt lat="46.490239687263966" lon="13.736457042396069">
        <ele>847.4000244140625</ele>
        <time>2026-07-04T10:53:18.539Z</time>
        <extensions>
          <gpxtpx:TrackPointExtension>
            <gpxtpx:atemp>31</gpxtpx:atemp>
            <gpxtpx:hr>170</gpxtpx:hr>
            <gpxtpx:cad>88</gpxtpx:cad>
          </gpxtpx:TrackPointExtension>
        </extensions>
      </trkpt>
      <trkpt lat="46.49022434838116" lon="13.736390322446823">
        <ele>847.4000244140625</ele>
        <time>2026-07-04T10:53:19.539Z</time>
        <extensions>
          <gpxtpx:TrackPointExtension>
            <gpxtpx:atemp>31</gpxtpx:atemp>
            <gpxtpx:hr>170</gpxtpx:hr>
            <gpxtpx:cad>88</gpxtpx:cad>
          </gpxtpx:TrackPointExtension>
        </extensions>
      </trkpt>
      <trkpt lat="46.49021001532674" lon="13.736322680488229">
        <ele>847.4000244140625</ele>
        <time>2026-07-04T10:53:20.539Z</time>
        <extensions>
          <gpxtpx:TrackPointExtension>
            <gpxtpx:atemp>31</gpxtpx:atemp>
            <gpxtpx:hr>170</gpxtpx:hr>
            <gpxtpx:cad>88</gpxtpx:cad>
          </gpxtpx:TrackPointExtension>
        </extensions>
      </trkpt>
      <trkpt lat="46.490195179358125" lon="13.736253948882222">
        <ele>847.5999755859375</ele>
        <time>2026-07-04T10:53:21.539Z</time>
        <extensions>
          <gpxtpx:TrackPointExtension>
            <gpxtpx:atemp>31</gpxtpx:atemp>
            <gpxtpx:hr>170</gpxtpx:hr>
            <gpxtpx:cad>88</gpxtpx:cad>
          </gpxtpx:TrackPointExtension>
        </extensions>
      </trkpt>
      <trkpt lat="46.49018093012273" lon="13.736184211447835">
        <ele>847.5999755859375</ele>
        <time>2026-07-04T10:53:22.539Z</time>
        <extensions>
          <gpxtpx:TrackPointExtension>
            <gpxtpx:atemp>31</gpxtpx:atemp>
            <gpxtpx:hr>170</gpxtpx:hr>
            <gpxtpx:cad>88</gpxtpx:cad>
          </gpxtpx:TrackPointExtension>
        </extensions>
      </trkpt>
      <trkpt lat="46.49016919545829" lon="13.73611405491829">
        <ele>847.7999877929688</ele>
        <time>2026-07-04T10:53:23.539Z</time>
        <extensions>
          <gpxtpx:TrackPointExtension>
            <gpxtpx:atemp>31</gpxtpx:atemp>
            <gpxtpx:hr>170</gpxtpx:hr>
            <gpxtpx:cad>90</gpxtpx:cad>
          </gpxtpx:TrackPointExtension>
        </extensions>
      </trkpt>
      <trkpt lat="46.4901583828032" lon="13.736043395474553">
        <ele>847.7999877929688</ele>
        <time>2026-07-04T10:53:24.539Z</time>
        <extensions>
          <gpxtpx:TrackPointExtension>
            <gpxtpx:atemp>31</gpxtpx:atemp>
            <gpxtpx:hr>170</gpxtpx:hr>
            <gpxtpx:cad>92</gpxtpx:cad>
          </gpxtpx:TrackPointExtension>
        </extensions>
      </trkpt>
      <trkpt lat="46.490148324519396" lon="13.73597089201212">
        <ele>848</ele>
        <time>2026-07-04T10:53:25.539Z</time>
        <extensions>
          <gpxtpx:TrackPointExtension>
            <gpxtpx:atemp>31</gpxtpx:atemp>
            <gpxtpx:hr>170</gpxtpx:hr>
            <gpxtpx:cad>93</gpxtpx:cad>
          </gpxtpx:TrackPointExtension>
        </extensions>
      </trkpt>
      <trkpt lat="46.49013809859753" lon="13.735897466540337">
        <ele>848</ele>
        <time>2026-07-04T10:53:26.539Z</time>
        <extensions>
          <gpxtpx:TrackPointExtension>
            <gpxtpx:atemp>31</gpxtpx:atemp>
            <gpxtpx:hr>170</gpxtpx:hr>
            <gpxtpx:cad>93</gpxtpx:cad>
          </gpxtpx:TrackPointExtension>
        </extensions>
      </trkpt>
      <trkpt lat="46.49012938141823" lon="13.7358233705163">
        <ele>848</ele>
        <time>2026-07-04T10:53:27.539Z</time>
        <extensions>
          <gpxtpx:TrackPointExtension>
            <gpxtpx:atemp>31</gpxtpx:atemp>
            <gpxtpx:hr>170</gpxtpx:hr>
            <gpxtpx:cad>93</gpxtpx:cad>
          </gpxtpx:TrackPointExtension>
        </extensions>
      </trkpt>
      <trkpt lat="46.49012074805796" lon="13.735752459615469">
        <ele>848</ele>
        <time>2026-07-04T10:53:28.539Z</time>
        <extensions>
          <gpxtpx:TrackPointExtension>
            <gpxtpx:atemp>31</gpxtpx:atemp>
            <gpxtpx:hr>170</gpxtpx:hr>
            <gpxtpx:cad>92</gpxtpx:cad>
          </gpxtpx:TrackPointExtension>
        </extensions>
      </trkpt>
      <trkpt lat="46.49011672474444" lon="13.735680459067225">
        <ele>848.2000122070312</ele>
        <time>2026-07-04T10:53:29.539Z</time>
        <extensions>
          <gpxtpx:TrackPointExtension>
            <gpxtpx:atemp>31</gpxtpx:atemp>
            <gpxtpx:hr>170</gpxtpx:hr>
            <gpxtpx:cad>91</gpxtpx:cad>
          </gpxtpx:TrackPointExtension>
        </extensions>
      </trkpt>
      <trkpt lat="46.490114545449615" lon="13.735624132677913">
        <ele>848.2000122070312</ele>
        <time>2026-07-04T10:53:30.539Z</time>
        <extensions>
          <gpxtpx:TrackPointExtension>
            <gpxtpx:atemp>31</gpxtpx:atemp>
            <gpxtpx:hr>171</gpxtpx:hr>
            <gpxtpx:cad>91</gpxtpx:cad>
          </gpxtpx:TrackPointExtension>
        </extensions>
      </trkpt>
      <trkpt lat="46.49010985158384" lon="13.735537631437182">
        <ele>848.2000122070312</ele>
        <time>2026-07-04T10:53:31.539Z</time>
        <extensions>
          <gpxtpx:TrackPointExtension>
            <gpxtpx:atemp>31</gpxtpx:atemp>
            <gpxtpx:hr>170</gpxtpx:hr>
            <gpxtpx:cad>91</gpxtpx:cad>
          </gpxtpx:TrackPointExtension>
        </extensions>
      </trkpt>
      <trkpt lat="46.49010758846998" lon="13.735470157116652">
        <ele>848.2000122070312</ele>
        <time>2026-07-04T10:53:32.539Z</time>
        <extensions>
          <gpxtpx:TrackPointExtension>
            <gpxtpx:atemp>31</gpxtpx:atemp>
            <gpxtpx:hr>171</gpxtpx:hr>
            <gpxtpx:cad>92</gpxtpx:cad>
          </gpxtpx:TrackPointExtension>
        </extensions>
      </trkpt>
      <trkpt lat="46.490106247365475" lon="13.73540360480547">
        <ele>848.4000244140625</ele>
        <time>2026-07-04T10:53:33.539Z</time>
        <extensions>
          <gpxtpx:TrackPointExtension>
            <gpxtpx:atemp>31</gpxtpx:atemp>
            <gpxtpx:hr>171</gpxtpx:hr>
            <gpxtpx:cad>92</gpxtpx:cad>
          </gpxtpx:TrackPointExtension>
        </extensions>
      </trkpt>
      <trkpt lat="46.490102810785174" lon="13.73533328063786">
        <ele>848.4000244140625</ele>
        <time>2026-07-04T10:53:34.539Z</time>
        <extensions>
          <gpxtpx:TrackPointExtension>
            <gpxtpx:atemp>31</gpxtpx:atemp>
            <gpxtpx:hr>170</gpxtpx:hr>
            <gpxtpx:cad>93</gpxtpx:cad>
          </gpxtpx:TrackPointExtension>
        </extensions>
      </trkpt>
      <trkpt lat="46.49009954184294" lon="13.735264297574759">
        <ele>848.4000244140625</ele>
        <time>2026-07-04T10:53:35.539Z</time>
        <extensions>
          <gpxtpx:TrackPointExtension>
            <gpxtpx:atemp>31</gpxtpx:atemp>
            <gpxtpx:hr>170</gpxtpx:hr>
            <gpxtpx:cad>94</gpxtpx:cad>
          </gpxtpx:TrackPointExtension>
        </extensions>
      </trkpt>
      <trkpt lat="46.49009576998651" lon="13.735187603160739">
        <ele>848.4000244140625</ele>
        <time>2026-07-04T10:53:36.539Z</time>
        <extensions>
          <gpxtpx:TrackPointExtension>
            <gpxtpx:atemp>31</gpxtpx:atemp>
            <gpxtpx:hr>169</gpxtpx:hr>
            <gpxtpx:cad>95</gpxtpx:cad>
          </gpxtpx:TrackPointExtension>
        </extensions>
      </trkpt>
      <trkpt lat="46.490094009786844" lon="13.735110992565751">
        <ele>848.2000122070312</ele>
        <time>2026-07-04T10:53:37.539Z</time>
        <extensions>
          <gpxtpx:TrackPointExtension>
            <gpxtpx:atemp>31</gpxtpx:atemp>
            <gpxtpx:hr>168</gpxtpx:hr>
            <gpxtpx:cad>96</gpxtpx:cad>
          </gpxtpx:TrackPointExtension>
        </extensions>
      </trkpt>
      <trkpt lat="46.49009576998651" lon="13.735031615942717">
        <ele>848.2000122070312</ele>
        <time>2026-07-04T10:53:38.539Z</time>
        <extensions>
          <gpxtpx:TrackPointExtension>
            <gpxtpx:atemp>31</gpxtpx:atemp>
            <gpxtpx:hr>168</gpxtpx:hr>
            <gpxtpx:cad>95</gpxtpx:cad>
          </gpxtpx:TrackPointExtension>
        </extensions>
      </trkpt>
      <trkpt lat="46.49010205641389" lon="13.73496389016509">
        <ele>848.2000122070312</ele>
        <time>2026-07-04T10:53:39.539Z</time>
        <extensions>
          <gpxtpx:TrackPointExtension>
            <gpxtpx:atemp>31</gpxtpx:atemp>
            <gpxtpx:hr>168</gpxtpx:hr>
            <gpxtpx:cad>94</gpxtpx:cad>
          </gpxtpx:TrackPointExtension>
        </extensions>
      </trkpt>
      <trkpt lat="46.490109683945775" lon="13.734907396137714">
        <ele>848.4000244140625</ele>
        <time>2026-07-04T10:53:40.539Z</time>
        <extensions>
          <gpxtpx:TrackPointExtension>
            <gpxtpx:atemp>31</gpxtpx:atemp>
            <gpxtpx:hr>167</gpxtpx:hr>
            <gpxtpx:cad>94</gpxtpx:cad>
          </gpxtpx:TrackPointExtension>
        </extensions>
      </trkpt>
      <trkpt lat="46.49011680856347" lon="13.73484754934907">
        <ele>848.4000244140625</ele>
        <time>2026-07-04T10:53:41.539Z</time>
        <extensions>
          <gpxtpx:TrackPointExtension>
            <gpxtpx:atemp>31</gpxtpx:atemp>
            <gpxtpx:hr>167</gpxtpx:hr>
            <gpxtpx:cad>94</gpxtpx:cad>
          </gpxtpx:TrackPointExtension>
        </extensions>
      </trkpt>
      <trkpt lat="46.49011781439185" lon="13.734776889905334">
        <ele>848.5999755859375</ele>
        <time>2026-07-04T10:53:42.539Z</time>
        <extensions>
          <gpxtpx:TrackPointExtension>
            <gpxtpx:atemp>31</gpxtpx:atemp>
            <gpxtpx:hr>167</gpxtpx:hr>
            <gpxtpx:cad>93</gpxtpx:cad>
          </gpxtpx:TrackPointExtension>
        </extensions>
      </trkpt>
      <trkpt lat="46.4901171438396" lon="13.73470296151936">
        <ele>848.5999755859375</ele>
        <time>2026-07-04T10:53:43.539Z</time>
        <extensions>
          <gpxtpx:TrackPointExtension>
            <gpxtpx:atemp>31</gpxtpx:atemp>
            <gpxtpx:hr>167</gpxtpx:hr>
            <gpxtpx:cad>93</gpxtpx:cad>
          </gpxtpx:TrackPointExtension>
        </extensions>
      </trkpt>
      <trkpt lat="46.49012175388634" lon="13.734626015648246">
        <ele>848.7999877929688</ele>
        <time>2026-07-04T10:53:44.539Z</time>
        <extensions>
          <gpxtpx:TrackPointExtension>
            <gpxtpx:atemp>31</gpxtpx:atemp>
            <gpxtpx:hr>167</gpxtpx:hr>
            <gpxtpx:cad>92</gpxtpx:cad>
          </gpxtpx:TrackPointExtension>
        </extensions>
      </trkpt>
      <trkpt lat="46.49012946523726" lon="13.734558122232556">
        <ele>848.7999877929688</ele>
        <time>2026-07-04T10:53:45.539Z</time>
        <extensions>
          <gpxtpx:TrackPointExtension>
            <gpxtpx:atemp>31</gpxtpx:atemp>
            <gpxtpx:hr>167</gpxtpx:hr>
            <gpxtpx:cad>91</gpxtpx:cad>
          </gpxtpx:TrackPointExtension>
        </extensions>
      </trkpt>
      <trkpt lat="46.49013197980821" lon="13.73448838479817">
        <ele>848.7999877929688</ele>
        <time>2026-07-04T10:53:46.539Z</time>
        <extensions>
          <gpxtpx:TrackPointExtension>
            <gpxtpx:atemp>31</gpxtpx:atemp>
            <gpxtpx:hr>168</gpxtpx:hr>
            <gpxtpx:cad>89</gpxtpx:cad>
          </gpxtpx:TrackPointExtension>
        </extensions>
      </trkpt>
      <trkpt lat="46.49013985879719" lon="13.734414875507355">
        <ele>849</ele>
        <time>2026-07-04T10:53:47.539Z</time>
        <extensions>
          <gpxtpx:TrackPointExtension>
            <gpxtpx:atemp>31</gpxtpx:atemp>
            <gpxtpx:hr>168</gpxtpx:hr>
            <gpxtpx:cad>88</gpxtpx:cad>
          </gpxtpx:TrackPointExtension>
        </extensions>
      </trkpt>
      <trkpt lat="46.4901480730623" lon="13.734343713149428">
        <ele>849</ele>
        <time>2026-07-04T10:53:48.539Z</time>
        <extensions>
          <gpxtpx:TrackPointExtension>
            <gpxtpx:atemp>31</gpxtpx:atemp>
            <gpxtpx:hr>168</gpxtpx:hr>
            <gpxtpx:cad>87</gpxtpx:cad>
          </gpxtpx:TrackPointExtension>
        </extensions>
      </trkpt>
      <trkpt lat="46.490159556269646" lon="13.73427389189601">
        <ele>849</ele>
        <time>2026-07-04T10:53:49.539Z</time>
        <extensions>
          <gpxtpx:TrackPointExtension>
            <gpxtpx:atemp>31</gpxtpx:atemp>
            <gpxtpx:hr>169</gpxtpx:hr>
            <gpxtpx:cad>87</gpxtpx:cad>
          </gpxtpx:TrackPointExtension>
        </extensions>
      </trkpt>
      <trkpt lat="46.490175146609545" lon="13.7342070043087">
        <ele>849</ele>
        <time>2026-07-04T10:53:50.539Z</time>
        <extensions>
          <gpxtpx:TrackPointExtension>
            <gpxtpx:atemp>31</gpxtpx:atemp>
            <gpxtpx:hr>169</gpxtpx:hr>
            <gpxtpx:cad>86</gpxtpx:cad>
          </gpxtpx:TrackPointExtension>
        </extensions>
      </trkpt>
      <trkpt lat="46.49018763564527" lon="13.734135590493679">
        <ele>849.2000122070312</ele>
        <time>2026-07-04T10:53:51.539Z</time>
        <extensions>
          <gpxtpx:TrackPointExtension>
            <gpxtpx:atemp>31</gpxtpx:atemp>
            <gpxtpx:hr>169</gpxtpx:hr>
            <gpxtpx:cad>86</gpxtpx:cad>
          </gpxtpx:TrackPointExtension>
        </extensions>
      </trkpt>
      <trkpt lat="46.49019920267165" lon="13.734066607430577">
        <ele>849.2000122070312</ele>
        <time>2026-07-04T10:53:52.539Z</time>
        <extensions>
          <gpxtpx:TrackPointExtension>
            <gpxtpx:atemp>31</gpxtpx:atemp>
            <gpxtpx:hr>169</gpxtpx:hr>
            <gpxtpx:cad>86</gpxtpx:cad>
          </gpxtpx:TrackPointExtension>
        </extensions>
      </trkpt>
      <trkpt lat="46.49020817130804" lon="13.733992846682668">
        <ele>849.2000122070312</ele>
        <time>2026-07-04T10:53:53.539Z</time>
        <extensions>
          <gpxtpx:TrackPointExtension>
            <gpxtpx:atemp>31</gpxtpx:atemp>
            <gpxtpx:hr>169</gpxtpx:hr>
            <gpxtpx:cad>86</gpxtpx:cad>
          </gpxtpx:TrackPointExtension>
        </extensions>
      </trkpt>
      <trkpt lat="46.49022728204727" lon="13.733927048742771">
        <ele>849.2000122070312</ele>
        <time>2026-07-04T10:53:54.539Z</time>
        <extensions>
          <gpxtpx:TrackPointExtension>
            <gpxtpx:atemp>31</gpxtpx:atemp>
            <gpxtpx:hr>170</gpxtpx:hr>
            <gpxtpx:cad>87</gpxtpx:cad>
          </gpxtpx:TrackPointExtension>
        </extensions>
      </trkpt>
      <trkpt lat="46.49024387821555" lon="13.73385664075613">
        <ele>849.2000122070312</ele>
        <time>2026-07-04T10:53:55.539Z</time>
        <extensions>
          <gpxtpx:TrackPointExtension>
            <gpxtpx:atemp>31</gpxtpx:atemp>
            <gpxtpx:hr>169</gpxtpx:hr>
            <gpxtpx:cad>87</gpxtpx:cad>
          </gpxtpx:TrackPointExtension>
        </extensions>
      </trkpt>
      <trkpt lat="46.49025066755712" lon="13.73378531076014">
        <ele>849.2000122070312</ele>
        <time>2026-07-04T10:53:56.539Z</time>
        <extensions>
          <gpxtpx:TrackPointExtension>
            <gpxtpx:atemp>31</gpxtpx:atemp>
            <gpxtpx:hr>169</gpxtpx:hr>
            <gpxtpx:cad>87</gpxtpx:cad>
          </gpxtpx:TrackPointExtension>
        </extensions>
      </trkpt>
      <trkpt lat="46.49026709608734" lon="13.73371641151607">
        <ele>849.4000244140625</ele>
        <time>2026-07-04T10:53:57.539Z</time>
        <extensions>
          <gpxtpx:TrackPointExtension>
            <gpxtpx:atemp>31</gpxtpx:atemp>
            <gpxtpx:hr>170</gpxtpx:hr>
            <gpxtpx:cad>87</gpxtpx:cad>
          </gpxtpx:TrackPointExtension>
        </extensions>
      </trkpt>
      <trkpt lat="46.49028981104493" lon="13.733650026842952">
        <ele>849.4000244140625</ele>
        <time>2026-07-04T10:53:58.539Z</time>
        <extensions>
          <gpxtpx:TrackPointExtension>
            <gpxtpx:atemp>31</gpxtpx:atemp>
            <gpxtpx:hr>170</gpxtpx:hr>
            <gpxtpx:cad>85</gpxtpx:cad>
          </gpxtpx:TrackPointExtension>
        </extensions>
      </trkpt>
      <trkpt lat="46.490310011431575" lon="13.733583893626928">
        <ele>849.4000244140625</ele>
        <time>2026-07-04T10:53:59.539Z</time>
        <extensions>
          <gpxtpx:TrackPointExtension>
            <gpxtpx:atemp>31</gpxtpx:atemp>
            <gpxtpx:hr>170</gpxtpx:hr>
            <gpxtpx:cad>85</gpxtpx:cad>
          </gpxtpx:TrackPointExtension>
        </extensions>
      </trkpt>
      <trkpt lat="46.490331972017884" lon="13.733519688248634">
        <ele>849.4000244140625</ele>
        <time>2026-07-04T10:54:00.539Z</time>
        <extensions>
          <gpxtpx:TrackPointExtension>
            <gpxtpx:atemp>31</gpxtpx:atemp>
            <gpxtpx:hr>169</gpxtpx:hr>
            <gpxtpx:cad>85</gpxtpx:cad>
          </gpxtpx:TrackPointExtension>
        </extensions>
      </trkpt>
      <trkpt lat="46.49034647271037" lon="13.733455650508404">
        <ele>849.5999755859375</ele>
        <time>2026-07-04T10:54:01.539Z</time>
        <extensions>
          <gpxtpx:TrackPointExtension>
            <gpxtpx:atemp>31</gpxtpx:atemp>
            <gpxtpx:hr>170</gpxtpx:hr>
            <gpxtpx:cad>88</gpxtpx:cad>
          </gpxtpx:TrackPointExtension>
        </extensions>
      </trkpt>
      <trkpt lat="46.49036348797381" lon="13.733390858396888">
        <ele>849.5999755859375</ele>
        <time>2026-07-04T10:54:02.539Z</time>
        <extensions>
          <gpxtpx:TrackPointExtension>
            <gpxtpx:atemp>31</gpxtpx:atemp>
            <gpxtpx:hr>170</gpxtpx:hr>
            <gpxtpx:cad>88</gpxtpx:cad>
          </gpxtpx:TrackPointExtension>
        </extensions>
      </trkpt>
      <trkpt lat="46.49037966504693" lon="13.733323635533452">
        <ele>849.5999755859375</ele>
        <time>2026-07-04T10:54:03.539Z</time>
        <extensions>
          <gpxtpx:TrackPointExtension>
            <gpxtpx:atemp>31</gpxtpx:atemp>
            <gpxtpx:hr>169</gpxtpx:hr>
            <gpxtpx:cad>89</gpxtpx:cad>
          </gpxtpx:TrackPointExtension>
        </extensions>
      </trkpt>
      <trkpt lat="46.49039341136813" lon="13.733256747946143">
        <ele>849.5999755859375</ele>
        <time>2026-07-04T10:54:04.539Z</time>
        <extensions>
          <gpxtpx:TrackPointExtension>
            <gpxtpx:atemp>31</gpxtpx:atemp>
            <gpxtpx:hr>169</gpxtpx:hr>
            <gpxtpx:cad>91</gpxtpx:cad>
          </gpxtpx:TrackPointExtension>
        </extensions>
      </trkpt>
      <trkpt lat="46.49041143245995" lon="13.73318868689239">
        <ele>849.5999755859375</ele>
        <time>2026-07-04T10:54:05.539Z</time>
        <extensions>
          <gpxtpx:TrackPointExtension>
            <gpxtpx:atemp>31</gpxtpx:atemp>
            <gpxtpx:hr>169</gpxtpx:hr>
            <gpxtpx:cad>91</gpxtpx:cad>
          </gpxtpx:TrackPointExtension>
        </extensions>
      </trkpt>
      <trkpt lat="46.49043037556112" lon="13.733124230057001">
        <ele>849.5999755859375</ele>
        <time>2026-07-04T10:54:06.539Z</time>
        <extensions>
          <gpxtpx:TrackPointExtension>
            <gpxtpx:atemp>31</gpxtpx:atemp>
            <gpxtpx:hr>169</gpxtpx:hr>
            <gpxtpx:cad>91</gpxtpx:cad>
          </gpxtpx:TrackPointExtension>
        </extensions>
      </trkpt>
      <trkpt lat="46.49045133031905" lon="13.733059521764517">
        <ele>849.5999755859375</ele>
        <time>2026-07-04T10:54:07.539Z</time>
        <extensions>
          <gpxtpx:TrackPointExtension>
            <gpxtpx:atemp>31</gpxtpx:atemp>
            <gpxtpx:hr>168</gpxtpx:hr>
            <gpxtpx:cad>91</gpxtpx:cad>
          </gpxtpx:TrackPointExtension>
        </extensions>
      </trkpt>
      <trkpt lat="46.490471279248595" lon="13.732996825128794">
        <ele>849.7999877929688</ele>
        <time>2026-07-04T10:54:08.539Z</time>
        <extensions>
          <gpxtpx:TrackPointExtension>
            <gpxtpx:atemp>31</gpxtpx:atemp>
            <gpxtpx:hr>169</gpxtpx:hr>
            <gpxtpx:cad>90</gpxtpx:cad>
          </gpxtpx:TrackPointExtension>
        </extensions>
      </trkpt>
      <trkpt lat="46.49049072526395" lon="13.732949383556843">
        <ele>849.7999877929688</ele>
        <time>2026-07-04T10:54:09.539Z</time>
        <extensions>
          <gpxtpx:TrackPointExtension>
            <gpxtpx:atemp>31</gpxtpx:atemp>
            <gpxtpx:hr>168</gpxtpx:hr>
            <gpxtpx:cad>89</gpxtpx:cad>
          </gpxtpx:TrackPointExtension>
        </extensions>
      </trkpt>
      <trkpt lat="46.49052291177213" lon="13.732883585616946">
        <ele>849.7999877929688</ele>
        <time>2026-07-04T10:54:10.539Z</time>
        <extensions>
          <gpxtpx:TrackPointExtension>
            <gpxtpx:atemp>31</gpxtpx:atemp>
            <gpxtpx:hr>169</gpxtpx:hr>
            <gpxtpx:cad>88</gpxtpx:cad>
          </gpxtpx:TrackPointExtension>
        </extensions>
      </trkpt>
      <trkpt lat="46.49054956622422" lon="13.732824744656682">
        <ele>850</ele>
        <time>2026-07-04T10:54:11.539Z</time>
        <extensions>
          <gpxtpx:TrackPointExtension>
            <gpxtpx:atemp>31</gpxtpx:atemp>
            <gpxtpx:hr>168</gpxtpx:hr>
            <gpxtpx:cad>89</gpxtpx:cad>
          </gpxtpx:TrackPointExtension>
        </extensions>
      </trkpt>
      <trkpt lat="46.49057756178081" lon="13.732764646410942">
        <ele>850</ele>
        <time>2026-07-04T10:54:12.539Z</time>
        <extensions>
          <gpxtpx:TrackPointExtension>
            <gpxtpx:atemp>31</gpxtpx:atemp>
            <gpxtpx:hr>168</gpxtpx:hr>
            <gpxtpx:cad>89</gpxtpx:cad>
          </gpxtpx:TrackPointExtension>
        </extensions>
      </trkpt>
      <trkpt lat="46.49060480296612" lon="13.732706476002932">
        <ele>850.2000122070312</ele>
        <time>2026-07-04T10:54:13.539Z</time>
        <extensions>
          <gpxtpx:TrackPointExtension>
            <gpxtpx:atemp>31</gpxtpx:atemp>
            <gpxtpx:hr>168</gpxtpx:hr>
            <gpxtpx:cad>89</gpxtpx:cad>
          </gpxtpx:TrackPointExtension>
        </extensions>
      </trkpt>
      <trkpt lat="46.49063179269433" lon="13.732650484889746">
        <ele>850.2000122070312</ele>
        <time>2026-07-04T10:54:14.539Z</time>
        <extensions>
          <gpxtpx:TrackPointExtension>
            <gpxtpx:atemp>31</gpxtpx:atemp>
            <gpxtpx:hr>168</gpxtpx:hr>
            <gpxtpx:cad>90</gpxtpx:cad>
          </gpxtpx:TrackPointExtension>
        </extensions>
      </trkpt>
      <trkpt lat="46.4906592015177" lon="13.732597343623638">
        <ele>850.4000244140625</ele>
        <time>2026-07-04T10:54:15.539Z</time>
        <extensions>
          <gpxtpx:TrackPointExtension>
            <gpxtpx:atemp>31</gpxtpx:atemp>
            <gpxtpx:hr>168</gpxtpx:hr>
            <gpxtpx:cad>89</gpxtpx:cad>
          </gpxtpx:TrackPointExtension>
        </extensions>
      </trkpt>
      <trkpt lat="46.49068795144558" lon="13.732543028891087">
        <ele>850.5999755859375</ele>
        <time>2026-07-04T10:54:16.539Z</time>
        <extensions>
          <gpxtpx:TrackPointExtension>
            <gpxtpx:atemp>31</gpxtpx:atemp>
            <gpxtpx:hr>168</gpxtpx:hr>
            <gpxtpx:cad>88</gpxtpx:cad>
          </gpxtpx:TrackPointExtension>
        </extensions>
      </trkpt>
      <trkpt lat="46.4907178748399" lon="13.732490977272391">
        <ele>850.5999755859375</ele>
        <time>2026-07-04T10:54:17.539Z</time>
        <extensions>
          <gpxtpx:TrackPointExtension>
            <gpxtpx:atemp>31</gpxtpx:atemp>
            <gpxtpx:hr>168</gpxtpx:hr>
            <gpxtpx:cad>88</gpxtpx:cad>
          </gpxtpx:TrackPointExtension>
        </extensions>
      </trkpt>
      <trkpt lat="46.49075182154775" lon="13.732440769672394">
        <ele>850.7999877929688</ele>
        <time>2026-07-04T10:54:18.539Z</time>
        <extensions>
          <gpxtpx:TrackPointExtension>
            <gpxtpx:atemp>31</gpxtpx:atemp>
            <gpxtpx:hr>167</gpxtpx:hr>
            <gpxtpx:cad>87</gpxtpx:cad>
          </gpxtpx:TrackPointExtension>
        </extensions>
      </trkpt>
      <trkpt lat="46.49078316986561" lon="13.732386538758874">
        <ele>851</ele>
        <time>2026-07-04T10:54:19.539Z</time>
        <extensions>
          <gpxtpx:TrackPointExtension>
            <gpxtpx:atemp>31</gpxtpx:atemp>
            <gpxtpx:hr>168</gpxtpx:hr>
            <gpxtpx:cad>86</gpxtpx:cad>
          </gpxtpx:TrackPointExtension>
        </extensions>
      </trkpt>
      <trkpt lat="46.49081166833639" lon="13.73233113437891">
        <ele>851</ele>
        <time>2026-07-04T10:54:20.539Z</time>
        <extensions>
          <gpxtpx:TrackPointExtension>
            <gpxtpx:atemp>31</gpxtpx:atemp>
            <gpxtpx:hr>168</gpxtpx:hr>
            <gpxtpx:cad>85</gpxtpx:cad>
          </gpxtpx:TrackPointExtension>
        </extensions>
      </trkpt>
      <trkpt lat="46.49084175936878" lon="13.732277322560549">
        <ele>851.2000122070312</ele>
        <time>2026-07-04T10:54:21.539Z</time>
        <extensions>
          <gpxtpx:TrackPointExtension>
            <gpxtpx:atemp>31</gpxtpx:atemp>
            <gpxtpx:hr>168</gpxtpx:hr>
            <gpxtpx:cad>85</gpxtpx:cad>
          </gpxtpx:TrackPointExtension>
        </extensions>
      </trkpt>
      <trkpt lat="46.49086539633572" lon="13.732229378074408">
        <ele>851.2000122070312</ele>
        <time>2026-07-04T10:54:22.539Z</time>
        <extensions>
          <gpxtpx:TrackPointExtension>
            <gpxtpx:atemp>31</gpxtpx:atemp>
            <gpxtpx:hr>167</gpxtpx:hr>
            <gpxtpx:cad>86</gpxtpx:cad>
          </gpxtpx:TrackPointExtension>
        </extensions>
      </trkpt>
      <trkpt lat="46.490896828472614" lon="13.732161819934845">
        <ele>851.2000122070312</ele>
        <time>2026-07-04T10:54:23.539Z</time>
        <extensions>
          <gpxtpx:TrackPointExtension>
            <gpxtpx:atemp>31</gpxtpx:atemp>
            <gpxtpx:hr>167</gpxtpx:hr>
            <gpxtpx:cad>89</gpxtpx:cad>
          </gpxtpx:TrackPointExtension>
        </extensions>
      </trkpt>
      <trkpt lat="46.49092247709632" lon="13.732103230431676">
        <ele>851.4000244140625</ele>
        <time>2026-07-04T10:54:24.539Z</time>
        <extensions>
          <gpxtpx:TrackPointExtension>
            <gpxtpx:atemp>31</gpxtpx:atemp>
            <gpxtpx:hr>168</gpxtpx:hr>
            <gpxtpx:cad>90</gpxtpx:cad>
          </gpxtpx:TrackPointExtension>
        </extensions>
      </trkpt>
      <trkpt lat="46.49095038883388" lon="13.732048077508807">
        <ele>851.4000244140625</ele>
        <time>2026-07-04T10:54:25.539Z</time>
        <extensions>
          <gpxtpx:TrackPointExtension>
            <gpxtpx:atemp>31</gpxtpx:atemp>
            <gpxtpx:hr>168</gpxtpx:hr>
            <gpxtpx:cad>91</gpxtpx:cad>
          </gpxtpx:TrackPointExtension>
        </extensions>
      </trkpt>
      <trkpt lat="46.49098106659949" lon="13.731995690613985">
        <ele>851.4000244140625</ele>
        <time>2026-07-04T10:54:26.539Z</time>
        <extensions>
          <gpxtpx:TrackPointExtension>
            <gpxtpx:atemp>31</gpxtpx:atemp>
            <gpxtpx:hr>168</gpxtpx:hr>
            <gpxtpx:cad>92</gpxtpx:cad>
          </gpxtpx:TrackPointExtension>
        </extensions>
      </trkpt>
      <trkpt lat="46.49100939743221" lon="13.731943471357226">
        <ele>851.4000244140625</ele>
        <time>2026-07-04T10:54:27.539Z</time>
        <extensions>
          <gpxtpx:TrackPointExtension>
            <gpxtpx:atemp>31</gpxtpx:atemp>
            <gpxtpx:hr>168</gpxtpx:hr>
            <gpxtpx:cad>92</gpxtpx:cad>
          </gpxtpx:TrackPointExtension>
        </extensions>
      </trkpt>
      <trkpt lat="46.4910323638469" lon="13.731883205473423">
        <ele>851.4000244140625</ele>
        <time>2026-07-04T10:54:28.539Z</time>
        <extensions>
          <gpxtpx:TrackPointExtension>
            <gpxtpx:atemp>31</gpxtpx:atemp>
            <gpxtpx:hr>169</gpxtpx:hr>
            <gpxtpx:cad>93</gpxtpx:cad>
          </gpxtpx:TrackPointExtension>
        </extensions>
      </trkpt>
      <trkpt lat="46.4910614490509" lon="13.731816401705146">
        <ele>851.4000244140625</ele>
        <time>2026-07-04T10:54:29.539Z</time>
        <extensions>
          <gpxtpx:TrackPointExtension>
            <gpxtpx:atemp>31</gpxtpx:atemp>
            <gpxtpx:hr>169</gpxtpx:hr>
            <gpxtpx:cad>93</gpxtpx:cad>
          </gpxtpx:TrackPointExtension>
        </extensions>
      </trkpt>
      <trkpt lat="46.49108961224556" lon="13.731755716726184">
        <ele>851.4000244140625</ele>
        <time>2026-07-04T10:54:30.539Z</time>
        <extensions>
          <gpxtpx:TrackPointExtension>
            <gpxtpx:atemp>31</gpxtpx:atemp>
            <gpxtpx:hr>169</gpxtpx:hr>
            <gpxtpx:cad>93</gpxtpx:cad>
          </gpxtpx:TrackPointExtension>
        </extensions>
      </trkpt>
      <trkpt lat="46.49111903272569" lon="13.731696037575603">
        <ele>851.2000122070312</ele>
        <time>2026-07-04T10:54:31.539Z</time>
        <extensions>
          <gpxtpx:TrackPointExtension>
            <gpxtpx:atemp>31</gpxtpx:atemp>
            <gpxtpx:hr>168</gpxtpx:hr>
            <gpxtpx:cad>94</gpxtpx:cad>
          </gpxtpx:TrackPointExtension>
        </extensions>
      </trkpt>
      <trkpt lat="46.49114736355841" lon="13.731637699529529">
        <ele>851.2000122070312</ele>
        <time>2026-07-04T10:54:32.539Z</time>
        <extensions>
          <gpxtpx:TrackPointExtension>
            <gpxtpx:atemp>31</gpxtpx:atemp>
            <gpxtpx:hr>169</gpxtpx:hr>
            <gpxtpx:cad>94</gpxtpx:cad>
          </gpxtpx:TrackPointExtension>
        </extensions>
      </trkpt>
      <trkpt lat="46.491174856200814" lon="13.731573075056076">
        <ele>851.2000122070312</ele>
        <time>2026-07-04T10:54:33.539Z</time>
        <extensions>
          <gpxtpx:TrackPointExtension>
            <gpxtpx:atemp>31</gpxtpx:atemp>
            <gpxtpx:hr>169</gpxtpx:hr>
            <gpxtpx:cad>94</gpxtpx:cad>
          </gpxtpx:TrackPointExtension>
        </extensions>
      </trkpt>
      <trkpt lat="46.491199331358075" lon="13.731524460017681">
        <ele>851.2000122070312</ele>
        <time>2026-07-04T10:54:34.539Z</time>
        <extensions>
          <gpxtpx:TrackPointExtension>
            <gpxtpx:atemp>31</gpxtpx:atemp>
            <gpxtpx:hr>169</gpxtpx:hr>
            <gpxtpx:cad>93</gpxtpx:cad>
          </gpxtpx:TrackPointExtension>
        </extensions>
      </trkpt>
      <trkpt lat="46.49123336188495" lon="13.731463020667434">
        <ele>851.2000122070312</ele>
        <time>2026-07-04T10:54:35.539Z</time>
        <extensions>
          <gpxtpx:TrackPointExtension>
            <gpxtpx:atemp>31</gpxtpx:atemp>
            <gpxtpx:hr>169</gpxtpx:hr>
            <gpxtpx:cad>93</gpxtpx:cad>
          </gpxtpx:TrackPointExtension>
        </extensions>
      </trkpt>
      <trkpt lat="46.491273175925016" lon="13.73138858936727">
        <ele>851.2000122070312</ele>
        <time>2026-07-04T10:54:36.539Z</time>
        <extensions>
          <gpxtpx:TrackPointExtension>
            <gpxtpx:atemp>31</gpxtpx:atemp>
            <gpxtpx:hr>168</gpxtpx:hr>
            <gpxtpx:cad>83</gpxtpx:cad>
          </gpxtpx:TrackPointExtension>
        </extensions>
      </trkpt>
      <trkpt lat="46.49130553007126" lon="13.731327904388309">
        <ele>851.2000122070312</ele>
        <time>2026-07-04T10:54:37.539Z</time>
        <extensions>
          <gpxtpx:TrackPointExtension>
            <gpxtpx:atemp>31</gpxtpx:atemp>
            <gpxtpx:hr>168</gpxtpx:hr>
            <gpxtpx:cad>80</gpxtpx:cad>
          </gpxtpx:TrackPointExtension>
        </extensions>
      </trkpt>
      <trkpt lat="46.4913362916559" lon="13.731269147247076">
        <ele>851.4000244140625</ele>
        <time>2026-07-04T10:54:38.539Z</time>
        <extensions>
          <gpxtpx:TrackPointExtension>
            <gpxtpx:atemp>31</gpxtpx:atemp>
            <gpxtpx:hr>169</gpxtpx:hr>
            <gpxtpx:cad>81</gpxtpx:cad>
          </gpxtpx:TrackPointExtension>
        </extensions>
      </trkpt>
      <trkpt lat="46.491383565589786" lon="13.731212737038732">
        <ele>851.4000244140625</ele>
        <time>2026-07-04T10:54:39.539Z</time>
        <extensions>
          <gpxtpx:TrackPointExtension>
            <gpxtpx:atemp>31</gpxtpx:atemp>
            <gpxtpx:hr>168</gpxtpx:hr>
            <gpxtpx:cad>82</gpxtpx:cad>
          </gpxtpx:TrackPointExtension>
        </extensions>
      </trkpt>
      <trkpt lat="46.49142036214471" lon="13.731151884421706">
        <ele>851.4000244140625</ele>
        <time>2026-07-04T10:54:40.539Z</time>
        <extensions>
          <gpxtpx:TrackPointExtension>
            <gpxtpx:atemp>31</gpxtpx:atemp>
            <gpxtpx:hr>168</gpxtpx:hr>
            <gpxtpx:cad>83</gpxtpx:cad>
          </gpxtpx:TrackPointExtension>
        </extensions>
      </trkpt>
      <trkpt lat="46.491455817595124" lon="13.731090780347586">
        <ele>851.5999755859375</ele>
        <time>2026-07-04T10:54:41.539Z</time>
        <extensions>
          <gpxtpx:TrackPointExtension>
            <gpxtpx:atemp>31</gpxtpx:atemp>
            <gpxtpx:hr>168</gpxtpx:hr>
            <gpxtpx:cad>84</gpxtpx:cad>
          </gpxtpx:TrackPointExtension>
        </extensions>
      </trkpt>
      <trkpt lat="46.4914932847023" lon="13.731024228036404">
        <ele>851.5999755859375</ele>
        <time>2026-07-04T10:54:42.539Z</time>
        <extensions>
          <gpxtpx:TrackPointExtension>
            <gpxtpx:atemp>31</gpxtpx:atemp>
            <gpxtpx:hr>168</gpxtpx:hr>
            <gpxtpx:cad>84</gpxtpx:cad>
          </gpxtpx:TrackPointExtension>
        </extensions>
      </trkpt>
      <trkpt lat="46.49152848869562" lon="13.73095566406846">
        <ele>851.5999755859375</ele>
        <time>2026-07-04T10:54:43.539Z</time>
        <extensions>
          <gpxtpx:TrackPointExtension>
            <gpxtpx:atemp>31</gpxtpx:atemp>
            <gpxtpx:hr>169</gpxtpx:hr>
            <gpxtpx:cad>83</gpxtpx:cad>
          </gpxtpx:TrackPointExtension>
        </extensions>
      </trkpt>
      <trkpt lat="46.49156293831766" lon="13.730895733460784">
        <ele>851.5999755859375</ele>
        <time>2026-07-04T10:54:44.539Z</time>
        <extensions>
          <gpxtpx:TrackPointExtension>
            <gpxtpx:atemp>31</gpxtpx:atemp>
            <gpxtpx:hr>169</gpxtpx:hr>
            <gpxtpx:cad>83</gpxtpx:cad>
          </gpxtpx:TrackPointExtension>
        </extensions>
      </trkpt>
      <trkpt lat="46.49159302935004" lon="13.730835132300854">
        <ele>851.5999755859375</ele>
        <time>2026-07-04T10:54:45.539Z</time>
        <extensions>
          <gpxtpx:TrackPointExtension>
            <gpxtpx:atemp>31</gpxtpx:atemp>
            <gpxtpx:hr>168</gpxtpx:hr>
            <gpxtpx:cad>83</gpxtpx:cad>
          </gpxtpx:TrackPointExtension>
        </extensions>
      </trkpt>
      <trkpt lat="46.4916211925447" lon="13.730774112045765">
        <ele>851.5999755859375</ele>
        <time>2026-07-04T10:54:46.539Z</time>
        <extensions>
          <gpxtpx:TrackPointExtension>
            <gpxtpx:atemp>31</gpxtpx:atemp>
            <gpxtpx:hr>169</gpxtpx:hr>
            <gpxtpx:cad>83</gpxtpx:cad>
          </gpxtpx:TrackPointExtension>
        </extensions>
      </trkpt>
      <trkpt lat="46.491655223071575" lon="13.730716360732913">
        <ele>851.5999755859375</ele>
        <time>2026-07-04T10:54:47.539Z</time>
        <extensions>
          <gpxtpx:TrackPointExtension>
            <gpxtpx:atemp>31</gpxtpx:atemp>
            <gpxtpx:hr>169</gpxtpx:hr>
            <gpxtpx:cad>82</gpxtpx:cad>
          </gpxtpx:TrackPointExtension>
        </extensions>
      </trkpt>
      <trkpt lat="46.49168137460947" lon="13.730670595541596">
        <ele>851.5999755859375</ele>
        <time>2026-07-04T10:54:48.539Z</time>
        <extensions>
          <gpxtpx:TrackPointExtension>
            <gpxtpx:atemp>31</gpxtpx:atemp>
            <gpxtpx:hr>169</gpxtpx:hr>
            <gpxtpx:cad>93</gpxtpx:cad>
          </gpxtpx:TrackPointExtension>
        </extensions>
      </trkpt>
      <trkpt lat="46.49172076955438" lon="13.730599181726575">
        <ele>851.5999755859375</ele>
        <time>2026-07-04T10:54:49.539Z</time>
        <extensions>
          <gpxtpx:TrackPointExtension>
            <gpxtpx:atemp>31</gpxtpx:atemp>
            <gpxtpx:hr>169</gpxtpx:hr>
            <gpxtpx:cad>93</gpxtpx:cad>
          </gpxtpx:TrackPointExtension>
        </extensions>
      </trkpt>
      <trkpt lat="46.49174977093935" lon="13.730535227805376">
        <ele>851.7999877929688</ele>
        <time>2026-07-04T10:54:50.539Z</time>
        <extensions>
          <gpxtpx:TrackPointExtension>
            <gpxtpx:atemp>31</gpxtpx:atemp>
            <gpxtpx:hr>169</gpxtpx:hr>
            <gpxtpx:cad>93</gpxtpx:cad>
          </gpxtpx:TrackPointExtension>
        </extensions>
      </trkpt>
      <trkpt lat="46.49177810177207" lon="13.730476722121239">
        <ele>851.7999877929688</ele>
        <time>2026-07-04T10:54:51.539Z</time>
        <extensions>
          <gpxtpx:TrackPointExtension>
            <gpxtpx:atemp>31</gpxtpx:atemp>
            <gpxtpx:hr>169</gpxtpx:hr>
            <gpxtpx:cad>93</gpxtpx:cad>
          </gpxtpx:TrackPointExtension>
        </extensions>
      </trkpt>
      <trkpt lat="46.49181003682315" lon="13.730414025485516">
        <ele>851.7999877929688</ele>
        <time>2026-07-04T10:54:52.539Z</time>
        <extensions>
          <gpxtpx:TrackPointExtension>
            <gpxtpx:atemp>31</gpxtpx:atemp>
            <gpxtpx:hr>169</gpxtpx:hr>
            <gpxtpx:cad>93</gpxtpx:cad>
          </gpxtpx:TrackPointExtension>
        </extensions>
      </trkpt>
      <trkpt lat="46.4918371103704" lon="13.730350909754634">
        <ele>852</ele>
        <time>2026-07-04T10:54:53.539Z</time>
        <extensions>
          <gpxtpx:TrackPointExtension>
            <gpxtpx:atemp>31</gpxtpx:atemp>
            <gpxtpx:hr>168</gpxtpx:hr>
            <gpxtpx:cad>93</gpxtpx:cad>
          </gpxtpx:TrackPointExtension>
        </extensions>
      </trkpt>
      <trkpt lat="46.49186996743083" lon="13.730289973318577">
        <ele>852</ele>
        <time>2026-07-04T10:54:54.539Z</time>
        <extensions>
          <gpxtpx:TrackPointExtension>
            <gpxtpx:atemp>31</gpxtpx:atemp>
            <gpxtpx:hr>168</gpxtpx:hr>
            <gpxtpx:cad>93</gpxtpx:cad>
          </gpxtpx:TrackPointExtension>
        </extensions>
      </trkpt>
      <trkpt lat="46.49190500378609" lon="13.730232305824757">
        <ele>852</ele>
        <time>2026-07-04T10:54:55.539Z</time>
        <extensions>
          <gpxtpx:TrackPointExtension>
            <gpxtpx:atemp>31</gpxtpx:atemp>
            <gpxtpx:hr>168</gpxtpx:hr>
            <gpxtpx:cad>94</gpxtpx:cad>
          </gpxtpx:TrackPointExtension>
        </extensions>
      </trkpt>
      <trkpt lat="46.491938196122646" lon="13.730169860646129">
        <ele>852</ele>
        <time>2026-07-04T10:54:56.539Z</time>
        <extensions>
          <gpxtpx:TrackPointExtension>
            <gpxtpx:atemp>31</gpxtpx:atemp>
            <gpxtpx:hr>168</gpxtpx:hr>
            <gpxtpx:cad>93</gpxtpx:cad>
          </gpxtpx:TrackPointExtension>
        </extensions>
      </trkpt>
      <trkpt lat="46.49196996353567" lon="13.730110013857484">
        <ele>852</ele>
        <time>2026-07-04T10:54:57.539Z</time>
        <extensions>
          <gpxtpx:TrackPointExtension>
            <gpxtpx:atemp>31</gpxtpx:atemp>
            <gpxtpx:hr>168</gpxtpx:hr>
            <gpxtpx:cad>92</gpxtpx:cad>
          </gpxtpx:TrackPointExtension>
        </extensions>
      </trkpt>
      <trkpt lat="46.49199988692999" lon="13.730053855106235">
        <ele>852</ele>
        <time>2026-07-04T10:54:58.539Z</time>
        <extensions>
          <gpxtpx:TrackPointExtension>
            <gpxtpx:atemp>31</gpxtpx:atemp>
            <gpxtpx:hr>169</gpxtpx:hr>
            <gpxtpx:cad>90</gpxtpx:cad>
          </gpxtpx:TrackPointExtension>
        </extensions>
      </trkpt>
      <trkpt lat="46.49203173816204" lon="13.729998366907239">
        <ele>852</ele>
        <time>2026-07-04T10:54:59.539Z</time>
        <extensions>
          <gpxtpx:TrackPointExtension>
            <gpxtpx:atemp>31</gpxtpx:atemp>
            <gpxtpx:hr>169</gpxtpx:hr>
            <gpxtpx:cad>90</gpxtpx:cad>
          </gpxtpx:TrackPointExtension>
        </extensions>
      </trkpt>
      <trkpt lat="46.49206384085119" lon="13.729944890365005">
        <ele>852</ele>
        <time>2026-07-04T10:55:00.539Z</time>
        <extensions>
          <gpxtpx:TrackPointExtension>
            <gpxtpx:atemp>31</gpxtpx:atemp>
            <gpxtpx:hr>169</gpxtpx:hr>
            <gpxtpx:cad>90</gpxtpx:cad>
          </gpxtpx:TrackPointExtension>
        </extensions>
      </trkpt>
      <trkpt lat="46.49209627881646" lon="13.729888144880533">
        <ele>852</ele>
        <time>2026-07-04T10:55:01.539Z</time>
        <extensions>
          <gpxtpx:TrackPointExtension>
            <gpxtpx:atemp>31</gpxtpx:atemp>
            <gpxtpx:hr>168</gpxtpx:hr>
            <gpxtpx:cad>91</gpxtpx:cad>
          </gpxtpx:TrackPointExtension>
        </extensions>
      </trkpt>
      <trkpt lat="46.49212595075369" lon="13.729830393567681">
        <ele>852</ele>
        <time>2026-07-04T10:55:02.539Z</time>
        <extensions>
          <gpxtpx:TrackPointExtension>
            <gpxtpx:atemp>31</gpxtpx:atemp>
            <gpxtpx:hr>168</gpxtpx:hr>
            <gpxtpx:cad>92</gpxtpx:cad>
          </gpxtpx:TrackPointExtension>
        </extensions>
      </trkpt>
      <trkpt lat="46.492155119776726" lon="13.729771301150322">
        <ele>852</ele>
        <time>2026-07-04T10:55:03.539Z</time>
        <extensions>
          <gpxtpx:TrackPointExtension>
            <gpxtpx:atemp>31</gpxtpx:atemp>
            <gpxtpx:hr>168</gpxtpx:hr>
            <gpxtpx:cad>92</gpxtpx:cad>
          </gpxtpx:TrackPointExtension>
        </extensions>
      </trkpt>
      <trkpt lat="46.49218562990427" lon="13.729713717475533">
        <ele>852.2000122070312</ele>
        <time>2026-07-04T10:55:04.539Z</time>
        <extensions>
          <gpxtpx:TrackPointExtension>
            <gpxtpx:atemp>31</gpxtpx:atemp>
            <gpxtpx:hr>168</gpxtpx:hr>
            <gpxtpx:cad>93</gpxtpx:cad>
          </gpxtpx:TrackPointExtension>
        </extensions>
      </trkpt>
      <trkpt lat="46.49221748113632" lon="13.72965588234365">
        <ele>852.2000122070312</ele>
        <time>2026-07-04T10:55:05.539Z</time>
        <extensions>
          <gpxtpx:TrackPointExtension>
            <gpxtpx:atemp>31</gpxtpx:atemp>
            <gpxtpx:hr>168</gpxtpx:hr>
            <gpxtpx:cad>92</gpxtpx:cad>
          </gpxtpx:TrackPointExtension>
        </extensions>
      </trkpt>
      <trkpt lat="46.49224899709225" lon="13.729598382487893">
        <ele>852.4000244140625</ele>
        <time>2026-07-04T10:55:06.539Z</time>
        <extensions>
          <gpxtpx:TrackPointExtension>
            <gpxtpx:atemp>31</gpxtpx:atemp>
            <gpxtpx:hr>168</gpxtpx:hr>
            <gpxtpx:cad>93</gpxtpx:cad>
          </gpxtpx:TrackPointExtension>
        </extensions>
      </trkpt>
      <trkpt lat="46.492278752848506" lon="13.729539960622787">
        <ele>852.4000244140625</ele>
        <time>2026-07-04T10:55:07.539Z</time>
        <extensions>
          <gpxtpx:TrackPointExtension>
            <gpxtpx:atemp>31</gpxtpx:atemp>
            <gpxtpx:hr>168</gpxtpx:hr>
            <gpxtpx:cad>92</gpxtpx:cad>
          </gpxtpx:TrackPointExtension>
        </extensions>
      </trkpt>
      <trkpt lat="46.49230523966253" lon="13.72947751544416">
        <ele>852.4000244140625</ele>
        <time>2026-07-04T10:55:08.539Z</time>
        <extensions>
          <gpxtpx:TrackPointExtension>
            <gpxtpx:atemp>31</gpxtpx:atemp>
            <gpxtpx:hr>168</gpxtpx:hr>
            <gpxtpx:cad>92</gpxtpx:cad>
          </gpxtpx:TrackPointExtension>
        </extensions>
      </trkpt>
      <trkpt lat="46.492329547181726" lon="13.729415824636817">
        <ele>852.5999755859375</ele>
        <time>2026-07-04T10:55:09.539Z</time>
        <extensions>
          <gpxtpx:TrackPointExtension>
            <gpxtpx:atemp>31</gpxtpx:atemp>
            <gpxtpx:hr>168</gpxtpx:hr>
            <gpxtpx:cad>92</gpxtpx:cad>
          </gpxtpx:TrackPointExtension>
        </extensions>
      </trkpt>
      <trkpt lat="46.492356369271874" lon="13.72935488820076">
        <ele>852.5999755859375</ele>
        <time>2026-07-04T10:55:10.539Z</time>
        <extensions>
          <gpxtpx:TrackPointExtension>
            <gpxtpx:atemp>31</gpxtpx:atemp>
            <gpxtpx:hr>169</gpxtpx:hr>
            <gpxtpx:cad>92</gpxtpx:cad>
          </gpxtpx:TrackPointExtension>
        </extensions>
      </trkpt>
      <trkpt lat="46.49237874895334" lon="13.72929428704083">
        <ele>852.7999877929688</ele>
        <time>2026-07-04T10:55:11.539Z</time>
        <extensions>
          <gpxtpx:TrackPointExtension>
            <gpxtpx:atemp>31</gpxtpx:atemp>
            <gpxtpx:hr>169</gpxtpx:hr>
            <gpxtpx:cad>92</gpxtpx:cad>
          </gpxtpx:TrackPointExtension>
        </extensions>
      </trkpt>
      <trkpt lat="46.492394087836146" lon="13.729242738336325">
        <ele>852.7999877929688</ele>
        <time>2026-07-04T10:55:12.539Z</time>
        <extensions>
          <gpxtpx:TrackPointExtension>
            <gpxtpx:atemp>31</gpxtpx:atemp>
            <gpxtpx:hr>169</gpxtpx:hr>
            <gpxtpx:cad>92</gpxtpx:cad>
          </gpxtpx:TrackPointExtension>
        </extensions>
      </trkpt>
      <trkpt lat="46.492418982088566" lon="13.729165038093925">
        <ele>852.7999877929688</ele>
        <time>2026-07-04T10:55:13.539Z</time>
        <extensions>
          <gpxtpx:TrackPointExtension>
            <gpxtpx:atemp>31</gpxtpx:atemp>
            <gpxtpx:hr>169</gpxtpx:hr>
            <gpxtpx:cad>91</gpxtpx:cad>
          </gpxtpx:TrackPointExtension>
        </extensions>
      </trkpt>
      <trkpt lat="46.492442870512605" lon="13.729103682562709">
        <ele>853</ele>
        <time>2026-07-04T10:55:14.539Z</time>
        <extensions>
          <gpxtpx:TrackPointExtension>
            <gpxtpx:atemp>31</gpxtpx:atemp>
            <gpxtpx:hr>168</gpxtpx:hr>
            <gpxtpx:cad>91</gpxtpx:cad>
          </gpxtpx:TrackPointExtension>
        </extensions>
      </trkpt>
      <trkpt lat="46.492467345669866" lon="13.729042075574398">
        <ele>853</ele>
        <time>2026-07-04T10:55:15.539Z</time>
        <extensions>
          <gpxtpx:TrackPointExtension>
            <gpxtpx:atemp>31</gpxtpx:atemp>
            <gpxtpx:hr>169</gpxtpx:hr>
            <gpxtpx:cad>90</gpxtpx:cad>
          </gpxtpx:TrackPointExtension>
        </extensions>
      </trkpt>
      <trkpt lat="46.49249383248389" lon="13.728980552405119">
        <ele>853</ele>
        <time>2026-07-04T10:55:16.539Z</time>
        <extensions>
          <gpxtpx:TrackPointExtension>
            <gpxtpx:atemp>31</gpxtpx:atemp>
            <gpxtpx:hr>169</gpxtpx:hr>
            <gpxtpx:cad>83</gpxtpx:cad>
          </gpxtpx:TrackPointExtension>
        </extensions>
      </trkpt>
      <trkpt lat="46.492516212165356" lon="13.72893805615604">
        <ele>853</ele>
        <time>2026-07-04T10:55:17.539Z</time>
        <extensions>
          <gpxtpx:TrackPointExtension>
            <gpxtpx:atemp>31</gpxtpx:atemp>
            <gpxtpx:hr>169</gpxtpx:hr>
            <gpxtpx:cad>83</gpxtpx:cad>
          </gpxtpx:TrackPointExtension>
        </extensions>
      </trkpt>
      <trkpt lat="46.49254278279841" lon="13.728878293186426">
        <ele>853.2000122070312</ele>
        <time>2026-07-04T10:55:18.539Z</time>
        <extensions>
          <gpxtpx:TrackPointExtension>
            <gpxtpx:atemp>31</gpxtpx:atemp>
            <gpxtpx:hr>169</gpxtpx:hr>
            <gpxtpx:cad>83</gpxtpx:cad>
          </gpxtpx:TrackPointExtension>
        </extensions>
      </trkpt>
      <trkpt lat="46.49256692267954" lon="13.728807214647532">
        <ele>853.2000122070312</ele>
        <time>2026-07-04T10:55:19.539Z</time>
        <extensions>
          <gpxtpx:TrackPointExtension>
            <gpxtpx:atemp>31</gpxtpx:atemp>
            <gpxtpx:hr>169</gpxtpx:hr>
            <gpxtpx:cad>83</gpxtpx:cad>
          </gpxtpx:TrackPointExtension>
        </extensions>
      </trkpt>
      <trkpt lat="46.49258469231427" lon="13.728747954592109">
        <ele>853.4000244140625</ele>
        <time>2026-07-04T10:55:20.539Z</time>
        <extensions>
          <gpxtpx:TrackPointExtension>
            <gpxtpx:atemp>31</gpxtpx:atemp>
            <gpxtpx:hr>169</gpxtpx:hr>
            <gpxtpx:cad>27</gpxtpx:cad>
          </gpxtpx:TrackPointExtension>
        </extensions>
      </trkpt>
      <trkpt lat="46.492602713406086" lon="13.728688694536686">
        <ele>853.4000244140625</ele>
        <time>2026-07-04T10:55:21.539Z</time>
        <extensions>
          <gpxtpx:TrackPointExtension>
            <gpxtpx:atemp>31</gpxtpx:atemp>
            <gpxtpx:hr>168</gpxtpx:hr>
            <gpxtpx:cad>27</gpxtpx:cad>
          </gpxtpx:TrackPointExtension>
        </extensions>
      </trkpt>
      <trkpt lat="46.49261956103146" lon="13.728622393682599">
        <ele>853.4000244140625</ele>
        <time>2026-07-04T10:55:22.539Z</time>
        <extensions>
          <gpxtpx:TrackPointExtension>
            <gpxtpx:atemp>31</gpxtpx:atemp>
            <gpxtpx:hr>168</gpxtpx:hr>
            <gpxtpx:cad>85</gpxtpx:cad>
          </gpxtpx:TrackPointExtension>
        </extensions>
      </trkpt>
      <trkpt lat="46.492644203826785" lon="13.728559697046876">
        <ele>853.5999755859375</ele>
        <time>2026-07-04T10:55:23.539Z</time>
        <extensions>
          <gpxtpx:TrackPointExtension>
            <gpxtpx:atemp>31</gpxtpx:atemp>
            <gpxtpx:hr>167</gpxtpx:hr>
            <gpxtpx:cad>86</gpxtpx:cad>
          </gpxtpx:TrackPointExtension>
        </extensions>
      </trkpt>
      <trkpt lat="46.492667673155665" lon="13.728513261303306">
        <ele>853.5999755859375</ele>
        <time>2026-07-04T10:55:24.539Z</time>
        <extensions>
          <gpxtpx:TrackPointExtension>
            <gpxtpx:atemp>31</gpxtpx:atemp>
            <gpxtpx:hr>167</gpxtpx:hr>
            <gpxtpx:cad>86</gpxtpx:cad>
          </gpxtpx:TrackPointExtension>
        </extensions>
      </trkpt>
      <trkpt lat="46.49269415996969" lon="13.728437907993793">
        <ele>853.5999755859375</ele>
        <time>2026-07-04T10:55:25.539Z</time>
        <extensions>
          <gpxtpx:TrackPointExtension>
            <gpxtpx:atemp>31</gpxtpx:atemp>
            <gpxtpx:hr>167</gpxtpx:hr>
            <gpxtpx:cad>86</gpxtpx:cad>
          </gpxtpx:TrackPointExtension>
        </extensions>
      </trkpt>
      <trkpt lat="46.49271444417536" lon="13.728373618796468">
        <ele>853.5999755859375</ele>
        <time>2026-07-04T10:55:26.539Z</time>
        <extensions>
          <gpxtpx:TrackPointExtension>
            <gpxtpx:atemp>31</gpxtpx:atemp>
            <gpxtpx:hr>167</gpxtpx:hr>
            <gpxtpx:cad>86</gpxtpx:cad>
          </gpxtpx:TrackPointExtension>
        </extensions>
      </trkpt>
      <trkpt lat="46.49273154325783" lon="13.728310000151396">
        <ele>853.5999755859375</ele>
        <time>2026-07-04T10:55:27.539Z</time>
        <extensions>
          <gpxtpx:TrackPointExtension>
            <gpxtpx:atemp>31</gpxtpx:atemp>
            <gpxtpx:hr>166</gpxtpx:hr>
            <gpxtpx:cad>87</gpxtpx:cad>
          </gpxtpx:TrackPointExtension>
        </extensions>
      </trkpt>
      <trkpt lat="46.492745876312256" lon="13.728244956582785">
        <ele>853.5999755859375</ele>
        <time>2026-07-04T10:55:28.539Z</time>
        <extensions>
          <gpxtpx:TrackPointExtension>
            <gpxtpx:atemp>31</gpxtpx:atemp>
            <gpxtpx:hr>166</gpxtpx:hr>
            <gpxtpx:cad>88</gpxtpx:cad>
          </gpxtpx:TrackPointExtension>
        </extensions>
      </trkpt>
      <trkpt lat="46.49276188574731" lon="13.728178488090634">
        <ele>853.5999755859375</ele>
        <time>2026-07-04T10:55:29.539Z</time>
        <extensions>
          <gpxtpx:TrackPointExtension>
            <gpxtpx:atemp>31</gpxtpx:atemp>
            <gpxtpx:hr>166</gpxtpx:hr>
            <gpxtpx:cad>89</gpxtpx:cad>
          </gpxtpx:TrackPointExtension>
        </extensions>
      </trkpt>
      <trkpt lat="46.492781499400735" lon="13.728115288540721">
        <ele>853.5999755859375</ele>
        <time>2026-07-04T10:55:30.539Z</time>
        <extensions>
          <gpxtpx:TrackPointExtension>
            <gpxtpx:atemp>31</gpxtpx:atemp>
            <gpxtpx:hr>166</gpxtpx:hr>
            <gpxtpx:cad>89</gpxtpx:cad>
          </gpxtpx:TrackPointExtension>
        </extensions>
      </trkpt>
      <trkpt lat="46.49279549717903" lon="13.728047395125031">
        <ele>853.5999755859375</ele>
        <time>2026-07-04T10:55:31.539Z</time>
        <extensions>
          <gpxtpx:TrackPointExtension>
            <gpxtpx:atemp>31</gpxtpx:atemp>
            <gpxtpx:hr>166</gpxtpx:hr>
            <gpxtpx:cad>88</gpxtpx:cad>
          </gpxtpx:TrackPointExtension>
        </extensions>
      </trkpt>
      <trkpt lat="46.49281301535666" lon="13.727979753166437">
        <ele>853.5999755859375</ele>
        <time>2026-07-04T10:55:32.539Z</time>
        <extensions>
          <gpxtpx:TrackPointExtension>
            <gpxtpx:atemp>31</gpxtpx:atemp>
            <gpxtpx:hr>166</gpxtpx:hr>
            <gpxtpx:cad>89</gpxtpx:cad>
          </gpxtpx:TrackPointExtension>
        </extensions>
      </trkpt>
      <trkpt lat="46.492829946801066" lon="13.727908926084638">
        <ele>853.7999877929688</ele>
        <time>2026-07-04T10:55:33.539Z</time>
        <extensions>
          <gpxtpx:TrackPointExtension>
            <gpxtpx:atemp>31</gpxtpx:atemp>
            <gpxtpx:hr>166</gpxtpx:hr>
            <gpxtpx:cad>89</gpxtpx:cad>
          </gpxtpx:TrackPointExtension>
        </extensions>
      </trkpt>
      <trkpt lat="46.49284637533128" lon="13.727842960506678">
        <ele>853.7999877929688</ele>
        <time>2026-07-04T10:55:34.539Z</time>
        <extensions>
          <gpxtpx:TrackPointExtension>
            <gpxtpx:atemp>31</gpxtpx:atemp>
            <gpxtpx:hr>166</gpxtpx:hr>
            <gpxtpx:cad>90</gpxtpx:cad>
          </gpxtpx:TrackPointExtension>
        </extensions>
      </trkpt>
      <trkpt lat="46.492859702557325" lon="13.727775067090988">
        <ele>853.7999877929688</ele>
        <time>2026-07-04T10:55:35.539Z</time>
        <extensions>
          <gpxtpx:TrackPointExtension>
            <gpxtpx:atemp>31</gpxtpx:atemp>
            <gpxtpx:hr>167</gpxtpx:hr>
            <gpxtpx:cad>90</gpxtpx:cad>
          </gpxtpx:TrackPointExtension>
        </extensions>
      </trkpt>
      <trkpt lat="46.49286883883178" lon="13.727703150361776">
        <ele>853.7999877929688</ele>
        <time>2026-07-04T10:55:36.539Z</time>
        <extensions>
          <gpxtpx:TrackPointExtension>
            <gpxtpx:atemp>31</gpxtpx:atemp>
            <gpxtpx:hr>166</gpxtpx:hr>
            <gpxtpx:cad>90</gpxtpx:cad>
          </gpxtpx:TrackPointExtension>
        </extensions>
      </trkpt>
      <trkpt lat="46.49288007058203" lon="13.727633999660611">
        <ele>853.7999877929688</ele>
        <time>2026-07-04T10:55:37.539Z</time>
        <extensions>
          <gpxtpx:TrackPointExtension>
            <gpxtpx:atemp>31</gpxtpx:atemp>
            <gpxtpx:hr>166</gpxtpx:hr>
            <gpxtpx:cad>90</gpxtpx:cad>
          </gpxtpx:TrackPointExtension>
        </extensions>
      </trkpt>
      <trkpt lat="46.49289406836033" lon="13.72756359167397">
        <ele>853.7999877929688</ele>
        <time>2026-07-04T10:55:38.539Z</time>
        <extensions>
          <gpxtpx:TrackPointExtension>
            <gpxtpx:atemp>31</gpxtpx:atemp>
            <gpxtpx:hr>167</gpxtpx:hr>
            <gpxtpx:cad>88</gpxtpx:cad>
          </gpxtpx:TrackPointExtension>
        </extensions>
      </trkpt>
      <trkpt lat="46.49290345609188" lon="13.727496033534408">
        <ele>853.7999877929688</ele>
        <time>2026-07-04T10:55:39.539Z</time>
        <extensions>
          <gpxtpx:TrackPointExtension>
            <gpxtpx:atemp>31</gpxtpx:atemp>
            <gpxtpx:hr>167</gpxtpx:hr>
            <gpxtpx:cad>87</gpxtpx:cad>
          </gpxtpx:TrackPointExtension>
        </extensions>
      </trkpt>
      <trkpt lat="46.49290546774864" lon="13.727428140118718">
        <ele>853.7999877929688</ele>
        <time>2026-07-04T10:55:40.539Z</time>
        <extensions>
          <gpxtpx:TrackPointExtension>
            <gpxtpx:atemp>31</gpxtpx:atemp>
            <gpxtpx:hr>167</gpxtpx:hr>
            <gpxtpx:cad>88</gpxtpx:cad>
          </gpxtpx:TrackPointExtension>
        </extensions>
      </trkpt>
      <trkpt lat="46.492915861308575" lon="13.727361168712378">
        <ele>854</ele>
        <time>2026-07-04T10:55:41.539Z</time>
        <extensions>
          <gpxtpx:TrackPointExtension>
            <gpxtpx:atemp>31</gpxtpx:atemp>
            <gpxtpx:hr>167</gpxtpx:hr>
            <gpxtpx:cad>88</gpxtpx:cad>
          </gpxtpx:TrackPointExtension>
        </extensions>
      </trkpt>
      <trkpt lat="46.49292700923979" lon="13.727293442934752">
        <ele>854</ele>
        <time>2026-07-04T10:55:42.539Z</time>
        <extensions>
          <gpxtpx:TrackPointExtension>
            <gpxtpx:atemp>31</gpxtpx:atemp>
            <gpxtpx:hr>167</gpxtpx:hr>
            <gpxtpx:cad>88</gpxtpx:cad>
          </gpxtpx:TrackPointExtension>
        </extensions>
      </trkpt>
      <trkpt lat="46.492935474961996" lon="13.727224711328745">
        <ele>854.2000122070312</ele>
        <time>2026-07-04T10:55:43.539Z</time>
        <extensions>
          <gpxtpx:TrackPointExtension>
            <gpxtpx:atemp>31</gpxtpx:atemp>
            <gpxtpx:hr>167</gpxtpx:hr>
            <gpxtpx:cad>88</gpxtpx:cad>
          </gpxtpx:TrackPointExtension>
        </extensions>
      </trkpt>
      <trkpt lat="46.4929423481226" lon="13.727153465151787">
        <ele>854.2000122070312</ele>
        <time>2026-07-04T10:55:44.539Z</time>
        <extensions>
          <gpxtpx:TrackPointExtension>
            <gpxtpx:atemp>31</gpxtpx:atemp>
            <gpxtpx:hr>167</gpxtpx:hr>
            <gpxtpx:cad>88</gpxtpx:cad>
          </gpxtpx:TrackPointExtension>
        </extensions>
      </trkpt>
      <trkpt lat="46.49294729344547" lon="13.72708817012608">
        <ele>854.2000122070312</ele>
        <time>2026-07-04T10:55:45.539Z</time>
        <extensions>
          <gpxtpx:TrackPointExtension>
            <gpxtpx:atemp>31</gpxtpx:atemp>
            <gpxtpx:hr>167</gpxtpx:hr>
            <gpxtpx:cad>89</gpxtpx:cad>
          </gpxtpx:TrackPointExtension>
        </extensions>
      </trkpt>
      <trkpt lat="46.4929508138448" lon="13.727018516510725">
        <ele>854.4000244140625</ele>
        <time>2026-07-04T10:55:46.539Z</time>
        <extensions>
          <gpxtpx:TrackPointExtension>
            <gpxtpx:atemp>31</gpxtpx:atemp>
            <gpxtpx:hr>167</gpxtpx:hr>
            <gpxtpx:cad>89</gpxtpx:cad>
          </gpxtpx:TrackPointExtension>
        </extensions>
      </trkpt>
      <trkpt lat="46.49295073002577" lon="13.72694936580956">
        <ele>854.4000244140625</ele>
        <time>2026-07-04T10:55:47.539Z</time>
        <extensions>
          <gpxtpx:TrackPointExtension>
            <gpxtpx:atemp>31</gpxtpx:atemp>
            <gpxtpx:hr>167</gpxtpx:hr>
            <gpxtpx:cad>88</gpxtpx:cad>
          </gpxtpx:TrackPointExtension>
        </extensions>
      </trkpt>
      <trkpt lat="46.49295190349221" lon="13.726883986964822">
        <ele>854.5999755859375</ele>
        <time>2026-07-04T10:55:48.539Z</time>
        <extensions>
          <gpxtpx:TrackPointExtension>
            <gpxtpx:atemp>31</gpxtpx:atemp>
            <gpxtpx:hr>166</gpxtpx:hr>
            <gpxtpx:cad>89</gpxtpx:cad>
          </gpxtpx:TrackPointExtension>
        </extensions>
      </trkpt>
      <trkpt lat="46.492948634549975" lon="13.726812992244959">
        <ele>854.5999755859375</ele>
        <time>2026-07-04T10:55:49.539Z</time>
        <extensions>
          <gpxtpx:TrackPointExtension>
            <gpxtpx:atemp>31</gpxtpx:atemp>
            <gpxtpx:hr>166</gpxtpx:hr>
            <gpxtpx:cad>91</gpxtpx:cad>
          </gpxtpx:TrackPointExtension>
        </extensions>
      </trkpt>
      <trkpt lat="46.49294972419739" lon="13.726757671684027">
        <ele>854.7999877929688</ele>
        <time>2026-07-04T10:55:50.539Z</time>
        <extensions>
          <gpxtpx:TrackPointExtension>
            <gpxtpx:atemp>31</gpxtpx:atemp>
            <gpxtpx:hr>167</gpxtpx:hr>
            <gpxtpx:cad>93</gpxtpx:cad>
          </gpxtpx:TrackPointExtension>
        </extensions>
      </trkpt>
      <trkpt lat="46.49295140057802" lon="13.726674355566502">
        <ele>854.7999877929688</ele>
        <time>2026-07-04T10:55:51.539Z</time>
        <extensions>
          <gpxtpx:TrackPointExtension>
            <gpxtpx:atemp>31</gpxtpx:atemp>
            <gpxtpx:hr>167</gpxtpx:hr>
            <gpxtpx:cad>93</gpxtpx:cad>
          </gpxtpx:TrackPointExtension>
        </extensions>
      </trkpt>
      <trkpt lat="46.49295902810991" lon="13.726611407473683">
        <ele>854.7999877929688</ele>
        <time>2026-07-04T10:55:52.539Z</time>
        <extensions>
          <gpxtpx:TrackPointExtension>
            <gpxtpx:atemp>31</gpxtpx:atemp>
            <gpxtpx:hr>167</gpxtpx:hr>
            <gpxtpx:cad>92</gpxtpx:cad>
          </gpxtpx:TrackPointExtension>
        </extensions>
      </trkpt>
      <trkpt lat="46.492964224889874" lon="13.72653940692544">
        <ele>854.7999877929688</ele>
        <time>2026-07-04T10:55:53.539Z</time>
        <extensions>
          <gpxtpx:TrackPointExtension>
            <gpxtpx:atemp>31</gpxtpx:atemp>
            <gpxtpx:hr>167</gpxtpx:hr>
            <gpxtpx:cad>91</gpxtpx:cad>
          </gpxtpx:TrackPointExtension>
        </extensions>
      </trkpt>
      <trkpt lat="46.49295651353896" lon="13.726463047787547">
        <ele>854.7999877929688</ele>
        <time>2026-07-04T10:55:54.539Z</time>
        <extensions>
          <gpxtpx:TrackPointExtension>
            <gpxtpx:atemp>31</gpxtpx:atemp>
            <gpxtpx:hr>167</gpxtpx:hr>
            <gpxtpx:cad>90</gpxtpx:cad>
          </gpxtpx:TrackPointExtension>
        </extensions>
      </trkpt>
      <trkpt lat="46.49295710027218" lon="13.726410660892725">
        <ele>855</ele>
        <time>2026-07-04T10:55:55.539Z</time>
        <extensions>
          <gpxtpx:TrackPointExtension>
            <gpxtpx:atemp>31</gpxtpx:atemp>
            <gpxtpx:hr>167</gpxtpx:hr>
            <gpxtpx:cad>89</gpxtpx:cad>
          </gpxtpx:TrackPointExtension>
        </extensions>
      </trkpt>
      <trkpt lat="46.49295357987285" lon="13.726340001448989">
        <ele>855</ele>
        <time>2026-07-04T10:55:56.539Z</time>
        <extensions>
          <gpxtpx:TrackPointExtension>
            <gpxtpx:atemp>31</gpxtpx:atemp>
            <gpxtpx:hr>167</gpxtpx:hr>
            <gpxtpx:cad>89</gpxtpx:cad>
          </gpxtpx:TrackPointExtension>
        </extensions>
      </trkpt>
      <trkpt lat="46.49293824099004" lon="13.726252242922783">
        <ele>855</ele>
        <time>2026-07-04T10:55:57.539Z</time>
        <extensions>
          <gpxtpx:TrackPointExtension>
            <gpxtpx:atemp>31</gpxtpx:atemp>
            <gpxtpx:hr>167</gpxtpx:hr>
            <gpxtpx:cad>88</gpxtpx:cad>
          </gpxtpx:TrackPointExtension>
        </extensions>
      </trkpt>
      <trkpt lat="46.49293379858136" lon="13.726182840764523">
        <ele>855.2000122070312</ele>
        <time>2026-07-04T10:55:58.539Z</time>
        <extensions>
          <gpxtpx:TrackPointExtension>
            <gpxtpx:atemp>31</gpxtpx:atemp>
            <gpxtpx:hr>167</gpxtpx:hr>
            <gpxtpx:cad>88</gpxtpx:cad>
          </gpxtpx:TrackPointExtension>
        </extensions>
      </trkpt>
      <trkpt lat="46.49292114190757" lon="13.726121736690402">
        <ele>855.2000122070312</ele>
        <time>2026-07-04T10:55:59.539Z</time>
        <extensions>
          <gpxtpx:TrackPointExtension>
            <gpxtpx:atemp>31</gpxtpx:atemp>
            <gpxtpx:hr>167</gpxtpx:hr>
            <gpxtpx:cad>89</gpxtpx:cad>
          </gpxtpx:TrackPointExtension>
        </extensions>
      </trkpt>
      <trkpt lat="46.492909993976355" lon="13.72605032287538">
        <ele>855.4000244140625</ele>
        <time>2026-07-04T10:56:00.539Z</time>
        <extensions>
          <gpxtpx:TrackPointExtension>
            <gpxtpx:atemp>31</gpxtpx:atemp>
            <gpxtpx:hr>167</gpxtpx:hr>
            <gpxtpx:cad>89</gpxtpx:cad>
          </gpxtpx:TrackPointExtension>
        </extensions>
      </trkpt>
      <trkpt lat="46.49289884604514" lon="13.725964156910777">
        <ele>855.4000244140625</ele>
        <time>2026-07-04T10:56:01.539Z</time>
        <extensions>
          <gpxtpx:TrackPointExtension>
            <gpxtpx:atemp>31</gpxtpx:atemp>
            <gpxtpx:hr>167</gpxtpx:hr>
            <gpxtpx:cad>87</gpxtpx:cad>
          </gpxtpx:TrackPointExtension>
        </extensions>
      </trkpt>
      <trkpt lat="46.492885267362" lon="13.725894000381231">
        <ele>855.4000244140625</ele>
        <time>2026-07-04T10:56:02.539Z</time>
        <extensions>
          <gpxtpx:TrackPointExtension>
            <gpxtpx:atemp>31</gpxtpx:atemp>
            <gpxtpx:hr>167</gpxtpx:hr>
            <gpxtpx:cad>87</gpxtpx:cad>
          </gpxtpx:TrackPointExtension>
        </extensions>
      </trkpt>
      <trkpt lat="46.49287361651659" lon="13.725825268775225">
        <ele>855.4000244140625</ele>
        <time>2026-07-04T10:56:03.539Z</time>
        <extensions>
          <gpxtpx:TrackPointExtension>
            <gpxtpx:atemp>31</gpxtpx:atemp>
            <gpxtpx:hr>167</gpxtpx:hr>
            <gpxtpx:cad>87</gpxtpx:cad>
          </gpxtpx:TrackPointExtension>
        </extensions>
      </trkpt>
      <trkpt lat="46.49286540225148" lon="13.725773887708783">
        <ele>855.4000244140625</ele>
        <time>2026-07-04T10:56:04.539Z</time>
        <extensions>
          <gpxtpx:TrackPointExtension>
            <gpxtpx:atemp>31</gpxtpx:atemp>
            <gpxtpx:hr>167</gpxtpx:hr>
            <gpxtpx:cad>87</gpxtpx:cad>
          </gpxtpx:TrackPointExtension>
        </extensions>
      </trkpt>
      <trkpt lat="46.492852829396725" lon="13.725692834705114">
        <ele>855.4000244140625</ele>
        <time>2026-07-04T10:56:05.539Z</time>
        <extensions>
          <gpxtpx:TrackPointExtension>
            <gpxtpx:atemp>31</gpxtpx:atemp>
            <gpxtpx:hr>167</gpxtpx:hr>
            <gpxtpx:cad>89</gpxtpx:cad>
          </gpxtpx:TrackPointExtension>
        </extensions>
      </trkpt>
      <trkpt lat="46.49284679442644" lon="13.725626701489091">
        <ele>855.4000244140625</ele>
        <time>2026-07-04T10:56:06.539Z</time>
        <extensions>
          <gpxtpx:TrackPointExtension>
            <gpxtpx:atemp>31</gpxtpx:atemp>
            <gpxtpx:hr>167</gpxtpx:hr>
            <gpxtpx:cad>89</gpxtpx:cad>
          </gpxtpx:TrackPointExtension>
        </extensions>
      </trkpt>
      <trkpt lat="46.49283631704748" lon="13.725562328472733">
        <ele>855.5999755859375</ele>
        <time>2026-07-04T10:56:07.539Z</time>
        <extensions>
          <gpxtpx:TrackPointExtension>
            <gpxtpx:atemp>31</gpxtpx:atemp>
            <gpxtpx:hr>167</gpxtpx:hr>
            <gpxtpx:cad>90</gpxtpx:cad>
          </gpxtpx:TrackPointExtension>
        </extensions>
      </trkpt>
      <trkpt lat="46.492823073640466" lon="13.725504325702786">
        <ele>855.5999755859375</ele>
        <time>2026-07-04T10:56:08.539Z</time>
        <extensions>
          <gpxtpx:TrackPointExtension>
            <gpxtpx:atemp>31</gpxtpx:atemp>
            <gpxtpx:hr>167</gpxtpx:hr>
            <gpxtpx:cad>89</gpxtpx:cad>
          </gpxtpx:TrackPointExtension>
        </extensions>
      </trkpt>
      <trkpt lat="46.49281050078571" lon="13.725421093404293">
        <ele>855.5999755859375</ele>
        <time>2026-07-04T10:56:09.539Z</time>
        <extensions>
          <gpxtpx:TrackPointExtension>
            <gpxtpx:atemp>31</gpxtpx:atemp>
            <gpxtpx:hr>167</gpxtpx:hr>
            <gpxtpx:cad>90</gpxtpx:cad>
          </gpxtpx:TrackPointExtension>
        </extensions>
      </trkpt>
      <trkpt lat="46.4928004425019" lon="13.725355127826333">
        <ele>855.5999755859375</ele>
        <time>2026-07-04T10:56:10.539Z</time>
        <extensions>
          <gpxtpx:TrackPointExtension>
            <gpxtpx:atemp>31</gpxtpx:atemp>
            <gpxtpx:hr>167</gpxtpx:hr>
            <gpxtpx:cad>91</gpxtpx:cad>
          </gpxtpx:TrackPointExtension>
        </extensions>
      </trkpt>
      <trkpt lat="46.49278895929456" lon="13.72529972344637">
        <ele>855.5999755859375</ele>
        <time>2026-07-04T10:56:11.539Z</time>
        <extensions>
          <gpxtpx:TrackPointExtension>
            <gpxtpx:atemp>31</gpxtpx:atemp>
            <gpxtpx:hr>167</gpxtpx:hr>
            <gpxtpx:cad>92</gpxtpx:cad>
          </gpxtpx:TrackPointExtension>
        </extensions>
      </trkpt>
      <trkpt lat="46.49276959709823" lon="13.72522059828043">
        <ele>855.4000244140625</ele>
        <time>2026-07-04T10:56:12.539Z</time>
        <extensions>
          <gpxtpx:TrackPointExtension>
            <gpxtpx:atemp>31</gpxtpx:atemp>
            <gpxtpx:hr>167</gpxtpx:hr>
            <gpxtpx:cad>93</gpxtpx:cad>
          </gpxtpx:TrackPointExtension>
        </extensions>
      </trkpt>
      <trkpt lat="46.49275057017803" lon="13.725151028484106">
        <ele>855.4000244140625</ele>
        <time>2026-07-04T10:56:13.539Z</time>
        <extensions>
          <gpxtpx:TrackPointExtension>
            <gpxtpx:atemp>31</gpxtpx:atemp>
            <gpxtpx:hr>167</gpxtpx:hr>
            <gpxtpx:cad>93</gpxtpx:cad>
          </gpxtpx:TrackPointExtension>
        </extensions>
      </trkpt>
      <trkpt lat="46.492726765573025" lon="13.72509109787643">
        <ele>855.4000244140625</ele>
        <time>2026-07-04T10:56:14.539Z</time>
        <extensions>
          <gpxtpx:TrackPointExtension>
            <gpxtpx:atemp>31</gpxtpx:atemp>
            <gpxtpx:hr>167</gpxtpx:hr>
            <gpxtpx:cad>95</gpxtpx:cad>
          </gpxtpx:TrackPointExtension>
        </extensions>
      </trkpt>
      <trkpt lat="46.492697428911924" lon="13.725001830607653">
        <ele>855.4000244140625</ele>
        <time>2026-07-04T10:56:15.539Z</time>
        <extensions>
          <gpxtpx:TrackPointExtension>
            <gpxtpx:atemp>31</gpxtpx:atemp>
            <gpxtpx:hr>167</gpxtpx:hr>
            <gpxtpx:cad>95</gpxtpx:cad>
          </gpxtpx:TrackPointExtension>
        </extensions>
      </trkpt>
      <trkpt lat="46.49267815053463" lon="13.724929746240377">
        <ele>855.4000244140625</ele>
        <time>2026-07-04T10:56:16.539Z</time>
        <extensions>
          <gpxtpx:TrackPointExtension>
            <gpxtpx:atemp>31</gpxtpx:atemp>
            <gpxtpx:hr>167</gpxtpx:hr>
            <gpxtpx:cad>96</gpxtpx:cad>
          </gpxtpx:TrackPointExtension>
        </extensions>
      </trkpt>
      <trkpt lat="46.492658872157335" lon="13.72486051172018">
        <ele>855.4000244140625</ele>
        <time>2026-07-04T10:56:17.539Z</time>
        <extensions>
          <gpxtpx:TrackPointExtension>
            <gpxtpx:atemp>31</gpxtpx:atemp>
            <gpxtpx:hr>167</gpxtpx:hr>
            <gpxtpx:cad>95</gpxtpx:cad>
          </gpxtpx:TrackPointExtension>
        </extensions>
      </trkpt>
      <trkpt lat="46.49263992905617" lon="13.724792618304491">
        <ele>855.4000244140625</ele>
        <time>2026-07-04T10:56:18.539Z</time>
        <extensions>
          <gpxtpx:TrackPointExtension>
            <gpxtpx:atemp>31</gpxtpx:atemp>
            <gpxtpx:hr>166</gpxtpx:hr>
            <gpxtpx:cad>94</gpxtpx:cad>
          </gpxtpx:TrackPointExtension>
        </extensions>
      </trkpt>
      <trkpt lat="46.492619812488556" lon="13.72472413815558">
        <ele>855.4000244140625</ele>
        <time>2026-07-04T10:56:19.539Z</time>
        <extensions>
          <gpxtpx:TrackPointExtension>
            <gpxtpx:atemp>31</gpxtpx:atemp>
            <gpxtpx:hr>166</gpxtpx:hr>
            <gpxtpx:cad>94</gpxtpx:cad>
          </gpxtpx:TrackPointExtension>
        </extensions>
      </trkpt>
      <trkpt lat="46.492602210491896" lon="13.724668063223362">
        <ele>855.4000244140625</ele>
        <time>2026-07-04T10:56:20.539Z</time>
        <extensions>
          <gpxtpx:TrackPointExtension>
            <gpxtpx:atemp>31</gpxtpx:atemp>
            <gpxtpx:hr>166</gpxtpx:hr>
            <gpxtpx:cad>93</gpxtpx:cad>
          </gpxtpx:TrackPointExtension>
        </extensions>
      </trkpt>
      <trkpt lat="46.492578657343984" lon="13.724599163979292">
        <ele>855.4000244140625</ele>
        <time>2026-07-04T10:56:21.539Z</time>
        <extensions>
          <gpxtpx:TrackPointExtension>
            <gpxtpx:atemp>31</gpxtpx:atemp>
            <gpxtpx:hr>165</gpxtpx:hr>
            <gpxtpx:cad>92</gpxtpx:cad>
          </gpxtpx:TrackPointExtension>
        </extensions>
      </trkpt>
      <trkpt lat="46.492557702586055" lon="13.724533868953586">
        <ele>855.4000244140625</ele>
        <time>2026-07-04T10:56:22.539Z</time>
        <extensions>
          <gpxtpx:TrackPointExtension>
            <gpxtpx:atemp>31</gpxtpx:atemp>
            <gpxtpx:hr>166</gpxtpx:hr>
            <gpxtpx:cad>92</gpxtpx:cad>
          </gpxtpx:TrackPointExtension>
        </extensions>
      </trkpt>
      <trkpt lat="46.492531299591064" lon="13.724454324692488">
        <ele>855.4000244140625</ele>
        <time>2026-07-04T10:56:23.539Z</time>
        <extensions>
          <gpxtpx:TrackPointExtension>
            <gpxtpx:atemp>31</gpxtpx:atemp>
            <gpxtpx:hr>165</gpxtpx:hr>
            <gpxtpx:cad>92</gpxtpx:cad>
          </gpxtpx:TrackPointExtension>
        </extensions>
      </trkpt>
      <trkpt lat="46.49250556714833" lon="13.724381737411022">
        <ele>855.5999755859375</ele>
        <time>2026-07-04T10:56:24.539Z</time>
        <extensions>
          <gpxtpx:TrackPointExtension>
            <gpxtpx:atemp>31</gpxtpx:atemp>
            <gpxtpx:hr>165</gpxtpx:hr>
            <gpxtpx:cad>92</gpxtpx:cad>
          </gpxtpx:TrackPointExtension>
        </extensions>
      </trkpt>
      <trkpt lat="46.49248402565718" lon="13.724312335252762">
        <ele>855.4000244140625</ele>
        <time>2026-07-04T10:56:25.539Z</time>
        <extensions>
          <gpxtpx:TrackPointExtension>
            <gpxtpx:atemp>31</gpxtpx:atemp>
            <gpxtpx:hr>165</gpxtpx:hr>
            <gpxtpx:cad>92</gpxtpx:cad>
          </gpxtpx:TrackPointExtension>
        </extensions>
      </trkpt>
      <trkpt lat="46.492460053414106" lon="13.724245699122548">
        <ele>855.5999755859375</ele>
        <time>2026-07-04T10:56:26.539Z</time>
        <extensions>
          <gpxtpx:TrackPointExtension>
            <gpxtpx:atemp>31</gpxtpx:atemp>
            <gpxtpx:hr>164</gpxtpx:hr>
            <gpxtpx:cad>92</gpxtpx:cad>
          </gpxtpx:TrackPointExtension>
        </extensions>
      </trkpt>
      <trkpt lat="46.492435578256845" lon="13.724179482087493">
        <ele>855.5999755859375</ele>
        <time>2026-07-04T10:56:27.539Z</time>
        <extensions>
          <gpxtpx:TrackPointExtension>
            <gpxtpx:atemp>31</gpxtpx:atemp>
            <gpxtpx:hr>164</gpxtpx:hr>
            <gpxtpx:cad>91</gpxtpx:cad>
          </gpxtpx:TrackPointExtension>
        </extensions>
      </trkpt>
      <trkpt lat="46.49241177365184" lon="13.724115695804358">
        <ele>855.5999755859375</ele>
        <time>2026-07-04T10:56:28.539Z</time>
        <extensions>
          <gpxtpx:TrackPointExtension>
            <gpxtpx:atemp>31</gpxtpx:atemp>
            <gpxtpx:hr>164</gpxtpx:hr>
            <gpxtpx:cad>91</gpxtpx:cad>
          </gpxtpx:TrackPointExtension>
        </extensions>
      </trkpt>
      <trkpt lat="46.49238847196102" lon="13.724053418263793">
        <ele>855.5999755859375</ele>
        <time>2026-07-04T10:56:29.539Z</time>
        <extensions>
          <gpxtpx:TrackPointExtension>
            <gpxtpx:atemp>31</gpxtpx:atemp>
            <gpxtpx:hr>164</gpxtpx:hr>
            <gpxtpx:cad>91</gpxtpx:cad>
          </gpxtpx:TrackPointExtension>
        </extensions>
      </trkpt>
      <trkpt lat="46.49236491881311" lon="13.723991895094514">
        <ele>855.5999755859375</ele>
        <time>2026-07-04T10:56:30.539Z</time>
        <extensions>
          <gpxtpx:TrackPointExtension>
            <gpxtpx:atemp>31</gpxtpx:atemp>
            <gpxtpx:hr>164</gpxtpx:hr>
            <gpxtpx:cad>91</gpxtpx:cad>
          </gpxtpx:TrackPointExtension>
        </extensions>
      </trkpt>
      <trkpt lat="46.49234329350293" lon="13.723933473229408">
        <ele>855.5999755859375</ele>
        <time>2026-07-04T10:56:31.539Z</time>
        <extensions>
          <gpxtpx:TrackPointExtension>
            <gpxtpx:atemp>31</gpxtpx:atemp>
            <gpxtpx:hr>164</gpxtpx:hr>
          </gpxtpx:TrackPointExtension>
        </extensions>
      </trkpt>
      <trkpt lat="46.49231714196503" lon="13.723870273679495">
        <ele>855.5999755859375</ele>
        <time>2026-07-04T10:56:32.539Z</time>
        <extensions>
          <gpxtpx:TrackPointExtension>
            <gpxtpx:atemp>31</gpxtpx:atemp>
            <gpxtpx:hr>164</gpxtpx:hr>
          </gpxtpx:TrackPointExtension>
        </extensions>
      </trkpt>
      <trkpt lat="46.492293421179056" lon="13.723810007795691">
        <ele>855.5999755859375</ele>
        <time>2026-07-04T10:56:33.539Z</time>
        <extensions>
          <gpxtpx:TrackPointExtension>
            <gpxtpx:atemp>31</gpxtpx:atemp>
            <gpxtpx:hr>164</gpxtpx:hr>
          </gpxtpx:TrackPointExtension>
        </extensions>
      </trkpt>
      <trkpt lat="46.492269868031144" lon="13.72375519014895">
        <ele>855.5999755859375</ele>
        <time>2026-07-04T10:56:34.539Z</time>
        <extensions>
          <gpxtpx:TrackPointExtension>
            <gpxtpx:atemp>31</gpxtpx:atemp>
            <gpxtpx:hr>164</gpxtpx:hr>
          </gpxtpx:TrackPointExtension>
        </extensions>
      </trkpt>
      <trkpt lat="46.49224480614066" lon="13.723699618130922">
        <ele>855.4000244140625</ele>
        <time>2026-07-04T10:56:35.539Z</time>
        <extensions>
          <gpxtpx:TrackPointExtension>
            <gpxtpx:atemp>31</gpxtpx:atemp>
            <gpxtpx:hr>164</gpxtpx:hr>
            <gpxtpx:cad>7</gpxtpx:cad>
          </gpxtpx:TrackPointExtension>
        </extensions>
      </trkpt>
      <trkpt lat="46.49222167208791" lon="13.723644381389022">
        <ele>855.4000244140625</ele>
        <time>2026-07-04T10:56:36.539Z</time>
        <extensions>
          <gpxtpx:TrackPointExtension>
            <gpxtpx:atemp>31</gpxtpx:atemp>
            <gpxtpx:hr>164</gpxtpx:hr>
            <gpxtpx:cad>84</gpxtpx:cad>
          </gpxtpx:TrackPointExtension>
        </extensions>
      </trkpt>
      <trkpt lat="46.492198035120964" lon="13.723588641732931">
        <ele>855.4000244140625</ele>
        <time>2026-07-04T10:56:37.539Z</time>
        <extensions>
          <gpxtpx:TrackPointExtension>
            <gpxtpx:atemp>31</gpxtpx:atemp>
            <gpxtpx:hr>164</gpxtpx:hr>
            <gpxtpx:cad>86</gpxtpx:cad>
          </gpxtpx:TrackPointExtension>
        </extensions>
      </trkpt>
      <trkpt lat="46.492177080363035" lon="13.723539859056473">
        <ele>855.2000122070312</ele>
        <time>2026-07-04T10:56:38.539Z</time>
        <extensions>
          <gpxtpx:TrackPointExtension>
            <gpxtpx:atemp>31</gpxtpx:atemp>
            <gpxtpx:hr>163</gpxtpx:hr>
            <gpxtpx:cad>87</gpxtpx:cad>
          </gpxtpx:TrackPointExtension>
        </extensions>
      </trkpt>
      <trkpt lat="46.49214791134" lon="13.723480682820082">
        <ele>855.2000122070312</ele>
        <time>2026-07-04T10:56:39.539Z</time>
        <extensions>
          <gpxtpx:TrackPointExtension>
            <gpxtpx:atemp>31</gpxtpx:atemp>
            <gpxtpx:hr>163</gpxtpx:hr>
            <gpxtpx:cad>88</gpxtpx:cad>
          </gpxtpx:TrackPointExtension>
        </extensions>
      </trkpt>
      <trkpt lat="46.492114551365376" lon="13.72341119684279">
        <ele>855.2000122070312</ele>
        <time>2026-07-04T10:56:40.539Z</time>
        <extensions>
          <gpxtpx:TrackPointExtension>
            <gpxtpx:atemp>31</gpxtpx:atemp>
            <gpxtpx:hr>163</gpxtpx:hr>
            <gpxtpx:cad>88</gpxtpx:cad>
          </gpxtpx:TrackPointExtension>
        </extensions>
      </trkpt>
      <trkpt lat="46.49208831600845" lon="13.723350930958986">
        <ele>855.2000122070312</ele>
        <time>2026-07-04T10:56:41.539Z</time>
        <extensions>
          <gpxtpx:TrackPointExtension>
            <gpxtpx:atemp>31</gpxtpx:atemp>
            <gpxtpx:hr>163</gpxtpx:hr>
            <gpxtpx:cad>88</gpxtpx:cad>
          </gpxtpx:TrackPointExtension>
        </extensions>
      </trkpt>
      <trkpt lat="46.49206551723182" lon="13.723304495215416">
        <ele>855.2000122070312</ele>
        <time>2026-07-04T10:56:42.539Z</time>
        <extensions>
          <gpxtpx:TrackPointExtension>
            <gpxtpx:atemp>31</gpxtpx:atemp>
            <gpxtpx:hr>163</gpxtpx:hr>
            <gpxtpx:cad>92</gpxtpx:cad>
          </gpxtpx:TrackPointExtension>
        </extensions>
      </trkpt>
      <trkpt lat="46.49203450419009" lon="13.723247833549976">
        <ele>855.2000122070312</ele>
        <time>2026-07-04T10:56:43.539Z</time>
        <extensions>
          <gpxtpx:TrackPointExtension>
            <gpxtpx:atemp>31</gpxtpx:atemp>
            <gpxtpx:hr>162</gpxtpx:hr>
            <gpxtpx:cad>94</gpxtpx:cad>
          </gpxtpx:TrackPointExtension>
        </extensions>
      </trkpt>
      <trkpt lat="46.49199795909226" lon="13.72317960485816">
        <ele>855.2000122070312</ele>
        <time>2026-07-04T10:56:44.539Z</time>
        <extensions>
          <gpxtpx:TrackPointExtension>
            <gpxtpx:atemp>31</gpxtpx:atemp>
            <gpxtpx:hr>163</gpxtpx:hr>
            <gpxtpx:cad>96</gpxtpx:cad>
          </gpxtpx:TrackPointExtension>
        </extensions>
      </trkpt>
      <trkpt lat="46.4919666107744" lon="13.723119255155325">
        <ele>855.4000244140625</ele>
        <time>2026-07-04T10:56:45.539Z</time>
        <extensions>
          <gpxtpx:TrackPointExtension>
            <gpxtpx:atemp>31</gpxtpx:atemp>
            <gpxtpx:hr>163</gpxtpx:hr>
            <gpxtpx:cad>97</gpxtpx:cad>
          </gpxtpx:TrackPointExtension>
        </extensions>
      </trkpt>
      <trkpt lat="46.49193308316171" lon="13.723057564347982">
        <ele>855.2000122070312</ele>
        <time>2026-07-04T10:56:46.539Z</time>
        <extensions>
          <gpxtpx:TrackPointExtension>
            <gpxtpx:atemp>31</gpxtpx:atemp>
            <gpxtpx:hr>163</gpxtpx:hr>
            <gpxtpx:cad>98</gpxtpx:cad>
          </gpxtpx:TrackPointExtension>
        </extensions>
      </trkpt>
      <trkpt lat="46.491896538063884" lon="13.722994700074196">
        <ele>855.2000122070312</ele>
        <time>2026-07-04T10:56:47.539Z</time>
        <extensions>
          <gpxtpx:TrackPointExtension>
            <gpxtpx:atemp>31</gpxtpx:atemp>
            <gpxtpx:hr>163</gpxtpx:hr>
            <gpxtpx:cad>98</gpxtpx:cad>
          </gpxtpx:TrackPointExtension>
        </extensions>
      </trkpt>
      <trkpt lat="46.49186954833567" lon="13.72294893488288">
        <ele>855.2000122070312</ele>
        <time>2026-07-04T10:56:48.539Z</time>
        <extensions>
          <gpxtpx:TrackPointExtension>
            <gpxtpx:atemp>31</gpxtpx:atemp>
            <gpxtpx:hr>163</gpxtpx:hr>
            <gpxtpx:cad>85</gpxtpx:cad>
          </gpxtpx:TrackPointExtension>
        </extensions>
      </trkpt>
      <trkpt lat="46.49183769710362" lon="13.722889674827456">
        <ele>855.2000122070312</ele>
        <time>2026-07-04T10:56:49.539Z</time>
        <extensions>
          <gpxtpx:TrackPointExtension>
            <gpxtpx:atemp>31</gpxtpx:atemp>
            <gpxtpx:hr>163</gpxtpx:hr>
            <gpxtpx:cad>85</gpxtpx:cad>
          </gpxtpx:TrackPointExtension>
        </extensions>
      </trkpt>
      <trkpt lat="46.49180199019611" lon="13.722816416993737">
        <ele>855.2000122070312</ele>
        <time>2026-07-04T10:56:50.539Z</time>
        <extensions>
          <gpxtpx:TrackPointExtension>
            <gpxtpx:atemp>31</gpxtpx:atemp>
            <gpxtpx:hr>163</gpxtpx:hr>
            <gpxtpx:cad>85</gpxtpx:cad>
          </gpxtpx:TrackPointExtension>
        </extensions>
      </trkpt>
      <trkpt lat="46.49177282117307" lon="13.722755648195744">
        <ele>855.2000122070312</ele>
        <time>2026-07-04T10:56:51.539Z</time>
        <extensions>
          <gpxtpx:TrackPointExtension>
            <gpxtpx:atemp>31</gpxtpx:atemp>
            <gpxtpx:hr>163</gpxtpx:hr>
            <gpxtpx:cad>85</gpxtpx:cad>
          </gpxtpx:TrackPointExtension>
        </extensions>
      </trkpt>
      <trkpt lat="46.49174281395972" lon="13.722697226330638">
        <ele>855.2000122070312</ele>
        <time>2026-07-04T10:56:52.539Z</time>
        <extensions>
          <gpxtpx:TrackPointExtension>
            <gpxtpx:atemp>31</gpxtpx:atemp>
            <gpxtpx:hr>163</gpxtpx:hr>
          </gpxtpx:TrackPointExtension>
        </extensions>
      </trkpt>
      <trkpt lat="46.49171540513635" lon="13.72264165431261">
        <ele>855.2000122070312</ele>
        <time>2026-07-04T10:56:53.539Z</time>
        <extensions>
          <gpxtpx:TrackPointExtension>
            <gpxtpx:atemp>31</gpxtpx:atemp>
            <gpxtpx:hr>163</gpxtpx:hr>
          </gpxtpx:TrackPointExtension>
        </extensions>
      </trkpt>
      <trkpt lat="46.49168782867491" lon="13.722587171941996">
        <ele>855.2000122070312</ele>
        <time>2026-07-04T10:56:54.539Z</time>
        <extensions>
          <gpxtpx:TrackPointExtension>
            <gpxtpx:atemp>31</gpxtpx:atemp>
            <gpxtpx:hr>163</gpxtpx:hr>
          </gpxtpx:TrackPointExtension>
        </extensions>
      </trkpt>
      <trkpt lat="46.49166511371732" lon="13.722536377608776">
        <ele>855.4000244140625</ele>
        <time>2026-07-04T10:56:55.539Z</time>
        <extensions>
          <gpxtpx:TrackPointExtension>
            <gpxtpx:atemp>31</gpxtpx:atemp>
            <gpxtpx:hr>162</gpxtpx:hr>
          </gpxtpx:TrackPointExtension>
        </extensions>
      </trkpt>
      <trkpt lat="46.49164633825421" lon="13.722489271312952">
        <ele>855.4000244140625</ele>
        <time>2026-07-04T10:56:56.539Z</time>
        <extensions>
          <gpxtpx:TrackPointExtension>
            <gpxtpx:atemp>31</gpxtpx:atemp>
            <gpxtpx:hr>162</gpxtpx:hr>
          </gpxtpx:TrackPointExtension>
        </extensions>
      </trkpt>
      <trkpt lat="46.49163066409528" lon="13.722446104511619">
        <ele>855.4000244140625</ele>
        <time>2026-07-04T10:56:57.539Z</time>
        <extensions>
          <gpxtpx:TrackPointExtension>
            <gpxtpx:atemp>31</gpxtpx:atemp>
            <gpxtpx:hr>162</gpxtpx:hr>
          </gpxtpx:TrackPointExtension>
        </extensions>
      </trkpt>
      <trkpt lat="46.49161943234503" lon="13.72241442091763">
        <ele>855.4000244140625</ele>
        <time>2026-07-04T10:56:58.539Z</time>
        <extensions>
          <gpxtpx:TrackPointExtension>
            <gpxtpx:atemp>31</gpxtpx:atemp>
            <gpxtpx:hr>161</gpxtpx:hr>
            <gpxtpx:cad>5</gpxtpx:cad>
          </gpxtpx:TrackPointExtension>
        </extensions>
      </trkpt>
      <trkpt lat="46.49160082451999" lon="13.722364883869886">
        <ele>855.4000244140625</ele>
        <time>2026-07-04T10:56:59.539Z</time>
        <extensions>
          <gpxtpx:TrackPointExtension>
            <gpxtpx:atemp>31</gpxtpx:atemp>
            <gpxtpx:hr>161</gpxtpx:hr>
            <gpxtpx:cad>5</gpxtpx:cad>
          </gpxtpx:TrackPointExtension>
        </extensions>
      </trkpt>
      <trkpt lat="46.49158347398043" lon="13.722325740382075">
        <ele>855.4000244140625</ele>
        <time>2026-07-04T10:57:00.539Z</time>
        <extensions>
          <gpxtpx:TrackPointExtension>
            <gpxtpx:atemp>31</gpxtpx:atemp>
            <gpxtpx:hr>160</gpxtpx:hr>
            <gpxtpx:cad>62</gpxtpx:cad>
          </gpxtpx:TrackPointExtension>
        </extensions>
      </trkpt>
      <trkpt lat="46.491564279422164" lon="13.722294392064214">
        <ele>855.5999755859375</ele>
        <time>2026-07-04T10:57:01.539Z</time>
        <extensions>
          <gpxtpx:TrackPointExtension>
            <gpxtpx:atemp>31</gpxtpx:atemp>
            <gpxtpx:hr>160</gpxtpx:hr>
            <gpxtpx:cad>62</gpxtpx:cad>
          </gpxtpx:TrackPointExtension>
        </extensions>
      </trkpt>
      <trkpt lat="46.491536032408476" lon="13.722259858623147">
        <ele>855.5999755859375</ele>
        <time>2026-07-04T10:57:02.539Z</time>
        <extensions>
          <gpxtpx:TrackPointExtension>
            <gpxtpx:atemp>31</gpxtpx:atemp>
            <gpxtpx:hr>160</gpxtpx:hr>
            <gpxtpx:cad>62</gpxtpx:cad>
          </gpxtpx:TrackPointExtension>
        </extensions>
      </trkpt>
      <trkpt lat="46.491505270823836" lon="13.722237814217806">
        <ele>855.5999755859375</ele>
        <time>2026-07-04T10:57:03.539Z</time>
        <extensions>
          <gpxtpx:TrackPointExtension>
            <gpxtpx:atemp>31</gpxtpx:atemp>
            <gpxtpx:hr>160</gpxtpx:hr>
            <gpxtpx:cad>59</gpxtpx:cad>
          </gpxtpx:TrackPointExtension>
        </extensions>
      </trkpt>
      <trkpt lat="46.49147232994437" lon="13.7222311925143">
        <ele>855.5999755859375</ele>
        <time>2026-07-04T10:57:04.539Z</time>
        <extensions>
          <gpxtpx:TrackPointExtension>
            <gpxtpx:atemp>31</gpxtpx:atemp>
            <gpxtpx:hr>159</gpxtpx:hr>
            <gpxtpx:cad>64</gpxtpx:cad>
          </gpxtpx:TrackPointExtension>
        </extensions>
      </trkpt>
      <trkpt lat="46.49143888615072" lon="13.722241250798106">
        <ele>855.5999755859375</ele>
        <time>2026-07-04T10:57:05.539Z</time>
        <extensions>
          <gpxtpx:TrackPointExtension>
            <gpxtpx:atemp>31</gpxtpx:atemp>
            <gpxtpx:hr>159</gpxtpx:hr>
            <gpxtpx:cad>69</gpxtpx:cad>
          </gpxtpx:TrackPointExtension>
        </extensions>
      </trkpt>
      <trkpt lat="46.49140669964254" lon="13.722263965755701">
        <ele>855.5999755859375</ele>
        <time>2026-07-04T10:57:06.539Z</time>
        <extensions>
          <gpxtpx:TrackPointExtension>
            <gpxtpx:atemp>31</gpxtpx:atemp>
            <gpxtpx:hr>159</gpxtpx:hr>
            <gpxtpx:cad>79</gpxtpx:cad>
          </gpxtpx:TrackPointExtension>
        </extensions>
      </trkpt>
      <trkpt lat="46.49136872962117" lon="13.722297241911292">
        <ele>855.5999755859375</ele>
        <time>2026-07-04T10:57:07.539Z</time>
        <extensions>
          <gpxtpx:TrackPointExtension>
            <gpxtpx:atemp>31</gpxtpx:atemp>
            <gpxtpx:hr>159</gpxtpx:hr>
            <gpxtpx:cad>98</gpxtpx:cad>
          </gpxtpx:TrackPointExtension>
        </extensions>
      </trkpt>
      <trkpt lat="46.49133679457009" lon="13.722323896363378">
        <ele>855.7999877929688</ele>
        <time>2026-07-04T10:57:08.539Z</time>
        <extensions>
          <gpxtpx:TrackPointExtension>
            <gpxtpx:atemp>31</gpxtpx:atemp>
            <gpxtpx:hr>159</gpxtpx:hr>
            <gpxtpx:cad>94</gpxtpx:cad>
          </gpxtpx:TrackPointExtension>
        </extensions>
      </trkpt>
      <trkpt lat="46.491306787356734" lon="13.722351975739002">
        <ele>855.7999877929688</ele>
        <time>2026-07-04T10:57:09.539Z</time>
        <extensions>
          <gpxtpx:TrackPointExtension>
            <gpxtpx:atemp>31</gpxtpx:atemp>
            <gpxtpx:hr>159</gpxtpx:hr>
            <gpxtpx:cad>85</gpxtpx:cad>
          </gpxtpx:TrackPointExtension>
        </extensions>
      </trkpt>
      <trkpt lat="46.49127778597176" lon="13.722379887476563">
        <ele>855.7999877929688</ele>
        <time>2026-07-04T10:57:10.539Z</time>
        <extensions>
          <gpxtpx:TrackPointExtension>
            <gpxtpx:atemp>31</gpxtpx:atemp>
            <gpxtpx:hr>159</gpxtpx:hr>
            <gpxtpx:cad>84</gpxtpx:cad>
          </gpxtpx:TrackPointExtension>
        </extensions>
      </trkpt>
      <trkpt lat="46.49124928750098" lon="13.722411068156362">
        <ele>856</ele>
        <time>2026-07-04T10:57:11.539Z</time>
        <extensions>
          <gpxtpx:TrackPointExtension>
            <gpxtpx:atemp>31</gpxtpx:atemp>
            <gpxtpx:hr>160</gpxtpx:hr>
            <gpxtpx:cad>96</gpxtpx:cad>
          </gpxtpx:TrackPointExtension>
        </extensions>
      </trkpt>
      <trkpt lat="46.49122171103954" lon="13.722441075369716">
        <ele>856.2000122070312</ele>
        <time>2026-07-04T10:57:12.539Z</time>
        <extensions>
          <gpxtpx:TrackPointExtension>
            <gpxtpx:atemp>31</gpxtpx:atemp>
            <gpxtpx:hr>160</gpxtpx:hr>
            <gpxtpx:cad>93</gpxtpx:cad>
          </gpxtpx:TrackPointExtension>
        </extensions>
      </trkpt>
      <trkpt lat="46.49119472131133" lon="13.722470998764038">
        <ele>856.2000122070312</ele>
        <time>2026-07-04T10:57:13.539Z</time>
        <extensions>
          <gpxtpx:TrackPointExtension>
            <gpxtpx:atemp>31</gpxtpx:atemp>
            <gpxtpx:hr>161</gpxtpx:hr>
            <gpxtpx:cad>90</gpxtpx:cad>
          </gpxtpx:TrackPointExtension>
        </extensions>
      </trkpt>
      <trkpt lat="46.4911668933928" lon="13.722500167787075">
        <ele>856.4000244140625</ele>
        <time>2026-07-04T10:57:14.539Z</time>
        <extensions>
          <gpxtpx:TrackPointExtension>
            <gpxtpx:atemp>31</gpxtpx:atemp>
            <gpxtpx:hr>161</gpxtpx:hr>
            <gpxtpx:cad>88</gpxtpx:cad>
          </gpxtpx:TrackPointExtension>
        </extensions>
      </trkpt>
      <trkpt lat="46.491141160950065" lon="13.722531013190746">
        <ele>856.4000244140625</ele>
        <time>2026-07-04T10:57:15.539Z</time>
        <extensions>
          <gpxtpx:TrackPointExtension>
            <gpxtpx:atemp>31</gpxtpx:atemp>
            <gpxtpx:hr>161</gpxtpx:hr>
            <gpxtpx:cad>88</gpxtpx:cad>
          </gpxtpx:TrackPointExtension>
        </extensions>
      </trkpt>
      <trkpt lat="46.49111844599247" lon="13.722560349851847">
        <ele>856.5999755859375</ele>
        <time>2026-07-04T10:57:16.539Z</time>
        <extensions>
          <gpxtpx:TrackPointExtension>
            <gpxtpx:atemp>31</gpxtpx:atemp>
            <gpxtpx:hr>161</gpxtpx:hr>
            <gpxtpx:cad>89</gpxtpx:cad>
          </gpxtpx:TrackPointExtension>
        </extensions>
      </trkpt>
      <trkpt lat="46.49109388701618" lon="13.722592201083899">
        <ele>856.7999877929688</ele>
        <time>2026-07-04T10:57:17.539Z</time>
        <extensions>
          <gpxtpx:TrackPointExtension>
            <gpxtpx:atemp>31</gpxtpx:atemp>
            <gpxtpx:hr>162</gpxtpx:hr>
            <gpxtpx:cad>90</gpxtpx:cad>
          </gpxtpx:TrackPointExtension>
        </extensions>
      </trkpt>
      <trkpt lat="46.491067903116345" lon="13.722623884677887">
        <ele>856.7999877929688</ele>
        <time>2026-07-04T10:57:18.539Z</time>
        <extensions>
          <gpxtpx:TrackPointExtension>
            <gpxtpx:atemp>31</gpxtpx:atemp>
            <gpxtpx:hr>162</gpxtpx:hr>
            <gpxtpx:cad>89</gpxtpx:cad>
          </gpxtpx:TrackPointExtension>
        </extensions>
      </trkpt>
      <trkpt lat="46.49104166775942" lon="13.722654394805431">
        <ele>857</ele>
        <time>2026-07-04T10:57:19.539Z</time>
        <extensions>
          <gpxtpx:TrackPointExtension>
            <gpxtpx:atemp>31</gpxtpx:atemp>
            <gpxtpx:hr>162</gpxtpx:hr>
            <gpxtpx:cad>89</gpxtpx:cad>
          </gpxtpx:TrackPointExtension>
        </extensions>
      </trkpt>
      <trkpt lat="46.491016773507" lon="13.72268415056169">
        <ele>857</ele>
        <time>2026-07-04T10:57:20.539Z</time>
        <extensions>
          <gpxtpx:TrackPointExtension>
            <gpxtpx:atemp>31</gpxtpx:atemp>
            <gpxtpx:hr>163</gpxtpx:hr>
            <gpxtpx:cad>89</gpxtpx:cad>
          </gpxtpx:TrackPointExtension>
        </extensions>
      </trkpt>
      <trkpt lat="46.49099146015942" lon="13.722714576870203">
        <ele>857.2000122070312</ele>
        <time>2026-07-04T10:57:21.539Z</time>
        <extensions>
          <gpxtpx:TrackPointExtension>
            <gpxtpx:atemp>31</gpxtpx:atemp>
            <gpxtpx:hr>163</gpxtpx:hr>
            <gpxtpx:cad>89</gpxtpx:cad>
          </gpxtpx:TrackPointExtension>
        </extensions>
      </trkpt>
      <trkpt lat="46.49096589535475" lon="13.72274374589324">
        <ele>857.2000122070312</ele>
        <time>2026-07-04T10:57:22.539Z</time>
        <extensions>
          <gpxtpx:TrackPointExtension>
            <gpxtpx:atemp>31</gpxtpx:atemp>
            <gpxtpx:hr>163</gpxtpx:hr>
            <gpxtpx:cad>88</gpxtpx:cad>
          </gpxtpx:TrackPointExtension>
        </extensions>
      </trkpt>
      <trkpt lat="46.49094007909298" lon="13.72277107089758">
        <ele>857.4000244140625</ele>
        <time>2026-07-04T10:57:23.539Z</time>
        <extensions>
          <gpxtpx:TrackPointExtension>
            <gpxtpx:atemp>31</gpxtpx:atemp>
            <gpxtpx:hr>163</gpxtpx:hr>
            <gpxtpx:cad>88</gpxtpx:cad>
          </gpxtpx:TrackPointExtension>
        </extensions>
      </trkpt>
      <trkpt lat="46.49091459810734" lon="13.722798814997077">
        <ele>857.5999755859375</ele>
        <time>2026-07-04T10:57:24.539Z</time>
        <extensions>
          <gpxtpx:TrackPointExtension>
            <gpxtpx:atemp>31</gpxtpx:atemp>
            <gpxtpx:hr>163</gpxtpx:hr>
            <gpxtpx:cad>87</gpxtpx:cad>
          </gpxtpx:TrackPointExtension>
        </extensions>
      </trkpt>
      <trkpt lat="46.49088769219816" lon="13.722827564924955">
        <ele>857.5999755859375</ele>
        <time>2026-07-04T10:57:25.539Z</time>
        <extensions>
          <gpxtpx:TrackPointExtension>
            <gpxtpx:atemp>31</gpxtpx:atemp>
            <gpxtpx:hr>163</gpxtpx:hr>
            <gpxtpx:cad>87</gpxtpx:cad>
          </gpxtpx:TrackPointExtension>
        </extensions>
      </trkpt>
      <trkpt lat="46.49086279794574" lon="13.722854973748326">
        <ele>857.5999755859375</ele>
        <time>2026-07-04T10:57:26.539Z</time>
        <extensions>
          <gpxtpx:TrackPointExtension>
            <gpxtpx:atemp>31</gpxtpx:atemp>
            <gpxtpx:hr>163</gpxtpx:hr>
            <gpxtpx:cad>87</gpxtpx:cad>
          </gpxtpx:TrackPointExtension>
        </extensions>
      </trkpt>
      <trkpt lat="46.49083765223622" lon="13.722882382571697">
        <ele>857.7999877929688</ele>
        <time>2026-07-04T10:57:27.539Z</time>
        <extensions>
          <gpxtpx:TrackPointExtension>
            <gpxtpx:atemp>31</gpxtpx:atemp>
            <gpxtpx:hr>163</gpxtpx:hr>
            <gpxtpx:cad>86</gpxtpx:cad>
          </gpxtpx:TrackPointExtension>
        </extensions>
      </trkpt>
      <trkpt lat="46.49081150069833" lon="13.722908198833466">
        <ele>857.7999877929688</ele>
        <time>2026-07-04T10:57:28.539Z</time>
        <extensions>
          <gpxtpx:TrackPointExtension>
            <gpxtpx:atemp>31</gpxtpx:atemp>
            <gpxtpx:hr>163</gpxtpx:hr>
            <gpxtpx:cad>86</gpxtpx:cad>
          </gpxtpx:TrackPointExtension>
        </extensions>
      </trkpt>
      <trkpt lat="46.490783924236894" lon="13.722934937104583">
        <ele>858</ele>
        <time>2026-07-04T10:57:29.539Z</time>
        <extensions>
          <gpxtpx:TrackPointExtension>
            <gpxtpx:atemp>31</gpxtpx:atemp>
            <gpxtpx:hr>163</gpxtpx:hr>
            <gpxtpx:cad>85</gpxtpx:cad>
          </gpxtpx:TrackPointExtension>
        </extensions>
      </trkpt>
      <trkpt lat="46.49075676687062" lon="13.722958322614431">
        <ele>858.2000122070312</ele>
        <time>2026-07-04T10:57:30.539Z</time>
        <extensions>
          <gpxtpx:TrackPointExtension>
            <gpxtpx:atemp>31</gpxtpx:atemp>
            <gpxtpx:hr>163</gpxtpx:hr>
            <gpxtpx:cad>83</gpxtpx:cad>
          </gpxtpx:TrackPointExtension>
        </extensions>
      </trkpt>
      <trkpt lat="46.490729777142406" lon="13.722981540486217">
        <ele>858.2000122070312</ele>
        <time>2026-07-04T10:57:31.539Z</time>
        <extensions>
          <gpxtpx:TrackPointExtension>
            <gpxtpx:atemp>31</gpxtpx:atemp>
            <gpxtpx:hr>163</gpxtpx:hr>
            <gpxtpx:cad>94</gpxtpx:cad>
          </gpxtpx:TrackPointExtension>
        </extensions>
      </trkpt>
      <trkpt lat="46.49070404469967" lon="13.723003501072526">
        <ele>858.4000244140625</ele>
        <time>2026-07-04T10:57:32.539Z</time>
        <extensions>
          <gpxtpx:TrackPointExtension>
            <gpxtpx:atemp>31</gpxtpx:atemp>
            <gpxtpx:hr>163</gpxtpx:hr>
            <gpxtpx:cad>93</gpxtpx:cad>
          </gpxtpx:TrackPointExtension>
        </extensions>
      </trkpt>
      <trkpt lat="46.49067923426628" lon="13.723026802763343">
        <ele>858.4000244140625</ele>
        <time>2026-07-04T10:57:33.539Z</time>
        <extensions>
          <gpxtpx:TrackPointExtension>
            <gpxtpx:atemp>31</gpxtpx:atemp>
            <gpxtpx:hr>163</gpxtpx:hr>
            <gpxtpx:cad>92</gpxtpx:cad>
          </gpxtpx:TrackPointExtension>
        </extensions>
      </trkpt>
      <trkpt lat="46.49065484292805" lon="13.723048511892557">
        <ele>858.5999755859375</ele>
        <time>2026-07-04T10:57:34.539Z</time>
        <extensions>
          <gpxtpx:TrackPointExtension>
            <gpxtpx:atemp>31</gpxtpx:atemp>
            <gpxtpx:hr>163</gpxtpx:hr>
            <gpxtpx:cad>90</gpxtpx:cad>
          </gpxtpx:TrackPointExtension>
        </extensions>
      </trkpt>
      <trkpt lat="46.49063070304692" lon="13.723068377003074">
        <ele>858.5999755859375</ele>
        <time>2026-07-04T10:57:35.539Z</time>
        <extensions>
          <gpxtpx:TrackPointExtension>
            <gpxtpx:atemp>31</gpxtpx:atemp>
            <gpxtpx:hr>163</gpxtpx:hr>
            <gpxtpx:cad>89</gpxtpx:cad>
          </gpxtpx:TrackPointExtension>
        </extensions>
      </trkpt>
      <trkpt lat="46.49060689844191" lon="13.723088074475527">
        <ele>858.7999877929688</ele>
        <time>2026-07-04T10:57:36.539Z</time>
        <extensions>
          <gpxtpx:TrackPointExtension>
            <gpxtpx:atemp>31</gpxtpx:atemp>
            <gpxtpx:hr>163</gpxtpx:hr>
            <gpxtpx:cad>87</gpxtpx:cad>
          </gpxtpx:TrackPointExtension>
        </extensions>
      </trkpt>
      <trkpt lat="46.490583596751094" lon="13.723106849938631">
        <ele>859</ele>
        <time>2026-07-04T10:57:37.539Z</time>
        <extensions>
          <gpxtpx:TrackPointExtension>
            <gpxtpx:atemp>31</gpxtpx:atemp>
            <gpxtpx:hr>163</gpxtpx:hr>
            <gpxtpx:cad>86</gpxtpx:cad>
          </gpxtpx:TrackPointExtension>
        </extensions>
      </trkpt>
      <trkpt lat="46.49055895395577" lon="13.72312587685883">
        <ele>859</ele>
        <time>2026-07-04T10:57:38.539Z</time>
        <extensions>
          <gpxtpx:TrackPointExtension>
            <gpxtpx:atemp>31</gpxtpx:atemp>
            <gpxtpx:hr>163</gpxtpx:hr>
            <gpxtpx:cad>87</gpxtpx:cad>
          </gpxtpx:TrackPointExtension>
        </extensions>
      </trkpt>
      <trkpt lat="46.490533808246255" lon="13.7231429759413">
        <ele>859.2000122070312</ele>
        <time>2026-07-04T10:57:39.539Z</time>
        <extensions>
          <gpxtpx:TrackPointExtension>
            <gpxtpx:atemp>31</gpxtpx:atemp>
            <gpxtpx:hr>164</gpxtpx:hr>
            <gpxtpx:cad>88</gpxtpx:cad>
          </gpxtpx:TrackPointExtension>
        </extensions>
      </trkpt>
      <trkpt lat="46.49050874635577" lon="13.723160158842802">
        <ele>859.2000122070312</ele>
        <time>2026-07-04T10:57:40.539Z</time>
        <extensions>
          <gpxtpx:TrackPointExtension>
            <gpxtpx:atemp>31</gpxtpx:atemp>
            <gpxtpx:hr>164</gpxtpx:hr>
            <gpxtpx:cad>88</gpxtpx:cad>
          </gpxtpx:TrackPointExtension>
        </extensions>
      </trkpt>
      <trkpt lat="46.49048309773207" lon="13.723176252096891">
        <ele>859.4000244140625</ele>
        <time>2026-07-04T10:57:41.539Z</time>
        <extensions>
          <gpxtpx:TrackPointExtension>
            <gpxtpx:atemp>31</gpxtpx:atemp>
            <gpxtpx:hr>164</gpxtpx:hr>
            <gpxtpx:cad>87</gpxtpx:cad>
          </gpxtpx:TrackPointExtension>
        </extensions>
      </trkpt>
      <trkpt lat="46.49046214297414" lon="13.723187819123268">
        <ele>859.5999755859375</ele>
        <time>2026-07-04T10:57:42.539Z</time>
        <extensions>
          <gpxtpx:TrackPointExtension>
            <gpxtpx:atemp>31</gpxtpx:atemp>
            <gpxtpx:hr>165</gpxtpx:hr>
            <gpxtpx:cad>86</gpxtpx:cad>
          </gpxtpx:TrackPointExtension>
        </extensions>
      </trkpt>
      <trkpt lat="46.49043238721788" lon="13.723206259310246">
        <ele>859.5999755859375</ele>
        <time>2026-07-04T10:57:43.539Z</time>
        <extensions>
          <gpxtpx:TrackPointExtension>
            <gpxtpx:atemp>31</gpxtpx:atemp>
            <gpxtpx:hr>165</gpxtpx:hr>
            <gpxtpx:cad>86</gpxtpx:cad>
          </gpxtpx:TrackPointExtension>
        </extensions>
      </trkpt>
      <trkpt lat="46.490407325327396" lon="13.723220760002732">
        <ele>859.7999877929688</ele>
        <time>2026-07-04T10:57:44.539Z</time>
        <extensions>
          <gpxtpx:TrackPointExtension>
            <gpxtpx:atemp>31</gpxtpx:atemp>
            <gpxtpx:hr>165</gpxtpx:hr>
            <gpxtpx:cad>85</gpxtpx:cad>
          </gpxtpx:TrackPointExtension>
        </extensions>
      </trkpt>
      <trkpt lat="46.49038712494075" lon="13.723231488838792">
        <ele>860</ele>
        <time>2026-07-04T10:57:45.539Z</time>
        <extensions>
          <gpxtpx:TrackPointExtension>
            <gpxtpx:atemp>31</gpxtpx:atemp>
            <gpxtpx:hr>166</gpxtpx:hr>
            <gpxtpx:cad>85</gpxtpx:cad>
          </gpxtpx:TrackPointExtension>
        </extensions>
      </trkpt>
      <trkpt lat="46.49035854265094" lon="13.723250515758991">
        <ele>860</ele>
        <time>2026-07-04T10:57:46.539Z</time>
        <extensions>
          <gpxtpx:TrackPointExtension>
            <gpxtpx:atemp>31</gpxtpx:atemp>
            <gpxtpx:hr>166</gpxtpx:hr>
            <gpxtpx:cad>85</gpxtpx:cad>
          </gpxtpx:TrackPointExtension>
        </extensions>
      </trkpt>
      <trkpt lat="46.49033515714109" lon="13.723267111927271">
        <ele>860.2000122070312</ele>
        <time>2026-07-04T10:57:47.539Z</time>
        <extensions>
          <gpxtpx:TrackPointExtension>
            <gpxtpx:atemp>31</gpxtpx:atemp>
            <gpxtpx:hr>166</gpxtpx:hr>
            <gpxtpx:cad>83</gpxtpx:cad>
          </gpxtpx:TrackPointExtension>
        </extensions>
      </trkpt>
      <trkpt lat="46.49031177163124" lon="13.723282031714916">
        <ele>860.4000244140625</ele>
        <time>2026-07-04T10:57:48.539Z</time>
        <extensions>
          <gpxtpx:TrackPointExtension>
            <gpxtpx:atemp>31</gpxtpx:atemp>
            <gpxtpx:hr>166</gpxtpx:hr>
            <gpxtpx:cad>83</gpxtpx:cad>
          </gpxtpx:TrackPointExtension>
        </extensions>
      </trkpt>
      <trkpt lat="46.490286039188504" lon="13.723296113312244">
        <ele>860.4000244140625</ele>
        <time>2026-07-04T10:57:49.539Z</time>
        <extensions>
          <gpxtpx:TrackPointExtension>
            <gpxtpx:atemp>31</gpxtpx:atemp>
            <gpxtpx:hr>167</gpxtpx:hr>
            <gpxtpx:cad>84</gpxtpx:cad>
          </gpxtpx:TrackPointExtension>
        </extensions>
      </trkpt>
      <trkpt lat="46.49026030674577" lon="13.723311452195048">
        <ele>860.5999755859375</ele>
        <time>2026-07-04T10:57:50.539Z</time>
        <extensions>
          <gpxtpx:TrackPointExtension>
            <gpxtpx:atemp>31</gpxtpx:atemp>
            <gpxtpx:hr>167</gpxtpx:hr>
            <gpxtpx:cad>84</gpxtpx:cad>
          </gpxtpx:TrackPointExtension>
        </extensions>
      </trkpt>
      <trkpt lat="46.49024094454944" lon="13.723322683945298">
        <ele>860.7999877929688</ele>
        <time>2026-07-04T10:57:51.539Z</time>
        <extensions>
          <gpxtpx:TrackPointExtension>
            <gpxtpx:atemp>31</gpxtpx:atemp>
            <gpxtpx:hr>168</gpxtpx:hr>
            <gpxtpx:cad>84</gpxtpx:cad>
          </gpxtpx:TrackPointExtension>
        </extensions>
      </trkpt>
      <trkpt lat="46.49021646939218" lon="13.723338944837451">
        <ele>860.7999877929688</ele>
        <time>2026-07-04T10:57:52.539Z</time>
        <extensions>
          <gpxtpx:TrackPointExtension>
            <gpxtpx:atemp>31</gpxtpx:atemp>
            <gpxtpx:hr>168</gpxtpx:hr>
            <gpxtpx:cad>86</gpxtpx:cad>
          </gpxtpx:TrackPointExtension>
        </extensions>
      </trkpt>
      <trkpt lat="46.490188892930746" lon="13.723361324518919">
        <ele>861</ele>
        <time>2026-07-04T10:57:53.539Z</time>
        <extensions>
          <gpxtpx:TrackPointExtension>
            <gpxtpx:atemp>31</gpxtpx:atemp>
            <gpxtpx:hr>168</gpxtpx:hr>
            <gpxtpx:cad>86</gpxtpx:cad>
          </gpxtpx:TrackPointExtension>
        </extensions>
      </trkpt>
      <trkpt lat="46.49016274139285" lon="13.723380016162992">
        <ele>861.2000122070312</ele>
        <time>2026-07-04T10:57:54.539Z</time>
        <extensions>
          <gpxtpx:TrackPointExtension>
            <gpxtpx:atemp>31</gpxtpx:atemp>
            <gpxtpx:hr>168</gpxtpx:hr>
            <gpxtpx:cad>87</gpxtpx:cad>
          </gpxtpx:TrackPointExtension>
        </extensions>
      </trkpt>
      <trkpt lat="46.49013717658818" lon="13.723397785797715">
        <ele>861.2000122070312</ele>
        <time>2026-07-04T10:57:55.539Z</time>
        <extensions>
          <gpxtpx:TrackPointExtension>
            <gpxtpx:atemp>31</gpxtpx:atemp>
            <gpxtpx:hr>169</gpxtpx:hr>
            <gpxtpx:cad>87</gpxtpx:cad>
          </gpxtpx:TrackPointExtension>
        </extensions>
      </trkpt>
      <trkpt lat="46.49011052213609" lon="13.723413711413741">
        <ele>861.4000244140625</ele>
        <time>2026-07-04T10:57:56.539Z</time>
        <extensions>
          <gpxtpx:TrackPointExtension>
            <gpxtpx:atemp>31</gpxtpx:atemp>
            <gpxtpx:hr>169</gpxtpx:hr>
            <gpxtpx:cad>87</gpxtpx:cad>
          </gpxtpx:TrackPointExtension>
        </extensions>
      </trkpt>
      <trkpt lat="46.490085292607546" lon="13.723430475220084">
        <ele>861.5999755859375</ele>
        <time>2026-07-04T10:57:57.539Z</time>
        <extensions>
          <gpxtpx:TrackPointExtension>
            <gpxtpx:atemp>31</gpxtpx:atemp>
            <gpxtpx:hr>169</gpxtpx:hr>
            <gpxtpx:cad>86</gpxtpx:cad>
          </gpxtpx:TrackPointExtension>
        </extensions>
      </trkpt>
      <trkpt lat="46.49005863815546" lon="13.723450424149632">
        <ele>861.5999755859375</ele>
        <time>2026-07-04T10:57:58.539Z</time>
        <extensions>
          <gpxtpx:TrackPointExtension>
            <gpxtpx:atemp>31</gpxtpx:atemp>
            <gpxtpx:hr>169</gpxtpx:hr>
            <gpxtpx:cad>86</gpxtpx:cad>
          </gpxtpx:TrackPointExtension>
        </extensions>
      </trkpt>
      <trkpt lat="46.49003868922591" lon="13.72346542775631">
        <ele>861.7999877929688</ele>
        <time>2026-07-04T10:57:59.539Z</time>
        <extensions>
          <gpxtpx:TrackPointExtension>
            <gpxtpx:atemp>31</gpxtpx:atemp>
            <gpxtpx:hr>170</gpxtpx:hr>
            <gpxtpx:cad>86</gpxtpx:cad>
          </gpxtpx:TrackPointExtension>
        </extensions>
      </trkpt>
      <trkpt lat="46.49000918492675" lon="13.723485628142953">
        <ele>862</ele>
        <time>2026-07-04T10:58:00.539Z</time>
        <extensions>
          <gpxtpx:TrackPointExtension>
            <gpxtpx:atemp>31</gpxtpx:atemp>
            <gpxtpx:hr>170</gpxtpx:hr>
            <gpxtpx:cad>88</gpxtpx:cad>
          </gpxtpx:TrackPointExtension>
        </extensions>
      </trkpt>
      <trkpt lat="46.4899839553982" lon="13.723503313958645">
        <ele>862</ele>
        <time>2026-07-04T10:58:01.539Z</time>
        <extensions>
          <gpxtpx:TrackPointExtension>
            <gpxtpx:atemp>31</gpxtpx:atemp>
            <gpxtpx:hr>170</gpxtpx:hr>
            <gpxtpx:cad>89</gpxtpx:cad>
          </gpxtpx:TrackPointExtension>
        </extensions>
      </trkpt>
      <trkpt lat="46.489958222955465" lon="13.723521502688527">
        <ele>862.2000122070312</ele>
        <time>2026-07-04T10:58:02.539Z</time>
        <extensions>
          <gpxtpx:TrackPointExtension>
            <gpxtpx:atemp>31</gpxtpx:atemp>
            <gpxtpx:hr>170</gpxtpx:hr>
            <gpxtpx:cad>90</gpxtpx:cad>
          </gpxtpx:TrackPointExtension>
        </extensions>
      </trkpt>
      <trkpt lat="46.48993466980755" lon="13.723542541265488">
        <ele>862.2000122070312</ele>
        <time>2026-07-04T10:58:03.539Z</time>
        <extensions>
          <gpxtpx:TrackPointExtension>
            <gpxtpx:atemp>31</gpxtpx:atemp>
            <gpxtpx:hr>170</gpxtpx:hr>
            <gpxtpx:cad>88</gpxtpx:cad>
          </gpxtpx:TrackPointExtension>
        </extensions>
      </trkpt>
      <trkpt lat="46.48990944027901" lon="13.723563244566321">
        <ele>862.4000244140625</ele>
        <time>2026-07-04T10:58:04.539Z</time>
        <extensions>
          <gpxtpx:TrackPointExtension>
            <gpxtpx:atemp>31</gpxtpx:atemp>
            <gpxtpx:hr>170</gpxtpx:hr>
            <gpxtpx:cad>86</gpxtpx:cad>
          </gpxtpx:TrackPointExtension>
        </extensions>
      </trkpt>
      <trkpt lat="46.489885468035936" lon="13.723583780229092">
        <ele>862.4000244140625</ele>
        <time>2026-07-04T10:58:05.539Z</time>
        <extensions>
          <gpxtpx:TrackPointExtension>
            <gpxtpx:atemp>31</gpxtpx:atemp>
            <gpxtpx:hr>171</gpxtpx:hr>
            <gpxtpx:cad>86</gpxtpx:cad>
          </gpxtpx:TrackPointExtension>
        </extensions>
      </trkpt>
      <trkpt lat="46.48986124433577" lon="13.72360272333026">
        <ele>862.5999755859375</ele>
        <time>2026-07-04T10:58:06.539Z</time>
        <extensions>
          <gpxtpx:TrackPointExtension>
            <gpxtpx:atemp>31</gpxtpx:atemp>
            <gpxtpx:hr>171</gpxtpx:hr>
            <gpxtpx:cad>88</gpxtpx:cad>
          </gpxtpx:TrackPointExtension>
        </extensions>
      </trkpt>
      <trkpt lat="46.48983492515981" lon="13.723620576784015">
        <ele>862.5999755859375</ele>
        <time>2026-07-04T10:58:07.539Z</time>
        <extensions>
          <gpxtpx:TrackPointExtension>
            <gpxtpx:atemp>31</gpxtpx:atemp>
            <gpxtpx:hr>171</gpxtpx:hr>
            <gpxtpx:cad>88</gpxtpx:cad>
          </gpxtpx:TrackPointExtension>
        </extensions>
      </trkpt>
      <trkpt lat="46.48980843834579" lon="13.72363843023777">
        <ele>862.7999877929688</ele>
        <time>2026-07-04T10:58:08.539Z</time>
        <extensions>
          <gpxtpx:TrackPointExtension>
            <gpxtpx:atemp>31</gpxtpx:atemp>
            <gpxtpx:hr>171</gpxtpx:hr>
            <gpxtpx:cad>87</gpxtpx:cad>
          </gpxtpx:TrackPointExtension>
        </extensions>
      </trkpt>
      <trkpt lat="46.48978287354112" lon="13.723652847111225">
        <ele>863</ele>
        <time>2026-07-04T10:58:09.539Z</time>
        <extensions>
          <gpxtpx:TrackPointExtension>
            <gpxtpx:atemp>31</gpxtpx:atemp>
            <gpxtpx:hr>171</gpxtpx:hr>
            <gpxtpx:cad>88</gpxtpx:cad>
          </gpxtpx:TrackPointExtension>
        </extensions>
      </trkpt>
      <trkpt lat="46.489756386727095" lon="13.723666174337268">
        <ele>863</ele>
        <time>2026-07-04T10:58:10.539Z</time>
        <extensions>
          <gpxtpx:TrackPointExtension>
            <gpxtpx:atemp>31</gpxtpx:atemp>
            <gpxtpx:hr>171</gpxtpx:hr>
            <gpxtpx:cad>90</gpxtpx:cad>
          </gpxtpx:TrackPointExtension>
        </extensions>
      </trkpt>
      <trkpt lat="46.4897302351892" lon="13.723684949800372">
        <ele>863.2000122070312</ele>
        <time>2026-07-04T10:58:11.539Z</time>
        <extensions>
          <gpxtpx:TrackPointExtension>
            <gpxtpx:atemp>31</gpxtpx:atemp>
            <gpxtpx:hr>171</gpxtpx:hr>
            <gpxtpx:cad>90</gpxtpx:cad>
          </gpxtpx:TrackPointExtension>
        </extensions>
      </trkpt>
      <trkpt lat="46.48970450274646" lon="13.723701378330588">
        <ele>863.2000122070312</ele>
        <time>2026-07-04T10:58:12.539Z</time>
        <extensions>
          <gpxtpx:TrackPointExtension>
            <gpxtpx:atemp>31</gpxtpx:atemp>
            <gpxtpx:hr>172</gpxtpx:hr>
            <gpxtpx:cad>90</gpxtpx:cad>
          </gpxtpx:TrackPointExtension>
        </extensions>
      </trkpt>
      <trkpt lat="46.48967784829438" lon="13.7237180583179">
        <ele>863.4000244140625</ele>
        <time>2026-07-04T10:58:13.539Z</time>
        <extensions>
          <gpxtpx:TrackPointExtension>
            <gpxtpx:atemp>31</gpxtpx:atemp>
            <gpxtpx:hr>171</gpxtpx:hr>
            <gpxtpx:cad>89</gpxtpx:cad>
          </gpxtpx:TrackPointExtension>
        </extensions>
      </trkpt>
      <trkpt lat="46.48965211585164" lon="13.72373373247683">
        <ele>863.4000244140625</ele>
        <time>2026-07-04T10:58:14.539Z</time>
        <extensions>
          <gpxtpx:TrackPointExtension>
            <gpxtpx:atemp>31</gpxtpx:atemp>
            <gpxtpx:hr>172</gpxtpx:hr>
            <gpxtpx:cad>88</gpxtpx:cad>
          </gpxtpx:TrackPointExtension>
        </extensions>
      </trkpt>
      <trkpt lat="46.4896282274276" lon="13.723750663921237">
        <ele>863.5999755859375</ele>
        <time>2026-07-04T10:58:15.539Z</time>
        <extensions>
          <gpxtpx:TrackPointExtension>
            <gpxtpx:atemp>31</gpxtpx:atemp>
            <gpxtpx:hr>172</gpxtpx:hr>
            <gpxtpx:cad>85</gpxtpx:cad>
          </gpxtpx:TrackPointExtension>
        </extensions>
      </trkpt>
      <trkpt lat="46.489600986242294" lon="13.723762650042772">
        <ele>863.7999877929688</ele>
        <time>2026-07-04T10:58:16.539Z</time>
        <extensions>
          <gpxtpx:TrackPointExtension>
            <gpxtpx:atemp>31</gpxtpx:atemp>
            <gpxtpx:hr>172</gpxtpx:hr>
            <gpxtpx:cad>84</gpxtpx:cad>
          </gpxtpx:TrackPointExtension>
        </extensions>
      </trkpt>
      <trkpt lat="46.48957575671375" lon="13.723774552345276">
        <ele>863.7999877929688</ele>
        <time>2026-07-04T10:58:17.539Z</time>
        <extensions>
          <gpxtpx:TrackPointExtension>
            <gpxtpx:atemp>31</gpxtpx:atemp>
            <gpxtpx:hr>172</gpxtpx:hr>
            <gpxtpx:cad>84</gpxtpx:cad>
          </gpxtpx:TrackPointExtension>
        </extensions>
      </trkpt>
      <trkpt lat="46.48955010809004" lon="13.72378502972424">
        <ele>864</ele>
        <time>2026-07-04T10:58:18.539Z</time>
        <extensions>
          <gpxtpx:TrackPointExtension>
            <gpxtpx:atemp>31</gpxtpx:atemp>
            <gpxtpx:hr>172</gpxtpx:hr>
            <gpxtpx:cad>85</gpxtpx:cad>
          </gpxtpx:TrackPointExtension>
        </extensions>
      </trkpt>
      <trkpt lat="46.489526303485036" lon="13.723798524588346">
        <ele>864.2000122070312</ele>
        <time>2026-07-04T10:58:19.539Z</time>
        <extensions>
          <gpxtpx:TrackPointExtension>
            <gpxtpx:atemp>31</gpxtpx:atemp>
            <gpxtpx:hr>172</gpxtpx:hr>
            <gpxtpx:cad>85</gpxtpx:cad>
          </gpxtpx:TrackPointExtension>
        </extensions>
      </trkpt>
      <trkpt lat="46.48950099013746" lon="13.723811935633421">
        <ele>864.2000122070312</ele>
        <time>2026-07-04T10:58:20.539Z</time>
        <extensions>
          <gpxtpx:TrackPointExtension>
            <gpxtpx:atemp>31</gpxtpx:atemp>
            <gpxtpx:hr>172</gpxtpx:hr>
            <gpxtpx:cad>85</gpxtpx:cad>
          </gpxtpx:TrackPointExtension>
        </extensions>
      </trkpt>
      <trkpt lat="46.489474419504404" lon="13.723822077736259">
        <ele>864.4000244140625</ele>
        <time>2026-07-04T10:58:21.539Z</time>
        <extensions>
          <gpxtpx:TrackPointExtension>
            <gpxtpx:atemp>31</gpxtpx:atemp>
            <gpxtpx:hr>173</gpxtpx:hr>
            <gpxtpx:cad>88</gpxtpx:cad>
          </gpxtpx:TrackPointExtension>
        </extensions>
      </trkpt>
      <trkpt lat="46.489446926862" lon="13.723830292001367">
        <ele>864.5999755859375</ele>
        <time>2026-07-04T10:58:22.539Z</time>
        <extensions>
          <gpxtpx:TrackPointExtension>
            <gpxtpx:atemp>31</gpxtpx:atemp>
            <gpxtpx:hr>172</gpxtpx:hr>
            <gpxtpx:cad>88</gpxtpx:cad>
          </gpxtpx:TrackPointExtension>
        </extensions>
      </trkpt>
      <trkpt lat="46.48942044004798" lon="13.723839092999697">
        <ele>864.5999755859375</ele>
        <time>2026-07-04T10:58:23.539Z</time>
        <extensions>
          <gpxtpx:TrackPointExtension>
            <gpxtpx:atemp>31</gpxtpx:atemp>
            <gpxtpx:hr>173</gpxtpx:hr>
            <gpxtpx:cad>88</gpxtpx:cad>
          </gpxtpx:TrackPointExtension>
        </extensions>
      </trkpt>
      <trkpt lat="46.489394288510084" lon="13.723846385255456">
        <ele>864.7999877929688</ele>
        <time>2026-07-04T10:58:24.539Z</time>
        <extensions>
          <gpxtpx:TrackPointExtension>
            <gpxtpx:atemp>31</gpxtpx:atemp>
            <gpxtpx:hr>173</gpxtpx:hr>
            <gpxtpx:cad>87</gpxtpx:cad>
          </gpxtpx:TrackPointExtension>
        </extensions>
      </trkpt>
      <trkpt lat="46.48936771787703" lon="13.723853342235088">
        <ele>865</ele>
        <time>2026-07-04T10:58:25.539Z</time>
        <extensions>
          <gpxtpx:TrackPointExtension>
            <gpxtpx:atemp>31</gpxtpx:atemp>
            <gpxtpx:hr>173</gpxtpx:hr>
            <gpxtpx:cad>85</gpxtpx:cad>
          </gpxtpx:TrackPointExtension>
        </extensions>
      </trkpt>
      <trkpt lat="46.489341985434294" lon="13.723860885947943">
        <ele>865</ele>
        <time>2026-07-04T10:58:26.539Z</time>
        <extensions>
          <gpxtpx:TrackPointExtension>
            <gpxtpx:atemp>31</gpxtpx:atemp>
            <gpxtpx:hr>173</gpxtpx:hr>
            <gpxtpx:cad>86</gpxtpx:cad>
          </gpxtpx:TrackPointExtension>
        </extensions>
      </trkpt>
      <trkpt lat="46.48931449279189" lon="13.723865747451782">
        <ele>865.2000122070312</ele>
        <time>2026-07-04T10:58:27.539Z</time>
        <extensions>
          <gpxtpx:TrackPointExtension>
            <gpxtpx:atemp>31</gpxtpx:atemp>
            <gpxtpx:hr>173</gpxtpx:hr>
            <gpxtpx:cad>85</gpxtpx:cad>
          </gpxtpx:TrackPointExtension>
        </extensions>
      </trkpt>
      <trkpt lat="46.489287251606584" lon="13.723868262022734">
        <ele>865.4000244140625</ele>
        <time>2026-07-04T10:58:28.539Z</time>
        <extensions>
          <gpxtpx:TrackPointExtension>
            <gpxtpx:atemp>31</gpxtpx:atemp>
            <gpxtpx:hr>174</gpxtpx:hr>
            <gpxtpx:cad>86</gpxtpx:cad>
          </gpxtpx:TrackPointExtension>
        </extensions>
      </trkpt>
      <trkpt lat="46.4892605971545" lon="13.723871782422066">
        <ele>865.4000244140625</ele>
        <time>2026-07-04T10:58:29.539Z</time>
        <extensions>
          <gpxtpx:TrackPointExtension>
            <gpxtpx:atemp>31</gpxtpx:atemp>
            <gpxtpx:hr>173</gpxtpx:hr>
            <gpxtpx:cad>85</gpxtpx:cad>
          </gpxtpx:TrackPointExtension>
        </extensions>
      </trkpt>
      <trkpt lat="46.489234613254666" lon="13.723876560106874">
        <ele>865.5999755859375</ele>
        <time>2026-07-04T10:58:30.539Z</time>
        <extensions>
          <gpxtpx:TrackPointExtension>
            <gpxtpx:atemp>31</gpxtpx:atemp>
            <gpxtpx:hr>174</gpxtpx:hr>
            <gpxtpx:cad>85</gpxtpx:cad>
          </gpxtpx:TrackPointExtension>
        </extensions>
      </trkpt>
      <trkpt lat="46.489208713173866" lon="13.723883097991347">
        <ele>865.7999877929688</ele>
        <time>2026-07-04T10:58:31.539Z</time>
        <extensions>
          <gpxtpx:TrackPointExtension>
            <gpxtpx:atemp>31</gpxtpx:atemp>
            <gpxtpx:hr>174</gpxtpx:hr>
            <gpxtpx:cad>84</gpxtpx:cad>
          </gpxtpx:TrackPointExtension>
        </extensions>
      </trkpt>
      <trkpt lat="46.48918239399791" lon="13.723889803513885">
        <ele>865.7999877929688</ele>
        <time>2026-07-04T10:58:32.539Z</time>
        <extensions>
          <gpxtpx:TrackPointExtension>
            <gpxtpx:atemp>31</gpxtpx:atemp>
            <gpxtpx:hr>173</gpxtpx:hr>
            <gpxtpx:cad>84</gpxtpx:cad>
          </gpxtpx:TrackPointExtension>
        </extensions>
      </trkpt>
      <trkpt lat="46.489155404269695" lon="13.723895754665136">
        <ele>866</ele>
        <time>2026-07-04T10:58:33.539Z</time>
        <extensions>
          <gpxtpx:TrackPointExtension>
            <gpxtpx:atemp>31</gpxtpx:atemp>
            <gpxtpx:hr>173</gpxtpx:hr>
            <gpxtpx:cad>84</gpxtpx:cad>
          </gpxtpx:TrackPointExtension>
        </extensions>
      </trkpt>
      <trkpt lat="46.489127576351166" lon="13.723899442702532">
        <ele>866.2000122070312</ele>
        <time>2026-07-04T10:58:34.539Z</time>
        <extensions>
          <gpxtpx:TrackPointExtension>
            <gpxtpx:atemp>31</gpxtpx:atemp>
            <gpxtpx:hr>174</gpxtpx:hr>
            <gpxtpx:cad>84</gpxtpx:cad>
          </gpxtpx:TrackPointExtension>
        </extensions>
      </trkpt>
      <trkpt lat="46.48909958079457" lon="13.723898436874151">
        <ele>866.2000122070312</ele>
        <time>2026-07-04T10:58:35.539Z</time>
        <extensions>
          <gpxtpx:TrackPointExtension>
            <gpxtpx:atemp>31</gpxtpx:atemp>
            <gpxtpx:hr>174</gpxtpx:hr>
            <gpxtpx:cad>84</gpxtpx:cad>
          </gpxtpx:TrackPointExtension>
        </extensions>
      </trkpt>
      <trkpt lat="46.48907166905701" lon="13.723898101598024">
        <ele>866.4000244140625</ele>
        <time>2026-07-04T10:58:36.539Z</time>
        <extensions>
          <gpxtpx:TrackPointExtension>
            <gpxtpx:atemp>31</gpxtpx:atemp>
            <gpxtpx:hr>173</gpxtpx:hr>
            <gpxtpx:cad>85</gpxtpx:cad>
          </gpxtpx:TrackPointExtension>
        </extensions>
      </trkpt>
      <trkpt lat="46.4890428353101" lon="13.723897347226739">
        <ele>866.4000244140625</ele>
        <time>2026-07-04T10:58:37.539Z</time>
        <extensions>
          <gpxtpx:TrackPointExtension>
            <gpxtpx:atemp>31</gpxtpx:atemp>
            <gpxtpx:hr>174</gpxtpx:hr>
            <gpxtpx:cad>87</gpxtpx:cad>
          </gpxtpx:TrackPointExtension>
        </extensions>
      </trkpt>
      <trkpt lat="46.4890153426677" lon="13.72389692813158">
        <ele>866.5999755859375</ele>
        <time>2026-07-04T10:58:38.539Z</time>
        <extensions>
          <gpxtpx:TrackPointExtension>
            <gpxtpx:atemp>31</gpxtpx:atemp>
            <gpxtpx:hr>174</gpxtpx:hr>
            <gpxtpx:cad>89</gpxtpx:cad>
          </gpxtpx:TrackPointExtension>
        </extensions>
      </trkpt>
      <trkpt lat="46.48898717947304" lon="13.723898939788342">
        <ele>866.5999755859375</ele>
        <time>2026-07-04T10:58:39.539Z</time>
        <extensions>
          <gpxtpx:TrackPointExtension>
            <gpxtpx:atemp>31</gpxtpx:atemp>
            <gpxtpx:hr>172</gpxtpx:hr>
            <gpxtpx:cad>87</gpxtpx:cad>
          </gpxtpx:TrackPointExtension>
        </extensions>
      </trkpt>
      <trkpt lat="46.48895926773548" lon="13.723902544006705">
        <ele>866.7999877929688</ele>
        <time>2026-07-04T10:58:40.539Z</time>
        <extensions>
          <gpxtpx:TrackPointExtension>
            <gpxtpx:atemp>31</gpxtpx:atemp>
            <gpxtpx:hr>172</gpxtpx:hr>
            <gpxtpx:cad>85</gpxtpx:cad>
          </gpxtpx:TrackPointExtension>
        </extensions>
      </trkpt>
      <trkpt lat="46.488934038206935" lon="13.723903801292181">
        <ele>867</ele>
        <time>2026-07-04T10:58:41.539Z</time>
        <extensions>
          <gpxtpx:TrackPointExtension>
            <gpxtpx:atemp>31</gpxtpx:atemp>
            <gpxtpx:hr>174</gpxtpx:hr>
            <gpxtpx:cad>84</gpxtpx:cad>
          </gpxtpx:TrackPointExtension>
        </extensions>
      </trkpt>
      <trkpt lat="46.48890797048807" lon="13.723904555663466">
        <ele>867</ele>
        <time>2026-07-04T10:58:42.539Z</time>
        <extensions>
          <gpxtpx:TrackPointExtension>
            <gpxtpx:atemp>31</gpxtpx:atemp>
            <gpxtpx:hr>174</gpxtpx:hr>
            <gpxtpx:cad>84</gpxtpx:cad>
          </gpxtpx:TrackPointExtension>
        </extensions>
      </trkpt>
      <trkpt lat="46.488881316035986" lon="13.723903214558959">
        <ele>867.2000122070312</ele>
        <time>2026-07-04T10:58:43.539Z</time>
        <extensions>
          <gpxtpx:TrackPointExtension>
            <gpxtpx:atemp>31</gpxtpx:atemp>
            <gpxtpx:hr>174</gpxtpx:hr>
            <gpxtpx:cad>85</gpxtpx:cad>
          </gpxtpx:TrackPointExtension>
        </extensions>
      </trkpt>
      <trkpt lat="46.48886187002063" lon="13.723901873454452">
        <ele>867.4000244140625</ele>
        <time>2026-07-04T10:58:44.539Z</time>
        <extensions>
          <gpxtpx:TrackPointExtension>
            <gpxtpx:atemp>31</gpxtpx:atemp>
            <gpxtpx:hr>174</gpxtpx:hr>
            <gpxtpx:cad>85</gpxtpx:cad>
          </gpxtpx:TrackPointExtension>
        </extensions>
      </trkpt>
      <trkpt lat="46.488829515874386" lon="13.723901370540261">
        <ele>867.4000244140625</ele>
        <time>2026-07-04T10:58:45.539Z</time>
        <extensions>
          <gpxtpx:TrackPointExtension>
            <gpxtpx:atemp>31</gpxtpx:atemp>
            <gpxtpx:hr>174</gpxtpx:hr>
            <gpxtpx:cad>87</gpxtpx:cad>
          </gpxtpx:TrackPointExtension>
        </extensions>
      </trkpt>
      <trkpt lat="46.48879959248006" lon="13.72390422038734">
        <ele>867.5999755859375</ele>
        <time>2026-07-04T10:58:46.539Z</time>
        <extensions>
          <gpxtpx:TrackPointExtension>
            <gpxtpx:atemp>31</gpxtpx:atemp>
            <gpxtpx:hr>174</gpxtpx:hr>
            <gpxtpx:cad>88</gpxtpx:cad>
          </gpxtpx:TrackPointExtension>
        </extensions>
      </trkpt>
      <trkpt lat="46.48876975290477" lon="13.7239062320441">
        <ele>867.7999877929688</ele>
        <time>2026-07-04T10:58:47.539Z</time>
        <extensions>
          <gpxtpx:TrackPointExtension>
            <gpxtpx:atemp>31</gpxtpx:atemp>
            <gpxtpx:hr>174</gpxtpx:hr>
            <gpxtpx:cad>89</gpxtpx:cad>
          </gpxtpx:TrackPointExtension>
        </extensions>
      </trkpt>
      <trkpt lat="46.48874209262431" lon="13.72390715405345">
        <ele>868</ele>
        <time>2026-07-04T10:58:48.539Z</time>
        <extensions>
          <gpxtpx:TrackPointExtension>
            <gpxtpx:atemp>31</gpxtpx:atemp>
            <gpxtpx:hr>175</gpxtpx:hr>
            <gpxtpx:cad>87</gpxtpx:cad>
          </gpxtpx:TrackPointExtension>
        </extensions>
      </trkpt>
      <trkpt lat="46.48871292360127" lon="13.723906315863132">
        <ele>868</ele>
        <time>2026-07-04T10:58:49.539Z</time>
        <extensions>
          <gpxtpx:TrackPointExtension>
            <gpxtpx:atemp>31</gpxtpx:atemp>
            <gpxtpx:hr>175</gpxtpx:hr>
            <gpxtpx:cad>86</gpxtpx:cad>
          </gpxtpx:TrackPointExtension>
        </extensions>
      </trkpt>
      <trkpt lat="46.48868408985436" lon="13.723904136568308">
        <ele>868.2000122070312</ele>
        <time>2026-07-04T10:58:50.539Z</time>
        <extensions>
          <gpxtpx:TrackPointExtension>
            <gpxtpx:atemp>31</gpxtpx:atemp>
            <gpxtpx:hr>175</gpxtpx:hr>
            <gpxtpx:cad>83</gpxtpx:cad>
          </gpxtpx:TrackPointExtension>
        </extensions>
      </trkpt>
      <trkpt lat="46.488659363240004" lon="13.723899610340595">
        <ele>868.4000244140625</ele>
        <time>2026-07-04T10:58:51.539Z</time>
        <extensions>
          <gpxtpx:TrackPointExtension>
            <gpxtpx:atemp>31</gpxtpx:atemp>
            <gpxtpx:hr>175</gpxtpx:hr>
            <gpxtpx:cad>81</gpxtpx:cad>
          </gpxtpx:TrackPointExtension>
        </extensions>
      </trkpt>
      <trkpt lat="46.48863287642598" lon="13.723895084112883">
        <ele>868.5999755859375</ele>
        <time>2026-07-04T10:58:52.539Z</time>
        <extensions>
          <gpxtpx:TrackPointExtension>
            <gpxtpx:atemp>31</gpxtpx:atemp>
            <gpxtpx:hr>175</gpxtpx:hr>
            <gpxtpx:cad>81</gpxtpx:cad>
          </gpxtpx:TrackPointExtension>
        </extensions>
      </trkpt>
      <trkpt lat="46.488604713231325" lon="13.723891479894519">
        <ele>868.7999877929688</ele>
        <time>2026-07-04T10:58:53.539Z</time>
        <extensions>
          <gpxtpx:TrackPointExtension>
            <gpxtpx:atemp>31</gpxtpx:atemp>
            <gpxtpx:hr>175</gpxtpx:hr>
            <gpxtpx:cad>80</gpxtpx:cad>
          </gpxtpx:TrackPointExtension>
        </extensions>
      </trkpt>
      <trkpt lat="46.48857965134084" lon="13.72389055788517">
        <ele>869</ele>
        <time>2026-07-04T10:58:54.539Z</time>
        <extensions>
          <gpxtpx:TrackPointExtension>
            <gpxtpx:atemp>31</gpxtpx:atemp>
            <gpxtpx:hr>175</gpxtpx:hr>
            <gpxtpx:cad>80</gpxtpx:cad>
          </gpxtpx:TrackPointExtension>
        </extensions>
      </trkpt>
      <trkpt lat="46.48855366744101" lon="13.72388712130487">
        <ele>869</ele>
        <time>2026-07-04T10:58:55.539Z</time>
        <extensions>
          <gpxtpx:TrackPointExtension>
            <gpxtpx:atemp>31</gpxtpx:atemp>
            <gpxtpx:hr>175</gpxtpx:hr>
            <gpxtpx:cad>80</gpxtpx:cad>
          </gpxtpx:TrackPointExtension>
        </extensions>
      </trkpt>
      <trkpt lat="46.48852759972215" lon="13.723885612562299">
        <ele>869.2000122070312</ele>
        <time>2026-07-04T10:58:56.539Z</time>
        <extensions>
          <gpxtpx:TrackPointExtension>
            <gpxtpx:atemp>31</gpxtpx:atemp>
            <gpxtpx:hr>176</gpxtpx:hr>
            <gpxtpx:cad>78</gpxtpx:cad>
          </gpxtpx:TrackPointExtension>
        </extensions>
      </trkpt>
      <trkpt lat="46.48850329220295" lon="13.723883349448442">
        <ele>869.4000244140625</ele>
        <time>2026-07-04T10:58:57.539Z</time>
        <extensions>
          <gpxtpx:TrackPointExtension>
            <gpxtpx:atemp>31</gpxtpx:atemp>
            <gpxtpx:hr>176</gpxtpx:hr>
            <gpxtpx:cad>78</gpxtpx:cad>
          </gpxtpx:TrackPointExtension>
        </extensions>
      </trkpt>
      <trkpt lat="46.48847839795053" lon="13.723879577592015">
        <ele>869.5999755859375</ele>
        <time>2026-07-04T10:58:58.539Z</time>
        <extensions>
          <gpxtpx:TrackPointExtension>
            <gpxtpx:atemp>31</gpxtpx:atemp>
            <gpxtpx:hr>176</gpxtpx:hr>
            <gpxtpx:cad>79</gpxtpx:cad>
          </gpxtpx:TrackPointExtension>
        </extensions>
      </trkpt>
      <trkpt lat="46.488453671336174" lon="13.723875554278493">
        <ele>869.5999755859375</ele>
        <time>2026-07-04T10:58:59.539Z</time>
        <extensions>
          <gpxtpx:TrackPointExtension>
            <gpxtpx:atemp>31</gpxtpx:atemp>
            <gpxtpx:hr>177</gpxtpx:hr>
            <gpxtpx:cad>80</gpxtpx:cad>
          </gpxtpx:TrackPointExtension>
        </extensions>
      </trkpt>
      <trkpt lat="46.48842852562666" lon="13.72387203387916">
        <ele>869.7999877929688</ele>
        <time>2026-07-04T10:59:00.539Z</time>
        <extensions>
          <gpxtpx:TrackPointExtension>
            <gpxtpx:atemp>31</gpxtpx:atemp>
            <gpxtpx:hr>177</gpxtpx:hr>
            <gpxtpx:cad>81</gpxtpx:cad>
          </gpxtpx:TrackPointExtension>
        </extensions>
      </trkpt>
      <trkpt lat="46.48840363137424" lon="13.72386708855629">
        <ele>869.7999877929688</ele>
        <time>2026-07-04T10:59:01.539Z</time>
        <extensions>
          <gpxtpx:TrackPointExtension>
            <gpxtpx:atemp>31</gpxtpx:atemp>
            <gpxtpx:hr>177</gpxtpx:hr>
            <gpxtpx:cad>81</gpxtpx:cad>
          </gpxtpx:TrackPointExtension>
        </extensions>
      </trkpt>
      <trkpt lat="46.48837856948376" lon="13.72386516071856">
        <ele>870</ele>
        <time>2026-07-04T10:59:02.539Z</time>
        <extensions>
          <gpxtpx:TrackPointExtension>
            <gpxtpx:atemp>31</gpxtpx:atemp>
            <gpxtpx:hr>177</gpxtpx:hr>
            <gpxtpx:cad>81</gpxtpx:cad>
          </gpxtpx:TrackPointExtension>
        </extensions>
      </trkpt>
      <trkpt lat="46.48835275322199" lon="13.723863484337926">
        <ele>870.2000122070312</ele>
        <time>2026-07-04T10:59:03.539Z</time>
        <extensions>
          <gpxtpx:TrackPointExtension>
            <gpxtpx:atemp>31</gpxtpx:atemp>
            <gpxtpx:hr>177</gpxtpx:hr>
            <gpxtpx:cad>81</gpxtpx:cad>
          </gpxtpx:TrackPointExtension>
        </extensions>
      </trkpt>
      <trkpt lat="46.48832785896957" lon="13.72386222705245">
        <ele>870.2000122070312</ele>
        <time>2026-07-04T10:59:04.539Z</time>
        <extensions>
          <gpxtpx:TrackPointExtension>
            <gpxtpx:atemp>31</gpxtpx:atemp>
            <gpxtpx:hr>177</gpxtpx:hr>
            <gpxtpx:cad>81</gpxtpx:cad>
          </gpxtpx:TrackPointExtension>
        </extensions>
      </trkpt>
      <trkpt lat="46.48830355145037" lon="13.723863400518894">
        <ele>870.4000244140625</ele>
        <time>2026-07-04T10:59:05.539Z</time>
        <extensions>
          <gpxtpx:TrackPointExtension>
            <gpxtpx:atemp>31</gpxtpx:atemp>
            <gpxtpx:hr>177</gpxtpx:hr>
            <gpxtpx:cad>84</gpxtpx:cad>
          </gpxtpx:TrackPointExtension>
        </extensions>
      </trkpt>
      <trkpt lat="46.48828008212149" lon="13.723865831270814">
        <ele>870.4000244140625</ele>
        <time>2026-07-04T10:59:06.539Z</time>
        <extensions>
          <gpxtpx:TrackPointExtension>
            <gpxtpx:atemp>31</gpxtpx:atemp>
            <gpxtpx:hr>177</gpxtpx:hr>
            <gpxtpx:cad>84</gpxtpx:cad>
          </gpxtpx:TrackPointExtension>
        </extensions>
      </trkpt>
      <trkpt lat="46.488257283344865" lon="13.723867926746607">
        <ele>870.5999755859375</ele>
        <time>2026-07-04T10:59:07.539Z</time>
        <extensions>
          <gpxtpx:TrackPointExtension>
            <gpxtpx:atemp>31</gpxtpx:atemp>
            <gpxtpx:hr>176</gpxtpx:hr>
            <gpxtpx:cad>83</gpxtpx:cad>
          </gpxtpx:TrackPointExtension>
        </extensions>
      </trkpt>
      <trkpt lat="46.488234316930175" lon="13.723868932574987">
        <ele>870.7999877929688</ele>
        <time>2026-07-04T10:59:08.539Z</time>
        <extensions>
          <gpxtpx:TrackPointExtension>
            <gpxtpx:atemp>31</gpxtpx:atemp>
            <gpxtpx:hr>177</gpxtpx:hr>
            <gpxtpx:cad>81</gpxtpx:cad>
          </gpxtpx:TrackPointExtension>
        </extensions>
      </trkpt>
      <trkpt lat="46.488212272524834" lon="13.723872201517224">
        <ele>870.7999877929688</ele>
        <time>2026-07-04T10:59:09.539Z</time>
        <extensions>
          <gpxtpx:TrackPointExtension>
            <gpxtpx:atemp>31</gpxtpx:atemp>
            <gpxtpx:hr>177</gpxtpx:hr>
            <gpxtpx:cad>80</gpxtpx:cad>
          </gpxtpx:TrackPointExtension>
        </extensions>
      </trkpt>
      <trkpt lat="46.48818955756724" lon="13.723874380812049">
        <ele>871</ele>
        <time>2026-07-04T10:59:10.539Z</time>
        <extensions>
          <gpxtpx:TrackPointExtension>
            <gpxtpx:atemp>31</gpxtpx:atemp>
            <gpxtpx:hr>177</gpxtpx:hr>
            <gpxtpx:cad>79</gpxtpx:cad>
          </gpxtpx:TrackPointExtension>
        </extensions>
      </trkpt>
      <trkpt lat="46.48816600441933" lon="13.723877063021064">
        <ele>871.2000122070312</ele>
        <time>2026-07-04T10:59:11.539Z</time>
        <extensions>
          <gpxtpx:TrackPointExtension>
            <gpxtpx:atemp>31</gpxtpx:atemp>
            <gpxtpx:hr>177</gpxtpx:hr>
            <gpxtpx:cad>79</gpxtpx:cad>
          </gpxtpx:TrackPointExtension>
        </extensions>
      </trkpt>
      <trkpt lat="46.488142032176256" lon="13.723881421610713">
        <ele>871.2000122070312</ele>
        <time>2026-07-04T10:59:12.539Z</time>
        <extensions>
          <gpxtpx:TrackPointExtension>
            <gpxtpx:atemp>31</gpxtpx:atemp>
            <gpxtpx:hr>177</gpxtpx:hr>
            <gpxtpx:cad>79</gpxtpx:cad>
          </gpxtpx:TrackPointExtension>
        </extensions>
      </trkpt>
      <trkpt lat="46.48811982013285" lon="13.72388913296163">
        <ele>871.4000244140625</ele>
        <time>2026-07-04T10:59:13.539Z</time>
        <extensions>
          <gpxtpx:TrackPointExtension>
            <gpxtpx:atemp>31</gpxtpx:atemp>
            <gpxtpx:hr>177</gpxtpx:hr>
            <gpxtpx:cad>81</gpxtpx:cad>
          </gpxtpx:TrackPointExtension>
        </extensions>
      </trkpt>
      <trkpt lat="46.4880966860801" lon="13.72389206662774">
        <ele>871.5999755859375</ele>
        <time>2026-07-04T10:59:14.539Z</time>
        <extensions>
          <gpxtpx:TrackPointExtension>
            <gpxtpx:atemp>31</gpxtpx:atemp>
            <gpxtpx:hr>177</gpxtpx:hr>
            <gpxtpx:cad>82</gpxtpx:cad>
          </gpxtpx:TrackPointExtension>
        </extensions>
      </trkpt>
      <trkpt lat="46.488073552027345" lon="13.723895754665136">
        <ele>871.5999755859375</ele>
        <time>2026-07-04T10:59:15.539Z</time>
        <extensions>
          <gpxtpx:TrackPointExtension>
            <gpxtpx:atemp>31</gpxtpx:atemp>
            <gpxtpx:hr>177</gpxtpx:hr>
            <gpxtpx:cad>83</gpxtpx:cad>
          </gpxtpx:TrackPointExtension>
        </extensions>
      </trkpt>
      <trkpt lat="46.48805092088878" lon="13.723901957273483">
        <ele>871.7999877929688</ele>
        <time>2026-07-04T10:59:16.539Z</time>
        <extensions>
          <gpxtpx:TrackPointExtension>
            <gpxtpx:atemp>31</gpxtpx:atemp>
            <gpxtpx:hr>178</gpxtpx:hr>
            <gpxtpx:cad>83</gpxtpx:cad>
          </gpxtpx:TrackPointExtension>
        </extensions>
      </trkpt>
      <trkpt lat="46.48802837356925" lon="13.723911177366972">
        <ele>871.7999877929688</ele>
        <time>2026-07-04T10:59:17.539Z</time>
        <extensions>
          <gpxtpx:TrackPointExtension>
            <gpxtpx:atemp>31</gpxtpx:atemp>
            <gpxtpx:hr>178</gpxtpx:hr>
            <gpxtpx:cad>82</gpxtpx:cad>
          </gpxtpx:TrackPointExtension>
        </extensions>
      </trkpt>
      <trkpt lat="46.48800649680197" lon="13.723918301984668">
        <ele>872</ele>
        <time>2026-07-04T10:59:18.539Z</time>
        <extensions>
          <gpxtpx:TrackPointExtension>
            <gpxtpx:atemp>31</gpxtpx:atemp>
            <gpxtpx:hr>178</gpxtpx:hr>
            <gpxtpx:cad>82</gpxtpx:cad>
          </gpxtpx:TrackPointExtension>
        </extensions>
      </trkpt>
      <trkpt lat="46.48798445239663" lon="13.723926851525903">
        <ele>872.2000122070312</ele>
        <time>2026-07-04T10:59:19.539Z</time>
        <extensions>
          <gpxtpx:TrackPointExtension>
            <gpxtpx:atemp>31</gpxtpx:atemp>
            <gpxtpx:hr>178</gpxtpx:hr>
            <gpxtpx:cad>83</gpxtpx:cad>
          </gpxtpx:TrackPointExtension>
        </extensions>
      </trkpt>
      <trkpt lat="46.48796232417226" lon="13.723937245085835">
        <ele>872.2000122070312</ele>
        <time>2026-07-04T10:59:20.539Z</time>
        <extensions>
          <gpxtpx:TrackPointExtension>
            <gpxtpx:atemp>31</gpxtpx:atemp>
            <gpxtpx:hr>178</gpxtpx:hr>
            <gpxtpx:cad>82</gpxtpx:cad>
          </gpxtpx:TrackPointExtension>
        </extensions>
      </trkpt>
      <trkpt lat="46.487941117957234" lon="13.7239477224648">
        <ele>872.4000244140625</ele>
        <time>2026-07-04T10:59:21.539Z</time>
        <extensions>
          <gpxtpx:TrackPointExtension>
            <gpxtpx:atemp>31</gpxtpx:atemp>
            <gpxtpx:hr>178</gpxtpx:hr>
            <gpxtpx:cad>81</gpxtpx:cad>
          </gpxtpx:TrackPointExtension>
        </extensions>
      </trkpt>
      <trkpt lat="46.487918235361576" lon="13.723957445472479">
        <ele>872.4000244140625</ele>
        <time>2026-07-04T10:59:22.539Z</time>
        <extensions>
          <gpxtpx:TrackPointExtension>
            <gpxtpx:atemp>31</gpxtpx:atemp>
            <gpxtpx:hr>178</gpxtpx:hr>
            <gpxtpx:cad>80</gpxtpx:cad>
          </gpxtpx:TrackPointExtension>
        </extensions>
      </trkpt>
      <trkpt lat="46.487896190956235" lon="13.723966833204031">
        <ele>872.5999755859375</ele>
        <time>2026-07-04T10:59:23.539Z</time>
        <extensions>
          <gpxtpx:TrackPointExtension>
            <gpxtpx:atemp>31</gpxtpx:atemp>
            <gpxtpx:hr>178</gpxtpx:hr>
            <gpxtpx:cad>82</gpxtpx:cad>
          </gpxtpx:TrackPointExtension>
        </extensions>
      </trkpt>
      <trkpt lat="46.487874649465084" lon="13.72397655621171">
        <ele>872.5999755859375</ele>
        <time>2026-07-04T10:59:24.539Z</time>
        <extensions>
          <gpxtpx:TrackPointExtension>
            <gpxtpx:atemp>31</gpxtpx:atemp>
            <gpxtpx:hr>178</gpxtpx:hr>
            <gpxtpx:cad>82</gpxtpx:cad>
          </gpxtpx:TrackPointExtension>
        </extensions>
      </trkpt>
      <trkpt lat="46.48785352706909" lon="13.723988374695182">
        <ele>872.7999877929688</ele>
        <time>2026-07-04T10:59:25.539Z</time>
        <extensions>
          <gpxtpx:TrackPointExtension>
            <gpxtpx:atemp>31</gpxtpx:atemp>
            <gpxtpx:hr>177</gpxtpx:hr>
            <gpxtpx:cad>84</gpxtpx:cad>
          </gpxtpx:TrackPointExtension>
        </extensions>
      </trkpt>
      <trkpt lat="46.48783089593053" lon="13.723999774083495">
        <ele>872.7999877929688</ele>
        <time>2026-07-04T10:59:26.539Z</time>
        <extensions>
          <gpxtpx:TrackPointExtension>
            <gpxtpx:atemp>31</gpxtpx:atemp>
            <gpxtpx:hr>177</gpxtpx:hr>
            <gpxtpx:cad>85</gpxtpx:cad>
          </gpxtpx:TrackPointExtension>
        </extensions>
      </trkpt>
      <trkpt lat="46.48780843243003" lon="13.724008658900857">
        <ele>873</ele>
        <time>2026-07-04T10:59:27.539Z</time>
        <extensions>
          <gpxtpx:TrackPointExtension>
            <gpxtpx:atemp>32</gpxtpx:atemp>
            <gpxtpx:hr>177</gpxtpx:hr>
            <gpxtpx:cad>86</gpxtpx:cad>
          </gpxtpx:TrackPointExtension>
        </extensions>
      </trkpt>
      <trkpt lat="46.487785717472434" lon="13.724021315574646">
        <ele>873</ele>
        <time>2026-07-04T10:59:28.539Z</time>
        <extensions>
          <gpxtpx:TrackPointExtension>
            <gpxtpx:atemp>32</gpxtpx:atemp>
            <gpxtpx:hr>177</gpxtpx:hr>
            <gpxtpx:cad>86</gpxtpx:cad>
          </gpxtpx:TrackPointExtension>
        </extensions>
      </trkpt>
      <trkpt lat="46.487763756886125" lon="13.724035983905196">
        <ele>873</ele>
        <time>2026-07-04T10:59:29.539Z</time>
        <extensions>
          <gpxtpx:TrackPointExtension>
            <gpxtpx:atemp>32</gpxtpx:atemp>
            <gpxtpx:hr>177</gpxtpx:hr>
            <gpxtpx:cad>85</gpxtpx:cad>
          </gpxtpx:TrackPointExtension>
        </extensions>
      </trkpt>
      <trkpt lat="46.48774146102369" lon="13.72404981404543">
        <ele>873.2000122070312</ele>
        <time>2026-07-04T10:59:30.539Z</time>
        <extensions>
          <gpxtpx:TrackPointExtension>
            <gpxtpx:atemp>32</gpxtpx:atemp>
            <gpxtpx:hr>177</gpxtpx:hr>
            <gpxtpx:cad>84</gpxtpx:cad>
          </gpxtpx:TrackPointExtension>
        </extensions>
      </trkpt>
      <trkpt lat="46.487718829885125" lon="13.724062470719218">
        <ele>873.2000122070312</ele>
        <time>2026-07-04T10:59:31.539Z</time>
        <extensions>
          <gpxtpx:TrackPointExtension>
            <gpxtpx:atemp>32</gpxtpx:atemp>
            <gpxtpx:hr>177</gpxtpx:hr>
            <gpxtpx:cad>84</gpxtpx:cad>
          </gpxtpx:TrackPointExtension>
        </extensions>
      </trkpt>
      <trkpt lat="46.48769653402269" lon="13.724075797945261">
        <ele>873.4000244140625</ele>
        <time>2026-07-04T10:59:32.539Z</time>
        <extensions>
          <gpxtpx:TrackPointExtension>
            <gpxtpx:atemp>32</gpxtpx:atemp>
            <gpxtpx:hr>177</gpxtpx:hr>
            <gpxtpx:cad>86</gpxtpx:cad>
          </gpxtpx:TrackPointExtension>
        </extensions>
      </trkpt>
      <trkpt lat="46.48767314851284" lon="13.724088286980987">
        <ele>873.4000244140625</ele>
        <time>2026-07-04T10:59:33.539Z</time>
        <extensions>
          <gpxtpx:TrackPointExtension>
            <gpxtpx:atemp>32</gpxtpx:atemp>
            <gpxtpx:hr>177</gpxtpx:hr>
            <gpxtpx:cad>86</gpxtpx:cad>
          </gpxtpx:TrackPointExtension>
        </extensions>
      </trkpt>
      <trkpt lat="46.48764984682202" lon="13.7240996863693">
        <ele>873.4000244140625</ele>
        <time>2026-07-04T10:59:34.539Z</time>
        <extensions>
          <gpxtpx:TrackPointExtension>
            <gpxtpx:atemp>32</gpxtpx:atemp>
            <gpxtpx:hr>177</gpxtpx:hr>
            <gpxtpx:cad>87</gpxtpx:cad>
          </gpxtpx:TrackPointExtension>
        </extensions>
      </trkpt>
      <trkpt lat="46.487625455483794" lon="13.724114019423723">
        <ele>873.5999755859375</ele>
        <time>2026-07-04T10:59:35.539Z</time>
        <extensions>
          <gpxtpx:TrackPointExtension>
            <gpxtpx:atemp>32</gpxtpx:atemp>
            <gpxtpx:hr>177</gpxtpx:hr>
            <gpxtpx:cad>86</gpxtpx:cad>
          </gpxtpx:TrackPointExtension>
        </extensions>
      </trkpt>
      <trkpt lat="46.48760190233588" lon="13.724127011373639">
        <ele>873.5999755859375</ele>
        <time>2026-07-04T10:59:36.539Z</time>
        <extensions>
          <gpxtpx:TrackPointExtension>
            <gpxtpx:atemp>32</gpxtpx:atemp>
            <gpxtpx:hr>177</gpxtpx:hr>
            <gpxtpx:cad>86</gpxtpx:cad>
          </gpxtpx:TrackPointExtension>
        </extensions>
      </trkpt>
      <trkpt lat="46.487579522654414" lon="13.724138075485826">
        <ele>873.7999877929688</ele>
        <time>2026-07-04T10:59:37.539Z</time>
        <extensions>
          <gpxtpx:TrackPointExtension>
            <gpxtpx:atemp>32</gpxtpx:atemp>
            <gpxtpx:hr>177</gpxtpx:hr>
            <gpxtpx:cad>85</gpxtpx:cad>
          </gpxtpx:TrackPointExtension>
        </extensions>
      </trkpt>
      <trkpt lat="46.487555550411344" lon="13.724149810150266">
        <ele>873.7999877929688</ele>
        <time>2026-07-04T10:59:38.539Z</time>
        <extensions>
          <gpxtpx:TrackPointExtension>
            <gpxtpx:atemp>32</gpxtpx:atemp>
            <gpxtpx:hr>177</gpxtpx:hr>
            <gpxtpx:cad>85</gpxtpx:cad>
          </gpxtpx:TrackPointExtension>
        </extensions>
      </trkpt>
      <trkpt lat="46.48753233253956" lon="13.724161041900516">
        <ele>874</ele>
        <time>2026-07-04T10:59:39.539Z</time>
        <extensions>
          <gpxtpx:TrackPointExtension>
            <gpxtpx:atemp>32</gpxtpx:atemp>
            <gpxtpx:hr>177</gpxtpx:hr>
            <gpxtpx:cad>86</gpxtpx:cad>
          </gpxtpx:TrackPointExtension>
        </extensions>
      </trkpt>
      <trkpt lat="46.48751003667712" lon="13.724173279479146">
        <ele>874</ele>
        <time>2026-07-04T10:59:40.539Z</time>
        <extensions>
          <gpxtpx:TrackPointExtension>
            <gpxtpx:atemp>32</gpxtpx:atemp>
            <gpxtpx:hr>177</gpxtpx:hr>
            <gpxtpx:cad>85</gpxtpx:cad>
          </gpxtpx:TrackPointExtension>
        </extensions>
      </trkpt>
      <trkpt lat="46.48748757317662" lon="13.724185433238745">
        <ele>874.2000122070312</ele>
        <time>2026-07-04T10:59:41.539Z</time>
        <extensions>
          <gpxtpx:TrackPointExtension>
            <gpxtpx:atemp>32</gpxtpx:atemp>
            <gpxtpx:hr>177</gpxtpx:hr>
            <gpxtpx:cad>85</gpxtpx:cad>
          </gpxtpx:TrackPointExtension>
        </extensions>
      </trkpt>
      <trkpt lat="46.48746485821903" lon="13.724194401875138">
        <ele>874.2000122070312</ele>
        <time>2026-07-04T10:59:42.539Z</time>
        <extensions>
          <gpxtpx:TrackPointExtension>
            <gpxtpx:atemp>32</gpxtpx:atemp>
            <gpxtpx:hr>177</gpxtpx:hr>
            <gpxtpx:cad>83</gpxtpx:cad>
          </gpxtpx:TrackPointExtension>
        </extensions>
      </trkpt>
      <trkpt lat="46.487442310899496" lon="13.724203538149595">
        <ele>874.4000244140625</ele>
        <time>2026-07-04T10:59:43.539Z</time>
        <extensions>
          <gpxtpx:TrackPointExtension>
            <gpxtpx:atemp>32</gpxtpx:atemp>
            <gpxtpx:hr>177</gpxtpx:hr>
            <gpxtpx:cad>84</gpxtpx:cad>
          </gpxtpx:TrackPointExtension>
        </extensions>
      </trkpt>
      <trkpt lat="46.48741917684674" lon="13.72421351261437">
        <ele>874.4000244140625</ele>
        <time>2026-07-04T10:59:44.539Z</time>
        <extensions>
          <gpxtpx:TrackPointExtension>
            <gpxtpx:atemp>32</gpxtpx:atemp>
            <gpxtpx:hr>177</gpxtpx:hr>
            <gpxtpx:cad>82</gpxtpx:cad>
          </gpxtpx:TrackPointExtension>
        </extensions>
      </trkpt>
      <trkpt lat="46.48739763535559" lon="13.724224409088492">
        <ele>874.5999755859375</ele>
        <time>2026-07-04T10:59:45.539Z</time>
        <extensions>
          <gpxtpx:TrackPointExtension>
            <gpxtpx:atemp>32</gpxtpx:atemp>
            <gpxtpx:hr>178</gpxtpx:hr>
            <gpxtpx:cad>82</gpxtpx:cad>
          </gpxtpx:TrackPointExtension>
        </extensions>
      </trkpt>
      <trkpt lat="46.48737592622638" lon="13.724236311390996">
        <ele>874.7999877929688</ele>
        <time>2026-07-04T10:59:46.539Z</time>
        <extensions>
          <gpxtpx:TrackPointExtension>
            <gpxtpx:atemp>32</gpxtpx:atemp>
            <gpxtpx:hr>177</gpxtpx:hr>
            <gpxtpx:cad>80</gpxtpx:cad>
          </gpxtpx:TrackPointExtension>
        </extensions>
      </trkpt>
      <trkpt lat="46.48735488764942" lon="13.724244860932231">
        <ele>874.7999877929688</ele>
        <time>2026-07-04T10:59:47.539Z</time>
        <extensions>
          <gpxtpx:TrackPointExtension>
            <gpxtpx:atemp>32</gpxtpx:atemp>
            <gpxtpx:hr>177</gpxtpx:hr>
            <gpxtpx:cad>82</gpxtpx:cad>
          </gpxtpx:TrackPointExtension>
        </extensions>
      </trkpt>
      <trkpt lat="46.48733301088214" lon="13.724247794598341">
        <ele>875</ele>
        <time>2026-07-04T10:59:48.539Z</time>
        <extensions>
          <gpxtpx:TrackPointExtension>
            <gpxtpx:atemp>32</gpxtpx:atemp>
            <gpxtpx:hr>177</gpxtpx:hr>
            <gpxtpx:cad>83</gpxtpx:cad>
          </gpxtpx:TrackPointExtension>
        </extensions>
      </trkpt>
      <trkpt lat="46.48731054738164" lon="13.72425215318799">
        <ele>875.2000122070312</ele>
        <time>2026-07-04T10:59:49.539Z</time>
        <extensions>
          <gpxtpx:TrackPointExtension>
            <gpxtpx:atemp>32</gpxtpx:atemp>
            <gpxtpx:hr>177</gpxtpx:hr>
            <gpxtpx:cad>83</gpxtpx:cad>
          </gpxtpx:TrackPointExtension>
        </extensions>
      </trkpt>
      <trkpt lat="46.487288335338235" lon="13.72425894252956">
        <ele>875.2000122070312</ele>
        <time>2026-07-04T10:59:50.539Z</time>
        <extensions>
          <gpxtpx:TrackPointExtension>
            <gpxtpx:atemp>32</gpxtpx:atemp>
            <gpxtpx:hr>177</gpxtpx:hr>
            <gpxtpx:cad>84</gpxtpx:cad>
          </gpxtpx:TrackPointExtension>
        </extensions>
      </trkpt>
      <trkpt lat="46.48726461455226" lon="13.724266067147255">
        <ele>875.4000244140625</ele>
        <time>2026-07-04T10:59:51.539Z</time>
        <extensions>
          <gpxtpx:TrackPointExtension>
            <gpxtpx:atemp>32</gpxtpx:atemp>
            <gpxtpx:hr>177</gpxtpx:hr>
            <gpxtpx:cad>84</gpxtpx:cad>
          </gpxtpx:TrackPointExtension>
        </extensions>
      </trkpt>
      <trkpt lat="46.48724064230919" lon="13.72427319176495">
        <ele>875.4000244140625</ele>
        <time>2026-07-04T10:59:52.539Z</time>
        <extensions>
          <gpxtpx:TrackPointExtension>
            <gpxtpx:atemp>32</gpxtpx:atemp>
            <gpxtpx:hr>177</gpxtpx:hr>
            <gpxtpx:cad>85</gpxtpx:cad>
          </gpxtpx:TrackPointExtension>
        </extensions>
      </trkpt>
      <trkpt lat="46.48721633478999" lon="13.7242775503546">
        <ele>875.5999755859375</ele>
        <time>2026-07-04T10:59:53.539Z</time>
        <extensions>
          <gpxtpx:TrackPointExtension>
            <gpxtpx:atemp>32</gpxtpx:atemp>
            <gpxtpx:hr>177</gpxtpx:hr>
            <gpxtpx:cad>86</gpxtpx:cad>
          </gpxtpx:TrackPointExtension>
        </extensions>
      </trkpt>
      <trkpt lat="46.48719135671854" lon="13.724285764619708">
        <ele>875.5999755859375</ele>
        <time>2026-07-04T10:59:54.539Z</time>
        <extensions>
          <gpxtpx:TrackPointExtension>
            <gpxtpx:atemp>32</gpxtpx:atemp>
            <gpxtpx:hr>177</gpxtpx:hr>
            <gpxtpx:cad>87</gpxtpx:cad>
          </gpxtpx:TrackPointExtension>
        </extensions>
      </trkpt>
      <trkpt lat="46.48716738447547" lon="13.724292805418372">
        <ele>875.7999877929688</ele>
        <time>2026-07-04T10:59:55.539Z</time>
        <extensions>
          <gpxtpx:TrackPointExtension>
            <gpxtpx:atemp>32</gpxtpx:atemp>
            <gpxtpx:hr>177</gpxtpx:hr>
            <gpxtpx:cad>87</gpxtpx:cad>
          </gpxtpx:TrackPointExtension>
        </extensions>
      </trkpt>
      <trkpt lat="46.487145004794" lon="13.724299259483814">
        <ele>875.7999877929688</ele>
        <time>2026-07-04T10:59:56.539Z</time>
        <extensions>
          <gpxtpx:TrackPointExtension>
            <gpxtpx:atemp>32</gpxtpx:atemp>
            <gpxtpx:hr>178</gpxtpx:hr>
            <gpxtpx:cad>85</gpxtpx:cad>
          </gpxtpx:TrackPointExtension>
        </extensions>
      </trkpt>
      <trkpt lat="46.48712103255093" lon="13.724297834560275">
        <ele>876</ele>
        <time>2026-07-04T10:59:57.539Z</time>
        <extensions>
          <gpxtpx:TrackPointExtension>
            <gpxtpx:atemp>32</gpxtpx:atemp>
            <gpxtpx:hr>178</gpxtpx:hr>
            <gpxtpx:cad>86</gpxtpx:cad>
          </gpxtpx:TrackPointExtension>
        </extensions>
      </trkpt>
      <trkpt lat="46.48709571920335" lon="13.724299427121878">
        <ele>876</ele>
        <time>2026-07-04T10:59:58.539Z</time>
        <extensions>
          <gpxtpx:TrackPointExtension>
            <gpxtpx:atemp>32</gpxtpx:atemp>
            <gpxtpx:hr>178</gpxtpx:hr>
            <gpxtpx:cad>85</gpxtpx:cad>
          </gpxtpx:TrackPointExtension>
        </extensions>
      </trkpt>
      <trkpt lat="46.48707325570285" lon="13.72430537827313">
        <ele>876.2000122070312</ele>
        <time>2026-07-04T10:59:59.539Z</time>
        <extensions>
          <gpxtpx:TrackPointExtension>
            <gpxtpx:atemp>32</gpxtpx:atemp>
            <gpxtpx:hr>178</gpxtpx:hr>
            <gpxtpx:cad>84</gpxtpx:cad>
          </gpxtpx:TrackPointExtension>
        </extensions>
      </trkpt>
      <trkpt lat="46.48704878054559" lon="13.724310072138906">
        <ele>876.4000244140625</ele>
        <time>2026-07-04T11:00:00.539Z</time>
        <extensions>
          <gpxtpx:TrackPointExtension>
            <gpxtpx:atemp>32</gpxtpx:atemp>
            <gpxtpx:hr>178</gpxtpx:hr>
            <gpxtpx:cad>84</gpxtpx:cad>
          </gpxtpx:TrackPointExtension>
        </extensions>
      </trkpt>
      <trkpt lat="46.487023970112205" lon="13.72431417927146">
        <ele>876.4000244140625</ele>
        <time>2026-07-04T11:00:01.539Z</time>
        <extensions>
          <gpxtpx:TrackPointExtension>
            <gpxtpx:atemp>32</gpxtpx:atemp>
            <gpxtpx:hr>178</gpxtpx:hr>
            <gpxtpx:cad>85</gpxtpx:cad>
          </gpxtpx:TrackPointExtension>
        </extensions>
      </trkpt>
      <trkpt lat="46.48700041696429" lon="13.724314430728555">
        <ele>876.5999755859375</ele>
        <time>2026-07-04T11:00:02.539Z</time>
        <extensions>
          <gpxtpx:TrackPointExtension>
            <gpxtpx:atemp>32</gpxtpx:atemp>
            <gpxtpx:hr>178</gpxtpx:hr>
            <gpxtpx:cad>84</gpxtpx:cad>
          </gpxtpx:TrackPointExtension>
        </extensions>
      </trkpt>
      <trkpt lat="46.48697686381638" lon="13.724317783489823">
        <ele>876.7999877929688</ele>
        <time>2026-07-04T11:00:03.539Z</time>
        <extensions>
          <gpxtpx:TrackPointExtension>
            <gpxtpx:atemp>32</gpxtpx:atemp>
            <gpxtpx:hr>177</gpxtpx:hr>
            <gpxtpx:cad>85</gpxtpx:cad>
          </gpxtpx:TrackPointExtension>
        </extensions>
      </trkpt>
      <trkpt lat="46.48695247247815" lon="13.724320800974965">
        <ele>877</ele>
        <time>2026-07-04T11:00:04.539Z</time>
        <extensions>
          <gpxtpx:TrackPointExtension>
            <gpxtpx:atemp>32</gpxtpx:atemp>
            <gpxtpx:hr>177</gpxtpx:hr>
            <gpxtpx:cad>85</gpxtpx:cad>
          </gpxtpx:TrackPointExtension>
        </extensions>
      </trkpt>
      <trkpt lat="46.48692858405411" lon="13.724323147907853">
        <ele>877.2000122070312</ele>
        <time>2026-07-04T11:00:05.539Z</time>
        <extensions>
          <gpxtpx:TrackPointExtension>
            <gpxtpx:atemp>32</gpxtpx:atemp>
            <gpxtpx:hr>176</gpxtpx:hr>
            <gpxtpx:cad>84</gpxtpx:cad>
          </gpxtpx:TrackPointExtension>
        </extensions>
      </trkpt>
      <trkpt lat="46.48690637201071" lon="13.724328512325883">
        <ele>877.2000122070312</ele>
        <time>2026-07-04T11:00:06.539Z</time>
        <extensions>
          <gpxtpx:TrackPointExtension>
            <gpxtpx:atemp>32</gpxtpx:atemp>
            <gpxtpx:hr>176</gpxtpx:hr>
            <gpxtpx:cad>83</gpxtpx:cad>
          </gpxtpx:TrackPointExtension>
        </extensions>
      </trkpt>
      <trkpt lat="46.48688407614827" lon="13.724335050210357">
        <ele>877.2000122070312</ele>
        <time>2026-07-04T11:00:07.539Z</time>
        <extensions>
          <gpxtpx:TrackPointExtension>
            <gpxtpx:atemp>32</gpxtpx:atemp>
            <gpxtpx:hr>177</gpxtpx:hr>
            <gpxtpx:cad>82</gpxtpx:cad>
          </gpxtpx:TrackPointExtension>
        </extensions>
      </trkpt>
      <trkpt lat="46.48686018772423" lon="13.724337900057435">
        <ele>877.4000244140625</ele>
        <time>2026-07-04T11:00:08.539Z</time>
        <extensions>
          <gpxtpx:TrackPointExtension>
            <gpxtpx:atemp>32</gpxtpx:atemp>
            <gpxtpx:hr>177</gpxtpx:hr>
            <gpxtpx:cad>81</gpxtpx:cad>
          </gpxtpx:TrackPointExtension>
        </extensions>
      </trkpt>
      <trkpt lat="46.48683747276664" lon="13.72434108518064">
        <ele>877.4000244140625</ele>
        <time>2026-07-04T11:00:09.539Z</time>
        <extensions>
          <gpxtpx:TrackPointExtension>
            <gpxtpx:atemp>32</gpxtpx:atemp>
            <gpxtpx:hr>177</gpxtpx:hr>
            <gpxtpx:cad>79</gpxtpx:cad>
          </gpxtpx:TrackPointExtension>
        </extensions>
      </trkpt>
      <trkpt lat="46.4868154283613" lon="13.724342677742243">
        <ele>877.5999755859375</ele>
        <time>2026-07-04T11:00:10.539Z</time>
        <extensions>
          <gpxtpx:TrackPointExtension>
            <gpxtpx:atemp>32</gpxtpx:atemp>
            <gpxtpx:hr>177</gpxtpx:hr>
            <gpxtpx:cad>81</gpxtpx:cad>
          </gpxtpx:TrackPointExtension>
        </extensions>
      </trkpt>
      <trkpt lat="46.486792881041765" lon="13.724346030503511">
        <ele>877.5999755859375</ele>
        <time>2026-07-04T11:00:11.539Z</time>
        <extensions>
          <gpxtpx:TrackPointExtension>
            <gpxtpx:atemp>32</gpxtpx:atemp>
            <gpxtpx:hr>177</gpxtpx:hr>
            <gpxtpx:cad>82</gpxtpx:cad>
          </gpxtpx:TrackPointExtension>
        </extensions>
      </trkpt>
      <trkpt lat="46.48676949553192" lon="13.724349718540907">
        <ele>877.7999877929688</ele>
        <time>2026-07-04T11:00:12.539Z</time>
        <extensions>
          <gpxtpx:TrackPointExtension>
            <gpxtpx:atemp>32</gpxtpx:atemp>
            <gpxtpx:hr>177</gpxtpx:hr>
            <gpxtpx:cad>80</gpxtpx:cad>
          </gpxtpx:TrackPointExtension>
        </extensions>
      </trkpt>
      <trkpt lat="46.48674577474594" lon="13.724353490397334">
        <ele>878</ele>
        <time>2026-07-04T11:00:13.539Z</time>
        <extensions>
          <gpxtpx:TrackPointExtension>
            <gpxtpx:atemp>32</gpxtpx:atemp>
            <gpxtpx:hr>177</gpxtpx:hr>
            <gpxtpx:cad>79</gpxtpx:cad>
          </gpxtpx:TrackPointExtension>
        </extensions>
      </trkpt>
      <trkpt lat="46.48672280833125" lon="13.724355502054095">
        <ele>878.2000122070312</ele>
        <time>2026-07-04T11:00:14.539Z</time>
        <extensions>
          <gpxtpx:TrackPointExtension>
            <gpxtpx:atemp>32</gpxtpx:atemp>
            <gpxtpx:hr>177</gpxtpx:hr>
            <gpxtpx:cad>79</gpxtpx:cad>
          </gpxtpx:TrackPointExtension>
        </extensions>
      </trkpt>
      <trkpt lat="46.486699506640434" lon="13.72435960918665">
        <ele>878.2000122070312</ele>
        <time>2026-07-04T11:00:15.539Z</time>
        <extensions>
          <gpxtpx:TrackPointExtension>
            <gpxtpx:atemp>32</gpxtpx:atemp>
            <gpxtpx:hr>177</gpxtpx:hr>
            <gpxtpx:cad>78</gpxtpx:cad>
          </gpxtpx:TrackPointExtension>
        </extensions>
      </trkpt>
      <trkpt lat="46.48667737841606" lon="13.724362794309855">
        <ele>878.4000244140625</ele>
        <time>2026-07-04T11:00:16.539Z</time>
        <extensions>
          <gpxtpx:TrackPointExtension>
            <gpxtpx:atemp>32</gpxtpx:atemp>
            <gpxtpx:hr>177</gpxtpx:hr>
            <gpxtpx:cad>78</gpxtpx:cad>
          </gpxtpx:TrackPointExtension>
        </extensions>
      </trkpt>
      <trkpt lat="46.48665583692491" lon="13.724367236718535">
        <ele>878.4000244140625</ele>
        <time>2026-07-04T11:00:17.539Z</time>
        <extensions>
          <gpxtpx:TrackPointExtension>
            <gpxtpx:atemp>32</gpxtpx:atemp>
            <gpxtpx:hr>177</gpxtpx:hr>
            <gpxtpx:cad>79</gpxtpx:cad>
          </gpxtpx:TrackPointExtension>
        </extensions>
      </trkpt>
      <trkpt lat="46.486632535234094" lon="13.724368745461106">
        <ele>878.5999755859375</ele>
        <time>2026-07-04T11:00:18.539Z</time>
        <extensions>
          <gpxtpx:TrackPointExtension>
            <gpxtpx:atemp>32</gpxtpx:atemp>
            <gpxtpx:hr>177</gpxtpx:hr>
            <gpxtpx:cad>81</gpxtpx:cad>
          </gpxtpx:TrackPointExtension>
        </extensions>
      </trkpt>
      <trkpt lat="46.48660973645747" lon="13.72437042184174">
        <ele>878.7999877929688</ele>
        <time>2026-07-04T11:00:19.539Z</time>
        <extensions>
          <gpxtpx:TrackPointExtension>
            <gpxtpx:atemp>32</gpxtpx:atemp>
            <gpxtpx:hr>177</gpxtpx:hr>
            <gpxtpx:cad>81</gpxtpx:cad>
          </gpxtpx:TrackPointExtension>
        </extensions>
      </trkpt>
      <trkpt lat="46.48658651858568" lon="13.724373187869787">
        <ele>878.7999877929688</ele>
        <time>2026-07-04T11:00:20.539Z</time>
        <extensions>
          <gpxtpx:TrackPointExtension>
            <gpxtpx:atemp>32</gpxtpx:atemp>
            <gpxtpx:hr>177</gpxtpx:hr>
            <gpxtpx:cad>82</gpxtpx:cad>
          </gpxtpx:TrackPointExtension>
        </extensions>
      </trkpt>
      <trkpt lat="46.48656212724745" lon="13.72437821701169">
        <ele>879</ele>
        <time>2026-07-04T11:00:21.539Z</time>
        <extensions>
          <gpxtpx:TrackPointExtension>
            <gpxtpx:atemp>32</gpxtpx:atemp>
            <gpxtpx:hr>177</gpxtpx:hr>
            <gpxtpx:cad>82</gpxtpx:cad>
          </gpxtpx:TrackPointExtension>
        </extensions>
      </trkpt>
      <trkpt lat="46.4865389931947" lon="13.724381988868117">
        <ele>879.2000122070312</ele>
        <time>2026-07-04T11:00:22.539Z</time>
        <extensions>
          <gpxtpx:TrackPointExtension>
            <gpxtpx:atemp>32</gpxtpx:atemp>
            <gpxtpx:hr>177</gpxtpx:hr>
            <gpxtpx:cad>81</gpxtpx:cad>
          </gpxtpx:TrackPointExtension>
        </extensions>
      </trkpt>
      <trkpt lat="46.486515775322914" lon="13.724386263638735">
        <ele>879.2000122070312</ele>
        <time>2026-07-04T11:00:23.539Z</time>
        <extensions>
          <gpxtpx:TrackPointExtension>
            <gpxtpx:atemp>32</gpxtpx:atemp>
            <gpxtpx:hr>176</gpxtpx:hr>
            <gpxtpx:cad>80</gpxtpx:cad>
          </gpxtpx:TrackPointExtension>
        </extensions>
      </trkpt>
      <trkpt lat="46.48649314418435" lon="13.72439045459032">
        <ele>879.4000244140625</ele>
        <time>2026-07-04T11:00:24.539Z</time>
        <extensions>
          <gpxtpx:TrackPointExtension>
            <gpxtpx:atemp>32</gpxtpx:atemp>
            <gpxtpx:hr>177</gpxtpx:hr>
            <gpxtpx:cad>80</gpxtpx:cad>
          </gpxtpx:TrackPointExtension>
        </extensions>
      </trkpt>
      <trkpt lat="46.48647151887417" lon="13.724394980818033">
        <ele>879.4000244140625</ele>
        <time>2026-07-04T11:00:25.539Z</time>
        <extensions>
          <gpxtpx:TrackPointExtension>
            <gpxtpx:atemp>32</gpxtpx:atemp>
            <gpxtpx:hr>176</gpxtpx:hr>
            <gpxtpx:cad>80</gpxtpx:cad>
          </gpxtpx:TrackPointExtension>
        </extensions>
      </trkpt>
      <trkpt lat="46.486447378993034" lon="13.724399926140904">
        <ele>879.5999755859375</ele>
        <time>2026-07-04T11:00:26.539Z</time>
        <extensions>
          <gpxtpx:TrackPointExtension>
            <gpxtpx:atemp>32</gpxtpx:atemp>
            <gpxtpx:hr>176</gpxtpx:hr>
            <gpxtpx:cad>83</gpxtpx:cad>
          </gpxtpx:TrackPointExtension>
        </extensions>
      </trkpt>
      <trkpt lat="46.48642038926482" lon="13.724405793473125">
        <ele>879.7999877929688</ele>
        <time>2026-07-04T11:00:27.539Z</time>
        <extensions>
          <gpxtpx:TrackPointExtension>
            <gpxtpx:atemp>32</gpxtpx:atemp>
            <gpxtpx:hr>177</gpxtpx:hr>
            <gpxtpx:cad>84</gpxtpx:cad>
          </gpxtpx:TrackPointExtension>
        </extensions>
      </trkpt>
      <trkpt lat="46.48639742285013" lon="13.724407637491822">
        <ele>880</ele>
        <time>2026-07-04T11:00:28.539Z</time>
        <extensions>
          <gpxtpx:TrackPointExtension>
            <gpxtpx:atemp>32</gpxtpx:atemp>
            <gpxtpx:hr>176</gpxtpx:hr>
            <gpxtpx:cad>84</gpxtpx:cad>
          </gpxtpx:TrackPointExtension>
        </extensions>
      </trkpt>
      <trkpt lat="46.48637621663511" lon="13.724409816786647">
        <ele>880.2000122070312</ele>
        <time>2026-07-04T11:00:29.539Z</time>
        <extensions>
          <gpxtpx:TrackPointExtension>
            <gpxtpx:atemp>32</gpxtpx:atemp>
            <gpxtpx:hr>176</gpxtpx:hr>
            <gpxtpx:cad>81</gpxtpx:cad>
          </gpxtpx:TrackPointExtension>
        </extensions>
      </trkpt>
      <trkpt lat="46.48635484278202" lon="13.72441241517663">
        <ele>880.4000244140625</ele>
        <time>2026-07-04T11:00:30.527Z</time>
        <extensions>
          <gpxtpx:TrackPointExtension>
            <gpxtpx:atemp>32</gpxtpx:atemp>
            <gpxtpx:hr>176</gpxtpx:hr>
            <gpxtpx:cad>81</gpxtpx:cad>
          </gpxtpx:TrackPointExtension>
        </extensions>
      </trkpt>
      <trkpt lat="46.486355" lon="13.724408">
        <ele>879.39</ele>
        <time>2026-07-04T11:00:30.667Z</time>
      </trkpt>
      <trkpt lat="46.486312" lon="13.724411">
        <ele>879.67</ele>
        <time>2026-07-04T11:00:32.651Z</time>
      </trkpt>
      <trkpt lat="46.486123" lon="13.724382">
        <ele>880.1</ele>
        <time>2026-07-04T11:00:41.413Z</time>
      </trkpt>
      <trkpt lat="46.485924" lon="13.72426">
        <ele>881.68</ele>
        <time>2026-07-04T11:00:51.371Z</time>
      </trkpt>
      <trkpt lat="46.485614" lon="13.723935">
        <ele>883.95</ele>
        <time>2026-07-04T11:01:08.998Z</time>
      </trkpt>
      <trkpt lat="46.48542" lon="13.723752">
        <ele>885.55</ele>
        <time>2026-07-04T11:01:19.663Z</time>
      </trkpt>
      <trkpt lat="46.485123" lon="13.723538">
        <ele>887.32</ele>
        <time>2026-07-04T11:01:34.948Z</time>
      </trkpt>
      <trkpt lat="46.484515" lon="13.723232">
        <ele>893.19</ele>
        <time>2026-07-04T11:02:04.615Z</time>
      </trkpt>
      <trkpt lat="46.484378" lon="13.723146">
        <ele>894.35</ele>
        <time>2026-07-04T11:02:11.496Z</time>
      </trkpt>
      <trkpt lat="46.484097" lon="13.72297">
        <ele>896.73</ele>
        <time>2026-07-04T11:02:25.605Z</time>
      </trkpt>
      <trkpt lat="46.483913" lon="13.722902">
        <ele>898</ele>
        <time>2026-07-04T11:02:34.358Z</time>
      </trkpt>
      <trkpt lat="46.483755" lon="13.722875">
        <ele>898.69</ele>
        <time>2026-07-04T11:02:41.692Z</time>
      </trkpt>
      <trkpt lat="46.48375536315143" lon="13.722869390621781">
        <ele>900.5999755859375</ele>
        <time>2026-07-04T11:02:41.870Z</time>
        <extensions>
          <gpxtpx:TrackPointExtension>
            <gpxtpx:atemp>34</gpxtpx:atemp>
            <gpxtpx:hr>183</gpxtpx:hr>
            <gpxtpx:cad>76</gpxtpx:cad>
          </gpxtpx:TrackPointExtension>
        </extensions>
      </trkpt>
      <trkpt lat="46.483755" lon="13.722875">
        <ele>898.69</ele>
        <time>2026-07-04T11:02:41.995Z</time>
      </trkpt>
      <trkpt lat="46.483329" lon="13.722786">
        <ele>901.25</ele>
        <time>2026-07-04T11:03:01.895Z</time>
      </trkpt>
      <trkpt lat="46.482957" lon="13.722751">
        <ele>904.05</ele>
        <time>2026-07-04T11:03:18.863Z</time>
      </trkpt>
      <trkpt lat="46.482957" lon="13.722751">
        <ele>904.05</ele>
        <time>2026-07-04T11:03:18.863Z</time>
      </trkpt>
      <trkpt lat="46.482691" lon="13.722725">
        <ele>906.06</ele>
        <time>2026-07-04T11:03:30.998Z</time>
      </trkpt>
      <trkpt lat="46.482528" lon="13.722749">
        <ele>906.98</ele>
        <time>2026-07-04T11:03:38.455Z</time>
      </trkpt>
      <trkpt lat="46.482202" lon="13.722899">
        <ele>909.72</ele>
        <time>2026-07-04T11:03:54.021Z</time>
      </trkpt>
      <trkpt lat="46.481987" lon="13.722934">
        <ele>910.73</ele>
        <time>2026-07-04T11:04:03.868Z</time>
      </trkpt>
      <trkpt lat="46.481936" lon="13.722943">
        <ele>910.98</ele>
        <time>2026-07-04T11:04:06.206Z</time>
      </trkpt>
      <trkpt lat="46.481708" lon="13.722925">
        <ele>911.93</ele>
        <time>2026-07-04T11:04:16.599Z</time>
      </trkpt>
      <trkpt lat="46.481405" lon="13.722868">
        <ele>913.8</ele>
        <time>2026-07-04T11:04:30.506Z</time>
      </trkpt>
      <trkpt lat="46.481251" lon="13.72286">
        <ele>914.88</ele>
        <time>2026-07-04T11:04:37.520Z</time>
      </trkpt>
      <trkpt lat="46.48125152103603" lon="13.722845921292901">
        <ele>917.7999877929688</ele>
        <time>2026-07-04T11:04:37.961Z</time>
        <extensions>
          <gpxtpx:TrackPointExtension>
            <gpxtpx:atemp>34</gpxtpx:atemp>
            <gpxtpx:hr>183</gpxtpx:hr>
            <gpxtpx:cad>75</gpxtpx:cad>
          </gpxtpx:TrackPointExtension>
        </extensions>
      </trkpt>
      <trkpt lat="46.48123048245907" lon="13.722846508026123">
        <ele>918</ele>
        <time>2026-07-04T11:04:39.539Z</time>
        <extensions>
          <gpxtpx:TrackPointExtension>
            <gpxtpx:atemp>33</gpxtpx:atemp>
            <gpxtpx:hr>182</gpxtpx:hr>
            <gpxtpx:cad>76</gpxtpx:cad>
          </gpxtpx:TrackPointExtension>
        </extensions>
      </trkpt>
      <trkpt lat="46.481210784986615" lon="13.722851118072867">
        <ele>918</ele>
        <time>2026-07-04T11:04:40.539Z</time>
        <extensions>
          <gpxtpx:TrackPointExtension>
            <gpxtpx:atemp>33</gpxtpx:atemp>
            <gpxtpx:hr>183</gpxtpx:hr>
            <gpxtpx:cad>73</gpxtpx:cad>
          </gpxtpx:TrackPointExtension>
        </extensions>
      </trkpt>
      <trkpt lat="46.481188321486115" lon="13.722853800281882">
        <ele>918.2000122070312</ele>
        <time>2026-07-04T11:04:41.539Z</time>
        <extensions>
          <gpxtpx:TrackPointExtension>
            <gpxtpx:atemp>33</gpxtpx:atemp>
            <gpxtpx:hr>183</gpxtpx:hr>
            <gpxtpx:cad>71</gpxtpx:cad>
          </gpxtpx:TrackPointExtension>
        </extensions>
      </trkpt>
      <trkpt lat="46.48117390461266" lon="13.722856566309929">
        <ele>918.4000244140625</ele>
        <time>2026-07-04T11:04:42.539Z</time>
        <extensions>
          <gpxtpx:TrackPointExtension>
            <gpxtpx:atemp>34</gpxtpx:atemp>
            <gpxtpx:hr>183</gpxtpx:hr>
            <gpxtpx:cad>71</gpxtpx:cad>
          </gpxtpx:TrackPointExtension>
        </extensions>
      </trkpt>
      <trkpt lat="46.481149680912495" lon="13.722859248518944">
        <ele>918.4000244140625</ele>
        <time>2026-07-04T11:04:43.539Z</time>
        <extensions>
          <gpxtpx:TrackPointExtension>
            <gpxtpx:atemp>33</gpxtpx:atemp>
            <gpxtpx:hr>183</gpxtpx:hr>
            <gpxtpx:cad>71</gpxtpx:cad>
          </gpxtpx:TrackPointExtension>
        </extensions>
      </trkpt>
      <trkpt lat="46.48113149218261" lon="13.722864193841815">
        <ele>918.5999755859375</ele>
        <time>2026-07-04T11:04:44.539Z</time>
        <extensions>
          <gpxtpx:TrackPointExtension>
            <gpxtpx:atemp>33</gpxtpx:atemp>
            <gpxtpx:hr>182</gpxtpx:hr>
            <gpxtpx:cad>70</gpxtpx:cad>
          </gpxtpx:TrackPointExtension>
        </extensions>
      </trkpt>
      <trkpt lat="46.481115985661745" lon="13.722865283489227">
        <ele>918.7999877929688</ele>
        <time>2026-07-04T11:04:45.539Z</time>
        <extensions>
          <gpxtpx:TrackPointExtension>
            <gpxtpx:atemp>33</gpxtpx:atemp>
            <gpxtpx:hr>182</gpxtpx:hr>
            <gpxtpx:cad>70</gpxtpx:cad>
          </gpxtpx:TrackPointExtension>
        </extensions>
      </trkpt>
      <trkpt lat="46.4810907561332" lon="13.722870564088225">
        <ele>919</ele>
        <time>2026-07-04T11:04:46.539Z</time>
        <extensions>
          <gpxtpx:TrackPointExtension>
            <gpxtpx:atemp>33</gpxtpx:atemp>
            <gpxtpx:hr>182</gpxtpx:hr>
            <gpxtpx:cad>71</gpxtpx:cad>
          </gpxtpx:TrackPointExtension>
        </extensions>
      </trkpt>
      <trkpt lat="46.48107508197427" lon="13.722871402278543">
        <ele>919</ele>
        <time>2026-07-04T11:04:47.539Z</time>
        <extensions>
          <gpxtpx:TrackPointExtension>
            <gpxtpx:atemp>33</gpxtpx:atemp>
            <gpxtpx:hr>182</gpxtpx:hr>
            <gpxtpx:cad>70</gpxtpx:cad>
          </gpxtpx:TrackPointExtension>
        </extensions>
      </trkpt>
      <trkpt lat="46.48105530068278" lon="13.722872911021113">
        <ele>919.2000122070312</ele>
        <time>2026-07-04T11:04:48.539Z</time>
        <extensions>
          <gpxtpx:TrackPointExtension>
            <gpxtpx:atemp>33</gpxtpx:atemp>
            <gpxtpx:hr>182</gpxtpx:hr>
            <gpxtpx:cad>69</gpxtpx:cad>
          </gpxtpx:TrackPointExtension>
        </extensions>
      </trkpt>
      <trkpt lat="46.48103174753487" lon="13.72287668287754">
        <ele>919.2000122070312</ele>
        <time>2026-07-04T11:04:49.539Z</time>
        <extensions>
          <gpxtpx:TrackPointExtension>
            <gpxtpx:atemp>33</gpxtpx:atemp>
            <gpxtpx:hr>182</gpxtpx:hr>
            <gpxtpx:cad>69</gpxtpx:cad>
          </gpxtpx:TrackPointExtension>
        </extensions>
      </trkpt>
      <trkpt lat="46.481011966243386" lon="13.722879784181714">
        <ele>919.2000122070312</ele>
        <time>2026-07-04T11:04:50.539Z</time>
        <extensions>
          <gpxtpx:TrackPointExtension>
            <gpxtpx:atemp>33</gpxtpx:atemp>
            <gpxtpx:hr>182</gpxtpx:hr>
            <gpxtpx:cad>71</gpxtpx:cad>
          </gpxtpx:TrackPointExtension>
        </extensions>
      </trkpt>
      <trkpt lat="46.48099645972252" lon="13.722884394228458">
        <ele>919.4000244140625</ele>
        <time>2026-07-04T11:04:51.539Z</time>
        <extensions>
          <gpxtpx:TrackPointExtension>
            <gpxtpx:atemp>33</gpxtpx:atemp>
            <gpxtpx:hr>182</gpxtpx:hr>
            <gpxtpx:cad>71</gpxtpx:cad>
          </gpxtpx:TrackPointExtension>
        </extensions>
      </trkpt>
      <trkpt lat="46.48097449913621" lon="13.722891854122281">
        <ele>919.5999755859375</ele>
        <time>2026-07-04T11:04:52.539Z</time>
        <extensions>
          <gpxtpx:TrackPointExtension>
            <gpxtpx:atemp>33</gpxtpx:atemp>
            <gpxtpx:hr>182</gpxtpx:hr>
            <gpxtpx:cad>72</gpxtpx:cad>
          </gpxtpx:TrackPointExtension>
        </extensions>
      </trkpt>
      <trkpt lat="46.48095999844372" lon="13.722896631807089">
        <ele>919.5999755859375</ele>
        <time>2026-07-04T11:04:53.539Z</time>
        <extensions>
          <gpxtpx:TrackPointExtension>
            <gpxtpx:atemp>33</gpxtpx:atemp>
            <gpxtpx:hr>182</gpxtpx:hr>
            <gpxtpx:cad>73</gpxtpx:cad>
          </gpxtpx:TrackPointExtension>
        </extensions>
      </trkpt>
      <trkpt lat="46.48094097152352" lon="13.72290350496769">
        <ele>919.7999877929688</ele>
        <time>2026-07-04T11:04:54.539Z</time>
        <extensions>
          <gpxtpx:TrackPointExtension>
            <gpxtpx:atemp>33</gpxtpx:atemp>
            <gpxtpx:hr>182</gpxtpx:hr>
            <gpxtpx:cad>72</gpxtpx:cad>
          </gpxtpx:TrackPointExtension>
        </extensions>
      </trkpt>
      <trkpt lat="46.48092068731785" lon="13.72290845029056">
        <ele>920</ele>
        <time>2026-07-04T11:04:55.539Z</time>
        <extensions>
          <gpxtpx:TrackPointExtension>
            <gpxtpx:atemp>33</gpxtpx:atemp>
            <gpxtpx:hr>182</gpxtpx:hr>
            <gpxtpx:cad>73</gpxtpx:cad>
          </gpxtpx:TrackPointExtension>
        </extensions>
      </trkpt>
      <trkpt lat="46.48090082220733" lon="13.722915407270193">
        <ele>920.2000122070312</ele>
        <time>2026-07-04T11:04:56.539Z</time>
        <extensions>
          <gpxtpx:TrackPointExtension>
            <gpxtpx:atemp>33</gpxtpx:atemp>
            <gpxtpx:hr>182</gpxtpx:hr>
            <gpxtpx:cad>73</gpxtpx:cad>
          </gpxtpx:TrackPointExtension>
        </extensions>
      </trkpt>
      <trkpt lat="46.48088053800166" lon="13.722917754203081">
        <ele>920.4000244140625</ele>
        <time>2026-07-04T11:04:57.539Z</time>
        <extensions>
          <gpxtpx:TrackPointExtension>
            <gpxtpx:atemp>33</gpxtpx:atemp>
            <gpxtpx:hr>182</gpxtpx:hr>
            <gpxtpx:cad>74</gpxtpx:cad>
          </gpxtpx:TrackPointExtension>
        </extensions>
      </trkpt>
      <trkpt lat="46.48086075671017" lon="13.722921526059508">
        <ele>920.4000244140625</ele>
        <time>2026-07-04T11:04:58.539Z</time>
        <extensions>
          <gpxtpx:TrackPointExtension>
            <gpxtpx:atemp>33</gpxtpx:atemp>
            <gpxtpx:hr>182</gpxtpx:hr>
            <gpxtpx:cad>72</gpxtpx:cad>
          </gpxtpx:TrackPointExtension>
        </extensions>
      </trkpt>
      <trkpt lat="46.48084315471351" lon="13.72292848303914">
        <ele>920.5999755859375</ele>
        <time>2026-07-04T11:04:59.539Z</time>
        <extensions>
          <gpxtpx:TrackPointExtension>
            <gpxtpx:atemp>33</gpxtpx:atemp>
            <gpxtpx:hr>182</gpxtpx:hr>
            <gpxtpx:cad>72</gpxtpx:cad>
          </gpxtpx:TrackPointExtension>
        </extensions>
      </trkpt>
      <trkpt lat="46.48082362487912" lon="13.722932757809758">
        <ele>920.7999877929688</ele>
        <time>2026-07-04T11:05:00.539Z</time>
        <extensions>
          <gpxtpx:TrackPointExtension>
            <gpxtpx:atemp>33</gpxtpx:atemp>
            <gpxtpx:hr>182</gpxtpx:hr>
            <gpxtpx:cad>71</gpxtpx:cad>
          </gpxtpx:TrackPointExtension>
        </extensions>
      </trkpt>
      <trkpt lat="46.480800826102495" lon="13.72294113971293">
        <ele>920.7999877929688</ele>
        <time>2026-07-04T11:05:01.539Z</time>
        <extensions>
          <gpxtpx:TrackPointExtension>
            <gpxtpx:atemp>33</gpxtpx:atemp>
            <gpxtpx:hr>182</gpxtpx:hr>
            <gpxtpx:cad>72</gpxtpx:cad>
          </gpxtpx:TrackPointExtension>
        </extensions>
      </trkpt>
      <trkpt lat="46.48078087717295" lon="13.722948348149657">
        <ele>921</ele>
        <time>2026-07-04T11:05:02.539Z</time>
        <extensions>
          <gpxtpx:TrackPointExtension>
            <gpxtpx:atemp>33</gpxtpx:atemp>
            <gpxtpx:hr>183</gpxtpx:hr>
            <gpxtpx:cad>72</gpxtpx:cad>
          </gpxtpx:TrackPointExtension>
        </extensions>
      </trkpt>
      <trkpt lat="46.48076000623405" lon="13.722957232967019">
        <ele>921.2000122070312</ele>
        <time>2026-07-04T11:05:03.539Z</time>
        <extensions>
          <gpxtpx:TrackPointExtension>
            <gpxtpx:atemp>33</gpxtpx:atemp>
            <gpxtpx:hr>183</gpxtpx:hr>
            <gpxtpx:cad>72</gpxtpx:cad>
          </gpxtpx:TrackPointExtension>
        </extensions>
      </trkpt>
      <trkpt lat="46.48073745891452" lon="13.722964357584715">
        <ele>921.2000122070312</ele>
        <time>2026-07-04T11:05:04.539Z</time>
        <extensions>
          <gpxtpx:TrackPointExtension>
            <gpxtpx:atemp>33</gpxtpx:atemp>
            <gpxtpx:hr>182</gpxtpx:hr>
            <gpxtpx:cad>72</gpxtpx:cad>
          </gpxtpx:TrackPointExtension>
        </extensions>
      </trkpt>
      <trkpt lat="46.48071809671819" lon="13.722968632355332">
        <ele>921.4000244140625</ele>
        <time>2026-07-04T11:05:05.539Z</time>
        <extensions>
          <gpxtpx:TrackPointExtension>
            <gpxtpx:atemp>33</gpxtpx:atemp>
            <gpxtpx:hr>182</gpxtpx:hr>
            <gpxtpx:cad>72</gpxtpx:cad>
          </gpxtpx:TrackPointExtension>
        </extensions>
      </trkpt>
      <trkpt lat="46.48069404065609" lon="13.722975254058838">
        <ele>921.5999755859375</ele>
        <time>2026-07-04T11:05:06.539Z</time>
        <extensions>
          <gpxtpx:TrackPointExtension>
            <gpxtpx:atemp>33</gpxtpx:atemp>
            <gpxtpx:hr>182</gpxtpx:hr>
            <gpxtpx:cad>73</gpxtpx:cad>
          </gpxtpx:TrackPointExtension>
        </extensions>
      </trkpt>
      <trkpt lat="46.480673337355256" lon="13.722978439182043">
        <ele>921.5999755859375</ele>
        <time>2026-07-04T11:05:07.493Z</time>
        <extensions>
          <gpxtpx:TrackPointExtension>
            <gpxtpx:atemp>33</gpxtpx:atemp>
            <gpxtpx:hr>183</gpxtpx:hr>
            <gpxtpx:cad>74</gpxtpx:cad>
          </gpxtpx:TrackPointExtension>
        </extensions>
      </trkpt>
      <trkpt lat="46.480671" lon="13.722961">
        <ele>918.47</ele>
        <time>2026-07-04T11:05:08.053Z</time>
      </trkpt>
      <trkpt lat="46.480594" lon="13.722982">
        <ele>918.98</ele>
        <time>2026-07-04T11:05:11.643Z</time>
      </trkpt>
      <trkpt lat="46.480016" lon="13.722834">
        <ele>922.18</ele>
        <time>2026-07-04T11:05:38.539Z</time>
      </trkpt>
      <trkpt lat="46.479804" lon="13.722818">
        <ele>923.97</ele>
        <time>2026-07-04T11:05:48.267Z</time>
      </trkpt>
      <trkpt lat="46.479689" lon="13.722832">
        <ele>924.21</ele>
        <time>2026-07-04T11:05:53.336Z</time>
      </trkpt>
      <trkpt lat="46.479689" lon="13.722832">
        <ele>924.21</ele>
        <time>2026-07-04T11:05:53.336Z</time>
      </trkpt>
      <trkpt lat="46.479634" lon="13.722839">
        <ele>924.33</ele>
        <time>2026-07-04T11:05:55.761Z</time>
      </trkpt>
      <trkpt lat="46.479563" lon="13.722884">
        <ele>924.55</ele>
        <time>2026-07-04T11:05:59.163Z</time>
      </trkpt>
      <trkpt lat="46.479381" lon="13.723049">
        <ele>925.12</ele>
        <time>2026-07-04T11:06:08.587Z</time>
      </trkpt>
      <trkpt lat="46.479332" lon="13.723126">
        <ele>925.1</ele>
        <time>2026-07-04T11:06:11.758Z</time>
      </trkpt>
      <trkpt lat="46.479265" lon="13.723249">
        <ele>926.77</ele>
        <time>2026-07-04T11:06:16.501Z</time>
      </trkpt>
      <trkpt lat="46.479265" lon="13.723249">
        <ele>926.77</ele>
        <time>2026-07-04T11:06:16.501Z</time>
      </trkpt>
      <trkpt lat="46.479117" lon="13.72364">
        <ele>927</ele>
        <time>2026-07-04T11:06:29.111Z</time>
      </trkpt>
      <trkpt lat="46.479062" lon="13.723768">
        <ele>927</ele>
        <time>2026-07-04T11:06:33.241Z</time>
      </trkpt>
      <trkpt lat="46.479037" lon="13.723803">
        <ele>926.99</ele>
        <time>2026-07-04T11:06:34.621Z</time>
      </trkpt>
      <trkpt lat="46.4790375251323" lon="13.723803302273154">
        <ele>928.4000244140625</ele>
        <time>2026-07-04T11:06:34.642Z</time>
        <extensions>
          <gpxtpx:TrackPointExtension>
            <gpxtpx:atemp>33</gpxtpx:atemp>
            <gpxtpx:hr>177</gpxtpx:hr>
            <gpxtpx:cad>90</gpxtpx:cad>
          </gpxtpx:TrackPointExtension>
        </extensions>
      </trkpt>
      <trkpt lat="46.479037" lon="13.723803">
        <ele>926.99</ele>
        <time>2026-07-04T11:06:34.663Z</time>
      </trkpt>
      <trkpt lat="46.47885" lon="13.724074">
        <ele>927.01</ele>
        <time>2026-07-04T11:06:44.667Z</time>
      </trkpt>
      <trkpt lat="46.478777" lon="13.724151">
        <ele>927.55</ele>
        <time>2026-07-04T11:06:48.083Z</time>
      </trkpt>
      <trkpt lat="46.478716" lon="13.724216">
        <ele>928</ele>
        <time>2026-07-04T11:06:50.948Z</time>
      </trkpt>
      <trkpt lat="46.478521" lon="13.724345">
        <ele>928.81</ele>
        <time>2026-07-04T11:06:59.062Z</time>
      </trkpt>
      <trkpt lat="46.4784" lon="13.7244">
        <ele>929</ele>
        <time>2026-07-04T11:07:03.863Z</time>
      </trkpt>
      <trkpt lat="46.478362" lon="13.724403">
        <ele>929.25</ele>
        <time>2026-07-04T11:07:05.304Z</time>
      </trkpt>
      <trkpt lat="46.47836219519377" lon="13.724411493167281">
        <ele>930.5999755859375</ele>
        <time>2026-07-04T11:07:05.525Z</time>
        <extensions>
          <gpxtpx:TrackPointExtension>
            <gpxtpx:atemp>33</gpxtpx:atemp>
            <gpxtpx:hr>172</gpxtpx:hr>
            <gpxtpx:cad>79</gpxtpx:cad>
          </gpxtpx:TrackPointExtension>
        </extensions>
      </trkpt>
      <trkpt lat="46.47833922877908" lon="13.724409900605679">
        <ele>930.5999755859375</ele>
        <time>2026-07-04T11:07:06.539Z</time>
        <extensions>
          <gpxtpx:TrackPointExtension>
            <gpxtpx:atemp>33</gpxtpx:atemp>
            <gpxtpx:hr>172</gpxtpx:hr>
            <gpxtpx:cad>80</gpxtpx:cad>
          </gpxtpx:TrackPointExtension>
        </extensions>
      </trkpt>
      <trkpt lat="46.478316597640514" lon="13.724405039101839">
        <ele>930.7999877929688</ele>
        <time>2026-07-04T11:07:07.539Z</time>
        <extensions>
          <gpxtpx:TrackPointExtension>
            <gpxtpx:atemp>33</gpxtpx:atemp>
            <gpxtpx:hr>172</gpxtpx:hr>
            <gpxtpx:cad>80</gpxtpx:cad>
          </gpxtpx:TrackPointExtension>
        </extensions>
      </trkpt>
      <trkpt lat="46.47829455323517" lon="13.724398585036397">
        <ele>931</ele>
        <time>2026-07-04T11:07:08.539Z</time>
        <extensions>
          <gpxtpx:TrackPointExtension>
            <gpxtpx:atemp>33</gpxtpx:atemp>
            <gpxtpx:hr>172</gpxtpx:hr>
            <gpxtpx:cad>80</gpxtpx:cad>
          </gpxtpx:TrackPointExtension>
        </extensions>
      </trkpt>
      <trkpt lat="46.47827200591564" lon="13.724392047151923">
        <ele>931.2000122070312</ele>
        <time>2026-07-04T11:07:09.539Z</time>
        <extensions>
          <gpxtpx:TrackPointExtension>
            <gpxtpx:atemp>33</gpxtpx:atemp>
            <gpxtpx:hr>172</gpxtpx:hr>
            <gpxtpx:cad>81</gpxtpx:cad>
          </gpxtpx:TrackPointExtension>
        </extensions>
      </trkpt>
      <trkpt lat="46.478249626234174" lon="13.724386598914862">
        <ele>931.4000244140625</ele>
        <time>2026-07-04T11:07:10.539Z</time>
        <extensions>
          <gpxtpx:TrackPointExtension>
            <gpxtpx:atemp>33</gpxtpx:atemp>
            <gpxtpx:hr>172</gpxtpx:hr>
            <gpxtpx:cad>81</gpxtpx:cad>
          </gpxtpx:TrackPointExtension>
        </extensions>
      </trkpt>
      <trkpt lat="46.47822657600045" lon="13.724382994696498">
        <ele>931.5999755859375</ele>
        <time>2026-07-04T11:07:11.539Z</time>
        <extensions>
          <gpxtpx:TrackPointExtension>
            <gpxtpx:atemp>33</gpxtpx:atemp>
            <gpxtpx:hr>173</gpxtpx:hr>
            <gpxtpx:cad>81</gpxtpx:cad>
          </gpxtpx:TrackPointExtension>
        </extensions>
      </trkpt>
      <trkpt lat="46.47820243611932" lon="13.72438014484942">
        <ele>931.7999877929688</ele>
        <time>2026-07-04T11:07:12.539Z</time>
        <extensions>
          <gpxtpx:TrackPointExtension>
            <gpxtpx:atemp>33</gpxtpx:atemp>
            <gpxtpx:hr>172</gpxtpx:hr>
            <gpxtpx:cad>82</gpxtpx:cad>
          </gpxtpx:TrackPointExtension>
        </extensions>
      </trkpt>
      <trkpt lat="46.478179385885596" lon="13.724381402134895">
        <ele>932.2000122070312</ele>
        <time>2026-07-04T11:07:13.539Z</time>
        <extensions>
          <gpxtpx:TrackPointExtension>
            <gpxtpx:atemp>33</gpxtpx:atemp>
            <gpxtpx:hr>172</gpxtpx:hr>
            <gpxtpx:cad>81</gpxtpx:cad>
          </gpxtpx:TrackPointExtension>
        </extensions>
      </trkpt>
      <trkpt lat="46.4781569223851" lon="13.724383413791656">
        <ele>932.2000122070312</ele>
        <time>2026-07-04T11:07:14.539Z</time>
        <extensions>
          <gpxtpx:TrackPointExtension>
            <gpxtpx:atemp>33</gpxtpx:atemp>
            <gpxtpx:hr>173</gpxtpx:hr>
            <gpxtpx:cad>80</gpxtpx:cad>
          </gpxtpx:TrackPointExtension>
        </extensions>
      </trkpt>
      <trkpt lat="46.4781342074275" lon="13.724383413791656">
        <ele>932.4000244140625</ele>
        <time>2026-07-04T11:07:15.539Z</time>
        <extensions>
          <gpxtpx:TrackPointExtension>
            <gpxtpx:atemp>33</gpxtpx:atemp>
            <gpxtpx:hr>173</gpxtpx:hr>
            <gpxtpx:cad>81</gpxtpx:cad>
          </gpxtpx:TrackPointExtension>
        </extensions>
      </trkpt>
      <trkpt lat="46.47811258211732" lon="13.724383246153593">
        <ele>932.5999755859375</ele>
        <time>2026-07-04T11:07:16.539Z</time>
        <extensions>
          <gpxtpx:TrackPointExtension>
            <gpxtpx:atemp>33</gpxtpx:atemp>
            <gpxtpx:hr>173</gpxtpx:hr>
            <gpxtpx:cad>81</gpxtpx:cad>
          </gpxtpx:TrackPointExtension>
        </extensions>
      </trkpt>
      <trkpt lat="46.47809196263552" lon="13.724380983039737">
        <ele>932.7999877929688</ele>
        <time>2026-07-04T11:07:17.539Z</time>
        <extensions>
          <gpxtpx:TrackPointExtension>
            <gpxtpx:atemp>33</gpxtpx:atemp>
            <gpxtpx:hr>173</gpxtpx:hr>
            <gpxtpx:cad>79</gpxtpx:cad>
          </gpxtpx:TrackPointExtension>
        </extensions>
      </trkpt>
      <trkpt lat="46.47807125933468" lon="13.724372768774629">
        <ele>932.7999877929688</ele>
        <time>2026-07-04T11:07:18.539Z</time>
        <extensions>
          <gpxtpx:TrackPointExtension>
            <gpxtpx:atemp>33</gpxtpx:atemp>
            <gpxtpx:hr>173</gpxtpx:hr>
            <gpxtpx:cad>77</gpxtpx:cad>
          </gpxtpx:TrackPointExtension>
        </extensions>
      </trkpt>
      <trkpt lat="46.47805265150964" lon="13.72436254285276">
        <ele>933</ele>
        <time>2026-07-04T11:07:19.539Z</time>
        <extensions>
          <gpxtpx:TrackPointExtension>
            <gpxtpx:atemp>33</gpxtpx:atemp>
            <gpxtpx:hr>173</gpxtpx:hr>
            <gpxtpx:cad>75</gpxtpx:cad>
          </gpxtpx:TrackPointExtension>
        </extensions>
      </trkpt>
      <trkpt lat="46.4780342951417" lon="13.724350975826383">
        <ele>933.2000122070312</ele>
        <time>2026-07-04T11:07:20.539Z</time>
        <extensions>
          <gpxtpx:TrackPointExtension>
            <gpxtpx:atemp>33</gpxtpx:atemp>
            <gpxtpx:hr>174</gpxtpx:hr>
            <gpxtpx:cad>74</gpxtpx:cad>
          </gpxtpx:TrackPointExtension>
        </extensions>
      </trkpt>
      <trkpt lat="46.47801627404988" lon="13.724339660257101">
        <ele>933.4000244140625</ele>
        <time>2026-07-04T11:07:21.539Z</time>
        <extensions>
          <gpxtpx:TrackPointExtension>
            <gpxtpx:atemp>33</gpxtpx:atemp>
            <gpxtpx:hr>174</gpxtpx:hr>
            <gpxtpx:cad>75</gpxtpx:cad>
          </gpxtpx:TrackPointExtension>
        </extensions>
      </trkpt>
      <trkpt lat="46.47799842059612" lon="13.724328763782978">
        <ele>933.5999755859375</ele>
        <time>2026-07-04T11:07:22.539Z</time>
        <extensions>
          <gpxtpx:TrackPointExtension>
            <gpxtpx:atemp>33</gpxtpx:atemp>
            <gpxtpx:hr>174</gpxtpx:hr>
            <gpxtpx:cad>77</gpxtpx:cad>
          </gpxtpx:TrackPointExtension>
        </extensions>
      </trkpt>
      <trkpt lat="46.47797788493335" lon="13.724319627508521">
        <ele>933.7999877929688</ele>
        <time>2026-07-04T11:07:23.539Z</time>
        <extensions>
          <gpxtpx:TrackPointExtension>
            <gpxtpx:atemp>33</gpxtpx:atemp>
            <gpxtpx:hr>174</gpxtpx:hr>
            <gpxtpx:cad>75</gpxtpx:cad>
          </gpxtpx:TrackPointExtension>
        </extensions>
      </trkpt>
      <trkpt lat="46.4779581874609" lon="13.724309485405684">
        <ele>934</ele>
        <time>2026-07-04T11:07:24.539Z</time>
        <extensions>
          <gpxtpx:TrackPointExtension>
            <gpxtpx:atemp>33</gpxtpx:atemp>
            <gpxtpx:hr>175</gpxtpx:hr>
            <gpxtpx:cad>73</gpxtpx:cad>
          </gpxtpx:TrackPointExtension>
        </extensions>
      </trkpt>
      <trkpt lat="46.47793949581683" lon="13.72429808601737">
        <ele>934.2000122070312</ele>
        <time>2026-07-04T11:07:25.539Z</time>
        <extensions>
          <gpxtpx:TrackPointExtension>
            <gpxtpx:atemp>33</gpxtpx:atemp>
            <gpxtpx:hr>175</gpxtpx:hr>
            <gpxtpx:cad>70</gpxtpx:cad>
          </gpxtpx:TrackPointExtension>
        </extensions>
      </trkpt>
      <trkpt lat="46.47792415693402" lon="13.724287860095501">
        <ele>934.4000244140625</ele>
        <time>2026-07-04T11:07:26.539Z</time>
        <extensions>
          <gpxtpx:TrackPointExtension>
            <gpxtpx:atemp>33</gpxtpx:atemp>
            <gpxtpx:hr>175</gpxtpx:hr>
            <gpxtpx:cad>68</gpxtpx:cad>
          </gpxtpx:TrackPointExtension>
        </extensions>
      </trkpt>
      <trkpt lat="46.47790781222284" lon="13.724276795983315">
        <ele>934.5999755859375</ele>
        <time>2026-07-04T11:07:27.539Z</time>
        <extensions>
          <gpxtpx:TrackPointExtension>
            <gpxtpx:atemp>33</gpxtpx:atemp>
            <gpxtpx:hr>175</gpxtpx:hr>
            <gpxtpx:cad>69</gpxtpx:cad>
          </gpxtpx:TrackPointExtension>
        </extensions>
      </trkpt>
      <trkpt lat="46.47788878530264" lon="13.724265899509192">
        <ele>934.7999877929688</ele>
        <time>2026-07-04T11:07:28.539Z</time>
        <extensions>
          <gpxtpx:TrackPointExtension>
            <gpxtpx:atemp>33</gpxtpx:atemp>
            <gpxtpx:hr>175</gpxtpx:hr>
            <gpxtpx:cad>72</gpxtpx:cad>
          </gpxtpx:TrackPointExtension>
        </extensions>
      </trkpt>
      <trkpt lat="46.47787059657276" lon="13.724254919216037">
        <ele>935</ele>
        <time>2026-07-04T11:07:29.539Z</time>
        <extensions>
          <gpxtpx:TrackPointExtension>
            <gpxtpx:atemp>33</gpxtpx:atemp>
            <gpxtpx:hr>176</gpxtpx:hr>
            <gpxtpx:cad>74</gpxtpx:cad>
          </gpxtpx:TrackPointExtension>
        </extensions>
      </trkpt>
      <trkpt lat="46.477850982919335" lon="13.724242597818375">
        <ele>935.2000122070312</ele>
        <time>2026-07-04T11:07:30.539Z</time>
        <extensions>
          <gpxtpx:TrackPointExtension>
            <gpxtpx:atemp>33</gpxtpx:atemp>
            <gpxtpx:hr>175</gpxtpx:hr>
            <gpxtpx:cad>73</gpxtpx:cad>
          </gpxtpx:TrackPointExtension>
        </extensions>
      </trkpt>
      <trkpt lat="46.477831369265914" lon="13.724229354411364">
        <ele>935.2000122070312</ele>
        <time>2026-07-04T11:07:31.539Z</time>
        <extensions>
          <gpxtpx:TrackPointExtension>
            <gpxtpx:atemp>33</gpxtpx:atemp>
            <gpxtpx:hr>176</gpxtpx:hr>
            <gpxtpx:cad>73</gpxtpx:cad>
          </gpxtpx:TrackPointExtension>
        </extensions>
      </trkpt>
      <trkpt lat="46.47781016305089" lon="13.72421644628048">
        <ele>935.4000244140625</ele>
        <time>2026-07-04T11:07:32.539Z</time>
        <extensions>
          <gpxtpx:TrackPointExtension>
            <gpxtpx:atemp>33</gpxtpx:atemp>
            <gpxtpx:hr>176</gpxtpx:hr>
            <gpxtpx:cad>71</gpxtpx:cad>
          </gpxtpx:TrackPointExtension>
        </extensions>
      </trkpt>
      <trkpt lat="46.47779298014939" lon="13.72420378960669">
        <ele>935.5999755859375</ele>
        <time>2026-07-04T11:07:33.539Z</time>
        <extensions>
          <gpxtpx:TrackPointExtension>
            <gpxtpx:atemp>33</gpxtpx:atemp>
            <gpxtpx:hr>176</gpxtpx:hr>
            <gpxtpx:cad>74</gpxtpx:cad>
          </gpxtpx:TrackPointExtension>
        </extensions>
      </trkpt>
      <trkpt lat="46.477775210514665" lon="13.724195072427392">
        <ele>935.7999877929688</ele>
        <time>2026-07-04T11:07:34.539Z</time>
        <extensions>
          <gpxtpx:TrackPointExtension>
            <gpxtpx:atemp>33</gpxtpx:atemp>
            <gpxtpx:hr>176</gpxtpx:hr>
            <gpxtpx:cad>71</gpxtpx:cad>
          </gpxtpx:TrackPointExtension>
        </extensions>
      </trkpt>
      <trkpt lat="46.47775492630899" lon="13.724185768514872">
        <ele>936</ele>
        <time>2026-07-04T11:07:35.539Z</time>
        <extensions>
          <gpxtpx:TrackPointExtension>
            <gpxtpx:atemp>33</gpxtpx:atemp>
            <gpxtpx:hr>176</gpxtpx:hr>
            <gpxtpx:cad>69</gpxtpx:cad>
          </gpxtpx:TrackPointExtension>
        </extensions>
      </trkpt>
      <trkpt lat="46.47773447446525" lon="13.724176045507193">
        <ele>936.2000122070312</ele>
        <time>2026-07-04T11:07:36.539Z</time>
        <extensions>
          <gpxtpx:TrackPointExtension>
            <gpxtpx:atemp>33</gpxtpx:atemp>
            <gpxtpx:hr>176</gpxtpx:hr>
            <gpxtpx:cad>77</gpxtpx:cad>
          </gpxtpx:TrackPointExtension>
        </extensions>
      </trkpt>
      <trkpt lat="46.47771435789764" lon="13.72416372410953">
        <ele>936.4000244140625</ele>
        <time>2026-07-04T11:07:37.539Z</time>
        <extensions>
          <gpxtpx:TrackPointExtension>
            <gpxtpx:atemp>33</gpxtpx:atemp>
            <gpxtpx:hr>177</gpxtpx:hr>
            <gpxtpx:cad>79</gpxtpx:cad>
          </gpxtpx:TrackPointExtension>
        </extensions>
      </trkpt>
      <trkpt lat="46.47769583389163" lon="13.724150229245424">
        <ele>936.5999755859375</ele>
        <time>2026-07-04T11:07:38.539Z</time>
        <extensions>
          <gpxtpx:TrackPointExtension>
            <gpxtpx:atemp>33</gpxtpx:atemp>
            <gpxtpx:hr>177</gpxtpx:hr>
            <gpxtpx:cad>77</gpxtpx:cad>
          </gpxtpx:TrackPointExtension>
        </extensions>
      </trkpt>
      <trkpt lat="46.47767563350499" lon="13.724134974181652">
        <ele>936.7999877929688</ele>
        <time>2026-07-04T11:07:39.539Z</time>
        <extensions>
          <gpxtpx:TrackPointExtension>
            <gpxtpx:atemp>33</gpxtpx:atemp>
            <gpxtpx:hr>177</gpxtpx:hr>
            <gpxtpx:cad>76</gpxtpx:cad>
          </gpxtpx:TrackPointExtension>
        </extensions>
      </trkpt>
      <trkpt lat="46.477656438946724" lon="13.724120389670134">
        <ele>937</ele>
        <time>2026-07-04T11:07:40.539Z</time>
        <extensions>
          <gpxtpx:TrackPointExtension>
            <gpxtpx:atemp>33</gpxtpx:atemp>
            <gpxtpx:hr>178</gpxtpx:hr>
            <gpxtpx:cad>74</gpxtpx:cad>
          </gpxtpx:TrackPointExtension>
        </extensions>
      </trkpt>
      <trkpt lat="46.47763632237911" lon="13.72410798445344">
        <ele>937.2000122070312</ele>
        <time>2026-07-04T11:07:41.539Z</time>
        <extensions>
          <gpxtpx:TrackPointExtension>
            <gpxtpx:atemp>33</gpxtpx:atemp>
            <gpxtpx:hr>178</gpxtpx:hr>
            <gpxtpx:cad>74</gpxtpx:cad>
          </gpxtpx:TrackPointExtension>
        </extensions>
      </trkpt>
      <trkpt lat="46.47761712782085" lon="13.724095914512873">
        <ele>937.5999755859375</ele>
        <time>2026-07-04T11:07:42.539Z</time>
        <extensions>
          <gpxtpx:TrackPointExtension>
            <gpxtpx:atemp>33</gpxtpx:atemp>
            <gpxtpx:hr>178</gpxtpx:hr>
            <gpxtpx:cad>74</gpxtpx:cad>
          </gpxtpx:TrackPointExtension>
        </extensions>
      </trkpt>
      <trkpt lat="46.47760069929063" lon="13.724085772410035">
        <ele>937.7999877929688</ele>
        <time>2026-07-04T11:07:43.539Z</time>
        <extensions>
          <gpxtpx:TrackPointExtension>
            <gpxtpx:atemp>33</gpxtpx:atemp>
            <gpxtpx:hr>178</gpxtpx:hr>
            <gpxtpx:cad>72</gpxtpx:cad>
          </gpxtpx:TrackPointExtension>
        </extensions>
      </trkpt>
      <trkpt lat="46.47758242674172" lon="13.724074121564627">
        <ele>938</ele>
        <time>2026-07-04T11:07:44.539Z</time>
        <extensions>
          <gpxtpx:TrackPointExtension>
            <gpxtpx:atemp>33</gpxtpx:atemp>
            <gpxtpx:hr>179</gpxtpx:hr>
            <gpxtpx:cad>71</gpxtpx:cad>
          </gpxtpx:TrackPointExtension>
        </extensions>
      </trkpt>
      <trkpt lat="46.47756390273571" lon="13.724062722176313">
        <ele>938</ele>
        <time>2026-07-04T11:07:45.539Z</time>
        <extensions>
          <gpxtpx:TrackPointExtension>
            <gpxtpx:atemp>33</gpxtpx:atemp>
            <gpxtpx:hr>179</gpxtpx:hr>
            <gpxtpx:cad>75</gpxtpx:cad>
          </gpxtpx:TrackPointExtension>
        </extensions>
      </trkpt>
      <trkpt lat="46.47754487581551" lon="13.724050736054778">
        <ele>938.4000244140625</ele>
        <time>2026-07-04T11:07:46.539Z</time>
        <extensions>
          <gpxtpx:TrackPointExtension>
            <gpxtpx:atemp>33</gpxtpx:atemp>
            <gpxtpx:hr>179</gpxtpx:hr>
            <gpxtpx:cad>78</gpxtpx:cad>
          </gpxtpx:TrackPointExtension>
        </extensions>
      </trkpt>
      <trkpt lat="46.47752283141017" lon="13.724037744104862">
        <ele>938.4000244140625</ele>
        <time>2026-07-04T11:07:47.539Z</time>
        <extensions>
          <gpxtpx:TrackPointExtension>
            <gpxtpx:atemp>33</gpxtpx:atemp>
            <gpxtpx:hr>180</gpxtpx:hr>
            <gpxtpx:cad>75</gpxtpx:cad>
          </gpxtpx:TrackPointExtension>
        </extensions>
      </trkpt>
      <trkpt lat="46.47750246338546" lon="13.724026009440422">
        <ele>938.5999755859375</ele>
        <time>2026-07-04T11:07:48.539Z</time>
        <extensions>
          <gpxtpx:TrackPointExtension>
            <gpxtpx:atemp>33</gpxtpx:atemp>
            <gpxtpx:hr>180</gpxtpx:hr>
            <gpxtpx:cad>77</gpxtpx:cad>
          </gpxtpx:TrackPointExtension>
        </extensions>
      </trkpt>
      <trkpt lat="46.47748310118914" lon="13.724013101309538">
        <ele>938.7999877929688</ele>
        <time>2026-07-04T11:07:49.539Z</time>
        <extensions>
          <gpxtpx:TrackPointExtension>
            <gpxtpx:atemp>33</gpxtpx:atemp>
            <gpxtpx:hr>180</gpxtpx:hr>
            <gpxtpx:cad>76</gpxtpx:cad>
          </gpxtpx:TrackPointExtension>
        </extensions>
      </trkpt>
      <trkpt lat="46.47746457718313" lon="13.723999271169305">
        <ele>939</ele>
        <time>2026-07-04T11:07:50.539Z</time>
        <extensions>
          <gpxtpx:TrackPointExtension>
            <gpxtpx:atemp>33</gpxtpx:atemp>
            <gpxtpx:hr>180</gpxtpx:hr>
            <gpxtpx:cad>73</gpxtpx:cad>
          </gpxtpx:TrackPointExtension>
        </extensions>
      </trkpt>
      <trkpt lat="46.47744756191969" lon="13.723982255905867">
        <ele>939.2000122070312</ele>
        <time>2026-07-04T11:07:51.539Z</time>
        <extensions>
          <gpxtpx:TrackPointExtension>
            <gpxtpx:atemp>33</gpxtpx:atemp>
            <gpxtpx:hr>180</gpxtpx:hr>
            <gpxtpx:cad>69</gpxtpx:cad>
          </gpxtpx:TrackPointExtension>
        </extensions>
      </trkpt>
      <trkpt lat="46.47743297740817" lon="13.723971275612712">
        <ele>939.4000244140625</ele>
        <time>2026-07-04T11:07:52.539Z</time>
        <extensions>
          <gpxtpx:TrackPointExtension>
            <gpxtpx:atemp>33</gpxtpx:atemp>
            <gpxtpx:hr>181</gpxtpx:hr>
            <gpxtpx:cad>66</gpxtpx:cad>
          </gpxtpx:TrackPointExtension>
        </extensions>
      </trkpt>
      <trkpt lat="46.47741571068764" lon="13.723965743556619">
        <ele>939.5999755859375</ele>
        <time>2026-07-04T11:07:53.539Z</time>
        <extensions>
          <gpxtpx:TrackPointExtension>
            <gpxtpx:atemp>33</gpxtpx:atemp>
            <gpxtpx:hr>181</gpxtpx:hr>
            <gpxtpx:cad>69</gpxtpx:cad>
          </gpxtpx:TrackPointExtension>
        </extensions>
      </trkpt>
      <trkpt lat="46.4773968514055" lon="13.723958702757955">
        <ele>939.7999877929688</ele>
        <time>2026-07-04T11:07:54.539Z</time>
        <extensions>
          <gpxtpx:TrackPointExtension>
            <gpxtpx:atemp>33</gpxtpx:atemp>
            <gpxtpx:hr>181</gpxtpx:hr>
            <gpxtpx:cad>69</gpxtpx:cad>
          </gpxtpx:TrackPointExtension>
        </extensions>
      </trkpt>
      <trkpt lat="46.477374974638224" lon="13.723950488492846">
        <ele>940</ele>
        <time>2026-07-04T11:07:55.539Z</time>
        <extensions>
          <gpxtpx:TrackPointExtension>
            <gpxtpx:atemp>33</gpxtpx:atemp>
            <gpxtpx:hr>181</gpxtpx:hr>
            <gpxtpx:cad>70</gpxtpx:cad>
          </gpxtpx:TrackPointExtension>
        </extensions>
      </trkpt>
      <trkpt lat="46.47735519334674" lon="13.723944621160626">
        <ele>940.2000122070312</ele>
        <time>2026-07-04T11:07:56.539Z</time>
        <extensions>
          <gpxtpx:TrackPointExtension>
            <gpxtpx:atemp>33</gpxtpx:atemp>
            <gpxtpx:hr>181</gpxtpx:hr>
            <gpxtpx:cad>72</gpxtpx:cad>
          </gpxtpx:TrackPointExtension>
        </extensions>
      </trkpt>
      <trkpt lat="46.477337926626205" lon="13.72393405996263">
        <ele>940.4000244140625</ele>
        <time>2026-07-04T11:07:57.539Z</time>
        <extensions>
          <gpxtpx:TrackPointExtension>
            <gpxtpx:atemp>33</gpxtpx:atemp>
            <gpxtpx:hr>182</gpxtpx:hr>
            <gpxtpx:cad>70</gpxtpx:cad>
          </gpxtpx:TrackPointExtension>
        </extensions>
      </trkpt>
      <trkpt lat="46.47731973789632" lon="13.723920481279492">
        <ele>940.4000244140625</ele>
        <time>2026-07-04T11:07:58.539Z</time>
        <extensions>
          <gpxtpx:TrackPointExtension>
            <gpxtpx:atemp>33</gpxtpx:atemp>
            <gpxtpx:hr>181</gpxtpx:hr>
            <gpxtpx:cad>68</gpxtpx:cad>
          </gpxtpx:TrackPointExtension>
        </extensions>
      </trkpt>
      <trkpt lat="46.477302722632885" lon="13.723908495157957">
        <ele>940.5999755859375</ele>
        <time>2026-07-04T11:07:59.539Z</time>
        <extensions>
          <gpxtpx:TrackPointExtension>
            <gpxtpx:atemp>33</gpxtpx:atemp>
            <gpxtpx:hr>182</gpxtpx:hr>
            <gpxtpx:cad>67</gpxtpx:cad>
          </gpxtpx:TrackPointExtension>
        </extensions>
      </trkpt>
      <trkpt lat="46.47728537209332" lon="13.723897179588675">
        <ele>940.7999877929688</ele>
        <time>2026-07-04T11:08:00.539Z</time>
        <extensions>
          <gpxtpx:TrackPointExtension>
            <gpxtpx:atemp>33</gpxtpx:atemp>
            <gpxtpx:hr>181</gpxtpx:hr>
            <gpxtpx:cad>67</gpxtpx:cad>
          </gpxtpx:TrackPointExtension>
        </extensions>
      </trkpt>
      <trkpt lat="46.47726869210601" lon="13.723887037485838">
        <ele>941</ele>
        <time>2026-07-04T11:08:01.539Z</time>
        <extensions>
          <gpxtpx:TrackPointExtension>
            <gpxtpx:atemp>33</gpxtpx:atemp>
            <gpxtpx:hr>182</gpxtpx:hr>
            <gpxtpx:cad>65</gpxtpx:cad>
          </gpxtpx:TrackPointExtension>
        </extensions>
      </trkpt>
      <trkpt lat="46.47725268267095" lon="13.723880667239428">
        <ele>941.2000122070312</ele>
        <time>2026-07-04T11:08:02.539Z</time>
        <extensions>
          <gpxtpx:TrackPointExtension>
            <gpxtpx:atemp>33</gpxtpx:atemp>
            <gpxtpx:hr>182</gpxtpx:hr>
            <gpxtpx:cad>63</gpxtpx:cad>
          </gpxtpx:TrackPointExtension>
        </extensions>
      </trkpt>
      <trkpt lat="46.47723591886461" lon="13.72387781739235">
        <ele>941.4000244140625</ele>
        <time>2026-07-04T11:08:03.539Z</time>
        <extensions>
          <gpxtpx:TrackPointExtension>
            <gpxtpx:atemp>33</gpxtpx:atemp>
            <gpxtpx:hr>182</gpxtpx:hr>
            <gpxtpx:cad>65</gpxtpx:cad>
          </gpxtpx:TrackPointExtension>
        </extensions>
      </trkpt>
      <trkpt lat="46.47721798159182" lon="13.723874045535922">
        <ele>941.4000244140625</ele>
        <time>2026-07-04T11:08:04.539Z</time>
        <extensions>
          <gpxtpx:TrackPointExtension>
            <gpxtpx:atemp>33</gpxtpx:atemp>
            <gpxtpx:hr>182</gpxtpx:hr>
            <gpxtpx:cad>67</gpxtpx:cad>
          </gpxtpx:TrackPointExtension>
        </extensions>
      </trkpt>
      <trkpt lat="46.47720029577613" lon="13.723871782422066">
        <ele>941.5999755859375</ele>
        <time>2026-07-04T11:08:05.539Z</time>
        <extensions>
          <gpxtpx:TrackPointExtension>
            <gpxtpx:atemp>33</gpxtpx:atemp>
            <gpxtpx:hr>182</gpxtpx:hr>
            <gpxtpx:cad>64</gpxtpx:cad>
          </gpxtpx:TrackPointExtension>
        </extensions>
      </trkpt>
      <trkpt lat="46.47718411870301" lon="13.723870189860463">
        <ele>941.7999877929688</ele>
        <time>2026-07-04T11:08:06.539Z</time>
        <extensions>
          <gpxtpx:TrackPointExtension>
            <gpxtpx:atemp>33</gpxtpx:atemp>
            <gpxtpx:hr>182</gpxtpx:hr>
            <gpxtpx:cad>58</gpxtpx:cad>
          </gpxtpx:TrackPointExtension>
        </extensions>
      </trkpt>
      <trkpt lat="46.477170875296" lon="13.723866753280163">
        <ele>941.7999877929688</ele>
        <time>2026-07-04T11:08:07.539Z</time>
        <extensions>
          <gpxtpx:TrackPointExtension>
            <gpxtpx:atemp>33</gpxtpx:atemp>
            <gpxtpx:hr>182</gpxtpx:hr>
            <gpxtpx:cad>58</gpxtpx:cad>
          </gpxtpx:TrackPointExtension>
        </extensions>
      </trkpt>
      <trkpt lat="46.47716676816344" lon="13.723861388862133">
        <ele>942</ele>
        <time>2026-07-04T11:08:08.539Z</time>
        <extensions>
          <gpxtpx:TrackPointExtension>
            <gpxtpx:atemp>33</gpxtpx:atemp>
            <gpxtpx:hr>183</gpxtpx:hr>
            <gpxtpx:cad>58</gpxtpx:cad>
          </gpxtpx:TrackPointExtension>
        </extensions>
      </trkpt>
      <trkpt lat="46.47716676816344" lon="13.723861388862133">
        <ele>942.2000122070312</ele>
        <time>2026-07-04T11:08:09.539Z</time>
        <extensions>
          <gpxtpx:TrackPointExtension>
            <gpxtpx:atemp>33</gpxtpx:atemp>
            <gpxtpx:hr>182</gpxtpx:hr>
            <gpxtpx:cad>58</gpxtpx:cad>
          </gpxtpx:TrackPointExtension>
        </extensions>
      </trkpt>
      <trkpt lat="46.47716676816344" lon="13.723861388862133">
        <ele>942.2000122070312</ele>
        <time>2026-07-04T11:08:10.539Z</time>
        <extensions>
          <gpxtpx:TrackPointExtension>
            <gpxtpx:atemp>33</gpxtpx:atemp>
            <gpxtpx:hr>183</gpxtpx:hr>
          </gpxtpx:TrackPointExtension>
        </extensions>
      </trkpt>
      <trkpt lat="46.47714120335877" lon="13.723869184032083">
        <ele>942</ele>
        <time>2026-07-04T11:08:55.539Z</time>
        <extensions>
          <gpxtpx:TrackPointExtension>
            <gpxtpx:atemp>33</gpxtpx:atemp>
            <gpxtpx:hr>178</gpxtpx:hr>
          </gpxtpx:TrackPointExtension>
        </extensions>
      </trkpt>
      <trkpt lat="46.477137012407184" lon="13.723872117698193">
        <ele>942</ele>
        <time>2026-07-04T11:08:56.539Z</time>
        <extensions>
          <gpxtpx:TrackPointExtension>
            <gpxtpx:atemp>33</gpxtpx:atemp>
            <gpxtpx:hr>178</gpxtpx:hr>
          </gpxtpx:TrackPointExtension>
        </extensions>
      </trkpt>
      <trkpt lat="46.477134581655264" lon="13.723871782422066">
        <ele>942</ele>
        <time>2026-07-04T11:08:57.539Z</time>
        <extensions>
          <gpxtpx:TrackPointExtension>
            <gpxtpx:atemp>33</gpxtpx:atemp>
            <gpxtpx:hr>177</gpxtpx:hr>
          </gpxtpx:TrackPointExtension>
        </extensions>
      </trkpt>
      <trkpt lat="46.477134581655264" lon="13.723871782422066">
        <ele>942.2000122070312</ele>
        <time>2026-07-04T11:08:58.539Z</time>
        <extensions>
          <gpxtpx:TrackPointExtension>
            <gpxtpx:atemp>33</gpxtpx:atemp>
            <gpxtpx:hr>177</gpxtpx:hr>
          </gpxtpx:TrackPointExtension>
        </extensions>
      </trkpt>
      <trkpt lat="46.47711127996445" lon="13.723867842927575">
        <ele>942.2000122070312</ele>
        <time>2026-07-04T11:09:12.539Z</time>
        <extensions>
          <gpxtpx:TrackPointExtension>
            <gpxtpx:atemp>34</gpxtpx:atemp>
            <gpxtpx:hr>176</gpxtpx:hr>
            <gpxtpx:cad>27</gpxtpx:cad>
          </gpxtpx:TrackPointExtension>
        </extensions>
      </trkpt>
      <trkpt lat="46.47709812037647" lon="13.723870106041431">
        <ele>942.2000122070312</ele>
        <time>2026-07-04T11:09:13.539Z</time>
        <extensions>
          <gpxtpx:TrackPointExtension>
            <gpxtpx:atemp>34</gpxtpx:atemp>
            <gpxtpx:hr>177</gpxtpx:hr>
            <gpxtpx:cad>42</gpxtpx:cad>
          </gpxtpx:TrackPointExtension>
        </extensions>
      </trkpt>
      <trkpt lat="46.47708613425493" lon="13.723874967545271">
        <ele>942.2000122070312</ele>
        <time>2026-07-04T11:09:14.539Z</time>
        <extensions>
          <gpxtpx:TrackPointExtension>
            <gpxtpx:atemp>34</gpxtpx:atemp>
            <gpxtpx:hr>177</gpxtpx:hr>
            <gpxtpx:cad>44</gpxtpx:cad>
          </gpxtpx:TrackPointExtension>
        </extensions>
      </trkpt>
      <trkpt lat="46.47707314230502" lon="13.723881337791681">
        <ele>942.2000122070312</ele>
        <time>2026-07-04T11:09:15.539Z</time>
        <extensions>
          <gpxtpx:TrackPointExtension>
            <gpxtpx:atemp>34</gpxtpx:atemp>
            <gpxtpx:hr>177</gpxtpx:hr>
            <gpxtpx:cad>49</gpxtpx:cad>
          </gpxtpx:TrackPointExtension>
        </extensions>
      </trkpt>
      <trkpt lat="46.47705880925059" lon="13.723884858191013">
        <ele>942.4000244140625</ele>
        <time>2026-07-04T11:09:16.539Z</time>
        <extensions>
          <gpxtpx:TrackPointExtension>
            <gpxtpx:atemp>34</gpxtpx:atemp>
            <gpxtpx:hr>177</gpxtpx:hr>
            <gpxtpx:cad>59</gpxtpx:cad>
          </gpxtpx:TrackPointExtension>
        </extensions>
      </trkpt>
      <trkpt lat="46.47704397328198" lon="13.723890641704202">
        <ele>942.4000244140625</ele>
        <time>2026-07-04T11:09:17.539Z</time>
        <extensions>
          <gpxtpx:TrackPointExtension>
            <gpxtpx:atemp>34</gpxtpx:atemp>
            <gpxtpx:hr>176</gpxtpx:hr>
            <gpxtpx:cad>60</gpxtpx:cad>
          </gpxtpx:TrackPointExtension>
        </extensions>
      </trkpt>
      <trkpt lat="46.47702788002789" lon="13.723896760493517">
        <ele>942.5999755859375</ele>
        <time>2026-07-04T11:09:18.539Z</time>
        <extensions>
          <gpxtpx:TrackPointExtension>
            <gpxtpx:atemp>34</gpxtpx:atemp>
            <gpxtpx:hr>176</gpxtpx:hr>
            <gpxtpx:cad>58</gpxtpx:cad>
          </gpxtpx:TrackPointExtension>
        </extensions>
      </trkpt>
      <trkpt lat="46.47701237350702" lon="13.723903633654118">
        <ele>942.7999877929688</ele>
        <time>2026-07-04T11:09:19.539Z</time>
        <extensions>
          <gpxtpx:TrackPointExtension>
            <gpxtpx:atemp>34</gpxtpx:atemp>
            <gpxtpx:hr>176</gpxtpx:hr>
            <gpxtpx:cad>56</gpxtpx:cad>
          </gpxtpx:TrackPointExtension>
        </extensions>
      </trkpt>
      <trkpt lat="46.47699611261487" lon="13.723911931738257">
        <ele>942.7999877929688</ele>
        <time>2026-07-04T11:09:20.539Z</time>
        <extensions>
          <gpxtpx:TrackPointExtension>
            <gpxtpx:atemp>34</gpxtpx:atemp>
            <gpxtpx:hr>175</gpxtpx:hr>
            <gpxtpx:cad>55</gpxtpx:cad>
          </gpxtpx:TrackPointExtension>
        </extensions>
      </trkpt>
      <trkpt lat="46.47697960026562" lon="13.723917966708541">
        <ele>943</ele>
        <time>2026-07-04T11:09:21.539Z</time>
        <extensions>
          <gpxtpx:TrackPointExtension>
            <gpxtpx:atemp>34</gpxtpx:atemp>
            <gpxtpx:hr>176</gpxtpx:hr>
            <gpxtpx:cad>55</gpxtpx:cad>
          </gpxtpx:TrackPointExtension>
        </extensions>
      </trkpt>
      <trkpt lat="46.47696325555444" lon="13.723922576755285">
        <ele>943.2000122070312</ele>
        <time>2026-07-04T11:09:22.539Z</time>
        <extensions>
          <gpxtpx:TrackPointExtension>
            <gpxtpx:atemp>34</gpxtpx:atemp>
            <gpxtpx:hr>176</gpxtpx:hr>
            <gpxtpx:cad>54</gpxtpx:cad>
          </gpxtpx:TrackPointExtension>
        </extensions>
      </trkpt>
      <trkpt lat="46.476948000490665" lon="13.723927438259125">
        <ele>943.4000244140625</ele>
        <time>2026-07-04T11:09:23.539Z</time>
        <extensions>
          <gpxtpx:TrackPointExtension>
            <gpxtpx:atemp>34</gpxtpx:atemp>
            <gpxtpx:hr>176</gpxtpx:hr>
            <gpxtpx:cad>53</gpxtpx:cad>
          </gpxtpx:TrackPointExtension>
        </extensions>
      </trkpt>
      <trkpt lat="46.47693215869367" lon="13.723936155438423">
        <ele>943.5999755859375</ele>
        <time>2026-07-04T11:09:24.539Z</time>
        <extensions>
          <gpxtpx:TrackPointExtension>
            <gpxtpx:atemp>34</gpxtpx:atemp>
            <gpxtpx:hr>176</gpxtpx:hr>
            <gpxtpx:cad>54</gpxtpx:cad>
          </gpxtpx:TrackPointExtension>
        </extensions>
      </trkpt>
      <trkpt lat="46.47691681981087" lon="13.723945626989007">
        <ele>943.7999877929688</ele>
        <time>2026-07-04T11:09:25.539Z</time>
        <extensions>
          <gpxtpx:TrackPointExtension>
            <gpxtpx:atemp>34</gpxtpx:atemp>
            <gpxtpx:hr>176</gpxtpx:hr>
            <gpxtpx:cad>57</gpxtpx:cad>
          </gpxtpx:TrackPointExtension>
        </extensions>
      </trkpt>
      <trkpt lat="46.47690190002322" lon="13.723949901759624">
        <ele>944</ele>
        <time>2026-07-04T11:09:26.539Z</time>
        <extensions>
          <gpxtpx:TrackPointExtension>
            <gpxtpx:atemp>34</gpxtpx:atemp>
            <gpxtpx:hr>176</gpxtpx:hr>
            <gpxtpx:cad>57</gpxtpx:cad>
          </gpxtpx:TrackPointExtension>
        </extensions>
      </trkpt>
      <trkpt lat="46.4768857229501" lon="13.723952667787671">
        <ele>944</ele>
        <time>2026-07-04T11:09:27.539Z</time>
        <extensions>
          <gpxtpx:TrackPointExtension>
            <gpxtpx:atemp>34</gpxtpx:atemp>
            <gpxtpx:hr>176</gpxtpx:hr>
            <gpxtpx:cad>57</gpxtpx:cad>
          </gpxtpx:TrackPointExtension>
        </extensions>
      </trkpt>
      <trkpt lat="46.4768685400486" lon="13.723959373310208">
        <ele>944.2000122070312</ele>
        <time>2026-07-04T11:09:28.539Z</time>
        <extensions>
          <gpxtpx:TrackPointExtension>
            <gpxtpx:atemp>34</gpxtpx:atemp>
            <gpxtpx:hr>176</gpxtpx:hr>
            <gpxtpx:cad>57</gpxtpx:cad>
          </gpxtpx:TrackPointExtension>
        </extensions>
      </trkpt>
      <trkpt lat="46.47685186006129" lon="13.723964989185333">
        <ele>944.4000244140625</ele>
        <time>2026-07-04T11:09:29.539Z</time>
        <extensions>
          <gpxtpx:TrackPointExtension>
            <gpxtpx:atemp>34</gpxtpx:atemp>
            <gpxtpx:hr>175</gpxtpx:hr>
            <gpxtpx:cad>57</gpxtpx:cad>
          </gpxtpx:TrackPointExtension>
        </extensions>
      </trkpt>
      <trkpt lat="46.47683526389301" lon="13.723968174308538">
        <ele>944.4000244140625</ele>
        <time>2026-07-04T11:09:30.539Z</time>
        <extensions>
          <gpxtpx:TrackPointExtension>
            <gpxtpx:atemp>34</gpxtpx:atemp>
            <gpxtpx:hr>176</gpxtpx:hr>
            <gpxtpx:cad>57</gpxtpx:cad>
          </gpxtpx:TrackPointExtension>
        </extensions>
      </trkpt>
      <trkpt lat="46.476817997172475" lon="13.723973790183663">
        <ele>944.5999755859375</ele>
        <time>2026-07-04T11:09:31.539Z</time>
        <extensions>
          <gpxtpx:TrackPointExtension>
            <gpxtpx:atemp>34</gpxtpx:atemp>
            <gpxtpx:hr>176</gpxtpx:hr>
            <gpxtpx:cad>59</gpxtpx:cad>
          </gpxtpx:TrackPointExtension>
        </extensions>
      </trkpt>
      <trkpt lat="46.476800395175815" lon="13.72398091480136">
        <ele>944.7999877929688</ele>
        <time>2026-07-04T11:09:32.539Z</time>
        <extensions>
          <gpxtpx:TrackPointExtension>
            <gpxtpx:atemp>34</gpxtpx:atemp>
            <gpxtpx:hr>175</gpxtpx:hr>
            <gpxtpx:cad>60</gpxtpx:cad>
          </gpxtpx:TrackPointExtension>
        </extensions>
      </trkpt>
      <trkpt lat="46.47678254172206" lon="13.723987452685833">
        <ele>945</ele>
        <time>2026-07-04T11:09:33.539Z</time>
        <extensions>
          <gpxtpx:TrackPointExtension>
            <gpxtpx:atemp>34</gpxtpx:atemp>
            <gpxtpx:hr>175</gpxtpx:hr>
            <gpxtpx:cad>60</gpxtpx:cad>
          </gpxtpx:TrackPointExtension>
        </extensions>
      </trkpt>
      <trkpt lat="46.47676443681121" lon="13.723993739113212">
        <ele>945</ele>
        <time>2026-07-04T11:09:34.539Z</time>
        <extensions>
          <gpxtpx:TrackPointExtension>
            <gpxtpx:atemp>34</gpxtpx:atemp>
            <gpxtpx:hr>175</gpxtpx:hr>
            <gpxtpx:cad>61</gpxtpx:cad>
          </gpxtpx:TrackPointExtension>
        </extensions>
      </trkpt>
      <trkpt lat="46.476745745167136" lon="13.724003294482827">
        <ele>945.2000122070312</ele>
        <time>2026-07-04T11:09:35.539Z</time>
        <extensions>
          <gpxtpx:TrackPointExtension>
            <gpxtpx:atemp>34</gpxtpx:atemp>
            <gpxtpx:hr>175</gpxtpx:hr>
            <gpxtpx:cad>60</gpxtpx:cad>
          </gpxtpx:TrackPointExtension>
        </extensions>
      </trkpt>
      <trkpt lat="46.476728059351444" lon="13.72401368804276">
        <ele>945.2000122070312</ele>
        <time>2026-07-04T11:09:36.539Z</time>
        <extensions>
          <gpxtpx:TrackPointExtension>
            <gpxtpx:atemp>34</gpxtpx:atemp>
            <gpxtpx:hr>175</gpxtpx:hr>
            <gpxtpx:cad>60</gpxtpx:cad>
          </gpxtpx:TrackPointExtension>
        </extensions>
      </trkpt>
      <trkpt lat="46.47671087644994" lon="13.724023997783661">
        <ele>945.4000244140625</ele>
        <time>2026-07-04T11:09:37.539Z</time>
        <extensions>
          <gpxtpx:TrackPointExtension>
            <gpxtpx:atemp>34</gpxtpx:atemp>
            <gpxtpx:hr>175</gpxtpx:hr>
            <gpxtpx:cad>61</gpxtpx:cad>
          </gpxtpx:TrackPointExtension>
        </extensions>
      </trkpt>
      <trkpt lat="46.47669268772006" lon="13.724029613658786">
        <ele>945.5999755859375</ele>
        <time>2026-07-04T11:09:38.539Z</time>
        <extensions>
          <gpxtpx:TrackPointExtension>
            <gpxtpx:atemp>34</gpxtpx:atemp>
            <gpxtpx:hr>175</gpxtpx:hr>
            <gpxtpx:cad>60</gpxtpx:cad>
          </gpxtpx:TrackPointExtension>
        </extensions>
      </trkpt>
      <trkpt lat="46.47667424753308" lon="13.724033301696181">
        <ele>945.5999755859375</ele>
        <time>2026-07-04T11:09:39.539Z</time>
        <extensions>
          <gpxtpx:TrackPointExtension>
            <gpxtpx:atemp>34</gpxtpx:atemp>
            <gpxtpx:hr>175</gpxtpx:hr>
            <gpxtpx:cad>60</gpxtpx:cad>
          </gpxtpx:TrackPointExtension>
        </extensions>
      </trkpt>
      <trkpt lat="46.476654801517725" lon="13.724036486819386">
        <ele>945.7999877929688</ele>
        <time>2026-07-04T11:09:40.539Z</time>
        <extensions>
          <gpxtpx:TrackPointExtension>
            <gpxtpx:atemp>34</gpxtpx:atemp>
            <gpxtpx:hr>175</gpxtpx:hr>
            <gpxtpx:cad>61</gpxtpx:cad>
          </gpxtpx:TrackPointExtension>
        </extensions>
      </trkpt>
      <trkpt lat="46.47663644514978" lon="13.724037744104862">
        <ele>946</ele>
        <time>2026-07-04T11:09:41.539Z</time>
        <extensions>
          <gpxtpx:TrackPointExtension>
            <gpxtpx:atemp>34</gpxtpx:atemp>
            <gpxtpx:hr>175</gpxtpx:hr>
            <gpxtpx:cad>61</gpxtpx:cad>
          </gpxtpx:TrackPointExtension>
        </extensions>
      </trkpt>
      <trkpt lat="46.476618675515056" lon="13.724037995561957">
        <ele>946.2000122070312</ele>
        <time>2026-07-04T11:09:42.539Z</time>
        <extensions>
          <gpxtpx:TrackPointExtension>
            <gpxtpx:atemp>34</gpxtpx:atemp>
            <gpxtpx:hr>176</gpxtpx:hr>
            <gpxtpx:cad>62</gpxtpx:cad>
          </gpxtpx:TrackPointExtension>
        </extensions>
      </trkpt>
      <trkpt lat="46.476600989699364" lon="13.724036319181323">
        <ele>946.2000122070312</ele>
        <time>2026-07-04T11:09:43.539Z</time>
        <extensions>
          <gpxtpx:TrackPointExtension>
            <gpxtpx:atemp>34</gpxtpx:atemp>
            <gpxtpx:hr>176</gpxtpx:hr>
            <gpxtpx:cad>61</gpxtpx:cad>
          </gpxtpx:TrackPointExtension>
        </extensions>
      </trkpt>
      <trkpt lat="46.47658481262624" lon="13.724034558981657">
        <ele>946.4000244140625</ele>
        <time>2026-07-04T11:09:44.539Z</time>
        <extensions>
          <gpxtpx:TrackPointExtension>
            <gpxtpx:atemp>34</gpxtpx:atemp>
            <gpxtpx:hr>176</gpxtpx:hr>
            <gpxtpx:cad>59</gpxtpx:cad>
          </gpxtpx:TrackPointExtension>
        </extensions>
      </trkpt>
      <trkpt lat="46.47657064720988" lon="13.724029613658786">
        <ele>946.5999755859375</ele>
        <time>2026-07-04T11:09:45.539Z</time>
        <extensions>
          <gpxtpx:TrackPointExtension>
            <gpxtpx:atemp>34</gpxtpx:atemp>
            <gpxtpx:hr>176</gpxtpx:hr>
            <gpxtpx:cad>57</gpxtpx:cad>
          </gpxtpx:TrackPointExtension>
        </extensions>
      </trkpt>
      <trkpt lat="46.476555643603206" lon="13.724025338888168">
        <ele>946.7999877929688</ele>
        <time>2026-07-04T11:09:46.539Z</time>
        <extensions>
          <gpxtpx:TrackPointExtension>
            <gpxtpx:atemp>34</gpxtpx:atemp>
            <gpxtpx:hr>176</gpxtpx:hr>
            <gpxtpx:cad>56</gpxtpx:cad>
          </gpxtpx:TrackPointExtension>
        </extensions>
      </trkpt>
      <trkpt lat="46.47653988562524" lon="13.724019220098853">
        <ele>946.7999877929688</ele>
        <time>2026-07-04T11:09:47.539Z</time>
        <extensions>
          <gpxtpx:TrackPointExtension>
            <gpxtpx:atemp>34</gpxtpx:atemp>
            <gpxtpx:hr>176</gpxtpx:hr>
            <gpxtpx:cad>58</gpxtpx:cad>
          </gpxtpx:TrackPointExtension>
        </extensions>
      </trkpt>
      <trkpt lat="46.47652546875179" lon="13.724011676385999">
        <ele>947</ele>
        <time>2026-07-04T11:09:48.539Z</time>
        <extensions>
          <gpxtpx:TrackPointExtension>
            <gpxtpx:atemp>34</gpxtpx:atemp>
            <gpxtpx:hr>176</gpxtpx:hr>
            <gpxtpx:cad>60</gpxtpx:cad>
          </gpxtpx:TrackPointExtension>
        </extensions>
      </trkpt>
      <trkpt lat="46.47650895640254" lon="13.724004132673144">
        <ele>947.2000122070312</ele>
        <time>2026-07-04T11:09:49.539Z</time>
        <extensions>
          <gpxtpx:TrackPointExtension>
            <gpxtpx:atemp>34</gpxtpx:atemp>
            <gpxtpx:hr>176</gpxtpx:hr>
            <gpxtpx:cad>62</gpxtpx:cad>
          </gpxtpx:TrackPointExtension>
        </extensions>
      </trkpt>
      <trkpt lat="46.476493617519736" lon="13.723996253684163">
        <ele>947.2000122070312</ele>
        <time>2026-07-04T11:09:50.539Z</time>
        <extensions>
          <gpxtpx:TrackPointExtension>
            <gpxtpx:atemp>34</gpxtpx:atemp>
            <gpxtpx:hr>176</gpxtpx:hr>
            <gpxtpx:cad>59</gpxtpx:cad>
          </gpxtpx:TrackPointExtension>
        </extensions>
      </trkpt>
      <trkpt lat="46.47647811099887" lon="13.723987368866801">
        <ele>947.2000122070312</ele>
        <time>2026-07-04T11:09:51.539Z</time>
        <extensions>
          <gpxtpx:TrackPointExtension>
            <gpxtpx:atemp>34</gpxtpx:atemp>
            <gpxtpx:hr>176</gpxtpx:hr>
            <gpxtpx:cad>59</gpxtpx:cad>
          </gpxtpx:TrackPointExtension>
        </extensions>
      </trkpt>
      <trkpt lat="46.47646252065897" lon="13.723979070782661">
        <ele>947.4000244140625</ele>
        <time>2026-07-04T11:09:52.539Z</time>
        <extensions>
          <gpxtpx:TrackPointExtension>
            <gpxtpx:atemp>34</gpxtpx:atemp>
            <gpxtpx:hr>176</gpxtpx:hr>
            <gpxtpx:cad>60</gpxtpx:cad>
          </gpxtpx:TrackPointExtension>
        </extensions>
      </trkpt>
      <trkpt lat="46.47644776850939" lon="13.723969850689173">
        <ele>947.5999755859375</ele>
        <time>2026-07-04T11:09:53.539Z</time>
        <extensions>
          <gpxtpx:TrackPointExtension>
            <gpxtpx:atemp>34</gpxtpx:atemp>
            <gpxtpx:hr>177</gpxtpx:hr>
            <gpxtpx:cad>59</gpxtpx:cad>
          </gpxtpx:TrackPointExtension>
        </extensions>
      </trkpt>
      <trkpt lat="46.47643360309303" lon="13.723960714414716">
        <ele>947.5999755859375</ele>
        <time>2026-07-04T11:09:54.539Z</time>
        <extensions>
          <gpxtpx:TrackPointExtension>
            <gpxtpx:atemp>34</gpxtpx:atemp>
            <gpxtpx:hr>176</gpxtpx:hr>
            <gpxtpx:cad>57</gpxtpx:cad>
          </gpxtpx:TrackPointExtension>
        </extensions>
      </trkpt>
      <trkpt lat="46.47641968913376" lon="13.723951075226068">
        <ele>947.5999755859375</ele>
        <time>2026-07-04T11:09:55.539Z</time>
        <extensions>
          <gpxtpx:TrackPointExtension>
            <gpxtpx:atemp>34</gpxtpx:atemp>
            <gpxtpx:hr>177</gpxtpx:hr>
            <gpxtpx:cad>57</gpxtpx:cad>
          </gpxtpx:TrackPointExtension>
        </extensions>
      </trkpt>
      <trkpt lat="46.47640543989837" lon="13.72394336387515">
        <ele>947.5999755859375</ele>
        <time>2026-07-04T11:09:56.539Z</time>
        <extensions>
          <gpxtpx:TrackPointExtension>
            <gpxtpx:atemp>34</gpxtpx:atemp>
            <gpxtpx:hr>177</gpxtpx:hr>
            <gpxtpx:cad>57</gpxtpx:cad>
          </gpxtpx:TrackPointExtension>
        </extensions>
      </trkpt>
      <trkpt lat="46.476392950862646" lon="13.72393649071455">
        <ele>947.7999877929688</ele>
        <time>2026-07-04T11:09:57.539Z</time>
        <extensions>
          <gpxtpx:TrackPointExtension>
            <gpxtpx:atemp>34</gpxtpx:atemp>
            <gpxtpx:hr>176</gpxtpx:hr>
            <gpxtpx:cad>54</gpxtpx:cad>
          </gpxtpx:TrackPointExtension>
        </extensions>
      </trkpt>
      <trkpt lat="46.476380126550794" lon="13.723926935344934">
        <ele>947.7999877929688</ele>
        <time>2026-07-04T11:09:58.539Z</time>
        <extensions>
          <gpxtpx:TrackPointExtension>
            <gpxtpx:atemp>34</gpxtpx:atemp>
            <gpxtpx:hr>177</gpxtpx:hr>
            <gpxtpx:cad>54</gpxtpx:cad>
          </gpxtpx:TrackPointExtension>
        </extensions>
      </trkpt>
      <trkpt lat="46.47636621259153" lon="13.723917296156287">
        <ele>947.7999877929688</ele>
        <time>2026-07-04T11:09:59.539Z</time>
        <extensions>
          <gpxtpx:TrackPointExtension>
            <gpxtpx:atemp>34</gpxtpx:atemp>
            <gpxtpx:hr>177</gpxtpx:hr>
            <gpxtpx:cad>54</gpxtpx:cad>
          </gpxtpx:TrackPointExtension>
        </extensions>
      </trkpt>
      <trkpt lat="46.47635405883193" lon="13.723906902596354">
        <ele>948</ele>
        <time>2026-07-04T11:10:00.539Z</time>
        <extensions>
          <gpxtpx:TrackPointExtension>
            <gpxtpx:atemp>34</gpxtpx:atemp>
            <gpxtpx:hr>176</gpxtpx:hr>
            <gpxtpx:cad>54</gpxtpx:cad>
          </gpxtpx:TrackPointExtension>
        </extensions>
      </trkpt>
      <trkpt lat="46.47634190507233" lon="13.7238959223032">
        <ele>948</ele>
        <time>2026-07-04T11:10:01.539Z</time>
        <extensions>
          <gpxtpx:TrackPointExtension>
            <gpxtpx:atemp>34</gpxtpx:atemp>
            <gpxtpx:hr>176</gpxtpx:hr>
            <gpxtpx:cad>55</gpxtpx:cad>
          </gpxtpx:TrackPointExtension>
        </extensions>
      </trkpt>
      <trkpt lat="46.47632916457951" lon="13.72388619929552">
        <ele>948</ele>
        <time>2026-07-04T11:10:02.539Z</time>
        <extensions>
          <gpxtpx:TrackPointExtension>
            <gpxtpx:atemp>34</gpxtpx:atemp>
            <gpxtpx:hr>177</gpxtpx:hr>
            <gpxtpx:cad>54</gpxtpx:cad>
          </gpxtpx:TrackPointExtension>
        </extensions>
      </trkpt>
      <trkpt lat="46.47631600499153" lon="13.72387639246881">
        <ele>948</ele>
        <time>2026-07-04T11:10:03.539Z</time>
        <extensions>
          <gpxtpx:TrackPointExtension>
            <gpxtpx:atemp>34</gpxtpx:atemp>
            <gpxtpx:hr>176</gpxtpx:hr>
            <gpxtpx:cad>53</gpxtpx:cad>
          </gpxtpx:TrackPointExtension>
        </extensions>
      </trkpt>
      <trkpt lat="46.476301588118076" lon="13.72386759147048">
        <ele>948</ele>
        <time>2026-07-04T11:10:04.539Z</time>
        <extensions>
          <gpxtpx:TrackPointExtension>
            <gpxtpx:atemp>34</gpxtpx:atemp>
            <gpxtpx:hr>176</gpxtpx:hr>
            <gpxtpx:cad>52</gpxtpx:cad>
          </gpxtpx:TrackPointExtension>
        </extensions>
      </trkpt>
      <trkpt lat="46.476286919787526" lon="13.72385635972023">
        <ele>948</ele>
        <time>2026-07-04T11:10:05.539Z</time>
        <extensions>
          <gpxtpx:TrackPointExtension>
            <gpxtpx:atemp>34</gpxtpx:atemp>
            <gpxtpx:hr>177</gpxtpx:hr>
            <gpxtpx:cad>52</gpxtpx:cad>
          </gpxtpx:TrackPointExtension>
        </extensions>
      </trkpt>
      <trkpt lat="46.47627199999988" lon="13.723845547065139">
        <ele>948</ele>
        <time>2026-07-04T11:10:06.539Z</time>
        <extensions>
          <gpxtpx:TrackPointExtension>
            <gpxtpx:atemp>34</gpxtpx:atemp>
            <gpxtpx:hr>176</gpxtpx:hr>
            <gpxtpx:cad>53</gpxtpx:cad>
          </gpxtpx:TrackPointExtension>
        </extensions>
      </trkpt>
      <trkpt lat="46.47625875659287" lon="13.72383682988584">
        <ele>948</ele>
        <time>2026-07-04T11:10:07.539Z</time>
        <extensions>
          <gpxtpx:TrackPointExtension>
            <gpxtpx:atemp>34</gpxtpx:atemp>
            <gpxtpx:hr>176</gpxtpx:hr>
            <gpxtpx:cad>53</gpxtpx:cad>
          </gpxtpx:TrackPointExtension>
        </extensions>
      </trkpt>
      <trkpt lat="46.476244339719415" lon="13.723828364163637">
        <ele>948</ele>
        <time>2026-07-04T11:10:08.539Z</time>
        <extensions>
          <gpxtpx:TrackPointExtension>
            <gpxtpx:atemp>34</gpxtpx:atemp>
            <gpxtpx:hr>176</gpxtpx:hr>
            <gpxtpx:cad>55</gpxtpx:cad>
          </gpxtpx:TrackPointExtension>
        </extensions>
      </trkpt>
      <trkpt lat="46.47622992284596" lon="13.723820904269814">
        <ele>948</ele>
        <time>2026-07-04T11:10:09.539Z</time>
        <extensions>
          <gpxtpx:TrackPointExtension>
            <gpxtpx:atemp>34</gpxtpx:atemp>
            <gpxtpx:hr>176</gpxtpx:hr>
            <gpxtpx:cad>55</gpxtpx:cad>
          </gpxtpx:TrackPointExtension>
        </extensions>
      </trkpt>
      <trkpt lat="46.47621667943895" lon="13.723814869299531">
        <ele>948</ele>
        <time>2026-07-04T11:10:10.539Z</time>
        <extensions>
          <gpxtpx:TrackPointExtension>
            <gpxtpx:atemp>34</gpxtpx:atemp>
            <gpxtpx:hr>176</gpxtpx:hr>
            <gpxtpx:cad>55</gpxtpx:cad>
          </gpxtpx:TrackPointExtension>
        </extensions>
      </trkpt>
      <trkpt lat="46.47620351985097" lon="13.723808163776994">
        <ele>948</ele>
        <time>2026-07-04T11:10:11.539Z</time>
        <extensions>
          <gpxtpx:TrackPointExtension>
            <gpxtpx:atemp>34</gpxtpx:atemp>
            <gpxtpx:hr>176</gpxtpx:hr>
            <gpxtpx:cad>55</gpxtpx:cad>
          </gpxtpx:TrackPointExtension>
        </extensions>
      </trkpt>
      <trkpt lat="46.47618952207267" lon="13.723799865692854">
        <ele>948</ele>
        <time>2026-07-04T11:10:12.539Z</time>
        <extensions>
          <gpxtpx:TrackPointExtension>
            <gpxtpx:atemp>34</gpxtpx:atemp>
            <gpxtpx:hr>176</gpxtpx:hr>
            <gpxtpx:cad>55</gpxtpx:cad>
          </gpxtpx:TrackPointExtension>
        </extensions>
      </trkpt>
      <trkpt lat="46.4761742670089" lon="13.723791902884841">
        <ele>948</ele>
        <time>2026-07-04T11:10:13.539Z</time>
        <extensions>
          <gpxtpx:TrackPointExtension>
            <gpxtpx:atemp>34</gpxtpx:atemp>
            <gpxtpx:hr>175</gpxtpx:hr>
            <gpxtpx:cad>55</gpxtpx:cad>
          </gpxtpx:TrackPointExtension>
        </extensions>
      </trkpt>
      <trkpt lat="46.47616060450673" lon="13.723782179877162">
        <ele>947.7999877929688</ele>
        <time>2026-07-04T11:10:14.539Z</time>
        <extensions>
          <gpxtpx:TrackPointExtension>
            <gpxtpx:atemp>34</gpxtpx:atemp>
            <gpxtpx:hr>175</gpxtpx:hr>
          </gpxtpx:TrackPointExtension>
        </extensions>
      </trkpt>
      <trkpt lat="46.47614543326199" lon="13.723766589537263">
        <ele>947.7999877929688</ele>
        <time>2026-07-04T11:10:15.539Z</time>
        <extensions>
          <gpxtpx:TrackPointExtension>
            <gpxtpx:atemp>34</gpxtpx:atemp>
            <gpxtpx:hr>175</gpxtpx:hr>
          </gpxtpx:TrackPointExtension>
        </extensions>
      </trkpt>
      <trkpt lat="46.47613210603595" lon="13.7237508315593">
        <ele>947.7999877929688</ele>
        <time>2026-07-04T11:10:16.539Z</time>
        <extensions>
          <gpxtpx:TrackPointExtension>
            <gpxtpx:atemp>34</gpxtpx:atemp>
            <gpxtpx:hr>174</gpxtpx:hr>
          </gpxtpx:TrackPointExtension>
        </extensions>
      </trkpt>
      <trkpt lat="46.476114839315414" lon="13.723732642829418">
        <ele>947.5999755859375</ele>
        <time>2026-07-04T11:10:17.539Z</time>
        <extensions>
          <gpxtpx:TrackPointExtension>
            <gpxtpx:atemp>34</gpxtpx:atemp>
            <gpxtpx:hr>174</gpxtpx:hr>
          </gpxtpx:TrackPointExtension>
        </extensions>
      </trkpt>
      <trkpt lat="46.476096818223596" lon="13.723716717213392">
        <ele>947.5999755859375</ele>
        <time>2026-07-04T11:10:18.539Z</time>
        <extensions>
          <gpxtpx:TrackPointExtension>
            <gpxtpx:atemp>34</gpxtpx:atemp>
            <gpxtpx:hr>173</gpxtpx:hr>
          </gpxtpx:TrackPointExtension>
        </extensions>
      </trkpt>
      <trkpt lat="46.476074103266" lon="13.723703557625413">
        <ele>947.4000244140625</ele>
        <time>2026-07-04T11:10:19.539Z</time>
        <extensions>
          <gpxtpx:TrackPointExtension>
            <gpxtpx:atemp>34</gpxtpx:atemp>
            <gpxtpx:hr>173</gpxtpx:hr>
          </gpxtpx:TrackPointExtension>
        </extensions>
      </trkpt>
      <trkpt lat="46.476048454642296" lon="13.723697271198034">
        <ele>947.4000244140625</ele>
        <time>2026-07-04T11:10:20.539Z</time>
        <extensions>
          <gpxtpx:TrackPointExtension>
            <gpxtpx:atemp>34</gpxtpx:atemp>
            <gpxtpx:hr>172</gpxtpx:hr>
          </gpxtpx:TrackPointExtension>
        </extensions>
      </trkpt>
      <trkpt lat="46.47602364420891" lon="13.723695678636432">
        <ele>947.2000122070312</ele>
        <time>2026-07-04T11:10:21.539Z</time>
        <extensions>
          <gpxtpx:TrackPointExtension>
            <gpxtpx:atemp>34</gpxtpx:atemp>
            <gpxtpx:hr>172</gpxtpx:hr>
          </gpxtpx:TrackPointExtension>
        </extensions>
      </trkpt>
      <trkpt lat="46.47600159980357" lon="13.723694337531924">
        <ele>947.2000122070312</ele>
        <time>2026-07-04T11:10:22.539Z</time>
        <extensions>
          <gpxtpx:TrackPointExtension>
            <gpxtpx:atemp>34</gpxtpx:atemp>
            <gpxtpx:hr>171</gpxtpx:hr>
          </gpxtpx:TrackPointExtension>
        </extensions>
      </trkpt>
      <trkpt lat="46.475980561226606" lon="13.723691571503878">
        <ele>947.2000122070312</ele>
        <time>2026-07-04T11:10:23.539Z</time>
        <extensions>
          <gpxtpx:TrackPointExtension>
            <gpxtpx:atemp>34</gpxtpx:atemp>
            <gpxtpx:hr>171</gpxtpx:hr>
          </gpxtpx:TrackPointExtension>
        </extensions>
      </trkpt>
      <trkpt lat="46.475961450487375" lon="13.723687212914228">
        <ele>947.2000122070312</ele>
        <time>2026-07-04T11:10:24.539Z</time>
        <extensions>
          <gpxtpx:TrackPointExtension>
            <gpxtpx:atemp>34</gpxtpx:atemp>
            <gpxtpx:hr>171</gpxtpx:hr>
          </gpxtpx:TrackPointExtension>
        </extensions>
      </trkpt>
      <trkpt lat="46.475944602862" lon="13.723677238449454">
        <ele>947.2000122070312</ele>
        <time>2026-07-04T11:10:25.539Z</time>
        <extensions>
          <gpxtpx:TrackPointExtension>
            <gpxtpx:atemp>34</gpxtpx:atemp>
            <gpxtpx:hr>171</gpxtpx:hr>
          </gpxtpx:TrackPointExtension>
        </extensions>
      </trkpt>
      <trkpt lat="46.475996" lon="13.723884">
        <ele>947</ele>
        <time>2026-07-04T11:10:29.119Z</time>
      </trkpt>
      <trkpt lat="46.476091" lon="13.723863">
        <ele>947</ele>
        <time>2026-07-04T11:10:32.332Z</time>
      </trkpt>
      <trkpt lat="46.47613" lon="13.723876">
        <ele>946.86</ele>
        <time>2026-07-04T11:10:33.151Z</time>
      </trkpt>
      <trkpt lat="46.47613" lon="13.723876">
        <ele>946.86</ele>
        <time>2026-07-04T11:10:33.151Z</time>
      </trkpt>
      <trkpt lat="46.476218" lon="13.723903">
        <ele>946.54</ele>
        <time>2026-07-04T11:10:34.992Z</time>
      </trkpt>
      <trkpt lat="46.476464" lon="13.72406">
        <ele>946.05</ele>
        <time>2026-07-04T11:10:40.493Z</time>
      </trkpt>
      <trkpt lat="46.47654" lon="13.724098">
        <ele>945.53</ele>
        <time>2026-07-04T11:10:42.138Z</time>
      </trkpt>
      <trkpt lat="46.476587" lon="13.724115">
        <ele>945.13</ele>
        <time>2026-07-04T11:10:43.129Z</time>
      </trkpt>
      <trkpt lat="46.476647" lon="13.724118">
        <ele>944.63</ele>
        <time>2026-07-04T11:10:44.358Z</time>
      </trkpt>
      <trkpt lat="46.476702" lon="13.724101">
        <ele>944.16</ele>
        <time>2026-07-04T11:10:45.509Z</time>
      </trkpt>
      <trkpt lat="46.477035" lon="13.723906">
        <ele>941.35</ele>
        <time>2026-07-04T11:10:52.859Z</time>
      </trkpt>
      <trkpt lat="46.477139" lon="13.723883">
        <ele>940.47</ele>
        <time>2026-07-04T11:10:55.012Z</time>
      </trkpt>
      <trkpt lat="46.477217" lon="13.723899">
        <ele>939.81</ele>
        <time>2026-07-04T11:10:56.624Z</time>
      </trkpt>
      <trkpt lat="46.478102" lon="13.724441">
        <ele>931.17</ele>
        <time>2026-07-04T11:11:16.287Z</time>
      </trkpt>
      <trkpt lat="46.478119" lon="13.724383">
        <ele>931.16</ele>
        <time>2026-07-04T11:11:17.175Z</time>
      </trkpt>
      <trkpt lat="46.478143" lon="13.724363">
        <ele>930.99</ele>
        <time>2026-07-04T11:11:17.741Z</time>
      </trkpt>
      <trkpt lat="46.478306" lon="13.724409">
        <ele>929.62</ele>
        <time>2026-07-04T11:11:21.140Z</time>
      </trkpt>
      <trkpt lat="46.4784" lon="13.7244">
        <ele>929</ele>
        <time>2026-07-04T11:11:23.068Z</time>
      </trkpt>
      <trkpt lat="46.478521" lon="13.724345">
        <ele>928.81</ele>
        <time>2026-07-04T11:11:25.663Z</time>
      </trkpt>
      <trkpt lat="46.478716" lon="13.724216">
        <ele>928</ele>
        <time>2026-07-04T11:11:30.049Z</time>
      </trkpt>
      <trkpt lat="46.47885" lon="13.724074">
        <ele>927.01</ele>
        <time>2026-07-04T11:11:33.445Z</time>
      </trkpt>
      <trkpt lat="46.479062" lon="13.723768">
        <ele>927</ele>
        <time>2026-07-04T11:11:39.564Z</time>
      </trkpt>
      <trkpt lat="46.479117" lon="13.72364">
        <ele>927</ele>
        <time>2026-07-04T11:11:41.690Z</time>
      </trkpt>
      <trkpt lat="46.479257" lon="13.723264">
        <ele>926.97</ele>
        <time>2026-07-04T11:11:47.715Z</time>
      </trkpt>
      <trkpt lat="46.479332" lon="13.723126">
        <ele>925.1</ele>
        <time>2026-07-04T11:11:50.193Z</time>
      </trkpt>
      <trkpt lat="46.479381" lon="13.723049">
        <ele>925.12</ele>
        <time>2026-07-04T11:11:51.671Z</time>
      </trkpt>
      <trkpt lat="46.479563" lon="13.722884">
        <ele>924.55</ele>
        <time>2026-07-04T11:11:56.063Z</time>
      </trkpt>
      <trkpt lat="46.479634" lon="13.722839">
        <ele>924.33</ele>
        <time>2026-07-04T11:11:57.648Z</time>
      </trkpt>
      <trkpt lat="46.479712" lon="13.722829">
        <ele>924.16</ele>
        <time>2026-07-04T11:11:59.251Z</time>
      </trkpt>
      <trkpt lat="46.47971109487116" lon="13.72281800955534">
        <ele>928</ele>
        <time>2026-07-04T11:11:59.407Z</time>
        <extensions>
          <gpxtpx:TrackPointExtension>
            <gpxtpx:atemp>31</gpxtpx:atemp>
            <gpxtpx:hr>144</gpxtpx:hr>
          </gpxtpx:TrackPointExtension>
        </extensions>
      </trkpt>
      <trkpt lat="46.47977538406849" lon="13.722803173586726">
        <ele>928</ele>
        <time>2026-07-04T11:17:43.119Z</time>
        <extensions>
          <gpxtpx:TrackPointExtension>
            <gpxtpx:atemp>31</gpxtpx:atemp>
            <gpxtpx:hr>144</gpxtpx:hr>
          </gpxtpx:TrackPointExtension>
        </extensions>
      </trkpt>
      <trkpt lat="46.479842187836766" lon="13.722797725349665">
        <ele>928</ele>
        <time>2026-07-04T11:17:44.119Z</time>
        <extensions>
          <gpxtpx:TrackPointExtension>
            <gpxtpx:atemp>31</gpxtpx:atemp>
            <gpxtpx:hr>143</gpxtpx:hr>
          </gpxtpx:TrackPointExtension>
        </extensions>
      </trkpt>
      <trkpt lat="46.479910500347614" lon="13.722796719521284">
        <ele>927.7999877929688</ele>
        <time>2026-07-04T11:17:45.119Z</time>
        <extensions>
          <gpxtpx:TrackPointExtension>
            <gpxtpx:atemp>31</gpxtpx:atemp>
            <gpxtpx:hr>143</gpxtpx:hr>
          </gpxtpx:TrackPointExtension>
        </extensions>
      </trkpt>
      <trkpt lat="46.47998124361038" lon="13.72280535288155">
        <ele>927.7999877929688</ele>
        <time>2026-07-04T11:17:46.119Z</time>
        <extensions>
          <gpxtpx:TrackPointExtension>
            <gpxtpx:atemp>31</gpxtpx:atemp>
            <gpxtpx:hr>144</gpxtpx:hr>
          </gpxtpx:TrackPointExtension>
        </extensions>
      </trkpt>
      <trkpt lat="46.48005257360637" lon="13.722820105031133">
        <ele>927.5999755859375</ele>
        <time>2026-07-04T11:17:47.119Z</time>
        <extensions>
          <gpxtpx:TrackPointExtension>
            <gpxtpx:atemp>31</gpxtpx:atemp>
            <gpxtpx:hr>144</gpxtpx:hr>
          </gpxtpx:TrackPointExtension>
        </extensions>
      </trkpt>
      <trkpt lat="46.48012524470687" lon="13.722838796675205">
        <ele>927.2000122070312</ele>
        <time>2026-07-04T11:17:48.119Z</time>
        <extensions>
          <gpxtpx:TrackPointExtension>
            <gpxtpx:atemp>31</gpxtpx:atemp>
            <gpxtpx:hr>144</gpxtpx:hr>
          </gpxtpx:TrackPointExtension>
        </extensions>
      </trkpt>
      <trkpt lat="46.48019816726446" lon="13.722859248518944">
        <ele>927</ele>
        <time>2026-07-04T11:17:49.119Z</time>
        <extensions>
          <gpxtpx:TrackPointExtension>
            <gpxtpx:atemp>31</gpxtpx:atemp>
            <gpxtpx:hr>142</gpxtpx:hr>
          </gpxtpx:TrackPointExtension>
        </extensions>
      </trkpt>
      <trkpt lat="46.480273604393005" lon="13.722879365086555">
        <ele>926.5999755859375</ele>
        <time>2026-07-04T11:17:50.119Z</time>
        <extensions>
          <gpxtpx:TrackPointExtension>
            <gpxtpx:atemp>31</gpxtpx:atemp>
            <gpxtpx:hr>142</gpxtpx:hr>
          </gpxtpx:TrackPointExtension>
        </extensions>
      </trkpt>
      <trkpt lat="46.48035306483507" lon="13.722901158034801">
        <ele>926.2000122070312</ele>
        <time>2026-07-04T11:17:51.119Z</time>
        <extensions>
          <gpxtpx:TrackPointExtension>
            <gpxtpx:atemp>31</gpxtpx:atemp>
            <gpxtpx:hr>138</gpxtpx:hr>
          </gpxtpx:TrackPointExtension>
        </extensions>
      </trkpt>
      <trkpt lat="46.48043545894325" lon="13.722924459725618">
        <ele>925.7999877929688</ele>
        <time>2026-07-04T11:17:52.119Z</time>
        <extensions>
          <gpxtpx:TrackPointExtension>
            <gpxtpx:atemp>31</gpxtpx:atemp>
            <gpxtpx:hr>138</gpxtpx:hr>
          </gpxtpx:TrackPointExtension>
        </extensions>
      </trkpt>
      <trkpt lat="46.480520367622375" lon="13.722943654283881">
        <ele>925.4000244140625</ele>
        <time>2026-07-04T11:17:53.119Z</time>
        <extensions>
          <gpxtpx:TrackPointExtension>
            <gpxtpx:atemp>31</gpxtpx:atemp>
            <gpxtpx:hr>139</gpxtpx:hr>
          </gpxtpx:TrackPointExtension>
        </extensions>
      </trkpt>
      <trkpt lat="46.48060804232955" lon="13.722952287644148">
        <ele>924.7999877929688</ele>
        <time>2026-07-04T11:17:54.119Z</time>
        <extensions>
          <gpxtpx:TrackPointExtension>
            <gpxtpx:atemp>31</gpxtpx:atemp>
            <gpxtpx:hr>139</gpxtpx:hr>
          </gpxtpx:TrackPointExtension>
        </extensions>
      </trkpt>
      <trkpt lat="46.48069848306477" lon="13.722951365634799">
        <ele>924.4000244140625</ele>
        <time>2026-07-04T11:17:55.119Z</time>
        <extensions>
          <gpxtpx:TrackPointExtension>
            <gpxtpx:atemp>31</gpxtpx:atemp>
            <gpxtpx:hr>140</gpxtpx:hr>
          </gpxtpx:TrackPointExtension>
        </extensions>
      </trkpt>
      <trkpt lat="46.48079135455191" lon="13.72293527238071">
        <ele>924</ele>
        <time>2026-07-04T11:17:56.119Z</time>
        <extensions>
          <gpxtpx:TrackPointExtension>
            <gpxtpx:atemp>31</gpxtpx:atemp>
            <gpxtpx:hr>140</gpxtpx:hr>
          </gpxtpx:TrackPointExtension>
        </extensions>
      </trkpt>
      <trkpt lat="46.4808869920671" lon="13.722917502745986">
        <ele>923.5999755859375</ele>
        <time>2026-07-04T11:17:57.119Z</time>
        <extensions>
          <gpxtpx:TrackPointExtension>
            <gpxtpx:atemp>31</gpxtpx:atemp>
            <gpxtpx:hr>141</gpxtpx:hr>
          </gpxtpx:TrackPointExtension>
        </extensions>
      </trkpt>
      <trkpt lat="46.480980198830366" lon="13.722895458340645">
        <ele>923</ele>
        <time>2026-07-04T11:17:58.119Z</time>
        <extensions>
          <gpxtpx:TrackPointExtension>
            <gpxtpx:atemp>31</gpxtpx:atemp>
            <gpxtpx:hr>142</gpxtpx:hr>
          </gpxtpx:TrackPointExtension>
        </extensions>
      </trkpt>
      <trkpt lat="46.48107382468879" lon="13.722873413935304">
        <ele>922.2000122070312</ele>
        <time>2026-07-04T11:17:59.119Z</time>
        <extensions>
          <gpxtpx:TrackPointExtension>
            <gpxtpx:atemp>31</gpxtpx:atemp>
            <gpxtpx:hr>142</gpxtpx:hr>
          </gpxtpx:TrackPointExtension>
        </extensions>
      </trkpt>
      <trkpt lat="46.4811631757766" lon="13.722858242690563">
        <ele>921.7999877929688</ele>
        <time>2026-07-04T11:18:00.119Z</time>
        <extensions>
          <gpxtpx:TrackPointExtension>
            <gpxtpx:atemp>31</gpxtpx:atemp>
            <gpxtpx:hr>143</gpxtpx:hr>
          </gpxtpx:TrackPointExtension>
        </extensions>
      </trkpt>
      <trkpt lat="46.48125344887376" lon="13.72285614721477">
        <ele>921.4000244140625</ele>
        <time>2026-07-04T11:18:01.119Z</time>
        <extensions>
          <gpxtpx:TrackPointExtension>
            <gpxtpx:atemp>31</gpxtpx:atemp>
            <gpxtpx:hr>142</gpxtpx:hr>
          </gpxtpx:TrackPointExtension>
        </extensions>
      </trkpt>
      <trkpt lat="46.481346655637026" lon="13.722865618765354">
        <ele>921</ele>
        <time>2026-07-04T11:18:02.119Z</time>
        <extensions>
          <gpxtpx:TrackPointExtension>
            <gpxtpx:atemp>31</gpxtpx:atemp>
            <gpxtpx:hr>142</gpxtpx:hr>
          </gpxtpx:TrackPointExtension>
        </extensions>
      </trkpt>
      <trkpt lat="46.48144204169512" lon="13.722880790010095">
        <ele>920.4000244140625</ele>
        <time>2026-07-04T11:18:03.119Z</time>
        <extensions>
          <gpxtpx:TrackPointExtension>
            <gpxtpx:atemp>31</gpxtpx:atemp>
            <gpxtpx:hr>142</gpxtpx:hr>
          </gpxtpx:TrackPointExtension>
        </extensions>
      </trkpt>
      <trkpt lat="46.48153709247708" lon="13.722901409491897">
        <ele>919.7999877929688</ele>
        <time>2026-07-04T11:18:04.119Z</time>
        <extensions>
          <gpxtpx:TrackPointExtension>
            <gpxtpx:atemp>31</gpxtpx:atemp>
            <gpxtpx:hr>141</gpxtpx:hr>
          </gpxtpx:TrackPointExtension>
        </extensions>
      </trkpt>
      <trkpt lat="46.48162770085037" lon="13.722920436412096">
        <ele>919.4000244140625</ele>
        <time>2026-07-04T11:18:05.119Z</time>
        <extensions>
          <gpxtpx:TrackPointExtension>
            <gpxtpx:atemp>31</gpxtpx:atemp>
            <gpxtpx:hr>141</gpxtpx:hr>
          </gpxtpx:TrackPointExtension>
        </extensions>
      </trkpt>
      <trkpt lat="46.48171252571046" lon="13.722941055893898">
        <ele>918.7999877929688</ele>
        <time>2026-07-04T11:18:06.119Z</time>
        <extensions>
          <gpxtpx:TrackPointExtension>
            <gpxtpx:atemp>31</gpxtpx:atemp>
            <gpxtpx:hr>140</gpxtpx:hr>
          </gpxtpx:TrackPointExtension>
        </extensions>
      </trkpt>
      <trkpt lat="46.48179684765637" lon="13.722964441403747">
        <ele>918.4000244140625</ele>
        <time>2026-07-04T11:18:07.119Z</time>
        <extensions>
          <gpxtpx:TrackPointExtension>
            <gpxtpx:atemp>31</gpxtpx:atemp>
            <gpxtpx:hr>140</gpxtpx:hr>
          </gpxtpx:TrackPointExtension>
        </extensions>
      </trkpt>
      <trkpt lat="46.48188284598291" lon="13.722978103905916">
        <ele>918</ele>
        <time>2026-07-04T11:18:08.119Z</time>
        <extensions>
          <gpxtpx:TrackPointExtension>
            <gpxtpx:atemp>31</gpxtpx:atemp>
            <gpxtpx:hr>140</gpxtpx:hr>
            <gpxtpx:cad>1</gpxtpx:cad>
          </gpxtpx:TrackPointExtension>
        </extensions>
      </trkpt>
      <trkpt lat="46.48196985013783" lon="13.722977433353662">
        <ele>917.4000244140625</ele>
        <time>2026-07-04T11:18:09.119Z</time>
        <extensions>
          <gpxtpx:TrackPointExtension>
            <gpxtpx:atemp>31</gpxtpx:atemp>
            <gpxtpx:hr>139</gpxtpx:hr>
            <gpxtpx:cad>1</gpxtpx:cad>
          </gpxtpx:TrackPointExtension>
        </extensions>
      </trkpt>
      <trkpt lat="46.48205819539726" lon="13.722969722002745">
        <ele>917</ele>
        <time>2026-07-04T11:18:10.119Z</time>
        <extensions>
          <gpxtpx:TrackPointExtension>
            <gpxtpx:atemp>31</gpxtpx:atemp>
            <gpxtpx:hr>139</gpxtpx:hr>
            <gpxtpx:cad>1</gpxtpx:cad>
          </gpxtpx:TrackPointExtension>
        </extensions>
      </trkpt>
      <trkpt lat="46.48214369080961" lon="13.722947342321277">
        <ele>916.4000244140625</ele>
        <time>2026-07-04T11:18:11.119Z</time>
        <extensions>
          <gpxtpx:TrackPointExtension>
            <gpxtpx:atemp>31</gpxtpx:atemp>
            <gpxtpx:hr>138</gpxtpx:hr>
            <gpxtpx:cad>1</gpxtpx:cad>
          </gpxtpx:TrackPointExtension>
        </extensions>
      </trkpt>
      <trkpt lat="46.48222943767905" lon="13.72291968204081">
        <ele>916</ele>
        <time>2026-07-04T11:18:12.119Z</time>
        <extensions>
          <gpxtpx:TrackPointExtension>
            <gpxtpx:atemp>31</gpxtpx:atemp>
            <gpxtpx:hr>138</gpxtpx:hr>
            <gpxtpx:cad>1</gpxtpx:cad>
          </gpxtpx:TrackPointExtension>
        </extensions>
      </trkpt>
      <trkpt lat="46.482313089072704" lon="13.722886322066188">
        <ele>915.5999755859375</ele>
        <time>2026-07-04T11:18:13.119Z</time>
        <extensions>
          <gpxtpx:TrackPointExtension>
            <gpxtpx:atemp>31</gpxtpx:atemp>
            <gpxtpx:hr>139</gpxtpx:hr>
            <gpxtpx:cad>1</gpxtpx:cad>
          </gpxtpx:TrackPointExtension>
        </extensions>
      </trkpt>
      <trkpt lat="46.482389867305756" lon="13.722851453348994">
        <ele>915.2000122070312</ele>
        <time>2026-07-04T11:18:14.119Z</time>
        <extensions>
          <gpxtpx:TrackPointExtension>
            <gpxtpx:atemp>31</gpxtpx:atemp>
            <gpxtpx:hr>139</gpxtpx:hr>
            <gpxtpx:cad>1</gpxtpx:cad>
          </gpxtpx:TrackPointExtension>
        </extensions>
      </trkpt>
      <trkpt lat="46.4824668969959" lon="13.72281507588923">
        <ele>914.5999755859375</ele>
        <time>2026-07-04T11:18:15.119Z</time>
        <extensions>
          <gpxtpx:TrackPointExtension>
            <gpxtpx:atemp>31</gpxtpx:atemp>
            <gpxtpx:hr>139</gpxtpx:hr>
            <gpxtpx:cad>1</gpxtpx:cad>
          </gpxtpx:TrackPointExtension>
        </extensions>
      </trkpt>
      <trkpt lat="46.482551135122776" lon="13.722785990685225">
        <ele>913.7999877929688</ele>
        <time>2026-07-04T11:18:16.119Z</time>
        <extensions>
          <gpxtpx:TrackPointExtension>
            <gpxtpx:atemp>31</gpxtpx:atemp>
            <gpxtpx:hr>140</gpxtpx:hr>
            <gpxtpx:cad>1</gpxtpx:cad>
          </gpxtpx:TrackPointExtension>
        </extensions>
      </trkpt>
      <trkpt lat="46.48263688199222" lon="13.722764533013105">
        <ele>913.2000122070312</ele>
        <time>2026-07-04T11:18:17.119Z</time>
        <extensions>
          <gpxtpx:TrackPointExtension>
            <gpxtpx:atemp>31</gpxtpx:atemp>
            <gpxtpx:hr>140</gpxtpx:hr>
            <gpxtpx:cad>1</gpxtpx:cad>
          </gpxtpx:TrackPointExtension>
        </extensions>
      </trkpt>
      <trkpt lat="46.48272237740457" lon="13.722751624882221">
        <ele>912.2000122070312</ele>
        <time>2026-07-04T11:18:18.119Z</time>
        <extensions>
          <gpxtpx:TrackPointExtension>
            <gpxtpx:atemp>31</gpxtpx:atemp>
            <gpxtpx:hr>140</gpxtpx:hr>
            <gpxtpx:cad>1</gpxtpx:cad>
          </gpxtpx:TrackPointExtension>
        </extensions>
      </trkpt>
      <trkpt lat="46.482810974121094" lon="13.72275061905384">
        <ele>911.5999755859375</ele>
        <time>2026-07-04T11:18:19.119Z</time>
        <extensions>
          <gpxtpx:TrackPointExtension>
            <gpxtpx:atemp>31</gpxtpx:atemp>
            <gpxtpx:hr>139</gpxtpx:hr>
            <gpxtpx:cad>1</gpxtpx:cad>
          </gpxtpx:TrackPointExtension>
        </extensions>
      </trkpt>
      <trkpt lat="46.48289730772376" lon="13.72275397181511">
        <ele>910.7999877929688</ele>
        <time>2026-07-04T11:18:20.119Z</time>
        <extensions>
          <gpxtpx:TrackPointExtension>
            <gpxtpx:atemp>31</gpxtpx:atemp>
            <gpxtpx:hr>139</gpxtpx:hr>
            <gpxtpx:cad>1</gpxtpx:cad>
          </gpxtpx:TrackPointExtension>
        </extensions>
      </trkpt>
      <trkpt lat="46.48298531770706" lon="13.722756821662188">
        <ele>910.2000122070312</ele>
        <time>2026-07-04T11:18:21.119Z</time>
        <extensions>
          <gpxtpx:TrackPointExtension>
            <gpxtpx:atemp>31</gpxtpx:atemp>
            <gpxtpx:hr>140</gpxtpx:hr>
            <gpxtpx:cad>1</gpxtpx:cad>
          </gpxtpx:TrackPointExtension>
        </extensions>
      </trkpt>
      <trkpt lat="46.483073411509395" lon="13.72276277281344">
        <ele>909.5999755859375</ele>
        <time>2026-07-04T11:18:22.048Z</time>
        <extensions>
          <gpxtpx:TrackPointExtension>
            <gpxtpx:atemp>31</gpxtpx:atemp>
            <gpxtpx:hr>140</gpxtpx:hr>
            <gpxtpx:cad>1</gpxtpx:cad>
          </gpxtpx:TrackPointExtension>
        </extensions>
      </trkpt>
      <trkpt lat="46.483073" lon="13.722762">
        <ele>903.17</ele>
        <time>2026-07-04T11:18:22.055Z</time>
      </trkpt>
      <trkpt lat="46.483329" lon="13.722786">
        <ele>901.25</ele>
        <time>2026-07-04T11:18:24.758Z</time>
      </trkpt>
      <trkpt lat="46.483651" lon="13.722857">
        <ele>899.15</ele>
        <time>2026-07-04T11:18:28.190Z</time>
      </trkpt>
      <trkpt lat="46.483913" lon="13.722902">
        <ele>898</ele>
        <time>2026-07-04T11:18:30.970Z</time>
      </trkpt>
      <trkpt lat="46.484097" lon="13.72297">
        <ele>896.73</ele>
        <time>2026-07-04T11:18:32.971Z</time>
      </trkpt>
      <trkpt lat="46.484515" lon="13.723232">
        <ele>893.19</ele>
        <time>2026-07-04T11:18:37.769Z</time>
      </trkpt>
      <trkpt lat="46.485123" lon="13.723538">
        <ele>887.32</ele>
        <time>2026-07-04T11:18:44.550Z</time>
      </trkpt>
      <trkpt lat="46.48542" lon="13.723752">
        <ele>885.55</ele>
        <time>2026-07-04T11:18:48.044Z</time>
      </trkpt>
      <trkpt lat="46.485614" lon="13.723935">
        <ele>883.95</ele>
        <time>2026-07-04T11:18:50.481Z</time>
      </trkpt>
      <trkpt lat="46.485924" lon="13.72426">
        <ele>881.68</ele>
        <time>2026-07-04T11:18:54.510Z</time>
      </trkpt>
      <trkpt lat="46.486123" lon="13.724382">
        <ele>880.1</ele>
        <time>2026-07-04T11:18:56.786Z</time>
      </trkpt>
      <trkpt lat="46.486174" lon="13.72439">
        <ele>879.99</ele>
        <time>2026-07-04T11:18:57.326Z</time>
      </trkpt>
      <trkpt lat="46.486174" lon="13.72439">
        <ele>879.99</ele>
        <time>2026-07-04T11:18:57.326Z</time>
      </trkpt>
      <trkpt lat="46.486312" lon="13.724411">
        <ele>879.67</ele>
        <time>2026-07-04T11:18:59.031Z</time>
      </trkpt>
      <trkpt lat="46.486445" lon="13.7244">
        <ele>878.8</ele>
        <time>2026-07-04T11:19:00.365Z</time>
      </trkpt>
      <trkpt lat="46.486445" lon="13.7244">
        <ele>878.8</ele>
        <time>2026-07-04T11:19:00.365Z</time>
      </trkpt>
      <trkpt lat="46.48662" lon="13.724379">
        <ele>877.72</ele>
        <time>2026-07-04T11:19:02.453Z</time>
      </trkpt>
      <trkpt lat="46.48662" lon="13.724379">
        <ele>877.72</ele>
        <time>2026-07-04T11:19:02.453Z</time>
      </trkpt>
      <trkpt lat="46.48662" lon="13.724379">
        <ele>877.72</ele>
        <time>2026-07-04T11:19:02.453Z</time>
      </trkpt>
      <trkpt lat="46.486913" lon="13.724339">
        <ele>875.95</ele>
        <time>2026-07-04T11:19:05.718Z</time>
      </trkpt>
      <trkpt lat="46.487279" lon="13.724266">
        <ele>873.93</ele>
        <time>2026-07-04T11:19:09.817Z</time>
      </trkpt>
      <trkpt lat="46.487406" lon="13.724224">
        <ele>873.59</ele>
        <time>2026-07-04T11:19:11.262Z</time>
      </trkpt>
      <trkpt lat="46.488029" lon="13.723905">
        <ele>869.81</ele>
        <time>2026-07-04T11:19:18.591Z</time>
      </trkpt>
      <trkpt lat="46.488264" lon="13.723872">
        <ele>868.54</ele>
        <time>2026-07-04T11:19:21.210Z</time>
      </trkpt>
      <trkpt lat="46.488697" lon="13.723906">
        <ele>866</ele>
        <time>2026-07-04T11:19:26.021Z</time>
      </trkpt>
      <trkpt lat="46.48901" lon="13.723906">
        <ele>864.54</ele>
        <time>2026-07-04T11:19:29.493Z</time>
      </trkpt>
      <trkpt lat="46.489235" lon="13.72389">
        <ele>863.33</ele>
        <time>2026-07-04T11:19:31.992Z</time>
      </trkpt>
      <trkpt lat="46.489442" lon="13.723831">
        <ele>862.57</ele>
        <time>2026-07-04T11:19:34.332Z</time>
      </trkpt>
      <trkpt lat="46.489579" lon="13.723776">
        <ele>861.8</ele>
        <time>2026-07-04T11:19:35.909Z</time>
      </trkpt>
      <trkpt lat="46.490596" lon="13.723095">
        <ele>856.84</ele>
        <time>2026-07-04T11:19:48.334Z</time>
      </trkpt>
      <trkpt lat="46.490842" lon="13.722882">
        <ele>855.77</ele>
        <time>2026-07-04T11:19:51.511Z</time>
      </trkpt>
      <trkpt lat="46.490992" lon="13.722729">
        <ele>854.5</ele>
        <time>2026-07-04T11:19:53.544Z</time>
      </trkpt>
      <trkpt lat="46.49121" lon="13.722463">
        <ele>853.66</ele>
        <time>2026-07-04T11:19:56.702Z</time>
      </trkpt>
      <trkpt lat="46.491324" lon="13.722346">
        <ele>853</ele>
        <time>2026-07-04T11:19:58.250Z</time>
      </trkpt>
      <trkpt lat="46.491414" lon="13.722281">
        <ele>852.89</ele>
        <time>2026-07-04T11:19:59.365Z</time>
      </trkpt>
      <trkpt lat="46.491491" lon="13.722244">
        <ele>852.21</ele>
        <time>2026-07-04T11:20:00.264Z</time>
      </trkpt>
      <trkpt lat="46.491419" lon="13.722079">
        <ele>852.17</ele>
        <time>2026-07-04T11:20:01.756Z</time>
      </trkpt>
      <trkpt lat="46.491419" lon="13.722079">
        <ele>852.17</ele>
        <time>2026-07-04T11:20:01.756Z</time>
      </trkpt>
      <trkpt lat="46.491419" lon="13.722079">
        <ele>852.17</ele>
        <time>2026-07-04T11:20:01.756Z</time>
      </trkpt>
      <trkpt lat="46.491131" lon="13.721423">
        <ele>852</ele>
        <time>2026-07-04T11:20:11.394Z</time>
      </trkpt>
      <trkpt lat="46.490958" lon="13.720884">
        <ele>852</ele>
        <time>2026-07-04T11:20:18.761Z</time>
      </trkpt>
      <trkpt lat="46.490833" lon="13.720346">
        <ele>852.84</ele>
        <time>2026-07-04T11:20:25.795Z</time>
      </trkpt>
      <trkpt lat="46.490766" lon="13.719868">
        <ele>851.97</ele>
        <time>2026-07-04T11:20:31.838Z</time>
      </trkpt>
      <trkpt lat="46.490716" lon="13.719339">
        <ele>851.97</ele>
        <time>2026-07-04T11:20:38.453Z</time>
      </trkpt>
      <trkpt lat="46.490709" lon="13.719008">
        <ele>851.89</ele>
        <time>2026-07-04T11:20:42.555Z</time>
      </trkpt>
      <trkpt lat="46.490721" lon="13.718582">
        <ele>851.79</ele>
        <time>2026-07-04T11:20:47.837Z</time>
      </trkpt>
      <trkpt lat="46.49081" lon="13.717955">
        <ele>852.28</ele>
        <time>2026-07-04T11:20:55.768Z</time>
      </trkpt>
      <trkpt lat="46.490896" lon="13.717517">
        <ele>853.89</ele>
        <time>2026-07-04T11:21:01.410Z</time>
      </trkpt>
      <trkpt lat="46.490948" lon="13.717327">
        <ele>853.45</ele>
        <time>2026-07-04T11:21:03.943Z</time>
      </trkpt>
      <trkpt lat="46.491004" lon="13.717168">
        <ele>852.97</ele>
        <time>2026-07-04T11:21:06.155Z</time>
      </trkpt>
      <trkpt lat="46.49113" lon="13.7169">
        <ele>852.89</ele>
        <time>2026-07-04T11:21:10.175Z</time>
      </trkpt>
      <trkpt lat="46.491291" lon="13.716606">
        <ele>852.97</ele>
        <time>2026-07-04T11:21:14.829Z</time>
      </trkpt>
      <trkpt lat="46.491395" lon="13.716329">
        <ele>853.13</ele>
        <time>2026-07-04T11:21:18.737Z</time>
      </trkpt>
      <trkpt lat="46.491475" lon="13.716043">
        <ele>853.27</ele>
        <time>2026-07-04T11:21:22.561Z</time>
      </trkpt>
      <trkpt lat="46.491579" lon="13.715577">
        <ele>854.78</ele>
        <time>2026-07-04T11:21:28.629Z</time>
      </trkpt>
      <trkpt lat="46.491815" lon="13.714838">
        <ele>852.97</ele>
        <time>2026-07-04T11:21:38.721Z</time>
      </trkpt>
      <trkpt lat="46.492211" lon="13.713736">
        <ele>851</ele>
        <time>2026-07-04T11:21:54.121Z</time>
      </trkpt>
      <trkpt lat="46.49297" lon="13.711619">
        <ele>851.81</ele>
        <time>2026-07-04T11:22:23.690Z</time>
      </trkpt>
      <trkpt lat="46.493133" lon="13.711366">
        <ele>852</ele>
        <time>2026-07-04T11:22:27.982Z</time>
      </trkpt>
      <trkpt lat="46.493647" lon="13.709978">
        <ele>851</ele>
        <time>2026-07-04T11:22:47.506Z</time>
      </trkpt>
      <trkpt lat="46.49376" lon="13.709637">
        <ele>851</ele>
        <time>2026-07-04T11:22:52.194Z</time>
      </trkpt>
      <trkpt lat="46.493867" lon="13.709195">
        <ele>851</ele>
        <time>2026-07-04T11:22:57.998Z</time>
      </trkpt>
      <trkpt lat="46.494341" lon="13.707801">
        <ele>850.95</ele>
        <time>2026-07-04T11:23:17.258Z</time>
      </trkpt>
      <trkpt lat="46.495006" lon="13.705883">
        <ele>850</ele>
        <time>2026-07-04T11:23:43.861Z</time>
      </trkpt>
      <trkpt lat="46.495301" lon="13.705081">
        <ele>851.1</ele>
        <time>2026-07-04T11:23:55.125Z</time>
      </trkpt>
      <trkpt lat="46.495667" lon="13.704057">
        <ele>850.02</ele>
        <time>2026-07-04T11:24:09.418Z</time>
      </trkpt>
      <trkpt lat="46.495763" lon="13.703761">
        <ele>850.2</ele>
        <time>2026-07-04T11:24:13.471Z</time>
      </trkpt>
      <trkpt lat="46.495927" lon="13.703118">
        <ele>850.44</ele>
        <time>2026-07-04T11:24:21.965Z</time>
      </trkpt>
      <trkpt lat="46.495962" lon="13.702868">
        <ele>849.52</ele>
        <time>2026-07-04T11:24:25.125Z</time>
      </trkpt>
      <trkpt lat="46.496052" lon="13.702471">
        <ele>849.83</ele>
        <time>2026-07-04T11:24:30.302Z</time>
      </trkpt>
      <trkpt lat="46.496313" lon="13.700102">
        <ele>847.44</ele>
        <time>2026-07-04T11:25:00.021Z</time>
      </trkpt>
      <trkpt lat="46.496711" lon="13.696425">
        <ele>847.8</ele>
        <time>2026-07-04T11:25:46.130Z</time>
      </trkpt>
      <trkpt lat="46.496734" lon="13.695691">
        <ele>848</ele>
        <time>2026-07-04T11:25:55.231Z</time>
      </trkpt>
      <trkpt lat="46.496715" lon="13.694958">
        <ele>848</ele>
        <time>2026-07-04T11:26:04.317Z</time>
      </trkpt>
      <trkpt lat="46.496472" lon="13.692302">
        <ele>849</ele>
        <time>2026-07-04T11:26:37.507Z</time>
      </trkpt>
      <trkpt lat="46.496488" lon="13.692093">
        <ele>849</ele>
        <time>2026-07-04T11:26:40.111Z</time>
      </trkpt>
      <trkpt lat="46.496494" lon="13.691656">
        <ele>849</ele>
        <time>2026-07-04T11:26:45.525Z</time>
      </trkpt>
      <trkpt lat="46.496452" lon="13.691188">
        <ele>849</ele>
        <time>2026-07-04T11:26:51.371Z</time>
      </trkpt>
      <trkpt lat="46.496421" lon="13.690983">
        <ele>849.01</ele>
        <time>2026-07-04T11:26:53.971Z</time>
      </trkpt>
      <trkpt lat="46.49642" lon="13.690819">
        <ele>849.64</ele>
        <time>2026-07-04T11:26:56.002Z</time>
      </trkpt>
      <trkpt lat="46.496395" lon="13.690627">
        <ele>848.79</ele>
        <time>2026-07-04T11:26:58.422Z</time>
      </trkpt>
      <trkpt lat="46.496324" lon="13.690429">
        <ele>848.71</ele>
        <time>2026-07-04T11:27:01.187Z</time>
      </trkpt>
      <trkpt lat="46.496225" lon="13.689968">
        <ele>850.03</ele>
        <time>2026-07-04T11:27:07.169Z</time>
      </trkpt>
      <trkpt lat="46.496155" lon="13.689812">
        <ele>849.91</ele>
        <time>2026-07-04T11:27:09.475Z</time>
      </trkpt>
      <trkpt lat="46.496093" lon="13.689581">
        <ele>849.9</ele>
        <time>2026-07-04T11:27:12.546Z</time>
      </trkpt>
      <trkpt lat="46.495989" lon="13.68932">
        <ele>849.52</ele>
        <time>2026-07-04T11:27:16.281Z</time>
      </trkpt>
      <trkpt lat="46.495965" lon="13.68914">
        <ele>849.5</ele>
        <time>2026-07-04T11:27:18.552Z</time>
      </trkpt>
      <trkpt lat="46.495943" lon="13.688872">
        <ele>849.69</ele>
        <time>2026-07-04T11:27:21.895Z</time>
      </trkpt>
      <trkpt lat="46.495785" lon="13.687453">
        <ele>850</ele>
        <time>2026-07-04T11:27:39.701Z</time>
      </trkpt>
      <trkpt lat="46.495843" lon="13.686738">
        <ele>847.53</ele>
        <time>2026-07-04T11:27:48.619Z</time>
      </trkpt>
      <trkpt lat="46.495849" lon="13.68639">
        <ele>846.48</ele>
        <time>2026-07-04T11:27:52.931Z</time>
      </trkpt>
      <trkpt lat="46.495756" lon="13.685895">
        <ele>846.27</ele>
        <time>2026-07-04T11:27:59.287Z</time>
      </trkpt>
      <trkpt lat="46.495676" lon="13.685572">
        <ele>847.43</ele>
        <time>2026-07-04T11:28:03.539Z</time>
      </trkpt>
      <trkpt lat="46.495591" lon="13.6852">
        <ele>847.02</ele>
        <time>2026-07-04T11:28:08.394Z</time>
      </trkpt>
      <trkpt lat="46.495454" lon="13.684674">
        <ele>845.87</ele>
        <time>2026-07-04T11:28:15.360Z</time>
      </trkpt>
      <trkpt lat="46.495335" lon="13.684257">
        <ele>846.7</ele>
        <time>2026-07-04T11:28:20.952Z</time>
      </trkpt>
      <trkpt lat="46.495246" lon="13.683982">
        <ele>846.74</ele>
        <time>2026-07-04T11:28:24.716Z</time>
      </trkpt>
      <trkpt lat="46.495139" lon="13.683999">
        <ele>847.38</ele>
        <time>2026-07-04T11:28:26.652Z</time>
      </trkpt>
      <trkpt lat="46.495057" lon="13.683996">
        <ele>847.47</ele>
        <time>2026-07-04T11:28:28.128Z</time>
      </trkpt>
      <trkpt lat="46.494959" lon="13.683923">
        <ele>847.94</ele>
        <time>2026-07-04T11:28:30.109Z</time>
      </trkpt>
      <trkpt lat="46.49484" lon="13.683777">
        <ele>848</ele>
        <time>2026-07-04T11:28:32.911Z</time>
      </trkpt>
      <trkpt lat="46.49455" lon="13.683276">
        <ele>847.18</ele>
        <time>2026-07-04T11:28:41.019Z</time>
      </trkpt>
      <trkpt lat="46.494122" lon="13.682363">
        <ele>846.06</ele>
        <time>2026-07-04T11:28:54.702Z</time>
      </trkpt>
      <trkpt lat="46.494007" lon="13.682174">
        <ele>846.03</ele>
        <time>2026-07-04T11:28:57.826Z</time>
      </trkpt>
      <trkpt lat="46.493923" lon="13.682051">
        <ele>846.04</ele>
        <time>2026-07-04T11:28:59.972Z</time>
      </trkpt>
      <trkpt lat="46.493681" lon="13.681818">
        <ele>845.7</ele>
        <time>2026-07-04T11:29:05.196Z</time>
      </trkpt>
      <trkpt lat="46.493461" lon="13.681677">
        <ele>845.64</ele>
        <time>2026-07-04T11:29:09.523Z</time>
      </trkpt>
      <trkpt lat="46.493293" lon="13.681625">
        <ele>845.97</ele>
        <time>2026-07-04T11:29:12.614Z</time>
      </trkpt>
      <trkpt lat="46.492953" lon="13.681678">
        <ele>845.88</ele>
        <time>2026-07-04T11:29:18.767Z</time>
      </trkpt>
      <trkpt lat="46.492877" lon="13.681699">
        <ele>846.01</ele>
        <time>2026-07-04T11:29:20.159Z</time>
      </trkpt>
      <trkpt lat="46.492782" lon="13.681753">
        <ele>846.58</ele>
        <time>2026-07-04T11:29:21.994Z</time>
      </trkpt>
      <trkpt lat="46.492669" lon="13.681856">
        <ele>847.34</ele>
        <time>2026-07-04T11:29:24.394Z</time>
      </trkpt>
      <trkpt lat="46.492573" lon="13.681983">
        <ele>848.66</ele>
        <time>2026-07-04T11:29:26.730Z</time>
      </trkpt>
      <trkpt lat="46.492503" lon="13.682055">
        <ele>849.06</ele>
        <time>2026-07-04T11:29:28.273Z</time>
      </trkpt>
      <trkpt lat="46.492411" lon="13.682083">
        <ele>849.24</ele>
        <time>2026-07-04T11:29:29.964Z</time>
      </trkpt>
      <trkpt lat="46.492337" lon="13.682051">
        <ele>849.05</ele>
        <time>2026-07-04T11:29:31.353Z</time>
      </trkpt>
      <trkpt lat="46.491759" lon="13.681634">
        <ele>849.63</ele>
        <time>2026-07-04T11:29:42.966Z</time>
      </trkpt>
      <trkpt lat="46.491588" lon="13.681435">
        <ele>848.72</ele>
        <time>2026-07-04T11:29:46.908Z</time>
      </trkpt>
      <trkpt lat="46.491178" lon="13.680806">
        <ele>847.76</ele>
        <time>2026-07-04T11:29:57.639Z</time>
      </trkpt>
      <trkpt lat="46.491024" lon="13.680517">
        <ele>848.23</ele>
        <time>2026-07-04T11:30:02.166Z</time>
      </trkpt>
      <trkpt lat="46.490951" lon="13.680325">
        <ele>847.86</ele>
        <time>2026-07-04T11:30:04.883Z</time>
      </trkpt>
      <trkpt lat="46.490864" lon="13.679992">
        <ele>848.19</ele>
        <time>2026-07-04T11:30:09.295Z</time>
      </trkpt>
      <trkpt lat="46.490829" lon="13.67982">
        <ele>847.95</ele>
        <time>2026-07-04T11:30:11.517Z</time>
      </trkpt>
      <trkpt lat="46.490745" lon="13.679147">
        <ele>848.58</ele>
        <time>2026-07-04T11:30:19.990Z</time>
      </trkpt>
      <trkpt lat="46.490727" lon="13.678938">
        <ele>848.48</ele>
        <time>2026-07-04T11:30:22.599Z</time>
      </trkpt>
      <trkpt lat="46.490722" lon="13.678741">
        <ele>848.41</ele>
        <time>2026-07-04T11:30:25.041Z</time>
      </trkpt>
      <trkpt lat="46.490727" lon="13.678594">
        <ele>847.73</ele>
        <time>2026-07-04T11:30:26.864Z</time>
      </trkpt>
      <trkpt lat="46.490665" lon="13.677929">
        <ele>848.53</ele>
        <time>2026-07-04T11:30:35.177Z</time>
      </trkpt>
      <trkpt lat="46.490644" lon="13.67738">
        <ele>849.44</ele>
        <time>2026-07-04T11:30:41.989Z</time>
      </trkpt>
      <trkpt lat="46.490584" lon="13.676956">
        <ele>851.49</ele>
        <time>2026-07-04T11:30:47.351Z</time>
      </trkpt>
      <trkpt lat="46.490566" lon="13.676578">
        <ele>853.3</ele>
        <time>2026-07-04T11:30:52.045Z</time>
      </trkpt>
      <trkpt lat="46.490567" lon="13.6764">
        <ele>854.13</ele>
        <time>2026-07-04T11:30:54.250Z</time>
      </trkpt>
      <trkpt lat="46.490671" lon="13.676127">
        <ele>855.01</ele>
        <time>2026-07-04T11:30:58.115Z</time>
      </trkpt>
      <trkpt lat="46.490743" lon="13.675826">
        <ele>856.94</ele>
        <time>2026-07-04T11:31:02.062Z</time>
      </trkpt>
      <trkpt lat="46.490764" lon="13.675474">
        <ele>856.02</ele>
        <time>2026-07-04T11:31:06.439Z</time>
      </trkpt>
      <trkpt lat="46.490755" lon="13.675438">
        <ele>855.89</ele>
        <time>2026-07-04T11:31:06.913Z</time>
      </trkpt>
      <trkpt lat="46.490716" lon="13.675268">
        <ele>855.27</ele>
        <time>2026-07-04T11:31:09.132Z</time>
      </trkpt>
      <trkpt lat="46.490622" lon="13.675094">
        <ele>855.6</ele>
        <time>2026-07-04T11:31:11.872Z</time>
      </trkpt>
      <trkpt lat="46.490378" lon="13.674848">
        <ele>855.83</ele>
        <time>2026-07-04T11:31:17.216Z</time>
      </trkpt>
      <trkpt lat="46.490282" lon="13.674761">
        <ele>857.02</ele>
        <time>2026-07-04T11:31:19.252Z</time>
      </trkpt>
      <trkpt lat="46.490282" lon="13.674761">
        <ele>857.03</ele>
        <time>2026-07-04T11:31:19.252Z</time>
      </trkpt>
      <trkpt lat="46.490282" lon="13.674761">
        <ele>857.02</ele>
        <time>2026-07-04T11:31:19.252Z</time>
      </trkpt>
      <trkpt lat="46.490153" lon="13.674627">
        <ele>858.06</ele>
        <time>2026-07-04T11:31:24.771Z</time>
      </trkpt>
      <trkpt lat="46.490055" lon="13.674462">
        <ele>858.41</ele>
        <time>2026-07-04T11:31:29.992Z</time>
      </trkpt>
      <trkpt lat="46.489959" lon="13.67399">
        <ele>858.22</ele>
        <time>2026-07-04T11:31:41.785Z</time>
      </trkpt>
      <trkpt lat="46.489897" lon="13.673809">
        <ele>857.66</ele>
        <time>2026-07-04T11:31:46.629Z</time>
      </trkpt>
      <trkpt lat="46.489801" lon="13.673624">
        <ele>857.64</ele>
        <time>2026-07-04T11:31:52.180Z</time>
      </trkpt>
      <trkpt lat="46.48975" lon="13.673559">
        <ele>857.35</ele>
        <time>2026-07-04T11:31:54.541Z</time>
      </trkpt>
      <trkpt lat="46.489689" lon="13.673516">
        <ele>857.07</ele>
        <time>2026-07-04T11:31:56.900Z</time>
      </trkpt>
      <trkpt lat="46.489618" lon="13.673494">
        <ele>857</ele>
        <time>2026-07-04T11:31:59.426Z</time>
      </trkpt>
      <trkpt lat="46.489508" lon="13.673476">
        <ele>857.64</ele>
        <time>2026-07-04T11:32:03.278Z</time>
      </trkpt>
      <trkpt lat="46.489479" lon="13.673451">
        <ele>857.68</ele>
        <time>2026-07-04T11:32:04.451Z</time>
      </trkpt>
      <trkpt lat="46.489466" lon="13.67339">
        <ele>857.65</ele>
        <time>2026-07-04T11:32:05.981Z</time>
      </trkpt>
      <trkpt lat="46.489478" lon="13.673273">
        <ele>857.84</ele>
        <time>2026-07-04T11:32:08.815Z</time>
      </trkpt>
      <trkpt lat="46.489483" lon="13.673218">
        <ele>857.77</ele>
        <time>2026-07-04T11:32:10.144Z</time>
      </trkpt>
      <trkpt lat="46.489281" lon="13.673142">
        <ele>858.99</ele>
        <time>2026-07-04T11:32:17.406Z</time>
      </trkpt>
      <trkpt lat="46.489229" lon="13.673112">
        <ele>859.03</ele>
        <time>2026-07-04T11:32:19.353Z</time>
      </trkpt>
      <trkpt lat="46.488615" lon="13.672542">
        <ele>864.23</ele>
        <time>2026-07-04T11:32:44.714Z</time>
      </trkpt>
      <trkpt lat="46.488431" lon="13.672417">
        <ele>865.08</ele>
        <time>2026-07-04T11:32:51.783Z</time>
      </trkpt>
      <trkpt lat="46.488395" lon="13.672402">
        <ele>865.55</ele>
        <time>2026-07-04T11:32:53.086Z</time>
      </trkpt>
      <trkpt lat="46.488353" lon="13.6724">
        <ele>865.92</ele>
        <time>2026-07-04T11:32:54.548Z</time>
      </trkpt>
      <trkpt lat="46.488266" lon="13.672427">
        <ele>866.43</ele>
        <time>2026-07-04T11:32:57.644Z</time>
      </trkpt>
      <trkpt lat="46.488266" lon="13.672427">
        <ele>866.43</ele>
        <time>2026-07-04T11:32:57.644Z</time>
      </trkpt>
      <trkpt lat="46.488266" lon="13.672427">
        <ele>866.43</ele>
        <time>2026-07-04T11:32:57.991Z</time>
      </trkpt>
      <trkpt lat="46.488096" lon="13.672506">
        <ele>866.97</ele>
        <time>2026-07-04T11:33:06.554Z</time>
      </trkpt>
      <trkpt lat="46.487969" lon="13.672612">
        <ele>867.37</ele>
        <time>2026-07-04T11:33:13.581Z</time>
      </trkpt>
      <trkpt lat="46.487723" lon="13.672697">
        <ele>869.7</ele>
        <time>2026-07-04T11:33:25.712Z</time>
      </trkpt>
      <trkpt lat="46.487631" lon="13.67274">
        <ele>869.99</ele>
        <time>2026-07-04T11:33:30.348Z</time>
      </trkpt>
      <trkpt lat="46.487504" lon="13.672852">
        <ele>871.16</ele>
        <time>2026-07-04T11:33:37.476Z</time>
      </trkpt>
      <trkpt lat="46.487302" lon="13.672964">
        <ele>872.45</ele>
        <time>2026-07-04T11:33:49.175Z</time>
      </trkpt>
      <trkpt lat="46.487302" lon="13.672964">
        <ele>872.45</ele>
        <time>2026-07-04T11:33:49.175Z</time>
      </trkpt>
      <trkpt lat="46.487161" lon="13.673043">
        <ele>873.36</ele>
        <time>2026-07-04T11:33:57.352Z</time>
      </trkpt>
      <trkpt lat="46.486628" lon="13.673566">
        <ele>878.88</ele>
        <time>2026-07-04T11:34:32.156Z</time>
      </trkpt>
      <trkpt lat="46.48652" lon="13.67366">
        <ele>881.4</ele>
        <time>2026-07-04T11:34:38.968Z</time>
      </trkpt>
      <trkpt lat="46.486429" lon="13.673695">
        <ele>882.22</ele>
        <time>2026-07-04T11:34:44.061Z</time>
      </trkpt>
      <trkpt lat="46.486198" lon="13.67374">
        <ele>882.4</ele>
        <time>2026-07-04T11:34:56.671Z</time>
      </trkpt>
      <trkpt lat="46.486057" lon="13.673786">
        <ele>883.18</ele>
        <time>2026-07-04T11:35:04.490Z</time>
      </trkpt>
      <trkpt lat="46.48599" lon="13.673825">
        <ele>885.1</ele>
        <time>2026-07-04T11:35:08.395Z</time>
      </trkpt>
      <trkpt lat="46.485663" lon="13.674038">
        <ele>889.66</ele>
        <time>2026-07-04T11:35:27.786Z</time>
      </trkpt>
      <trkpt lat="46.48552" lon="13.674142">
        <ele>891.5</ele>
        <time>2026-07-04T11:35:36.439Z</time>
      </trkpt>
      <trkpt lat="46.48550567217171" lon="13.674102136865258">
        <ele>896.4000244140625</ele>
        <time>2026-07-04T11:35:37.348Z</time>
        <extensions>
          <gpxtpx:TrackPointExtension>
            <gpxtpx:atemp>30</gpxtpx:atemp>
            <gpxtpx:hr>179</gpxtpx:hr>
            <gpxtpx:cad>73</gpxtpx:cad>
          </gpxtpx:TrackPointExtension>
        </extensions>
      </trkpt>
      <trkpt lat="46.48552" lon="13.674142">
        <ele>891.5</ele>
        <time>2026-07-04T11:35:38.257Z</time>
      </trkpt>
      <trkpt lat="46.485468" lon="13.674164">
        <ele>892.26</ele>
        <time>2026-07-04T11:35:39.848Z</time>
      </trkpt>
      <trkpt lat="46.484912" lon="13.67426">
        <ele>897.23</ele>
        <time>2026-07-04T11:35:56.295Z</time>
      </trkpt>
      <trkpt lat="46.484478" lon="13.674245">
        <ele>900.18</ele>
        <time>2026-07-04T11:36:27.921Z</time>
      </trkpt>
      <trkpt lat="46.484478" lon="13.674245">
        <ele>900.18</ele>
        <time>2026-07-04T11:36:27.921Z</time>
      </trkpt>
      <trkpt lat="46.484336" lon="13.67426">
        <ele>901.81</ele>
        <time>2026-07-04T11:36:38.293Z</time>
      </trkpt>
      <trkpt lat="46.484254" lon="13.674291">
        <ele>902.19</ele>
        <time>2026-07-04T11:36:44.465Z</time>
      </trkpt>
      <trkpt lat="46.484146" lon="13.674381">
        <ele>904.06</ele>
        <time>2026-07-04T11:36:53.536Z</time>
      </trkpt>
      <trkpt lat="46.48392" lon="13.674657">
        <ele>908.41</ele>
        <time>2026-07-04T11:37:15.047Z</time>
      </trkpt>
      <trkpt lat="46.483862" lon="13.674704">
        <ele>909.63</ele>
        <time>2026-07-04T11:37:19.885Z</time>
      </trkpt>
      <trkpt lat="46.483511" lon="13.674845">
        <ele>912.41</ele>
        <time>2026-07-04T11:37:46.415Z</time>
      </trkpt>
      <trkpt lat="46.483416" lon="13.674858">
        <ele>913.34</ele>
        <time>2026-07-04T11:37:57.030Z</time>
      </trkpt>
      <trkpt lat="46.483416" lon="13.674858">
        <ele>913.34</ele>
        <time>2026-07-04T11:37:57.030Z</time>
      </trkpt>
      <trkpt lat="46.483177" lon="13.674863">
        <ele>915.77</ele>
        <time>2026-07-04T11:38:23.621Z</time>
      </trkpt>
      <trkpt lat="46.482994" lon="13.674898">
        <ele>917.97</ele>
        <time>2026-07-04T11:38:44.155Z</time>
      </trkpt>
      <trkpt lat="46.482693" lon="13.675043">
        <ele>921.92</ele>
        <time>2026-07-04T11:39:19.434Z</time>
      </trkpt>
      <trkpt lat="46.482578" lon="13.675075">
        <ele>923.58</ele>
        <time>2026-07-04T11:39:32.460Z</time>
      </trkpt>
      <trkpt lat="46.482457" lon="13.675066">
        <ele>925.96</ele>
        <time>2026-07-04T11:39:45.938Z</time>
      </trkpt>
      <trkpt lat="46.482408" lon="13.674999">
        <ele>925.21</ele>
        <time>2026-07-04T11:39:53.425Z</time>
      </trkpt>
      <trkpt lat="46.482301" lon="13.674931">
        <ele>927.59</ele>
        <time>2026-07-04T11:40:06.418Z</time>
      </trkpt>
      <trkpt lat="46.482252" lon="13.674595">
        <ele>927.02</ele>
        <time>2026-07-04T11:40:32.727Z</time>
      </trkpt>
      <trkpt lat="46.482252" lon="13.674595">
        <ele>927.02</ele>
        <time>2026-07-04T11:40:32.727Z</time>
      </trkpt>
      <trkpt lat="46.482242" lon="13.674567">
        <ele>927.03</ele>
        <time>2026-07-04T11:42:17.870Z</time>
      </trkpt>
      <trkpt lat="46.482145" lon="13.674417">
        <ele>927.32</ele>
        <time>2026-07-04T11:42:35.328Z</time>
      </trkpt>
      <trkpt lat="46.482108" lon="13.674324">
        <ele>927.32</ele>
        <time>2026-07-04T11:42:44.440Z</time>
      </trkpt>
      <trkpt lat="46.482091" lon="13.674241">
        <ele>927.24</ele>
        <time>2026-07-04T11:42:51.786Z</time>
      </trkpt>
      <trkpt lat="46.482089" lon="13.674151">
        <ele>927.56</ele>
        <time>2026-07-04T11:42:59.425Z</time>
      </trkpt>
      <trkpt lat="46.482114" lon="13.673805">
        <ele>927.13</ele>
        <time>2026-07-04T11:43:28.940Z</time>
      </trkpt>
      <trkpt lat="46.482178" lon="13.673642">
        <ele>927.36</ele>
        <time>2026-07-04T11:43:44.859Z</time>
      </trkpt>
      <trkpt lat="46.482178" lon="13.673642">
        <ele>927.36</ele>
        <time>2026-07-04T11:43:44.859Z</time>
      </trkpt>
      <trkpt lat="46.482124" lon="13.673777">
        <ele>927.17</ele>
        <time>2026-07-04T11:43:56.979Z</time>
      </trkpt>
      <trkpt lat="46.482111" lon="13.673844">
        <ele>927.17</ele>
        <time>2026-07-04T11:44:02.382Z</time>
      </trkpt>
      <trkpt lat="46.48211561143398" lon="13.673844896256924">
        <ele>940.2000122070312</ele>
        <time>2026-07-04T11:44:02.906Z</time>
        <extensions>
          <gpxtpx:TrackPointExtension>
            <gpxtpx:atemp>32</gpxtpx:atemp>
            <gpxtpx:hr>152</gpxtpx:hr>
          </gpxtpx:TrackPointExtension>
        </extensions>
      </trkpt>
      <trkpt lat="46.482111" lon="13.673844">
        <ele>927.17</ele>
        <time>2026-07-04T11:45:08.274Z</time>
      </trkpt>
      <trkpt lat="46.482089" lon="13.674151">
        <ele>927.56</ele>
        <time>2026-07-04T11:45:30.842Z</time>
      </trkpt>
      <trkpt lat="46.482096" lon="13.674267">
        <ele>927.27</ele>
        <time>2026-07-04T11:45:39.356Z</time>
      </trkpt>
      <trkpt lat="46.482108" lon="13.674324">
        <ele>927.32</ele>
        <time>2026-07-04T11:45:43.714Z</time>
      </trkpt>
      <trkpt lat="46.482145" lon="13.674417">
        <ele>927.32</ele>
        <time>2026-07-04T11:45:51.567Z</time>
      </trkpt>
      <trkpt lat="46.482242" lon="13.674567">
        <ele>927.03</ele>
        <time>2026-07-04T11:46:06.612Z</time>
      </trkpt>
      <trkpt lat="46.482258" lon="13.674614">
        <ele>927.02</ele>
        <time>2026-07-04T11:46:10.445Z</time>
      </trkpt>
      <trkpt lat="46.482282" lon="13.674792">
        <ele>926.81</ele>
        <time>2026-07-04T11:46:23.706Z</time>
      </trkpt>
      <trkpt lat="46.482282" lon="13.674792">
        <ele>926.81</ele>
        <time>2026-07-04T11:46:23.706Z</time>
      </trkpt>
      <trkpt lat="46.482282" lon="13.674792">
        <ele>926.81</ele>
        <time>2026-07-04T11:46:23.706Z</time>
      </trkpt>
      <trkpt lat="46.482301" lon="13.674929">
        <ele>927.57</ele>
        <time>2026-07-04T11:46:31.786Z</time>
      </trkpt>
      <trkpt lat="46.482301" lon="13.674929">
        <ele>927.57</ele>
        <time>2026-07-04T11:46:31.786Z</time>
      </trkpt>
      <trkpt lat="46.482301" lon="13.674931">
        <ele>927.59</ele>
        <time>2026-07-04T11:46:31.901Z</time>
      </trkpt>
      <trkpt lat="46.482408" lon="13.674999">
        <ele>925.21</ele>
        <time>2026-07-04T11:46:40.391Z</time>
      </trkpt>
      <trkpt lat="46.482408" lon="13.674999">
        <ele>925.21</ele>
        <time>2026-07-04T11:46:40.391Z</time>
      </trkpt>
      <trkpt lat="46.482457" lon="13.675066">
        <ele>925.96</ele>
        <time>2026-07-04T11:46:45.283Z</time>
      </trkpt>
      <trkpt lat="46.482516" lon="13.67507">
        <ele>924.8</ele>
        <time>2026-07-04T11:46:49.576Z</time>
      </trkpt>
      <trkpt lat="46.482516" lon="13.67507">
        <ele>924.81</ele>
        <time>2026-07-04T11:46:49.576Z</time>
      </trkpt>
      <trkpt lat="46.482578" lon="13.675075">
        <ele>923.58</ele>
        <time>2026-07-04T11:46:53.162Z</time>
      </trkpt>
      <trkpt lat="46.482693" lon="13.675043">
        <ele>921.92</ele>
        <time>2026-07-04T11:46:54.576Z</time>
      </trkpt>
      <trkpt lat="46.482994" lon="13.674898">
        <ele>917.97</ele>
        <time>2026-07-04T11:46:58.407Z</time>
      </trkpt>
      <trkpt lat="46.483177" lon="13.674863">
        <ele>915.77</ele>
        <time>2026-07-04T11:47:00.637Z</time>
      </trkpt>
      <trkpt lat="46.483427" lon="13.674858">
        <ele>913.22</ele>
        <time>2026-07-04T11:47:03.657Z</time>
      </trkpt>
      <trkpt lat="46.483511" lon="13.674845">
        <ele>912.41</ele>
        <time>2026-07-04T11:47:04.677Z</time>
      </trkpt>
      <trkpt lat="46.483862" lon="13.674704">
        <ele>909.63</ele>
        <time>2026-07-04T11:47:09.077Z</time>
      </trkpt>
      <trkpt lat="46.48392" lon="13.674657">
        <ele>908.41</ele>
        <time>2026-07-04T11:47:09.879Z</time>
      </trkpt>
      <trkpt lat="46.484146" lon="13.674381">
        <ele>904.06</ele>
        <time>2026-07-04T11:47:13.446Z</time>
      </trkpt>
      <trkpt lat="46.48419" lon="13.67434">
        <ele>902.69</ele>
        <time>2026-07-04T11:47:14.077Z</time>
      </trkpt>
      <trkpt lat="46.484254" lon="13.674291">
        <ele>902.19</ele>
        <time>2026-07-04T11:47:14.951Z</time>
      </trkpt>
      <trkpt lat="46.484336" lon="13.67426">
        <ele>901.81</ele>
        <time>2026-07-04T11:47:15.974Z</time>
      </trkpt>
      <trkpt lat="46.484474" lon="13.674245">
        <ele>900.21</ele>
        <time>2026-07-04T11:47:17.645Z</time>
      </trkpt>
      <trkpt lat="46.484912" lon="13.67426">
        <ele>897.23</ele>
        <time>2026-07-04T11:47:22.938Z</time>
      </trkpt>
      <trkpt lat="46.485468" lon="13.674164">
        <ele>892.26</ele>
        <time>2026-07-04T11:47:29.702Z</time>
      </trkpt>
      <trkpt lat="46.485515" lon="13.674146">
        <ele>891.56</ele>
        <time>2026-07-04T11:47:30.289Z</time>
      </trkpt>
      <trkpt lat="46.485663" lon="13.674038">
        <ele>889.66</ele>
        <time>2026-07-04T11:47:32.290Z</time>
      </trkpt>
      <trkpt lat="46.48599" lon="13.673825">
        <ele>885.1</ele>
        <time>2026-07-04T11:47:36.619Z</time>
      </trkpt>
      <trkpt lat="46.486057" lon="13.673786">
        <ele>883.18</ele>
        <time>2026-07-04T11:47:37.491Z</time>
      </trkpt>
      <trkpt lat="46.486198" lon="13.67374">
        <ele>882.4</ele>
        <time>2026-07-04T11:47:39.237Z</time>
      </trkpt>
      <trkpt lat="46.486451" lon="13.673691">
        <ele>882.2</ele>
        <time>2026-07-04T11:47:42.320Z</time>
      </trkpt>
      <trkpt lat="46.48652" lon="13.67366">
        <ele>881.4</ele>
        <time>2026-07-04T11:47:43.192Z</time>
      </trkpt>
      <trkpt lat="46.486628" lon="13.673566">
        <ele>878.88</ele>
        <time>2026-07-04T11:47:44.713Z</time>
      </trkpt>
      <trkpt lat="46.487161" lon="13.673043">
        <ele>873.36</ele>
        <time>2026-07-04T11:47:52.484Z</time>
      </trkpt>
      <trkpt lat="46.487504" lon="13.672852">
        <ele>871.16</ele>
        <time>2026-07-04T11:47:56.922Z</time>
      </trkpt>
      <trkpt lat="46.487631" lon="13.67274">
        <ele>869.99</ele>
        <time>2026-07-04T11:47:58.717Z</time>
      </trkpt>
      <trkpt lat="46.487723" lon="13.672697">
        <ele>869.7</ele>
        <time>2026-07-04T11:47:59.884Z</time>
      </trkpt>
      <trkpt lat="46.487969" lon="13.672612">
        <ele>867.37</ele>
        <time>2026-07-04T11:48:02.939Z</time>
      </trkpt>
      <trkpt lat="46.488034" lon="13.672558">
        <ele>867.17</ele>
        <time>2026-07-04T11:48:03.843Z</time>
      </trkpt>
      <trkpt lat="46.488034" lon="13.672558">
        <ele>867.17</ele>
        <time>2026-07-04T11:48:03.843Z</time>
      </trkpt>
      <trkpt lat="46.488034" lon="13.672558">
        <ele>867.17</ele>
        <time>2026-07-04T11:48:03.843Z</time>
      </trkpt>
      <trkpt lat="46.488096" lon="13.672506">
        <ele>866.97</ele>
        <time>2026-07-04T11:48:04.730Z</time>
      </trkpt>
      <trkpt lat="46.488266" lon="13.672427">
        <ele>866.43</ele>
        <time>2026-07-04T11:48:06.943Z</time>
      </trkpt>
      <trkpt lat="46.488353" lon="13.6724">
        <ele>865.92</ele>
        <time>2026-07-04T11:48:08.046Z</time>
      </trkpt>
      <trkpt lat="46.488395" lon="13.672402">
        <ele>865.55</ele>
        <time>2026-07-04T11:48:08.567Z</time>
      </trkpt>
      <trkpt lat="46.488431" lon="13.672417">
        <ele>865.08</ele>
        <time>2026-07-04T11:48:09.031Z</time>
      </trkpt>
      <trkpt lat="46.488615" lon="13.672542">
        <ele>864.23</ele>
        <time>2026-07-04T11:48:11.550Z</time>
      </trkpt>
      <trkpt lat="46.489229" lon="13.673112">
        <ele>859.03</ele>
        <time>2026-07-04T11:48:20.587Z</time>
      </trkpt>
      <trkpt lat="46.489281" lon="13.673142">
        <ele>858.99</ele>
        <time>2026-07-04T11:48:21.280Z</time>
      </trkpt>
      <trkpt lat="46.489483" lon="13.673218">
        <ele>857.77</ele>
        <time>2026-07-04T11:48:23.867Z</time>
      </trkpt>
      <trkpt lat="46.489724" lon="13.673269">
        <ele>857.02</ele>
        <time>2026-07-04T11:48:26.887Z</time>
      </trkpt>
      <trkpt lat="46.489936" lon="13.673283">
        <ele>856.31</ele>
        <time>2026-07-04T11:48:29.518Z</time>
      </trkpt>
      <trkpt lat="46.490008" lon="13.673267">
        <ele>856.04</ele>
        <time>2026-07-04T11:48:30.421Z</time>
      </trkpt>
      <trkpt lat="46.490045" lon="13.673249">
        <ele>856.2</ele>
        <time>2026-07-04T11:48:30.883Z</time>
      </trkpt>
      <trkpt lat="46.490045" lon="13.673249">
        <ele>856.2</ele>
        <time>2026-07-04T11:48:30.883Z</time>
      </trkpt>
      <trkpt lat="46.49013" lon="13.673186">
        <ele>856.27</ele>
        <time>2026-07-04T11:48:32.015Z</time>
      </trkpt>
      <trkpt lat="46.490193" lon="13.673107">
        <ele>856.13</ele>
        <time>2026-07-04T11:48:33.189Z</time>
      </trkpt>
      <trkpt lat="46.490193" lon="13.673107">
        <ele>856.13</ele>
        <time>2026-07-04T11:48:33.189Z</time>
      </trkpt>
      <trkpt lat="46.49029" lon="13.672962">
        <ele>855.77</ele>
        <time>2026-07-04T11:48:35.153Z</time>
      </trkpt>
      <trkpt lat="46.490548" lon="13.672717">
        <ele>854.52</ele>
        <time>2026-07-04T11:48:39.503Z</time>
      </trkpt>
      <trkpt lat="46.490623" lon="13.67263">
        <ele>854.06</ele>
        <time>2026-07-04T11:48:40.857Z</time>
      </trkpt>
      <trkpt lat="46.490768" lon="13.672431">
        <ele>852.73</ele>
        <time>2026-07-04T11:48:43.672Z</time>
      </trkpt>
      <trkpt lat="46.490924" lon="13.672173">
        <ele>850.69</ele>
        <time>2026-07-04T11:48:47.008Z</time>
      </trkpt>
      <trkpt lat="46.490995" lon="13.672078">
        <ele>850.03</ele>
        <time>2026-07-04T11:48:48.370Z</time>
      </trkpt>
      <trkpt lat="46.491189" lon="13.671874">
        <ele>850</ele>
        <time>2026-07-04T11:48:51.750Z</time>
      </trkpt>
      <trkpt lat="46.491341" lon="13.671758">
        <ele>850</ele>
        <time>2026-07-04T11:48:54.173Z</time>
      </trkpt>
      <trkpt lat="46.491801" lon="13.671513">
        <ele>851.43</ele>
        <time>2026-07-04T11:49:01.087Z</time>
      </trkpt>
      <trkpt lat="46.491877" lon="13.67149">
        <ele>851.7</ele>
        <time>2026-07-04T11:49:02.182Z</time>
      </trkpt>
      <trkpt lat="46.492056" lon="13.671475">
        <ele>851.44</ele>
        <time>2026-07-04T11:49:04.712Z</time>
      </trkpt>
      <trkpt lat="46.492218" lon="13.671475">
        <ele>851.44</ele>
        <time>2026-07-04T11:49:06.998Z</time>
      </trkpt>
      <trkpt lat="46.492273" lon="13.671462">
        <ele>851.2</ele>
        <time>2026-07-04T11:49:07.784Z</time>
      </trkpt>
      <trkpt lat="46.492365" lon="13.671413">
        <ele>850.8</ele>
        <time>2026-07-04T11:49:09.166Z</time>
      </trkpt>
      <trkpt lat="46.492415" lon="13.671334">
        <ele>850.99</ele>
        <time>2026-07-04T11:49:10.208Z</time>
      </trkpt>
      <trkpt lat="46.492445" lon="13.671246">
        <ele>850.58</ele>
        <time>2026-07-04T11:49:11.162Z</time>
      </trkpt>
      <trkpt lat="46.49245" lon="13.671146">
        <ele>849.67</ele>
        <time>2026-07-04T11:49:12.136Z</time>
      </trkpt>
      <trkpt lat="46.492438" lon="13.671055">
        <ele>848.82</ele>
        <time>2026-07-04T11:49:13.036Z</time>
      </trkpt>
      <trkpt lat="46.4924" lon="13.670962">
        <ele>848.37</ele>
        <time>2026-07-04T11:49:14.086Z</time>
      </trkpt>
      <trkpt lat="46.492357" lon="13.670898">
        <ele>848.37</ele>
        <time>2026-07-04T11:49:14.954Z</time>
      </trkpt>
      <trkpt lat="46.492253" lon="13.670792">
        <ele>847.56</ele>
        <time>2026-07-04T11:49:16.747Z</time>
      </trkpt>
      <trkpt lat="46.4922" lon="13.670717">
        <ele>847.06</ele>
        <time>2026-07-04T11:49:17.791Z</time>
      </trkpt>
      <trkpt lat="46.492161" lon="13.670617">
        <ele>845.81</ele>
        <time>2026-07-04T11:49:18.907Z</time>
      </trkpt>
      <trkpt lat="46.492141" lon="13.670511">
        <ele>844.32</ele>
        <time>2026-07-04T11:49:19.974Z</time>
      </trkpt>
      <trkpt lat="46.492129" lon="13.670251">
        <ele>842.87</ele>
        <time>2026-07-04T11:49:22.505Z</time>
      </trkpt>
      <trkpt lat="46.492153" lon="13.669765">
        <ele>839.28</ele>
        <time>2026-07-04T11:49:27.239Z</time>
      </trkpt>
      <trkpt lat="46.492197" lon="13.669398">
        <ele>834.77</ele>
        <time>2026-07-04T11:49:30.858Z</time>
      </trkpt>
      <trkpt lat="46.492228" lon="13.669194">
        <ele>831.06</ele>
        <time>2026-07-04T11:49:32.887Z</time>
      </trkpt>
      <trkpt lat="46.492259" lon="13.669046">
        <ele>828.94</ele>
        <time>2026-07-04T11:49:34.390Z</time>
      </trkpt>
      <trkpt lat="46.492289" lon="13.668967">
        <ele>828.1</ele>
        <time>2026-07-04T11:49:35.266Z</time>
      </trkpt>
      <trkpt lat="46.492355" lon="13.668856">
        <ele>826.99</ele>
        <time>2026-07-04T11:49:36.691Z</time>
      </trkpt>
      <trkpt lat="46.492423" lon="13.66879">
        <ele>827.11</ele>
        <time>2026-07-04T11:49:37.845Z</time>
      </trkpt>
      <trkpt lat="46.492492" lon="13.668747">
        <ele>827.26</ele>
        <time>2026-07-04T11:49:38.904Z</time>
      </trkpt>
      <trkpt lat="46.492628" lon="13.668697">
        <ele>825.68</ele>
        <time>2026-07-04T11:49:40.883Z</time>
      </trkpt>
      <trkpt lat="46.492696" lon="13.668696">
        <ele>824.77</ele>
        <time>2026-07-04T11:49:41.842Z</time>
      </trkpt>
      <trkpt lat="46.492892" lon="13.66872">
        <ele>824.16</ele>
        <time>2026-07-04T11:49:44.618Z</time>
      </trkpt>
      <trkpt lat="46.492965" lon="13.668707">
        <ele>823.29</ele>
        <time>2026-07-04T11:49:45.656Z</time>
      </trkpt>
      <trkpt lat="46.493018" lon="13.668679">
        <ele>822.9</ele>
        <time>2026-07-04T11:49:46.451Z</time>
      </trkpt>
      <trkpt lat="46.493123" lon="13.668549">
        <ele>822</ele>
        <time>2026-07-04T11:49:48.398Z</time>
      </trkpt>
      <trkpt lat="46.493293" lon="13.668264">
        <ele>818.97</ele>
        <time>2026-07-04T11:49:52.062Z</time>
      </trkpt>
      <trkpt lat="46.493359" lon="13.66821">
        <ele>818.09</ele>
        <time>2026-07-04T11:49:53.131Z</time>
      </trkpt>
      <trkpt lat="46.493583" lon="13.668103">
        <ele>815.65</ele>
        <time>2026-07-04T11:49:56.459Z</time>
      </trkpt>
      <trkpt lat="46.493666" lon="13.668047">
        <ele>814.92</ele>
        <time>2026-07-04T11:49:57.750Z</time>
      </trkpt>
      <trkpt lat="46.493726" lon="13.667971">
        <ele>814.41</ele>
        <time>2026-07-04T11:49:58.873Z</time>
      </trkpt>
      <trkpt lat="46.493779" lon="13.667885">
        <ele>813.99</ele>
        <time>2026-07-04T11:49:59.994Z</time>
      </trkpt>
      <trkpt lat="46.493838" lon="13.667738">
        <ele>813.21</ele>
        <time>2026-07-04T11:50:01.647Z</time>
      </trkpt>
      <trkpt lat="46.493951" lon="13.667414">
        <ele>810</ele>
        <time>2026-07-04T11:50:05.176Z</time>
      </trkpt>
      <trkpt lat="46.494046" lon="13.667036">
        <ele>808.74</ele>
        <time>2026-07-04T11:50:09.085Z</time>
      </trkpt>
      <trkpt lat="46.494094" lon="13.666794">
        <ele>807.42</ele>
        <time>2026-07-04T11:50:11.531Z</time>
      </trkpt>
      <trkpt lat="46.494144" lon="13.66645">
        <ele>807.76</ele>
        <time>2026-07-04T11:50:14.947Z</time>
      </trkpt>
      <trkpt lat="46.494181" lon="13.666118">
        <ele>808.04</ele>
        <time>2026-07-04T11:50:18.214Z</time>
      </trkpt>
      <trkpt lat="46.494237" lon="13.66557">
        <ele>805.34</ele>
        <time>2026-07-04T11:50:23.596Z</time>
      </trkpt>
      <trkpt lat="46.494314" lon="13.664696">
        <ele>804.8</ele>
        <time>2026-07-04T11:50:32.157Z</time>
      </trkpt>
      <trkpt lat="46.494398" lon="13.663738">
        <ele>799.21</ele>
        <time>2026-07-04T11:50:41.540Z</time>
      </trkpt>
      <trkpt lat="46.49442" lon="13.66355">
        <ele>797.36</ele>
        <time>2026-07-04T11:50:43.392Z</time>
      </trkpt>
      <trkpt lat="46.49446" lon="13.663319">
        <ele>794.96</ele>
        <time>2026-07-04T11:50:45.706Z</time>
      </trkpt>
      <trkpt lat="46.494521" lon="13.663105">
        <ele>792.68</ele>
        <time>2026-07-04T11:50:47.956Z</time>
      </trkpt>
      <trkpt lat="46.49459" lon="13.662904">
        <ele>789.42</ele>
        <time>2026-07-04T11:50:50.138Z</time>
      </trkpt>
      <trkpt lat="46.494871" lon="13.662345">
        <ele>783</ele>
        <time>2026-07-04T11:50:56.863Z</time>
      </trkpt>
      <trkpt lat="46.494939" lon="13.662186">
        <ele>782.41</ele>
        <time>2026-07-04T11:50:58.681Z</time>
      </trkpt>
      <trkpt lat="46.494998" lon="13.662027">
        <ele>781.26</ele>
        <time>2026-07-04T11:51:00.435Z</time>
      </trkpt>
      <trkpt lat="46.49512" lon="13.661581">
        <ele>779.54</ele>
        <time>2026-07-04T11:51:05.097Z</time>
      </trkpt>
      <trkpt lat="46.495163" lon="13.661455">
        <ele>778.49</ele>
        <time>2026-07-04T11:51:06.463Z</time>
      </trkpt>
      <trkpt lat="46.49522" lon="13.661319">
        <ele>776.49</ele>
        <time>2026-07-04T11:51:08.010Z</time>
      </trkpt>
      <trkpt lat="46.495443" lon="13.660874">
        <ele>773.81</ele>
        <time>2026-07-04T11:51:13.357Z</time>
      </trkpt>
      <trkpt lat="46.495512" lon="13.660697">
        <ele>772.69</ele>
        <time>2026-07-04T11:51:15.333Z</time>
      </trkpt>
      <trkpt lat="46.495647" lon="13.660172">
        <ele>771.26</ele>
        <time>2026-07-04T11:51:20.778Z</time>
      </trkpt>
      <trkpt lat="46.495718" lon="13.659891">
        <ele>768.29</ele>
        <time>2026-07-04T11:51:23.686Z</time>
      </trkpt>
      <trkpt lat="46.49586" lon="13.65942">
        <ele>766.39</ele>
        <time>2026-07-04T11:51:28.681Z</time>
      </trkpt>
      <trkpt lat="46.495966" lon="13.65924">
        <ele>765.49</ele>
        <time>2026-07-04T11:51:30.982Z</time>
      </trkpt>
      <trkpt lat="46.496072" lon="13.659469">
        <ele>765.72</ele>
        <time>2026-07-04T11:51:33.663Z</time>
      </trkpt>
      <trkpt lat="46.496162" lon="13.659692">
        <ele>767.55</ele>
        <time>2026-07-04T11:51:36.174Z</time>
      </trkpt>
      <trkpt lat="46.496196" lon="13.659885">
        <ele>768.9</ele>
        <time>2026-07-04T11:51:38.109Z</time>
      </trkpt>
      <trkpt lat="46.496182" lon="13.660105">
        <ele>768.99</ele>
        <time>2026-07-04T11:51:40.255Z</time>
      </trkpt>
      <trkpt lat="46.496182" lon="13.660105">
        <ele>768.99</ele>
        <time>2026-07-04T11:51:40.255Z</time>
      </trkpt>
      <trkpt lat="46.496182" lon="13.660105">
        <ele>768.99</ele>
        <time>2026-07-04T11:51:40.255Z</time>
      </trkpt>
      <trkpt lat="46.496168" lon="13.660389">
        <ele>769.46</ele>
        <time>2026-07-04T11:51:48.272Z</time>
      </trkpt>
      <trkpt lat="46.496148" lon="13.661049">
        <ele>772</ele>
        <time>2026-07-04T11:52:06.875Z</time>
      </trkpt>
      <trkpt lat="46.496207" lon="13.661847">
        <ele>774.39</ele>
        <time>2026-07-04T11:52:29.475Z</time>
      </trkpt>
      <trkpt lat="46.496198" lon="13.662026">
        <ele>775.03</ele>
        <time>2026-07-04T11:52:34.528Z</time>
      </trkpt>
      <trkpt lat="46.496166" lon="13.662272">
        <ele>775.81</ele>
        <time>2026-07-04T11:52:41.577Z</time>
      </trkpt>
      <trkpt lat="46.496149" lon="13.66247">
        <ele>775.47</ele>
        <time>2026-07-04T11:52:47.195Z</time>
      </trkpt>
      <trkpt lat="46.496141" lon="13.662607">
        <ele>775.96</ele>
        <time>2026-07-04T11:52:51.066Z</time>
      </trkpt>
      <trkpt lat="46.496146" lon="13.662723">
        <ele>776.8</ele>
        <time>2026-07-04T11:52:54.338Z</time>
      </trkpt>
      <trkpt lat="46.496145" lon="13.662723">
        <ele>776.8</ele>
        <time>2026-07-04T11:52:54.381Z</time>
      </trkpt>
      <trkpt lat="46.496146" lon="13.662723">
        <ele>776.8</ele>
        <time>2026-07-04T11:52:54.424Z</time>
      </trkpt>
      <trkpt lat="46.496164" lon="13.662875">
        <ele>777.81</ele>
        <time>2026-07-04T11:52:59.057Z</time>
      </trkpt>
      <trkpt lat="46.496198" lon="13.663049">
        <ele>778.86</ele>
        <time>2026-07-04T11:53:04.490Z</time>
      </trkpt>
      <trkpt lat="46.49629" lon="13.663477">
        <ele>780.49</ele>
        <time>2026-07-04T11:53:17.960Z</time>
      </trkpt>
      <trkpt lat="46.496394" lon="13.664632">
        <ele>784.25</ele>
        <time>2026-07-04T11:53:52.954Z</time>
      </trkpt>
      <trkpt lat="46.496399" lon="13.664818">
        <ele>784.33</ele>
        <time>2026-07-04T11:53:58.546Z</time>
      </trkpt>
      <trkpt lat="46.496392" lon="13.664939">
        <ele>785.47</ele>
        <time>2026-07-04T11:54:02.193Z</time>
      </trkpt>
      <trkpt lat="46.496357" lon="13.665147">
        <ele>786.21</ele>
        <time>2026-07-04T11:54:08.625Z</time>
      </trkpt>
      <trkpt lat="46.496348" lon="13.665243">
        <ele>786.21</ele>
        <time>2026-07-04T11:54:11.535Z</time>
      </trkpt>
      <trkpt lat="46.496376" lon="13.665622">
        <ele>787.45</ele>
        <time>2026-07-04T11:54:22.986Z</time>
      </trkpt>
      <trkpt lat="46.496391" lon="13.665681">
        <ele>788.05</ele>
        <time>2026-07-04T11:54:24.875Z</time>
      </trkpt>
      <trkpt lat="46.496391" lon="13.665681">
        <ele>788.05</ele>
        <time>2026-07-04T11:54:24.875Z</time>
      </trkpt>
      <trkpt lat="46.496391" lon="13.665681">
        <ele>788.05</ele>
        <time>2026-07-04T11:54:24.875Z</time>
      </trkpt>
      <trkpt lat="46.496479" lon="13.66603">
        <ele>791.6</ele>
        <time>2026-07-04T11:54:38.329Z</time>
      </trkpt>
      <trkpt lat="46.496561" lon="13.666531">
        <ele>793.14</ele>
        <time>2026-07-04T11:54:56.970Z</time>
      </trkpt>
      <trkpt lat="46.496582" lon="13.666711">
        <ele>794.7</ele>
        <time>2026-07-04T11:55:03.578Z</time>
      </trkpt>
      <trkpt lat="46.496576" lon="13.666916">
        <ele>795.36</ele>
        <time>2026-07-04T11:55:11.005Z</time>
      </trkpt>
      <trkpt lat="46.496538" lon="13.667259">
        <ele>795.68</ele>
        <time>2026-07-04T11:55:23.581Z</time>
      </trkpt>
      <trkpt lat="46.496566" lon="13.667502">
        <ele>796.46</ele>
        <time>2026-07-04T11:55:32.500Z</time>
      </trkpt>
      <trkpt lat="46.496658" lon="13.667873">
        <ele>799.4</ele>
        <time>2026-07-04T11:55:46.775Z</time>
      </trkpt>
      <trkpt lat="46.496667" lon="13.667951">
        <ele>800.27</ele>
        <time>2026-07-04T11:55:49.638Z</time>
      </trkpt>
      <trkpt lat="46.496668" lon="13.668025">
        <ele>801.13</ele>
        <time>2026-07-04T11:55:52.317Z</time>
      </trkpt>
      <trkpt lat="46.49659" lon="13.66856">
        <ele>804.31</ele>
        <time>2026-07-04T11:56:12.113Z</time>
      </trkpt>
      <trkpt lat="46.496582" lon="13.668694">
        <ele>804.91</ele>
        <time>2026-07-04T11:56:16.982Z</time>
      </trkpt>
      <trkpt lat="46.496587" lon="13.668837">
        <ele>806.25</ele>
        <time>2026-07-04T11:56:22.165Z</time>
      </trkpt>
      <trkpt lat="46.496682" lon="13.669367">
        <ele>809.9</ele>
        <time>2026-07-04T11:56:41.990Z</time>
      </trkpt>
      <trkpt lat="46.496706" lon="13.66945">
        <ele>810.54</ele>
        <time>2026-07-04T11:56:45.248Z</time>
      </trkpt>
      <trkpt lat="46.49673" lon="13.669498">
        <ele>811.48</ele>
        <time>2026-07-04T11:56:47.395Z</time>
      </trkpt>
      <trkpt lat="46.496794" lon="13.669581">
        <ele>812.36</ele>
        <time>2026-07-04T11:56:51.906Z</time>
      </trkpt>
      <trkpt lat="46.496794" lon="13.669581">
        <ele>812.37</ele>
        <time>2026-07-04T11:56:51.906Z</time>
      </trkpt>
      <trkpt lat="46.496794" lon="13.669581">
        <ele>812.36</ele>
        <time>2026-07-04T12:33:02.197Z</time>
      </trkpt>
      <trkpt lat="46.49687" lon="13.669624">
        <ele>813.87</ele>
        <time>2026-07-04T12:33:06.416Z</time>
      </trkpt>
      <trkpt lat="46.496904" lon="13.669624">
        <ele>814.46</ele>
        <time>2026-07-04T12:33:08.175Z</time>
      </trkpt>
      <trkpt lat="46.496993" lon="13.669587">
        <ele>816.34</ele>
        <time>2026-07-04T12:33:12.964Z</time>
      </trkpt>
      <trkpt lat="46.497161" lon="13.669499">
        <ele>818.49</ele>
        <time>2026-07-04T12:33:22.203Z</time>
      </trkpt>
      <trkpt lat="46.497234" lon="13.669489">
        <ele>819.19</ele>
        <time>2026-07-04T12:33:25.996Z</time>
      </trkpt>
      <trkpt lat="46.49728" lon="13.669502">
        <ele>819.52</ele>
        <time>2026-07-04T12:33:28.420Z</time>
      </trkpt>
      <trkpt lat="46.497333" lon="13.669539">
        <ele>819.8</ele>
        <time>2026-07-04T12:33:31.439Z</time>
      </trkpt>
      <trkpt lat="46.497333" lon="13.669539">
        <ele>819.8</ele>
        <time>2026-07-04T12:33:31.439Z</time>
      </trkpt>
      <trkpt lat="46.497366" lon="13.669592">
        <ele>820.05</ele>
        <time>2026-07-04T12:33:33.965Z</time>
      </trkpt>
      <trkpt lat="46.497381" lon="13.669655">
        <ele>819.93</ele>
        <time>2026-07-04T12:33:36.321Z</time>
      </trkpt>
      <trkpt lat="46.497385" lon="13.669722">
        <ele>819.98</ele>
        <time>2026-07-04T12:33:38.698Z</time>
      </trkpt>
      <trkpt lat="46.497379" lon="13.669805">
        <ele>819.89</ele>
        <time>2026-07-04T12:33:41.648Z</time>
      </trkpt>
      <trkpt lat="46.497363" lon="13.669848">
        <ele>820.18</ele>
        <time>2026-07-04T12:33:43.465Z</time>
      </trkpt>
      <trkpt lat="46.497363" lon="13.669848">
        <ele>820.18</ele>
        <time>2026-07-04T12:33:43.465Z</time>
      </trkpt>
      <trkpt lat="46.497318" lon="13.669927">
        <ele>821.11</ele>
        <time>2026-07-04T12:33:47.278Z</time>
      </trkpt>
      <trkpt lat="46.497244" lon="13.669987">
        <ele>821.26</ele>
        <time>2026-07-04T12:33:51.856Z</time>
      </trkpt>
      <trkpt lat="46.497074" lon="13.670091">
        <ele>822.59</ele>
        <time>2026-07-04T12:34:01.821Z</time>
      </trkpt>
      <trkpt lat="46.496975" lon="13.670178">
        <ele>823.24</ele>
        <time>2026-07-04T12:34:08.072Z</time>
      </trkpt>
      <trkpt lat="46.49693" lon="13.670232">
        <ele>822.95</ele>
        <time>2026-07-04T12:34:11.225Z</time>
      </trkpt>
      <trkpt lat="46.496883" lon="13.670309">
        <ele>823.17</ele>
        <time>2026-07-04T12:34:15.491Z</time>
      </trkpt>
      <trkpt lat="46.496883" lon="13.670309">
        <ele>823.17</ele>
        <time>2026-07-04T12:34:15.491Z</time>
      </trkpt>
      <trkpt lat="46.496845" lon="13.670396">
        <ele>823.16</ele>
        <time>2026-07-04T12:34:19.763Z</time>
      </trkpt>
      <trkpt lat="46.496825" lon="13.670494">
        <ele>823.28</ele>
        <time>2026-07-04T12:34:24.001Z</time>
      </trkpt>
      <trkpt lat="46.496818" lon="13.670584">
        <ele>823.84</ele>
        <time>2026-07-04T12:34:27.756Z</time>
      </trkpt>
      <trkpt lat="46.496821" lon="13.670673">
        <ele>824.95</ele>
        <time>2026-07-04T12:34:31.450Z</time>
      </trkpt>
      <trkpt lat="46.496858" lon="13.670811">
        <ele>825.89</ele>
        <time>2026-07-04T12:34:40.795Z</time>
      </trkpt>
      <trkpt lat="46.496858" lon="13.670811">
        <ele>825.88</ele>
        <time>2026-07-04T12:34:40.795Z</time>
      </trkpt>
      <trkpt lat="46.497018" lon="13.671191">
        <ele>828.33</ele>
        <time>2026-07-04T12:35:08.904Z</time>
      </trkpt>
      <trkpt lat="46.497041" lon="13.671321">
        <ele>828.09</ele>
        <time>2026-07-04T12:35:17.374Z</time>
      </trkpt>
      <trkpt lat="46.497056" lon="13.671624">
        <ele>829.58</ele>
        <time>2026-07-04T12:35:36.544Z</time>
      </trkpt>
      <trkpt lat="46.497082" lon="13.671762">
        <ele>830.75</ele>
        <time>2026-07-04T12:35:45.572Z</time>
      </trkpt>
      <trkpt lat="46.497082" lon="13.671762">
        <ele>830.75</ele>
        <time>2026-07-04T12:35:45.572Z</time>
      </trkpt>
      <trkpt lat="46.497082" lon="13.671762">
        <ele>830.75</ele>
        <time>2026-07-04T12:35:45.572Z</time>
      </trkpt>
      <trkpt lat="46.497096" lon="13.671814">
        <ele>831.29</ele>
        <time>2026-07-04T12:35:47.810Z</time>
      </trkpt>
      <trkpt lat="46.497096" lon="13.671814">
        <ele>831.29</ele>
        <time>2026-07-04T12:35:47.810Z</time>
      </trkpt>
      <trkpt lat="46.497336" lon="13.67235">
        <ele>835.18</ele>
        <time>2026-07-04T12:36:11.398Z</time>
      </trkpt>
      <trkpt lat="46.497336" lon="13.67235">
        <ele>835.18</ele>
        <time>2026-07-04T12:36:11.398Z</time>
      </trkpt>
      <trkpt lat="46.497539" lon="13.672767">
        <ele>838.3</ele>
        <time>2026-07-04T12:36:30.239Z</time>
      </trkpt>
      <trkpt lat="46.49765" lon="13.672924">
        <ele>839.73</ele>
        <time>2026-07-04T12:36:38.541Z</time>
      </trkpt>
      <trkpt lat="46.497738" lon="13.673017">
        <ele>841.45</ele>
        <time>2026-07-04T12:36:44.372Z</time>
      </trkpt>
      <trkpt lat="46.49791" lon="13.673158">
        <ele>843.33</ele>
        <time>2026-07-04T12:36:54.956Z</time>
      </trkpt>
      <trkpt lat="46.498238" lon="13.673553">
        <ele>847.04</ele>
        <time>2026-07-04T12:37:17.788Z</time>
      </trkpt>
      <trkpt lat="46.498387" lon="13.673795">
        <ele>846.04</ele>
        <time>2026-07-04T12:37:29.765Z</time>
      </trkpt>
      <trkpt lat="46.498452" lon="13.673946">
        <ele>848.39</ele>
        <time>2026-07-04T12:37:36.335Z</time>
      </trkpt>
      <trkpt lat="46.498515" lon="13.674138">
        <ele>849.07</ele>
        <time>2026-07-04T12:37:44.181Z</time>
      </trkpt>
      <trkpt lat="46.49866" lon="13.674689">
        <ele>854.29</ele>
        <time>2026-07-04T12:38:05.942Z</time>
      </trkpt>
      <trkpt lat="46.498834" lon="13.675251">
        <ele>858</ele>
        <time>2026-07-04T12:38:28.675Z</time>
      </trkpt>
      <trkpt lat="46.498995" lon="13.675621">
        <ele>857.71</ele>
        <time>2026-07-04T12:38:44.822Z</time>
      </trkpt>
      <trkpt lat="46.499115" lon="13.675941">
        <ele>856.25</ele>
        <time>2026-07-04T12:38:58.265Z</time>
      </trkpt>
      <trkpt lat="46.499167" lon="13.676142">
        <ele>855.51</ele>
        <time>2026-07-04T12:39:06.186Z</time>
      </trkpt>
      <trkpt lat="46.49916825816035" lon="13.67614178918302">
        <ele>861.7999877929688</ele>
        <time>2026-07-04T12:39:06.211Z</time>
        <extensions>
          <gpxtpx:TrackPointExtension>
            <gpxtpx:atemp>33</gpxtpx:atemp>
            <gpxtpx:hr>171</gpxtpx:hr>
            <gpxtpx:cad>63</gpxtpx:cad>
          </gpxtpx:TrackPointExtension>
        </extensions>
      </trkpt>
      <trkpt lat="46.499167" lon="13.676142">
        <ele>855.51</ele>
        <time>2026-07-04T12:39:06.236Z</time>
      </trkpt>
      <trkpt lat="46.499201" lon="13.6763">
        <ele>854.98</ele>
        <time>2026-07-04T12:39:08.534Z</time>
      </trkpt>
      <trkpt lat="46.499349" lon="13.677284">
        <ele>854.49</ele>
        <time>2026-07-04T12:39:21.728Z</time>
      </trkpt>
      <trkpt lat="46.499349" lon="13.677284">
        <ele>854.49</ele>
        <time>2026-07-04T12:39:21.728Z</time>
      </trkpt>
      <trkpt lat="46.499415" lon="13.677773">
        <ele>854.09</ele>
        <time>2026-07-04T12:39:28.255Z</time>
      </trkpt>
      <trkpt lat="46.499426" lon="13.678132">
        <ele>853.39</ele>
        <time>2026-07-04T12:39:32.963Z</time>
      </trkpt>
      <trkpt lat="46.499426" lon="13.678132">
        <ele>853.39</ele>
        <time>2026-07-04T12:39:32.963Z</time>
      </trkpt>
      <trkpt lat="46.499442" lon="13.679297">
        <ele>852.87</ele>
        <time>2026-07-04T12:39:48.230Z</time>
      </trkpt>
      <trkpt lat="46.499491" lon="13.68187">
        <ele>854.84</ele>
        <time>2026-07-04T12:40:21.954Z</time>
      </trkpt>
      <trkpt lat="46.499496" lon="13.682056">
        <ele>853.24</ele>
        <time>2026-07-04T12:40:24.392Z</time>
      </trkpt>
      <trkpt lat="46.499509" lon="13.683137">
        <ele>852.43</ele>
        <time>2026-07-04T12:40:38.967Z</time>
      </trkpt>
      <trkpt lat="46.499509" lon="13.683137">
        <ele>852.43</ele>
        <time>2026-07-04T12:40:38.967Z</time>
      </trkpt>
      <trkpt lat="46.49951" lon="13.683287">
        <ele>852.4</ele>
        <time>2026-07-04T12:40:40.962Z</time>
      </trkpt>
      <trkpt lat="46.49951" lon="13.683287">
        <ele>852.4</ele>
        <time>2026-07-04T12:40:40.962Z</time>
      </trkpt>
      <trkpt lat="46.4995" lon="13.683588">
        <ele>852</ele>
        <time>2026-07-04T12:40:44.971Z</time>
      </trkpt>
      <trkpt lat="46.499484" lon="13.683781">
        <ele>851.2</ele>
        <time>2026-07-04T12:40:47.557Z</time>
      </trkpt>
      <trkpt lat="46.499353" lon="13.684982">
        <ele>851.21</ele>
        <time>2026-07-04T12:41:03.734Z</time>
      </trkpt>
      <trkpt lat="46.499314" lon="13.685322">
        <ele>852.79</ele>
        <time>2026-07-04T12:41:08.319Z</time>
      </trkpt>
      <trkpt lat="46.499279" lon="13.685605">
        <ele>851.77</ele>
        <time>2026-07-04T12:41:12.144Z</time>
      </trkpt>
      <trkpt lat="46.499254" lon="13.685876">
        <ele>851.28</ele>
        <time>2026-07-04T12:41:15.781Z</time>
      </trkpt>
      <trkpt lat="46.499249" lon="13.686517">
        <ele>852.23</ele>
        <time>2026-07-04T12:41:24.309Z</time>
      </trkpt>
      <trkpt lat="46.499255" lon="13.687518">
        <ele>852.28</ele>
        <time>2026-07-04T12:41:37.626Z</time>
      </trkpt>
      <trkpt lat="46.499249" lon="13.687695">
        <ele>852.24</ele>
        <time>2026-07-04T12:41:39.983Z</time>
      </trkpt>
      <trkpt lat="46.499223" lon="13.687957">
        <ele>852.43</ele>
        <time>2026-07-04T12:41:43.542Z</time>
      </trkpt>
      <trkpt lat="46.499223" lon="13.687957">
        <ele>852.43</ele>
        <time>2026-07-04T12:41:43.542Z</time>
      </trkpt>
      <trkpt lat="46.499035" lon="13.689118">
        <ele>850.06</ele>
        <time>2026-07-04T12:41:59.581Z</time>
      </trkpt>
      <trkpt lat="46.498921" lon="13.68981">
        <ele>851</ele>
        <time>2026-07-04T12:42:09.149Z</time>
      </trkpt>
      <trkpt lat="46.498783" lon="13.690708">
        <ele>850</ele>
        <time>2026-07-04T12:42:21.522Z</time>
      </trkpt>
      <trkpt lat="46.498571" lon="13.692176">
        <ele>849</ele>
        <time>2026-07-04T12:42:41.693Z</time>
      </trkpt>
      <trkpt lat="46.498567" lon="13.692174">
        <ele>848.99</ele>
        <time>2026-07-04T12:42:41.775Z</time>
      </trkpt>
      <trkpt lat="46.498231" lon="13.692">
        <ele>848</ele>
        <time>2026-07-04T12:42:48.743Z</time>
      </trkpt>
      <trkpt lat="46.49788" lon="13.691803">
        <ele>848</ele>
        <time>2026-07-04T12:42:56.094Z</time>
      </trkpt>
      <trkpt lat="46.497748" lon="13.691697">
        <ele>847.95</ele>
        <time>2026-07-04T12:42:59.040Z</time>
      </trkpt>
      <trkpt lat="46.49774702265859" lon="13.691699020564556">
        <ele>853.4000244140625</ele>
        <time>2026-07-04T12:42:59.073Z</time>
        <extensions>
          <gpxtpx:TrackPointExtension>
            <gpxtpx:atemp>32</gpxtpx:atemp>
            <gpxtpx:hr>146</gpxtpx:hr>
          </gpxtpx:TrackPointExtension>
        </extensions>
      </trkpt>
      <trkpt lat="46.497702933847904" lon="13.691660799086094">
        <ele>853.2000122070312</ele>
        <time>2026-07-04T12:50:02.859Z</time>
        <extensions>
          <gpxtpx:TrackPointExtension>
            <gpxtpx:atemp>32</gpxtpx:atemp>
            <gpxtpx:hr>146</gpxtpx:hr>
          </gpxtpx:TrackPointExtension>
        </extensions>
      </trkpt>
      <trkpt lat="46.49766211397946" lon="13.691618219017982">
        <ele>853.2000122070312</ele>
        <time>2026-07-04T12:50:03.859Z</time>
        <extensions>
          <gpxtpx:TrackPointExtension>
            <gpxtpx:atemp>32</gpxtpx:atemp>
            <gpxtpx:hr>146</gpxtpx:hr>
          </gpxtpx:TrackPointExtension>
        </extensions>
      </trkpt>
      <trkpt lat="46.49762121029198" lon="13.691575806587934">
        <ele>853.2000122070312</ele>
        <time>2026-07-04T12:50:04.859Z</time>
        <extensions>
          <gpxtpx:TrackPointExtension>
            <gpxtpx:atemp>32</gpxtpx:atemp>
            <gpxtpx:hr>146</gpxtpx:hr>
          </gpxtpx:TrackPointExtension>
        </extensions>
      </trkpt>
      <trkpt lat="46.49758139625192" lon="13.691532304510474">
        <ele>853.2000122070312</ele>
        <time>2026-07-04T12:50:05.859Z</time>
        <extensions>
          <gpxtpx:TrackPointExtension>
            <gpxtpx:atemp>32</gpxtpx:atemp>
            <gpxtpx:hr>146</gpxtpx:hr>
          </gpxtpx:TrackPointExtension>
        </extensions>
      </trkpt>
      <trkpt lat="46.49754300713539" lon="13.691488467156887">
        <ele>853.2000122070312</ele>
        <time>2026-07-04T12:50:06.859Z</time>
        <extensions>
          <gpxtpx:TrackPointExtension>
            <gpxtpx:atemp>32</gpxtpx:atemp>
            <gpxtpx:hr>146</gpxtpx:hr>
          </gpxtpx:TrackPointExtension>
        </extensions>
      </trkpt>
      <trkpt lat="46.497505540028214" lon="13.691441947594285">
        <ele>853.2000122070312</ele>
        <time>2026-07-04T12:50:07.859Z</time>
        <extensions>
          <gpxtpx:TrackPointExtension>
            <gpxtpx:atemp>32</gpxtpx:atemp>
            <gpxtpx:hr>145</gpxtpx:hr>
          </gpxtpx:TrackPointExtension>
        </extensions>
      </trkpt>
      <trkpt lat="46.4974682405591" lon="13.691396098583937">
        <ele>853.2000122070312</ele>
        <time>2026-07-04T12:50:08.859Z</time>
        <extensions>
          <gpxtpx:TrackPointExtension>
            <gpxtpx:atemp>32</gpxtpx:atemp>
            <gpxtpx:hr>144</gpxtpx:hr>
          </gpxtpx:TrackPointExtension>
        </extensions>
      </trkpt>
      <trkpt lat="46.497430773451924" lon="13.691351423040032">
        <ele>853.2000122070312</ele>
        <time>2026-07-04T12:50:09.859Z</time>
        <extensions>
          <gpxtpx:TrackPointExtension>
            <gpxtpx:atemp>32</gpxtpx:atemp>
            <gpxtpx:hr>144</gpxtpx:hr>
          </gpxtpx:TrackPointExtension>
        </extensions>
      </trkpt>
      <trkpt lat="46.497396575286984" lon="13.691309094429016">
        <ele>853.2000122070312</ele>
        <time>2026-07-04T12:50:10.859Z</time>
        <extensions>
          <gpxtpx:TrackPointExtension>
            <gpxtpx:atemp>32</gpxtpx:atemp>
            <gpxtpx:hr>144</gpxtpx:hr>
          </gpxtpx:TrackPointExtension>
        </extensions>
      </trkpt>
      <trkpt lat="46.49736371822655" lon="13.691266430541873">
        <ele>853.2000122070312</ele>
        <time>2026-07-04T12:50:11.859Z</time>
        <extensions>
          <gpxtpx:TrackPointExtension>
            <gpxtpx:atemp>32</gpxtpx:atemp>
            <gpxtpx:hr>143</gpxtpx:hr>
          </gpxtpx:TrackPointExtension>
        </extensions>
      </trkpt>
      <trkpt lat="46.49733077734709" lon="13.69122326374054">
        <ele>853.2000122070312</ele>
        <time>2026-07-04T12:50:12.859Z</time>
        <extensions>
          <gpxtpx:TrackPointExtension>
            <gpxtpx:atemp>32</gpxtpx:atemp>
            <gpxtpx:hr>143</gpxtpx:hr>
          </gpxtpx:TrackPointExtension>
        </extensions>
      </trkpt>
      <trkpt lat="46.4972972497344" lon="13.691182108595967">
        <ele>853.2000122070312</ele>
        <time>2026-07-04T12:50:13.859Z</time>
        <extensions>
          <gpxtpx:TrackPointExtension>
            <gpxtpx:atemp>32</gpxtpx:atemp>
            <gpxtpx:hr>142</gpxtpx:hr>
          </gpxtpx:TrackPointExtension>
        </extensions>
      </trkpt>
      <trkpt lat="46.49726640433073" lon="13.691140534356236">
        <ele>853.2000122070312</ele>
        <time>2026-07-04T12:50:14.859Z</time>
        <extensions>
          <gpxtpx:TrackPointExtension>
            <gpxtpx:atemp>32</gpxtpx:atemp>
            <gpxtpx:hr>142</gpxtpx:hr>
          </gpxtpx:TrackPointExtension>
        </extensions>
      </trkpt>
      <trkpt lat="46.49723790585995" lon="13.691097535192966">
        <ele>853.2000122070312</ele>
        <time>2026-07-04T12:50:15.859Z</time>
        <extensions>
          <gpxtpx:TrackPointExtension>
            <gpxtpx:atemp>32</gpxtpx:atemp>
            <gpxtpx:hr>142</gpxtpx:hr>
          </gpxtpx:TrackPointExtension>
        </extensions>
      </trkpt>
      <trkpt lat="46.49720680899918" lon="13.691054368391633">
        <ele>853.2000122070312</ele>
        <time>2026-07-04T12:50:16.859Z</time>
        <extensions>
          <gpxtpx:TrackPointExtension>
            <gpxtpx:atemp>32</gpxtpx:atemp>
            <gpxtpx:hr>141</gpxtpx:hr>
          </gpxtpx:TrackPointExtension>
        </extensions>
      </trkpt>
      <trkpt lat="46.49717370048165" lon="13.69101220741868">
        <ele>853.2000122070312</ele>
        <time>2026-07-04T12:50:17.859Z</time>
        <extensions>
          <gpxtpx:TrackPointExtension>
            <gpxtpx:atemp>32</gpxtpx:atemp>
            <gpxtpx:hr>140</gpxtpx:hr>
          </gpxtpx:TrackPointExtension>
        </extensions>
      </trkpt>
      <trkpt lat="46.49714218452573" lon="13.690974991768599">
        <ele>853.2000122070312</ele>
        <time>2026-07-04T12:50:18.859Z</time>
        <extensions>
          <gpxtpx:TrackPointExtension>
            <gpxtpx:atemp>32</gpxtpx:atemp>
            <gpxtpx:hr>139</gpxtpx:hr>
          </gpxtpx:TrackPointExtension>
        </extensions>
      </trkpt>
      <trkpt lat="46.497115697711706" lon="13.690944146364927">
        <ele>853.2000122070312</ele>
        <time>2026-07-04T12:50:19.859Z</time>
        <extensions>
          <gpxtpx:TrackPointExtension>
            <gpxtpx:atemp>32</gpxtpx:atemp>
            <gpxtpx:hr>139</gpxtpx:hr>
          </gpxtpx:TrackPointExtension>
        </extensions>
      </trkpt>
      <trkpt lat="46.49709097109735" lon="13.690924532711506">
        <ele>853</ele>
        <time>2026-07-04T12:50:20.859Z</time>
        <extensions>
          <gpxtpx:TrackPointExtension>
            <gpxtpx:atemp>32</gpxtpx:atemp>
            <gpxtpx:hr>139</gpxtpx:hr>
          </gpxtpx:TrackPointExtension>
        </extensions>
      </trkpt>
      <trkpt lat="46.497067334130406" lon="13.690920090302825">
        <ele>853</ele>
        <time>2026-07-04T12:50:21.859Z</time>
        <extensions>
          <gpxtpx:TrackPointExtension>
            <gpxtpx:atemp>32</gpxtpx:atemp>
            <gpxtpx:hr>139</gpxtpx:hr>
          </gpxtpx:TrackPointExtension>
        </extensions>
      </trkpt>
      <trkpt lat="46.497043780982494" lon="13.690929729491472">
        <ele>853</ele>
        <time>2026-07-04T12:50:22.859Z</time>
        <extensions>
          <gpxtpx:TrackPointExtension>
            <gpxtpx:atemp>32</gpxtpx:atemp>
            <gpxtpx:hr>140</gpxtpx:hr>
            <gpxtpx:cad>2</gpxtpx:cad>
          </gpxtpx:TrackPointExtension>
        </extensions>
      </trkpt>
      <trkpt lat="46.497022323310375" lon="13.690951690077782">
        <ele>852.7999877929688</ele>
        <time>2026-07-04T12:50:23.859Z</time>
        <extensions>
          <gpxtpx:TrackPointExtension>
            <gpxtpx:atemp>32</gpxtpx:atemp>
            <gpxtpx:hr>140</gpxtpx:hr>
            <gpxtpx:cad>43</gpxtpx:cad>
          </gpxtpx:TrackPointExtension>
        </extensions>
      </trkpt>
      <trkpt lat="46.49699969217181" lon="13.690976835787296">
        <ele>852.7999877929688</ele>
        <time>2026-07-04T12:50:24.859Z</time>
        <extensions>
          <gpxtpx:TrackPointExtension>
            <gpxtpx:atemp>32</gpxtpx:atemp>
            <gpxtpx:hr>140</gpxtpx:hr>
            <gpxtpx:cad>43</gpxtpx:cad>
          </gpxtpx:TrackPointExtension>
        </extensions>
      </trkpt>
      <trkpt lat="46.496972450986505" lon="13.690999802201986">
        <ele>852.5999755859375</ele>
        <time>2026-07-04T12:50:25.859Z</time>
        <extensions>
          <gpxtpx:TrackPointExtension>
            <gpxtpx:atemp>32</gpxtpx:atemp>
            <gpxtpx:hr>140</gpxtpx:hr>
            <gpxtpx:cad>47</gpxtpx:cad>
          </gpxtpx:TrackPointExtension>
        </extensions>
      </trkpt>
      <trkpt lat="46.496942695230246" lon="13.6910146381706">
        <ele>852.5999755859375</ele>
        <time>2026-07-04T12:50:26.859Z</time>
        <extensions>
          <gpxtpx:TrackPointExtension>
            <gpxtpx:atemp>32</gpxtpx:atemp>
            <gpxtpx:hr>141</gpxtpx:hr>
            <gpxtpx:cad>49</gpxtpx:cad>
          </gpxtpx:TrackPointExtension>
        </extensions>
      </trkpt>
      <trkpt lat="46.49690983816981" lon="13.691027211025357">
        <ele>852.5999755859375</ele>
        <time>2026-07-04T12:50:27.859Z</time>
        <extensions>
          <gpxtpx:TrackPointExtension>
            <gpxtpx:atemp>32</gpxtpx:atemp>
            <gpxtpx:hr>141</gpxtpx:hr>
            <gpxtpx:cad>57</gpxtpx:cad>
          </gpxtpx:TrackPointExtension>
        </extensions>
      </trkpt>
      <trkpt lat="46.49687564000487" lon="13.691039951518178">
        <ele>852.5999755859375</ele>
        <time>2026-07-04T12:50:28.859Z</time>
        <extensions>
          <gpxtpx:TrackPointExtension>
            <gpxtpx:atemp>32</gpxtpx:atemp>
            <gpxtpx:hr>142</gpxtpx:hr>
            <gpxtpx:cad>63</gpxtpx:cad>
          </gpxtpx:TrackPointExtension>
        </extensions>
      </trkpt>
      <trkpt lat="46.496839011088014" lon="13.69104984216392">
        <ele>852.5999755859375</ele>
        <time>2026-07-04T12:50:29.859Z</time>
        <extensions>
          <gpxtpx:TrackPointExtension>
            <gpxtpx:atemp>32</gpxtpx:atemp>
            <gpxtpx:hr>141</gpxtpx:hr>
            <gpxtpx:cad>67</gpxtpx:cad>
          </gpxtpx:TrackPointExtension>
        </extensions>
      </trkpt>
      <trkpt lat="46.49680229835212" lon="13.691059397533536">
        <ele>852.5999755859375</ele>
        <time>2026-07-04T12:50:30.859Z</time>
        <extensions>
          <gpxtpx:TrackPointExtension>
            <gpxtpx:atemp>32</gpxtpx:atemp>
            <gpxtpx:hr>142</gpxtpx:hr>
            <gpxtpx:cad>68</gpxtpx:cad>
          </gpxtpx:TrackPointExtension>
        </extensions>
      </trkpt>
      <trkpt lat="46.49676801636815" lon="13.691069791093469">
        <ele>852.5999755859375</ele>
        <time>2026-07-04T12:50:31.859Z</time>
        <extensions>
          <gpxtpx:TrackPointExtension>
            <gpxtpx:atemp>32</gpxtpx:atemp>
            <gpxtpx:hr>142</gpxtpx:hr>
            <gpxtpx:cad>65</gpxtpx:cad>
          </gpxtpx:TrackPointExtension>
        </extensions>
      </trkpt>
      <trkpt lat="46.49673557840288" lon="13.691087141633034">
        <ele>852.5999755859375</ele>
        <time>2026-07-04T12:50:32.859Z</time>
        <extensions>
          <gpxtpx:TrackPointExtension>
            <gpxtpx:atemp>32</gpxtpx:atemp>
            <gpxtpx:hr>142</gpxtpx:hr>
            <gpxtpx:cad>62</gpxtpx:cad>
          </gpxtpx:TrackPointExtension>
        </extensions>
      </trkpt>
      <trkpt lat="46.496712528169155" lon="13.69110750965774">
        <ele>852.7999877929688</ele>
        <time>2026-07-04T12:50:33.859Z</time>
        <extensions>
          <gpxtpx:TrackPointExtension>
            <gpxtpx:atemp>32</gpxtpx:atemp>
            <gpxtpx:hr>142</gpxtpx:hr>
            <gpxtpx:cad>61</gpxtpx:cad>
          </gpxtpx:TrackPointExtension>
        </extensions>
      </trkpt>
      <trkpt lat="46.49668185040355" lon="13.691148916259408">
        <ele>852.7999877929688</ele>
        <time>2026-07-04T12:50:34.859Z</time>
        <extensions>
          <gpxtpx:TrackPointExtension>
            <gpxtpx:atemp>32</gpxtpx:atemp>
            <gpxtpx:hr>142</gpxtpx:hr>
            <gpxtpx:cad>64</gpxtpx:cad>
          </gpxtpx:TrackPointExtension>
        </extensions>
      </trkpt>
      <trkpt lat="46.496659303084016" lon="13.6911925021559">
        <ele>852.7999877929688</ele>
        <time>2026-07-04T12:50:35.859Z</time>
        <extensions>
          <gpxtpx:TrackPointExtension>
            <gpxtpx:atemp>32</gpxtpx:atemp>
            <gpxtpx:hr>143</gpxtpx:hr>
            <gpxtpx:cad>68</gpxtpx:cad>
          </gpxtpx:TrackPointExtension>
        </extensions>
      </trkpt>
      <trkpt lat="46.49663994088769" lon="13.691239189356565">
        <ele>852.7999877929688</ele>
        <time>2026-07-04T12:50:36.859Z</time>
        <extensions>
          <gpxtpx:TrackPointExtension>
            <gpxtpx:atemp>32</gpxtpx:atemp>
            <gpxtpx:hr>143</gpxtpx:hr>
            <gpxtpx:cad>71</gpxtpx:cad>
          </gpxtpx:TrackPointExtension>
        </extensions>
      </trkpt>
      <trkpt lat="46.49662787094712" lon="13.69129216298461">
        <ele>852.7999877929688</ele>
        <time>2026-07-04T12:50:37.859Z</time>
        <extensions>
          <gpxtpx:TrackPointExtension>
            <gpxtpx:atemp>32</gpxtpx:atemp>
            <gpxtpx:hr>143</gpxtpx:hr>
            <gpxtpx:cad>72</gpxtpx:cad>
          </gpxtpx:TrackPointExtension>
        </extensions>
      </trkpt>
      <trkpt lat="46.496624099090695" lon="13.691346477717161">
        <ele>852.7999877929688</ele>
        <time>2026-07-04T12:50:38.859Z</time>
        <extensions>
          <gpxtpx:TrackPointExtension>
            <gpxtpx:atemp>32</gpxtpx:atemp>
            <gpxtpx:hr>143</gpxtpx:hr>
            <gpxtpx:cad>73</gpxtpx:cad>
          </gpxtpx:TrackPointExtension>
        </extensions>
      </trkpt>
      <trkpt lat="46.496627954766154" lon="13.691402468830347">
        <ele>853</ele>
        <time>2026-07-04T12:50:39.859Z</time>
        <extensions>
          <gpxtpx:TrackPointExtension>
            <gpxtpx:atemp>32</gpxtpx:atemp>
            <gpxtpx:hr>143</gpxtpx:hr>
            <gpxtpx:cad>75</gpxtpx:cad>
          </gpxtpx:TrackPointExtension>
        </extensions>
      </trkpt>
      <trkpt lat="46.49663667194545" lon="13.691458459943533">
        <ele>853</ele>
        <time>2026-07-04T12:50:40.859Z</time>
        <extensions>
          <gpxtpx:TrackPointExtension>
            <gpxtpx:atemp>32</gpxtpx:atemp>
            <gpxtpx:hr>143</gpxtpx:hr>
            <gpxtpx:cad>75</gpxtpx:cad>
          </gpxtpx:TrackPointExtension>
        </extensions>
      </trkpt>
      <trkpt lat="46.49664673022926" lon="13.691515205428004">
        <ele>853.2000122070312</ele>
        <time>2026-07-04T12:50:41.859Z</time>
        <extensions>
          <gpxtpx:TrackPointExtension>
            <gpxtpx:atemp>32</gpxtpx:atemp>
            <gpxtpx:hr>143</gpxtpx:hr>
            <gpxtpx:cad>77</gpxtpx:cad>
          </gpxtpx:TrackPointExtension>
        </extensions>
      </trkpt>
      <trkpt lat="46.49666148237884" lon="13.691572537645698">
        <ele>853.2000122070312</ele>
        <time>2026-07-04T12:50:42.859Z</time>
        <extensions>
          <gpxtpx:TrackPointExtension>
            <gpxtpx:atemp>32</gpxtpx:atemp>
            <gpxtpx:hr>143</gpxtpx:hr>
            <gpxtpx:cad>78</gpxtpx:cad>
          </gpxtpx:TrackPointExtension>
        </extensions>
      </trkpt>
      <trkpt lat="46.49668017402291" lon="13.691629199311137">
        <ele>853.2000122070312</ele>
        <time>2026-07-04T12:50:43.859Z</time>
        <extensions>
          <gpxtpx:TrackPointExtension>
            <gpxtpx:atemp>32</gpxtpx:atemp>
            <gpxtpx:hr>143</gpxtpx:hr>
            <gpxtpx:cad>79</gpxtpx:cad>
          </gpxtpx:TrackPointExtension>
        </extensions>
      </trkpt>
      <trkpt lat="46.49669769220054" lon="13.691687285900116">
        <ele>853</ele>
        <time>2026-07-04T12:50:44.859Z</time>
        <extensions>
          <gpxtpx:TrackPointExtension>
            <gpxtpx:atemp>32</gpxtpx:atemp>
            <gpxtpx:hr>144</gpxtpx:hr>
            <gpxtpx:cad>80</gpxtpx:cad>
          </gpxtpx:TrackPointExtension>
        </extensions>
      </trkpt>
      <trkpt lat="46.49671562947333" lon="13.691746797412634">
        <ele>853</ele>
        <time>2026-07-04T12:50:45.859Z</time>
        <extensions>
          <gpxtpx:TrackPointExtension>
            <gpxtpx:atemp>32</gpxtpx:atemp>
            <gpxtpx:hr>144</gpxtpx:hr>
            <gpxtpx:cad>81</gpxtpx:cad>
          </gpxtpx:TrackPointExtension>
        </extensions>
      </trkpt>
      <trkpt lat="46.496731555089355" lon="13.691808320581913">
        <ele>853</ele>
        <time>2026-07-04T12:50:46.859Z</time>
        <extensions>
          <gpxtpx:TrackPointExtension>
            <gpxtpx:atemp>32</gpxtpx:atemp>
            <gpxtpx:hr>145</gpxtpx:hr>
            <gpxtpx:cad>81</gpxtpx:cad>
          </gpxtpx:TrackPointExtension>
        </extensions>
      </trkpt>
      <trkpt lat="46.49674320593476" lon="13.691870011389256">
        <ele>853.2000122070312</ele>
        <time>2026-07-04T12:50:47.859Z</time>
        <extensions>
          <gpxtpx:TrackPointExtension>
            <gpxtpx:atemp>32</gpxtpx:atemp>
            <gpxtpx:hr>145</gpxtpx:hr>
            <gpxtpx:cad>80</gpxtpx:cad>
          </gpxtpx:TrackPointExtension>
        </extensions>
      </trkpt>
      <trkpt lat="46.49675200693309" lon="13.691933881491423">
        <ele>853.2000122070312</ele>
        <time>2026-07-04T12:50:48.859Z</time>
        <extensions>
          <gpxtpx:TrackPointExtension>
            <gpxtpx:atemp>32</gpxtpx:atemp>
            <gpxtpx:hr>145</gpxtpx:hr>
            <gpxtpx:cad>78</gpxtpx:cad>
          </gpxtpx:TrackPointExtension>
        </extensions>
      </trkpt>
      <trkpt lat="46.496759383007884" lon="13.691993141546845">
        <ele>853.2000122070312</ele>
        <time>2026-07-04T12:50:49.859Z</time>
        <extensions>
          <gpxtpx:TrackPointExtension>
            <gpxtpx:atemp>32</gpxtpx:atemp>
            <gpxtpx:hr>145</gpxtpx:hr>
            <gpxtpx:cad>76</gpxtpx:cad>
          </gpxtpx:TrackPointExtension>
        </extensions>
      </trkpt>
      <trkpt lat="46.49675871245563" lon="13.692049635574222">
        <ele>853.2000122070312</ele>
        <time>2026-07-04T12:50:50.859Z</time>
        <extensions>
          <gpxtpx:TrackPointExtension>
            <gpxtpx:atemp>32</gpxtpx:atemp>
            <gpxtpx:hr>145</gpxtpx:hr>
            <gpxtpx:cad>74</gpxtpx:cad>
          </gpxtpx:TrackPointExtension>
        </extensions>
      </trkpt>
      <trkpt lat="46.49674354121089" lon="13.692103698849678">
        <ele>853.2000122070312</ele>
        <time>2026-07-04T12:50:51.859Z</time>
        <extensions>
          <gpxtpx:TrackPointExtension>
            <gpxtpx:atemp>32</gpxtpx:atemp>
            <gpxtpx:hr>145</gpxtpx:hr>
            <gpxtpx:cad>73</gpxtpx:cad>
          </gpxtpx:TrackPointExtension>
        </extensions>
      </trkpt>
      <trkpt lat="46.49672367610037" lon="13.692150888964534">
        <ele>853.2000122070312</ele>
        <time>2026-07-04T12:50:52.859Z</time>
        <extensions>
          <gpxtpx:TrackPointExtension>
            <gpxtpx:atemp>32</gpxtpx:atemp>
            <gpxtpx:hr>145</gpxtpx:hr>
            <gpxtpx:cad>71</gpxtpx:cad>
          </gpxtpx:TrackPointExtension>
        </extensions>
      </trkpt>
      <trkpt lat="46.49669777601957" lon="13.692188188433647">
        <ele>853.4000244140625</ele>
        <time>2026-07-04T12:50:53.859Z</time>
        <extensions>
          <gpxtpx:TrackPointExtension>
            <gpxtpx:atemp>32</gpxtpx:atemp>
            <gpxtpx:hr>145</gpxtpx:hr>
            <gpxtpx:cad>67</gpxtpx:cad>
          </gpxtpx:TrackPointExtension>
        </extensions>
      </trkpt>
      <trkpt lat="46.49666584096849" lon="13.692217441275716">
        <ele>853.4000244140625</ele>
        <time>2026-07-04T12:50:54.859Z</time>
        <extensions>
          <gpxtpx:TrackPointExtension>
            <gpxtpx:atemp>32</gpxtpx:atemp>
            <gpxtpx:hr>146</gpxtpx:hr>
            <gpxtpx:cad>66</gpxtpx:cad>
          </gpxtpx:TrackPointExtension>
        </extensions>
      </trkpt>
      <trkpt lat="46.49663449265063" lon="13.69224057532847">
        <ele>853.5999755859375</ele>
        <time>2026-07-04T12:50:55.859Z</time>
        <extensions>
          <gpxtpx:TrackPointExtension>
            <gpxtpx:atemp>32</gpxtpx:atemp>
            <gpxtpx:hr>147</gpxtpx:hr>
            <gpxtpx:cad>63</gpxtpx:cad>
          </gpxtpx:TrackPointExtension>
        </extensions>
      </trkpt>
      <trkpt lat="46.49660431779921" lon="13.692257842049003">
        <ele>853.5999755859375</ele>
        <time>2026-07-04T12:50:56.859Z</time>
        <extensions>
          <gpxtpx:TrackPointExtension>
            <gpxtpx:atemp>32</gpxtpx:atemp>
            <gpxtpx:hr>147</gpxtpx:hr>
            <gpxtpx:cad>57</gpxtpx:cad>
          </gpxtpx:TrackPointExtension>
        </extensions>
      </trkpt>
      <trkpt lat="46.49657498113811" lon="13.69226848706603">
        <ele>853.7999877929688</ele>
        <time>2026-07-04T12:50:57.859Z</time>
        <extensions>
          <gpxtpx:TrackPointExtension>
            <gpxtpx:atemp>32</gpxtpx:atemp>
            <gpxtpx:hr>146</gpxtpx:hr>
            <gpxtpx:cad>57</gpxtpx:cad>
          </gpxtpx:TrackPointExtension>
        </extensions>
      </trkpt>
      <trkpt lat="46.49654706940055" lon="13.69227628223598">
        <ele>853.7999877929688</ele>
        <time>2026-07-04T12:50:58.859Z</time>
        <extensions>
          <gpxtpx:TrackPointExtension>
            <gpxtpx:atemp>32</gpxtpx:atemp>
            <gpxtpx:hr>146</gpxtpx:hr>
            <gpxtpx:cad>57</gpxtpx:cad>
          </gpxtpx:TrackPointExtension>
        </extensions>
      </trkpt>
      <trkpt lat="46.4965236838907" lon="13.69228608906269">
        <ele>854</ele>
        <time>2026-07-04T12:50:59.859Z</time>
        <extensions>
          <gpxtpx:TrackPointExtension>
            <gpxtpx:atemp>32</gpxtpx:atemp>
            <gpxtpx:hr>146</gpxtpx:hr>
            <gpxtpx:cad>18</gpxtpx:cad>
          </gpxtpx:TrackPointExtension>
        </extensions>
      </trkpt>
      <trkpt lat="46.496504405513406" lon="13.692304277792573">
        <ele>854</ele>
        <time>2026-07-04T12:51:00.859Z</time>
        <extensions>
          <gpxtpx:TrackPointExtension>
            <gpxtpx:atemp>32</gpxtpx:atemp>
            <gpxtpx:hr>145</gpxtpx:hr>
            <gpxtpx:cad>18</gpxtpx:cad>
          </gpxtpx:TrackPointExtension>
        </extensions>
      </trkpt>
      <trkpt lat="46.49649124592543" lon="13.692331351339817">
        <ele>854</ele>
        <time>2026-07-04T12:51:01.859Z</time>
        <extensions>
          <gpxtpx:TrackPointExtension>
            <gpxtpx:atemp>32</gpxtpx:atemp>
            <gpxtpx:hr>144</gpxtpx:hr>
            <gpxtpx:cad>42</gpxtpx:cad>
          </gpxtpx:TrackPointExtension>
        </extensions>
      </trkpt>
      <trkpt lat="46.49648001417518" lon="13.692359765991569">
        <ele>854</ele>
        <time>2026-07-04T12:51:02.859Z</time>
        <extensions>
          <gpxtpx:TrackPointExtension>
            <gpxtpx:atemp>32</gpxtpx:atemp>
            <gpxtpx:hr>144</gpxtpx:hr>
            <gpxtpx:cad>42</gpxtpx:cad>
          </gpxtpx:TrackPointExtension>
        </extensions>
      </trkpt>
      <trkpt lat="46.49647397920489" lon="13.692393628880382">
        <ele>854</ele>
        <time>2026-07-04T12:51:03.859Z</time>
        <extensions>
          <gpxtpx:TrackPointExtension>
            <gpxtpx:atemp>32</gpxtpx:atemp>
            <gpxtpx:hr>144</gpxtpx:hr>
            <gpxtpx:cad>47</gpxtpx:cad>
          </gpxtpx:TrackPointExtension>
        </extensions>
      </trkpt>
      <trkpt lat="46.496474063023925" lon="13.692434364929795">
        <ele>854.2000122070312</ele>
        <time>2026-07-04T12:51:04.424Z</time>
        <extensions>
          <gpxtpx:TrackPointExtension>
            <gpxtpx:atemp>32</gpxtpx:atemp>
            <gpxtpx:hr>144</gpxtpx:hr>
            <gpxtpx:cad>54</gpxtpx:cad>
          </gpxtpx:TrackPointExtension>
        </extensions>
      </trkpt>
      <trkpt lat="46.496484" lon="13.692432">
        <ele>848.95</ele>
        <time>2026-07-04T12:51:04.627Z</time>
      </trkpt>
      <trkpt lat="46.496579" lon="13.69347">
        <ele>848.56</ele>
        <time>2026-07-04T12:51:19.159Z</time>
      </trkpt>
      <trkpt lat="46.496715" lon="13.694958">
        <ele>848</ele>
        <time>2026-07-04T12:51:39.991Z</time>
      </trkpt>
      <trkpt lat="46.496734" lon="13.695691">
        <ele>848</ele>
        <time>2026-07-04T12:51:50.171Z</time>
      </trkpt>
      <trkpt lat="46.496715" lon="13.696298">
        <ele>847.83</ele>
        <time>2026-07-04T12:51:58.604Z</time>
      </trkpt>
      <trkpt lat="46.496716467663646" lon="13.69629817083478">
        <ele>852.5999755859375</ele>
        <time>2026-07-04T12:51:58.633Z</time>
        <extensions>
          <gpxtpx:TrackPointExtension>
            <gpxtpx:atemp>32</gpxtpx:atemp>
            <gpxtpx:hr>155</gpxtpx:hr>
            <gpxtpx:cad>85</gpxtpx:cad>
          </gpxtpx:TrackPointExtension>
        </extensions>
      </trkpt>
      <trkpt lat="46.496715" lon="13.696298">
        <ele>847.83</ele>
        <time>2026-07-04T12:51:58.662Z</time>
      </trkpt>
      <trkpt lat="46.496711" lon="13.696425">
        <ele>847.8</ele>
        <time>2026-07-04T12:52:00.428Z</time>
      </trkpt>
      <trkpt lat="46.496477" lon="13.69858">
        <ele>847.59</ele>
        <time>2026-07-04T12:52:30.454Z</time>
      </trkpt>
      <trkpt lat="46.496477" lon="13.69858">
        <ele>847.59</ele>
        <time>2026-07-04T12:52:30.454Z</time>
      </trkpt>
      <trkpt lat="46.496313" lon="13.700102">
        <ele>847.44</ele>
        <time>2026-07-04T12:52:51.656Z</time>
      </trkpt>
      <trkpt lat="46.496052" lon="13.702471">
        <ele>849.83</ele>
        <time>2026-07-04T12:53:24.676Z</time>
      </trkpt>
      <trkpt lat="46.495962" lon="13.702868">
        <ele>849.52</ele>
        <time>2026-07-04T12:53:30.428Z</time>
      </trkpt>
      <trkpt lat="46.495942" lon="13.702993">
        <ele>849.87</ele>
        <time>2026-07-04T12:53:32.194Z</time>
      </trkpt>
      <trkpt lat="46.495943" lon="13.702987">
        <ele>849.85</ele>
        <time>2026-07-04T12:53:34.867Z</time>
      </trkpt>
      <trkpt lat="46.495927" lon="13.703118">
        <ele>850.44</ele>
        <time>2026-07-04T12:53:36.593Z</time>
      </trkpt>
      <trkpt lat="46.495763" lon="13.703761">
        <ele>850.2</ele>
        <time>2026-07-04T12:53:45.489Z</time>
      </trkpt>
      <trkpt lat="46.495667" lon="13.704057">
        <ele>850.02</ele>
        <time>2026-07-04T12:53:49.734Z</time>
      </trkpt>
      <trkpt lat="46.495301" lon="13.705081">
        <ele>851.1</ele>
        <time>2026-07-04T12:54:04.703Z</time>
      </trkpt>
      <trkpt lat="46.495006" lon="13.705883">
        <ele>850</ele>
        <time>2026-07-04T12:54:16.500Z</time>
      </trkpt>
      <trkpt lat="46.494762" lon="13.706574">
        <ele>850</ele>
        <time>2026-07-04T12:54:26.575Z</time>
      </trkpt>
      <trkpt lat="46.494071" lon="13.708595">
        <ele>850.98</ele>
        <time>2026-07-04T12:54:55.852Z</time>
      </trkpt>
      <trkpt lat="46.494071" lon="13.708595">
        <ele>850.98</ele>
        <time>2026-07-04T12:54:55.852Z</time>
      </trkpt>
      <trkpt lat="46.494071" lon="13.708595">
        <ele>850.98</ele>
        <time>2026-07-04T12:54:56.096Z</time>
      </trkpt>
      <trkpt lat="46.493867" lon="13.709195">
        <ele>851</ele>
        <time>2026-07-04T12:55:04.455Z</time>
      </trkpt>
      <trkpt lat="46.49376" lon="13.709637">
        <ele>851</ele>
        <time>2026-07-04T12:55:10.308Z</time>
      </trkpt>
      <trkpt lat="46.49361" lon="13.710077">
        <ele>851.07</ele>
        <time>2026-07-04T12:55:16.477Z</time>
      </trkpt>
      <trkpt lat="46.49361" lon="13.710077">
        <ele>851.07</ele>
        <time>2026-07-04T12:55:16.477Z</time>
      </trkpt>
      <trkpt lat="46.493133" lon="13.711366">
        <ele>852</ele>
        <time>2026-07-04T12:55:34.866Z</time>
      </trkpt>
      <trkpt lat="46.49297" lon="13.711619">
        <ele>851.81</ele>
        <time>2026-07-04T12:55:39.220Z</time>
      </trkpt>
      <trkpt lat="46.492211" lon="13.713736">
        <ele>851</ele>
        <time>2026-07-04T12:56:09.213Z</time>
      </trkpt>
      <trkpt lat="46.491815" lon="13.714838">
        <ele>852.97</ele>
        <time>2026-07-04T12:56:24.833Z</time>
      </trkpt>
      <trkpt lat="46.491579" lon="13.715577">
        <ele>854.78</ele>
        <time>2026-07-04T12:56:35.069Z</time>
      </trkpt>
      <trkpt lat="46.491475" lon="13.716043">
        <ele>853.27</ele>
        <time>2026-07-04T12:56:41.224Z</time>
      </trkpt>
      <trkpt lat="46.491395" lon="13.716329">
        <ele>853.13</ele>
        <time>2026-07-04T12:56:45.103Z</time>
      </trkpt>
      <trkpt lat="46.491291" lon="13.716606">
        <ele>852.97</ele>
        <time>2026-07-04T12:56:49.067Z</time>
      </trkpt>
      <trkpt lat="46.49113" lon="13.7169">
        <ele>852.89</ele>
        <time>2026-07-04T12:56:53.787Z</time>
      </trkpt>
      <trkpt lat="46.491004" lon="13.717168">
        <ele>852.97</ele>
        <time>2026-07-04T12:56:57.865Z</time>
      </trkpt>
      <trkpt lat="46.490946" lon="13.717335">
        <ele>853.47</ele>
        <time>2026-07-04T12:57:00.182Z</time>
      </trkpt>
      <trkpt lat="46.490946" lon="13.717335">
        <ele>853.47</ele>
        <time>2026-07-04T12:57:00.182Z</time>
      </trkpt>
      <trkpt lat="46.490896" lon="13.717517">
        <ele>853.89</ele>
        <time>2026-07-04T12:57:02.609Z</time>
      </trkpt>
      <trkpt lat="46.49081" lon="13.717955">
        <ele>852.28</ele>
        <time>2026-07-04T12:57:08.252Z</time>
      </trkpt>
      <trkpt lat="46.490721" lon="13.718591">
        <ele>851.79</ele>
        <time>2026-07-04T12:57:17.154Z</time>
      </trkpt>
      <trkpt lat="46.490721" lon="13.718591">
        <ele>851.79</ele>
        <time>2026-07-04T12:57:17.154Z</time>
      </trkpt>
      <trkpt lat="46.490718" lon="13.718694">
        <ele>851.81</ele>
        <time>2026-07-04T12:57:18.396Z</time>
      </trkpt>
      <trkpt lat="46.490718" lon="13.718694">
        <ele>851.81</ele>
        <time>2026-07-04T12:57:18.396Z</time>
      </trkpt>
      <trkpt lat="46.490709" lon="13.718996">
        <ele>851.89</ele>
        <time>2026-07-04T12:57:22.372Z</time>
      </trkpt>
      <trkpt lat="46.490709" lon="13.718996">
        <ele>851.89</ele>
        <time>2026-07-04T12:57:22.372Z</time>
      </trkpt>
      <trkpt lat="46.490711" lon="13.719091">
        <ele>851.9</ele>
        <time>2026-07-04T12:57:23.597Z</time>
      </trkpt>
      <trkpt lat="46.490711" lon="13.719091">
        <ele>851.9</ele>
        <time>2026-07-04T12:57:23.597Z</time>
      </trkpt>
      <trkpt lat="46.490716" lon="13.719339">
        <ele>851.97</ele>
        <time>2026-07-04T12:57:26.795Z</time>
      </trkpt>
      <trkpt lat="46.490768" lon="13.71988">
        <ele>851.99</ele>
        <time>2026-07-04T12:57:33.758Z</time>
      </trkpt>
      <trkpt lat="46.490768" lon="13.71988">
        <ele>851.99</ele>
        <time>2026-07-04T12:57:33.758Z</time>
      </trkpt>
      <trkpt lat="46.490797" lon="13.720086">
        <ele>852.37</ele>
        <time>2026-07-04T12:57:36.438Z</time>
      </trkpt>
      <trkpt lat="46.490833" lon="13.720346">
        <ele>852.84</ele>
        <time>2026-07-04T12:57:39.819Z</time>
      </trkpt>
      <trkpt lat="46.490958" lon="13.720884">
        <ele>852</ele>
        <time>2026-07-04T12:57:47.057Z</time>
      </trkpt>
      <trkpt lat="46.490993" lon="13.720993">
        <ele>852</ele>
        <time>2026-07-04T12:57:48.590Z</time>
      </trkpt>
      <trkpt lat="46.49099204689264" lon="13.720994023606181">
        <ele>857</ele>
        <time>2026-07-04T12:57:48.611Z</time>
        <extensions>
          <gpxtpx:TrackPointExtension>
            <gpxtpx:atemp>32</gpxtpx:atemp>
            <gpxtpx:hr>150</gpxtpx:hr>
          </gpxtpx:TrackPointExtension>
        </extensions>
      </trkpt>
      <trkpt lat="46.49101132526994" lon="13.72106141410768">
        <ele>857</ele>
        <time>2026-07-04T12:57:49.741Z</time>
        <extensions>
          <gpxtpx:TrackPointExtension>
            <gpxtpx:atemp>32</gpxtpx:atemp>
            <gpxtpx:hr>150</gpxtpx:hr>
          </gpxtpx:TrackPointExtension>
        </extensions>
      </trkpt>
      <trkpt lat="46.49102959781885" lon="13.72112981043756">
        <ele>857</ele>
        <time>2026-07-04T12:57:50.973Z</time>
        <extensions>
          <gpxtpx:TrackPointExtension>
            <gpxtpx:atemp>32</gpxtpx:atemp>
            <gpxtpx:hr>149</gpxtpx:hr>
          </gpxtpx:TrackPointExtension>
        </extensions>
      </trkpt>
      <trkpt lat="46.491036" lon="13.721126">
        <ele>852</ele>
        <time>2026-07-04T12:57:51.141Z</time>
      </trkpt>
      <trkpt lat="46.491131" lon="13.721423">
        <ele>852</ele>
        <time>2026-07-04T12:57:56.641Z</time>
      </trkpt>
      <trkpt lat="46.491527" lon="13.722326">
        <ele>852</ele>
        <time>2026-07-04T12:58:14.623Z</time>
      </trkpt>
      <trkpt lat="46.49187" lon="13.722984">
        <ele>852</ele>
        <time>2026-07-04T12:58:28.485Z</time>
      </trkpt>
      <trkpt lat="46.492206" lon="13.723671">
        <ele>852.26</ele>
        <time>2026-07-04T12:58:42.638Z</time>
      </trkpt>
      <trkpt lat="46.492383" lon="13.724149">
        <ele>852.26</ele>
        <time>2026-07-04T12:58:50.280Z</time>
      </trkpt>
      <trkpt lat="46.492383" lon="13.724149">
        <ele>852.26</ele>
        <time>2026-07-04T12:58:50.280Z</time>
      </trkpt>
      <trkpt lat="46.492477" lon="13.724402">
        <ele>852.27</ele>
        <time>2026-07-04T12:58:54.328Z</time>
      </trkpt>
      <trkpt lat="46.492605" lon="13.724822">
        <ele>852.23</ele>
        <time>2026-07-04T12:59:00.108Z</time>
      </trkpt>
      <trkpt lat="46.492605" lon="13.724822">
        <ele>852.23</ele>
        <time>2026-07-04T12:59:00.108Z</time>
      </trkpt>
      <trkpt lat="46.492685" lon="13.725086">
        <ele>852.21</ele>
        <time>2026-07-04T12:59:03.737Z</time>
      </trkpt>
      <trkpt lat="46.492857" lon="13.725786">
        <ele>852.74</ele>
        <time>2026-07-04T12:59:13.090Z</time>
      </trkpt>
      <trkpt lat="46.492919" lon="13.726308">
        <ele>852.82</ele>
        <time>2026-07-04T12:59:19.756Z</time>
      </trkpt>
      <trkpt lat="46.492933" lon="13.726522">
        <ele>852.62</ele>
        <time>2026-07-04T12:59:22.461Z</time>
      </trkpt>
      <trkpt lat="46.492925" lon="13.726866">
        <ele>852.31</ele>
        <time>2026-07-04T12:59:26.587Z</time>
      </trkpt>
      <trkpt lat="46.492925" lon="13.726866">
        <ele>852.31</ele>
        <time>2026-07-04T12:59:26.587Z</time>
      </trkpt>
      <trkpt lat="46.492919" lon="13.727097">
        <ele>852.1</ele>
        <time>2026-07-04T12:59:29.358Z</time>
      </trkpt>
      <trkpt lat="46.492845" lon="13.727696">
        <ele>851.56</ele>
        <time>2026-07-04T12:59:36.653Z</time>
      </trkpt>
      <trkpt lat="46.492706" lon="13.728355">
        <ele>850.96</ele>
        <time>2026-07-04T12:59:44.915Z</time>
      </trkpt>
      <trkpt lat="46.492547" lon="13.728896">
        <ele>850.46</ele>
        <time>2026-07-04T12:59:51.966Z</time>
      </trkpt>
      <trkpt lat="46.492306" lon="13.729487">
        <ele>849.89</ele>
        <time>2026-07-04T13:00:00.200Z</time>
      </trkpt>
      <trkpt lat="46.49213" lon="13.729824">
        <ele>849.55</ele>
        <time>2026-07-04T13:00:05.270Z</time>
      </trkpt>
      <trkpt lat="46.49213" lon="13.729824">
        <ele>849.55</ele>
        <time>2026-07-04T13:00:05.270Z</time>
      </trkpt>
      <trkpt lat="46.49213" lon="13.729824">
        <ele>849.55</ele>
        <time>2026-07-04T13:00:05.646Z</time>
      </trkpt>
      <trkpt lat="46.491004" lon="13.731975">
        <ele>847.37</ele>
        <time>2026-07-04T13:00:33.883Z</time>
      </trkpt>
      <trkpt lat="46.490675" lon="13.732584">
        <ele>846.75</ele>
        <time>2026-07-04T13:00:41.972Z</time>
      </trkpt>
      <trkpt lat="46.490534" lon="13.732867">
        <ele>846.46</ele>
        <time>2026-07-04T13:00:45.622Z</time>
      </trkpt>
      <trkpt lat="46.490493" lon="13.73297">
        <ele>846.36</ele>
        <time>2026-07-04T13:00:46.863Z</time>
      </trkpt>
      <trkpt lat="46.490493" lon="13.73297">
        <ele>846.36</ele>
        <time>2026-07-04T13:00:46.863Z</time>
      </trkpt>
      <trkpt lat="46.490393" lon="13.733223">
        <ele>846.11</ele>
        <time>2026-07-04T13:00:49.907Z</time>
      </trkpt>
      <trkpt lat="46.490307" lon="13.733531">
        <ele>845.82</ele>
        <time>2026-07-04T13:00:53.375Z</time>
      </trkpt>
      <trkpt lat="46.490256" lon="13.733709">
        <ele>845.6</ele>
        <time>2026-07-04T13:00:55.387Z</time>
      </trkpt>
      <trkpt lat="46.490134" lon="13.734356">
        <ele>845.39</ele>
        <time>2026-07-04T13:01:02.388Z</time>
      </trkpt>
      <trkpt lat="46.490108" lon="13.73464">
        <ele>845.3</ele>
        <time>2026-07-04T13:01:05.422Z</time>
      </trkpt>
      <trkpt lat="46.490108" lon="13.73464">
        <ele>845.3</ele>
        <time>2026-07-04T13:01:05.422Z</time>
      </trkpt>
      <trkpt lat="46.490098" lon="13.734757">
        <ele>845.26</ele>
        <time>2026-07-04T13:01:06.670Z</time>
      </trkpt>
      <trkpt lat="46.490086" lon="13.735283">
        <ele>845.1</ele>
        <time>2026-07-04T13:01:12.243Z</time>
      </trkpt>
      <trkpt lat="46.490111" lon="13.735789">
        <ele>844.94</ele>
        <time>2026-07-04T13:01:17.615Z</time>
      </trkpt>
      <trkpt lat="46.490126" lon="13.735897">
        <ele>845.09</ele>
        <time>2026-07-04T13:01:18.877Z</time>
      </trkpt>
      <trkpt lat="46.490126" lon="13.735897">
        <ele>845.09</ele>
        <time>2026-07-04T13:01:18.877Z</time>
      </trkpt>
      <trkpt lat="46.49016" lon="13.736139">
        <ele>845.53</ele>
        <time>2026-07-04T13:01:21.706Z</time>
      </trkpt>
      <trkpt lat="46.490422" lon="13.737325">
        <ele>844.92</ele>
        <time>2026-07-04T13:01:35.975Z</time>
      </trkpt>
      <trkpt lat="46.490594" lon="13.738159">
        <ele>844.86</ele>
        <time>2026-07-04T13:01:45.948Z</time>
      </trkpt>
      <trkpt lat="46.490703" lon="13.738704">
        <ele>843.88</ele>
        <time>2026-07-04T13:01:52.449Z</time>
      </trkpt>
      <trkpt lat="46.490824" lon="13.739421">
        <ele>843.23</ele>
        <time>2026-07-04T13:02:01.817Z</time>
      </trkpt>
      <trkpt lat="46.490824" lon="13.739421">
        <ele>843.23</ele>
        <time>2026-07-04T13:02:01.817Z</time>
      </trkpt>
      <trkpt lat="46.491" lon="13.740464">
        <ele>842.29</ele>
        <time>2026-07-04T13:02:15.444Z</time>
      </trkpt>
      <trkpt lat="46.491106" lon="13.741189">
        <ele>842</ele>
        <time>2026-07-04T13:02:24.849Z</time>
      </trkpt>
      <trkpt lat="46.491168" lon="13.741795">
        <ele>842.42</ele>
        <time>2026-07-04T13:02:32.623Z</time>
      </trkpt>
      <trkpt lat="46.491218" lon="13.742568">
        <ele>844.13</ele>
        <time>2026-07-04T13:02:42.475Z</time>
      </trkpt>
      <trkpt lat="46.491235" lon="13.743137">
        <ele>843.43</ele>
        <time>2026-07-04T13:02:49.661Z</time>
      </trkpt>
      <trkpt lat="46.491235" lon="13.743137">
        <ele>843.43</ele>
        <time>2026-07-04T13:02:49.661Z</time>
      </trkpt>
      <trkpt lat="46.491234" lon="13.743943">
        <ele>842.45</ele>
        <time>2026-07-04T13:02:59.831Z</time>
      </trkpt>
      <trkpt lat="46.49114" lon="13.746244">
        <ele>842.25</ele>
        <time>2026-07-04T13:03:28.917Z</time>
      </trkpt>
      <trkpt lat="46.491054" lon="13.747595">
        <ele>842.32</ele>
        <time>2026-07-04T13:03:46.210Z</time>
      </trkpt>
      <trkpt lat="46.491054" lon="13.747595">
        <ele>842.32</ele>
        <time>2026-07-04T13:03:46.210Z</time>
      </trkpt>
      <trkpt lat="46.490898" lon="13.750049">
        <ele>839.3</ele>
        <time>2026-07-04T13:04:17.622Z</time>
      </trkpt>
      <trkpt lat="46.490872" lon="13.750291">
        <ele>838.71</ele>
        <time>2026-07-04T13:04:20.743Z</time>
      </trkpt>
      <trkpt lat="46.490756" lon="13.751939">
        <ele>837.49</ele>
        <time>2026-07-04T13:04:41.858Z</time>
      </trkpt>
      <trkpt lat="46.490752" lon="13.751968">
        <ele>837.47</ele>
        <time>2026-07-04T13:04:42.234Z</time>
      </trkpt>
      <trkpt lat="46.490752" lon="13.751968">
        <ele>837.47</ele>
        <time>2026-07-04T13:04:42.234Z</time>
      </trkpt>
      <trkpt lat="46.490671" lon="13.752489">
        <ele>837.09</ele>
        <time>2026-07-04T13:04:49.025Z</time>
      </trkpt>
      <trkpt lat="46.490633" lon="13.752605">
        <ele>837</ele>
        <time>2026-07-04T13:04:50.658Z</time>
      </trkpt>
      <trkpt lat="46.490341" lon="13.753837">
        <ele>836</ele>
        <time>2026-07-04T13:05:07.226Z</time>
      </trkpt>
      <trkpt lat="46.490287" lon="13.754196">
        <ele>835.18</ele>
        <time>2026-07-04T13:05:11.773Z</time>
      </trkpt>
      <trkpt lat="46.490287" lon="13.754196">
        <ele>835.18</ele>
        <time>2026-07-04T13:05:11.773Z</time>
      </trkpt>
      <trkpt lat="46.490203" lon="13.754827">
        <ele>835</ele>
        <time>2026-07-04T13:05:19.725Z</time>
      </trkpt>
      <trkpt lat="46.490165" lon="13.755368">
        <ele>834.48</ele>
        <time>2026-07-04T13:05:26.454Z</time>
      </trkpt>
      <trkpt lat="46.490162" lon="13.755541">
        <ele>834.51</ele>
        <time>2026-07-04T13:05:28.595Z</time>
      </trkpt>
      <trkpt lat="46.490157" lon="13.755819">
        <ele>834.55</ele>
        <time>2026-07-04T13:05:32.036Z</time>
      </trkpt>
      <trkpt lat="46.490174" lon="13.756259">
        <ele>836.04</ele>
        <time>2026-07-04T13:05:37.489Z</time>
      </trkpt>
      <trkpt lat="46.490264" lon="13.757994">
        <ele>833.65</ele>
        <time>2026-07-04T13:05:59.019Z</time>
      </trkpt>
      <trkpt lat="46.490299" lon="13.759224">
        <ele>834.98</ele>
        <time>2026-07-04T13:06:14.252Z</time>
      </trkpt>
      <trkpt lat="46.490321" lon="13.760021">
        <ele>831.57</ele>
        <time>2026-07-04T13:06:24.122Z</time>
      </trkpt>
      <trkpt lat="46.49032157845795" lon="13.760021002963185">
        <ele>837.4000244140625</ele>
        <time>2026-07-04T13:06:24.132Z</time>
        <extensions>
          <gpxtpx:TrackPointExtension>
            <gpxtpx:atemp>31</gpxtpx:atemp>
            <gpxtpx:hr>133</gpxtpx:hr>
            <gpxtpx:cad>1</gpxtpx:cad>
          </gpxtpx:TrackPointExtension>
        </extensions>
      </trkpt>
      <trkpt lat="46.490321" lon="13.760021">
        <ele>831.57</ele>
        <time>2026-07-04T13:06:24.142Z</time>
      </trkpt>
      <trkpt lat="46.490325" lon="13.760331">
        <ele>831.38</ele>
        <time>2026-07-04T13:06:27.709Z</time>
      </trkpt>
      <trkpt lat="46.490325" lon="13.760331">
        <ele>831.38</ele>
        <time>2026-07-04T13:06:27.709Z</time>
      </trkpt>
      <trkpt lat="46.490326" lon="13.760447">
        <ele>831.34</ele>
        <time>2026-07-04T13:06:29.043Z</time>
      </trkpt>
      <trkpt lat="46.49028" lon="13.760909">
        <ele>832.78</ele>
        <time>2026-07-04T13:06:34.414Z</time>
      </trkpt>
      <trkpt lat="46.490254" lon="13.761095">
        <ele>832.49</ele>
        <time>2026-07-04T13:06:36.586Z</time>
      </trkpt>
      <trkpt lat="46.490254" lon="13.761095">
        <ele>832.49</ele>
        <time>2026-07-04T13:06:36.586Z</time>
      </trkpt>
      <trkpt lat="46.490226" lon="13.761293">
        <ele>832.19</ele>
        <time>2026-07-04T13:06:38.899Z</time>
      </trkpt>
      <trkpt lat="46.490131" lon="13.761629">
        <ele>832.41</ele>
        <time>2026-07-04T13:06:43.055Z</time>
      </trkpt>
      <trkpt lat="46.489805" lon="13.762561">
        <ele>828.38</ele>
        <time>2026-07-04T13:06:55.018Z</time>
      </trkpt>
      <trkpt lat="46.48969" lon="13.763014">
        <ele>827.23</ele>
        <time>2026-07-04T13:06:59.654Z</time>
      </trkpt>
      <trkpt lat="46.48969" lon="13.763014">
        <ele>827.23</ele>
        <time>2026-07-04T13:06:59.654Z</time>
      </trkpt>
      <trkpt lat="46.489632" lon="13.763228">
        <ele>826.98</ele>
        <time>2026-07-04T13:07:01.862Z</time>
      </trkpt>
      <trkpt lat="46.489487" lon="13.763995">
        <ele>826.52</ele>
        <time>2026-07-04T13:07:09.499Z</time>
      </trkpt>
      <trkpt lat="46.489463" lon="13.764177">
        <ele>826.2</ele>
        <time>2026-07-04T13:07:11.306Z</time>
      </trkpt>
      <trkpt lat="46.489463" lon="13.764177">
        <ele>826.2</ele>
        <time>2026-07-04T13:07:11.306Z</time>
      </trkpt>
      <trkpt lat="46.489442" lon="13.764525">
        <ele>826.5</ele>
        <time>2026-07-04T13:07:14.713Z</time>
      </trkpt>
      <trkpt lat="46.489438" lon="13.7649">
        <ele>826.41</ele>
        <time>2026-07-04T13:07:18.371Z</time>
      </trkpt>
      <trkpt lat="46.489505" lon="13.765399">
        <ele>823.5</ele>
        <time>2026-07-04T13:07:23.329Z</time>
      </trkpt>
      <trkpt lat="46.489537" lon="13.765558">
        <ele>822.88</ele>
        <time>2026-07-04T13:07:24.944Z</time>
      </trkpt>
      <trkpt lat="46.489554" lon="13.765738">
        <ele>822.25</ele>
        <time>2026-07-04T13:07:26.716Z</time>
      </trkpt>
      <trkpt lat="46.489558" lon="13.765874">
        <ele>822.03</ele>
        <time>2026-07-04T13:07:28.074Z</time>
      </trkpt>
      <trkpt lat="46.489558" lon="13.765874">
        <ele>822.03</ele>
        <time>2026-07-04T13:07:28.074Z</time>
      </trkpt>
      <trkpt lat="46.489441" lon="13.767202">
        <ele>821.65</ele>
        <time>2026-07-04T13:07:41.433Z</time>
      </trkpt>
      <trkpt lat="46.489367" lon="13.768543">
        <ele>821.52</ele>
        <time>2026-07-04T13:07:54.856Z</time>
      </trkpt>
      <trkpt lat="46.489284" lon="13.769849">
        <ele>819.36</ele>
        <time>2026-07-04T13:08:07.943Z</time>
      </trkpt>
      <trkpt lat="46.489225" lon="13.770339">
        <ele>819.06</ele>
        <time>2026-07-04T13:08:12.906Z</time>
      </trkpt>
      <trkpt lat="46.489205" lon="13.770443">
        <ele>818.98</ele>
        <time>2026-07-04T13:08:14.126Z</time>
      </trkpt>
      <trkpt lat="46.489205" lon="13.770443">
        <ele>818.98</ele>
        <time>2026-07-04T13:08:14.126Z</time>
      </trkpt>
      <trkpt lat="46.489098" lon="13.771015">
        <ele>818.54</ele>
        <time>2026-07-04T13:08:20.827Z</time>
      </trkpt>
      <trkpt lat="46.489027" lon="13.771335">
        <ele>818.02</ele>
        <time>2026-07-04T13:08:24.627Z</time>
      </trkpt>
      <trkpt lat="46.488948" lon="13.771688">
        <ele>816.9</ele>
        <time>2026-07-04T13:08:28.823Z</time>
      </trkpt>
      <trkpt lat="46.488762" lon="13.772437">
        <ele>816.66</ele>
        <time>2026-07-04T13:08:37.824Z</time>
      </trkpt>
      <trkpt lat="46.488733" lon="13.772517">
        <ele>816.68</ele>
        <time>2026-07-04T13:08:38.869Z</time>
      </trkpt>
      <trkpt lat="46.488734" lon="13.772517">
        <ele>816.68</ele>
        <time>2026-07-04T13:08:38.885Z</time>
      </trkpt>
      <trkpt lat="46.488509" lon="13.773096">
        <ele>816.07</ele>
        <time>2026-07-04T13:08:46.573Z</time>
      </trkpt>
      <trkpt lat="46.488383" lon="13.773359">
        <ele>815.66</ele>
        <time>2026-07-04T13:08:50.278Z</time>
      </trkpt>
      <trkpt lat="46.488053" lon="13.773925">
        <ele>816.4</ele>
        <time>2026-07-04T13:08:58.854Z</time>
      </trkpt>
      <trkpt lat="46.48798" lon="13.774036">
        <ele>815.49</ele>
        <time>2026-07-04T13:09:00.629Z</time>
      </trkpt>
      <trkpt lat="46.487839" lon="13.774156">
        <ele>816.26</ele>
        <time>2026-07-04T13:09:03.373Z</time>
      </trkpt>
      <trkpt lat="46.487609" lon="13.774479">
        <ele>817.47</ele>
        <time>2026-07-04T13:09:08.746Z</time>
      </trkpt>
      <trkpt lat="46.487451" lon="13.77479">
        <ele>818.18</ele>
        <time>2026-07-04T13:09:13.215Z</time>
      </trkpt>
      <trkpt lat="46.48732" lon="13.77505">
        <ele>816.37</ele>
        <time>2026-07-04T13:09:16.940Z</time>
      </trkpt>
      <trkpt lat="46.487187" lon="13.775333">
        <ele>815.76</ele>
        <time>2026-07-04T13:09:20.902Z</time>
      </trkpt>
      <trkpt lat="46.487149" lon="13.77539">
        <ele>815.51</ele>
        <time>2026-07-04T13:09:21.819Z</time>
      </trkpt>
      <trkpt lat="46.486938" lon="13.77585">
        <ele>815.16</ele>
        <time>2026-07-04T13:09:28.210Z</time>
      </trkpt>
      <trkpt lat="46.486919" lon="13.775918">
        <ele>815.07</ele>
        <time>2026-07-04T13:09:29.058Z</time>
      </trkpt>
      <trkpt lat="46.486765" lon="13.776365">
        <ele>814.26</ele>
        <time>2026-07-04T13:09:34.838Z</time>
      </trkpt>
      <trkpt lat="46.486693" lon="13.776601">
        <ele>814.65</ele>
        <time>2026-07-04T13:09:37.823Z</time>
      </trkpt>
      <trkpt lat="46.486639" lon="13.776732">
        <ele>813.64</ele>
        <time>2026-07-04T13:09:39.588Z</time>
      </trkpt>
      <trkpt lat="46.48663815110922" lon="13.776731248944998">
        <ele>817.7999877929688</ele>
        <time>2026-07-04T13:09:39.604Z</time>
        <extensions>
          <gpxtpx:TrackPointExtension>
            <gpxtpx:atemp>30</gpxtpx:atemp>
            <gpxtpx:hr>140</gpxtpx:hr>
          </gpxtpx:TrackPointExtension>
        </extensions>
      </trkpt>
      <trkpt lat="46.48659364320338" lon="13.776817750185728">
        <ele>817.4000244140625</ele>
        <time>2026-07-04T13:09:40.741Z</time>
        <extensions>
          <gpxtpx:TrackPointExtension>
            <gpxtpx:atemp>30</gpxtpx:atemp>
            <gpxtpx:hr>140</gpxtpx:hr>
          </gpxtpx:TrackPointExtension>
        </extensions>
      </trkpt>
      <trkpt lat="46.48654595017433" lon="13.776901066303253">
        <ele>817</ele>
        <time>2026-07-04T13:09:41.741Z</time>
        <extensions>
          <gpxtpx:TrackPointExtension>
            <gpxtpx:atemp>29</gpxtpx:atemp>
            <gpxtpx:hr>139</gpxtpx:hr>
          </gpxtpx:TrackPointExtension>
        </extensions>
      </trkpt>
      <trkpt lat="46.48649716749787" lon="13.776984801515937">
        <ele>816.7999877929688</ele>
        <time>2026-07-04T13:09:42.741Z</time>
        <extensions>
          <gpxtpx:TrackPointExtension>
            <gpxtpx:atemp>30</gpxtpx:atemp>
            <gpxtpx:hr>139</gpxtpx:hr>
          </gpxtpx:TrackPointExtension>
        </extensions>
      </trkpt>
      <trkpt lat="46.48644955828786" lon="13.777067279443145">
        <ele>816.2000122070312</ele>
        <time>2026-07-04T13:09:43.741Z</time>
        <extensions>
          <gpxtpx:TrackPointExtension>
            <gpxtpx:atemp>30</gpxtpx:atemp>
            <gpxtpx:hr>139</gpxtpx:hr>
          </gpxtpx:TrackPointExtension>
        </extensions>
      </trkpt>
      <trkpt lat="46.486396081745625" lon="13.777151182293892">
        <ele>816</ele>
        <time>2026-07-04T13:09:44.741Z</time>
        <extensions>
          <gpxtpx:TrackPointExtension>
            <gpxtpx:atemp>30</gpxtpx:atemp>
            <gpxtpx:hr>138</gpxtpx:hr>
          </gpxtpx:TrackPointExtension>
        </extensions>
      </trkpt>
      <trkpt lat="46.48634017445147" lon="13.777238689363003">
        <ele>815.5999755859375</ele>
        <time>2026-07-04T13:09:45.741Z</time>
        <extensions>
          <gpxtpx:TrackPointExtension>
            <gpxtpx:atemp>29</gpxtpx:atemp>
            <gpxtpx:hr>138</gpxtpx:hr>
          </gpxtpx:TrackPointExtension>
        </extensions>
      </trkpt>
      <trkpt lat="46.486283261328936" lon="13.77732502296567">
        <ele>815.2000122070312</ele>
        <time>2026-07-04T13:09:46.741Z</time>
        <extensions>
          <gpxtpx:TrackPointExtension>
            <gpxtpx:atemp>30</gpxtpx:atemp>
            <gpxtpx:hr>137</gpxtpx:hr>
          </gpxtpx:TrackPointExtension>
        </extensions>
      </trkpt>
      <trkpt lat="46.48622768931091" lon="13.777411440387368">
        <ele>814.7999877929688</ele>
        <time>2026-07-04T13:09:47.741Z</time>
        <extensions>
          <gpxtpx:TrackPointExtension>
            <gpxtpx:atemp>30</gpxtpx:atemp>
            <gpxtpx:hr>137</gpxtpx:hr>
          </gpxtpx:TrackPointExtension>
        </extensions>
      </trkpt>
      <trkpt lat="46.48617303930223" lon="13.777500623837113">
        <ele>814.4000244140625</ele>
        <time>2026-07-04T13:09:48.741Z</time>
        <extensions>
          <gpxtpx:TrackPointExtension>
            <gpxtpx:atemp>30</gpxtpx:atemp>
            <gpxtpx:hr>137</gpxtpx:hr>
          </gpxtpx:TrackPointExtension>
        </extensions>
      </trkpt>
      <trkpt lat="46.48612207733095" lon="13.77758746035397">
        <ele>814.2000122070312</ele>
        <time>2026-07-04T13:09:49.741Z</time>
        <extensions>
          <gpxtpx:TrackPointExtension>
            <gpxtpx:atemp>30</gpxtpx:atemp>
            <gpxtpx:hr>137</gpxtpx:hr>
          </gpxtpx:TrackPointExtension>
        </extensions>
      </trkpt>
      <trkpt lat="46.48607128299773" lon="13.777670776471496">
        <ele>813.7999877929688</ele>
        <time>2026-07-04T13:09:50.741Z</time>
        <extensions>
          <gpxtpx:TrackPointExtension>
            <gpxtpx:atemp>30</gpxtpx:atemp>
            <gpxtpx:hr>137</gpxtpx:hr>
          </gpxtpx:TrackPointExtension>
        </extensions>
      </trkpt>
      <trkpt lat="46.48602250032127" lon="13.777751913294196">
        <ele>813.7999877929688</ele>
        <time>2026-07-04T13:09:51.741Z</time>
        <extensions>
          <gpxtpx:TrackPointExtension>
            <gpxtpx:atemp>30</gpxtpx:atemp>
            <gpxtpx:hr>137</gpxtpx:hr>
          </gpxtpx:TrackPointExtension>
        </extensions>
      </trkpt>
      <trkpt lat="46.48597748950124" lon="13.777826176956296">
        <ele>813.5999755859375</ele>
        <time>2026-07-04T13:09:52.741Z</time>
        <extensions>
          <gpxtpx:TrackPointExtension>
            <gpxtpx:atemp>30</gpxtpx:atemp>
            <gpxtpx:hr>135</gpxtpx:hr>
          </gpxtpx:TrackPointExtension>
        </extensions>
      </trkpt>
      <trkpt lat="46.48593449033797" lon="13.777899434790015">
        <ele>813.4000244140625</ele>
        <time>2026-07-04T13:09:53.741Z</time>
        <extensions>
          <gpxtpx:TrackPointExtension>
            <gpxtpx:atemp>30</gpxtpx:atemp>
            <gpxtpx:hr>134</gpxtpx:hr>
          </gpxtpx:TrackPointExtension>
        </extensions>
      </trkpt>
      <trkpt lat="46.48589367046952" lon="13.777974369004369">
        <ele>813.2000122070312</ele>
        <time>2026-07-04T13:09:54.741Z</time>
        <extensions>
          <gpxtpx:TrackPointExtension>
            <gpxtpx:atemp>30</gpxtpx:atemp>
            <gpxtpx:hr>132</gpxtpx:hr>
          </gpxtpx:TrackPointExtension>
        </extensions>
      </trkpt>
      <trkpt lat="46.485857209190726" lon="13.778049470856786">
        <ele>813.2000122070312</ele>
        <time>2026-07-04T13:09:55.741Z</time>
        <extensions>
          <gpxtpx:TrackPointExtension>
            <gpxtpx:atemp>30</gpxtpx:atemp>
            <gpxtpx:hr>132</gpxtpx:hr>
          </gpxtpx:TrackPointExtension>
        </extensions>
      </trkpt>
      <trkpt lat="46.48582234047353" lon="13.778125578537583">
        <ele>813.2000122070312</ele>
        <time>2026-07-04T13:09:56.741Z</time>
        <extensions>
          <gpxtpx:TrackPointExtension>
            <gpxtpx:atemp>30</gpxtpx:atemp>
            <gpxtpx:hr>131</gpxtpx:hr>
          </gpxtpx:TrackPointExtension>
        </extensions>
      </trkpt>
      <trkpt lat="46.48578956723213" lon="13.778198165819049">
        <ele>813</ele>
        <time>2026-07-04T13:09:57.741Z</time>
        <extensions>
          <gpxtpx:TrackPointExtension>
            <gpxtpx:atemp>30</gpxtpx:atemp>
            <gpxtpx:hr>131</gpxtpx:hr>
          </gpxtpx:TrackPointExtension>
        </extensions>
      </trkpt>
      <trkpt lat="46.485760817304254" lon="13.778266059234738">
        <ele>813</ele>
        <time>2026-07-04T13:09:58.741Z</time>
        <extensions>
          <gpxtpx:TrackPointExtension>
            <gpxtpx:atemp>30</gpxtpx:atemp>
            <gpxtpx:hr>131</gpxtpx:hr>
          </gpxtpx:TrackPointExtension>
        </extensions>
      </trkpt>
      <trkpt lat="46.48573374375701" lon="13.77832917496562">
        <ele>813</ele>
        <time>2026-07-04T13:09:59.741Z</time>
        <extensions>
          <gpxtpx:TrackPointExtension>
            <gpxtpx:atemp>30</gpxtpx:atemp>
            <gpxtpx:hr>131</gpxtpx:hr>
          </gpxtpx:TrackPointExtension>
        </extensions>
      </trkpt>
      <trkpt lat="46.48570583201945" lon="13.778387680649757">
        <ele>813</ele>
        <time>2026-07-04T13:10:00.741Z</time>
        <extensions>
          <gpxtpx:TrackPointExtension>
            <gpxtpx:atemp>30</gpxtpx:atemp>
            <gpxtpx:hr>131</gpxtpx:hr>
          </gpxtpx:TrackPointExtension>
        </extensions>
      </trkpt>
      <trkpt lat="46.485681273043156" lon="13.77843763679266">
        <ele>813</ele>
        <time>2026-07-04T13:10:01.741Z</time>
        <extensions>
          <gpxtpx:TrackPointExtension>
            <gpxtpx:atemp>30</gpxtpx:atemp>
            <gpxtpx:hr>131</gpxtpx:hr>
          </gpxtpx:TrackPointExtension>
        </extensions>
      </trkpt>
      <trkpt lat="46.48565889336169" lon="13.778483318164945">
        <ele>813</ele>
        <time>2026-07-04T13:10:02.741Z</time>
        <extensions>
          <gpxtpx:TrackPointExtension>
            <gpxtpx:atemp>30</gpxtpx:atemp>
            <gpxtpx:hr>130</gpxtpx:hr>
          </gpxtpx:TrackPointExtension>
        </extensions>
      </trkpt>
      <trkpt lat="46.485637268051505" lon="13.7785270716995">
        <ele>813</ele>
        <time>2026-07-04T13:10:03.741Z</time>
        <extensions>
          <gpxtpx:TrackPointExtension>
            <gpxtpx:atemp>30</gpxtpx:atemp>
            <gpxtpx:hr>129</gpxtpx:hr>
          </gpxtpx:TrackPointExtension>
        </extensions>
      </trkpt>
      <trkpt lat="46.48561832495034" lon="13.778567388653755">
        <ele>813</ele>
        <time>2026-07-04T13:10:04.741Z</time>
        <extensions>
          <gpxtpx:TrackPointExtension>
            <gpxtpx:atemp>30</gpxtpx:atemp>
            <gpxtpx:hr>128</gpxtpx:hr>
          </gpxtpx:TrackPointExtension>
        </extensions>
      </trkpt>
      <trkpt lat="46.48560022003949" lon="13.778608795255423">
        <ele>813</ele>
        <time>2026-07-04T13:10:05.741Z</time>
        <extensions>
          <gpxtpx:TrackPointExtension>
            <gpxtpx:atemp>30</gpxtpx:atemp>
            <gpxtpx:hr>128</gpxtpx:hr>
          </gpxtpx:TrackPointExtension>
        </extensions>
      </trkpt>
      <trkpt lat="46.48558706045151" lon="13.778651123866439">
        <ele>813</ele>
        <time>2026-07-04T13:10:06.741Z</time>
        <extensions>
          <gpxtpx:TrackPointExtension>
            <gpxtpx:atemp>30</gpxtpx:atemp>
            <gpxtpx:hr>128</gpxtpx:hr>
            <gpxtpx:cad>1</gpxtpx:cad>
          </gpxtpx:TrackPointExtension>
        </extensions>
      </trkpt>
      <trkpt lat="46.48557138629258" lon="13.77869470976293">
        <ele>813</ele>
        <time>2026-07-04T13:10:07.741Z</time>
        <extensions>
          <gpxtpx:TrackPointExtension>
            <gpxtpx:atemp>30</gpxtpx:atemp>
            <gpxtpx:hr>129</gpxtpx:hr>
            <gpxtpx:cad>56</gpxtpx:cad>
          </gpxtpx:TrackPointExtension>
        </extensions>
      </trkpt>
      <trkpt lat="46.485548755154014" lon="13.778740977868438">
        <ele>813</ele>
        <time>2026-07-04T13:10:08.741Z</time>
        <extensions>
          <gpxtpx:TrackPointExtension>
            <gpxtpx:atemp>30</gpxtpx:atemp>
            <gpxtpx:hr>130</gpxtpx:hr>
            <gpxtpx:cad>67</gpxtpx:cad>
          </gpxtpx:TrackPointExtension>
        </extensions>
      </trkpt>
      <trkpt lat="46.48552226833999" lon="13.778779115527868">
        <ele>813</ele>
        <time>2026-07-04T13:10:09.741Z</time>
        <extensions>
          <gpxtpx:TrackPointExtension>
            <gpxtpx:atemp>30</gpxtpx:atemp>
            <gpxtpx:hr>131</gpxtpx:hr>
            <gpxtpx:cad>76</gpxtpx:cad>
          </gpxtpx:TrackPointExtension>
        </extensions>
      </trkpt>
      <trkpt lat="46.48549712263048" lon="13.77881239168346">
        <ele>813</ele>
        <time>2026-07-04T13:10:10.741Z</time>
        <extensions>
          <gpxtpx:TrackPointExtension>
            <gpxtpx:atemp>30</gpxtpx:atemp>
            <gpxtpx:hr>132</gpxtpx:hr>
            <gpxtpx:cad>73</gpxtpx:cad>
          </gpxtpx:TrackPointExtension>
        </extensions>
      </trkpt>
      <trkpt lat="46.485474072396755" lon="13.77884709276259">
        <ele>813</ele>
        <time>2026-07-04T13:10:11.741Z</time>
        <extensions>
          <gpxtpx:TrackPointExtension>
            <gpxtpx:atemp>30</gpxtpx:atemp>
            <gpxtpx:hr>132</gpxtpx:hr>
            <gpxtpx:cad>70</gpxtpx:cad>
          </gpxtpx:TrackPointExtension>
        </extensions>
      </trkpt>
      <trkpt lat="46.485451525077224" lon="13.778881039470434">
        <ele>813</ele>
        <time>2026-07-04T13:10:12.741Z</time>
        <extensions>
          <gpxtpx:TrackPointExtension>
            <gpxtpx:atemp>30</gpxtpx:atemp>
            <gpxtpx:hr>132</gpxtpx:hr>
            <gpxtpx:cad>69</gpxtpx:cad>
          </gpxtpx:TrackPointExtension>
        </extensions>
      </trkpt>
      <trkpt lat="46.48542981594801" lon="13.778914147987962">
        <ele>813</ele>
        <time>2026-07-04T13:10:13.741Z</time>
        <extensions>
          <gpxtpx:TrackPointExtension>
            <gpxtpx:atemp>30</gpxtpx:atemp>
            <gpxtpx:hr>132</gpxtpx:hr>
            <gpxtpx:cad>67</gpxtpx:cad>
          </gpxtpx:TrackPointExtension>
        </extensions>
      </trkpt>
      <trkpt lat="46.485415399074554" lon="13.778952285647392">
        <ele>813.2000122070312</ele>
        <time>2026-07-04T13:10:14.741Z</time>
        <extensions>
          <gpxtpx:TrackPointExtension>
            <gpxtpx:atemp>30</gpxtpx:atemp>
            <gpxtpx:hr>132</gpxtpx:hr>
            <gpxtpx:cad>67</gpxtpx:cad>
          </gpxtpx:TrackPointExtension>
        </extensions>
      </trkpt>
      <trkpt lat="46.48540006019175" lon="13.778991848230362">
        <ele>813.2000122070312</ele>
        <time>2026-07-04T13:10:15.741Z</time>
        <extensions>
          <gpxtpx:TrackPointExtension>
            <gpxtpx:atemp>30</gpxtpx:atemp>
            <gpxtpx:hr>132</gpxtpx:hr>
            <gpxtpx:cad>67</gpxtpx:cad>
          </gpxtpx:TrackPointExtension>
        </extensions>
      </trkpt>
      <trkpt lat="46.48538639768958" lon="13.779035601764917">
        <ele>813.4000244140625</ele>
        <time>2026-07-04T13:10:16.741Z</time>
        <extensions>
          <gpxtpx:TrackPointExtension>
            <gpxtpx:atemp>30</gpxtpx:atemp>
            <gpxtpx:hr>133</gpxtpx:hr>
            <gpxtpx:cad>67</gpxtpx:cad>
          </gpxtpx:TrackPointExtension>
        </extensions>
      </trkpt>
      <trkpt lat="46.48537156172097" lon="13.779078936204314">
        <ele>813.4000244140625</ele>
        <time>2026-07-04T13:10:17.741Z</time>
        <extensions>
          <gpxtpx:TrackPointExtension>
            <gpxtpx:atemp>30</gpxtpx:atemp>
            <gpxtpx:hr>133</gpxtpx:hr>
            <gpxtpx:cad>74</gpxtpx:cad>
          </gpxtpx:TrackPointExtension>
        </extensions>
      </trkpt>
      <trkpt lat="46.48535647429526" lon="13.779122941195965">
        <ele>813.5999755859375</ele>
        <time>2026-07-04T13:10:18.741Z</time>
        <extensions>
          <gpxtpx:TrackPointExtension>
            <gpxtpx:atemp>30</gpxtpx:atemp>
            <gpxtpx:hr>133</gpxtpx:hr>
            <gpxtpx:cad>79</gpxtpx:cad>
          </gpxtpx:TrackPointExtension>
        </extensions>
      </trkpt>
      <trkpt lat="46.485340716317296" lon="13.779165269806981">
        <ele>813.5999755859375</ele>
        <time>2026-07-04T13:10:19.741Z</time>
        <extensions>
          <gpxtpx:TrackPointExtension>
            <gpxtpx:atemp>30</gpxtpx:atemp>
            <gpxtpx:hr>133</gpxtpx:hr>
            <gpxtpx:cad>79</gpxtpx:cad>
          </gpxtpx:TrackPointExtension>
        </extensions>
      </trkpt>
      <trkpt lat="46.48532805964351" lon="13.779205083847046">
        <ele>813.5999755859375</ele>
        <time>2026-07-04T13:10:20.741Z</time>
        <extensions>
          <gpxtpx:TrackPointExtension>
            <gpxtpx:atemp>30</gpxtpx:atemp>
            <gpxtpx:hr>133</gpxtpx:hr>
            <gpxtpx:cad>79</gpxtpx:cad>
          </gpxtpx:TrackPointExtension>
        </extensions>
      </trkpt>
      <trkpt lat="46.48531355895102" lon="13.779250094667077">
        <ele>813.4000244140625</ele>
        <time>2026-07-04T13:10:21.741Z</time>
        <extensions>
          <gpxtpx:TrackPointExtension>
            <gpxtpx:atemp>30</gpxtpx:atemp>
            <gpxtpx:hr>133</gpxtpx:hr>
            <gpxtpx:cad>79</gpxtpx:cad>
          </gpxtpx:TrackPointExtension>
        </extensions>
      </trkpt>
      <trkpt lat="46.48529939353466" lon="13.779295440763235">
        <ele>813.4000244140625</ele>
        <time>2026-07-04T13:10:22.741Z</time>
        <extensions>
          <gpxtpx:TrackPointExtension>
            <gpxtpx:atemp>30</gpxtpx:atemp>
            <gpxtpx:hr>132</gpxtpx:hr>
            <gpxtpx:cad>78</gpxtpx:cad>
          </gpxtpx:TrackPointExtension>
        </extensions>
      </trkpt>
      <trkpt lat="46.485283551737666" lon="13.779340032488108">
        <ele>813.4000244140625</ele>
        <time>2026-07-04T13:10:23.741Z</time>
        <extensions>
          <gpxtpx:TrackPointExtension>
            <gpxtpx:atemp>30</gpxtpx:atemp>
            <gpxtpx:hr>133</gpxtpx:hr>
            <gpxtpx:cad>77</gpxtpx:cad>
          </gpxtpx:TrackPointExtension>
        </extensions>
      </trkpt>
      <trkpt lat="46.485269386321306" lon="13.77938311547041">
        <ele>813.4000244140625</ele>
        <time>2026-07-04T13:10:24.741Z</time>
        <extensions>
          <gpxtpx:TrackPointExtension>
            <gpxtpx:atemp>30</gpxtpx:atemp>
            <gpxtpx:hr>133</gpxtpx:hr>
            <gpxtpx:cad>76</gpxtpx:cad>
          </gpxtpx:TrackPointExtension>
        </extensions>
      </trkpt>
      <trkpt lat="46.485258154571056" lon="13.779426366090775">
        <ele>813.4000244140625</ele>
        <time>2026-07-04T13:10:25.741Z</time>
        <extensions>
          <gpxtpx:TrackPointExtension>
            <gpxtpx:atemp>30</gpxtpx:atemp>
            <gpxtpx:hr>133</gpxtpx:hr>
            <gpxtpx:cad>73</gpxtpx:cad>
          </gpxtpx:TrackPointExtension>
        </extensions>
      </trkpt>
      <trkpt lat="46.48524792864919" lon="13.779470538720489">
        <ele>813.5999755859375</ele>
        <time>2026-07-04T13:10:26.741Z</time>
        <extensions>
          <gpxtpx:TrackPointExtension>
            <gpxtpx:atemp>30</gpxtpx:atemp>
            <gpxtpx:hr>134</gpxtpx:hr>
            <gpxtpx:cad>73</gpxtpx:cad>
          </gpxtpx:TrackPointExtension>
        </extensions>
      </trkpt>
      <trkpt lat="46.485237535089254" lon="13.77951412461698">
        <ele>813.5999755859375</ele>
        <time>2026-07-04T13:10:27.741Z</time>
        <extensions>
          <gpxtpx:TrackPointExtension>
            <gpxtpx:atemp>30</gpxtpx:atemp>
            <gpxtpx:hr>134</gpxtpx:hr>
            <gpxtpx:cad>73</gpxtpx:cad>
          </gpxtpx:TrackPointExtension>
        </extensions>
      </trkpt>
      <trkpt lat="46.48522789590061" lon="13.779552765190601">
        <ele>813.5999755859375</ele>
        <time>2026-07-04T13:10:28.741Z</time>
        <extensions>
          <gpxtpx:TrackPointExtension>
            <gpxtpx:atemp>30</gpxtpx:atemp>
            <gpxtpx:hr>134</gpxtpx:hr>
            <gpxtpx:cad>72</gpxtpx:cad>
          </gpxtpx:TrackPointExtension>
        </extensions>
      </trkpt>
      <trkpt lat="46.48521389812231" lon="13.779593165963888">
        <ele>813.7999877929688</ele>
        <time>2026-07-04T13:10:29.741Z</time>
        <extensions>
          <gpxtpx:TrackPointExtension>
            <gpxtpx:atemp>30</gpxtpx:atemp>
            <gpxtpx:hr>134</gpxtpx:hr>
            <gpxtpx:cad>73</gpxtpx:cad>
          </gpxtpx:TrackPointExtension>
        </extensions>
      </trkpt>
      <trkpt lat="46.48519922979176" lon="13.779634069651365">
        <ele>813.7999877929688</ele>
        <time>2026-07-04T13:10:30.741Z</time>
        <extensions>
          <gpxtpx:TrackPointExtension>
            <gpxtpx:atemp>30</gpxtpx:atemp>
            <gpxtpx:hr>135</gpxtpx:hr>
            <gpxtpx:cad>73</gpxtpx:cad>
          </gpxtpx:TrackPointExtension>
        </extensions>
      </trkpt>
      <trkpt lat="46.48518313653767" lon="13.779672794044018">
        <ele>813.7999877929688</ele>
        <time>2026-07-04T13:10:31.741Z</time>
        <extensions>
          <gpxtpx:TrackPointExtension>
            <gpxtpx:atemp>30</gpxtpx:atemp>
            <gpxtpx:hr>135</gpxtpx:hr>
            <gpxtpx:cad>73</gpxtpx:cad>
          </gpxtpx:TrackPointExtension>
        </extensions>
      </trkpt>
      <trkpt lat="46.48516662418842" lon="13.779710177332163">
        <ele>813.7999877929688</ele>
        <time>2026-07-04T13:10:32.741Z</time>
        <extensions>
          <gpxtpx:TrackPointExtension>
            <gpxtpx:atemp>30</gpxtpx:atemp>
            <gpxtpx:hr>135</gpxtpx:hr>
            <gpxtpx:cad>73</gpxtpx:cad>
          </gpxtpx:TrackPointExtension>
        </extensions>
      </trkpt>
      <trkpt lat="46.48515329696238" lon="13.779746470972896">
        <ele>814</ele>
        <time>2026-07-04T13:10:33.741Z</time>
        <extensions>
          <gpxtpx:TrackPointExtension>
            <gpxtpx:atemp>30</gpxtpx:atemp>
            <gpxtpx:hr>136</gpxtpx:hr>
            <gpxtpx:cad>73</gpxtpx:cad>
          </gpxtpx:TrackPointExtension>
        </extensions>
      </trkpt>
      <trkpt lat="46.48513569496572" lon="13.779787374660373">
        <ele>814</ele>
        <time>2026-07-04T13:10:34.741Z</time>
        <extensions>
          <gpxtpx:TrackPointExtension>
            <gpxtpx:atemp>30</gpxtpx:atemp>
            <gpxtpx:hr>137</gpxtpx:hr>
            <gpxtpx:cad>73</gpxtpx:cad>
          </gpxtpx:TrackPointExtension>
        </extensions>
      </trkpt>
      <trkpt lat="46.485117925331" lon="13.779825596138835">
        <ele>814</ele>
        <time>2026-07-04T13:10:35.741Z</time>
        <extensions>
          <gpxtpx:TrackPointExtension>
            <gpxtpx:atemp>30</gpxtpx:atemp>
            <gpxtpx:hr>137</gpxtpx:hr>
            <gpxtpx:cad>73</gpxtpx:cad>
          </gpxtpx:TrackPointExtension>
        </extensions>
      </trkpt>
      <trkpt lat="46.48509990423918" lon="13.77986398525536">
        <ele>814</ele>
        <time>2026-07-04T13:10:36.741Z</time>
        <extensions>
          <gpxtpx:TrackPointExtension>
            <gpxtpx:atemp>30</gpxtpx:atemp>
            <gpxtpx:hr>137</gpxtpx:hr>
            <gpxtpx:cad>72</gpxtpx:cad>
          </gpxtpx:TrackPointExtension>
        </extensions>
      </trkpt>
      <trkpt lat="46.485083140432835" lon="13.779901452362537">
        <ele>814</ele>
        <time>2026-07-04T13:10:37.741Z</time>
        <extensions>
          <gpxtpx:TrackPointExtension>
            <gpxtpx:atemp>30</gpxtpx:atemp>
            <gpxtpx:hr>137</gpxtpx:hr>
            <gpxtpx:cad>26</gpxtpx:cad>
          </gpxtpx:TrackPointExtension>
        </extensions>
      </trkpt>
      <trkpt lat="46.485070399940014" lon="13.77993824891746">
        <ele>814</ele>
        <time>2026-07-04T13:10:38.741Z</time>
        <extensions>
          <gpxtpx:TrackPointExtension>
            <gpxtpx:atemp>30</gpxtpx:atemp>
            <gpxtpx:hr>137</gpxtpx:hr>
            <gpxtpx:cad>70</gpxtpx:cad>
          </gpxtpx:TrackPointExtension>
        </extensions>
      </trkpt>
      <trkpt lat="46.48505765944719" lon="13.779977727681398">
        <ele>814</ele>
        <time>2026-07-04T13:10:39.741Z</time>
        <extensions>
          <gpxtpx:TrackPointExtension>
            <gpxtpx:atemp>30</gpxtpx:atemp>
            <gpxtpx:hr>137</gpxtpx:hr>
            <gpxtpx:cad>73</gpxtpx:cad>
          </gpxtpx:TrackPointExtension>
        </extensions>
      </trkpt>
      <trkpt lat="46.485045002773404" lon="13.780016787350178">
        <ele>814</ele>
        <time>2026-07-04T13:10:40.741Z</time>
        <extensions>
          <gpxtpx:TrackPointExtension>
            <gpxtpx:atemp>30</gpxtpx:atemp>
            <gpxtpx:hr>137</gpxtpx:hr>
            <gpxtpx:cad>73</gpxtpx:cad>
          </gpxtpx:TrackPointExtension>
        </extensions>
      </trkpt>
      <trkpt lat="46.48502907715738" lon="13.78005894832313">
        <ele>814</ele>
        <time>2026-07-04T13:10:41.741Z</time>
        <extensions>
          <gpxtpx:TrackPointExtension>
            <gpxtpx:atemp>30</gpxtpx:atemp>
            <gpxtpx:hr>137</gpxtpx:hr>
            <gpxtpx:cad>77</gpxtpx:cad>
          </gpxtpx:TrackPointExtension>
        </extensions>
      </trkpt>
      <trkpt lat="46.48500728420913" lon="13.780100103467703">
        <ele>814</ele>
        <time>2026-07-04T13:10:42.741Z</time>
        <extensions>
          <gpxtpx:TrackPointExtension>
            <gpxtpx:atemp>30</gpxtpx:atemp>
            <gpxtpx:hr>137</gpxtpx:hr>
            <gpxtpx:cad>80</gpxtpx:cad>
          </gpxtpx:TrackPointExtension>
        </extensions>
      </trkpt>
      <trkpt lat="46.48498238995671" lon="13.780136229470372">
        <ele>814</ele>
        <time>2026-07-04T13:10:43.741Z</time>
        <extensions>
          <gpxtpx:TrackPointExtension>
            <gpxtpx:atemp>30</gpxtpx:atemp>
            <gpxtpx:hr>137</gpxtpx:hr>
            <gpxtpx:cad>82</gpxtpx:cad>
          </gpxtpx:TrackPointExtension>
        </extensions>
      </trkpt>
      <trkpt lat="46.48495774716139" lon="13.780172355473042">
        <ele>814</ele>
        <time>2026-07-04T13:10:44.741Z</time>
        <extensions>
          <gpxtpx:TrackPointExtension>
            <gpxtpx:atemp>30</gpxtpx:atemp>
            <gpxtpx:hr>137</gpxtpx:hr>
            <gpxtpx:cad>82</gpxtpx:cad>
          </gpxtpx:TrackPointExtension>
        </extensions>
      </trkpt>
      <trkpt lat="46.48493587039411" lon="13.78021040931344">
        <ele>814</ele>
        <time>2026-07-04T13:10:45.741Z</time>
        <extensions>
          <gpxtpx:TrackPointExtension>
            <gpxtpx:atemp>30</gpxtpx:atemp>
            <gpxtpx:hr>137</gpxtpx:hr>
            <gpxtpx:cad>82</gpxtpx:cad>
          </gpxtpx:TrackPointExtension>
        </extensions>
      </trkpt>
      <trkpt lat="46.48491625674069" lon="13.780250642448664">
        <ele>814</ele>
        <time>2026-07-04T13:10:46.741Z</time>
        <extensions>
          <gpxtpx:TrackPointExtension>
            <gpxtpx:atemp>30</gpxtpx:atemp>
            <gpxtpx:hr>138</gpxtpx:hr>
            <gpxtpx:cad>80</gpxtpx:cad>
          </gpxtpx:TrackPointExtension>
        </extensions>
      </trkpt>
      <trkpt lat="46.484899912029505" lon="13.780294815078378">
        <ele>814</ele>
        <time>2026-07-04T13:10:47.827Z</time>
        <extensions>
          <gpxtpx:TrackPointExtension>
            <gpxtpx:atemp>30</gpxtpx:atemp>
            <gpxtpx:hr>138</gpxtpx:hr>
            <gpxtpx:cad>80</gpxtpx:cad>
          </gpxtpx:TrackPointExtension>
        </extensions>
      </trkpt>
      <trkpt lat="46.484913" lon="13.780304">
        <ele>808.81</ele>
        <time>2026-07-04T13:10:48.284Z</time>
      </trkpt>
      <trkpt lat="46.484888" lon="13.780383">
        <ele>809</ele>
        <time>2026-07-04T13:10:50.167Z</time>
      </trkpt>
      <trkpt lat="46.484845" lon="13.78062">
        <ele>808.92</ele>
        <time>2026-07-04T13:10:55.475Z</time>
      </trkpt>
      <trkpt lat="46.48482" lon="13.781078">
        <ele>809</ele>
        <time>2026-07-04T13:11:05.426Z</time>
      </trkpt>
      <trkpt lat="46.484798" lon="13.78201">
        <ele>809.91</ele>
        <time>2026-07-04T13:11:25.625Z</time>
      </trkpt>
      <trkpt lat="46.484792" lon="13.782174">
        <ele>810</ele>
        <time>2026-07-04T13:11:29.182Z</time>
      </trkpt>
      <trkpt lat="46.484792" lon="13.782174">
        <ele>810</ele>
        <time>2026-07-04T13:11:29.182Z</time>
      </trkpt>
      <trkpt lat="46.48479" lon="13.782208">
        <ele>810</ele>
        <time>2026-07-04T13:11:30.342Z</time>
      </trkpt>
      <trkpt lat="46.48479" lon="13.782208">
        <ele>810</ele>
        <time>2026-07-04T13:11:30.342Z</time>
      </trkpt>
      <trkpt lat="46.48479" lon="13.782208">
        <ele>810</ele>
        <time>2026-07-04T13:11:30.342Z</time>
      </trkpt>
      <trkpt lat="46.484747" lon="13.782574">
        <ele>810.23</ele>
        <time>2026-07-04T13:11:45.387Z</time>
      </trkpt>
      <trkpt lat="46.484747" lon="13.782574">
        <ele>810.23</ele>
        <time>2026-07-04T13:11:45.387Z</time>
      </trkpt>
      <trkpt lat="46.484734" lon="13.78266">
        <ele>810.34</ele>
        <time>2026-07-04T13:11:48.954Z</time>
      </trkpt>
      <trkpt lat="46.484477" lon="13.783374">
        <ele>810.93</ele>
        <time>2026-07-04T13:12:21.601Z</time>
      </trkpt>
      <trkpt lat="46.484366" lon="13.783526">
        <ele>810.47</ele>
        <time>2026-07-04T13:12:30.579Z</time>
      </trkpt>
      <trkpt lat="46.484364" lon="13.783526">
        <ele>810.48</ele>
        <time>2026-07-04T13:12:30.710Z</time>
      </trkpt>
      <trkpt lat="46.484367" lon="13.783525">
        <ele>810.47</ele>
        <time>2026-07-04T13:12:30.770Z</time>
      </trkpt>
      <trkpt lat="46.484366" lon="13.783526">
        <ele>810.47</ele>
        <time>2026-07-04T13:12:30.852Z</time>
      </trkpt>
      <trkpt lat="46.484381" lon="13.783601">
        <ele>810.64</ele>
        <time>2026-07-04T13:12:34.492Z</time>
      </trkpt>
      <trkpt lat="46.484374" lon="13.783744">
        <ele>811</ele>
        <time>2026-07-04T13:12:41.174Z</time>
      </trkpt>
      <trkpt lat="46.484286" lon="13.78409">
        <ele>810.97</ele>
        <time>2026-07-04T13:12:58.366Z</time>
      </trkpt>
      <trkpt lat="46.484286" lon="13.78409">
        <ele>810.97</ele>
        <time>2026-07-04T13:12:58.366Z</time>
      </trkpt>
      <trkpt lat="46.484286" lon="13.78409">
        <ele>810.97</ele>
        <time>2026-07-04T13:12:58.381Z</time>
      </trkpt>
      <trkpt lat="46.4842" lon="13.784452">
        <ele>811</ele>
        <time>2026-07-04T13:13:17.065Z</time>
      </trkpt>
      <trkpt lat="46.4842" lon="13.784452">
        <ele>811</ele>
        <time>2026-07-04T13:13:17.065Z</time>
      </trkpt>
      <trkpt lat="46.484186" lon="13.784657">
        <ele>811</ele>
        <time>2026-07-04T13:13:27.116Z</time>
      </trkpt>
      <trkpt lat="46.484202" lon="13.784811">
        <ele>811</ele>
        <time>2026-07-04T13:13:34.715Z</time>
      </trkpt>
      <trkpt lat="46.484376" lon="13.785209">
        <ele>810.73</ele>
        <time>2026-07-04T13:13:57.718Z</time>
      </trkpt>
      <trkpt lat="46.4843768812716" lon="13.78520811907947">
        <ele>817.2000122070312</ele>
        <time>2026-07-04T13:13:57.793Z</time>
        <extensions>
          <gpxtpx:TrackPointExtension>
            <gpxtpx:atemp>36</gpxtpx:atemp>
            <gpxtpx:hr>147</gpxtpx:hr>
            <gpxtpx:cad>53</gpxtpx:cad>
          </gpxtpx:TrackPointExtension>
        </extensions>
      </trkpt>
      <trkpt lat="46.484376" lon="13.785209">
        <ele>810.73</ele>
        <time>2026-07-04T13:39:04.568Z</time>
      </trkpt>
      <trkpt lat="46.484401" lon="13.785264">
        <ele>810.71</ele>
        <time>2026-07-04T13:39:07.693Z</time>
      </trkpt>
      <trkpt lat="46.484421" lon="13.785335">
        <ele>810.37</ele>
        <time>2026-07-04T13:39:10.317Z</time>
      </trkpt>
      <trkpt lat="46.484421" lon="13.785335">
        <ele>810.38</ele>
        <time>2026-07-04T13:39:10.317Z</time>
      </trkpt>
      <trkpt lat="46.484502" lon="13.785661">
        <ele>809.42</ele>
        <time>2026-07-04T13:39:22.176Z</time>
      </trkpt>
      <trkpt lat="46.484516" lon="13.785687">
        <ele>809.61</ele>
        <time>2026-07-04T13:39:22.571Z</time>
      </trkpt>
      <trkpt lat="46.484516" lon="13.785687">
        <ele>809.61</ele>
        <time>2026-07-04T13:39:22.571Z</time>
      </trkpt>
      <trkpt lat="46.484548" lon="13.785743">
        <ele>810</ele>
        <time>2026-07-04T13:39:23.443Z</time>
      </trkpt>
      <trkpt lat="46.484696" lon="13.785991">
        <ele>809.76</ele>
        <time>2026-07-04T13:39:27.377Z</time>
      </trkpt>
      <trkpt lat="46.484953" lon="13.786492">
        <ele>807.72</ele>
        <time>2026-07-04T13:39:34.867Z</time>
      </trkpt>
      <trkpt lat="46.485154" lon="13.786923">
        <ele>807.22</ele>
        <time>2026-07-04T13:39:41.108Z</time>
      </trkpt>
      <trkpt lat="46.485248" lon="13.787145">
        <ele>806.92</ele>
        <time>2026-07-04T13:39:44.232Z</time>
      </trkpt>
      <trkpt lat="46.485579" lon="13.787796">
        <ele>805.82</ele>
        <time>2026-07-04T13:39:53.934Z</time>
      </trkpt>
      <trkpt lat="46.485657" lon="13.788155">
        <ele>805.05</ele>
        <time>2026-07-04T13:39:58.447Z</time>
      </trkpt>
      <trkpt lat="46.485792" lon="13.788648">
        <ele>803.19</ele>
        <time>2026-07-04T13:40:04.808Z</time>
      </trkpt>
      <trkpt lat="46.485856" lon="13.789043">
        <ele>801.02</ele>
        <time>2026-07-04T13:40:09.673Z</time>
      </trkpt>
      <trkpt lat="46.485919" lon="13.789543">
        <ele>799.98</ele>
        <time>2026-07-04T13:40:15.767Z</time>
      </trkpt>
      <trkpt lat="46.485943" lon="13.789665">
        <ele>799.28</ele>
        <time>2026-07-04T13:40:17.288Z</time>
      </trkpt>
      <trkpt lat="46.485954" lon="13.78982">
        <ele>799</ele>
        <time>2026-07-04T13:40:19.156Z</time>
      </trkpt>
      <trkpt lat="46.485881" lon="13.789947">
        <ele>799</ele>
        <time>2026-07-04T13:40:21.139Z</time>
      </trkpt>
      <trkpt lat="46.485791" lon="13.790127">
        <ele>799.24</ele>
        <time>2026-07-04T13:40:23.806Z</time>
      </trkpt>
      <trkpt lat="46.485509" lon="13.790526">
        <ele>796.03</ele>
        <time>2026-07-04T13:40:30.661Z</time>
      </trkpt>
      <trkpt lat="46.485377" lon="13.79072">
        <ele>795.71</ele>
        <time>2026-07-04T13:40:33.931Z</time>
      </trkpt>
      <trkpt lat="46.485253" lon="13.790886">
        <ele>799.57</ele>
        <time>2026-07-04T13:40:36.867Z</time>
      </trkpt>
      <trkpt lat="46.485153" lon="13.791022">
        <ele>799.88</ele>
        <time>2026-07-04T13:40:39.252Z</time>
      </trkpt>
      <trkpt lat="46.485058" lon="13.791183">
        <ele>800</ele>
        <time>2026-07-04T13:40:41.794Z</time>
      </trkpt>
      <trkpt lat="46.484977" lon="13.791423">
        <ele>800</ele>
        <time>2026-07-04T13:40:44.998Z</time>
      </trkpt>
      <trkpt lat="46.484937" lon="13.791616">
        <ele>799.93</ele>
        <time>2026-07-04T13:40:47.414Z</time>
      </trkpt>
      <trkpt lat="46.484912" lon="13.791831">
        <ele>799</ele>
        <time>2026-07-04T13:40:50.028Z</time>
      </trkpt>
      <trkpt lat="46.484893" lon="13.792175">
        <ele>799</ele>
        <time>2026-07-04T13:40:54.165Z</time>
      </trkpt>
      <trkpt lat="46.484868" lon="13.793213">
        <ele>797.14</ele>
        <time>2026-07-04T13:41:06.617Z</time>
      </trkpt>
      <trkpt lat="46.484883" lon="13.793743">
        <ele>796.6</ele>
        <time>2026-07-04T13:41:12.976Z</time>
      </trkpt>
      <trkpt lat="46.484918" lon="13.793944">
        <ele>796</ele>
        <time>2026-07-04T13:41:15.461Z</time>
      </trkpt>
      <trkpt lat="46.484969" lon="13.794093">
        <ele>796</ele>
        <time>2026-07-04T13:41:17.456Z</time>
      </trkpt>
      <trkpt lat="46.485255" lon="13.794787">
        <ele>794.94</ele>
        <time>2026-07-04T13:41:27.153Z</time>
      </trkpt>
      <trkpt lat="46.485506" lon="13.795468">
        <ele>794</ele>
        <time>2026-07-04T13:41:36.414Z</time>
      </trkpt>
      <trkpt lat="46.485502" lon="13.795631">
        <ele>793.59</ele>
        <time>2026-07-04T13:41:38.369Z</time>
      </trkpt>
      <trkpt lat="46.485428" lon="13.796036">
        <ele>793.11</ele>
        <time>2026-07-04T13:41:43.392Z</time>
      </trkpt>
      <trkpt lat="46.485376" lon="13.796465">
        <ele>792.92</ele>
        <time>2026-07-04T13:41:48.614Z</time>
      </trkpt>
      <trkpt lat="46.485369" lon="13.796694">
        <ele>792.97</ele>
        <time>2026-07-04T13:41:51.362Z</time>
      </trkpt>
      <trkpt lat="46.485383" lon="13.797097">
        <ele>792.86</ele>
        <time>2026-07-04T13:41:56.199Z</time>
      </trkpt>
      <trkpt lat="46.485449" lon="13.797559">
        <ele>791.62</ele>
        <time>2026-07-04T13:42:01.856Z</time>
      </trkpt>
      <trkpt lat="46.485589" lon="13.798229">
        <ele>790.76</ele>
        <time>2026-07-04T13:42:10.250Z</time>
      </trkpt>
      <trkpt lat="46.485752" lon="13.798904">
        <ele>788.11</ele>
        <time>2026-07-04T13:42:18.826Z</time>
      </trkpt>
      <trkpt lat="46.485959" lon="13.799728">
        <ele>788.23</ele>
        <time>2026-07-04T13:42:29.342Z</time>
      </trkpt>
      <trkpt lat="46.48604" lon="13.800044">
        <ele>789.72</ele>
        <time>2026-07-04T13:42:33.384Z</time>
      </trkpt>
      <trkpt lat="46.486203" lon="13.800676">
        <ele>788.72</ele>
        <time>2026-07-04T13:42:41.475Z</time>
      </trkpt>
      <trkpt lat="46.486241" lon="13.8008">
        <ele>788.16</ele>
        <time>2026-07-04T13:42:43.102Z</time>
      </trkpt>
      <trkpt lat="46.486274" lon="13.800857">
        <ele>787.54</ele>
        <time>2026-07-04T13:42:43.994Z</time>
      </trkpt>
      <trkpt lat="46.486316" lon="13.800881">
        <ele>787.06</ele>
        <time>2026-07-04T13:42:44.779Z</time>
      </trkpt>
      <trkpt lat="46.486416" lon="13.800892">
        <ele>787</ele>
        <time>2026-07-04T13:42:46.525Z</time>
      </trkpt>
      <trkpt lat="46.486433" lon="13.801028">
        <ele>787</ele>
        <time>2026-07-04T13:42:48.182Z</time>
      </trkpt>
      <trkpt lat="46.486454" lon="13.801387">
        <ele>785.82</ele>
        <time>2026-07-04T13:42:52.501Z</time>
      </trkpt>
      <trkpt lat="46.486429" lon="13.801866">
        <ele>784.95</ele>
        <time>2026-07-04T13:42:58.260Z</time>
      </trkpt>
      <trkpt lat="46.486485" lon="13.802448">
        <ele>784</ele>
        <time>2026-07-04T13:43:05.305Z</time>
      </trkpt>
      <trkpt lat="46.486536" lon="13.803167">
        <ele>784</ele>
        <time>2026-07-04T13:43:13.970Z</time>
      </trkpt>
      <trkpt lat="46.486546" lon="13.803528">
        <ele>784</ele>
        <time>2026-07-04T13:43:18.301Z</time>
      </trkpt>
      <trkpt lat="46.486535" lon="13.804079">
        <ele>783.41</ele>
        <time>2026-07-04T13:43:24.909Z</time>
      </trkpt>
      <trkpt lat="46.486515" lon="13.804356">
        <ele>783</ele>
        <time>2026-07-04T13:43:28.248Z</time>
      </trkpt>
      <trkpt lat="46.486423" lon="13.805146">
        <ele>783</ele>
        <time>2026-07-04T13:43:37.854Z</time>
      </trkpt>
      <trkpt lat="46.486382" lon="13.805452">
        <ele>782</ele>
        <time>2026-07-04T13:43:41.591Z</time>
      </trkpt>
      <trkpt lat="46.486155" lon="13.806953">
        <ele>781.95</ele>
        <time>2026-07-04T13:44:00.016Z</time>
      </trkpt>
      <trkpt lat="46.486065" lon="13.807697">
        <ele>781.21</ele>
        <time>2026-07-04T13:44:09.072Z</time>
      </trkpt>
      <trkpt lat="46.486049" lon="13.808078">
        <ele>780.54</ele>
        <time>2026-07-04T13:44:13.648Z</time>
      </trkpt>
      <trkpt lat="46.486048" lon="13.808464">
        <ele>780.5</ele>
        <time>2026-07-04T13:44:18.275Z</time>
      </trkpt>
      <trkpt lat="46.486085" lon="13.808835">
        <ele>779.99</ele>
        <time>2026-07-04T13:44:22.769Z</time>
      </trkpt>
      <trkpt lat="46.4861" lon="13.809105">
        <ele>779.81</ele>
        <time>2026-07-04T13:44:26.016Z</time>
      </trkpt>
      <trkpt lat="46.486268" lon="13.810374">
        <ele>777</ele>
        <time>2026-07-04T13:44:41.509Z</time>
      </trkpt>
      <trkpt lat="46.486407" lon="13.811512">
        <ele>776.16</ele>
        <time>2026-07-04T13:44:55.365Z</time>
      </trkpt>
      <trkpt lat="46.486461" lon="13.812011">
        <ele>774.84</ele>
        <time>2026-07-04T13:45:01.421Z</time>
      </trkpt>
      <trkpt lat="46.486498" lon="13.812714">
        <ele>774</ele>
        <time>2026-07-04T13:45:09.874Z</time>
      </trkpt>
      <trkpt lat="46.486503" lon="13.813121">
        <ele>773</ele>
        <time>2026-07-04T13:45:14.754Z</time>
      </trkpt>
      <trkpt lat="46.486499" lon="13.813433">
        <ele>772.62</ele>
        <time>2026-07-04T13:45:18.495Z</time>
      </trkpt>
      <trkpt lat="46.486499" lon="13.813433">
        <ele>772.62</ele>
        <time>2026-07-04T13:45:18.495Z</time>
      </trkpt>
      <trkpt lat="46.486499" lon="13.813433">
        <ele>772.62</ele>
        <time>2026-07-04T13:45:18.495Z</time>
      </trkpt>
      <trkpt lat="46.486498" lon="13.813536">
        <ele>772.49</ele>
        <time>2026-07-04T13:45:19.546Z</time>
      </trkpt>
      <trkpt lat="46.486426" lon="13.814388">
        <ele>771.94</ele>
        <time>2026-07-04T13:45:28.307Z</time>
      </trkpt>
      <trkpt lat="46.486426" lon="13.814388">
        <ele>771.94</ele>
        <time>2026-07-04T13:45:28.307Z</time>
      </trkpt>
      <trkpt lat="46.486426" lon="13.814388">
        <ele>771.94</ele>
        <time>2026-07-04T13:45:29.564Z</time>
      </trkpt>
      <trkpt lat="46.48642" lon="13.814465">
        <ele>771.89</ele>
        <time>2026-07-04T13:45:30.272Z</time>
      </trkpt>
      <trkpt lat="46.486364" lon="13.814817">
        <ele>771</ele>
        <time>2026-07-04T13:45:33.576Z</time>
      </trkpt>
      <trkpt lat="46.486276" lon="13.815235">
        <ele>771</ele>
        <time>2026-07-04T13:45:37.574Z</time>
      </trkpt>
      <trkpt lat="46.486159" lon="13.815711">
        <ele>770.26</ele>
        <time>2026-07-04T13:45:42.197Z</time>
      </trkpt>
      <trkpt lat="46.486019" lon="13.816219">
        <ele>770</ele>
        <time>2026-07-04T13:45:47.202Z</time>
      </trkpt>
      <trkpt lat="46.484743" lon="13.820656">
        <ele>763.15</ele>
        <time>2026-07-04T13:46:31.187Z</time>
      </trkpt>
      <trkpt lat="46.484669" lon="13.820978">
        <ele>764.08</ele>
        <time>2026-07-04T13:46:34.292Z</time>
      </trkpt>
      <trkpt lat="46.484638" lon="13.821155">
        <ele>764.41</ele>
        <time>2026-07-04T13:46:36.010Z</time>
      </trkpt>
      <trkpt lat="46.484638" lon="13.821155">
        <ele>764.41</ele>
        <time>2026-07-04T13:46:36.010Z</time>
      </trkpt>
      <trkpt lat="46.484591" lon="13.82152">
        <ele>764.59</ele>
        <time>2026-07-04T13:46:39.503Z</time>
      </trkpt>
      <trkpt lat="46.484571" lon="13.821812">
        <ele>763.99</ele>
        <time>2026-07-04T13:46:42.264Z</time>
      </trkpt>
      <trkpt lat="46.484572" lon="13.822364">
        <ele>762.58</ele>
        <time>2026-07-04T13:46:47.457Z</time>
      </trkpt>
      <trkpt lat="46.484552" lon="13.822539">
        <ele>762.77</ele>
        <time>2026-07-04T13:46:49.126Z</time>
      </trkpt>
      <trkpt lat="46.484508" lon="13.822723">
        <ele>762.58</ele>
        <time>2026-07-04T13:46:50.958Z</time>
      </trkpt>
      <trkpt lat="46.484383" lon="13.823139">
        <ele>762.19</ele>
        <time>2026-07-04T13:46:55.169Z</time>
      </trkpt>
      <trkpt lat="46.484383" lon="13.823139">
        <ele>762.19</ele>
        <time>2026-07-04T13:46:55.169Z</time>
      </trkpt>
      <trkpt lat="46.484363" lon="13.823206">
        <ele>762.13</ele>
        <time>2026-07-04T13:46:55.846Z</time>
      </trkpt>
      <trkpt lat="46.484301" lon="13.823333">
        <ele>762.13</ele>
        <time>2026-07-04T13:46:57.298Z</time>
      </trkpt>
      <trkpt lat="46.484301" lon="13.823333">
        <ele>762.13</ele>
        <time>2026-07-04T13:46:57.298Z</time>
      </trkpt>
      <trkpt lat="46.484188" lon="13.823565">
        <ele>762.14</ele>
        <time>2026-07-04T13:46:59.948Z</time>
      </trkpt>
      <trkpt lat="46.483671" lon="13.824551">
        <ele>758.7</ele>
        <time>2026-07-04T13:47:11.508Z</time>
      </trkpt>
      <trkpt lat="46.483324" lon="13.825086">
        <ele>756.75</ele>
        <time>2026-07-04T13:47:18.363Z</time>
      </trkpt>
      <trkpt lat="46.483064" lon="13.825462">
        <ele>755.5</ele>
        <time>2026-07-04T13:47:23.333Z</time>
      </trkpt>
      <trkpt lat="46.482922" lon="13.825728">
        <ele>756.23</ele>
        <time>2026-07-04T13:47:26.472Z</time>
      </trkpt>
      <trkpt lat="46.482733" lon="13.826123">
        <ele>755.61</ele>
        <time>2026-07-04T13:47:30.958Z</time>
      </trkpt>
      <trkpt lat="46.482243" lon="13.827197">
        <ele>756.02</ele>
        <time>2026-07-04T13:47:42.975Z</time>
      </trkpt>
      <trkpt lat="46.482092" lon="13.827549">
        <ele>756.96</ele>
        <time>2026-07-04T13:47:46.843Z</time>
      </trkpt>
      <trkpt lat="46.481588" lon="13.828712">
        <ele>754.01</ele>
        <time>2026-07-04T13:47:59.661Z</time>
      </trkpt>
      <trkpt lat="46.481463" lon="13.829017">
        <ele>754.39</ele>
        <time>2026-07-04T13:48:02.971Z</time>
      </trkpt>
      <trkpt lat="46.481296" lon="13.829352">
        <ele>754.67</ele>
        <time>2026-07-04T13:48:06.828Z</time>
      </trkpt>
      <trkpt lat="46.481129" lon="13.829688">
        <ele>752.63</ele>
        <time>2026-07-04T13:48:10.693Z</time>
      </trkpt>
      <trkpt lat="46.480967" lon="13.830068">
        <ele>752.63</ele>
        <time>2026-07-04T13:48:14.862Z</time>
      </trkpt>
      <trkpt lat="46.480824" lon="13.830459">
        <ele>751.49</ele>
        <time>2026-07-04T13:48:18.991Z</time>
      </trkpt>
      <trkpt lat="46.480612" lon="13.831188">
        <ele>748.85</ele>
        <time>2026-07-04T13:48:26.372Z</time>
      </trkpt>
      <trkpt lat="46.48054" lon="13.831505">
        <ele>749.27</ele>
        <time>2026-07-04T13:48:29.485Z</time>
      </trkpt>
      <trkpt lat="46.48054467514157" lon="13.831506818532944">
        <ele>758.4000244140625</ele>
        <time>2026-07-04T13:48:29.550Z</time>
        <extensions>
          <gpxtpx:TrackPointExtension>
            <gpxtpx:atemp>29</gpxtpx:atemp>
            <gpxtpx:hr>146</gpxtpx:hr>
          </gpxtpx:TrackPointExtension>
        </extensions>
      </trkpt>
      <trkpt lat="46.48054" lon="13.831505">
        <ele>749.27</ele>
        <time>2026-07-04T13:48:29.733Z</time>
      </trkpt>
      <trkpt lat="46.480494" lon="13.831712">
        <ele>749.55</ele>
        <time>2026-07-04T13:48:31.607Z</time>
      </trkpt>
      <trkpt lat="46.480436" lon="13.832063">
        <ele>748.43</ele>
        <time>2026-07-04T13:48:34.717Z</time>
      </trkpt>
      <trkpt lat="46.480387" lon="13.832537">
        <ele>748.61</ele>
        <time>2026-07-04T13:48:38.846Z</time>
      </trkpt>
      <trkpt lat="46.480359" lon="13.832809">
        <ele>748.72</ele>
        <time>2026-07-04T13:48:41.215Z</time>
      </trkpt>
      <trkpt lat="46.480355" lon="13.833111">
        <ele>748.37</ele>
        <time>2026-07-04T13:48:43.817Z</time>
      </trkpt>
      <trkpt lat="46.480348287150264" lon="13.833110528066754">
        <ele>757.2000122070312</ele>
        <time>2026-07-04T13:48:43.899Z</time>
        <extensions>
          <gpxtpx:TrackPointExtension>
            <gpxtpx:atemp>29</gpxtpx:atemp>
            <gpxtpx:hr>147</gpxtpx:hr>
            <gpxtpx:cad>94</gpxtpx:cad>
          </gpxtpx:TrackPointExtension>
        </extensions>
      </trkpt>
      <trkpt lat="46.480355" lon="13.833111">
        <ele>748.37</ele>
        <time>2026-07-04T13:48:43.981Z</time>
      </trkpt>
      <trkpt lat="46.48035" lon="13.833437">
        <ele>748</ele>
        <time>2026-07-04T13:48:46.728Z</time>
      </trkpt>
      <trkpt lat="46.480366" lon="13.833776">
        <ele>748.13</ele>
        <time>2026-07-04T13:48:49.754Z</time>
      </trkpt>
      <trkpt lat="46.480366" lon="13.833776">
        <ele>748.14</ele>
        <time>2026-07-04T13:48:49.754Z</time>
      </trkpt>
      <trkpt lat="46.480412" lon="13.834388">
        <ele>748</ele>
        <time>2026-07-04T13:48:55.237Z</time>
      </trkpt>
      <trkpt lat="46.480473" lon="13.834798">
        <ele>747.32</ele>
        <time>2026-07-04T13:48:58.973Z</time>
      </trkpt>
      <trkpt lat="46.480491" lon="13.834883">
        <ele>747.26</ele>
        <time>2026-07-04T13:48:59.761Z</time>
      </trkpt>
      <trkpt lat="46.480491" lon="13.834883">
        <ele>747.26</ele>
        <time>2026-07-04T13:48:59.761Z</time>
      </trkpt>
      <trkpt lat="46.480568" lon="13.835235">
        <ele>747</ele>
        <time>2026-07-04T13:49:03.034Z</time>
      </trkpt>
      <trkpt lat="46.48065" lon="13.835563">
        <ele>746.83</ele>
        <time>2026-07-04T13:49:06.126Z</time>
      </trkpt>
      <trkpt lat="46.48072" lon="13.835804">
        <ele>746.24</ele>
        <time>2026-07-04T13:49:08.444Z</time>
      </trkpt>
      <trkpt lat="46.480842" lon="13.836164">
        <ele>746</ele>
        <time>2026-07-04T13:49:12.000Z</time>
      </trkpt>
      <trkpt lat="46.480923" lon="13.836366">
        <ele>745.72</ele>
        <time>2026-07-04T13:49:14.471Z</time>
      </trkpt>
      <trkpt lat="46.480923" lon="13.836366">
        <ele>745.72</ele>
        <time>2026-07-04T13:49:14.471Z</time>
      </trkpt>
      <trkpt lat="46.481133" lon="13.83689">
        <ele>745</ele>
        <time>2026-07-04T13:49:20.882Z</time>
      </trkpt>
      <trkpt lat="46.481296" lon="13.837185">
        <ele>744</ele>
        <time>2026-07-04T13:49:24.881Z</time>
      </trkpt>
      <trkpt lat="46.481489" lon="13.837511">
        <ele>743.74</ele>
        <time>2026-07-04T13:49:29.427Z</time>
      </trkpt>
      <trkpt lat="46.481713" lon="13.837802">
        <ele>742.85</ele>
        <time>2026-07-04T13:49:34.042Z</time>
      </trkpt>
      <trkpt lat="46.481909" lon="13.838001">
        <ele>742.75</ele>
        <time>2026-07-04T13:49:37.714Z</time>
      </trkpt>
      <trkpt lat="46.481978" lon="13.838122">
        <ele>742.4</ele>
        <time>2026-07-04T13:49:39.375Z</time>
      </trkpt>
      <trkpt lat="46.482018" lon="13.838256">
        <ele>742.27</ele>
        <time>2026-07-04T13:49:40.919Z</time>
      </trkpt>
      <trkpt lat="46.482019" lon="13.838457">
        <ele>742.05</ele>
        <time>2026-07-04T13:49:43.044Z</time>
      </trkpt>
      <trkpt lat="46.482036" lon="13.838564">
        <ele>741.85</ele>
        <time>2026-07-04T13:49:44.205Z</time>
      </trkpt>
      <trkpt lat="46.482329" lon="13.839163">
        <ele>741.38</ele>
        <time>2026-07-04T13:49:51.974Z</time>
      </trkpt>
      <trkpt lat="46.482476" lon="13.839441">
        <ele>741.16</ele>
        <time>2026-07-04T13:49:55.680Z</time>
      </trkpt>
      <trkpt lat="46.482661" lon="13.839782">
        <ele>740.2</ele>
        <time>2026-07-04T13:50:00.270Z</time>
      </trkpt>
      <trkpt lat="46.482708" lon="13.839815">
        <ele>740.34</ele>
        <time>2026-07-04T13:50:01.071Z</time>
      </trkpt>
      <trkpt lat="46.4828" lon="13.840058">
        <ele>739.53</ele>
        <time>2026-07-04T13:50:04.003Z</time>
      </trkpt>
      <trkpt lat="46.482947" lon="13.840496">
        <ele>738.92</ele>
        <time>2026-07-04T13:50:09.155Z</time>
      </trkpt>
      <trkpt lat="46.482947" lon="13.840496">
        <ele>738.92</ele>
        <time>2026-07-04T13:50:09.155Z</time>
      </trkpt>
      <trkpt lat="46.482947" lon="13.840496">
        <ele>738.92</ele>
        <time>2026-07-04T13:50:09.155Z</time>
      </trkpt>
      <trkpt lat="46.482986" lon="13.840638">
        <ele>738.85</ele>
        <time>2026-07-04T13:50:10.695Z</time>
      </trkpt>
      <trkpt lat="46.482986" lon="13.840638">
        <ele>738.85</ele>
        <time>2026-07-04T13:50:10.695Z</time>
      </trkpt>
      <trkpt lat="46.483043" lon="13.840848">
        <ele>738.73</ele>
        <time>2026-07-04T13:50:12.969Z</time>
      </trkpt>
      <trkpt lat="46.483137" lon="13.84135">
        <ele>739.55</ele>
        <time>2026-07-04T13:50:18.210Z</time>
      </trkpt>
      <trkpt lat="46.483171" lon="13.8416">
        <ele>738.99</ele>
        <time>2026-07-04T13:50:20.777Z</time>
      </trkpt>
      <trkpt lat="46.483196" lon="13.841906">
        <ele>739.36</ele>
        <time>2026-07-04T13:50:23.991Z</time>
      </trkpt>
      <trkpt lat="46.483196" lon="13.841906">
        <ele>739.36</ele>
        <time>2026-07-04T13:50:23.991Z</time>
      </trkpt>
      <trkpt lat="46.483207" lon="13.842045">
        <ele>739.52</ele>
        <time>2026-07-04T13:50:25.450Z</time>
      </trkpt>
      <trkpt lat="46.483208" lon="13.842547">
        <ele>739.77</ele>
        <time>2026-07-04T13:50:30.686Z</time>
      </trkpt>
      <trkpt lat="46.483183" lon="13.842885">
        <ele>739.56</ele>
        <time>2026-07-04T13:50:33.589Z</time>
      </trkpt>
      <trkpt lat="46.483183" lon="13.842885">
        <ele>739.56</ele>
        <time>2026-07-04T13:50:33.589Z</time>
      </trkpt>
      <trkpt lat="46.483178" lon="13.842956">
        <ele>739.51</ele>
        <time>2026-07-04T13:50:34.198Z</time>
      </trkpt>
      <trkpt lat="46.48315" lon="13.843111">
        <ele>739.32</ele>
        <time>2026-07-04T13:50:35.549Z</time>
      </trkpt>
      <trkpt lat="46.48315" lon="13.843111">
        <ele>739.32</ele>
        <time>2026-07-04T13:50:35.549Z</time>
      </trkpt>
      <trkpt lat="46.483104" lon="13.84337">
        <ele>739</ele>
        <time>2026-07-04T13:50:37.804Z</time>
      </trkpt>
      <trkpt lat="46.482982" lon="13.843845">
        <ele>739</ele>
        <time>2026-07-04T13:50:42.078Z</time>
      </trkpt>
      <trkpt lat="46.482883" lon="13.844132">
        <ele>739.03</ele>
        <time>2026-07-04T13:50:44.784Z</time>
      </trkpt>
      <trkpt lat="46.482783" lon="13.844367">
        <ele>738.49</ele>
        <time>2026-07-04T13:50:47.040Z</time>
      </trkpt>
      <trkpt lat="46.482783" lon="13.844367">
        <ele>738.49</ele>
        <time>2026-07-04T13:50:47.040Z</time>
      </trkpt>
      <trkpt lat="46.482457" lon="13.845032">
        <ele>737.91</ele>
        <time>2026-07-04T13:50:53.709Z</time>
      </trkpt>
      <trkpt lat="46.4822" lon="13.84548">
        <ele>736.89</ele>
        <time>2026-07-04T13:50:58.472Z</time>
      </trkpt>
      <trkpt lat="46.481696" lon="13.846465">
        <ele>735.02</ele>
        <time>2026-07-04T13:51:08.497Z</time>
      </trkpt>
      <trkpt lat="46.481446" lon="13.846961">
        <ele>733.99</ele>
        <time>2026-07-04T13:51:13.518Z</time>
      </trkpt>
      <trkpt lat="46.4814359229058" lon="13.8469507265836">
        <ele>742</ele>
        <time>2026-07-04T13:51:13.674Z</time>
        <extensions>
          <gpxtpx:TrackPointExtension>
            <gpxtpx:atemp>29</gpxtpx:atemp>
            <gpxtpx:hr>163</gpxtpx:hr>
            <gpxtpx:cad>82</gpxtpx:cad>
          </gpxtpx:TrackPointExtension>
        </extensions>
      </trkpt>
      <trkpt lat="46.481446" lon="13.846961">
        <ele>733.99</ele>
        <time>2026-07-04T13:51:13.830Z</time>
      </trkpt>
      <trkpt lat="46.481345" lon="13.847184">
        <ele>734.04</ele>
        <time>2026-07-04T13:51:16.160Z</time>
      </trkpt>
      <trkpt lat="46.481261" lon="13.847423">
        <ele>734.03</ele>
        <time>2026-07-04T13:51:18.625Z</time>
      </trkpt>
      <trkpt lat="46.481261" lon="13.847423">
        <ele>734.03</ele>
        <time>2026-07-04T13:51:18.625Z</time>
      </trkpt>
      <trkpt lat="46.481059" lon="13.847994">
        <ele>734</ele>
        <time>2026-07-04T13:51:24.522Z</time>
      </trkpt>
      <trkpt lat="46.480909" lon="13.848545">
        <ele>732.98</ele>
        <time>2026-07-04T13:51:29.965Z</time>
      </trkpt>
      <trkpt lat="46.480746" lon="13.849373">
        <ele>731.08</ele>
        <time>2026-07-04T13:51:37.915Z</time>
      </trkpt>
      <trkpt lat="46.480746" lon="13.849373">
        <ele>731.08</ele>
        <time>2026-07-04T13:51:37.915Z</time>
      </trkpt>
      <trkpt lat="46.48068" lon="13.849891">
        <ele>731.49</ele>
        <time>2026-07-04T13:51:42.778Z</time>
      </trkpt>
      <trkpt lat="46.480621" lon="13.850841">
        <ele>729.59</ele>
        <time>2026-07-04T13:51:51.583Z</time>
      </trkpt>
      <trkpt lat="46.480579" lon="13.852277">
        <ele>727.14</ele>
        <time>2026-07-04T13:52:04.851Z</time>
      </trkpt>
      <trkpt lat="46.480515" lon="13.854218">
        <ele>725.93</ele>
        <time>2026-07-04T13:52:22.790Z</time>
      </trkpt>
      <trkpt lat="46.480471" lon="13.85534">
        <ele>724.15</ele>
        <time>2026-07-04T13:52:33.164Z</time>
      </trkpt>
      <trkpt lat="46.480347" lon="13.859193">
        <ele>720</ele>
        <time>2026-07-04T13:53:08.773Z</time>
      </trkpt>
      <trkpt lat="46.480297" lon="13.860532">
        <ele>718.96</ele>
        <time>2026-07-04T13:53:21.152Z</time>
      </trkpt>
      <trkpt lat="46.480288" lon="13.860899">
        <ele>718.89</ele>
        <time>2026-07-04T13:53:24.542Z</time>
      </trkpt>
      <trkpt lat="46.480142" lon="13.861951">
        <ele>718</ele>
        <time>2026-07-04T13:53:34.449Z</time>
      </trkpt>
      <trkpt lat="46.480004" lon="13.862341">
        <ele>716</ele>
        <time>2026-07-04T13:53:38.496Z</time>
      </trkpt>
      <trkpt lat="46.47998" lon="13.862481">
        <ele>716</ele>
        <time>2026-07-04T13:53:39.827Z</time>
      </trkpt>
      <trkpt lat="46.47998" lon="13.862615">
        <ele>715.77</ele>
        <time>2026-07-04T13:53:41.064Z</time>
      </trkpt>
      <trkpt lat="46.479984847828746" lon="13.862614743411541">
        <ele>723.5999755859375</ele>
        <time>2026-07-04T13:53:41.139Z</time>
        <extensions>
          <gpxtpx:TrackPointExtension>
            <gpxtpx:atemp>28</gpxtpx:atemp>
            <gpxtpx:hr>141</gpxtpx:hr>
            <gpxtpx:cad>93</gpxtpx:cad>
          </gpxtpx:TrackPointExtension>
        </extensions>
      </trkpt>
      <trkpt lat="46.47998" lon="13.862615">
        <ele>715.77</ele>
        <time>2026-07-04T13:53:41.214Z</time>
      </trkpt>
      <trkpt lat="46.479978" lon="13.863321">
        <ele>714.53</ele>
        <time>2026-07-04T13:53:48.791Z</time>
      </trkpt>
      <trkpt lat="46.479962" lon="13.863884">
        <ele>713.09</ele>
        <time>2026-07-04T13:53:54.838Z</time>
      </trkpt>
      <trkpt lat="46.479963" lon="13.864432">
        <ele>712.74</ele>
        <time>2026-07-04T13:54:00.719Z</time>
      </trkpt>
      <trkpt lat="46.48" lon="13.865511">
        <ele>711.91</ele>
        <time>2026-07-04T13:54:11.024Z</time>
      </trkpt>
      <trkpt lat="46.48" lon="13.865511">
        <ele>711.91</ele>
        <time>2026-07-04T13:54:11.024Z</time>
      </trkpt>
      <trkpt lat="46.480014" lon="13.865805">
        <ele>711.68</ele>
        <time>2026-07-04T13:54:13.835Z</time>
      </trkpt>
      <trkpt lat="46.480008" lon="13.86614">
        <ele>711.75</ele>
        <time>2026-07-04T13:54:17.031Z</time>
      </trkpt>
      <trkpt lat="46.479984" lon="13.866558">
        <ele>711.55</ele>
        <time>2026-07-04T13:54:21.032Z</time>
      </trkpt>
      <trkpt lat="46.479911" lon="13.867263">
        <ele>709.94</ele>
        <time>2026-07-04T13:54:27.832Z</time>
      </trkpt>
      <trkpt lat="46.479781" lon="13.868212">
        <ele>709.76</ele>
        <time>2026-07-04T13:54:37.061Z</time>
      </trkpt>
      <trkpt lat="46.479714" lon="13.868651">
        <ele>708.8</ele>
        <time>2026-07-04T13:54:41.350Z</time>
      </trkpt>
      <trkpt lat="46.479679" lon="13.869019">
        <ele>709.03</ele>
        <time>2026-07-04T13:54:44.893Z</time>
      </trkpt>
      <trkpt lat="46.479641" lon="13.869154">
        <ele>708.88</ele>
        <time>2026-07-04T13:54:46.284Z</time>
      </trkpt>
      <trkpt lat="46.479599" lon="13.869258">
        <ele>708.71</ele>
        <time>2026-07-04T13:54:47.434Z</time>
      </trkpt>
      <trkpt lat="46.479556" lon="13.869404">
        <ele>709.21</ele>
        <time>2026-07-04T13:54:48.948Z</time>
      </trkpt>
      <trkpt lat="46.479489" lon="13.869835">
        <ele>709.9</ele>
        <time>2026-07-04T13:54:53.162Z</time>
      </trkpt>
      <trkpt lat="46.479464" lon="13.869932">
        <ele>710</ele>
        <time>2026-07-04T13:54:54.149Z</time>
      </trkpt>
      <trkpt lat="46.479434" lon="13.870007">
        <ele>709.66</ele>
        <time>2026-07-04T13:54:54.938Z</time>
      </trkpt>
      <trkpt lat="46.479434" lon="13.870007">
        <ele>709.66</ele>
        <time>2026-07-04T13:54:54.938Z</time>
      </trkpt>
      <trkpt lat="46.479404" lon="13.870086">
        <ele>709.3</ele>
        <time>2026-07-04T13:54:55.758Z</time>
      </trkpt>
      <trkpt lat="46.479099" lon="13.870778">
        <ele>710.11</ele>
        <time>2026-07-04T13:55:03.234Z</time>
      </trkpt>
      <trkpt lat="46.479001" lon="13.870954">
        <ele>710</ele>
        <time>2026-07-04T13:55:05.293Z</time>
      </trkpt>
      <trkpt lat="46.478646" lon="13.871744">
        <ele>709.19</ele>
        <time>2026-07-04T13:55:19.274Z</time>
      </trkpt>
      <trkpt lat="46.478646" lon="13.871744">
        <ele>709.19</ele>
        <time>2026-07-04T13:55:19.274Z</time>
      </trkpt>
      <trkpt lat="46.478274" lon="13.872602">
        <ele>708.03</ele>
        <time>2026-07-04T13:55:34.301Z</time>
      </trkpt>
      <trkpt lat="46.477847" lon="13.873553">
        <ele>709.11</ele>
        <time>2026-07-04T13:55:51.128Z</time>
      </trkpt>
      <trkpt lat="46.477705" lon="13.87387">
        <ele>706.7</ele>
        <time>2026-07-04T13:55:56.733Z</time>
      </trkpt>
      <trkpt lat="46.47717" lon="13.875032">
        <ele>705.01</ele>
        <time>2026-07-04T13:56:17.450Z</time>
      </trkpt>
      <trkpt lat="46.476924" lon="13.875658">
        <ele>705</ele>
        <time>2026-07-04T13:56:28.133Z</time>
      </trkpt>
      <trkpt lat="46.476806" lon="13.876066">
        <ele>704.95</ele>
        <time>2026-07-04T13:56:34.692Z</time>
      </trkpt>
      <trkpt lat="46.476697" lon="13.876647">
        <ele>703.91</ele>
        <time>2026-07-04T13:56:43.617Z</time>
      </trkpt>
      <trkpt lat="46.476643" lon="13.877106">
        <ele>703.51</ele>
        <time>2026-07-04T13:56:50.518Z</time>
      </trkpt>
      <trkpt lat="46.476608" lon="13.877498">
        <ele>702.95</ele>
        <time>2026-07-04T13:56:56.376Z</time>
      </trkpt>
      <trkpt lat="46.476598" lon="13.877839">
        <ele>703</ele>
        <time>2026-07-04T13:57:01.434Z</time>
      </trkpt>
      <trkpt lat="46.476601" lon="13.878036">
        <ele>702.99</ele>
        <time>2026-07-04T13:57:04.354Z</time>
      </trkpt>
      <trkpt lat="46.476622" lon="13.878305">
        <ele>701.85</ele>
        <time>2026-07-04T13:57:08.366Z</time>
      </trkpt>
      <trkpt lat="46.476684" lon="13.878952">
        <ele>704.3</ele>
        <time>2026-07-04T13:57:18.048Z</time>
      </trkpt>
      <trkpt lat="46.476759" lon="13.879749">
        <ele>701.06</ele>
        <time>2026-07-04T13:57:29.971Z</time>
      </trkpt>
      <trkpt lat="46.476781" lon="13.880068">
        <ele>699.51</ele>
        <time>2026-07-04T13:57:34.722Z</time>
      </trkpt>
      <trkpt lat="46.476792" lon="13.880424">
        <ele>698.84</ele>
        <time>2026-07-04T13:57:40.004Z</time>
      </trkpt>
      <trkpt lat="46.476784" lon="13.880949">
        <ele>698.29</ele>
        <time>2026-07-04T13:57:47.787Z</time>
      </trkpt>
      <trkpt lat="46.476747" lon="13.881423">
        <ele>698</ele>
        <time>2026-07-04T13:57:54.857Z</time>
      </trkpt>
      <trkpt lat="46.476707" lon="13.881751">
        <ele>698.65</ele>
        <time>2026-07-04T13:57:59.794Z</time>
      </trkpt>
      <trkpt lat="46.47671381011605" lon="13.881752388551831">
        <ele>707.5999755859375</ele>
        <time>2026-07-04T13:57:59.889Z</time>
        <extensions>
          <gpxtpx:TrackPointExtension>
            <gpxtpx:atemp>27</gpxtpx:atemp>
            <gpxtpx:hr>151</gpxtpx:hr>
            <gpxtpx:cad>87</gpxtpx:cad>
          </gpxtpx:TrackPointExtension>
        </extensions>
      </trkpt>
      <trkpt lat="46.476707" lon="13.881751">
        <ele>698.65</ele>
        <time>2026-07-04T13:57:59.984Z</time>
      </trkpt>
      <trkpt lat="46.476691" lon="13.881874">
        <ele>697.92</ele>
        <time>2026-07-04T13:58:01.175Z</time>
      </trkpt>
      <trkpt lat="46.476522" lon="13.882711">
        <ele>696.57</ele>
        <time>2026-07-04T13:58:09.476Z</time>
      </trkpt>
      <trkpt lat="46.476291" lon="13.883676">
        <ele>695.26</ele>
        <time>2026-07-04T13:58:19.199Z</time>
      </trkpt>
      <trkpt lat="46.476084" lon="13.884619">
        <ele>694.86</ele>
        <time>2026-07-04T13:58:29.150Z</time>
      </trkpt>
      <trkpt lat="46.476084" lon="13.884619">
        <ele>694.86</ele>
        <time>2026-07-04T13:58:29.150Z</time>
      </trkpt>
      <trkpt lat="46.475811" lon="13.885843">
        <ele>693.03</ele>
        <time>2026-07-04T13:58:42.086Z</time>
      </trkpt>
      <trkpt lat="46.475755" lon="13.886048">
        <ele>693.61</ele>
        <time>2026-07-04T13:58:44.303Z</time>
      </trkpt>
      <trkpt lat="46.475636" lon="13.886429">
        <ele>693.16</ele>
        <time>2026-07-04T13:58:48.509Z</time>
      </trkpt>
      <trkpt lat="46.475024" lon="13.888109">
        <ele>691</ele>
        <time>2026-07-04T13:59:07.618Z</time>
      </trkpt>
      <trkpt lat="46.47491" lon="13.888523">
        <ele>690.71</ele>
        <time>2026-07-04T13:59:12.101Z</time>
      </trkpt>
      <trkpt lat="46.47484" lon="13.888889">
        <ele>690.88</ele>
        <time>2026-07-04T13:59:15.920Z</time>
      </trkpt>
      <trkpt lat="46.474776" lon="13.889459">
        <ele>690.12</ele>
        <time>2026-07-04T13:59:21.726Z</time>
      </trkpt>
      <trkpt lat="46.474766" lon="13.889842">
        <ele>689.98</ele>
        <time>2026-07-04T13:59:25.531Z</time>
      </trkpt>
      <trkpt lat="46.474766" lon="13.889842">
        <ele>689.98</ele>
        <time>2026-07-04T13:59:25.531Z</time>
      </trkpt>
      <trkpt lat="46.474826" lon="13.890466">
        <ele>690</ele>
        <time>2026-07-04T13:59:31.786Z</time>
      </trkpt>
      <trkpt lat="46.47496" lon="13.891024">
        <ele>689.66</ele>
        <time>2026-07-04T13:59:37.653Z</time>
      </trkpt>
      <trkpt lat="46.475151" lon="13.891646">
        <ele>689.19</ele>
        <time>2026-07-04T13:59:44.415Z</time>
      </trkpt>
      <trkpt lat="46.475199" lon="13.891861">
        <ele>689.93</ele>
        <time>2026-07-04T13:59:46.659Z</time>
      </trkpt>
      <trkpt lat="46.475189" lon="13.892001">
        <ele>689.31</ele>
        <time>2026-07-04T13:59:48.056Z</time>
      </trkpt>
      <trkpt lat="46.475123" lon="13.892238">
        <ele>688</ele>
        <time>2026-07-04T13:59:50.594Z</time>
      </trkpt>
      <trkpt lat="46.475025" lon="13.892697">
        <ele>687.24</ele>
        <time>2026-07-04T13:59:55.365Z</time>
      </trkpt>
      <trkpt lat="46.474965" lon="13.893249">
        <ele>687</ele>
        <time>2026-07-04T14:00:00.913Z</time>
      </trkpt>
      <trkpt lat="46.474964" lon="13.893437">
        <ele>687</ele>
        <time>2026-07-04T14:00:02.601Z</time>
      </trkpt>
      <trkpt lat="46.474964" lon="13.893437">
        <ele>687</ele>
        <time>2026-07-04T14:00:02.601Z</time>
      </trkpt>
      <trkpt lat="46.474988" lon="13.893532">
        <ele>687</ele>
        <time>2026-07-04T14:00:03.509Z</time>
      </trkpt>
      <trkpt lat="46.475063" lon="13.893697">
        <ele>686.43</ele>
        <time>2026-07-04T14:00:05.284Z</time>
      </trkpt>
      <trkpt lat="46.475127" lon="13.893785">
        <ele>686.5</ele>
        <time>2026-07-04T14:00:06.433Z</time>
      </trkpt>
      <trkpt lat="46.475199" lon="13.893992">
        <ele>686</ele>
        <time>2026-07-04T14:00:08.515Z</time>
      </trkpt>
      <trkpt lat="46.475208" lon="13.894118">
        <ele>686</ele>
        <time>2026-07-04T14:00:09.652Z</time>
      </trkpt>
      <trkpt lat="46.475141" lon="13.894648">
        <ele>685.94</ele>
        <time>2026-07-04T14:00:14.491Z</time>
      </trkpt>
      <trkpt lat="46.475026" lon="13.895141">
        <ele>685.53</ele>
        <time>2026-07-04T14:00:19.910Z</time>
      </trkpt>
      <trkpt lat="46.475026" lon="13.895141">
        <ele>685.53</ele>
        <time>2026-07-04T14:00:19.910Z</time>
      </trkpt>
      <trkpt lat="46.474731" lon="13.896417">
        <ele>684.49</ele>
        <time>2026-07-04T14:00:33.923Z</time>
      </trkpt>
      <trkpt lat="46.474407" lon="13.897586">
        <ele>683</ele>
        <time>2026-07-04T14:00:47.042Z</time>
      </trkpt>
      <trkpt lat="46.474296" lon="13.898154">
        <ele>683</ele>
        <time>2026-07-04T14:00:53.189Z</time>
      </trkpt>
      <trkpt lat="46.474251" lon="13.898311">
        <ele>683.4</ele>
        <time>2026-07-04T14:00:54.959Z</time>
      </trkpt>
      <trkpt lat="46.47417" lon="13.898478">
        <ele>683.47</ele>
        <time>2026-07-04T14:00:57.085Z</time>
      </trkpt>
      <trkpt lat="46.47412" lon="13.898614">
        <ele>683.04</ele>
        <time>2026-07-04T14:00:58.690Z</time>
      </trkpt>
      <trkpt lat="46.474097" lon="13.898969">
        <ele>682.81</ele>
        <time>2026-07-04T14:01:02.402Z</time>
      </trkpt>
      <trkpt lat="46.473931" lon="13.899529">
        <ele>682.31</ele>
        <time>2026-07-04T14:01:08.749Z</time>
      </trkpt>
      <trkpt lat="46.473836" lon="13.899758">
        <ele>681.06</ele>
        <time>2026-07-04T14:01:11.532Z</time>
      </trkpt>
      <trkpt lat="46.473625" lon="13.900413">
        <ele>680.33</ele>
        <time>2026-07-04T14:01:19.060Z</time>
      </trkpt>
      <trkpt lat="46.473575" lon="13.90064">
        <ele>680.49</ele>
        <time>2026-07-04T14:01:21.387Z</time>
      </trkpt>
      <trkpt lat="46.473575" lon="13.90064">
        <ele>680.49</ele>
        <time>2026-07-04T14:01:21.387Z</time>
      </trkpt>
      <trkpt lat="46.473522" lon="13.900879">
        <ele>680.67</ele>
        <time>2026-07-04T14:01:23.838Z</time>
      </trkpt>
      <trkpt lat="46.473222" lon="13.902468">
        <ele>678.54</ele>
        <time>2026-07-04T14:01:39.926Z</time>
      </trkpt>
      <trkpt lat="46.473059" lon="13.903256">
        <ele>678.84</ele>
        <time>2026-07-04T14:01:47.960Z</time>
      </trkpt>
      <trkpt lat="46.472988" lon="13.903622">
        <ele>677.87</ele>
        <time>2026-07-04T14:01:51.673Z</time>
      </trkpt>
      <trkpt lat="46.472491" lon="13.90618">
        <ele>680</ele>
        <time>2026-07-04T14:02:17.626Z</time>
      </trkpt>
      <trkpt lat="46.472428" lon="13.906504">
        <ele>678.38</ele>
        <time>2026-07-04T14:02:20.913Z</time>
      </trkpt>
      <trkpt lat="46.472359" lon="13.906838">
        <ele>679.06</ele>
        <time>2026-07-04T14:02:24.318Z</time>
      </trkpt>
      <trkpt lat="46.472254" lon="13.907401">
        <ele>679.03</ele>
        <time>2026-07-04T14:02:30.013Z</time>
      </trkpt>
      <trkpt lat="46.472161" lon="13.907842">
        <ele>679</ele>
        <time>2026-07-04T14:02:34.516Z</time>
      </trkpt>
      <trkpt lat="46.472107" lon="13.908103">
        <ele>678.67</ele>
        <time>2026-07-04T14:02:37.177Z</time>
      </trkpt>
      <trkpt lat="46.472092" lon="13.908242">
        <ele>678.4</ele>
        <time>2026-07-04T14:02:38.513Z</time>
      </trkpt>
      <trkpt lat="46.472092" lon="13.908242">
        <ele>678.4</ele>
        <time>2026-07-04T14:02:38.513Z</time>
      </trkpt>
      <trkpt lat="46.472037" lon="13.908733">
        <ele>677.46</ele>
        <time>2026-07-04T14:02:43.238Z</time>
      </trkpt>
      <trkpt lat="46.471993" lon="13.909307">
        <ele>677</ele>
        <time>2026-07-04T14:02:48.724Z</time>
      </trkpt>
      <trkpt lat="46.471912" lon="13.910866">
        <ele>674.76</ele>
        <time>2026-07-04T14:03:03.577Z</time>
      </trkpt>
      <trkpt lat="46.471782" lon="13.91313">
        <ele>671.83</ele>
        <time>2026-07-04T14:03:25.160Z</time>
      </trkpt>
      <trkpt lat="46.471634" lon="13.913948">
        <ele>670.92</ele>
        <time>2026-07-04T14:03:33.195Z</time>
      </trkpt>
      <trkpt lat="46.471553" lon="13.914277">
        <ele>670.21</ele>
        <time>2026-07-04T14:03:36.537Z</time>
      </trkpt>
      <trkpt lat="46.471553" lon="13.914277">
        <ele>670.21</ele>
        <time>2026-07-04T14:03:36.537Z</time>
      </trkpt>
      <trkpt lat="46.470652" lon="13.917966">
        <ele>666.18</ele>
        <time>2026-07-04T14:04:13.982Z</time>
      </trkpt>
      <trkpt lat="46.470221" lon="13.91965">
        <ele>665.99</ele>
        <time>2026-07-04T14:04:31.169Z</time>
      </trkpt>
      <trkpt lat="46.470192" lon="13.919811">
        <ele>665.88</ele>
        <time>2026-07-04T14:04:32.761Z</time>
      </trkpt>
      <trkpt lat="46.470098" lon="13.920136">
        <ele>665.44</ele>
        <time>2026-07-04T14:04:36.133Z</time>
      </trkpt>
      <trkpt lat="46.469991" lon="13.920434">
        <ele>665.65</ele>
        <time>2026-07-04T14:04:39.367Z</time>
      </trkpt>
      <trkpt lat="46.469991" lon="13.920434">
        <ele>665.65</ele>
        <time>2026-07-04T14:04:39.367Z</time>
      </trkpt>
      <trkpt lat="46.469753" lon="13.920991">
        <ele>665.55</ele>
        <time>2026-07-04T14:04:46.046Z</time>
      </trkpt>
      <trkpt lat="46.469753" lon="13.920991">
        <ele>665.55</ele>
        <time>2026-07-04T14:04:46.046Z</time>
      </trkpt>
      <trkpt lat="46.469573" lon="13.921346">
        <ele>664.98</ele>
        <time>2026-07-04T14:04:50.538Z</time>
      </trkpt>
      <trkpt lat="46.469118" lon="13.922042">
        <ele>662.89</ele>
        <time>2026-07-04T14:05:00.316Z</time>
      </trkpt>
      <trkpt lat="46.468685" lon="13.922713">
        <ele>663.91</ele>
        <time>2026-07-04T14:05:09.686Z</time>
      </trkpt>
      <trkpt lat="46.46836" lon="13.923237">
        <ele>663.96</ele>
        <time>2026-07-04T14:05:16.871Z</time>
      </trkpt>
      <trkpt lat="46.468122" lon="13.923652">
        <ele>662.44</ele>
        <time>2026-07-04T14:05:22.374Z</time>
      </trkpt>
      <trkpt lat="46.468003" lon="13.923885">
        <ele>662.03</ele>
        <time>2026-07-04T14:05:25.329Z</time>
      </trkpt>
      <trkpt lat="46.467943" lon="13.924049">
        <ele>661.97</ele>
        <time>2026-07-04T14:05:27.221Z</time>
      </trkpt>
      <trkpt lat="46.467819" lon="13.924321">
        <ele>660.91</ele>
        <time>2026-07-04T14:05:30.544Z</time>
      </trkpt>
      <trkpt lat="46.467663" lon="13.92476">
        <ele>659.99</ele>
        <time>2026-07-04T14:05:35.591Z</time>
      </trkpt>
      <trkpt lat="46.467663" lon="13.92476">
        <ele>659.99</ele>
        <time>2026-07-04T14:05:35.591Z</time>
      </trkpt>
      <trkpt lat="46.467474" lon="13.925343">
        <ele>659.93</ele>
        <time>2026-07-04T14:05:42.174Z</time>
      </trkpt>
      <trkpt lat="46.467436" lon="13.925502">
        <ele>659.32</ele>
        <time>2026-07-04T14:05:43.893Z</time>
      </trkpt>
      <trkpt lat="46.466946" lon="13.927805">
        <ele>657</ele>
        <time>2026-07-04T14:06:08.521Z</time>
      </trkpt>
      <trkpt lat="46.466634" lon="13.929309">
        <ele>656</ele>
        <time>2026-07-04T14:06:24.570Z</time>
      </trkpt>
      <trkpt lat="46.466213" lon="13.931255">
        <ele>654.08</ele>
        <time>2026-07-04T14:06:49.287Z</time>
      </trkpt>
      <trkpt lat="46.466213" lon="13.931255">
        <ele>654.08</ele>
        <time>2026-07-04T14:06:49.287Z</time>
      </trkpt>
      <trkpt lat="46.466205" lon="13.93129">
        <ele>654</ele>
        <time>2026-07-04T14:06:49.733Z</time>
      </trkpt>
      <trkpt lat="46.466165" lon="13.931333">
        <ele>654</ele>
        <time>2026-07-04T14:06:50.608Z</time>
      </trkpt>
      <trkpt lat="46.46613" lon="13.931353">
        <ele>654</ele>
        <time>2026-07-04T14:06:51.269Z</time>
      </trkpt>
      <trkpt lat="46.466064" lon="13.931364">
        <ele>654</ele>
        <time>2026-07-04T14:06:52.437Z</time>
      </trkpt>
      <trkpt lat="46.466032" lon="13.931351">
        <ele>653.98</ele>
        <time>2026-07-04T14:06:53.021Z</time>
      </trkpt>
      <trkpt lat="46.465658" lon="13.931196">
        <ele>653.75</ele>
        <time>2026-07-04T14:06:59.863Z</time>
      </trkpt>
      <trkpt lat="46.465617" lon="13.9312">
        <ele>653.89</ele>
        <time>2026-07-04T14:07:00.585Z</time>
      </trkpt>
      <trkpt lat="46.465619187802076" lon="13.931202264502645">
        <ele>658.5999755859375</ele>
        <time>2026-07-04T14:07:00.636Z</time>
        <extensions>
          <gpxtpx:TrackPointExtension>
            <gpxtpx:atemp>26</gpxtpx:atemp>
            <gpxtpx:hr>137</gpxtpx:hr>
            <gpxtpx:cad>9</gpxtpx:cad>
          </gpxtpx:TrackPointExtension>
        </extensions>
      </trkpt>
      <trkpt lat="46.465617" lon="13.9312">
        <ele>653.89</ele>
        <time>2026-07-04T14:07:00.687Z</time>
      </trkpt>
      <trkpt lat="46.465589" lon="13.931242">
        <ele>654</ele>
        <time>2026-07-04T14:07:01.454Z</time>
      </trkpt>
      <trkpt lat="46.46557" lon="13.931381">
        <ele>653.86</ele>
        <time>2026-07-04T14:07:03.165Z</time>
      </trkpt>
      <trkpt lat="46.46557" lon="13.931381">
        <ele>653.86</ele>
        <time>2026-07-04T14:07:03.165Z</time>
      </trkpt>
      <trkpt lat="46.465424" lon="13.932452">
        <ele>653</ele>
        <time>2026-07-04T14:07:16.353Z</time>
      </trkpt>
      <trkpt lat="46.465408" lon="13.932709">
        <ele>653</ele>
        <time>2026-07-04T14:07:19.603Z</time>
      </trkpt>
      <trkpt lat="46.465408" lon="13.932709">
        <ele>653</ele>
        <time>2026-07-04T14:07:19.603Z</time>
      </trkpt>
      <trkpt lat="46.465418" lon="13.932897">
        <ele>652.8</ele>
        <time>2026-07-04T14:07:21.978Z</time>
      </trkpt>
      <trkpt lat="46.465482" lon="13.933173">
        <ele>652.93</ele>
        <time>2026-07-04T14:07:25.646Z</time>
      </trkpt>
      <trkpt lat="46.465563" lon="13.933463">
        <ele>652.81</ele>
        <time>2026-07-04T14:07:29.588Z</time>
      </trkpt>
      <trkpt lat="46.465595" lon="13.933613">
        <ele>653.08</ele>
        <time>2026-07-04T14:07:31.566Z</time>
      </trkpt>
      <trkpt lat="46.46559" lon="13.933734">
        <ele>653.37</ele>
        <time>2026-07-04T14:07:33.092Z</time>
      </trkpt>
      <trkpt lat="46.465569" lon="13.933893">
        <ele>653.86</ele>
        <time>2026-07-04T14:07:35.212Z</time>
      </trkpt>
      <trkpt lat="46.465569" lon="13.933893">
        <ele>653.86</ele>
        <time>2026-07-04T14:07:35.212Z</time>
      </trkpt>
      <trkpt lat="46.465451" lon="13.934545">
        <ele>653</ele>
        <time>2026-07-04T14:07:44.041Z</time>
      </trkpt>
      <trkpt lat="46.465347" lon="13.935199">
        <ele>652.97</ele>
        <time>2026-07-04T14:07:52.832Z</time>
      </trkpt>
      <trkpt lat="46.465137" lon="13.936332">
        <ele>653</ele>
        <time>2026-07-04T14:08:08.200Z</time>
      </trkpt>
      <trkpt lat="46.465128" lon="13.936379">
        <ele>653</ele>
        <time>2026-07-04T14:08:08.838Z</time>
      </trkpt>
      <trkpt lat="46.46512" lon="13.936538">
        <ele>653.78</ele>
        <time>2026-07-04T14:08:10.926Z</time>
      </trkpt>
      <trkpt lat="46.46509" lon="13.936557">
        <ele>653.62</ele>
        <time>2026-07-04T14:08:11.548Z</time>
      </trkpt>
      <trkpt lat="46.464914" lon="13.937432">
        <ele>654.48</ele>
        <time>2026-07-04T14:08:23.487Z</time>
      </trkpt>
      <trkpt lat="46.464517" lon="13.939522">
        <ele>650.92</ele>
        <time>2026-07-04T14:08:51.884Z</time>
      </trkpt>
      <trkpt lat="46.464455" lon="13.939791">
        <ele>650.67</ele>
        <time>2026-07-04T14:08:55.599Z</time>
      </trkpt>
      <trkpt lat="46.464358" lon="13.940145">
        <ele>650.14</ele>
        <time>2026-07-04T14:09:00.589Z</time>
      </trkpt>
      <trkpt lat="46.464277" lon="13.940536">
        <ele>649.98</ele>
        <time>2026-07-04T14:09:06.791Z</time>
      </trkpt>
      <trkpt lat="46.464277" lon="13.940536">
        <ele>649.98</ele>
        <time>2026-07-04T14:09:06.791Z</time>
      </trkpt>
      <trkpt lat="46.463904" lon="13.942341">
        <ele>649.28</ele>
        <time>2026-07-04T14:09:35.419Z</time>
      </trkpt>
      <trkpt lat="46.463845" lon="13.942545">
        <ele>647.39</ele>
        <time>2026-07-04T14:09:38.780Z</time>
      </trkpt>
      <trkpt lat="46.463821" lon="13.942805">
        <ele>648.08</ele>
        <time>2026-07-04T14:09:42.765Z</time>
      </trkpt>
      <trkpt lat="46.463822" lon="13.942902">
        <ele>648.65</ele>
        <time>2026-07-04T14:09:44.238Z</time>
      </trkpt>
      <trkpt lat="46.463814" lon="13.942962">
        <ele>649</ele>
        <time>2026-07-04T14:09:45.166Z</time>
      </trkpt>
      <trkpt lat="46.46381691098213" lon="13.942962577566504">
        <ele>653</ele>
        <time>2026-07-04T14:09:45.230Z</time>
        <extensions>
          <gpxtpx:TrackPointExtension>
            <gpxtpx:atemp>27</gpxtpx:atemp>
            <gpxtpx:hr>141</gpxtpx:hr>
          </gpxtpx:TrackPointExtension>
        </extensions>
      </trkpt>
      <trkpt lat="46.463803416118026" lon="13.942972719669342">
        <ele>653</ele>
        <time>2026-07-04T14:09:45.453Z</time>
        <extensions>
          <gpxtpx:TrackPointExtension>
            <gpxtpx:atemp>27</gpxtpx:atemp>
            <gpxtpx:hr>141</gpxtpx:hr>
          </gpxtpx:TrackPointExtension>
        </extensions>
      </trkpt>
      <trkpt lat="46.46378665231168" lon="13.942974312230945">
        <ele>653</ele>
        <time>2026-07-04T14:09:46.453Z</time>
        <extensions>
          <gpxtpx:TrackPointExtension>
            <gpxtpx:atemp>27</gpxtpx:atemp>
            <gpxtpx:hr>141</gpxtpx:hr>
          </gpxtpx:TrackPointExtension>
        </extensions>
      </trkpt>
      <trkpt lat="46.463754968717694" lon="13.942971043288708">
        <ele>652.7999877929688</ele>
        <time>2026-07-04T14:09:47.453Z</time>
        <extensions>
          <gpxtpx:TrackPointExtension>
            <gpxtpx:atemp>27</gpxtpx:atemp>
            <gpxtpx:hr>141</gpxtpx:hr>
          </gpxtpx:TrackPointExtension>
        </extensions>
      </trkpt>
      <trkpt lat="46.463730074465275" lon="13.942967019975185">
        <ele>652.5999755859375</ele>
        <time>2026-07-04T14:09:48.453Z</time>
        <extensions>
          <gpxtpx:TrackPointExtension>
            <gpxtpx:atemp>27</gpxtpx:atemp>
            <gpxtpx:hr>140</gpxtpx:hr>
          </gpxtpx:TrackPointExtension>
        </extensions>
      </trkpt>
      <trkpt lat="46.46370140835643" lon="13.942964421585202">
        <ele>652.4000244140625</ele>
        <time>2026-07-04T14:09:49.453Z</time>
        <extensions>
          <gpxtpx:TrackPointExtension>
            <gpxtpx:atemp>27</gpxtpx:atemp>
            <gpxtpx:hr>140</gpxtpx:hr>
          </gpxtpx:TrackPointExtension>
        </extensions>
      </trkpt>
      <trkpt lat="46.46366880275309" lon="13.942964086309075">
        <ele>652</ele>
        <time>2026-07-04T14:09:50.453Z</time>
        <extensions>
          <gpxtpx:TrackPointExtension>
            <gpxtpx:atemp>27</gpxtpx:atemp>
            <gpxtpx:hr>137</gpxtpx:hr>
          </gpxtpx:TrackPointExtension>
        </extensions>
      </trkpt>
      <trkpt lat="46.4636302459985" lon="13.94296383485198">
        <ele>651.5999755859375</ele>
        <time>2026-07-04T14:09:51.453Z</time>
        <extensions>
          <gpxtpx:TrackPointExtension>
            <gpxtpx:atemp>27</gpxtpx:atemp>
            <gpxtpx:hr>137</gpxtpx:hr>
          </gpxtpx:TrackPointExtension>
        </extensions>
      </trkpt>
      <trkpt lat="46.46359344944358" lon="13.94296576268971">
        <ele>651.4000244140625</ele>
        <time>2026-07-04T14:09:52.453Z</time>
        <extensions>
          <gpxtpx:TrackPointExtension>
            <gpxtpx:atemp>28</gpxtpx:atemp>
            <gpxtpx:hr>136</gpxtpx:hr>
          </gpxtpx:TrackPointExtension>
        </extensions>
      </trkpt>
      <trkpt lat="46.46356143057346" lon="13.942968612536788">
        <ele>651.2000122070312</ele>
        <time>2026-07-04T14:09:53.453Z</time>
        <extensions>
          <gpxtpx:TrackPointExtension>
            <gpxtpx:atemp>27</gpxtpx:atemp>
            <gpxtpx:hr>136</gpxtpx:hr>
            <gpxtpx:cad>2</gpxtpx:cad>
          </gpxtpx:TrackPointExtension>
        </extensions>
      </trkpt>
      <trkpt lat="46.46352949552238" lon="13.94297070801258">
        <ele>651.2000122070312</ele>
        <time>2026-07-04T14:09:54.453Z</time>
        <extensions>
          <gpxtpx:TrackPointExtension>
            <gpxtpx:atemp>28</gpxtpx:atemp>
            <gpxtpx:hr>136</gpxtpx:hr>
            <gpxtpx:cad>53</gpxtpx:cad>
          </gpxtpx:TrackPointExtension>
        </extensions>
      </trkpt>
      <trkpt lat="46.4634957164526" lon="13.942970875650644">
        <ele>651</ele>
        <time>2026-07-04T14:09:55.453Z</time>
        <extensions>
          <gpxtpx:TrackPointExtension>
            <gpxtpx:atemp>28</gpxtpx:atemp>
            <gpxtpx:hr>137</gpxtpx:hr>
            <gpxtpx:cad>53</gpxtpx:cad>
          </gpxtpx:TrackPointExtension>
        </extensions>
      </trkpt>
      <trkpt lat="46.46347073838115" lon="13.942968528717756">
        <ele>651</ele>
        <time>2026-07-04T14:09:56.453Z</time>
        <extensions>
          <gpxtpx:TrackPointExtension>
            <gpxtpx:atemp>28</gpxtpx:atemp>
            <gpxtpx:hr>137</gpxtpx:hr>
            <gpxtpx:cad>55</gpxtpx:cad>
          </gpxtpx:TrackPointExtension>
        </extensions>
      </trkpt>
      <trkpt lat="46.4634301699698" lon="13.942964673042297">
        <ele>651</ele>
        <time>2026-07-04T14:09:57.453Z</time>
        <extensions>
          <gpxtpx:TrackPointExtension>
            <gpxtpx:atemp>28</gpxtpx:atemp>
            <gpxtpx:hr>138</gpxtpx:hr>
            <gpxtpx:cad>57</gpxtpx:cad>
          </gpxtpx:TrackPointExtension>
        </extensions>
      </trkpt>
      <trkpt lat="46.463399240747094" lon="13.942964505404234">
        <ele>650.7999877929688</ele>
        <time>2026-07-04T14:09:58.453Z</time>
        <extensions>
          <gpxtpx:TrackPointExtension>
            <gpxtpx:atemp>28</gpxtpx:atemp>
            <gpxtpx:hr>138</gpxtpx:hr>
            <gpxtpx:cad>57</gpxtpx:cad>
          </gpxtpx:TrackPointExtension>
        </extensions>
      </trkpt>
      <trkpt lat="46.463358169421554" lon="13.942959979176521">
        <ele>650.7999877929688</ele>
        <time>2026-07-04T14:09:59.453Z</time>
        <extensions>
          <gpxtpx:TrackPointExtension>
            <gpxtpx:atemp>28</gpxtpx:atemp>
            <gpxtpx:hr>138</gpxtpx:hr>
            <gpxtpx:cad>57</gpxtpx:cad>
          </gpxtpx:TrackPointExtension>
        </extensions>
      </trkpt>
      <trkpt lat="46.46331483498216" lon="13.942937683314085">
        <ele>650.5999755859375</ele>
        <time>2026-07-04T14:10:00.453Z</time>
        <extensions>
          <gpxtpx:TrackPointExtension>
            <gpxtpx:atemp>28</gpxtpx:atemp>
            <gpxtpx:hr>137</gpxtpx:hr>
            <gpxtpx:cad>57</gpxtpx:cad>
          </gpxtpx:TrackPointExtension>
        </extensions>
      </trkpt>
      <trkpt lat="46.46326278336346" lon="13.942889487370849">
        <ele>650.4000244140625</ele>
        <time>2026-07-04T14:10:01.453Z</time>
        <extensions>
          <gpxtpx:TrackPointExtension>
            <gpxtpx:atemp>28</gpxtpx:atemp>
            <gpxtpx:hr>137</gpxtpx:hr>
            <gpxtpx:cad>57</gpxtpx:cad>
          </gpxtpx:TrackPointExtension>
        </extensions>
      </trkpt>
      <trkpt lat="46.463218946009874" lon="13.942835675552487">
        <ele>650</ele>
        <time>2026-07-04T14:10:02.453Z</time>
        <extensions>
          <gpxtpx:TrackPointExtension>
            <gpxtpx:atemp>28</gpxtpx:atemp>
            <gpxtpx:hr>136</gpxtpx:hr>
          </gpxtpx:TrackPointExtension>
        </extensions>
      </trkpt>
      <trkpt lat="46.463175946846604" lon="13.94277616403997">
        <ele>649.7999877929688</ele>
        <time>2026-07-04T14:10:03.453Z</time>
        <extensions>
          <gpxtpx:TrackPointExtension>
            <gpxtpx:atemp>28</gpxtpx:atemp>
            <gpxtpx:hr>136</gpxtpx:hr>
          </gpxtpx:TrackPointExtension>
        </extensions>
      </trkpt>
      <trkpt lat="46.46313562989235" lon="13.942715059965849">
        <ele>649.7999877929688</ele>
        <time>2026-07-04T14:10:04.453Z</time>
        <extensions>
          <gpxtpx:TrackPointExtension>
            <gpxtpx:atemp>28</gpxtpx:atemp>
            <gpxtpx:hr>136</gpxtpx:hr>
          </gpxtpx:TrackPointExtension>
        </extensions>
      </trkpt>
      <trkpt lat="46.46309866569936" lon="13.94265110604465">
        <ele>649.4000244140625</ele>
        <time>2026-07-04T14:10:05.453Z</time>
        <extensions>
          <gpxtpx:TrackPointExtension>
            <gpxtpx:atemp>28</gpxtpx:atemp>
            <gpxtpx:hr>136</gpxtpx:hr>
          </gpxtpx:TrackPointExtension>
        </extensions>
      </trkpt>
      <trkpt lat="46.46306270733476" lon="13.942591259256005">
        <ele>649.4000244140625</ele>
        <time>2026-07-04T14:10:06.453Z</time>
        <extensions>
          <gpxtpx:TrackPointExtension>
            <gpxtpx:atemp>28</gpxtpx:atemp>
            <gpxtpx:hr>137</gpxtpx:hr>
          </gpxtpx:TrackPointExtension>
        </extensions>
      </trkpt>
      <trkpt lat="46.463017696514726" lon="13.942544404417276">
        <ele>649.2000122070312</ele>
        <time>2026-07-04T14:10:07.453Z</time>
        <extensions>
          <gpxtpx:TrackPointExtension>
            <gpxtpx:atemp>28</gpxtpx:atemp>
            <gpxtpx:hr>137</gpxtpx:hr>
          </gpxtpx:TrackPointExtension>
        </extensions>
      </trkpt>
      <trkpt lat="46.462968327105045" lon="13.942511547356844">
        <ele>649.2000122070312</ele>
        <time>2026-07-04T14:10:08.453Z</time>
        <extensions>
          <gpxtpx:TrackPointExtension>
            <gpxtpx:atemp>28</gpxtpx:atemp>
            <gpxtpx:hr>137</gpxtpx:hr>
          </gpxtpx:TrackPointExtension>
        </extensions>
      </trkpt>
      <trkpt lat="46.46291870623827" lon="13.942489251494408">
        <ele>649.2000122070312</ele>
        <time>2026-07-04T14:10:09.453Z</time>
        <extensions>
          <gpxtpx:TrackPointExtension>
            <gpxtpx:atemp>28</gpxtpx:atemp>
            <gpxtpx:hr>137</gpxtpx:hr>
          </gpxtpx:TrackPointExtension>
        </extensions>
      </trkpt>
      <trkpt lat="46.46286992356181" lon="13.942475505173206">
        <ele>649.2000122070312</ele>
        <time>2026-07-04T14:10:10.453Z</time>
        <extensions>
          <gpxtpx:TrackPointExtension>
            <gpxtpx:atemp>28</gpxtpx:atemp>
            <gpxtpx:hr>137</gpxtpx:hr>
          </gpxtpx:TrackPointExtension>
        </extensions>
      </trkpt>
      <trkpt lat="46.46281820721924" lon="13.942461255937815">
        <ele>649.2000122070312</ele>
        <time>2026-07-04T14:10:11.453Z</time>
        <extensions>
          <gpxtpx:TrackPointExtension>
            <gpxtpx:atemp>28</gpxtpx:atemp>
            <gpxtpx:hr>137</gpxtpx:hr>
          </gpxtpx:TrackPointExtension>
        </extensions>
      </trkpt>
      <trkpt lat="46.46276741288602" lon="13.942444240674376">
        <ele>649.2000122070312</ele>
        <time>2026-07-04T14:10:12.453Z</time>
        <extensions>
          <gpxtpx:TrackPointExtension>
            <gpxtpx:atemp>28</gpxtpx:atemp>
            <gpxtpx:hr>137</gpxtpx:hr>
            <gpxtpx:cad>8</gpxtpx:cad>
          </gpxtpx:TrackPointExtension>
        </extensions>
      </trkpt>
      <trkpt lat="46.462720138952136" lon="13.942425632849336">
        <ele>649.2000122070312</ele>
        <time>2026-07-04T14:10:13.453Z</time>
        <extensions>
          <gpxtpx:TrackPointExtension>
            <gpxtpx:atemp>28</gpxtpx:atemp>
            <gpxtpx:hr>138</gpxtpx:hr>
            <gpxtpx:cad>74</gpxtpx:cad>
          </gpxtpx:TrackPointExtension>
        </extensions>
      </trkpt>
      <trkpt lat="46.462674625217915" lon="13.942402498796582">
        <ele>649.2000122070312</ele>
        <time>2026-07-04T14:10:14.453Z</time>
        <extensions>
          <gpxtpx:TrackPointExtension>
            <gpxtpx:atemp>28</gpxtpx:atemp>
            <gpxtpx:hr>137</gpxtpx:hr>
            <gpxtpx:cad>74</gpxtpx:cad>
          </gpxtpx:TrackPointExtension>
        </extensions>
      </trkpt>
      <trkpt lat="46.462630201131105" lon="13.94237894564867">
        <ele>649.2000122070312</ele>
        <time>2026-07-04T14:10:15.453Z</time>
        <extensions>
          <gpxtpx:TrackPointExtension>
            <gpxtpx:atemp>28</gpxtpx:atemp>
            <gpxtpx:hr>138</gpxtpx:hr>
            <gpxtpx:cad>72</gpxtpx:cad>
          </gpxtpx:TrackPointExtension>
        </extensions>
      </trkpt>
      <trkpt lat="46.462597930803895" lon="13.942360924556851">
        <ele>649.4000244140625</ele>
        <time>2026-07-04T14:10:16.453Z</time>
        <extensions>
          <gpxtpx:TrackPointExtension>
            <gpxtpx:atemp>28</gpxtpx:atemp>
            <gpxtpx:hr>138</gpxtpx:hr>
            <gpxtpx:cad>68</gpxtpx:cad>
          </gpxtpx:TrackPointExtension>
        </extensions>
      </trkpt>
      <trkpt lat="46.46255744621158" lon="13.9423325099051">
        <ele>649.4000244140625</ele>
        <time>2026-07-04T14:10:17.453Z</time>
        <extensions>
          <gpxtpx:TrackPointExtension>
            <gpxtpx:atemp>28</gpxtpx:atemp>
            <gpxtpx:hr>139</gpxtpx:hr>
            <gpxtpx:cad>65</gpxtpx:cad>
          </gpxtpx:TrackPointExtension>
        </extensions>
      </trkpt>
      <trkpt lat="46.46251671016216" lon="13.942295042797923">
        <ele>649.4000244140625</ele>
        <time>2026-07-04T14:10:18.453Z</time>
        <extensions>
          <gpxtpx:TrackPointExtension>
            <gpxtpx:atemp>28</gpxtpx:atemp>
            <gpxtpx:hr>139</gpxtpx:hr>
            <gpxtpx:cad>70</gpxtpx:cad>
          </gpxtpx:TrackPointExtension>
        </extensions>
      </trkpt>
      <trkpt lat="46.46248645149171" lon="13.94226017408073">
        <ele>649.4000244140625</ele>
        <time>2026-07-04T14:10:19.453Z</time>
        <extensions>
          <gpxtpx:TrackPointExtension>
            <gpxtpx:atemp>28</gpxtpx:atemp>
            <gpxtpx:hr>140</gpxtpx:hr>
            <gpxtpx:cad>74</gpxtpx:cad>
          </gpxtpx:TrackPointExtension>
        </extensions>
      </trkpt>
      <trkpt lat="46.462463065981865" lon="13.942230753600597">
        <ele>649.5999755859375</ele>
        <time>2026-07-04T14:10:20.453Z</time>
        <extensions>
          <gpxtpx:TrackPointExtension>
            <gpxtpx:atemp>28</gpxtpx:atemp>
            <gpxtpx:hr>140</gpxtpx:hr>
            <gpxtpx:cad>73</gpxtpx:cad>
          </gpxtpx:TrackPointExtension>
        </extensions>
      </trkpt>
      <trkpt lat="46.46242610178888" lon="13.942185994237661">
        <ele>649.7999877929688</ele>
        <time>2026-07-04T14:10:21.453Z</time>
        <extensions>
          <gpxtpx:TrackPointExtension>
            <gpxtpx:atemp>28</gpxtpx:atemp>
            <gpxtpx:hr>141</gpxtpx:hr>
            <gpxtpx:cad>73</gpxtpx:cad>
          </gpxtpx:TrackPointExtension>
        </extensions>
      </trkpt>
      <trkpt lat="46.46239458583295" lon="13.942145258188248">
        <ele>649.7999877929688</ele>
        <time>2026-07-04T14:10:22.453Z</time>
        <extensions>
          <gpxtpx:TrackPointExtension>
            <gpxtpx:atemp>28</gpxtpx:atemp>
            <gpxtpx:hr>141</gpxtpx:hr>
            <gpxtpx:cad>74</gpxtpx:cad>
          </gpxtpx:TrackPointExtension>
        </extensions>
      </trkpt>
      <trkpt lat="46.462370781227946" lon="13.94211164675653">
        <ele>650</ele>
        <time>2026-07-04T14:10:23.453Z</time>
        <extensions>
          <gpxtpx:TrackPointExtension>
            <gpxtpx:atemp>28</gpxtpx:atemp>
            <gpxtpx:hr>142</gpxtpx:hr>
            <gpxtpx:cad>75</gpxtpx:cad>
          </gpxtpx:TrackPointExtension>
        </extensions>
      </trkpt>
      <trkpt lat="46.46234018728137" lon="13.942072922363877">
        <ele>650</ele>
        <time>2026-07-04T14:10:24.453Z</time>
        <extensions>
          <gpxtpx:TrackPointExtension>
            <gpxtpx:atemp>28</gpxtpx:atemp>
            <gpxtpx:hr>142</gpxtpx:hr>
            <gpxtpx:cad>75</gpxtpx:cad>
          </gpxtpx:TrackPointExtension>
        </extensions>
      </trkpt>
      <trkpt lat="46.462306156754494" lon="13.94202372059226">
        <ele>650.2000122070312</ele>
        <time>2026-07-04T14:10:25.453Z</time>
        <extensions>
          <gpxtpx:TrackPointExtension>
            <gpxtpx:atemp>28</gpxtpx:atemp>
            <gpxtpx:hr>142</gpxtpx:hr>
            <gpxtpx:cad>75</gpxtpx:cad>
          </gpxtpx:TrackPointExtension>
        </extensions>
      </trkpt>
      <trkpt lat="46.4622765686363" lon="13.941984409466386">
        <ele>650.2000122070312</ele>
        <time>2026-07-04T14:10:26.453Z</time>
        <extensions>
          <gpxtpx:TrackPointExtension>
            <gpxtpx:atemp>28</gpxtpx:atemp>
            <gpxtpx:hr>142</gpxtpx:hr>
            <gpxtpx:cad>74</gpxtpx:cad>
          </gpxtpx:TrackPointExtension>
        </extensions>
      </trkpt>
      <trkpt lat="46.46224748343229" lon="13.941944008693099">
        <ele>650.2000122070312</ele>
        <time>2026-07-04T14:10:27.453Z</time>
        <extensions>
          <gpxtpx:TrackPointExtension>
            <gpxtpx:atemp>28</gpxtpx:atemp>
            <gpxtpx:hr>142</gpxtpx:hr>
            <gpxtpx:cad>73</gpxtpx:cad>
          </gpxtpx:TrackPointExtension>
        </extensions>
      </trkpt>
      <trkpt lat="46.46221848204732" lon="13.941901428624988">
        <ele>650.2000122070312</ele>
        <time>2026-07-04T14:10:28.453Z</time>
        <extensions>
          <gpxtpx:TrackPointExtension>
            <gpxtpx:atemp>28</gpxtpx:atemp>
            <gpxtpx:hr>142</gpxtpx:hr>
            <gpxtpx:cad>73</gpxtpx:cad>
          </gpxtpx:TrackPointExtension>
        </extensions>
      </trkpt>
      <trkpt lat="46.462195347994566" lon="13.941868403926492">
        <ele>650.4000244140625</ele>
        <time>2026-07-04T14:10:29.453Z</time>
        <extensions>
          <gpxtpx:TrackPointExtension>
            <gpxtpx:atemp>28</gpxtpx:atemp>
            <gpxtpx:hr>142</gpxtpx:hr>
            <gpxtpx:cad>73</gpxtpx:cad>
          </gpxtpx:TrackPointExtension>
        </extensions>
      </trkpt>
      <trkpt lat="46.46217020228505" lon="13.94182389602065">
        <ele>650.4000244140625</ele>
        <time>2026-07-04T14:10:30.453Z</time>
        <extensions>
          <gpxtpx:TrackPointExtension>
            <gpxtpx:atemp>28</gpxtpx:atemp>
            <gpxtpx:hr>142</gpxtpx:hr>
            <gpxtpx:cad>73</gpxtpx:cad>
          </gpxtpx:TrackPointExtension>
        </extensions>
      </trkpt>
      <trkpt lat="46.46214413456619" lon="13.94177796319127">
        <ele>650.4000244140625</ele>
        <time>2026-07-04T14:10:31.453Z</time>
        <extensions>
          <gpxtpx:TrackPointExtension>
            <gpxtpx:atemp>28</gpxtpx:atemp>
            <gpxtpx:hr>142</gpxtpx:hr>
            <gpxtpx:cad>73</gpxtpx:cad>
          </gpxtpx:TrackPointExtension>
        </extensions>
      </trkpt>
      <trkpt lat="46.462120497599244" lon="13.941733120009303">
        <ele>650.4000244140625</ele>
        <time>2026-07-04T14:10:32.453Z</time>
        <extensions>
          <gpxtpx:TrackPointExtension>
            <gpxtpx:atemp>28</gpxtpx:atemp>
            <gpxtpx:hr>142</gpxtpx:hr>
            <gpxtpx:cad>73</gpxtpx:cad>
          </gpxtpx:TrackPointExtension>
        </extensions>
      </trkpt>
      <trkpt lat="46.462093172594905" lon="13.941676709800959">
        <ele>650.5999755859375</ele>
        <time>2026-07-04T14:10:33.453Z</time>
        <extensions>
          <gpxtpx:TrackPointExtension>
            <gpxtpx:atemp>28</gpxtpx:atemp>
            <gpxtpx:hr>143</gpxtpx:hr>
            <gpxtpx:cad>73</gpxtpx:cad>
          </gpxtpx:TrackPointExtension>
        </extensions>
      </trkpt>
      <trkpt lat="46.46206802688539" lon="13.941630693152547">
        <ele>650.5999755859375</ele>
        <time>2026-07-04T14:10:34.453Z</time>
        <extensions>
          <gpxtpx:TrackPointExtension>
            <gpxtpx:atemp>28</gpxtpx:atemp>
            <gpxtpx:hr>143</gpxtpx:hr>
            <gpxtpx:cad>73</gpxtpx:cad>
          </gpxtpx:TrackPointExtension>
        </extensions>
      </trkpt>
      <trkpt lat="46.46204464137554" lon="13.941597333177924">
        <ele>650.5999755859375</ele>
        <time>2026-07-04T14:10:35.453Z</time>
        <extensions>
          <gpxtpx:TrackPointExtension>
            <gpxtpx:atemp>28</gpxtpx:atemp>
            <gpxtpx:hr>143</gpxtpx:hr>
            <gpxtpx:cad>73</gpxtpx:cad>
          </gpxtpx:TrackPointExtension>
        </extensions>
      </trkpt>
      <trkpt lat="46.46201773546636" lon="13.94155559130013">
        <ele>650.5999755859375</ele>
        <time>2026-07-04T14:10:36.453Z</time>
        <extensions>
          <gpxtpx:TrackPointExtension>
            <gpxtpx:atemp>28</gpxtpx:atemp>
            <gpxtpx:hr>143</gpxtpx:hr>
            <gpxtpx:cad>72</gpxtpx:cad>
          </gpxtpx:TrackPointExtension>
        </extensions>
      </trkpt>
      <trkpt lat="46.46199183538556" lon="13.94151116721332">
        <ele>650.5999755859375</ele>
        <time>2026-07-04T14:10:37.453Z</time>
        <extensions>
          <gpxtpx:TrackPointExtension>
            <gpxtpx:atemp>28</gpxtpx:atemp>
            <gpxtpx:hr>143</gpxtpx:hr>
            <gpxtpx:cad>73</gpxtpx:cad>
          </gpxtpx:TrackPointExtension>
        </extensions>
      </trkpt>
      <trkpt lat="46.461968114599586" lon="13.941464144736528">
        <ele>650.7999877929688</ele>
        <time>2026-07-04T14:10:38.453Z</time>
        <extensions>
          <gpxtpx:TrackPointExtension>
            <gpxtpx:atemp>28</gpxtpx:atemp>
            <gpxtpx:hr>143</gpxtpx:hr>
            <gpxtpx:cad>73</gpxtpx:cad>
          </gpxtpx:TrackPointExtension>
        </extensions>
      </trkpt>
      <trkpt lat="46.461942130699754" lon="13.941420977935195">
        <ele>650.7999877929688</ele>
        <time>2026-07-04T14:10:39.453Z</time>
        <extensions>
          <gpxtpx:TrackPointExtension>
            <gpxtpx:atemp>28</gpxtpx:atemp>
            <gpxtpx:hr>144</gpxtpx:hr>
            <gpxtpx:cad>72</gpxtpx:cad>
          </gpxtpx:TrackPointExtension>
        </extensions>
      </trkpt>
      <trkpt lat="46.46191564388573" lon="13.941377811133862">
        <ele>650.7999877929688</ele>
        <time>2026-07-04T14:10:40.453Z</time>
        <extensions>
          <gpxtpx:TrackPointExtension>
            <gpxtpx:atemp>28</gpxtpx:atemp>
            <gpxtpx:hr>144</gpxtpx:hr>
            <gpxtpx:cad>73</gpxtpx:cad>
          </gpxtpx:TrackPointExtension>
        </extensions>
      </trkpt>
      <trkpt lat="46.461893264204264" lon="13.941334476694465">
        <ele>650.7999877929688</ele>
        <time>2026-07-04T14:10:41.453Z</time>
        <extensions>
          <gpxtpx:TrackPointExtension>
            <gpxtpx:atemp>28</gpxtpx:atemp>
            <gpxtpx:hr>144</gpxtpx:hr>
            <gpxtpx:cad>71</gpxtpx:cad>
          </gpxtpx:TrackPointExtension>
        </extensions>
      </trkpt>
      <trkpt lat="46.46186568774283" lon="13.941283179447055">
        <ele>651</ele>
        <time>2026-07-04T14:10:42.453Z</time>
        <extensions>
          <gpxtpx:TrackPointExtension>
            <gpxtpx:atemp>28</gpxtpx:atemp>
            <gpxtpx:hr>145</gpxtpx:hr>
            <gpxtpx:cad>71</gpxtpx:cad>
          </gpxtpx:TrackPointExtension>
        </extensions>
      </trkpt>
      <trkpt lat="46.46183869801462" lon="13.94124185666442">
        <ele>651</ele>
        <time>2026-07-04T14:10:43.453Z</time>
        <extensions>
          <gpxtpx:TrackPointExtension>
            <gpxtpx:atemp>28</gpxtpx:atemp>
            <gpxtpx:hr>145</gpxtpx:hr>
            <gpxtpx:cad>70</gpxtpx:cad>
          </gpxtpx:TrackPointExtension>
        </extensions>
      </trkpt>
      <trkpt lat="46.461816653609276" lon="13.941199192777276">
        <ele>651</ele>
        <time>2026-07-04T14:10:44.453Z</time>
        <extensions>
          <gpxtpx:TrackPointExtension>
            <gpxtpx:atemp>28</gpxtpx:atemp>
            <gpxtpx:hr>145</gpxtpx:hr>
            <gpxtpx:cad>70</gpxtpx:cad>
          </gpxtpx:TrackPointExtension>
        </extensions>
      </trkpt>
      <trkpt lat="46.4617929328233" lon="13.941157115623355">
        <ele>651</ele>
        <time>2026-07-04T14:10:45.453Z</time>
        <extensions>
          <gpxtpx:TrackPointExtension>
            <gpxtpx:atemp>28</gpxtpx:atemp>
            <gpxtpx:hr>145</gpxtpx:hr>
            <gpxtpx:cad>68</gpxtpx:cad>
          </gpxtpx:TrackPointExtension>
        </extensions>
      </trkpt>
      <trkpt lat="46.461767703294754" lon="13.941118391230702">
        <ele>651</ele>
        <time>2026-07-04T14:10:46.453Z</time>
        <extensions>
          <gpxtpx:TrackPointExtension>
            <gpxtpx:atemp>28</gpxtpx:atemp>
            <gpxtpx:hr>145</gpxtpx:hr>
            <gpxtpx:cad>67</gpxtpx:cad>
          </gpxtpx:TrackPointExtension>
        </extensions>
      </trkpt>
      <trkpt lat="46.46174264140427" lon="13.941079415380955">
        <ele>651.2000122070312</ele>
        <time>2026-07-04T14:10:47.453Z</time>
        <extensions>
          <gpxtpx:TrackPointExtension>
            <gpxtpx:atemp>28</gpxtpx:atemp>
            <gpxtpx:hr>146</gpxtpx:hr>
            <gpxtpx:cad>66</gpxtpx:cad>
          </gpxtpx:TrackPointExtension>
        </extensions>
      </trkpt>
      <trkpt lat="46.461722860112786" lon="13.941047228872776">
        <ele>651.2000122070312</ele>
        <time>2026-07-04T14:10:48.453Z</time>
        <extensions>
          <gpxtpx:TrackPointExtension>
            <gpxtpx:atemp>28</gpxtpx:atemp>
            <gpxtpx:hr>146</gpxtpx:hr>
            <gpxtpx:cad>65</gpxtpx:cad>
          </gpxtpx:TrackPointExtension>
        </extensions>
      </trkpt>
      <trkpt lat="46.4616962056607" lon="13.941008588299155">
        <ele>651.2000122070312</ele>
        <time>2026-07-04T14:10:49.453Z</time>
        <extensions>
          <gpxtpx:TrackPointExtension>
            <gpxtpx:atemp>28</gpxtpx:atemp>
            <gpxtpx:hr>147</gpxtpx:hr>
            <gpxtpx:cad>65</gpxtpx:cad>
          </gpxtpx:TrackPointExtension>
        </extensions>
      </trkpt>
      <trkpt lat="46.46166091784835" lon="13.940970366820693">
        <ele>651.4000244140625</ele>
        <time>2026-07-04T14:10:50.453Z</time>
        <extensions>
          <gpxtpx:TrackPointExtension>
            <gpxtpx:atemp>28</gpxtpx:atemp>
            <gpxtpx:hr>147</gpxtpx:hr>
            <gpxtpx:cad>68</gpxtpx:cad>
          </gpxtpx:TrackPointExtension>
        </extensions>
      </trkpt>
      <trkpt lat="46.46162923425436" lon="13.940962152555585">
        <ele>651.4000244140625</ele>
        <time>2026-07-04T14:10:51.453Z</time>
        <extensions>
          <gpxtpx:TrackPointExtension>
            <gpxtpx:atemp>28</gpxtpx:atemp>
            <gpxtpx:hr>147</gpxtpx:hr>
            <gpxtpx:cad>68</gpxtpx:cad>
          </gpxtpx:TrackPointExtension>
        </extensions>
      </trkpt>
      <trkpt lat="46.461597215384245" lon="13.940966846421361">
        <ele>651.4000244140625</ele>
        <time>2026-07-04T14:10:52.453Z</time>
        <extensions>
          <gpxtpx:TrackPointExtension>
            <gpxtpx:atemp>28</gpxtpx:atemp>
            <gpxtpx:hr>148</gpxtpx:hr>
            <gpxtpx:cad>66</gpxtpx:cad>
          </gpxtpx:TrackPointExtension>
        </extensions>
      </trkpt>
      <trkpt lat="46.461606" lon="13.940988">
        <ele>648.01</ele>
        <time>2026-07-04T14:10:52.788Z</time>
      </trkpt>
      <trkpt lat="46.46131" lon="13.941267">
        <ele>648.13</ele>
        <time>2026-07-04T14:11:00.045Z</time>
      </trkpt>
      <trkpt lat="46.461236" lon="13.941405">
        <ele>648.15</ele>
        <time>2026-07-04T14:11:02.522Z</time>
      </trkpt>
      <trkpt lat="46.461213" lon="13.941548">
        <ele>648.88</ele>
        <time>2026-07-04T14:11:04.602Z</time>
      </trkpt>
      <trkpt lat="46.461223" lon="13.941685">
        <ele>648.35</ele>
        <time>2026-07-04T14:11:06.553Z</time>
      </trkpt>
      <trkpt lat="46.461252" lon="13.941815">
        <ele>648</ele>
        <time>2026-07-04T14:11:08.488Z</time>
      </trkpt>
      <trkpt lat="46.461572" lon="13.942675">
        <ele>647</ele>
        <time>2026-07-04T14:11:22.333Z</time>
      </trkpt>
      <trkpt lat="46.461622" lon="13.94306">
        <ele>646.43</ele>
        <time>2026-07-04T14:11:27.882Z</time>
      </trkpt>
      <trkpt lat="46.461615" lon="13.94321">
        <ele>646</ele>
        <time>2026-07-04T14:11:30.011Z</time>
      </trkpt>
      <trkpt lat="46.461587" lon="13.943324">
        <ele>646</ele>
        <time>2026-07-04T14:11:31.725Z</time>
      </trkpt>
      <trkpt lat="46.461527" lon="13.943439">
        <ele>646</ele>
        <time>2026-07-04T14:11:33.768Z</time>
      </trkpt>
      <trkpt lat="46.461527" lon="13.943439">
        <ele>646</ele>
        <time>2026-07-04T14:11:33.768Z</time>
      </trkpt>
      <trkpt lat="46.461527" lon="13.943439">
        <ele>646</ele>
        <time>2026-07-04T14:11:33.768Z</time>
      </trkpt>
      <trkpt lat="46.461495" lon="13.943501">
        <ele>646</ele>
        <time>2026-07-04T14:11:34.663Z</time>
      </trkpt>
      <trkpt lat="46.461416" lon="13.943618">
        <ele>646.48</ele>
        <time>2026-07-04T14:11:36.555Z</time>
      </trkpt>
      <trkpt lat="46.461347" lon="13.943685">
        <ele>647.24</ele>
        <time>2026-07-04T14:11:37.947Z</time>
      </trkpt>
      <trkpt lat="46.461234" lon="13.94373">
        <ele>647.06</ele>
        <time>2026-07-04T14:11:39.912Z</time>
      </trkpt>
      <trkpt lat="46.46076" lon="13.943823">
        <ele>646.73</ele>
        <time>2026-07-04T14:11:47.934Z</time>
      </trkpt>
      <trkpt lat="46.460336" lon="13.943967">
        <ele>646.11</ele>
        <time>2026-07-04T14:11:55.238Z</time>
      </trkpt>
      <trkpt lat="46.460248" lon="13.944044">
        <ele>646</ele>
        <time>2026-07-04T14:11:56.961Z</time>
      </trkpt>
      <trkpt lat="46.460196" lon="13.944135">
        <ele>646</ele>
        <time>2026-07-04T14:11:58.327Z</time>
      </trkpt>
      <trkpt lat="46.460163" lon="13.94431">
        <ele>645.81</ele>
        <time>2026-07-04T14:12:00.423Z</time>
      </trkpt>
      <trkpt lat="46.460142" lon="13.944527">
        <ele>645.01</ele>
        <time>2026-07-04T14:12:02.954Z</time>
      </trkpt>
      <trkpt lat="46.460138" lon="13.944901">
        <ele>645</ele>
        <time>2026-07-04T14:12:07.275Z</time>
      </trkpt>
      <trkpt lat="46.460151" lon="13.945249">
        <ele>645</ele>
        <time>2026-07-04T14:12:11.301Z</time>
      </trkpt>
      <trkpt lat="46.460138" lon="13.945589">
        <ele>644.98</ele>
        <time>2026-07-04T14:12:15.235Z</time>
      </trkpt>
      <trkpt lat="46.460116" lon="13.945784">
        <ele>644.66</ele>
        <time>2026-07-04T14:12:17.518Z</time>
      </trkpt>
      <trkpt lat="46.459915" lon="13.946457">
        <ele>643.86</ele>
        <time>2026-07-04T14:12:25.993Z</time>
      </trkpt>
      <trkpt lat="46.459749" lon="13.947057">
        <ele>643.62</ele>
        <time>2026-07-04T14:12:33.464Z</time>
      </trkpt>
      <trkpt lat="46.459703" lon="13.947271">
        <ele>643.31</ele>
        <time>2026-07-04T14:12:36.054Z</time>
      </trkpt>
      <trkpt lat="46.459687" lon="13.947899">
        <ele>644.38</ele>
        <time>2026-07-04T14:12:43.315Z</time>
      </trkpt>
      <trkpt lat="46.459646" lon="13.948377">
        <ele>644.41</ele>
        <time>2026-07-04T14:12:48.880Z</time>
      </trkpt>
      <trkpt lat="46.459607" lon="13.948568">
        <ele>644.93</ele>
        <time>2026-07-04T14:12:51.181Z</time>
      </trkpt>
      <trkpt lat="46.459568" lon="13.948705">
        <ele>645.12</ele>
        <time>2026-07-04T14:12:52.893Z</time>
      </trkpt>
      <trkpt lat="46.459396" lon="13.949199">
        <ele>644.51</ele>
        <time>2026-07-04T14:12:58.542Z</time>
      </trkpt>
      <trkpt lat="46.459396" lon="13.949199">
        <ele>644.51</ele>
        <time>2026-07-04T14:12:58.542Z</time>
      </trkpt>
      <trkpt lat="46.459344" lon="13.949425">
        <ele>643.96</ele>
        <time>2026-07-04T14:13:00.973Z</time>
      </trkpt>
      <trkpt lat="46.459334" lon="13.949617">
        <ele>643.55</ele>
        <time>2026-07-04T14:13:02.938Z</time>
      </trkpt>
      <trkpt lat="46.459369" lon="13.949961">
        <ele>643.75</ele>
        <time>2026-07-04T14:13:06.487Z</time>
      </trkpt>
      <trkpt lat="46.45948" lon="13.95054">
        <ele>643.22</ele>
        <time>2026-07-04T14:13:12.621Z</time>
      </trkpt>
      <trkpt lat="46.459559" lon="13.950801">
        <ele>643.75</ele>
        <time>2026-07-04T14:13:15.530Z</time>
      </trkpt>
      <trkpt lat="46.459595" lon="13.950989">
        <ele>643.52</ele>
        <time>2026-07-04T14:13:17.521Z</time>
      </trkpt>
      <trkpt lat="46.459619" lon="13.95168">
        <ele>643.07</ele>
        <time>2026-07-04T14:13:24.582Z</time>
      </trkpt>
      <trkpt lat="46.459731" lon="13.952363">
        <ele>642.92</ele>
        <time>2026-07-04T14:13:31.747Z</time>
      </trkpt>
      <trkpt lat="46.459738" lon="13.952573">
        <ele>642.53</ele>
        <time>2026-07-04T14:13:33.892Z</time>
      </trkpt>
      <trkpt lat="46.459705" lon="13.953003">
        <ele>642.31</ele>
        <time>2026-07-04T14:13:38.307Z</time>
      </trkpt>
      <trkpt lat="46.459685" lon="13.953386">
        <ele>642.42</ele>
        <time>2026-07-04T14:13:42.227Z</time>
      </trkpt>
      <trkpt lat="46.459695" lon="13.953761">
        <ele>642.15</ele>
        <time>2026-07-04T14:13:46.057Z</time>
      </trkpt>
      <trkpt lat="46.459741" lon="13.954119">
        <ele>641.43</ele>
        <time>2026-07-04T14:13:49.773Z</time>
      </trkpt>
      <trkpt lat="46.459856" lon="13.954784">
        <ele>639.36</ele>
        <time>2026-07-04T14:13:56.770Z</time>
      </trkpt>
      <trkpt lat="46.459868" lon="13.955221">
        <ele>638.19</ele>
        <time>2026-07-04T14:14:01.233Z</time>
      </trkpt>
      <trkpt lat="46.459847" lon="13.955886">
        <ele>637.44</ele>
        <time>2026-07-04T14:14:08.027Z</time>
      </trkpt>
      <trkpt lat="46.459869" lon="13.956306">
        <ele>637.25</ele>
        <time>2026-07-04T14:14:12.326Z</time>
      </trkpt>
      <trkpt lat="46.459921" lon="13.956743">
        <ele>637.66</ele>
        <time>2026-07-04T14:14:16.852Z</time>
      </trkpt>
      <trkpt lat="46.460072" lon="13.957544">
        <ele>637.97</ele>
        <time>2026-07-04T14:14:25.328Z</time>
      </trkpt>
      <trkpt lat="46.460209" lon="13.95845">
        <ele>640.39</ele>
        <time>2026-07-04T14:14:34.795Z</time>
      </trkpt>
      <trkpt lat="46.460307" lon="13.959354">
        <ele>638.26</ele>
        <time>2026-07-04T14:14:44.135Z</time>
      </trkpt>
      <trkpt lat="46.460332" lon="13.960154">
        <ele>635.04</ele>
        <time>2026-07-04T14:14:52.308Z</time>
      </trkpt>
      <trkpt lat="46.460384" lon="13.960481">
        <ele>633.91</ele>
        <time>2026-07-04T14:14:55.733Z</time>
      </trkpt>
      <trkpt lat="46.460427" lon="13.960632">
        <ele>633.14</ele>
        <time>2026-07-04T14:14:57.400Z</time>
      </trkpt>
      <trkpt lat="46.460548" lon="13.960818">
        <ele>632.53</ele>
        <time>2026-07-04T14:15:00.011Z</time>
      </trkpt>
      <trkpt lat="46.460489" lon="13.960921">
        <ele>632.99</ele>
        <time>2026-07-04T14:15:01.378Z</time>
      </trkpt>
      <trkpt lat="46.460367" lon="13.961053">
        <ele>632.04</ele>
        <time>2026-07-04T14:15:03.632Z</time>
      </trkpt>
      <trkpt lat="46.460293" lon="13.961202">
        <ele>631.32</ele>
        <time>2026-07-04T14:15:05.506Z</time>
      </trkpt>
      <trkpt lat="46.460262" lon="13.961291">
        <ele>631.25</ele>
        <time>2026-07-04T14:15:06.493Z</time>
      </trkpt>
      <trkpt lat="46.460262" lon="13.961291">
        <ele>631.25</ele>
        <time>2026-07-04T14:15:06.493Z</time>
      </trkpt>
      <trkpt lat="46.460185" lon="13.961514">
        <ele>631.08</ele>
        <time>2026-07-04T14:15:08.962Z</time>
      </trkpt>
      <trkpt lat="46.460011" lon="13.961879">
        <ele>631.06</ele>
        <time>2026-07-04T14:15:13.356Z</time>
      </trkpt>
      <trkpt lat="46.45995" lon="13.962089">
        <ele>631.33</ele>
        <time>2026-07-04T14:15:15.612Z</time>
      </trkpt>
      <trkpt lat="46.459923" lon="13.962298">
        <ele>630.11</ele>
        <time>2026-07-04T14:15:17.717Z</time>
      </trkpt>
      <trkpt lat="46.459914" lon="13.962762">
        <ele>630</ele>
        <time>2026-07-04T14:15:22.312Z</time>
      </trkpt>
      <trkpt lat="46.459931" lon="13.963509">
        <ele>629.46</ele>
        <time>2026-07-04T14:15:29.712Z</time>
      </trkpt>
      <trkpt lat="46.459916" lon="13.963989">
        <ele>628.51</ele>
        <time>2026-07-04T14:15:34.469Z</time>
      </trkpt>
      <trkpt lat="46.459914" lon="13.964756">
        <ele>628.5</ele>
        <time>2026-07-04T14:15:42.063Z</time>
      </trkpt>
      <trkpt lat="46.459832" lon="13.965514">
        <ele>628.5</ele>
        <time>2026-07-04T14:15:49.660Z</time>
      </trkpt>
      <trkpt lat="46.459742" lon="13.966135">
        <ele>628</ele>
        <time>2026-07-04T14:15:55.943Z</time>
      </trkpt>
      <trkpt lat="46.459619" lon="13.966783">
        <ele>627.86</ele>
        <time>2026-07-04T14:16:02.598Z</time>
      </trkpt>
      <trkpt lat="46.459579" lon="13.967089">
        <ele>628.84</ele>
        <time>2026-07-04T14:16:05.681Z</time>
      </trkpt>
      <trkpt lat="46.459507" lon="13.967471">
        <ele>628.41</ele>
        <time>2026-07-04T14:16:09.602Z</time>
      </trkpt>
      <trkpt lat="46.459385" lon="13.96798">
        <ele>628.09</ele>
        <time>2026-07-04T14:16:14.938Z</time>
      </trkpt>
      <trkpt lat="46.459269" lon="13.968348">
        <ele>628.08</ele>
        <time>2026-07-04T14:16:18.945Z</time>
      </trkpt>
      <trkpt lat="46.459224" lon="13.968546">
        <ele>627</ele>
        <time>2026-07-04T14:16:21.009Z</time>
      </trkpt>
      <trkpt lat="46.459118" lon="13.968798">
        <ele>627.9</ele>
        <time>2026-07-04T14:16:23.932Z</time>
      </trkpt>
      <trkpt lat="46.459031" lon="13.969063">
        <ele>626.96</ele>
        <time>2026-07-04T14:16:26.838Z</time>
      </trkpt>
      <trkpt lat="46.45889" lon="13.96934">
        <ele>628.18</ele>
        <time>2026-07-04T14:16:30.248Z</time>
      </trkpt>
      <trkpt lat="46.458807" lon="13.969594">
        <ele>626.7</ele>
        <time>2026-07-04T14:16:33.031Z</time>
      </trkpt>
      <trkpt lat="46.458664" lon="13.969977">
        <ele>626.17</ele>
        <time>2026-07-04T14:16:37.344Z</time>
      </trkpt>
      <trkpt lat="46.458513" lon="13.970342">
        <ele>626.4</ele>
        <time>2026-07-04T14:16:41.559Z</time>
      </trkpt>
      <trkpt lat="46.458403" lon="13.970538">
        <ele>626.42</ele>
        <time>2026-07-04T14:16:44.062Z</time>
      </trkpt>
      <trkpt lat="46.458403" lon="13.970538">
        <ele>626.42</ele>
        <time>2026-07-04T14:16:44.062Z</time>
      </trkpt>
      <trkpt lat="46.458403" lon="13.970538">
        <ele>626.42</ele>
        <time>2026-07-04T14:16:44.062Z</time>
      </trkpt>
      <trkpt lat="46.458156" lon="13.970981">
        <ele>626.46</ele>
        <time>2026-07-04T14:16:50.384Z</time>
      </trkpt>
      <trkpt lat="46.458002" lon="13.971223">
        <ele>625.41</ele>
        <time>2026-07-04T14:16:54.038Z</time>
      </trkpt>
      <trkpt lat="46.457768" lon="13.971562">
        <ele>624</ele>
        <time>2026-07-04T14:16:59.361Z</time>
      </trkpt>
      <trkpt lat="46.457495" lon="13.97199">
        <ele>624.01</ele>
        <time>2026-07-04T14:17:05.831Z</time>
      </trkpt>
      <trkpt lat="46.457283" lon="13.972235">
        <ele>623.87</ele>
        <time>2026-07-04T14:17:10.194Z</time>
      </trkpt>
      <trkpt lat="46.456818" lon="13.972724">
        <ele>622.01</ele>
        <time>2026-07-04T14:17:19.440Z</time>
      </trkpt>
      <trkpt lat="46.456688" lon="13.972897">
        <ele>622.09</ele>
        <time>2026-07-04T14:17:22.280Z</time>
      </trkpt>
      <trkpt lat="46.456617" lon="13.973039">
        <ele>622.09</ele>
        <time>2026-07-04T14:17:24.226Z</time>
      </trkpt>
      <trkpt lat="46.456586" lon="13.973157">
        <ele>622</ele>
        <time>2026-07-04T14:17:25.627Z</time>
      </trkpt>
      <trkpt lat="46.456572" lon="13.973335">
        <ele>622</ele>
        <time>2026-07-04T14:17:27.614Z</time>
      </trkpt>
      <trkpt lat="46.456535" lon="13.973435">
        <ele>622</ele>
        <time>2026-07-04T14:17:28.873Z</time>
      </trkpt>
      <trkpt lat="46.456491" lon="13.973508">
        <ele>622</ele>
        <time>2026-07-04T14:17:29.949Z</time>
      </trkpt>
      <trkpt lat="46.45634" lon="13.973657">
        <ele>621</ele>
        <time>2026-07-04T14:17:32.889Z</time>
      </trkpt>
      <trkpt lat="46.456156" lon="13.973797">
        <ele>621.29</ele>
        <time>2026-07-04T14:17:36.234Z</time>
      </trkpt>
      <trkpt lat="46.45615593530238" lon="13.973797000944614">
        <ele>627.7999877929688</ele>
        <time>2026-07-04T14:17:36.235Z</time>
        <extensions>
          <gpxtpx:TrackPointExtension>
            <gpxtpx:atemp>28</gpxtpx:atemp>
            <gpxtpx:hr>151</gpxtpx:hr>
            <gpxtpx:cad>79</gpxtpx:cad>
          </gpxtpx:TrackPointExtension>
        </extensions>
      </trkpt>
      <trkpt lat="46.456156" lon="13.973797">
        <ele>621.29</ele>
        <time>2026-07-04T14:17:36.717Z</time>
      </trkpt>
      <trkpt lat="46.455859" lon="13.973942">
        <ele>622.09</ele>
        <time>2026-07-04T14:17:54.813Z</time>
      </trkpt>
      <trkpt lat="46.45565" lon="13.974018">
        <ele>624.05</ele>
        <time>2026-07-04T14:18:07.256Z</time>
      </trkpt>
      <trkpt lat="46.455458" lon="13.974101">
        <ele>624.43</ele>
        <time>2026-07-04T14:18:18.825Z</time>
      </trkpt>
      <trkpt lat="46.455349" lon="13.974114">
        <ele>624.93</ele>
        <time>2026-07-04T14:18:25.141Z</time>
      </trkpt>
      <trkpt lat="46.455235" lon="13.97414">
        <ele>625.36</ele>
        <time>2026-07-04T14:18:31.805Z</time>
      </trkpt>
      <trkpt lat="46.455003" lon="13.97427">
        <ele>627.67</ele>
        <time>2026-07-04T14:18:46.167Z</time>
      </trkpt>
      <trkpt lat="46.454687" lon="13.974475">
        <ele>631.98</ele>
        <time>2026-07-04T14:19:06.156Z</time>
      </trkpt>
      <trkpt lat="46.454578" lon="13.974602">
        <ele>633.86</ele>
        <time>2026-07-04T14:19:14.228Z</time>
      </trkpt>
      <trkpt lat="46.454502" lon="13.974754">
        <ele>638.71</ele>
        <time>2026-07-04T14:19:21.700Z</time>
      </trkpt>
      <trkpt lat="46.454443" lon="13.974967">
        <ele>641.66</ele>
        <time>2026-07-04T14:19:30.833Z</time>
      </trkpt>
      <trkpt lat="46.454443" lon="13.974967">
        <ele>641.66</ele>
        <time>2026-07-04T14:19:30.833Z</time>
      </trkpt>
      <trkpt lat="46.454357" lon="13.975277">
        <ele>644.28</ele>
        <time>2026-07-04T14:19:51.052Z</time>
      </trkpt>
      <trkpt lat="46.454288" lon="13.975438">
        <ele>646.23</ele>
        <time>2026-07-04T14:20:04.060Z</time>
      </trkpt>
      <trkpt lat="46.454244" lon="13.975638">
        <ele>647.71</ele>
        <time>2026-07-04T14:20:18.463Z</time>
      </trkpt>
      <trkpt lat="46.454225" lon="13.975964">
        <ele>648.67</ele>
        <time>2026-07-04T14:20:40.908Z</time>
      </trkpt>
      <trkpt lat="46.45417" lon="13.976132">
        <ele>649.71</ele>
        <time>2026-07-04T14:20:53.669Z</time>
      </trkpt>
      <trkpt lat="46.454162" lon="13.976194">
        <ele>650</ele>
        <time>2026-07-04T14:20:57.996Z</time>
      </trkpt>
      <trkpt lat="46.45415718667209" lon="13.976192800328135">
        <ele>655.7999877929688</ele>
        <time>2026-07-04T14:20:58.144Z</time>
        <extensions>
          <gpxtpx:TrackPointExtension>
            <gpxtpx:atemp>28</gpxtpx:atemp>
            <gpxtpx:hr>169</gpxtpx:hr>
          </gpxtpx:TrackPointExtension>
        </extensions>
      </trkpt>
      <trkpt lat="46.454162" lon="13.976194">
        <ele>650</ele>
        <time>2026-07-04T14:20:58.292Z</time>
      </trkpt>
      <trkpt lat="46.454141" lon="13.976358">
        <ele>650.76</ele>
        <time>2026-07-04T14:21:01.783Z</time>
      </trkpt>
      <trkpt lat="46.454146" lon="13.976459">
        <ele>651.3</ele>
        <time>2026-07-04T14:21:03.902Z</time>
      </trkpt>
      <trkpt lat="46.454161" lon="13.976505">
        <ele>651.32</ele>
        <time>2026-07-04T14:21:04.967Z</time>
      </trkpt>
      <trkpt lat="46.454184" lon="13.97658">
        <ele>651.34</ele>
        <time>2026-07-04T14:21:06.685Z</time>
      </trkpt>
      <trkpt lat="46.454252" lon="13.976718">
        <ele>650.83</ele>
        <time>2026-07-04T14:21:10.236Z</time>
      </trkpt>
      <trkpt lat="46.45432" lon="13.976885">
        <ele>650.38</ele>
        <time>2026-07-04T14:21:14.296Z</time>
      </trkpt>
      <trkpt lat="46.454375" lon="13.977054">
        <ele>650.24</ele>
        <time>2026-07-04T14:21:18.208Z</time>
      </trkpt>
      <trkpt lat="46.454544" lon="13.977657">
        <ele>647.39</ele>
        <time>2026-07-04T14:21:31.834Z</time>
      </trkpt>
      <trkpt lat="46.454671" lon="13.978206">
        <ele>646.12</ele>
        <time>2026-07-04T14:21:43.956Z</time>
      </trkpt>
      <trkpt lat="46.4546712487936" lon="13.97820613346994">
        <ele>652.4000244140625</ele>
        <time>2026-07-04T14:21:43.960Z</time>
        <extensions>
          <gpxtpx:TrackPointExtension>
            <gpxtpx:atemp>28</gpxtpx:atemp>
            <gpxtpx:hr>161</gpxtpx:hr>
          </gpxtpx:TrackPointExtension>
        </extensions>
      </trkpt>
      <trkpt lat="46.454671" lon="13.978206">
        <ele>646.12</ele>
        <time>2026-07-04T14:21:43.964Z</time>
      </trkpt>
      <trkpt lat="46.454694" lon="13.978358">
        <ele>645.8</ele>
        <time>2026-07-04T14:21:45.856Z</time>
      </trkpt>
      <trkpt lat="46.454722" lon="13.978625">
        <ele>645.04</ele>
        <time>2026-07-04T14:21:49.141Z</time>
      </trkpt>
      <trkpt lat="46.454741" lon="13.978944">
        <ele>644.07</ele>
        <time>2026-07-04T14:21:53.035Z</time>
      </trkpt>
      <trkpt lat="46.454743" lon="13.97948">
        <ele>643.36</ele>
        <time>2026-07-04T14:21:59.554Z</time>
      </trkpt>
      <trkpt lat="46.454707" lon="13.97973">
        <ele>642.87</ele>
        <time>2026-07-04T14:22:02.660Z</time>
      </trkpt>
      <trkpt lat="46.454632" lon="13.980141">
        <ele>642.75</ele>
        <time>2026-07-04T14:22:07.831Z</time>
      </trkpt>
      <trkpt lat="46.454563" lon="13.980455">
        <ele>643.07</ele>
        <time>2026-07-04T14:22:11.839Z</time>
      </trkpt>
      <trkpt lat="46.454505" lon="13.980806">
        <ele>644.02</ele>
        <time>2026-07-04T14:22:16.229Z</time>
      </trkpt>
      <trkpt lat="46.454485" lon="13.980992">
        <ele>643.35</ele>
        <time>2026-07-04T14:22:18.518Z</time>
      </trkpt>
      <trkpt lat="46.454448" lon="13.981138">
        <ele>643.8</ele>
        <time>2026-07-04T14:22:20.410Z</time>
      </trkpt>
      <trkpt lat="46.454448" lon="13.981138">
        <ele>643.8</ele>
        <time>2026-07-04T14:22:20.410Z</time>
      </trkpt>
      <trkpt lat="46.454448" lon="13.981138">
        <ele>643.8</ele>
        <time>2026-07-04T14:22:20.507Z</time>
      </trkpt>
      <trkpt lat="46.454404" lon="13.98126">
        <ele>643.71</ele>
        <time>2026-07-04T14:22:23.025Z</time>
      </trkpt>
      <trkpt lat="46.454321" lon="13.981408">
        <ele>643.55</ele>
        <time>2026-07-04T14:22:26.515Z</time>
      </trkpt>
      <trkpt lat="46.454277" lon="13.981522">
        <ele>643.26</ele>
        <time>2026-07-04T14:22:28.905Z</time>
      </trkpt>
      <trkpt lat="46.454239" lon="13.981644">
        <ele>642.87</ele>
        <time>2026-07-04T14:22:31.354Z</time>
      </trkpt>
      <trkpt lat="46.454207" lon="13.981782">
        <ele>642.37</ele>
        <time>2026-07-04T14:22:34.017Z</time>
      </trkpt>
      <trkpt lat="46.454186" lon="13.98196">
        <ele>642.43</ele>
        <time>2026-07-04T14:22:37.320Z</time>
      </trkpt>
      <trkpt lat="46.45412" lon="13.982134">
        <ele>642.78</ele>
        <time>2026-07-04T14:22:40.438Z</time>
      </trkpt>
      <trkpt lat="46.45412" lon="13.982134">
        <ele>642.78</ele>
        <time>2026-07-04T14:22:40.438Z</time>
      </trkpt>
      <trkpt lat="46.454086" lon="13.982201">
        <ele>642.93</ele>
        <time>2026-07-04T14:22:41.744Z</time>
      </trkpt>
      <trkpt lat="46.454044" lon="13.982204">
        <ele>643.26</ele>
        <time>2026-07-04T14:22:42.702Z</time>
      </trkpt>
      <trkpt lat="46.453745" lon="13.982091">
        <ele>647.44</ele>
        <time>2026-07-04T14:22:49.743Z</time>
      </trkpt>
      <trkpt lat="46.453646" lon="13.982063">
        <ele>648.69</ele>
        <time>2026-07-04T14:22:52.041Z</time>
      </trkpt>
      <trkpt lat="46.453564" lon="13.9821">
        <ele>649.46</ele>
        <time>2026-07-04T14:22:53.998Z</time>
      </trkpt>
      <trkpt lat="46.453475" lon="13.982217">
        <ele>650.12</ele>
        <time>2026-07-04T14:22:56.516Z</time>
      </trkpt>
      <trkpt lat="46.453475" lon="13.982217">
        <ele>650.12</ele>
        <time>2026-07-04T14:22:56.516Z</time>
      </trkpt>
      <trkpt lat="46.45333" lon="13.982387">
        <ele>651.1</ele>
        <time>2026-07-04T14:23:00.425Z</time>
      </trkpt>
      <trkpt lat="46.453235" lon="13.982534">
        <ele>651.17</ele>
        <time>2026-07-04T14:23:03.337Z</time>
      </trkpt>
      <trkpt lat="46.453166" lon="13.982701">
        <ele>650.73</ele>
        <time>2026-07-04T14:23:06.151Z</time>
      </trkpt>
      <trkpt lat="46.453126" lon="13.982897">
        <ele>648.67</ele>
        <time>2026-07-04T14:23:09.105Z</time>
      </trkpt>
      <trkpt lat="46.453076" lon="13.983077">
        <ele>647.38</ele>
        <time>2026-07-04T14:23:11.909Z</time>
      </trkpt>
      <trkpt lat="46.452932" lon="13.983454">
        <ele>647.17</ele>
        <time>2026-07-04T14:23:18.138Z</time>
      </trkpt>
      <trkpt lat="46.452842" lon="13.983608">
        <ele>647.24</ele>
        <time>2026-07-04T14:23:21.056Z</time>
      </trkpt>
      <trkpt lat="46.452699" lon="13.983873">
        <ele>645.07</ele>
        <time>2026-07-04T14:23:25.920Z</time>
      </trkpt>
      <trkpt lat="46.452568" lon="13.984054">
        <ele>644.05</ele>
        <time>2026-07-04T14:23:29.713Z</time>
      </trkpt>
      <trkpt lat="46.452414" lon="13.984194">
        <ele>643.67</ele>
        <time>2026-07-04T14:23:33.524Z</time>
      </trkpt>
      <trkpt lat="46.452251" lon="13.984298">
        <ele>643.9</ele>
        <time>2026-07-04T14:23:37.258Z</time>
      </trkpt>
      <trkpt lat="46.452221" lon="13.984299">
        <ele>644.08</ele>
        <time>2026-07-04T14:23:37.887Z</time>
      </trkpt>
      <trkpt lat="46.452221" lon="13.984299">
        <ele>644.08</ele>
        <time>2026-07-04T14:23:37.887Z</time>
      </trkpt>
      <trkpt lat="46.452221" lon="13.984299">
        <ele>644.08</ele>
        <time>2026-07-04T14:23:38.408Z</time>
      </trkpt>
      <trkpt lat="46.451921" lon="13.984316">
        <ele>645.89</ele>
        <time>2026-07-04T14:23:43.243Z</time>
      </trkpt>
      <trkpt lat="46.451694" lon="13.984351">
        <ele>646.96</ele>
        <time>2026-07-04T14:23:46.919Z</time>
      </trkpt>
      <trkpt lat="46.451614" lon="13.98438">
        <ele>647.31</ele>
        <time>2026-07-04T14:23:48.247Z</time>
      </trkpt>
      <trkpt lat="46.4515" lon="13.984474">
        <ele>646.86</ele>
        <time>2026-07-04T14:23:50.358Z</time>
      </trkpt>
      <trkpt lat="46.451346" lon="13.984644">
        <ele>646.56</ele>
        <time>2026-07-04T14:23:53.474Z</time>
      </trkpt>
      <trkpt lat="46.451254" lon="13.98477">
        <ele>646.77</ele>
        <time>2026-07-04T14:23:55.511Z</time>
      </trkpt>
      <trkpt lat="46.451204" lon="13.984865">
        <ele>646.5</ele>
        <time>2026-07-04T14:23:56.837Z</time>
      </trkpt>
      <trkpt lat="46.451204" lon="13.984865">
        <ele>646.5</ele>
        <time>2026-07-04T14:23:56.837Z</time>
      </trkpt>
      <trkpt lat="46.451115" lon="13.98506">
        <ele>645.71</ele>
        <time>2026-07-04T14:23:59.664Z</time>
      </trkpt>
      <trkpt lat="46.451074" lon="13.985286">
        <ele>644.24</ele>
        <time>2026-07-04T14:24:02.315Z</time>
      </trkpt>
      <trkpt lat="46.451074" lon="13.985286">
        <ele>644.24</ele>
        <time>2026-07-04T14:24:02.315Z</time>
      </trkpt>
      <trkpt lat="46.451074" lon="13.985286">
        <ele>644.24</ele>
        <time>2026-07-04T14:24:02.315Z</time>
      </trkpt>
      <trkpt lat="46.451036" lon="13.985496">
        <ele>642.88</ele>
        <time>2026-07-04T14:24:03.916Z</time>
      </trkpt>
      <trkpt lat="46.450988" lon="13.985706">
        <ele>641.18</ele>
        <time>2026-07-04T14:24:05.547Z</time>
      </trkpt>
      <trkpt lat="46.450914" lon="13.986206">
        <ele>635.82</ele>
        <time>2026-07-04T14:24:09.318Z</time>
      </trkpt>
      <trkpt lat="46.450867" lon="13.986435">
        <ele>633.02</ele>
        <time>2026-07-04T14:24:11.079Z</time>
      </trkpt>
      <trkpt lat="46.450814" lon="13.986614">
        <ele>630.29</ele>
        <time>2026-07-04T14:24:12.515Z</time>
      </trkpt>
      <trkpt lat="46.450747" lon="13.986798">
        <ele>628.36</ele>
        <time>2026-07-04T14:24:14.049Z</time>
      </trkpt>
      <trkpt lat="46.450567" lon="13.987192">
        <ele>622.69</ele>
        <time>2026-07-04T14:24:17.534Z</time>
      </trkpt>
      <trkpt lat="46.450359" lon="13.987679">
        <ele>619.53</ele>
        <time>2026-07-04T14:24:21.759Z</time>
      </trkpt>
      <trkpt lat="46.450208" lon="13.988142">
        <ele>617.89</ele>
        <time>2026-07-04T14:24:25.536Z</time>
      </trkpt>
      <trkpt lat="46.450126" lon="13.988521">
        <ele>616.53</ele>
        <time>2026-07-04T14:24:28.465Z</time>
      </trkpt>
      <trkpt lat="46.450118" lon="13.988627">
        <ele>616.55</ele>
        <time>2026-07-04T14:24:29.251Z</time>
      </trkpt>
      <trkpt lat="46.450124" lon="13.988728">
        <ele>616.54</ele>
        <time>2026-07-04T14:24:29.998Z</time>
      </trkpt>
      <trkpt lat="46.450168" lon="13.988865">
        <ele>616.24</ele>
        <time>2026-07-04T14:24:31.112Z</time>
      </trkpt>
      <trkpt lat="46.450182" lon="13.98889">
        <ele>616.17</ele>
        <time>2026-07-04T14:24:31.349Z</time>
      </trkpt>
      <trkpt lat="46.450182" lon="13.98889">
        <ele>616.17</ele>
        <time>2026-07-04T14:24:31.349Z</time>
      </trkpt>
      <trkpt lat="46.450182" lon="13.98889">
        <ele>616.17</ele>
        <time>2026-07-04T14:24:31.625Z</time>
      </trkpt>
      <trkpt lat="46.450315" lon="13.989123">
        <ele>615.55</ele>
        <time>2026-07-04T14:24:33.728Z</time>
      </trkpt>
      <trkpt lat="46.45036" lon="13.989226">
        <ele>615.01</ele>
        <time>2026-07-04T14:24:34.575Z</time>
      </trkpt>
      <trkpt lat="46.450396" lon="13.989418">
        <ele>613.33</ele>
        <time>2026-07-04T14:24:35.958Z</time>
      </trkpt>
      <trkpt lat="46.450396" lon="13.989531">
        <ele>612.92</ele>
        <time>2026-07-04T14:24:36.759Z</time>
      </trkpt>
      <trkpt lat="46.450396" lon="13.989531">
        <ele>612.92</ele>
        <time>2026-07-04T14:24:36.759Z</time>
      </trkpt>
      <trkpt lat="46.450362" lon="13.990141">
        <ele>608.85</ele>
        <time>2026-07-04T14:24:41.097Z</time>
      </trkpt>
      <trkpt lat="46.450297" lon="13.990746">
        <ele>606.08</ele>
        <time>2026-07-04T14:24:45.437Z</time>
      </trkpt>
      <trkpt lat="46.450301" lon="13.990939">
        <ele>606</ele>
        <time>2026-07-04T14:24:46.805Z</time>
      </trkpt>
      <trkpt lat="46.450309" lon="13.990999">
        <ele>606.15</ele>
        <time>2026-07-04T14:24:47.382Z</time>
      </trkpt>
      <trkpt lat="46.450309" lon="13.990999">
        <ele>606.15</ele>
        <time>2026-07-04T14:24:47.382Z</time>
      </trkpt>
      <trkpt lat="46.450332" lon="13.99117">
        <ele>606.55</ele>
        <time>2026-07-04T14:24:49.029Z</time>
      </trkpt>
      <trkpt lat="46.45039" lon="13.991367">
        <ele>606.36</ele>
        <time>2026-07-04T14:24:51.054Z</time>
      </trkpt>
      <trkpt lat="46.450479" lon="13.991522">
        <ele>604.84</ele>
        <time>2026-07-04T14:24:52.961Z</time>
      </trkpt>
      <trkpt lat="46.450529" lon="13.991708">
        <ele>604.71</ele>
        <time>2026-07-04T14:24:54.848Z</time>
      </trkpt>
      <trkpt lat="46.450639" lon="13.992222">
        <ele>604.53</ele>
        <time>2026-07-04T14:24:59.936Z</time>
      </trkpt>
      <trkpt lat="46.450651" lon="13.992396">
        <ele>604.52</ele>
        <time>2026-07-04T14:25:01.589Z</time>
      </trkpt>
      <trkpt lat="46.450642" lon="13.992562">
        <ele>605.13</ele>
        <time>2026-07-04T14:25:03.163Z</time>
      </trkpt>
      <trkpt lat="46.450627" lon="13.992634">
        <ele>605.25</ele>
        <time>2026-07-04T14:25:03.874Z</time>
      </trkpt>
      <trkpt lat="46.450604" lon="13.992691">
        <ele>605.44</ele>
        <time>2026-07-04T14:25:04.498Z</time>
      </trkpt>
      <trkpt lat="46.450593" lon="13.992719">
        <ele>605.54</ele>
        <time>2026-07-04T14:25:04.802Z</time>
      </trkpt>
      <trkpt lat="46.450462" lon="13.992813">
        <ele>606</ele>
        <time>2026-07-04T14:25:06.807Z</time>
      </trkpt>
      <trkpt lat="46.450402" lon="13.992873">
        <ele>606.37</ele>
        <time>2026-07-04T14:25:07.806Z</time>
      </trkpt>
      <trkpt lat="46.450318" lon="13.99298">
        <ele>607.61</ele>
        <time>2026-07-04T14:25:09.339Z</time>
      </trkpt>
      <trkpt lat="46.450188" lon="13.99319">
        <ele>609.2</ele>
        <time>2026-07-04T14:25:12.007Z</time>
      </trkpt>
      <trkpt lat="46.450142" lon="13.993276">
        <ele>609.43</ele>
        <time>2026-07-04T14:25:13.036Z</time>
      </trkpt>
      <trkpt lat="46.45014896057546" lon="13.99328333325684">
        <ele>615.4000244140625</ele>
        <time>2026-07-04T14:25:13.191Z</time>
        <extensions>
          <gpxtpx:TrackPointExtension>
            <gpxtpx:atemp>27</gpxtpx:atemp>
            <gpxtpx:hr>141</gpxtpx:hr>
            <gpxtpx:cad>63</gpxtpx:cad>
          </gpxtpx:TrackPointExtension>
        </extensions>
      </trkpt>
      <trkpt lat="46.450142" lon="13.993276">
        <ele>609.43</ele>
        <time>2026-07-04T14:25:13.346Z</time>
      </trkpt>
      <trkpt lat="46.449969" lon="13.993607">
        <ele>610.3</ele>
        <time>2026-07-04T14:25:17.937Z</time>
      </trkpt>
      <trkpt lat="46.449969" lon="13.993607">
        <ele>610.3</ele>
        <time>2026-07-04T14:25:17.937Z</time>
      </trkpt>
      <trkpt lat="46.449729" lon="13.994136">
        <ele>610.09</ele>
        <time>2026-07-04T14:25:24.936Z</time>
      </trkpt>
      <trkpt lat="46.449505" lon="13.994596">
        <ele>609.43</ele>
        <time>2026-07-04T14:25:31.160Z</time>
      </trkpt>
      <trkpt lat="46.449231" lon="13.995123">
        <ele>608.94</ele>
        <time>2026-07-04T14:25:38.456Z</time>
      </trkpt>
      <trkpt lat="46.448843" lon="13.995802">
        <ele>606.69</ele>
        <time>2026-07-04T14:25:48.204Z</time>
      </trkpt>
      <trkpt lat="46.448623" lon="13.996205">
        <ele>605</ele>
        <time>2026-07-04T14:25:53.886Z</time>
      </trkpt>
      <trkpt lat="46.448522" lon="13.996429">
        <ele>605</ele>
        <time>2026-07-04T14:25:56.844Z</time>
      </trkpt>
      <trkpt lat="46.448442" lon="13.996675">
        <ele>605</ele>
        <time>2026-07-04T14:25:59.850Z</time>
      </trkpt>
      <trkpt lat="46.44842" lon="13.996763">
        <ele>604.99</ele>
        <time>2026-07-04T14:26:00.892Z</time>
      </trkpt>
      <trkpt lat="46.44842" lon="13.996763">
        <ele>604.99</ele>
        <time>2026-07-04T14:26:00.892Z</time>
      </trkpt>
      <trkpt lat="46.448324" lon="13.997187">
        <ele>604.68</ele>
        <time>2026-07-04T14:26:05.862Z</time>
      </trkpt>
      <trkpt lat="46.448298" lon="13.997398">
        <ele>604.46</ele>
        <time>2026-07-04T14:26:08.249Z</time>
      </trkpt>
      <trkpt lat="46.448282" lon="13.997651">
        <ele>604.07</ele>
        <time>2026-07-04T14:26:11.078Z</time>
      </trkpt>
      <trkpt lat="46.448275" lon="13.998334">
        <ele>604.1</ele>
        <time>2026-07-04T14:26:18.685Z</time>
      </trkpt>
      <trkpt lat="46.448182" lon="13.998924">
        <ele>603</ele>
        <time>2026-07-04T14:26:25.425Z</time>
      </trkpt>
      <trkpt lat="46.447981" lon="13.999872">
        <ele>603</ele>
        <time>2026-07-04T14:26:36.471Z</time>
      </trkpt>
      <trkpt lat="46.447794" lon="14.000522">
        <ele>602.78</ele>
        <time>2026-07-04T14:26:50.815Z</time>
      </trkpt>
      <trkpt lat="46.447794" lon="14.000522">
        <ele>602.78</ele>
        <time>2026-07-04T14:26:50.815Z</time>
      </trkpt>
      <trkpt lat="46.447584" lon="14.001173">
        <ele>602.48</ele>
        <time>2026-07-04T14:27:05.453Z</time>
      </trkpt>
      <trkpt lat="46.447447" lon="14.001491">
        <ele>603.4</ele>
        <time>2026-07-04T14:27:11.803Z</time>
      </trkpt>
      <trkpt lat="46.447447" lon="14.001491">
        <ele>603.4</ele>
        <time>2026-07-04T14:27:11.803Z</time>
      </trkpt>
      <trkpt lat="46.447396" lon="14.001604">
        <ele>604.03</ele>
        <time>2026-07-04T14:27:14.090Z</time>
      </trkpt>
      <trkpt lat="46.446963" lon="14.002158">
        <ele>610.17</ele>
        <time>2026-07-04T14:27:28.275Z</time>
      </trkpt>
      <trkpt lat="46.446891" lon="14.002282">
        <ele>610.78</ele>
        <time>2026-07-04T14:27:31.020Z</time>
      </trkpt>
      <trkpt lat="46.446847" lon="14.002414">
        <ele>611.29</ele>
        <time>2026-07-04T14:27:33.502Z</time>
      </trkpt>
      <trkpt lat="46.446818" lon="14.002534">
        <ele>612.01</ele>
        <time>2026-07-04T14:27:35.655Z</time>
      </trkpt>
      <trkpt lat="46.446815" lon="14.002572">
        <ele>612.15</ele>
        <time>2026-07-04T14:27:36.120Z</time>
      </trkpt>
      <trkpt lat="46.446815" lon="14.002572">
        <ele>612.15</ele>
        <time>2026-07-04T14:27:36.120Z</time>
      </trkpt>
      <trkpt lat="46.44681" lon="14.002663">
        <ele>612.51</ele>
        <time>2026-07-04T14:27:37.232Z</time>
      </trkpt>
      <trkpt lat="46.446815" lon="14.00295">
        <ele>613.61</ele>
        <time>2026-07-04T14:27:40.729Z</time>
      </trkpt>
      <trkpt lat="46.446895" lon="14.003015">
        <ele>611.73</ele>
        <time>2026-07-04T14:27:42.350Z</time>
      </trkpt>
      <trkpt lat="46.446941" lon="14.003082">
        <ele>610.11</ele>
        <time>2026-07-04T14:27:43.502Z</time>
      </trkpt>
      <trkpt lat="46.446959" lon="14.003153">
        <ele>609.78</ele>
        <time>2026-07-04T14:27:44.423Z</time>
      </trkpt>
      <trkpt lat="46.446961" lon="14.003216">
        <ele>609.41</ele>
        <time>2026-07-04T14:27:45.191Z</time>
      </trkpt>
      <trkpt lat="46.446944" lon="14.003391">
        <ele>609.1</ele>
        <time>2026-07-04T14:27:47.344Z</time>
      </trkpt>
      <trkpt lat="46.446878" lon="14.003728">
        <ele>608.59</ele>
        <time>2026-07-04T14:27:51.612Z</time>
      </trkpt>
      <trkpt lat="46.446823" lon="14.003904">
        <ele>607.71</ele>
        <time>2026-07-04T14:27:53.966Z</time>
      </trkpt>
      <trkpt lat="46.446806" lon="14.004024">
        <ele>606.49</ele>
        <time>2026-07-04T14:27:55.458Z</time>
      </trkpt>
      <trkpt lat="46.446806" lon="14.004169">
        <ele>606.49</ele>
        <time>2026-07-04T14:27:57.224Z</time>
      </trkpt>
      <trkpt lat="46.446851" lon="14.004443">
        <ele>606.06</ele>
        <time>2026-07-04T14:28:00.655Z</time>
      </trkpt>
      <trkpt lat="46.446847" lon="14.004547">
        <ele>606.01</ele>
        <time>2026-07-04T14:28:01.780Z</time>
      </trkpt>
      <trkpt lat="46.446847" lon="14.004547">
        <ele>606.01</ele>
        <time>2026-07-04T14:28:01.780Z</time>
      </trkpt>
      <trkpt lat="46.446846" lon="14.004573">
        <ele>606</ele>
        <time>2026-07-04T14:28:02.061Z</time>
      </trkpt>
      <trkpt lat="46.44679" lon="14.004722">
        <ele>605.92</ele>
        <time>2026-07-04T14:28:03.895Z</time>
      </trkpt>
      <trkpt lat="46.446722" lon="14.004975">
        <ele>604.66</ele>
        <time>2026-07-04T14:28:06.829Z</time>
      </trkpt>
      <trkpt lat="46.446568" lon="14.006073">
        <ele>602.08</ele>
        <time>2026-07-04T14:28:18.938Z</time>
      </trkpt>
      <trkpt lat="46.446454" lon="14.006958">
        <ele>600.4</ele>
        <time>2026-07-04T14:28:28.667Z</time>
      </trkpt>
      <trkpt lat="46.446411" lon="14.007182">
        <ele>601.1</ele>
        <time>2026-07-04T14:28:31.179Z</time>
      </trkpt>
      <trkpt lat="46.446358" lon="14.007375">
        <ele>600.93</ele>
        <time>2026-07-04T14:28:33.548Z</time>
      </trkpt>
      <trkpt lat="46.446358" lon="14.007375">
        <ele>600.93</ele>
        <time>2026-07-04T14:28:33.548Z</time>
      </trkpt>
      <trkpt lat="46.445639" lon="14.009957">
        <ele>598.67</ele>
        <time>2026-07-04T14:29:05.304Z</time>
      </trkpt>
      <trkpt lat="46.445468" lon="14.01051">
        <ele>599.2</ele>
        <time>2026-07-04T14:29:12.215Z</time>
      </trkpt>
      <trkpt lat="46.445446" lon="14.010554">
        <ele>599.32</ele>
        <time>2026-07-04T14:29:12.857Z</time>
      </trkpt>
      <trkpt lat="46.445446" lon="14.010554">
        <ele>599.32</ele>
        <time>2026-07-04T14:29:12.857Z</time>
      </trkpt>
      <trkpt lat="46.445407" lon="14.010629">
        <ele>599.53</ele>
        <time>2026-07-04T14:29:13.968Z</time>
      </trkpt>
      <trkpt lat="46.445325" lon="14.010721">
        <ele>600.92</ele>
        <time>2026-07-04T14:29:15.746Z</time>
      </trkpt>
      <trkpt lat="46.445185" lon="14.010828">
        <ele>601.14</ele>
        <time>2026-07-04T14:29:18.461Z</time>
      </trkpt>
      <trkpt lat="46.444896" lon="14.010948">
        <ele>601.45</ele>
        <time>2026-07-04T14:29:23.620Z</time>
      </trkpt>
      <trkpt lat="46.444751" lon="14.011051">
        <ele>601.93</ele>
        <time>2026-07-04T14:29:26.390Z</time>
      </trkpt>
      <trkpt lat="46.444657" lon="14.011161">
        <ele>601.6</ele>
        <time>2026-07-04T14:29:28.213Z</time>
      </trkpt>
      <trkpt lat="46.444657" lon="14.011161">
        <ele>601.6</ele>
        <time>2026-07-04T14:29:28.213Z</time>
      </trkpt>
      <trkpt lat="46.444603" lon="14.011226">
        <ele>601.4</ele>
        <time>2026-07-04T14:29:29.272Z</time>
      </trkpt>
      <trkpt lat="46.444523" lon="14.011387">
        <ele>600.66</ele>
        <time>2026-07-04T14:29:31.337Z</time>
      </trkpt>
      <trkpt lat="46.444479" lon="14.0115">
        <ele>600.35</ele>
        <time>2026-07-04T14:29:32.687Z</time>
      </trkpt>
      <trkpt lat="46.444457" lon="14.011615">
        <ele>599.79</ele>
        <time>2026-07-04T14:29:33.928Z</time>
      </trkpt>
      <trkpt lat="46.444448" lon="14.011723">
        <ele>599.49</ele>
        <time>2026-07-04T14:29:35.060Z</time>
      </trkpt>
      <trkpt lat="46.444449" lon="14.011723">
        <ele>599.49</ele>
        <time>2026-07-04T14:29:35.075Z</time>
      </trkpt>
      <trkpt lat="46.444438" lon="14.011855">
        <ele>599.13</ele>
        <time>2026-07-04T14:29:36.459Z</time>
      </trkpt>
      <trkpt lat="46.44444" lon="14.012102">
        <ele>598.83</ele>
        <time>2026-07-04T14:29:39.031Z</time>
      </trkpt>
      <trkpt lat="46.444476" lon="14.012367">
        <ele>598.83</ele>
        <time>2026-07-04T14:29:41.843Z</time>
      </trkpt>
      <trkpt lat="46.444528" lon="14.01259">
        <ele>597.82</ele>
        <time>2026-07-04T14:29:44.294Z</time>
      </trkpt>
      <trkpt lat="46.444563" lon="14.012789">
        <ele>596.67</ele>
        <time>2026-07-04T14:29:46.432Z</time>
      </trkpt>
      <trkpt lat="46.444554" lon="14.013015">
        <ele>596.34</ele>
        <time>2026-07-04T14:29:48.789Z</time>
      </trkpt>
      <trkpt lat="46.444533" lon="14.013084">
        <ele>596.82</ele>
        <time>2026-07-04T14:29:53.477Z</time>
      </trkpt>
      <trkpt lat="46.444533" lon="14.013084">
        <ele>596.82</ele>
        <time>2026-07-04T14:29:53.477Z</time>
      </trkpt>
      <trkpt lat="46.444523" lon="14.013116">
        <ele>597.05</ele>
        <time>2026-07-04T14:29:55.660Z</time>
      </trkpt>
      <trkpt lat="46.444428" lon="14.013263">
        <ele>596.69</ele>
        <time>2026-07-04T14:30:08.186Z</time>
      </trkpt>
      <trkpt lat="46.444356" lon="14.013352">
        <ele>596.96</ele>
        <time>2026-07-04T14:30:11.375Z</time>
      </trkpt>
      <trkpt lat="46.444356" lon="14.013352">
        <ele>596.96</ele>
        <time>2026-07-04T14:30:11.375Z</time>
      </trkpt>
      <trkpt lat="46.444223" lon="14.013543">
        <ele>596.7</ele>
        <time>2026-07-04T14:30:17.685Z</time>
      </trkpt>
      <trkpt lat="46.444184" lon="14.013642">
        <ele>596.57</ele>
        <time>2026-07-04T14:30:20.335Z</time>
      </trkpt>
      <trkpt lat="46.444178" lon="14.013757">
        <ele>596.88</ele>
        <time>2026-07-04T14:30:23.015Z</time>
      </trkpt>
      <trkpt lat="46.444111" lon="14.013755">
        <ele>598.09</ele>
        <time>2026-07-04T14:30:25.275Z</time>
      </trkpt>
      <trkpt lat="46.444039" lon="14.013771">
        <ele>598.26</ele>
        <time>2026-07-04T14:30:27.731Z</time>
      </trkpt>
      <trkpt lat="46.443982" lon="14.013808">
        <ele>598.1</ele>
        <time>2026-07-04T14:30:29.836Z</time>
      </trkpt>
      <trkpt lat="46.443929" lon="14.013941">
        <ele>596.41</ele>
        <time>2026-07-04T14:30:32.418Z</time>
      </trkpt>
      <trkpt lat="46.443929" lon="14.013941">
        <ele>596.41</ele>
        <time>2026-07-04T14:30:32.418Z</time>
      </trkpt>
      <trkpt lat="46.443913" lon="14.013994">
        <ele>595.84</ele>
        <time>2026-07-04T14:30:33.390Z</time>
      </trkpt>
      <trkpt lat="46.443766" lon="14.014906">
        <ele>591</ele>
        <time>2026-07-04T14:30:49.132Z</time>
      </trkpt>
      <trkpt lat="46.443714" lon="14.015128">
        <ele>590.49</ele>
        <time>2026-07-04T14:30:53.072Z</time>
      </trkpt>
      <trkpt lat="46.443585" lon="14.015397">
        <ele>590.58</ele>
        <time>2026-07-04T14:30:58.580Z</time>
      </trkpt>
      <trkpt lat="46.44349" lon="14.015661">
        <ele>590.78</ele>
        <time>2026-07-04T14:31:03.585Z</time>
      </trkpt>
      <trkpt lat="46.443328" lon="14.016355">
        <ele>591.2</ele>
        <time>2026-07-04T14:31:15.900Z</time>
      </trkpt>
      <trkpt lat="46.443202" lon="14.016723">
        <ele>591.12</ele>
        <time>2026-07-04T14:31:22.434Z</time>
      </trkpt>
      <trkpt lat="46.443202" lon="14.016723">
        <ele>591.12</ele>
        <time>2026-07-04T14:31:22.434Z</time>
      </trkpt>
      <trkpt lat="46.443146" lon="14.016862">
        <ele>591.35</ele>
        <time>2026-07-04T14:31:24.994Z</time>
      </trkpt>
      <trkpt lat="46.442894" lon="14.017414">
        <ele>590.84</ele>
        <time>2026-07-04T14:31:35.523Z</time>
      </trkpt>
      <trkpt lat="46.44283" lon="14.017586">
        <ele>590.27</ele>
        <time>2026-07-04T14:31:38.631Z</time>
      </trkpt>
      <trkpt lat="46.44279" lon="14.017778">
        <ele>590.77</ele>
        <time>2026-07-04T14:31:41.820Z</time>
      </trkpt>
      <trkpt lat="46.442746" lon="14.017899">
        <ele>590.47</ele>
        <time>2026-07-04T14:31:43.995Z</time>
      </trkpt>
      <trkpt lat="46.44264" lon="14.018068">
        <ele>590.43</ele>
        <time>2026-07-04T14:31:47.629Z</time>
      </trkpt>
      <trkpt lat="46.442555" lon="14.018265">
        <ele>589.68</ele>
        <time>2026-07-04T14:31:51.325Z</time>
      </trkpt>
      <trkpt lat="46.442477" lon="14.018517">
        <ele>589.05</ele>
        <time>2026-07-04T14:31:55.718Z</time>
      </trkpt>
      <trkpt lat="46.442384" lon="14.018769">
        <ele>589.2</ele>
        <time>2026-07-04T14:32:00.263Z</time>
      </trkpt>
      <trkpt lat="46.441963" lon="14.02016">
        <ele>588.99</ele>
        <time>2026-07-04T14:32:24.423Z</time>
      </trkpt>
      <trkpt lat="46.441934" lon="14.020254">
        <ele>588.97</ele>
        <time>2026-07-04T14:32:26.060Z</time>
      </trkpt>
      <trkpt lat="46.441683" lon="14.020603">
        <ele>589.28</ele>
        <time>2026-07-04T14:32:34.082Z</time>
      </trkpt>
      <trkpt lat="46.44163" lon="14.020735">
        <ele>588.45</ele>
        <time>2026-07-04T14:32:36.511Z</time>
      </trkpt>
      <trkpt lat="46.44163" lon="14.020735">
        <ele>588.45</ele>
        <time>2026-07-04T14:32:36.511Z</time>
      </trkpt>
      <trkpt lat="46.441344" lon="14.021661">
        <ele>587.25</ele>
        <time>2026-07-04T14:32:49.145Z</time>
      </trkpt>
      <trkpt lat="46.441152" lon="14.022159">
        <ele>586.31</ele>
        <time>2026-07-04T14:32:55.656Z</time>
      </trkpt>
      <trkpt lat="46.441007" lon="14.02258">
        <ele>585.45</ele>
        <time>2026-07-04T14:33:01.026Z</time>
      </trkpt>
      <trkpt lat="46.441007" lon="14.02258">
        <ele>585.45</ele>
        <time>2026-07-04T14:33:01.026Z</time>
      </trkpt>
      <trkpt lat="46.441007" lon="14.02258">
        <ele>585.45</ele>
        <time>2026-07-04T14:33:01.026Z</time>
      </trkpt>
      <trkpt lat="46.440936" lon="14.022784">
        <ele>585.04</ele>
        <time>2026-07-04T14:33:03.472Z</time>
      </trkpt>
      <trkpt lat="46.440788" lon="14.022929">
        <ele>585.42</ele>
        <time>2026-07-04T14:33:06.245Z</time>
      </trkpt>
      <trkpt lat="46.44069" lon="14.023129">
        <ele>585.19</ele>
        <time>2026-07-04T14:33:08.871Z</time>
      </trkpt>
      <trkpt lat="46.440645" lon="14.023295">
        <ele>585.45</ele>
        <time>2026-07-04T14:33:10.780Z</time>
      </trkpt>
      <trkpt lat="46.440556" lon="14.023507">
        <ele>585.33</ele>
        <time>2026-07-04T14:33:13.437Z</time>
      </trkpt>
      <trkpt lat="46.44037" lon="14.023886">
        <ele>585.31</ele>
        <time>2026-07-04T14:33:18.417Z</time>
      </trkpt>
      <trkpt lat="46.440294" lon="14.024071">
        <ele>585.06</ele>
        <time>2026-07-04T14:33:20.722Z</time>
      </trkpt>
      <trkpt lat="46.44015" lon="14.024361">
        <ele>585.1</ele>
        <time>2026-07-04T14:33:25.108Z</time>
      </trkpt>
      <trkpt lat="46.44015" lon="14.024361">
        <ele>585.1</ele>
        <time>2026-07-04T14:33:25.108Z</time>
      </trkpt>
      <trkpt lat="46.440101" lon="14.024484">
        <ele>585.22</ele>
        <time>2026-07-04T14:33:26.851Z</time>
      </trkpt>
      <trkpt lat="46.440003" lon="14.024957">
        <ele>584.89</ele>
        <time>2026-07-04T14:33:32.911Z</time>
      </trkpt>
      <trkpt lat="46.439977" lon="14.025149">
        <ele>584.38</ele>
        <time>2026-07-04T14:33:35.312Z</time>
      </trkpt>
      <trkpt lat="46.439884" lon="14.02545">
        <ele>584.31</ele>
        <time>2026-07-04T14:33:39.359Z</time>
      </trkpt>
      <trkpt lat="46.439765" lon="14.025754">
        <ele>584.57</ele>
        <time>2026-07-04T14:33:43.606Z</time>
      </trkpt>
      <trkpt lat="46.439765" lon="14.025754">
        <ele>584.57</ele>
        <time>2026-07-04T14:33:43.606Z</time>
      </trkpt>
      <trkpt lat="46.439544" lon="14.026242">
        <ele>583.95</ele>
        <time>2026-07-04T14:33:50.700Z</time>
      </trkpt>
      <trkpt lat="46.439251" lon="14.026964">
        <ele>585.08</ele>
        <time>2026-07-04T14:34:00.879Z</time>
      </trkpt>
      <trkpt lat="46.439156" lon="14.02714">
        <ele>585.25</ele>
        <time>2026-07-04T14:34:03.595Z</time>
      </trkpt>
      <trkpt lat="46.439078" lon="14.027253">
        <ele>585.28</ele>
        <time>2026-07-04T14:34:05.538Z</time>
      </trkpt>
      <trkpt lat="46.438982" lon="14.02736">
        <ele>585.79</ele>
        <time>2026-07-04T14:34:07.672Z</time>
      </trkpt>
      <trkpt lat="46.438901" lon="14.027508">
        <ele>585.47</ele>
        <time>2026-07-04T14:34:09.968Z</time>
      </trkpt>
      <trkpt lat="46.438831" lon="14.027713">
        <ele>585.02</ele>
        <time>2026-07-04T14:34:12.747Z</time>
      </trkpt>
      <trkpt lat="46.438799" lon="14.027863">
        <ele>584.59</ele>
        <time>2026-07-04T14:34:14.654Z</time>
      </trkpt>
      <trkpt lat="46.438729" lon="14.028128">
        <ele>584.81</ele>
        <time>2026-07-04T14:34:18.101Z</time>
      </trkpt>
      <trkpt lat="46.43858" lon="14.02858">
        <ele>585.1</ele>
        <time>2026-07-04T14:34:23.507Z</time>
      </trkpt>
      <trkpt lat="46.43858" lon="14.02858">
        <ele>585.1</ele>
        <time>2026-07-04T14:34:23.507Z</time>
      </trkpt>
      <trkpt lat="46.438526" lon="14.02889">
        <ele>585.11</ele>
        <time>2026-07-04T14:34:26.957Z</time>
      </trkpt>
      <trkpt lat="46.4385" lon="14.02942">
        <ele>583.87</ele>
        <time>2026-07-04T14:34:32.690Z</time>
      </trkpt>
      <trkpt lat="46.438514" lon="14.029575">
        <ele>583.56</ele>
        <time>2026-07-04T14:34:34.447Z</time>
      </trkpt>
      <trkpt lat="46.438514" lon="14.029575">
        <ele>583.56</ele>
        <time>2026-07-04T14:34:34.447Z</time>
      </trkpt>
      <trkpt lat="46.438597" lon="14.030452">
        <ele>581.84</ele>
        <time>2026-07-04T14:34:44.397Z</time>
      </trkpt>
      <trkpt lat="46.438636" lon="14.031442">
        <ele>581.43</ele>
        <time>2026-07-04T14:34:55.543Z</time>
      </trkpt>
      <trkpt lat="46.438634" lon="14.032041">
        <ele>580.94</ele>
        <time>2026-07-04T14:35:02.276Z</time>
      </trkpt>
      <trkpt lat="46.438594" lon="14.032396">
        <ele>580.8</ele>
        <time>2026-07-04T14:35:06.319Z</time>
      </trkpt>
      <trkpt lat="46.438578" lon="14.032648">
        <ele>580.83</ele>
        <time>2026-07-04T14:35:09.163Z</time>
      </trkpt>
      <trkpt lat="46.438612" lon="14.033285">
        <ele>579.63</ele>
        <time>2026-07-04T14:35:16.344Z</time>
      </trkpt>
      <trkpt lat="46.438657" lon="14.033579">
        <ele>579.89</ele>
        <time>2026-07-04T14:35:19.729Z</time>
      </trkpt>
      <trkpt lat="46.438691" lon="14.033724">
        <ele>579.3</ele>
        <time>2026-07-04T14:35:21.450Z</time>
      </trkpt>
      <trkpt lat="46.438705" lon="14.03385">
        <ele>579.43</ele>
        <time>2026-07-04T14:35:22.884Z</time>
      </trkpt>
      <trkpt lat="46.43868" lon="14.034059">
        <ele>580.66</ele>
        <time>2026-07-04T14:35:25.268Z</time>
      </trkpt>
      <trkpt lat="46.43857" lon="14.034469">
        <ele>581.99</ele>
        <time>2026-07-04T14:35:30.213Z</time>
      </trkpt>
      <trkpt lat="46.43857" lon="14.034469">
        <ele>581.99</ele>
        <time>2026-07-04T14:35:30.213Z</time>
      </trkpt>
      <trkpt lat="46.43857" lon="14.034469">
        <ele>581.99</ele>
        <time>2026-07-04T14:35:30.655Z</time>
      </trkpt>
      <trkpt lat="46.438476" lon="14.034864">
        <ele>582.47</ele>
        <time>2026-07-04T14:35:36.216Z</time>
      </trkpt>
      <trkpt lat="46.438214" lon="14.035725">
        <ele>581.74</ele>
        <time>2026-07-04T14:35:48.821Z</time>
      </trkpt>
      <trkpt lat="46.438214" lon="14.035725">
        <ele>581.74</ele>
        <time>2026-07-04T14:35:48.821Z</time>
      </trkpt>
      <trkpt lat="46.438143" lon="14.035928">
        <ele>582.45</ele>
        <time>2026-07-04T14:35:51.869Z</time>
      </trkpt>
      <trkpt lat="46.437903" lon="14.036398">
        <ele>583.31</ele>
        <time>2026-07-04T14:35:59.703Z</time>
      </trkpt>
      <trkpt lat="46.43772" lon="14.036742">
        <ele>588.46</ele>
        <time>2026-07-04T14:36:05.523Z</time>
      </trkpt>
      <trkpt lat="46.437191" lon="14.037732">
        <ele>584.1</ele>
        <time>2026-07-04T14:36:22.300Z</time>
      </trkpt>
      <trkpt lat="46.437033" lon="14.038008">
        <ele>583.24</ele>
        <time>2026-07-04T14:36:27.105Z</time>
      </trkpt>
      <trkpt lat="46.436688" lon="14.038532">
        <ele>582.56</ele>
        <time>2026-07-04T14:36:36.811Z</time>
      </trkpt>
      <trkpt lat="46.436416" lon="14.039019">
        <ele>582.5</ele>
        <time>2026-07-04T14:36:45.206Z</time>
      </trkpt>
      <trkpt lat="46.43619" lon="14.039396">
        <ele>584.83</ele>
        <time>2026-07-04T14:36:51.898Z</time>
      </trkpt>
      <trkpt lat="46.435973" lon="14.0399">
        <ele>585.76</ele>
        <time>2026-07-04T14:36:59.857Z</time>
      </trkpt>
      <trkpt lat="46.435678" lon="14.040442">
        <ele>584.66</ele>
        <time>2026-07-04T14:37:09.107Z</time>
      </trkpt>
      <trkpt lat="46.435512" lon="14.040775">
        <ele>581.69</ele>
        <time>2026-07-04T14:37:14.611Z</time>
      </trkpt>
      <trkpt lat="46.435395" lon="14.041046">
        <ele>579.13</ele>
        <time>2026-07-04T14:37:18.894Z</time>
      </trkpt>
      <trkpt lat="46.435279" lon="14.041317">
        <ele>578.78</ele>
        <time>2026-07-04T14:37:23.166Z</time>
      </trkpt>
      <trkpt lat="46.435021" lon="14.041716">
        <ele>580.23</ele>
        <time>2026-07-04T14:37:30.494Z</time>
      </trkpt>
      <trkpt lat="46.434894" lon="14.041983">
        <ele>580.3</ele>
        <time>2026-07-04T14:37:34.796Z</time>
      </trkpt>
      <trkpt lat="46.434894" lon="14.041983">
        <ele>580.3</ele>
        <time>2026-07-04T14:37:34.796Z</time>
      </trkpt>
      <trkpt lat="46.434812" lon="14.042154">
        <ele>580.35</ele>
        <time>2026-07-04T14:37:37.558Z</time>
      </trkpt>
      <trkpt lat="46.43461" lon="14.042632">
        <ele>580.31</ele>
        <time>2026-07-04T14:37:44.993Z</time>
      </trkpt>
      <trkpt lat="46.43452" lon="14.042899">
        <ele>579.93</ele>
        <time>2026-07-04T14:37:49.364Z</time>
      </trkpt>
      <trkpt lat="46.43452" lon="14.042899">
        <ele>579.93</ele>
        <time>2026-07-04T14:37:49.364Z</time>
      </trkpt>
      <trkpt lat="46.434347" lon="14.043518">
        <ele>579.89</ele>
        <time>2026-07-04T14:37:59.187Z</time>
      </trkpt>
      <trkpt lat="46.434166" lon="14.044097">
        <ele>579.93</ele>
        <time>2026-07-04T14:38:07.836Z</time>
      </trkpt>
      <trkpt lat="46.434166" lon="14.044097">
        <ele>579.93</ele>
        <time>2026-07-04T14:38:07.836Z</time>
      </trkpt>
      <trkpt lat="46.434146" lon="14.044159">
        <ele>579.93</ele>
        <time>2026-07-04T14:38:08.767Z</time>
      </trkpt>
      <trkpt lat="46.434047" lon="14.044317">
        <ele>581.05</ele>
        <time>2026-07-04T14:38:11.671Z</time>
      </trkpt>
      <trkpt lat="46.433934" lon="14.04447">
        <ele>581.86</ele>
        <time>2026-07-04T14:38:14.721Z</time>
      </trkpt>
      <trkpt lat="46.433678" lon="14.04487">
        <ele>581.27</ele>
        <time>2026-07-04T14:38:22.147Z</time>
      </trkpt>
      <trkpt lat="46.433637" lon="14.044952">
        <ele>581.12</ele>
        <time>2026-07-04T14:38:23.525Z</time>
      </trkpt>
      <trkpt lat="46.433589" lon="14.045114">
        <ele>580.28</ele>
        <time>2026-07-04T14:38:25.213Z</time>
      </trkpt>
      <trkpt lat="46.433589" lon="14.045114">
        <ele>580.28</ele>
        <time>2026-07-04T14:38:25.213Z</time>
      </trkpt>
      <trkpt lat="46.43357" lon="14.045232">
        <ele>579.62</ele>
        <time>2026-07-04T14:38:26.373Z</time>
      </trkpt>
      <trkpt lat="46.433588" lon="14.045428">
        <ele>577.32</ele>
        <time>2026-07-04T14:38:28.266Z</time>
      </trkpt>
      <trkpt lat="46.433609" lon="14.045508">
        <ele>576.63</ele>
        <time>2026-07-04T14:38:29.085Z</time>
      </trkpt>
      <trkpt lat="46.433636" lon="14.045569">
        <ele>576.39</ele>
        <time>2026-07-04T14:38:29.779Z</time>
      </trkpt>
      <trkpt lat="46.433714" lon="14.045743">
        <ele>575.71</ele>
        <time>2026-07-04T14:38:31.767Z</time>
      </trkpt>
      <trkpt lat="46.433865" lon="14.046022">
        <ele>578.66</ele>
        <time>2026-07-04T14:38:35.164Z</time>
      </trkpt>
      <trkpt lat="46.434036" lon="14.046352">
        <ele>572.24</ele>
        <time>2026-07-04T14:38:39.118Z</time>
      </trkpt>
      <trkpt lat="46.434207" lon="14.046682">
        <ele>572</ele>
        <time>2026-07-04T14:38:43.072Z</time>
      </trkpt>
      <trkpt lat="46.434314" lon="14.046916">
        <ele>572</ele>
        <time>2026-07-04T14:38:45.761Z</time>
      </trkpt>
      <trkpt lat="46.434323" lon="14.046948">
        <ele>572</ele>
        <time>2026-07-04T14:38:46.092Z</time>
      </trkpt>
      <trkpt lat="46.43432660959661" lon="14.046946121379733">
        <ele>577.2000122070312</ele>
        <time>2026-07-04T14:38:46.145Z</time>
        <extensions>
          <gpxtpx:TrackPointExtension>
            <gpxtpx:atemp>26</gpxtpx:atemp>
            <gpxtpx:hr>143</gpxtpx:hr>
          </gpxtpx:TrackPointExtension>
        </extensions>
      </trkpt>
      <trkpt lat="46.43435820937157" lon="14.047060031443834">
        <ele>577.2000122070312</ele>
        <time>2026-07-04T14:38:48.347Z</time>
        <extensions>
          <gpxtpx:TrackPointExtension>
            <gpxtpx:atemp>26</gpxtpx:atemp>
            <gpxtpx:hr>143</gpxtpx:hr>
          </gpxtpx:TrackPointExtension>
        </extensions>
      </trkpt>
      <trkpt lat="46.43437698483467" lon="14.047135133296251">
        <ele>577.2000122070312</ele>
        <time>2026-07-04T14:38:49.347Z</time>
        <extensions>
          <gpxtpx:TrackPointExtension>
            <gpxtpx:atemp>26</gpxtpx:atemp>
            <gpxtpx:hr>143</gpxtpx:hr>
          </gpxtpx:TrackPointExtension>
        </extensions>
      </trkpt>
      <trkpt lat="46.4343995321542" lon="14.047224065288901">
        <ele>577.2000122070312</ele>
        <time>2026-07-04T14:38:50.347Z</time>
        <extensions>
          <gpxtpx:TrackPointExtension>
            <gpxtpx:atemp>26</gpxtpx:atemp>
            <gpxtpx:hr>142</gpxtpx:hr>
          </gpxtpx:TrackPointExtension>
        </extensions>
      </trkpt>
      <trkpt lat="46.43442442640662" lon="14.047327330335975">
        <ele>577.2000122070312</ele>
        <time>2026-07-04T14:38:51.347Z</time>
        <extensions>
          <gpxtpx:TrackPointExtension>
            <gpxtpx:atemp>26</gpxtpx:atemp>
            <gpxtpx:hr>142</gpxtpx:hr>
          </gpxtpx:TrackPointExtension>
        </extensions>
      </trkpt>
      <trkpt lat="46.43443590961397" lon="14.047393798828125">
        <ele>577.2000122070312</ele>
        <time>2026-07-04T14:38:52.347Z</time>
        <extensions>
          <gpxtpx:TrackPointExtension>
            <gpxtpx:atemp>26</gpxtpx:atemp>
            <gpxtpx:hr>141</gpxtpx:hr>
          </gpxtpx:TrackPointExtension>
        </extensions>
      </trkpt>
      <trkpt lat="46.4344481471926" lon="14.047475354745984">
        <ele>577.2000122070312</ele>
        <time>2026-07-04T14:38:53.347Z</time>
        <extensions>
          <gpxtpx:TrackPointExtension>
            <gpxtpx:atemp>26</gpxtpx:atemp>
            <gpxtpx:hr>141</gpxtpx:hr>
          </gpxtpx:TrackPointExtension>
        </extensions>
      </trkpt>
      <trkpt lat="46.434462731704116" lon="14.047556323930621">
        <ele>577.2000122070312</ele>
        <time>2026-07-04T14:38:54.347Z</time>
        <extensions>
          <gpxtpx:TrackPointExtension>
            <gpxtpx:atemp>26</gpxtpx:atemp>
            <gpxtpx:hr>141</gpxtpx:hr>
          </gpxtpx:TrackPointExtension>
        </extensions>
      </trkpt>
      <trkpt lat="46.43447698093951" lon="14.047637628391385">
        <ele>577.2000122070312</ele>
        <time>2026-07-04T14:38:55.347Z</time>
        <extensions>
          <gpxtpx:TrackPointExtension>
            <gpxtpx:atemp>26</gpxtpx:atemp>
            <gpxtpx:hr>141</gpxtpx:hr>
          </gpxtpx:TrackPointExtension>
        </extensions>
      </trkpt>
      <trkpt lat="46.4344859495759" lon="14.047715915367007">
        <ele>577</ele>
        <time>2026-07-04T14:38:56.347Z</time>
        <extensions>
          <gpxtpx:TrackPointExtension>
            <gpxtpx:atemp>26</gpxtpx:atemp>
            <gpxtpx:hr>141</gpxtpx:hr>
            <gpxtpx:cad>1</gpxtpx:cad>
          </gpxtpx:TrackPointExtension>
        </extensions>
      </trkpt>
      <trkpt lat="46.434493912383914" lon="14.047792945057154">
        <ele>577</ele>
        <time>2026-07-04T14:38:59.994Z</time>
        <extensions>
          <gpxtpx:TrackPointExtension>
            <gpxtpx:atemp>26</gpxtpx:atemp>
            <gpxtpx:hr>140</gpxtpx:hr>
            <gpxtpx:cad>83</gpxtpx:cad>
          </gpxtpx:TrackPointExtension>
        </extensions>
      </trkpt>
      <trkpt lat="46.434498" lon="14.047792">
        <ele>572</ele>
        <time>2026-07-04T14:39:00.275Z</time>
      </trkpt>
      <trkpt lat="46.434509" lon="14.047897">
        <ele>572</ele>
        <time>2026-07-04T14:39:05.248Z</time>
      </trkpt>
      <trkpt lat="46.434495" lon="14.048863">
        <ele>571</ele>
        <time>2026-07-04T14:39:50.493Z</time>
      </trkpt>
      <trkpt lat="46.434562" lon="14.049755">
        <ele>571</ele>
        <time>2026-07-04T14:40:16.949Z</time>
      </trkpt>
      <trkpt lat="46.434562" lon="14.049755">
        <ele>571</ele>
        <time>2026-07-04T14:40:16.949Z</time>
      </trkpt>
      <trkpt lat="46.434568" lon="14.049846">
        <ele>571</ele>
        <time>2026-07-04T14:40:19.179Z</time>
      </trkpt>
      <trkpt lat="46.434568" lon="14.049846">
        <ele>571</ele>
        <time>2026-07-04T14:40:19.179Z</time>
      </trkpt>
      <trkpt lat="46.434571" lon="14.05015">
        <ele>571</ele>
        <time>2026-07-04T14:40:26.598Z</time>
      </trkpt>
      <trkpt lat="46.434549" lon="14.05034">
        <ele>571.27</ele>
        <time>2026-07-04T14:40:31.299Z</time>
      </trkpt>
      <trkpt lat="46.43452" lon="14.050435">
        <ele>571.43</ele>
        <time>2026-07-04T14:40:33.902Z</time>
      </trkpt>
      <trkpt lat="46.43452" lon="14.050435">
        <ele>571.43</ele>
        <time>2026-07-04T14:40:33.902Z</time>
      </trkpt>
      <trkpt lat="46.434428" lon="14.050743">
        <ele>571.93</ele>
        <time>2026-07-04T14:40:42.311Z</time>
      </trkpt>
      <trkpt lat="46.434377" lon="14.050971">
        <ele>571.23</ele>
        <time>2026-07-04T14:40:48.316Z</time>
      </trkpt>
      <trkpt lat="46.434366" lon="14.05103">
        <ele>571</ele>
        <time>2026-07-04T14:40:49.847Z</time>
      </trkpt>
      <trkpt lat="46.434216" lon="14.050902">
        <ele>571</ele>
        <time>2026-07-04T14:40:56.172Z</time>
      </trkpt>
    </trkseg>
  </trk>
</gpx>
