<?xml version="1.0" encoding="UTF-8"?>
<gpx creator="Garmin Connect App" xmlns:xsi="http://www.w3.org/2001/XMLSchema-instance" xsi:schemaLocation="http://www.topografix.com/GPX/1/1 http://www.topografix.com/GPX/1/1/gpx.xsd http://www.garmin.com/xmlschemas/GpxExtensions/v3 http://www.garmin.com/xmlschemas/GpxExtensionsv3.xsd http://www.garmin.com/xmlschemas/TrackPointExtension/v1 http://www.garmin.com/xmlschemas/TrackPointExtensionv1.xsd" version="1.1" xmlns="http://www.topografix.com/GPX/1/1" xmlns:gpxtpx="http://www.garmin.com/xmlschemas/TrackPointExtension/v1" xmlns:gpxx="http://www.garmin.com/xmlschemas/GpxExtensions/v3">
	<metadata>
		<link href="https://gotoes.org/">
			<text>GOTOES STRAVA TOOLS</text>
		</link>
		<desc>Created with GOTOES STRAVA TOOLS Version 43.4</desc>
		<time>2026-09-03T13:00:00Z</time>
	</metadata>
	<trk>
		<name>Celje Cestno kolesarstvo:0:JUhAtglJHM0</name>
		<type>Biking</type>
		<trkseg>
			<trkpt lat="46.264422" lon="15.231354">
				<ele>256.28</ele>
				<time>2026-09-03T13:00:00Z</time>
			</trkpt>
			<trkpt lat="46.264876" lon="15.231422">
				<ele>257.72</ele>
				<time>2026-09-03T13:00:09Z</time>
			</trkpt>
			<trkpt lat="46.265928" lon="15.231516">
				<ele>259.55</ele>
				<time>2026-09-03T13:00:30Z</time>
			</trkpt>
			<trkpt lat="46.265925" lon="15.23156">
				<ele>263.399994</ele>
				<time>2026-09-03T13:00:31Z</time>
			</trkpt>
			<trkpt lat="46.265979" lon="15.231578">
				<ele>263.399994</ele>
				<time>2026-09-03T13:00:32Z</time>
			</trkpt>
			<trkpt lat="46.266035" lon="15.23159">
				<ele>263.399994</ele>
				<time>2026-09-03T13:00:34Z</time>
			</trkpt>
			<trkpt lat="46.266092" lon="15.231604">
				<ele>263.399994</ele>
				<time>2026-09-03T13:00:37Z</time>
			</trkpt>
			<trkpt lat="46.266144" lon="15.231618">
				<ele>263.399994</ele>
				<time>2026-09-03T13:00:40Z</time>
			</trkpt>
			<trkpt lat="46.266199" lon="15.231638">
				<ele>263.600006</ele>
				<time>2026-09-03T13:00:43Z</time>
			</trkpt>
			<trkpt lat="46.266255" lon="15.23165">
				<ele>263.600006</ele>
				<time>2026-09-03T13:00:44Z</time>
			</trkpt>
			<trkpt lat="46.266319" lon="15.231668">
				<ele>263.600006</ele>
				<time>2026-09-03T13:00:46Z</time>
			</trkpt>
			<trkpt lat="46.266366" lon="15.231682">
				<ele>263.799988</ele>
				<time>2026-09-03T13:00:48Z</time>
			</trkpt>
			<trkpt lat="46.266419" lon="15.231708">
				<ele>263.799988</ele>
				<time>2026-09-03T13:00:50Z</time>
			</trkpt>
			<trkpt lat="46.266471" lon="15.231722">
				<ele>263.799988</ele>
				<time>2026-09-03T13:00:51Z</time>
			</trkpt>
			<trkpt lat="46.266525" lon="15.23174">
				<ele>263.799988</ele>
				<time>2026-09-03T13:00:53Z</time>
			</trkpt>
			<trkpt lat="46.266579" lon="15.231768">
				<ele>264</ele>
				<time>2026-09-03T13:00:54Z</time>
			</trkpt>
			<trkpt lat="46.266634" lon="15.231788">
				<ele>264</ele>
				<time>2026-09-03T13:00:56Z</time>
			</trkpt>
			<trkpt lat="46.266691" lon="15.231802">
				<ele>264</ele>
				<time>2026-09-03T13:00:57Z</time>
			</trkpt>
			<trkpt lat="46.266803" lon="15.231836">
				<ele>264</ele>
				<time>2026-09-03T13:00:58Z</time>
			</trkpt>
			<trkpt lat="46.266861" lon="15.231852">
				<ele>264.200012</ele>
				<time>2026-09-03T13:00:59Z</time>
			</trkpt>
			<trkpt lat="46.266915" lon="15.23187">
				<ele>264.200012</ele>
				<time>2026-09-03T13:01:00Z</time>
			</trkpt>
			<trkpt lat="46.266971" lon="15.231882">
				<ele>264.200012</ele>
				<time>2026-09-03T13:01:02Z</time>
			</trkpt>
			<trkpt lat="46.267029" lon="15.231908">
				<ele>264</ele>
				<time>2026-09-03T13:01:03Z</time>
			</trkpt>
			<trkpt lat="46.267089" lon="15.231928">
				<ele>264</ele>
				<time>2026-09-03T13:01:04Z</time>
			</trkpt>
			<trkpt lat="46.267147" lon="15.231954">
				<ele>264</ele>
				<time>2026-09-03T13:01:05Z</time>
			</trkpt>
			<trkpt lat="46.267201" lon="15.231982">
				<ele>263.799988</ele>
				<time>2026-09-03T13:01:06Z</time>
			</trkpt>
			<trkpt lat="46.267256" lon="15.232032">
				<ele>263.799988</ele>
				<time>2026-09-03T13:01:08Z</time>
			</trkpt>
			<trkpt lat="46.267317" lon="15.232084">
				<ele>263.799988</ele>
				<time>2026-09-03T13:01:09Z</time>
			</trkpt>
			<trkpt lat="46.267353" lon="15.232146">
				<ele>263.799988</ele>
				<time>2026-09-03T13:01:10Z</time>
			</trkpt>
			<trkpt lat="46.267431" lon="15.232272">
				<ele>263.799988</ele>
				<time>2026-09-03T13:01:11Z</time>
			</trkpt>
			<trkpt lat="46.267469" lon="15.232348">
				<ele>263.799988</ele>
				<time>2026-09-03T13:01:12Z</time>
			</trkpt>
			<trkpt lat="46.267503" lon="15.232406">
				<ele>263.799988</ele>
				<time>2026-09-03T13:01:13Z</time>
			</trkpt>
			<trkpt lat="46.267538" lon="15.232476">
				<ele>263.799988</ele>
				<time>2026-09-03T13:01:14Z</time>
			</trkpt>
			<trkpt lat="46.267582" lon="15.232524">
				<ele>263.799988</ele>
				<time>2026-09-03T13:01:15Z</time>
			</trkpt>
			<trkpt lat="46.267628" lon="15.232586">
				<ele>263.799988</ele>
				<time>2026-09-03T13:01:16Z</time>
			</trkpt>
			<trkpt lat="46.267679" lon="15.232638">
				<ele>263.799988</ele>
				<time>2026-09-03T13:01:17Z</time>
			</trkpt>
			<trkpt lat="46.267737" lon="15.232694">
				<ele>263.600006</ele>
				<time>2026-09-03T13:01:19Z</time>
			</trkpt>
			<trkpt lat="46.267792" lon="15.232744">
				<ele>263.600006</ele>
				<time>2026-09-03T13:01:20Z</time>
			</trkpt>
			<trkpt lat="46.267842" lon="15.232804">
				<ele>263.600006</ele>
				<time>2026-09-03T13:01:21Z</time>
			</trkpt>
			<trkpt lat="46.267884" lon="15.232868">
				<ele>263.399994</ele>
				<time>2026-09-03T13:01:22Z</time>
			</trkpt>
			<trkpt lat="46.267923" lon="15.232936">
				<ele>263.399994</ele>
				<time>2026-09-03T13:01:23Z</time>
			</trkpt>
			<trkpt lat="46.267969" lon="15.233018">
				<ele>263.200012</ele>
				<time>2026-09-03T13:01:24Z</time>
			</trkpt>
			<trkpt lat="46.268051" lon="15.233092">
				<ele>263.200012</ele>
				<time>2026-09-03T13:01:25Z</time>
			</trkpt>
			<trkpt lat="46.268094" lon="15.233188">
				<ele>263.200012</ele>
				<time>2026-09-03T13:01:27Z</time>
			</trkpt>
			<trkpt lat="46.268142" lon="15.233274">
				<ele>263.200012</ele>
				<time>2026-09-03T13:01:28Z</time>
			</trkpt>
			<trkpt lat="46.268171" lon="15.233372">
				<ele>263.200012</ele>
				<time>2026-09-03T13:01:29Z</time>
			</trkpt>
			<trkpt lat="46.268204" lon="15.233478">
				<ele>263.200012</ele>
				<time>2026-09-03T13:01:30Z</time>
			</trkpt>
			<trkpt lat="46.268241" lon="15.233572">
				<ele>263.200012</ele>
				<time>2026-09-03T13:01:31Z</time>
			</trkpt>
			<trkpt lat="46.268278" lon="15.233676">
				<ele>263.200012</ele>
				<time>2026-09-03T13:01:33Z</time>
			</trkpt>
			<trkpt lat="46.268318" lon="15.233776">
				<ele>263</ele>
				<time>2026-09-03T13:01:34Z</time>
			</trkpt>
			<trkpt lat="46.268356" lon="15.233872">
				<ele>262.799988</ele>
				<time>2026-09-03T13:01:35Z</time>
			</trkpt>
			<trkpt lat="46.268398" lon="15.233986">
				<ele>262.799988</ele>
				<time>2026-09-03T13:01:36Z</time>
			</trkpt>
			<trkpt lat="46.268426" lon="15.234092">
				<ele>262.600006</ele>
				<time>2026-09-03T13:01:37Z</time>
			</trkpt>
			<trkpt lat="46.268464" lon="15.234198">
				<ele>262.200012</ele>
				<time>2026-09-03T13:01:39Z</time>
			</trkpt>
			<trkpt lat="46.268503" lon="15.234296">
				<ele>262</ele>
				<time>2026-09-03T13:01:40Z</time>
			</trkpt>
			<trkpt lat="46.268542" lon="15.234404">
				<ele>261.799988</ele>
				<time>2026-09-03T13:01:41Z</time>
			</trkpt>
			<trkpt lat="46.268581" lon="15.234522">
				<ele>261.399994</ele>
				<time>2026-09-03T13:01:42Z</time>
			</trkpt>
			<trkpt lat="46.268621" lon="15.234632">
				<ele>261</ele>
				<time>2026-09-03T13:01:44Z</time>
			</trkpt>
			<trkpt lat="46.268659" lon="15.234758">
				<ele>260.600006</ele>
				<time>2026-09-03T13:01:45Z</time>
			</trkpt>
			<trkpt lat="46.268697" lon="15.234864">
				<ele>260.399994</ele>
				<time>2026-09-03T13:01:46Z</time>
			</trkpt>
			<trkpt lat="46.268732" lon="15.234964">
				<ele>260.200012</ele>
				<time>2026-09-03T13:01:47Z</time>
			</trkpt>
			<trkpt lat="46.268774" lon="15.235068">
				<ele>260</ele>
				<time>2026-09-03T13:01:48Z</time>
			</trkpt>
			<trkpt lat="46.268855" lon="15.23525">
				<ele>259.600006</ele>
				<time>2026-09-03T13:01:49Z</time>
			</trkpt>
			<trkpt lat="46.268901" lon="15.235342">
				<ele>259.600006</ele>
				<time>2026-09-03T13:01:50Z</time>
			</trkpt>
			<trkpt lat="46.268949" lon="15.235418">
				<ele>259.600006</ele>
				<time>2026-09-03T13:01:51Z</time>
			</trkpt>
			<trkpt lat="46.269005" lon="15.23549">
				<ele>259.600006</ele>
				<time>2026-09-03T13:01:52Z</time>
			</trkpt>
			<trkpt lat="46.269057" lon="15.235554">
				<ele>259.799988</ele>
				<time>2026-09-03T13:01:53Z</time>
			</trkpt>
			<trkpt lat="46.269116" lon="15.235602">
				<ele>259.799988</ele>
				<time>2026-09-03T13:01:54Z</time>
			</trkpt>
			<trkpt lat="46.269179" lon="15.235668">
				<ele>259.799988</ele>
				<time>2026-09-03T13:01:55Z</time>
			</trkpt>
			<trkpt lat="46.269242" lon="15.235714">
				<ele>260</ele>
				<time>2026-09-03T13:01:56Z</time>
			</trkpt>
			<trkpt lat="46.269308" lon="15.235766">
				<ele>260</ele>
				<time>2026-09-03T13:01:57Z</time>
			</trkpt>
			<trkpt lat="46.269377" lon="15.235804">
				<ele>260</ele>
				<time>2026-09-03T13:01:58Z</time>
			</trkpt>
			<trkpt lat="46.269445" lon="15.23584">
				<ele>260</ele>
				<time>2026-09-03T13:02:00Z</time>
			</trkpt>
			<trkpt lat="46.269516" lon="15.235882">
				<ele>260</ele>
				<time>2026-09-03T13:02:01Z</time>
			</trkpt>
			<trkpt lat="46.269585" lon="15.23593">
				<ele>260</ele>
				<time>2026-09-03T13:02:02Z</time>
			</trkpt>
			<trkpt lat="46.269654" lon="15.235978">
				<ele>260</ele>
				<time>2026-09-03T13:02:03Z</time>
			</trkpt>
			<trkpt lat="46.269719" lon="15.236028">
				<ele>260</ele>
				<time>2026-09-03T13:02:05Z</time>
			</trkpt>
			<trkpt lat="46.269781" lon="15.236082">
				<ele>260</ele>
				<time>2026-09-03T13:02:06Z</time>
			</trkpt>
			<trkpt lat="46.269839" lon="15.236158">
				<ele>259.799988</ele>
				<time>2026-09-03T13:02:08Z</time>
			</trkpt>
			<trkpt lat="46.269894" lon="15.236228">
				<ele>259.799988</ele>
				<time>2026-09-03T13:02:09Z</time>
			</trkpt>
			<trkpt lat="46.269942" lon="15.236304">
				<ele>259.799988</ele>
				<time>2026-09-03T13:02:10Z</time>
			</trkpt>
			<trkpt lat="46.269987" lon="15.236384">
				<ele>259.799988</ele>
				<time>2026-09-03T13:02:12Z</time>
			</trkpt>
			<trkpt lat="46.270029" lon="15.236478">
				<ele>260</ele>
				<time>2026-09-03T13:02:13Z</time>
			</trkpt>
			<trkpt lat="46.270067" lon="15.236554">
				<ele>260</ele>
				<time>2026-09-03T13:02:14Z</time>
			</trkpt>
			<trkpt lat="46.270099" lon="15.236658">
				<ele>260</ele>
				<time>2026-09-03T13:02:15Z</time>
			</trkpt>
			<trkpt lat="46.270127" lon="15.236754">
				<ele>260</ele>
				<time>2026-09-03T13:02:16Z</time>
			</trkpt>
			<trkpt lat="46.270152" lon="15.236854">
				<ele>260</ele>
				<time>2026-09-03T13:02:18Z</time>
			</trkpt>
			<trkpt lat="46.270176" lon="15.236942">
				<ele>260.200012</ele>
				<time>2026-09-03T13:02:19Z</time>
			</trkpt>
			<trkpt lat="46.270203" lon="15.237046">
				<ele>260.200012</ele>
				<time>2026-09-03T13:02:21Z</time>
			</trkpt>
			<trkpt lat="46.270224" lon="15.237148">
				<ele>260.200012</ele>
				<time>2026-09-03T13:02:22Z</time>
			</trkpt>
			<trkpt lat="46.270251" lon="15.237242">
				<ele>260.200012</ele>
				<time>2026-09-03T13:02:23Z</time>
			</trkpt>
			<trkpt lat="46.270282" lon="15.237324">
				<ele>260.200012</ele>
				<time>2026-09-03T13:02:25Z</time>
			</trkpt>
			<trkpt lat="46.270317" lon="15.237414">
				<ele>260.200012</ele>
				<time>2026-09-03T13:02:26Z</time>
			</trkpt>
			<trkpt lat="46.270355" lon="15.23749">
				<ele>260.200012</ele>
				<time>2026-09-03T13:02:27Z</time>
			</trkpt>
			<trkpt lat="46.270394" lon="15.237578">
				<ele>260.399994</ele>
				<time>2026-09-03T13:02:28Z</time>
			</trkpt>
			<trkpt lat="46.270435" lon="15.23765">
				<ele>260.399994</ele>
				<time>2026-09-03T13:02:29Z</time>
			</trkpt>
			<trkpt lat="46.270478" lon="15.237726">
				<ele>260.600006</ele>
				<time>2026-09-03T13:02:31Z</time>
			</trkpt>
			<trkpt lat="46.270523" lon="15.237806">
				<ele>260.600006</ele>
				<time>2026-09-03T13:02:32Z</time>
			</trkpt>
			<trkpt lat="46.270567" lon="15.237874">
				<ele>260.799988</ele>
				<time>2026-09-03T13:02:34Z</time>
			</trkpt>
			<trkpt lat="46.270614" lon="15.237948">
				<ele>260.799988</ele>
				<time>2026-09-03T13:02:35Z</time>
			</trkpt>
			<trkpt lat="46.270663" lon="15.238016">
				<ele>260.799988</ele>
				<time>2026-09-03T13:02:36Z</time>
			</trkpt>
			<trkpt lat="46.270721" lon="15.238062">
				<ele>261</ele>
				<time>2026-09-03T13:02:37Z</time>
			</trkpt>
			<trkpt lat="46.270778" lon="15.238116">
				<ele>261</ele>
				<time>2026-09-03T13:02:39Z</time>
			</trkpt>
			<trkpt lat="46.270899" lon="15.238188">
				<ele>261</ele>
				<time>2026-09-03T13:02:40Z</time>
			</trkpt>
			<trkpt lat="46.270964" lon="15.238218">
				<ele>261</ele>
				<time>2026-09-03T13:02:42Z</time>
			</trkpt>
			<trkpt lat="46.271026" lon="15.238232">
				<ele>261</ele>
				<time>2026-09-03T13:02:43Z</time>
			</trkpt>
			<trkpt lat="46.271087" lon="15.238254">
				<ele>261.200012</ele>
				<time>2026-09-03T13:02:44Z</time>
			</trkpt>
			<trkpt lat="46.271149" lon="15.238278">
				<ele>261.200012</ele>
				<time>2026-09-03T13:02:45Z</time>
			</trkpt>
			<trkpt lat="46.271211" lon="15.238282">
				<ele>261.399994</ele>
				<time>2026-09-03T13:02:46Z</time>
			</trkpt>
			<trkpt lat="46.271272" lon="15.238304">
				<ele>261.399994</ele>
				<time>2026-09-03T13:02:48Z</time>
			</trkpt>
			<trkpt lat="46.271335" lon="15.23831">
				<ele>261.600006</ele>
				<time>2026-09-03T13:02:49Z</time>
			</trkpt>
			<trkpt lat="46.271395" lon="15.23833">
				<ele>261.799988</ele>
				<time>2026-09-03T13:02:50Z</time>
			</trkpt>
			<trkpt lat="46.271453" lon="15.238346">
				<ele>262</ele>
				<time>2026-09-03T13:02:51Z</time>
			</trkpt>
			<trkpt lat="46.271511" lon="15.238352">
				<ele>262.399994</ele>
				<time>2026-09-03T13:02:52Z</time>
			</trkpt>
			<trkpt lat="46.271566" lon="15.238362">
				<ele>262.600006</ele>
				<time>2026-09-03T13:02:53Z</time>
			</trkpt>
			<trkpt lat="46.271619" lon="15.238378">
				<ele>263</ele>
				<time>2026-09-03T13:02:54Z</time>
			</trkpt>
			<trkpt lat="46.271678" lon="15.238396">
				<ele>263.399994</ele>
				<time>2026-09-03T13:02:55Z</time>
			</trkpt>
			<trkpt lat="46.271729" lon="15.238408">
				<ele>263.600006</ele>
				<time>2026-09-03T13:02:56Z</time>
			</trkpt>
			<trkpt lat="46.271768" lon="15.238416">
				<ele>264</ele>
				<time>2026-09-03T13:02:57Z</time>
			</trkpt>
			<trkpt lat="46.271813" lon="15.238426">
				<ele>264.200012</ele>
				<time>2026-09-03T13:02:58Z</time>
			</trkpt>
			<trkpt lat="46.271856" lon="15.238432">
				<ele>264.600006</ele>
				<time>2026-09-03T13:02:59Z</time>
			</trkpt>
			<trkpt lat="46.271896" lon="15.238442">
				<ele>265</ele>
				<time>2026-09-03T13:03:01Z</time>
			</trkpt>
			<trkpt lat="46.271936" lon="15.238452">
				<ele>265.399994</ele>
				<time>2026-09-03T13:03:02Z</time>
			</trkpt>
			<trkpt lat="46.271976" lon="15.238462">
				<ele>265.799988</ele>
				<time>2026-09-03T13:03:03Z</time>
			</trkpt>
			<trkpt lat="46.272015" lon="15.23847">
				<ele>266</ele>
				<time>2026-09-03T13:03:04Z</time>
			</trkpt>
			<trkpt lat="46.272055" lon="15.23848">
				<ele>266.200012</ele>
				<time>2026-09-03T13:03:05Z</time>
			</trkpt>
			<trkpt lat="46.272084" lon="15.238498">
				<ele>266.600006</ele>
				<time>2026-09-03T13:03:06Z</time>
			</trkpt>
			<trkpt lat="46.272118" lon="15.238496">
				<ele>266.799988</ele>
				<time>2026-09-03T13:03:07Z</time>
			</trkpt>
			<trkpt lat="46.272149" lon="15.238518">
				<ele>267.200012</ele>
				<time>2026-09-03T13:03:09Z</time>
			</trkpt>
			<trkpt lat="46.272179" lon="15.238538">
				<ele>267.399994</ele>
				<time>2026-09-03T13:03:10Z</time>
			</trkpt>
			<trkpt lat="46.272212" lon="15.238544">
				<ele>267.600006</ele>
				<time>2026-09-03T13:03:12Z</time>
			</trkpt>
			<trkpt lat="46.272245" lon="15.23854">
				<ele>267.799988</ele>
				<time>2026-09-03T13:03:13Z</time>
			</trkpt>
			<trkpt lat="46.272276" lon="15.238552">
				<ele>268</ele>
				<time>2026-09-03T13:03:15Z</time>
			</trkpt>
			<trkpt lat="46.272308" lon="15.238566">
				<ele>268.399994</ele>
				<time>2026-09-03T13:03:16Z</time>
			</trkpt>
			<trkpt lat="46.272338" lon="15.238576">
				<ele>268.600006</ele>
				<time>2026-09-03T13:03:17Z</time>
			</trkpt>
			<trkpt lat="46.272417" lon="15.238584">
				<ele>268.799988</ele>
				<time>2026-09-03T13:03:19Z</time>
			</trkpt>
			<trkpt lat="46.272445" lon="15.23859">
				<ele>269</ele>
				<time>2026-09-03T13:03:20Z</time>
			</trkpt>
			<trkpt lat="46.272482" lon="15.238604">
				<ele>269</ele>
				<time>2026-09-03T13:03:22Z</time>
			</trkpt>
			<trkpt lat="46.272519" lon="15.238618">
				<ele>269.200012</ele>
				<time>2026-09-03T13:03:23Z</time>
			</trkpt>
			<trkpt lat="46.272556" lon="15.238622">
				<ele>269.399994</ele>
				<time>2026-09-03T13:03:24Z</time>
			</trkpt>
			<trkpt lat="46.272595" lon="15.23862">
				<ele>269.399994</ele>
				<time>2026-09-03T13:03:25Z</time>
			</trkpt>
			<trkpt lat="46.272633" lon="15.238636">
				<ele>269.600006</ele>
				<time>2026-09-03T13:03:26Z</time>
			</trkpt>
			<trkpt lat="46.272673" lon="15.238646">
				<ele>269.600006</ele>
				<time>2026-09-03T13:03:27Z</time>
			</trkpt>
			<trkpt lat="46.272713" lon="15.238656">
				<ele>269.600006</ele>
				<time>2026-09-03T13:03:28Z</time>
			</trkpt>
			<trkpt lat="46.272755" lon="15.23866">
				<ele>269.600006</ele>
				<time>2026-09-03T13:03:29Z</time>
			</trkpt>
			<trkpt lat="46.272798" lon="15.238686">
				<ele>269.799988</ele>
				<time>2026-09-03T13:03:30Z</time>
			</trkpt>
			<trkpt lat="46.272894" lon="15.238718">
				<ele>269.600006</ele>
				<time>2026-09-03T13:03:31Z</time>
			</trkpt>
			<trkpt lat="46.272944" lon="15.238728">
				<ele>269.600006</ele>
				<time>2026-09-03T13:03:32Z</time>
			</trkpt>
			<trkpt lat="46.272994" lon="15.238748">
				<ele>269.600006</ele>
				<time>2026-09-03T13:03:33Z</time>
			</trkpt>
			<trkpt lat="46.273058" lon="15.238756">
				<ele>269.399994</ele>
				<time>2026-09-03T13:03:35Z</time>
			</trkpt>
			<trkpt lat="46.273117" lon="15.238764">
				<ele>269.200012</ele>
				<time>2026-09-03T13:03:36Z</time>
			</trkpt>
			<trkpt lat="46.273171" lon="15.238772">
				<ele>269.200012</ele>
				<time>2026-09-03T13:03:37Z</time>
			</trkpt>
			<trkpt lat="46.273237" lon="15.238784">
				<ele>269.200012</ele>
				<time>2026-09-03T13:03:38Z</time>
			</trkpt>
			<trkpt lat="46.273305" lon="15.23878">
				<ele>269</ele>
				<time>2026-09-03T13:03:39Z</time>
			</trkpt>
			<trkpt lat="46.273377" lon="15.238794">
				<ele>268.799988</ele>
				<time>2026-09-03T13:03:40Z</time>
			</trkpt>
			<trkpt lat="46.273448" lon="15.238796">
				<ele>268.600006</ele>
				<time>2026-09-03T13:03:41Z</time>
			</trkpt>
			<trkpt lat="46.273521" lon="15.238792">
				<ele>268.600006</ele>
				<time>2026-09-03T13:03:42Z</time>
			</trkpt>
			<trkpt lat="46.273668" lon="15.238796">
				<ele>268.399994</ele>
				<time>2026-09-03T13:03:43Z</time>
			</trkpt>
			<trkpt lat="46.273744" lon="15.238788">
				<ele>268.200012</ele>
				<time>2026-09-03T13:03:44Z</time>
			</trkpt>
			<trkpt lat="46.273819" lon="15.238788">
				<ele>268.200012</ele>
				<time>2026-09-03T13:03:45Z</time>
			</trkpt>
			<trkpt lat="46.273894" lon="15.238788">
				<ele>268.200012</ele>
				<time>2026-09-03T13:03:46Z</time>
			</trkpt>
			<trkpt lat="46.273967" lon="15.238774">
				<ele>268</ele>
				<time>2026-09-03T13:03:47Z</time>
			</trkpt>
			<trkpt lat="46.274038" lon="15.238776">
				<ele>268</ele>
				<time>2026-09-03T13:03:48Z</time>
			</trkpt>
			<trkpt lat="46.274109" lon="15.238778">
				<ele>268</ele>
				<time>2026-09-03T13:03:49Z</time>
			</trkpt>
			<trkpt lat="46.274179" lon="15.238778">
				<ele>267.799988</ele>
				<time>2026-09-03T13:03:50Z</time>
			</trkpt>
			<trkpt lat="46.274249" lon="15.238778">
				<ele>267.799988</ele>
				<time>2026-09-03T13:03:51Z</time>
			</trkpt>
			<trkpt lat="46.274318" lon="15.238776">
				<ele>267.799988</ele>
				<time>2026-09-03T13:03:52Z</time>
			</trkpt>
			<trkpt lat="46.274385" lon="15.23877">
				<ele>267.799988</ele>
				<time>2026-09-03T13:03:53Z</time>
			</trkpt>
			<trkpt lat="46.274456" lon="15.238772">
				<ele>267.600006</ele>
				<time>2026-09-03T13:03:54Z</time>
			</trkpt>
			<trkpt lat="46.274537" lon="15.238764">
				<ele>267.600006</ele>
				<time>2026-09-03T13:03:55Z</time>
			</trkpt>
			<trkpt lat="46.274602" lon="15.238764">
				<ele>267.600006</ele>
				<time>2026-09-03T13:03:56Z</time>
			</trkpt>
			<trkpt lat="46.274676" lon="15.238762">
				<ele>267.399994</ele>
				<time>2026-09-03T13:03:57Z</time>
			</trkpt>
			<trkpt lat="46.274751" lon="15.238752">
				<ele>267.399994</ele>
				<time>2026-09-03T13:03:58Z</time>
			</trkpt>
			<trkpt lat="46.274827" lon="15.238754">
				<ele>267.399994</ele>
				<time>2026-09-03T13:03:59Z</time>
			</trkpt>
			<trkpt lat="46.274904" lon="15.238758">
				<ele>267.399994</ele>
				<time>2026-09-03T13:04:01Z</time>
			</trkpt>
			<trkpt lat="46.274981" lon="15.238742">
				<ele>267.200012</ele>
				<time>2026-09-03T13:04:02Z</time>
			</trkpt>
			<trkpt lat="46.275057" lon="15.238744">
				<ele>267.200012</ele>
				<time>2026-09-03T13:04:03Z</time>
			</trkpt>
			<trkpt lat="46.275133" lon="15.238746">
				<ele>267.200012</ele>
				<time>2026-09-03T13:04:04Z</time>
			</trkpt>
			<trkpt lat="46.275214" lon="15.238748">
				<ele>267.200012</ele>
				<time>2026-09-03T13:04:05Z</time>
			</trkpt>
			<trkpt lat="46.275288" lon="15.238746">
				<ele>267.200012</ele>
				<time>2026-09-03T13:04:07Z</time>
			</trkpt>
			<trkpt lat="46.275366" lon="15.238752">
				<ele>267.200012</ele>
				<time>2026-09-03T13:04:08Z</time>
			</trkpt>
			<trkpt lat="46.275525" lon="15.23881">
				<ele>267</ele>
				<time>2026-09-03T13:04:10Z</time>
			</trkpt>
			<trkpt lat="46.275605" lon="15.23885">
				<ele>266.799988</ele>
				<time>2026-09-03T13:04:11Z</time>
			</trkpt>
			<trkpt lat="46.275685" lon="15.23891">
				<ele>266.600006</ele>
				<time>2026-09-03T13:04:13Z</time>
			</trkpt>
			<trkpt lat="46.275761" lon="15.238972">
				<ele>266.200012</ele>
				<time>2026-09-03T13:04:14Z</time>
			</trkpt>
			<trkpt lat="46.275838" lon="15.239036">
				<ele>266</ele>
				<time>2026-09-03T13:04:15Z</time>
			</trkpt>
			<trkpt lat="46.275916" lon="15.239092">
				<ele>265.600006</ele>
				<time>2026-09-03T13:04:17Z</time>
			</trkpt>
			<trkpt lat="46.275994" lon="15.239158">
				<ele>265.600006</ele>
				<time>2026-09-03T13:04:18Z</time>
			</trkpt>
			<trkpt lat="46.276074" lon="15.239198">
				<ele>265.399994</ele>
				<time>2026-09-03T13:04:19Z</time>
			</trkpt>
			<trkpt lat="46.276156" lon="15.239222">
				<ele>265.399994</ele>
				<time>2026-09-03T13:04:20Z</time>
			</trkpt>
			<trkpt lat="46.276239" lon="15.239238">
				<ele>265.600006</ele>
				<time>2026-09-03T13:04:21Z</time>
			</trkpt>
			<trkpt lat="46.276321" lon="15.239252">
				<ele>265.600006</ele>
				<time>2026-09-03T13:04:22Z</time>
			</trkpt>
			<trkpt lat="46.276402" lon="15.239254">
				<ele>265.600006</ele>
				<time>2026-09-03T13:04:23Z</time>
			</trkpt>
			<trkpt lat="46.276481" lon="15.239242">
				<ele>265.600006</ele>
				<time>2026-09-03T13:04:24Z</time>
			</trkpt>
			<trkpt lat="46.276558" lon="15.239246">
				<ele>265.399994</ele>
				<time>2026-09-03T13:04:25Z</time>
			</trkpt>
			<trkpt lat="46.276635" lon="15.23924">
				<ele>265.399994</ele>
				<time>2026-09-03T13:04:26Z</time>
			</trkpt>
			<trkpt lat="46.276709" lon="15.239238">
				<ele>265.399994</ele>
				<time>2026-09-03T13:04:27Z</time>
			</trkpt>
			<trkpt lat="46.276783" lon="15.239226">
				<ele>265.399994</ele>
				<time>2026-09-03T13:04:29Z</time>
			</trkpt>
			<trkpt lat="46.276847" lon="15.239204">
				<ele>265.600006</ele>
				<time>2026-09-03T13:04:30Z</time>
			</trkpt>
			<trkpt lat="46.276917" lon="15.239174">
				<ele>265.600006</ele>
				<time>2026-09-03T13:04:31Z</time>
			</trkpt>
			<trkpt lat="46.276972" lon="15.239144">
				<ele>265.799988</ele>
				<time>2026-09-03T13:04:32Z</time>
			</trkpt>
			<trkpt lat="46.277034" lon="15.239108">
				<ele>266</ele>
				<time>2026-09-03T13:04:33Z</time>
			</trkpt>
			<trkpt lat="46.277091" lon="15.239062">
				<ele>266.200012</ele>
				<time>2026-09-03T13:04:34Z</time>
			</trkpt>
			<trkpt lat="46.277148" lon="15.239026">
				<ele>266.200012</ele>
				<time>2026-09-03T13:04:35Z</time>
			</trkpt>
			<trkpt lat="46.277205" lon="15.23897">
				<ele>266.200012</ele>
				<time>2026-09-03T13:04:36Z</time>
			</trkpt>
			<trkpt lat="46.277261" lon="15.238922">
				<ele>266.399994</ele>
				<time>2026-09-03T13:04:38Z</time>
			</trkpt>
			<trkpt lat="46.277317" lon="15.238884">
				<ele>266.399994</ele>
				<time>2026-09-03T13:04:39Z</time>
			</trkpt>
			<trkpt lat="46.277376" lon="15.238842">
				<ele>266.399994</ele>
				<time>2026-09-03T13:04:40Z</time>
			</trkpt>
			<trkpt lat="46.277434" lon="15.238818">
				<ele>266.600006</ele>
				<time>2026-09-03T13:04:41Z</time>
			</trkpt>
			<trkpt lat="46.277491" lon="15.238782">
				<ele>266.600006</ele>
				<time>2026-09-03T13:04:42Z</time>
			</trkpt>
			<trkpt lat="46.277547" lon="15.238764">
				<ele>266.799988</ele>
				<time>2026-09-03T13:04:44Z</time>
			</trkpt>
			<trkpt lat="46.277607" lon="15.238744">
				<ele>267</ele>
				<time>2026-09-03T13:04:45Z</time>
			</trkpt>
			<trkpt lat="46.277669" lon="15.238728">
				<ele>267.200012</ele>
				<time>2026-09-03T13:04:46Z</time>
			</trkpt>
			<trkpt lat="46.277789" lon="15.238688">
				<ele>267.399994</ele>
				<time>2026-09-03T13:04:47Z</time>
			</trkpt>
			<trkpt lat="46.277848" lon="15.238676">
				<ele>267.399994</ele>
				<time>2026-09-03T13:04:49Z</time>
			</trkpt>
			<trkpt lat="46.277906" lon="15.238662">
				<ele>267.600006</ele>
				<time>2026-09-03T13:04:50Z</time>
			</trkpt>
			<trkpt lat="46.277965" lon="15.23864">
				<ele>267.600006</ele>
				<time>2026-09-03T13:04:51Z</time>
			</trkpt>
			<trkpt lat="46.278023" lon="15.238636">
				<ele>267.600006</ele>
				<time>2026-09-03T13:04:52Z</time>
			</trkpt>
			<trkpt lat="46.278082" lon="15.238624">
				<ele>267.799988</ele>
				<time>2026-09-03T13:04:53Z</time>
			</trkpt>
			<trkpt lat="46.278143" lon="15.238626">
				<ele>267.799988</ele>
				<time>2026-09-03T13:04:54Z</time>
			</trkpt>
			<trkpt lat="46.278199" lon="15.238628">
				<ele>267.799988</ele>
				<time>2026-09-03T13:04:55Z</time>
			</trkpt>
			<trkpt lat="46.278258" lon="15.238626">
				<ele>268</ele>
				<time>2026-09-03T13:04:57Z</time>
			</trkpt>
			<trkpt lat="46.278316" lon="15.238632">
				<ele>268</ele>
				<time>2026-09-03T13:04:58Z</time>
			</trkpt>
			<trkpt lat="46.278373" lon="15.238656">
				<ele>268</ele>
				<time>2026-09-03T13:04:59Z</time>
			</trkpt>
			<trkpt lat="46.278483" lon="15.238696">
				<ele>268.200012</ele>
				<time>2026-09-03T13:05:00Z</time>
			</trkpt>
			<trkpt lat="46.278535" lon="15.23872">
				<ele>268.399994</ele>
				<time>2026-09-03T13:05:01Z</time>
			</trkpt>
			<trkpt lat="46.278588" lon="15.238746">
				<ele>268.399994</ele>
				<time>2026-09-03T13:05:02Z</time>
			</trkpt>
			<trkpt lat="46.278641" lon="15.238762">
				<ele>268.600006</ele>
				<time>2026-09-03T13:05:03Z</time>
			</trkpt>
			<trkpt lat="46.278695" lon="15.23878">
				<ele>268.600006</ele>
				<time>2026-09-03T13:05:04Z</time>
			</trkpt>
			<trkpt lat="46.278748" lon="15.238806">
				<ele>268.799988</ele>
				<time>2026-09-03T13:05:05Z</time>
			</trkpt>
			<trkpt lat="46.278801" lon="15.238822">
				<ele>268.799988</ele>
				<time>2026-09-03T13:05:06Z</time>
			</trkpt>
			<trkpt lat="46.278852" lon="15.238854">
				<ele>268.799988</ele>
				<time>2026-09-03T13:05:07Z</time>
			</trkpt>
			<trkpt lat="46.278902" lon="15.238874">
				<ele>269</ele>
				<time>2026-09-03T13:05:08Z</time>
			</trkpt>
			<trkpt lat="46.278953" lon="15.238906">
				<ele>269</ele>
				<time>2026-09-03T13:05:09Z</time>
			</trkpt>
			<trkpt lat="46.279002" lon="15.238924">
				<ele>269.200012</ele>
				<time>2026-09-03T13:05:10Z</time>
			</trkpt>
			<trkpt lat="46.279051" lon="15.238952">
				<ele>269.399994</ele>
				<time>2026-09-03T13:05:11Z</time>
			</trkpt>
			<trkpt lat="46.279109" lon="15.238988">
				<ele>269.399994</ele>
				<time>2026-09-03T13:05:12Z</time>
			</trkpt>
			<trkpt lat="46.279148" lon="15.239016">
				<ele>269.600006</ele>
				<time>2026-09-03T13:05:13Z</time>
			</trkpt>
			<trkpt lat="46.279194" lon="15.239058">
				<ele>269.600006</ele>
				<time>2026-09-03T13:05:14Z</time>
			</trkpt>
			<trkpt lat="46.279242" lon="15.239084">
				<ele>269.600006</ele>
				<time>2026-09-03T13:05:15Z</time>
			</trkpt>
			<trkpt lat="46.279285" lon="15.23912">
				<ele>269.799988</ele>
				<time>2026-09-03T13:05:16Z</time>
			</trkpt>
			<trkpt lat="46.279332" lon="15.239174">
				<ele>269.799988</ele>
				<time>2026-09-03T13:05:17Z</time>
			</trkpt>
			<trkpt lat="46.279376" lon="15.239212">
				<ele>270</ele>
				<time>2026-09-03T13:05:18Z</time>
			</trkpt>
			<trkpt lat="46.279423" lon="15.239256">
				<ele>270</ele>
				<time>2026-09-03T13:05:19Z</time>
			</trkpt>
			<trkpt lat="46.279471" lon="15.239292">
				<ele>270</ele>
				<time>2026-09-03T13:05:20Z</time>
			</trkpt>
			<trkpt lat="46.279523" lon="15.239326">
				<ele>270</ele>
				<time>2026-09-03T13:05:21Z</time>
			</trkpt>
			<trkpt lat="46.279569" lon="15.239368">
				<ele>270</ele>
				<time>2026-09-03T13:05:22Z</time>
			</trkpt>
			<trkpt lat="46.279617" lon="15.239404">
				<ele>269.799988</ele>
				<time>2026-09-03T13:05:23Z</time>
			</trkpt>
			<trkpt lat="46.279664" lon="15.239438">
				<ele>269.799988</ele>
				<time>2026-09-03T13:05:24Z</time>
			</trkpt>
			<trkpt lat="46.279758" lon="15.239526">
				<ele>269.600006</ele>
				<time>2026-09-03T13:05:25Z</time>
			</trkpt>
			<trkpt lat="46.279808" lon="15.239566">
				<ele>269.600006</ele>
				<time>2026-09-03T13:05:26Z</time>
			</trkpt>
			<trkpt lat="46.279858" lon="15.239616">
				<ele>269.399994</ele>
				<time>2026-09-03T13:05:27Z</time>
			</trkpt>
			<trkpt lat="46.279912" lon="15.239654">
				<ele>269.200012</ele>
				<time>2026-09-03T13:05:28Z</time>
			</trkpt>
			<trkpt lat="46.279967" lon="15.239694">
				<ele>269.200012</ele>
				<time>2026-09-03T13:05:29Z</time>
			</trkpt>
			<trkpt lat="46.280023" lon="15.239736">
				<ele>269</ele>
				<time>2026-09-03T13:05:30Z</time>
			</trkpt>
			<trkpt lat="46.280078" lon="15.239786">
				<ele>268.799988</ele>
				<time>2026-09-03T13:05:31Z</time>
			</trkpt>
			<trkpt lat="46.280138" lon="15.239826">
				<ele>268.600006</ele>
				<time>2026-09-03T13:05:32Z</time>
			</trkpt>
			<trkpt lat="46.280198" lon="15.239876">
				<ele>268.200012</ele>
				<time>2026-09-03T13:05:33Z</time>
			</trkpt>
			<trkpt lat="46.280259" lon="15.239938">
				<ele>268</ele>
				<time>2026-09-03T13:05:34Z</time>
			</trkpt>
			<trkpt lat="46.280322" lon="15.239984">
				<ele>267.600006</ele>
				<time>2026-09-03T13:05:35Z</time>
			</trkpt>
			<trkpt lat="46.280387" lon="15.240034">
				<ele>267.399994</ele>
				<time>2026-09-03T13:05:36Z</time>
			</trkpt>
			<trkpt lat="46.280453" lon="15.240086">
				<ele>267.200012</ele>
				<time>2026-09-03T13:05:37Z</time>
			</trkpt>
			<trkpt lat="46.280582" lon="15.240194">
				<ele>266.799988</ele>
				<time>2026-09-03T13:05:38Z</time>
			</trkpt>
			<trkpt lat="46.280646" lon="15.240242">
				<ele>266.600006</ele>
				<time>2026-09-03T13:05:39Z</time>
			</trkpt>
			<trkpt lat="46.280708" lon="15.240296">
				<ele>266.600006</ele>
				<time>2026-09-03T13:05:40Z</time>
			</trkpt>
			<trkpt lat="46.280772" lon="15.240334">
				<ele>266.600006</ele>
				<time>2026-09-03T13:05:41Z</time>
			</trkpt>
			<trkpt lat="46.280838" lon="15.240356">
				<ele>266.600006</ele>
				<time>2026-09-03T13:05:42Z</time>
			</trkpt>
			<trkpt lat="46.280903" lon="15.240366">
				<ele>266.799988</ele>
				<time>2026-09-03T13:05:43Z</time>
			</trkpt>
			<trkpt lat="46.280969" lon="15.240358">
				<ele>266.799988</ele>
				<time>2026-09-03T13:05:44Z</time>
			</trkpt>
			<trkpt lat="46.281036" lon="15.240332">
				<ele>266.799988</ele>
				<time>2026-09-03T13:05:45Z</time>
			</trkpt>
			<trkpt lat="46.281105" lon="15.2403">
				<ele>266.799988</ele>
				<time>2026-09-03T13:05:46Z</time>
			</trkpt>
			<trkpt lat="46.281162" lon="15.240274">
				<ele>266.799988</ele>
				<time>2026-09-03T13:05:47Z</time>
			</trkpt>
			<trkpt lat="46.281223" lon="15.240236">
				<ele>266.799988</ele>
				<time>2026-09-03T13:05:48Z</time>
			</trkpt>
			<trkpt lat="46.281284" lon="15.240198">
				<ele>266.799988</ele>
				<time>2026-09-03T13:05:49Z</time>
			</trkpt>
			<trkpt lat="46.281344" lon="15.240148">
				<ele>266.799988</ele>
				<time>2026-09-03T13:05:50Z</time>
			</trkpt>
			<trkpt lat="46.281403" lon="15.240096">
				<ele>266.799988</ele>
				<time>2026-09-03T13:05:51Z</time>
			</trkpt>
			<trkpt lat="46.281459" lon="15.240048">
				<ele>267</ele>
				<time>2026-09-03T13:05:53Z</time>
			</trkpt>
			<trkpt lat="46.281515" lon="15.23999">
				<ele>266.799988</ele>
				<time>2026-09-03T13:05:54Z</time>
			</trkpt>
			<trkpt lat="46.281578" lon="15.239946">
				<ele>267</ele>
				<time>2026-09-03T13:05:56Z</time>
			</trkpt>
			<trkpt lat="46.281623" lon="15.239896">
				<ele>267</ele>
				<time>2026-09-03T13:05:57Z</time>
			</trkpt>
			<trkpt lat="46.281678" lon="15.239836">
				<ele>267.200012</ele>
				<time>2026-09-03T13:05:58Z</time>
			</trkpt>
			<trkpt lat="46.281732" lon="15.239794">
				<ele>267.200012</ele>
				<time>2026-09-03T13:05:59Z</time>
			</trkpt>
			<trkpt lat="46.281774" lon="15.239758">
				<ele>267.399994</ele>
				<time>2026-09-03T13:06:00Z</time>
			</trkpt>
			<trkpt lat="46.281838" lon="15.239696">
				<ele>267.399994</ele>
				<time>2026-09-03T13:06:02Z</time>
			</trkpt>
			<trkpt lat="46.281945" lon="15.23959">
				<ele>267.600006</ele>
				<time>2026-09-03T13:06:04Z</time>
			</trkpt>
			<trkpt lat="46.281997" lon="15.239564">
				<ele>267.600006</ele>
				<time>2026-09-03T13:06:05Z</time>
			</trkpt>
			<trkpt lat="46.282059" lon="15.239518">
				<ele>267.600006</ele>
				<time>2026-09-03T13:06:06Z</time>
			</trkpt>
			<trkpt lat="46.282118" lon="15.239476">
				<ele>267.799988</ele>
				<time>2026-09-03T13:06:07Z</time>
			</trkpt>
			<trkpt lat="46.282176" lon="15.239432">
				<ele>267.799988</ele>
				<time>2026-09-03T13:06:08Z</time>
			</trkpt>
			<trkpt lat="46.282234" lon="15.239408">
				<ele>267.799988</ele>
				<time>2026-09-03T13:06:10Z</time>
			</trkpt>
			<trkpt lat="46.282299" lon="15.239368">
				<ele>268</ele>
				<time>2026-09-03T13:06:11Z</time>
			</trkpt>
			<trkpt lat="46.282349" lon="15.239338">
				<ele>268</ele>
				<time>2026-09-03T13:06:12Z</time>
			</trkpt>
			<trkpt lat="46.282396" lon="15.239302">
				<ele>268.200012</ele>
				<time>2026-09-03T13:06:13Z</time>
			</trkpt>
			<trkpt lat="46.282455" lon="15.23927">
				<ele>268.200012</ele>
				<time>2026-09-03T13:06:14Z</time>
			</trkpt>
			<trkpt lat="46.282514" lon="15.239248">
				<ele>268.399994</ele>
				<time>2026-09-03T13:06:15Z</time>
			</trkpt>
			<trkpt lat="46.282586" lon="15.239212">
				<ele>268.399994</ele>
				<time>2026-09-03T13:06:16Z</time>
			</trkpt>
			<trkpt lat="46.282644" lon="15.239188">
				<ele>268.600006</ele>
				<time>2026-09-03T13:06:17Z</time>
			</trkpt>
			<trkpt lat="46.282696" lon="15.239152">
				<ele>268.600006</ele>
				<time>2026-09-03T13:06:18Z</time>
			</trkpt>
			<trkpt lat="46.282748" lon="15.239116">
				<ele>268.600006</ele>
				<time>2026-09-03T13:06:19Z</time>
			</trkpt>
			<trkpt lat="46.282803" lon="15.239076">
				<ele>268.799988</ele>
				<time>2026-09-03T13:06:20Z</time>
			</trkpt>
			<trkpt lat="46.282858" lon="15.239036">
				<ele>268.799988</ele>
				<time>2026-09-03T13:06:21Z</time>
			</trkpt>
			<trkpt lat="46.282912" lon="15.238994">
				<ele>268.799988</ele>
				<time>2026-09-03T13:06:23Z</time>
			</trkpt>
			<trkpt lat="46.282965" lon="15.23894">
				<ele>268.799988</ele>
				<time>2026-09-03T13:06:24Z</time>
			</trkpt>
			<trkpt lat="46.283018" lon="15.238906">
				<ele>268.799988</ele>
				<time>2026-09-03T13:06:25Z</time>
			</trkpt>
			<trkpt lat="46.283071" lon="15.238852">
				<ele>268.799988</ele>
				<time>2026-09-03T13:06:26Z</time>
			</trkpt>
			<trkpt lat="46.283124" lon="15.238818">
				<ele>268.799988</ele>
				<time>2026-09-03T13:06:27Z</time>
			</trkpt>
			<trkpt lat="46.283245" lon="15.23872">
				<ele>269</ele>
				<time>2026-09-03T13:06:29Z</time>
			</trkpt>
			<trkpt lat="46.283299" lon="15.238678">
				<ele>269</ele>
				<time>2026-09-03T13:06:30Z</time>
			</trkpt>
			<trkpt lat="46.283355" lon="15.23863">
				<ele>269</ele>
				<time>2026-09-03T13:06:32Z</time>
			</trkpt>
			<trkpt lat="46.283411" lon="15.238592">
				<ele>269</ele>
				<time>2026-09-03T13:06:33Z</time>
			</trkpt>
			<trkpt lat="46.283467" lon="15.238554">
				<ele>269.200012</ele>
				<time>2026-09-03T13:06:34Z</time>
			</trkpt>
			<trkpt lat="46.283521" lon="15.238512">
				<ele>269.200012</ele>
				<time>2026-09-03T13:06:35Z</time>
			</trkpt>
			<trkpt lat="46.283574" lon="15.238478">
				<ele>269.200012</ele>
				<time>2026-09-03T13:06:37Z</time>
			</trkpt>
			<trkpt lat="46.283629" lon="15.238438">
				<ele>269.200012</ele>
				<time>2026-09-03T13:06:38Z</time>
			</trkpt>
			<trkpt lat="46.283682" lon="15.238394">
				<ele>269.200012</ele>
				<time>2026-09-03T13:06:39Z</time>
			</trkpt>
			<trkpt lat="46.283738" lon="15.238346">
				<ele>269.399994</ele>
				<time>2026-09-03T13:06:40Z</time>
			</trkpt>
			<trkpt lat="46.283794" lon="15.238318">
				<ele>269.399994</ele>
				<time>2026-09-03T13:06:41Z</time>
			</trkpt>
			<trkpt lat="46.283852" lon="15.238274">
				<ele>269.399994</ele>
				<time>2026-09-03T13:06:42Z</time>
			</trkpt>
			<trkpt lat="46.283907" lon="15.238234">
				<ele>269.399994</ele>
				<time>2026-09-03T13:06:43Z</time>
			</trkpt>
			<trkpt lat="46.283963" lon="15.238206">
				<ele>269.399994</ele>
				<time>2026-09-03T13:06:44Z</time>
			</trkpt>
			<trkpt lat="46.284021" lon="15.238162">
				<ele>269.399994</ele>
				<time>2026-09-03T13:06:46Z</time>
			</trkpt>
			<trkpt lat="46.284086" lon="15.238132">
				<ele>269.399994</ele>
				<time>2026-09-03T13:06:47Z</time>
			</trkpt>
			<trkpt lat="46.284138" lon="15.238106">
				<ele>269.399994</ele>
				<time>2026-09-03T13:06:48Z</time>
			</trkpt>
			<trkpt lat="46.284197" lon="15.238074">
				<ele>269.399994</ele>
				<time>2026-09-03T13:06:50Z</time>
			</trkpt>
			<trkpt lat="46.284257" lon="15.238034">
				<ele>269.399994</ele>
				<time>2026-09-03T13:06:51Z</time>
			</trkpt>
			<trkpt lat="46.284316" lon="15.238002">
				<ele>269.399994</ele>
				<time>2026-09-03T13:06:52Z</time>
			</trkpt>
			<trkpt lat="46.284373" lon="15.237966">
				<ele>269.399994</ele>
				<time>2026-09-03T13:06:53Z</time>
			</trkpt>
			<trkpt lat="46.284428" lon="15.237926">
				<ele>269.399994</ele>
				<time>2026-09-03T13:06:54Z</time>
			</trkpt>
			<trkpt lat="46.284484" lon="15.237878">
				<ele>269.399994</ele>
				<time>2026-09-03T13:06:55Z</time>
			</trkpt>
			<trkpt lat="46.284539" lon="15.237828">
				<ele>269.399994</ele>
				<time>2026-09-03T13:06:57Z</time>
			</trkpt>
			<trkpt lat="46.284589" lon="15.237788">
				<ele>269.399994</ele>
				<time>2026-09-03T13:06:58Z</time>
			</trkpt>
			<trkpt lat="46.284641" lon="15.237732">
				<ele>269.399994</ele>
				<time>2026-09-03T13:06:59Z</time>
			</trkpt>
			<trkpt lat="46.284694" lon="15.237688">
				<ele>269.399994</ele>
				<time>2026-09-03T13:07:00Z</time>
			</trkpt>
			<trkpt lat="46.284748" lon="15.237646">
				<ele>269.600006</ele>
				<time>2026-09-03T13:07:02Z</time>
			</trkpt>
			<trkpt lat="46.284803" lon="15.237616">
				<ele>269.600006</ele>
				<time>2026-09-03T13:07:03Z</time>
			</trkpt>
			<trkpt lat="46.284864" lon="15.237588">
				<ele>269.600006</ele>
				<time>2026-09-03T13:07:04Z</time>
			</trkpt>
			<trkpt lat="46.284919" lon="15.237578">
				<ele>269.600006</ele>
				<time>2026-09-03T13:07:05Z</time>
			</trkpt>
			<trkpt lat="46.284978" lon="15.237576">
				<ele>269.600006</ele>
				<time>2026-09-03T13:07:06Z</time>
			</trkpt>
			<trkpt lat="46.285036" lon="15.237582">
				<ele>269.600006</ele>
				<time>2026-09-03T13:07:07Z</time>
			</trkpt>
			<trkpt lat="46.285098" lon="15.237606">
				<ele>269.600006</ele>
				<time>2026-09-03T13:07:08Z</time>
			</trkpt>
			<trkpt lat="46.285157" lon="15.237624">
				<ele>269.600006</ele>
				<time>2026-09-03T13:07:09Z</time>
			</trkpt>
			<trkpt lat="46.285217" lon="15.237654">
				<ele>269.600006</ele>
				<time>2026-09-03T13:07:11Z</time>
			</trkpt>
			<trkpt lat="46.285278" lon="15.237686">
				<ele>269.600006</ele>
				<time>2026-09-03T13:07:12Z</time>
			</trkpt>
			<trkpt lat="46.285338" lon="15.237716">
				<ele>269.600006</ele>
				<time>2026-09-03T13:07:13Z</time>
			</trkpt>
			<trkpt lat="46.285398" lon="15.237746">
				<ele>269.799988</ele>
				<time>2026-09-03T13:07:15Z</time>
			</trkpt>
			<trkpt lat="46.285458" lon="15.237766">
				<ele>269.799988</ele>
				<time>2026-09-03T13:07:16Z</time>
			</trkpt>
			<trkpt lat="46.285517" lon="15.237794">
				<ele>269.799988</ele>
				<time>2026-09-03T13:07:17Z</time>
			</trkpt>
			<trkpt lat="46.285576" lon="15.237812">
				<ele>269.799988</ele>
				<time>2026-09-03T13:07:18Z</time>
			</trkpt>
			<trkpt lat="46.285636" lon="15.237832">
				<ele>269.799988</ele>
				<time>2026-09-03T13:07:19Z</time>
			</trkpt>
			<trkpt lat="46.285691" lon="15.237852">
				<ele>269.799988</ele>
				<time>2026-09-03T13:07:20Z</time>
			</trkpt>
			<trkpt lat="46.285737" lon="15.237884">
				<ele>269.799988</ele>
				<time>2026-09-03T13:07:21Z</time>
			</trkpt>
			<trkpt lat="46.285787" lon="15.237894">
				<ele>269.799988</ele>
				<time>2026-09-03T13:07:22Z</time>
			</trkpt>
			<trkpt lat="46.285833" lon="15.237906">
				<ele>270</ele>
				<time>2026-09-03T13:07:23Z</time>
			</trkpt>
			<trkpt lat="46.285876" lon="15.237922">
				<ele>270.200012</ele>
				<time>2026-09-03T13:07:24Z</time>
			</trkpt>
			<trkpt lat="46.285927" lon="15.237944">
				<ele>270.399994</ele>
				<time>2026-09-03T13:07:25Z</time>
			</trkpt>
			<trkpt lat="46.285986" lon="15.237952">
				<ele>270.600006</ele>
				<time>2026-09-03T13:07:26Z</time>
			</trkpt>
			<trkpt lat="46.286033" lon="15.237956">
				<ele>270.600006</ele>
				<time>2026-09-03T13:07:27Z</time>
			</trkpt>
			<trkpt lat="46.286087" lon="15.237944">
				<ele>270.600006</ele>
				<time>2026-09-03T13:07:28Z</time>
			</trkpt>
			<trkpt lat="46.286137" lon="15.237924">
				<ele>270.799988</ele>
				<time>2026-09-03T13:07:30Z</time>
			</trkpt>
			<trkpt lat="46.286195" lon="15.23791">
				<ele>271</ele>
				<time>2026-09-03T13:07:31Z</time>
			</trkpt>
			<trkpt lat="46.286297" lon="15.237884">
				<ele>271.200012</ele>
				<time>2026-09-03T13:07:32Z</time>
			</trkpt>
			<trkpt lat="46.286367" lon="15.237854">
				<ele>271.200012</ele>
				<time>2026-09-03T13:07:33Z</time>
			</trkpt>
			<trkpt lat="46.286414" lon="15.237848">
				<ele>271.399994</ele>
				<time>2026-09-03T13:07:34Z</time>
			</trkpt>
			<trkpt lat="46.286479" lon="15.237848">
				<ele>271.399994</ele>
				<time>2026-09-03T13:07:36Z</time>
			</trkpt>
			<trkpt lat="46.286528" lon="15.237816">
				<ele>271.399994</ele>
				<time>2026-09-03T13:07:37Z</time>
			</trkpt>
			<trkpt lat="46.286585" lon="15.23777">
				<ele>271.399994</ele>
				<time>2026-09-03T13:07:38Z</time>
			</trkpt>
			<trkpt lat="46.286639" lon="15.237718">
				<ele>271.399994</ele>
				<time>2026-09-03T13:07:39Z</time>
			</trkpt>
			<trkpt lat="46.286689" lon="15.237658">
				<ele>271.600006</ele>
				<time>2026-09-03T13:07:41Z</time>
			</trkpt>
			<trkpt lat="46.286753" lon="15.237596">
				<ele>271.600006</ele>
				<time>2026-09-03T13:07:42Z</time>
			</trkpt>
			<trkpt lat="46.286802" lon="15.237564">
				<ele>271.799988</ele>
				<time>2026-09-03T13:07:43Z</time>
			</trkpt>
			<trkpt lat="46.286853" lon="15.237536">
				<ele>271.799988</ele>
				<time>2026-09-03T13:07:44Z</time>
			</trkpt>
			<trkpt lat="46.286965" lon="15.23749">
				<ele>272</ele>
				<time>2026-09-03T13:07:46Z</time>
			</trkpt>
			<trkpt lat="46.287019" lon="15.237478">
				<ele>272.200012</ele>
				<time>2026-09-03T13:07:47Z</time>
			</trkpt>
			<trkpt lat="46.287074" lon="15.237458">
				<ele>272.200012</ele>
				<time>2026-09-03T13:07:48Z</time>
			</trkpt>
			<trkpt lat="46.287126" lon="15.237452">
				<ele>272.200012</ele>
				<time>2026-09-03T13:07:49Z</time>
			</trkpt>
			<trkpt lat="46.287178" lon="15.237466">
				<ele>272.200012</ele>
				<time>2026-09-03T13:07:50Z</time>
			</trkpt>
			<trkpt lat="46.287238" lon="15.237486">
				<ele>272.200012</ele>
				<time>2026-09-03T13:07:51Z</time>
			</trkpt>
			<trkpt lat="46.287283" lon="15.237506">
				<ele>272.200012</ele>
				<time>2026-09-03T13:07:52Z</time>
			</trkpt>
			<trkpt lat="46.287337" lon="15.237544">
				<ele>272.200012</ele>
				<time>2026-09-03T13:07:53Z</time>
			</trkpt>
			<trkpt lat="46.287389" lon="15.237588">
				<ele>272.200012</ele>
				<time>2026-09-03T13:07:54Z</time>
			</trkpt>
			<trkpt lat="46.287439" lon="15.237628">
				<ele>272.200012</ele>
				<time>2026-09-03T13:07:55Z</time>
			</trkpt>
			<trkpt lat="46.287489" lon="15.237668">
				<ele>272</ele>
				<time>2026-09-03T13:07:56Z</time>
			</trkpt>
			<trkpt lat="46.287545" lon="15.23771">
				<ele>272</ele>
				<time>2026-09-03T13:07:57Z</time>
			</trkpt>
			<trkpt lat="46.287597" lon="15.237764">
				<ele>272</ele>
				<time>2026-09-03T13:07:58Z</time>
			</trkpt>
			<trkpt lat="46.287648" lon="15.237816">
				<ele>272</ele>
				<time>2026-09-03T13:07:59Z</time>
			</trkpt>
			<trkpt lat="46.287695" lon="15.23786">
				<ele>272.200012</ele>
				<time>2026-09-03T13:08:00Z</time>
			</trkpt>
			<trkpt lat="46.287727" lon="15.237904">
				<ele>272.200012</ele>
				<time>2026-09-03T13:08:01Z</time>
			</trkpt>
			<trkpt lat="46.287775" lon="15.23796">
				<ele>272.399994</ele>
				<time>2026-09-03T13:08:02Z</time>
			</trkpt>
			<trkpt lat="46.287818" lon="15.238006">
				<ele>272.600006</ele>
				<time>2026-09-03T13:08:03Z</time>
			</trkpt>
			<trkpt lat="46.287861" lon="15.238042">
				<ele>272.799988</ele>
				<time>2026-09-03T13:08:04Z</time>
			</trkpt>
			<trkpt lat="46.287906" lon="15.238092">
				<ele>273</ele>
				<time>2026-09-03T13:08:05Z</time>
			</trkpt>
			<trkpt lat="46.287949" lon="15.238148">
				<ele>273</ele>
				<time>2026-09-03T13:08:06Z</time>
			</trkpt>
			<trkpt lat="46.287991" lon="15.238192">
				<ele>273.200012</ele>
				<time>2026-09-03T13:08:07Z</time>
			</trkpt>
			<trkpt lat="46.288024" lon="15.238238">
				<ele>273.399994</ele>
				<time>2026-09-03T13:08:08Z</time>
			</trkpt>
			<trkpt lat="46.288055" lon="15.2383">
				<ele>273.399994</ele>
				<time>2026-09-03T13:08:09Z</time>
			</trkpt>
			<trkpt lat="46.288089" lon="15.238378">
				<ele>273.600006</ele>
				<time>2026-09-03T13:08:10Z</time>
			</trkpt>
			<trkpt lat="46.288114" lon="15.238448">
				<ele>273.799988</ele>
				<time>2026-09-03T13:08:11Z</time>
			</trkpt>
			<trkpt lat="46.288128" lon="15.238506">
				<ele>274</ele>
				<time>2026-09-03T13:08:12Z</time>
			</trkpt>
			<trkpt lat="46.288145" lon="15.23857">
				<ele>274.200012</ele>
				<time>2026-09-03T13:08:13Z</time>
			</trkpt>
			<trkpt lat="46.288159" lon="15.238648">
				<ele>274.399994</ele>
				<time>2026-09-03T13:08:14Z</time>
			</trkpt>
			<trkpt lat="46.288169" lon="15.238718">
				<ele>274.600006</ele>
				<time>2026-09-03T13:08:15Z</time>
			</trkpt>
			<trkpt lat="46.288177" lon="15.238784">
				<ele>274.799988</ele>
				<time>2026-09-03T13:08:16Z</time>
			</trkpt>
			<trkpt lat="46.288183" lon="15.238876">
				<ele>275</ele>
				<time>2026-09-03T13:08:18Z</time>
			</trkpt>
			<trkpt lat="46.288184" lon="15.238958">
				<ele>275.200012</ele>
				<time>2026-09-03T13:08:19Z</time>
			</trkpt>
			<trkpt lat="46.288182" lon="15.239024">
				<ele>275.200012</ele>
				<time>2026-09-03T13:08:20Z</time>
			</trkpt>
			<trkpt lat="46.288181" lon="15.239082">
				<ele>275.399994</ele>
				<time>2026-09-03T13:08:21Z</time>
			</trkpt>
			<trkpt lat="46.288181" lon="15.239142">
				<ele>275.399994</ele>
				<time>2026-09-03T13:08:22Z</time>
			</trkpt>
			<trkpt lat="46.288184" lon="15.239278">
				<ele>275.600006</ele>
				<time>2026-09-03T13:08:23Z</time>
			</trkpt>
			<trkpt lat="46.288187" lon="15.239334">
				<ele>275.799988</ele>
				<time>2026-09-03T13:08:24Z</time>
			</trkpt>
			<trkpt lat="46.288191" lon="15.239392">
				<ele>276</ele>
				<time>2026-09-03T13:08:25Z</time>
			</trkpt>
			<trkpt lat="46.288196" lon="15.239452">
				<ele>276.200012</ele>
				<time>2026-09-03T13:08:26Z</time>
			</trkpt>
			<trkpt lat="46.288205" lon="15.2395">
				<ele>276.200012</ele>
				<time>2026-09-03T13:08:27Z</time>
			</trkpt>
			<trkpt lat="46.288217" lon="15.239564">
				<ele>276.399994</ele>
				<time>2026-09-03T13:08:28Z</time>
			</trkpt>
			<trkpt lat="46.288229" lon="15.239628">
				<ele>276.600006</ele>
				<time>2026-09-03T13:08:29Z</time>
			</trkpt>
			<trkpt lat="46.288242" lon="15.239674">
				<ele>276.600006</ele>
				<time>2026-09-03T13:08:30Z</time>
			</trkpt>
			<trkpt lat="46.288255" lon="15.23972">
				<ele>276.799988</ele>
				<time>2026-09-03T13:08:31Z</time>
			</trkpt>
			<trkpt lat="46.288271" lon="15.239772">
				<ele>277</ele>
				<time>2026-09-03T13:08:32Z</time>
			</trkpt>
			<trkpt lat="46.288286" lon="15.239822">
				<ele>277.200012</ele>
				<time>2026-09-03T13:08:33Z</time>
			</trkpt>
			<trkpt lat="46.288302" lon="15.239874">
				<ele>277.399994</ele>
				<time>2026-09-03T13:08:34Z</time>
			</trkpt>
			<trkpt lat="46.288341" lon="15.239962">
				<ele>277.799988</ele>
				<time>2026-09-03T13:08:35Z</time>
			</trkpt>
			<trkpt lat="46.288367" lon="15.240004">
				<ele>278</ele>
				<time>2026-09-03T13:08:36Z</time>
			</trkpt>
			<trkpt lat="46.288378" lon="15.240046">
				<ele>278.200012</ele>
				<time>2026-09-03T13:08:37Z</time>
			</trkpt>
			<trkpt lat="46.288398" lon="15.240096">
				<ele>278.399994</ele>
				<time>2026-09-03T13:08:38Z</time>
			</trkpt>
			<trkpt lat="46.288419" lon="15.240138">
				<ele>278.399994</ele>
				<time>2026-09-03T13:08:39Z</time>
			</trkpt>
			<trkpt lat="46.288443" lon="15.240176">
				<ele>278.600006</ele>
				<time>2026-09-03T13:08:40Z</time>
			</trkpt>
			<trkpt lat="46.288463" lon="15.240216">
				<ele>278.799988</ele>
				<time>2026-09-03T13:08:41Z</time>
			</trkpt>
			<trkpt lat="46.288486" lon="15.240242">
				<ele>279</ele>
				<time>2026-09-03T13:08:42Z</time>
			</trkpt>
			<trkpt lat="46.288509" lon="15.240288">
				<ele>279.200012</ele>
				<time>2026-09-03T13:08:43Z</time>
			</trkpt>
			<trkpt lat="46.288533" lon="15.240326">
				<ele>279.399994</ele>
				<time>2026-09-03T13:08:44Z</time>
			</trkpt>
			<trkpt lat="46.288567" lon="15.240354">
				<ele>279.399994</ele>
				<time>2026-09-03T13:08:45Z</time>
			</trkpt>
			<trkpt lat="46.288588" lon="15.240386">
				<ele>279.600006</ele>
				<time>2026-09-03T13:08:46Z</time>
			</trkpt>
			<trkpt lat="46.288616" lon="15.240412">
				<ele>279.600006</ele>
				<time>2026-09-03T13:08:47Z</time>
			</trkpt>
			<trkpt lat="46.288676" lon="15.240462">
				<ele>279.799988</ele>
				<time>2026-09-03T13:08:48Z</time>
			</trkpt>
			<trkpt lat="46.288707" lon="15.240484">
				<ele>279.799988</ele>
				<time>2026-09-03T13:08:49Z</time>
			</trkpt>
			<trkpt lat="46.288738" lon="15.240516">
				<ele>280</ele>
				<time>2026-09-03T13:08:50Z</time>
			</trkpt>
			<trkpt lat="46.288772" lon="15.240524">
				<ele>280</ele>
				<time>2026-09-03T13:08:51Z</time>
			</trkpt>
			<trkpt lat="46.288806" lon="15.240542">
				<ele>280</ele>
				<time>2026-09-03T13:08:52Z</time>
			</trkpt>
			<trkpt lat="46.288841" lon="15.240562">
				<ele>280.200012</ele>
				<time>2026-09-03T13:08:53Z</time>
			</trkpt>
			<trkpt lat="46.288878" lon="15.240576">
				<ele>280.200012</ele>
				<time>2026-09-03T13:08:54Z</time>
			</trkpt>
			<trkpt lat="46.288915" lon="15.24058">
				<ele>280.200012</ele>
				<time>2026-09-03T13:08:55Z</time>
			</trkpt>
			<trkpt lat="46.288953" lon="15.240596">
				<ele>280.200012</ele>
				<time>2026-09-03T13:08:56Z</time>
			</trkpt>
			<trkpt lat="46.288983" lon="15.240606">
				<ele>280.200012</ele>
				<time>2026-09-03T13:08:57Z</time>
			</trkpt>
			<trkpt lat="46.289029" lon="15.240638">
				<ele>280.200012</ele>
				<time>2026-09-03T13:08:58Z</time>
			</trkpt>
			<trkpt lat="46.289071" lon="15.240652">
				<ele>280</ele>
				<time>2026-09-03T13:08:59Z</time>
			</trkpt>
			<trkpt lat="46.289116" lon="15.240672">
				<ele>280</ele>
				<time>2026-09-03T13:09:00Z</time>
			</trkpt>
			<trkpt lat="46.289207" lon="15.240734">
				<ele>279.600006</ele>
				<time>2026-09-03T13:09:01Z</time>
			</trkpt>
			<trkpt lat="46.289256" lon="15.240772">
				<ele>279.200012</ele>
				<time>2026-09-03T13:09:02Z</time>
			</trkpt>
			<trkpt lat="46.289307" lon="15.240804">
				<ele>279</ele>
				<time>2026-09-03T13:09:03Z</time>
			</trkpt>
			<trkpt lat="46.289357" lon="15.240834">
				<ele>278.799988</ele>
				<time>2026-09-03T13:09:04Z</time>
			</trkpt>
			<trkpt lat="46.289405" lon="15.24087">
				<ele>278.600006</ele>
				<time>2026-09-03T13:09:05Z</time>
			</trkpt>
			<trkpt lat="46.289451" lon="15.240902">
				<ele>278.600006</ele>
				<time>2026-09-03T13:09:06Z</time>
			</trkpt>
			<trkpt lat="46.289493" lon="15.240946">
				<ele>278.600006</ele>
				<time>2026-09-03T13:09:07Z</time>
			</trkpt>
			<trkpt lat="46.289533" lon="15.240986">
				<ele>278.600006</ele>
				<time>2026-09-03T13:09:08Z</time>
			</trkpt>
			<trkpt lat="46.289572" lon="15.241024">
				<ele>278.600006</ele>
				<time>2026-09-03T13:09:09Z</time>
			</trkpt>
			<trkpt lat="46.289609" lon="15.241068">
				<ele>278.600006</ele>
				<time>2026-09-03T13:09:10Z</time>
			</trkpt>
			<trkpt lat="46.289644" lon="15.241108">
				<ele>278.600006</ele>
				<time>2026-09-03T13:09:11Z</time>
			</trkpt>
			<trkpt lat="46.289679" lon="15.241158">
				<ele>278.399994</ele>
				<time>2026-09-03T13:09:12Z</time>
			</trkpt>
			<trkpt lat="46.289713" lon="15.241206">
				<ele>278.399994</ele>
				<time>2026-09-03T13:09:13Z</time>
			</trkpt>
			<trkpt lat="46.289778" lon="15.241296">
				<ele>278.399994</ele>
				<time>2026-09-03T13:09:14Z</time>
			</trkpt>
			<trkpt lat="46.289811" lon="15.241332">
				<ele>278.399994</ele>
				<time>2026-09-03T13:09:15Z</time>
			</trkpt>
			<trkpt lat="46.289846" lon="15.241372">
				<ele>278.399994</ele>
				<time>2026-09-03T13:09:16Z</time>
			</trkpt>
			<trkpt lat="46.289882" lon="15.241414">
				<ele>278.399994</ele>
				<time>2026-09-03T13:09:17Z</time>
			</trkpt>
			<trkpt lat="46.289915" lon="15.24146">
				<ele>278.600006</ele>
				<time>2026-09-03T13:09:18Z</time>
			</trkpt>
			<trkpt lat="46.289948" lon="15.241506">
				<ele>278.600006</ele>
				<time>2026-09-03T13:09:19Z</time>
			</trkpt>
			<trkpt lat="46.289978" lon="15.241556">
				<ele>278.600006</ele>
				<time>2026-09-03T13:09:20Z</time>
			</trkpt>
			<trkpt lat="46.290011" lon="15.241592">
				<ele>278.600006</ele>
				<time>2026-09-03T13:09:21Z</time>
			</trkpt>
			<trkpt lat="46.290045" lon="15.24164">
				<ele>278.600006</ele>
				<time>2026-09-03T13:09:22Z</time>
			</trkpt>
			<trkpt lat="46.290079" lon="15.241688">
				<ele>278.600006</ele>
				<time>2026-09-03T13:09:23Z</time>
			</trkpt>
			<trkpt lat="46.290114" lon="15.241728">
				<ele>278.600006</ele>
				<time>2026-09-03T13:09:24Z</time>
			</trkpt>
			<trkpt lat="46.290156" lon="15.241772">
				<ele>278.600006</ele>
				<time>2026-09-03T13:09:25Z</time>
			</trkpt>
			<trkpt lat="46.290221" lon="15.241852">
				<ele>278.600006</ele>
				<time>2026-09-03T13:09:26Z</time>
			</trkpt>
			<trkpt lat="46.290253" lon="15.241906">
				<ele>278.600006</ele>
				<time>2026-09-03T13:09:27Z</time>
			</trkpt>
			<trkpt lat="46.290284" lon="15.241948">
				<ele>278.600006</ele>
				<time>2026-09-03T13:09:28Z</time>
			</trkpt>
			<trkpt lat="46.290315" lon="15.24199">
				<ele>278.600006</ele>
				<time>2026-09-03T13:09:29Z</time>
			</trkpt>
			<trkpt lat="46.290344" lon="15.242048">
				<ele>278.600006</ele>
				<time>2026-09-03T13:09:30Z</time>
			</trkpt>
			<trkpt lat="46.290372" lon="15.242094">
				<ele>278.600006</ele>
				<time>2026-09-03T13:09:31Z</time>
			</trkpt>
			<trkpt lat="46.290397" lon="15.242144">
				<ele>278.600006</ele>
				<time>2026-09-03T13:09:32Z</time>
			</trkpt>
			<trkpt lat="46.290421" lon="15.242192">
				<ele>278.600006</ele>
				<time>2026-09-03T13:09:33Z</time>
			</trkpt>
			<trkpt lat="46.290446" lon="15.242242">
				<ele>278.600006</ele>
				<time>2026-09-03T13:09:34Z</time>
			</trkpt>
			<trkpt lat="46.290479" lon="15.242298">
				<ele>278.799988</ele>
				<time>2026-09-03T13:09:35Z</time>
			</trkpt>
			<trkpt lat="46.290496" lon="15.242342">
				<ele>278.799988</ele>
				<time>2026-09-03T13:09:36Z</time>
			</trkpt>
			<trkpt lat="46.290523" lon="15.242386">
				<ele>278.799988</ele>
				<time>2026-09-03T13:09:37Z</time>
			</trkpt>
			<trkpt lat="46.290549" lon="15.242438">
				<ele>278.799988</ele>
				<time>2026-09-03T13:09:38Z</time>
			</trkpt>
			<trkpt lat="46.290605" lon="15.24253">
				<ele>279</ele>
				<time>2026-09-03T13:09:39Z</time>
			</trkpt>
			<trkpt lat="46.290628" lon="15.242576">
				<ele>279</ele>
				<time>2026-09-03T13:09:40Z</time>
			</trkpt>
			<trkpt lat="46.290654" lon="15.242608">
				<ele>279.200012</ele>
				<time>2026-09-03T13:09:41Z</time>
			</trkpt>
			<trkpt lat="46.290677" lon="15.242654">
				<ele>279.399994</ele>
				<time>2026-09-03T13:09:42Z</time>
			</trkpt>
			<trkpt lat="46.290708" lon="15.242706">
				<ele>279.399994</ele>
				<time>2026-09-03T13:09:43Z</time>
			</trkpt>
			<trkpt lat="46.290728" lon="15.242736">
				<ele>279.600006</ele>
				<time>2026-09-03T13:09:44Z</time>
			</trkpt>
			<trkpt lat="46.290763" lon="15.242786">
				<ele>279.799988</ele>
				<time>2026-09-03T13:09:45Z</time>
			</trkpt>
			<trkpt lat="46.290786" lon="15.242822">
				<ele>280</ele>
				<time>2026-09-03T13:09:46Z</time>
			</trkpt>
			<trkpt lat="46.290812" lon="15.242864">
				<ele>280.200012</ele>
				<time>2026-09-03T13:09:47Z</time>
			</trkpt>
			<trkpt lat="46.290839" lon="15.242908">
				<ele>280.200012</ele>
				<time>2026-09-03T13:09:48Z</time>
			</trkpt>
			<trkpt lat="46.290864" lon="15.242938">
				<ele>280.399994</ele>
				<time>2026-09-03T13:09:49Z</time>
			</trkpt>
			<trkpt lat="46.290889" lon="15.242978">
				<ele>280.600006</ele>
				<time>2026-09-03T13:09:50Z</time>
			</trkpt>
			<trkpt lat="46.290915" lon="15.243">
				<ele>280.799988</ele>
				<time>2026-09-03T13:09:51Z</time>
			</trkpt>
			<trkpt lat="46.290961" lon="15.243062">
				<ele>281.200012</ele>
				<time>2026-09-03T13:09:52Z</time>
			</trkpt>
			<trkpt lat="46.290983" lon="15.243096">
				<ele>281.399994</ele>
				<time>2026-09-03T13:09:53Z</time>
			</trkpt>
			<trkpt lat="46.291001" lon="15.243112">
				<ele>281.799988</ele>
				<time>2026-09-03T13:09:54Z</time>
			</trkpt>
			<trkpt lat="46.291025" lon="15.24315">
				<ele>282</ele>
				<time>2026-09-03T13:09:55Z</time>
			</trkpt>
			<trkpt lat="46.291045" lon="15.24317">
				<ele>282.200012</ele>
				<time>2026-09-03T13:09:56Z</time>
			</trkpt>
			<trkpt lat="46.291067" lon="15.243204">
				<ele>282.600006</ele>
				<time>2026-09-03T13:09:57Z</time>
			</trkpt>
			<trkpt lat="46.291089" lon="15.243238">
				<ele>282.799988</ele>
				<time>2026-09-03T13:09:58Z</time>
			</trkpt>
			<trkpt lat="46.291118" lon="15.243256">
				<ele>283.200012</ele>
				<time>2026-09-03T13:10:00Z</time>
			</trkpt>
			<trkpt lat="46.291126" lon="15.243272">
				<ele>283.399994</ele>
				<time>2026-09-03T13:10:01Z</time>
			</trkpt>
			<trkpt lat="46.291151" lon="15.243302">
				<ele>283.600006</ele>
				<time>2026-09-03T13:10:02Z</time>
			</trkpt>
			<trkpt lat="46.291173" lon="15.243326">
				<ele>284</ele>
				<time>2026-09-03T13:10:03Z</time>
			</trkpt>
			<trkpt lat="46.291197" lon="15.243354">
				<ele>284.200012</ele>
				<time>2026-09-03T13:10:05Z</time>
			</trkpt>
			<trkpt lat="46.291211" lon="15.243382">
				<ele>284.600006</ele>
				<time>2026-09-03T13:10:07Z</time>
			</trkpt>
			<trkpt lat="46.291233" lon="15.243406">
				<ele>284.799988</ele>
				<time>2026-09-03T13:10:09Z</time>
			</trkpt>
			<trkpt lat="46.291252" lon="15.243424">
				<ele>285</ele>
				<time>2026-09-03T13:10:11Z</time>
			</trkpt>
			<trkpt lat="46.291269" lon="15.243448">
				<ele>285.399994</ele>
				<time>2026-09-03T13:10:13Z</time>
			</trkpt>
			<trkpt lat="46.291293" lon="15.243466">
				<ele>285.600006</ele>
				<time>2026-09-03T13:10:16Z</time>
			</trkpt>
			<trkpt lat="46.291313" lon="15.243496">
				<ele>285.799988</ele>
				<time>2026-09-03T13:10:17Z</time>
			</trkpt>
			<trkpt lat="46.291333" lon="15.243516">
				<ele>286.200012</ele>
				<time>2026-09-03T13:10:20Z</time>
			</trkpt>
			<trkpt lat="46.291351" lon="15.243542">
				<ele>286.399994</ele>
				<time>2026-09-03T13:10:22Z</time>
			</trkpt>
			<trkpt lat="46.291371" lon="15.243562">
				<ele>286.600006</ele>
				<time>2026-09-03T13:10:24Z</time>
			</trkpt>
			<trkpt lat="46.291392" lon="15.243584">
				<ele>287</ele>
				<time>2026-09-03T13:10:27Z</time>
			</trkpt>
			<trkpt lat="46.291414" lon="15.243608">
				<ele>287.399994</ele>
				<time>2026-09-03T13:10:29Z</time>
			</trkpt>
			<trkpt lat="46.291434" lon="15.243628">
				<ele>287.600006</ele>
				<time>2026-09-03T13:10:31Z</time>
			</trkpt>
			<trkpt lat="46.291456" lon="15.243642">
				<ele>287.799988</ele>
				<time>2026-09-03T13:10:33Z</time>
			</trkpt>
			<trkpt lat="46.291478" lon="15.243676">
				<ele>288</ele>
				<time>2026-09-03T13:10:36Z</time>
			</trkpt>
			<trkpt lat="46.291494" lon="15.243688">
				<ele>288.399994</ele>
				<time>2026-09-03T13:10:38Z</time>
			</trkpt>
			<trkpt lat="46.291514" lon="15.243708">
				<ele>288.600006</ele>
				<time>2026-09-03T13:10:40Z</time>
			</trkpt>
			<trkpt lat="46.291535" lon="15.24372">
				<ele>289</ele>
				<time>2026-09-03T13:10:42Z</time>
			</trkpt>
			<trkpt lat="46.291557" lon="15.243734">
				<ele>289.200012</ele>
				<time>2026-09-03T13:10:44Z</time>
			</trkpt>
			<trkpt lat="46.291578" lon="15.243756">
				<ele>289.399994</ele>
				<time>2026-09-03T13:10:47Z</time>
			</trkpt>
			<trkpt lat="46.291598" lon="15.243776">
				<ele>289.799988</ele>
				<time>2026-09-03T13:10:50Z</time>
			</trkpt>
			<trkpt lat="46.291622" lon="15.243794">
				<ele>290</ele>
				<time>2026-09-03T13:10:53Z</time>
			</trkpt>
			<trkpt lat="46.291639" lon="15.243818">
				<ele>290.399994</ele>
				<time>2026-09-03T13:10:55Z</time>
			</trkpt>
			<trkpt lat="46.291656" lon="15.243842">
				<ele>290.799988</ele>
				<time>2026-09-03T13:10:58Z</time>
			</trkpt>
			<trkpt lat="46.291674" lon="15.243868">
				<ele>291.200012</ele>
				<time>2026-09-03T13:11:01Z</time>
			</trkpt>
			<trkpt lat="46.291695" lon="15.24388">
				<ele>291.399994</ele>
				<time>2026-09-03T13:11:04Z</time>
			</trkpt>
			<trkpt lat="46.291716" lon="15.243892">
				<ele>291.799988</ele>
				<time>2026-09-03T13:11:07Z</time>
			</trkpt>
			<trkpt lat="46.291735" lon="15.24391">
				<ele>292</ele>
				<time>2026-09-03T13:11:09Z</time>
			</trkpt>
			<trkpt lat="46.291752" lon="15.243934">
				<ele>292.200012</ele>
				<time>2026-09-03T13:11:13Z</time>
			</trkpt>
			<trkpt lat="46.291774" lon="15.243958">
				<ele>292.399994</ele>
				<time>2026-09-03T13:11:16Z</time>
			</trkpt>
			<trkpt lat="46.291792" lon="15.243974">
				<ele>292.600006</ele>
				<time>2026-09-03T13:11:19Z</time>
			</trkpt>
			<trkpt lat="46.291807" lon="15.243994">
				<ele>292.799988</ele>
				<time>2026-09-03T13:11:20Z</time>
			</trkpt>
			<trkpt lat="46.291826" lon="15.244002">
				<ele>293</ele>
				<time>2026-09-03T13:11:22Z</time>
			</trkpt>
			<trkpt lat="46.291846" lon="15.244022">
				<ele>293.200012</ele>
				<time>2026-09-03T13:11:24Z</time>
			</trkpt>
			<trkpt lat="46.291864" lon="15.244038">
				<ele>293.600006</ele>
				<time>2026-09-03T13:11:25Z</time>
			</trkpt>
			<trkpt lat="46.291884" lon="15.244058">
				<ele>293.799988</ele>
				<time>2026-09-03T13:11:27Z</time>
			</trkpt>
			<trkpt lat="46.291906" lon="15.244072">
				<ele>294.200012</ele>
				<time>2026-09-03T13:11:29Z</time>
			</trkpt>
			<trkpt lat="46.291927" lon="15.244094">
				<ele>294.399994</ele>
				<time>2026-09-03T13:11:31Z</time>
			</trkpt>
			<trkpt lat="46.291948" lon="15.244116">
				<ele>294.600006</ele>
				<time>2026-09-03T13:11:33Z</time>
			</trkpt>
			<trkpt lat="46.291953" lon="15.244136">
				<ele>294.799988</ele>
				<time>2026-09-03T13:11:34Z</time>
			</trkpt>
			<trkpt lat="46.291973" lon="15.244156">
				<ele>295.200012</ele>
				<time>2026-09-03T13:11:36Z</time>
			</trkpt>
			<trkpt lat="46.291992" lon="15.244164">
				<ele>295.399994</ele>
				<time>2026-09-03T13:11:38Z</time>
			</trkpt>
			<trkpt lat="46.292007" lon="15.244184">
				<ele>295.799988</ele>
				<time>2026-09-03T13:11:40Z</time>
			</trkpt>
			<trkpt lat="46.292025" lon="15.24419">
				<ele>296</ele>
				<time>2026-09-03T13:11:42Z</time>
			</trkpt>
			<trkpt lat="46.292041" lon="15.244212">
				<ele>296.200012</ele>
				<time>2026-09-03T13:11:45Z</time>
			</trkpt>
			<trkpt lat="46.292063" lon="15.244236">
				<ele>296.399994</ele>
				<time>2026-09-03T13:11:48Z</time>
			</trkpt>
			<trkpt lat="46.292074" lon="15.244258">
				<ele>296.799988</ele>
				<time>2026-09-03T13:11:50Z</time>
			</trkpt>
			<trkpt lat="46.292089" lon="15.244278">
				<ele>297</ele>
				<time>2026-09-03T13:11:53Z</time>
			</trkpt>
			<trkpt lat="46.292109" lon="15.244288">
				<ele>297</ele>
				<time>2026-09-03T13:11:55Z</time>
			</trkpt>
			<trkpt lat="46.292116" lon="15.244312">
				<ele>297.200012</ele>
				<time>2026-09-03T13:11:57Z</time>
			</trkpt>
			<trkpt lat="46.292127" lon="15.244324">
				<ele>297.399994</ele>
				<time>2026-09-03T13:11:58Z</time>
			</trkpt>
			<trkpt lat="46.292147" lon="15.244344">
				<ele>297.799988</ele>
				<time>2026-09-03T13:12:00Z</time>
			</trkpt>
			<trkpt lat="46.292153" lon="15.244366">
				<ele>298</ele>
				<time>2026-09-03T13:12:02Z</time>
			</trkpt>
			<trkpt lat="46.292166" lon="15.244382">
				<ele>298.200012</ele>
				<time>2026-09-03T13:12:04Z</time>
			</trkpt>
			<trkpt lat="46.292187" lon="15.244404">
				<ele>298.600006</ele>
				<time>2026-09-03T13:12:07Z</time>
			</trkpt>
			<trkpt lat="46.292192" lon="15.244424">
				<ele>298.799988</ele>
				<time>2026-09-03T13:12:08Z</time>
			</trkpt>
			<trkpt lat="46.292196" lon="15.244442">
				<ele>299</ele>
				<time>2026-09-03T13:12:09Z</time>
			</trkpt>
			<trkpt lat="46.292204" lon="15.244478">
				<ele>299.200012</ele>
				<time>2026-09-03T13:12:11Z</time>
			</trkpt>
			<trkpt lat="46.292206" lon="15.244492">
				<ele>299.399994</ele>
				<time>2026-09-03T13:12:12Z</time>
			</trkpt>
			<trkpt lat="46.292217" lon="15.244524">
				<ele>299.600006</ele>
				<time>2026-09-03T13:12:15Z</time>
			</trkpt>
			<trkpt lat="46.292228" lon="15.244546">
				<ele>299.799988</ele>
				<time>2026-09-03T13:12:18Z</time>
			</trkpt>
			<trkpt lat="46.292232" lon="15.244574">
				<ele>300</ele>
				<time>2026-09-03T13:12:20Z</time>
			</trkpt>
			<trkpt lat="46.292239" lon="15.244598">
				<ele>300.200012</ele>
				<time>2026-09-03T13:12:23Z</time>
			</trkpt>
			<trkpt lat="46.292245" lon="15.24462">
				<ele>300.399994</ele>
				<time>2026-09-03T13:12:24Z</time>
			</trkpt>
			<trkpt lat="46.292253" lon="15.244646">
				<ele>300.600006</ele>
				<time>2026-09-03T13:12:26Z</time>
			</trkpt>
			<trkpt lat="46.292259" lon="15.244678">
				<ele>300.799988</ele>
				<time>2026-09-03T13:12:29Z</time>
			</trkpt>
			<trkpt lat="46.292267" lon="15.244694">
				<ele>300.799988</ele>
				<time>2026-09-03T13:12:31Z</time>
			</trkpt>
			<trkpt lat="46.292272" lon="15.244714">
				<ele>301</ele>
				<time>2026-09-03T13:12:32Z</time>
			</trkpt>
			<trkpt lat="46.292274" lon="15.244748">
				<ele>301.200012</ele>
				<time>2026-09-03T13:12:34Z</time>
			</trkpt>
			<trkpt lat="46.292272" lon="15.244764">
				<ele>301.399994</ele>
				<time>2026-09-03T13:12:35Z</time>
			</trkpt>
			<trkpt lat="46.292273" lon="15.244796">
				<ele>301.600006</ele>
				<time>2026-09-03T13:12:36Z</time>
			</trkpt>
			<trkpt lat="46.292285" lon="15.24484">
				<ele>301.799988</ele>
				<time>2026-09-03T13:12:37Z</time>
			</trkpt>
			<trkpt lat="46.292294" lon="15.244878">
				<ele>302</ele>
				<time>2026-09-03T13:12:39Z</time>
			</trkpt>
			<trkpt lat="46.292303" lon="15.244906">
				<ele>302.200012</ele>
				<time>2026-09-03T13:12:40Z</time>
			</trkpt>
			<trkpt lat="46.292311" lon="15.244922">
				<ele>302.399994</ele>
				<time>2026-09-03T13:12:41Z</time>
			</trkpt>
			<trkpt lat="46.292318" lon="15.244956">
				<ele>302.600006</ele>
				<time>2026-09-03T13:12:43Z</time>
			</trkpt>
			<trkpt lat="46.292325" lon="15.24497">
				<ele>302.799988</ele>
				<time>2026-09-03T13:12:44Z</time>
			</trkpt>
			<trkpt lat="46.292334" lon="15.245008">
				<ele>303</ele>
				<time>2026-09-03T13:12:46Z</time>
			</trkpt>
			<trkpt lat="46.292341" lon="15.245022">
				<ele>303</ele>
				<time>2026-09-03T13:12:47Z</time>
			</trkpt>
			<trkpt lat="46.292351" lon="15.245052">
				<ele>303.200012</ele>
				<time>2026-09-03T13:12:48Z</time>
			</trkpt>
			<trkpt lat="46.292364" lon="15.245078">
				<ele>303.399994</ele>
				<time>2026-09-03T13:12:49Z</time>
			</trkpt>
			<trkpt lat="46.292389" lon="15.245118">
				<ele>303.600006</ele>
				<time>2026-09-03T13:12:50Z</time>
			</trkpt>
			<trkpt lat="46.292403" lon="15.245136">
				<ele>303.600006</ele>
				<time>2026-09-03T13:12:51Z</time>
			</trkpt>
			<trkpt lat="46.292415" lon="15.24515">
				<ele>303.799988</ele>
				<time>2026-09-03T13:12:52Z</time>
			</trkpt>
			<trkpt lat="46.292425" lon="15.24518">
				<ele>303.799988</ele>
				<time>2026-09-03T13:12:53Z</time>
			</trkpt>
			<trkpt lat="46.292435" lon="15.2452">
				<ele>304</ele>
				<time>2026-09-03T13:12:54Z</time>
			</trkpt>
			<trkpt lat="46.292447" lon="15.245224">
				<ele>304</ele>
				<time>2026-09-03T13:12:55Z</time>
			</trkpt>
			<trkpt lat="46.292461" lon="15.245242">
				<ele>304</ele>
				<time>2026-09-03T13:12:56Z</time>
			</trkpt>
			<trkpt lat="46.292474" lon="15.245268">
				<ele>304.200012</ele>
				<time>2026-09-03T13:12:57Z</time>
			</trkpt>
			<trkpt lat="46.292492" lon="15.245284">
				<ele>304.200012</ele>
				<time>2026-09-03T13:12:58Z</time>
			</trkpt>
			<trkpt lat="46.292512" lon="15.245304">
				<ele>304.200012</ele>
				<time>2026-09-03T13:12:59Z</time>
			</trkpt>
			<trkpt lat="46.292532" lon="15.245324">
				<ele>304.200012</ele>
				<time>2026-09-03T13:13:00Z</time>
			</trkpt>
			<trkpt lat="46.292553" lon="15.245356">
				<ele>304.399994</ele>
				<time>2026-09-03T13:13:01Z</time>
			</trkpt>
			<trkpt lat="46.292592" lon="15.245404">
				<ele>304.399994</ele>
				<time>2026-09-03T13:13:02Z</time>
			</trkpt>
			<trkpt lat="46.292614" lon="15.245438">
				<ele>304.399994</ele>
				<time>2026-09-03T13:13:03Z</time>
			</trkpt>
			<trkpt lat="46.292636" lon="15.245462">
				<ele>304.399994</ele>
				<time>2026-09-03T13:13:04Z</time>
			</trkpt>
			<trkpt lat="46.292658" lon="15.245496">
				<ele>304.399994</ele>
				<time>2026-09-03T13:13:05Z</time>
			</trkpt>
			<trkpt lat="46.292683" lon="15.245526">
				<ele>304.600006</ele>
				<time>2026-09-03T13:13:06Z</time>
			</trkpt>
			<trkpt lat="46.292711" lon="15.245562">
				<ele>304.600006</ele>
				<time>2026-09-03T13:13:07Z</time>
			</trkpt>
			<trkpt lat="46.292739" lon="15.245598">
				<ele>304.600006</ele>
				<time>2026-09-03T13:13:08Z</time>
			</trkpt>
			<trkpt lat="46.292766" lon="15.245622">
				<ele>304.600006</ele>
				<time>2026-09-03T13:13:09Z</time>
			</trkpt>
			<trkpt lat="46.292794" lon="15.245658">
				<ele>304.399994</ele>
				<time>2026-09-03T13:13:10Z</time>
			</trkpt>
			<trkpt lat="46.292822" lon="15.245684">
				<ele>304.399994</ele>
				<time>2026-09-03T13:13:11Z</time>
			</trkpt>
			<trkpt lat="46.292846" lon="15.245722">
				<ele>304.399994</ele>
				<time>2026-09-03T13:13:12Z</time>
			</trkpt>
			<trkpt lat="46.292872" lon="15.245754">
				<ele>304.399994</ele>
				<time>2026-09-03T13:13:13Z</time>
			</trkpt>
			<trkpt lat="46.292898" lon="15.245796">
				<ele>304.399994</ele>
				<time>2026-09-03T13:13:14Z</time>
			</trkpt>
			<trkpt lat="46.292948" lon="15.245866">
				<ele>304.399994</ele>
				<time>2026-09-03T13:13:15Z</time>
			</trkpt>
			<trkpt lat="46.292972" lon="15.245894">
				<ele>304.399994</ele>
				<time>2026-09-03T13:13:16Z</time>
			</trkpt>
			<trkpt lat="46.292998" lon="15.245936">
				<ele>304.200012</ele>
				<time>2026-09-03T13:13:17Z</time>
			</trkpt>
			<trkpt lat="46.293014" lon="15.245958">
				<ele>304.200012</ele>
				<time>2026-09-03T13:13:18Z</time>
			</trkpt>
			<trkpt lat="46.293031" lon="15.245972">
				<ele>304.399994</ele>
				<time>2026-09-03T13:13:19Z</time>
			</trkpt>
			<trkpt lat="46.293051" lon="15.246002">
				<ele>304.399994</ele>
				<time>2026-09-03T13:13:20Z</time>
			</trkpt>
			<trkpt lat="46.293069" lon="15.246028">
				<ele>304.399994</ele>
				<time>2026-09-03T13:13:21Z</time>
			</trkpt>
			<trkpt lat="46.293088" lon="15.246046">
				<ele>304.399994</ele>
				<time>2026-09-03T13:13:22Z</time>
			</trkpt>
			<trkpt lat="46.293119" lon="15.246078">
				<ele>304.399994</ele>
				<time>2026-09-03T13:13:23Z</time>
			</trkpt>
			<trkpt lat="46.293134" lon="15.246108">
				<ele>304.399994</ele>
				<time>2026-09-03T13:13:24Z</time>
			</trkpt>
			<trkpt lat="46.293156" lon="15.246132">
				<ele>304.399994</ele>
				<time>2026-09-03T13:13:25Z</time>
			</trkpt>
			<trkpt lat="46.293178" lon="15.246176">
				<ele>304.600006</ele>
				<time>2026-09-03T13:13:26Z</time>
			</trkpt>
			<trkpt lat="46.293209" lon="15.246218">
				<ele>304.600006</ele>
				<time>2026-09-03T13:13:27Z</time>
			</trkpt>
			<trkpt lat="46.293255" lon="15.24626">
				<ele>304.600006</ele>
				<time>2026-09-03T13:13:28Z</time>
			</trkpt>
			<trkpt lat="46.293282" lon="15.246304">
				<ele>304.600006</ele>
				<time>2026-09-03T13:13:29Z</time>
			</trkpt>
			<trkpt lat="46.293311" lon="15.246332">
				<ele>304.600006</ele>
				<time>2026-09-03T13:13:30Z</time>
			</trkpt>
			<trkpt lat="46.293342" lon="15.246364">
				<ele>304.600006</ele>
				<time>2026-09-03T13:13:31Z</time>
			</trkpt>
			<trkpt lat="46.293374" lon="15.246408">
				<ele>304.399994</ele>
				<time>2026-09-03T13:13:32Z</time>
			</trkpt>
			<trkpt lat="46.293406" lon="15.246452">
				<ele>304.399994</ele>
				<time>2026-09-03T13:13:33Z</time>
			</trkpt>
			<trkpt lat="46.293448" lon="15.246516">
				<ele>304.200012</ele>
				<time>2026-09-03T13:13:34Z</time>
			</trkpt>
			<trkpt lat="46.293477" lon="15.246554">
				<ele>304</ele>
				<time>2026-09-03T13:13:35Z</time>
			</trkpt>
			<trkpt lat="46.293514" lon="15.246608">
				<ele>303.799988</ele>
				<time>2026-09-03T13:13:36Z</time>
			</trkpt>
			<trkpt lat="46.293554" lon="15.246648">
				<ele>303.600006</ele>
				<time>2026-09-03T13:13:37Z</time>
			</trkpt>
			<trkpt lat="46.293596" lon="15.246692">
				<ele>303.399994</ele>
				<time>2026-09-03T13:13:38Z</time>
			</trkpt>
			<trkpt lat="46.293637" lon="15.246754">
				<ele>303.200012</ele>
				<time>2026-09-03T13:13:39Z</time>
			</trkpt>
			<trkpt lat="46.293724" lon="15.246858">
				<ele>302.799988</ele>
				<time>2026-09-03T13:13:40Z</time>
			</trkpt>
			<trkpt lat="46.293772" lon="15.246914">
				<ele>302.600006</ele>
				<time>2026-09-03T13:13:41Z</time>
			</trkpt>
			<trkpt lat="46.293825" lon="15.24696">
				<ele>302.200012</ele>
				<time>2026-09-03T13:13:42Z</time>
			</trkpt>
			<trkpt lat="46.293882" lon="15.247024">
				<ele>301.799988</ele>
				<time>2026-09-03T13:13:43Z</time>
			</trkpt>
			<trkpt lat="46.293942" lon="15.247074">
				<ele>301.600006</ele>
				<time>2026-09-03T13:13:44Z</time>
			</trkpt>
			<trkpt lat="46.294005" lon="15.24712">
				<ele>301.200012</ele>
				<time>2026-09-03T13:13:45Z</time>
			</trkpt>
			<trkpt lat="46.294071" lon="15.247172">
				<ele>300.799988</ele>
				<time>2026-09-03T13:13:46Z</time>
			</trkpt>
			<trkpt lat="46.294157" lon="15.247224">
				<ele>300.399994</ele>
				<time>2026-09-03T13:13:47Z</time>
			</trkpt>
			<trkpt lat="46.294216" lon="15.247262">
				<ele>299.799988</ele>
				<time>2026-09-03T13:13:48Z</time>
			</trkpt>
			<trkpt lat="46.294294" lon="15.247318">
				<ele>299.399994</ele>
				<time>2026-09-03T13:13:49Z</time>
			</trkpt>
			<trkpt lat="46.294368" lon="15.247356">
				<ele>298.799988</ele>
				<time>2026-09-03T13:13:50Z</time>
			</trkpt>
			<trkpt lat="46.294447" lon="15.247404">
				<ele>298.399994</ele>
				<time>2026-09-03T13:13:51Z</time>
			</trkpt>
			<trkpt lat="46.294527" lon="15.247444">
				<ele>298</ele>
				<time>2026-09-03T13:13:52Z</time>
			</trkpt>
			<trkpt lat="46.294696" lon="15.247522">
				<ele>297</ele>
				<time>2026-09-03T13:13:53Z</time>
			</trkpt>
			<trkpt lat="46.294784" lon="15.247558">
				<ele>296.600006</ele>
				<time>2026-09-03T13:13:54Z</time>
			</trkpt>
			<trkpt lat="46.294877" lon="15.247574">
				<ele>296.200012</ele>
				<time>2026-09-03T13:13:55Z</time>
			</trkpt>
			<trkpt lat="46.294957" lon="15.247584">
				<ele>296</ele>
				<time>2026-09-03T13:13:56Z</time>
			</trkpt>
			<trkpt lat="46.295042" lon="15.247594">
				<ele>295.799988</ele>
				<time>2026-09-03T13:13:57Z</time>
			</trkpt>
			<trkpt lat="46.295127" lon="15.247594">
				<ele>295.399994</ele>
				<time>2026-09-03T13:13:58Z</time>
			</trkpt>
			<trkpt lat="46.295211" lon="15.247592">
				<ele>295.200012</ele>
				<time>2026-09-03T13:13:59Z</time>
			</trkpt>
			<trkpt lat="46.295292" lon="15.247594">
				<ele>295.200012</ele>
				<time>2026-09-03T13:14:00Z</time>
			</trkpt>
			<trkpt lat="46.295371" lon="15.247592">
				<ele>295</ele>
				<time>2026-09-03T13:14:01Z</time>
			</trkpt>
			<trkpt lat="46.295449" lon="15.247608">
				<ele>294.799988</ele>
				<time>2026-09-03T13:14:02Z</time>
			</trkpt>
			<trkpt lat="46.295526" lon="15.247602">
				<ele>294.799988</ele>
				<time>2026-09-03T13:14:03Z</time>
			</trkpt>
			<trkpt lat="46.295604" lon="15.247608">
				<ele>294.600006</ele>
				<time>2026-09-03T13:14:04Z</time>
			</trkpt>
			<trkpt lat="46.295682" lon="15.247614">
				<ele>294.600006</ele>
				<time>2026-09-03T13:14:05Z</time>
			</trkpt>
			<trkpt lat="46.295843" lon="15.247606">
				<ele>293.799988</ele>
				<time>2026-09-03T13:14:06Z</time>
			</trkpt>
			<trkpt lat="46.295933" lon="15.247606">
				<ele>293.399994</ele>
				<time>2026-09-03T13:14:07Z</time>
			</trkpt>
			<trkpt lat="46.296021" lon="15.247622">
				<ele>292.600006</ele>
				<time>2026-09-03T13:14:09Z</time>
			</trkpt>
			<trkpt lat="46.296107" lon="15.247664">
				<ele>292</ele>
				<time>2026-09-03T13:14:10Z</time>
			</trkpt>
			<trkpt lat="46.296181" lon="15.247742">
				<ele>291.600006</ele>
				<time>2026-09-03T13:14:11Z</time>
			</trkpt>
			<trkpt lat="46.296231" lon="15.247842">
				<ele>291.200012</ele>
				<time>2026-09-03T13:14:12Z</time>
			</trkpt>
			<trkpt lat="46.296253" lon="15.247986">
				<ele>290.799988</ele>
				<time>2026-09-03T13:14:13Z</time>
			</trkpt>
			<trkpt lat="46.296251" lon="15.248072">
				<ele>290.799988</ele>
				<time>2026-09-03T13:14:14Z</time>
			</trkpt>
			<trkpt lat="46.296244" lon="15.248198">
				<ele>290.600006</ele>
				<time>2026-09-03T13:14:15Z</time>
			</trkpt>
			<trkpt lat="46.296221" lon="15.248302">
				<ele>290.600006</ele>
				<time>2026-09-03T13:14:16Z</time>
			</trkpt>
			<trkpt lat="46.296203" lon="15.248406">
				<ele>290.600006</ele>
				<time>2026-09-03T13:14:17Z</time>
			</trkpt>
			<trkpt lat="46.296178" lon="15.248596">
				<ele>290.799988</ele>
				<time>2026-09-03T13:14:18Z</time>
			</trkpt>
			<trkpt lat="46.296156" lon="15.248682">
				<ele>291.200012</ele>
				<time>2026-09-03T13:14:19Z</time>
			</trkpt>
			<trkpt lat="46.296142" lon="15.248774">
				<ele>291.399994</ele>
				<time>2026-09-03T13:14:20Z</time>
			</trkpt>
			<trkpt lat="46.296128" lon="15.248856">
				<ele>291.600006</ele>
				<time>2026-09-03T13:14:21Z</time>
			</trkpt>
			<trkpt lat="46.296114" lon="15.248938">
				<ele>291.799988</ele>
				<time>2026-09-03T13:14:22Z</time>
			</trkpt>
			<trkpt lat="46.296103" lon="15.249016">
				<ele>292.200012</ele>
				<time>2026-09-03T13:14:23Z</time>
			</trkpt>
			<trkpt lat="46.296096" lon="15.249082">
				<ele>292.399994</ele>
				<time>2026-09-03T13:14:24Z</time>
			</trkpt>
			<trkpt lat="46.296086" lon="15.249152">
				<ele>292.799988</ele>
				<time>2026-09-03T13:14:25Z</time>
			</trkpt>
			<trkpt lat="46.296078" lon="15.249216">
				<ele>293.200012</ele>
				<time>2026-09-03T13:14:26Z</time>
			</trkpt>
			<trkpt lat="46.296069" lon="15.249288">
				<ele>293.399994</ele>
				<time>2026-09-03T13:14:27Z</time>
			</trkpt>
			<trkpt lat="46.296061" lon="15.249342">
				<ele>293.600006</ele>
				<time>2026-09-03T13:14:28Z</time>
			</trkpt>
			<trkpt lat="46.296052" lon="15.249404">
				<ele>293.799988</ele>
				<time>2026-09-03T13:14:29Z</time>
			</trkpt>
			<trkpt lat="46.296043" lon="15.249466">
				<ele>294</ele>
				<time>2026-09-03T13:14:30Z</time>
			</trkpt>
			<trkpt lat="46.296035" lon="15.24952">
				<ele>294.200012</ele>
				<time>2026-09-03T13:14:31Z</time>
			</trkpt>
			<trkpt lat="46.296029" lon="15.249588">
				<ele>294.399994</ele>
				<time>2026-09-03T13:14:32Z</time>
			</trkpt>
			<trkpt lat="46.296023" lon="15.249646">
				<ele>294.600006</ele>
				<time>2026-09-03T13:14:33Z</time>
			</trkpt>
			<trkpt lat="46.296015" lon="15.2497">
				<ele>294.799988</ele>
				<time>2026-09-03T13:14:34Z</time>
			</trkpt>
			<trkpt lat="46.296005" lon="15.24975">
				<ele>295</ele>
				<time>2026-09-03T13:14:35Z</time>
			</trkpt>
			<trkpt lat="46.295995" lon="15.24981">
				<ele>295</ele>
				<time>2026-09-03T13:14:36Z</time>
			</trkpt>
			<trkpt lat="46.295985" lon="15.24987">
				<ele>295.200012</ele>
				<time>2026-09-03T13:14:37Z</time>
			</trkpt>
			<trkpt lat="46.295978" lon="15.249926">
				<ele>295.399994</ele>
				<time>2026-09-03T13:14:38Z</time>
			</trkpt>
			<trkpt lat="46.295969" lon="15.249988">
				<ele>295.600006</ele>
				<time>2026-09-03T13:14:39Z</time>
			</trkpt>
			<trkpt lat="46.295962" lon="15.250044">
				<ele>295.799988</ele>
				<time>2026-09-03T13:14:40Z</time>
			</trkpt>
			<trkpt lat="46.295957" lon="15.250094">
				<ele>296</ele>
				<time>2026-09-03T13:14:41Z</time>
			</trkpt>
			<trkpt lat="46.295957" lon="15.250154">
				<ele>296.200012</ele>
				<time>2026-09-03T13:14:42Z</time>
			</trkpt>
			<trkpt lat="46.295944" lon="15.250198">
				<ele>296.200012</ele>
				<time>2026-09-03T13:14:43Z</time>
			</trkpt>
			<trkpt lat="46.295929" lon="15.250298">
				<ele>296.600006</ele>
				<time>2026-09-03T13:14:44Z</time>
			</trkpt>
			<trkpt lat="46.295922" lon="15.250354">
				<ele>296.799988</ele>
				<time>2026-09-03T13:14:45Z</time>
			</trkpt>
			<trkpt lat="46.295918" lon="15.250396">
				<ele>297</ele>
				<time>2026-09-03T13:14:46Z</time>
			</trkpt>
			<trkpt lat="46.295911" lon="15.250442">
				<ele>297.200012</ele>
				<time>2026-09-03T13:14:47Z</time>
			</trkpt>
			<trkpt lat="46.295901" lon="15.250492">
				<ele>297.399994</ele>
				<time>2026-09-03T13:14:48Z</time>
			</trkpt>
			<trkpt lat="46.295892" lon="15.250544">
				<ele>297.600006</ele>
				<time>2026-09-03T13:14:49Z</time>
			</trkpt>
			<trkpt lat="46.295885" lon="15.2506">
				<ele>297.799988</ele>
				<time>2026-09-03T13:14:51Z</time>
			</trkpt>
			<trkpt lat="46.295881" lon="15.250642">
				<ele>297.799988</ele>
				<time>2026-09-03T13:14:52Z</time>
			</trkpt>
			<trkpt lat="46.295874" lon="15.250698">
				<ele>298</ele>
				<time>2026-09-03T13:14:53Z</time>
			</trkpt>
			<trkpt lat="46.295868" lon="15.250746">
				<ele>298.200012</ele>
				<time>2026-09-03T13:14:54Z</time>
			</trkpt>
			<trkpt lat="46.295861" lon="15.250792">
				<ele>298.399994</ele>
				<time>2026-09-03T13:14:55Z</time>
			</trkpt>
			<trkpt lat="46.295853" lon="15.250846">
				<ele>298.600006</ele>
				<time>2026-09-03T13:14:56Z</time>
			</trkpt>
			<trkpt lat="46.295837" lon="15.250944">
				<ele>298.799988</ele>
				<time>2026-09-03T13:14:57Z</time>
			</trkpt>
			<trkpt lat="46.295831" lon="15.250992">
				<ele>299</ele>
				<time>2026-09-03T13:14:58Z</time>
			</trkpt>
			<trkpt lat="46.295826" lon="15.251042">
				<ele>299.200012</ele>
				<time>2026-09-03T13:14:59Z</time>
			</trkpt>
			<trkpt lat="46.295821" lon="15.251092">
				<ele>299.399994</ele>
				<time>2026-09-03T13:15:00Z</time>
			</trkpt>
			<trkpt lat="46.295816" lon="15.251142">
				<ele>299.600006</ele>
				<time>2026-09-03T13:15:01Z</time>
			</trkpt>
			<trkpt lat="46.295811" lon="15.251192">
				<ele>299.799988</ele>
				<time>2026-09-03T13:15:02Z</time>
			</trkpt>
			<trkpt lat="46.295802" lon="15.251234">
				<ele>300</ele>
				<time>2026-09-03T13:15:03Z</time>
			</trkpt>
			<trkpt lat="46.295794" lon="15.251288">
				<ele>300.200012</ele>
				<time>2026-09-03T13:15:04Z</time>
			</trkpt>
			<trkpt lat="46.295786" lon="15.251322">
				<ele>300.399994</ele>
				<time>2026-09-03T13:15:05Z</time>
			</trkpt>
			<trkpt lat="46.295779" lon="15.251378">
				<ele>300.600006</ele>
				<time>2026-09-03T13:15:06Z</time>
			</trkpt>
			<trkpt lat="46.295774" lon="15.251428">
				<ele>300.600006</ele>
				<time>2026-09-03T13:15:07Z</time>
			</trkpt>
			<trkpt lat="46.295777" lon="15.251474">
				<ele>300.600006</ele>
				<time>2026-09-03T13:15:08Z</time>
			</trkpt>
			<trkpt lat="46.295761" lon="15.251562">
				<ele>301</ele>
				<time>2026-09-03T13:15:09Z</time>
			</trkpt>
			<trkpt lat="46.295754" lon="15.251618">
				<ele>301</ele>
				<time>2026-09-03T13:15:10Z</time>
			</trkpt>
			<trkpt lat="46.295745" lon="15.25166">
				<ele>301.200012</ele>
				<time>2026-09-03T13:15:11Z</time>
			</trkpt>
			<trkpt lat="46.295737" lon="15.251714">
				<ele>301.200012</ele>
				<time>2026-09-03T13:15:12Z</time>
			</trkpt>
			<trkpt lat="46.295731" lon="15.251752">
				<ele>301.399994</ele>
				<time>2026-09-03T13:15:13Z</time>
			</trkpt>
			<trkpt lat="46.295726" lon="15.251802">
				<ele>301.399994</ele>
				<time>2026-09-03T13:15:14Z</time>
			</trkpt>
			<trkpt lat="46.295721" lon="15.251852">
				<ele>301.600006</ele>
				<time>2026-09-03T13:15:15Z</time>
			</trkpt>
			<trkpt lat="46.295714" lon="15.251898">
				<ele>301.799988</ele>
				<time>2026-09-03T13:15:16Z</time>
			</trkpt>
			<trkpt lat="46.295709" lon="15.251948">
				<ele>302</ele>
				<time>2026-09-03T13:15:17Z</time>
			</trkpt>
			<trkpt lat="46.295705" lon="15.25198">
				<ele>302</ele>
				<time>2026-09-03T13:15:18Z</time>
			</trkpt>
			<trkpt lat="46.295701" lon="15.252032">
				<ele>302.200012</ele>
				<time>2026-09-03T13:15:19Z</time>
			</trkpt>
			<trkpt lat="46.295695" lon="15.25208">
				<ele>302.200012</ele>
				<time>2026-09-03T13:15:20Z</time>
			</trkpt>
			<trkpt lat="46.295688" lon="15.252136">
				<ele>302.200012</ele>
				<time>2026-09-03T13:15:21Z</time>
			</trkpt>
			<trkpt lat="46.295677" lon="15.252224">
				<ele>302.399994</ele>
				<time>2026-09-03T13:15:22Z</time>
			</trkpt>
			<trkpt lat="46.295673" lon="15.252266">
				<ele>302.399994</ele>
				<time>2026-09-03T13:15:23Z</time>
			</trkpt>
			<trkpt lat="46.295667" lon="15.252314">
				<ele>302.600006</ele>
				<time>2026-09-03T13:15:24Z</time>
			</trkpt>
			<trkpt lat="46.295664" lon="15.252368">
				<ele>302.600006</ele>
				<time>2026-09-03T13:15:25Z</time>
			</trkpt>
			<trkpt lat="46.295653" lon="15.252406">
				<ele>302.799988</ele>
				<time>2026-09-03T13:15:26Z</time>
			</trkpt>
			<trkpt lat="46.295647" lon="15.252454">
				<ele>302.799988</ele>
				<time>2026-09-03T13:15:27Z</time>
			</trkpt>
			<trkpt lat="46.295641" lon="15.252502">
				<ele>302.799988</ele>
				<time>2026-09-03T13:15:28Z</time>
			</trkpt>
			<trkpt lat="46.295635" lon="15.25254">
				<ele>303</ele>
				<time>2026-09-03T13:15:29Z</time>
			</trkpt>
			<trkpt lat="46.295627" lon="15.252594">
				<ele>303</ele>
				<time>2026-09-03T13:15:30Z</time>
			</trkpt>
			<trkpt lat="46.295622" lon="15.252654">
				<ele>303</ele>
				<time>2026-09-03T13:15:31Z</time>
			</trkpt>
			<trkpt lat="46.295614" lon="15.252708">
				<ele>303</ele>
				<time>2026-09-03T13:15:32Z</time>
			</trkpt>
			<trkpt lat="46.295605" lon="15.25274">
				<ele>303</ele>
				<time>2026-09-03T13:15:33Z</time>
			</trkpt>
			<trkpt lat="46.295598" lon="15.252796">
				<ele>303.200012</ele>
				<time>2026-09-03T13:15:34Z</time>
			</trkpt>
			<trkpt lat="46.295598" lon="15.252896">
				<ele>303.399994</ele>
				<time>2026-09-03T13:15:35Z</time>
			</trkpt>
			<trkpt lat="46.295584" lon="15.252938">
				<ele>303.600006</ele>
				<time>2026-09-03T13:15:36Z</time>
			</trkpt>
			<trkpt lat="46.295577" lon="15.252984">
				<ele>303.799988</ele>
				<time>2026-09-03T13:15:37Z</time>
			</trkpt>
			<trkpt lat="46.295572" lon="15.253034">
				<ele>303.799988</ele>
				<time>2026-09-03T13:15:38Z</time>
			</trkpt>
			<trkpt lat="46.295566" lon="15.253082">
				<ele>304</ele>
				<time>2026-09-03T13:15:39Z</time>
			</trkpt>
			<trkpt lat="46.295559" lon="15.253138">
				<ele>304</ele>
				<time>2026-09-03T13:15:40Z</time>
			</trkpt>
			<trkpt lat="46.295551" lon="15.253182">
				<ele>304.200012</ele>
				<time>2026-09-03T13:15:41Z</time>
			</trkpt>
			<trkpt lat="46.295543" lon="15.253236">
				<ele>304.200012</ele>
				<time>2026-09-03T13:15:42Z</time>
			</trkpt>
			<trkpt lat="46.295538" lon="15.253276">
				<ele>304.399994</ele>
				<time>2026-09-03T13:15:43Z</time>
			</trkpt>
			<trkpt lat="46.295532" lon="15.253324">
				<ele>304.399994</ele>
				<time>2026-09-03T13:15:44Z</time>
			</trkpt>
			<trkpt lat="46.295528" lon="15.253376">
				<ele>304.600006</ele>
				<time>2026-09-03T13:15:45Z</time>
			</trkpt>
			<trkpt lat="46.295523" lon="15.253416">
				<ele>304.600006</ele>
				<time>2026-09-03T13:15:46Z</time>
			</trkpt>
			<trkpt lat="46.295511" lon="15.253502">
				<ele>304.799988</ele>
				<time>2026-09-03T13:15:47Z</time>
			</trkpt>
			<trkpt lat="46.295505" lon="15.25354">
				<ele>304.799988</ele>
				<time>2026-09-03T13:15:48Z</time>
			</trkpt>
			<trkpt lat="46.295501" lon="15.253592">
				<ele>305</ele>
				<time>2026-09-03T13:15:49Z</time>
			</trkpt>
			<trkpt lat="46.295496" lon="15.253632">
				<ele>305</ele>
				<time>2026-09-03T13:15:50Z</time>
			</trkpt>
			<trkpt lat="46.295496" lon="15.253672">
				<ele>305.200012</ele>
				<time>2026-09-03T13:15:51Z</time>
			</trkpt>
			<trkpt lat="46.295484" lon="15.253728">
				<ele>305.399994</ele>
				<time>2026-09-03T13:15:52Z</time>
			</trkpt>
			<trkpt lat="46.295477" lon="15.253754">
				<ele>305.399994</ele>
				<time>2026-09-03T13:15:53Z</time>
			</trkpt>
			<trkpt lat="46.295473" lon="15.253796">
				<ele>305.600006</ele>
				<time>2026-09-03T13:15:54Z</time>
			</trkpt>
			<trkpt lat="46.295473" lon="15.253856">
				<ele>305.799988</ele>
				<time>2026-09-03T13:15:55Z</time>
			</trkpt>
			<trkpt lat="46.295471" lon="15.253892">
				<ele>305.799988</ele>
				<time>2026-09-03T13:15:56Z</time>
			</trkpt>
			<trkpt lat="46.295469" lon="15.253938">
				<ele>306</ele>
				<time>2026-09-03T13:15:57Z</time>
			</trkpt>
			<trkpt lat="46.295464" lon="15.253978">
				<ele>306.200012</ele>
				<time>2026-09-03T13:15:58Z</time>
			</trkpt>
			<trkpt lat="46.295454" lon="15.254018">
				<ele>306.399994</ele>
				<time>2026-09-03T13:15:59Z</time>
			</trkpt>
			<trkpt lat="46.295435" lon="15.2541">
				<ele>306.600006</ele>
				<time>2026-09-03T13:16:00Z</time>
			</trkpt>
			<trkpt lat="46.295427" lon="15.254144">
				<ele>306.600006</ele>
				<time>2026-09-03T13:16:01Z</time>
			</trkpt>
			<trkpt lat="46.295421" lon="15.254182">
				<ele>306.799988</ele>
				<time>2026-09-03T13:16:02Z</time>
			</trkpt>
			<trkpt lat="46.295416" lon="15.254232">
				<ele>306.799988</ele>
				<time>2026-09-03T13:16:03Z</time>
			</trkpt>
			<trkpt lat="46.295411" lon="15.254272">
				<ele>307</ele>
				<time>2026-09-03T13:16:04Z</time>
			</trkpt>
			<trkpt lat="46.295409" lon="15.254318">
				<ele>307.200012</ele>
				<time>2026-09-03T13:16:05Z</time>
			</trkpt>
			<trkpt lat="46.295409" lon="15.254358">
				<ele>307.200012</ele>
				<time>2026-09-03T13:16:06Z</time>
			</trkpt>
			<trkpt lat="46.295414" lon="15.254408">
				<ele>307.399994</ele>
				<time>2026-09-03T13:16:07Z</time>
			</trkpt>
			<trkpt lat="46.295409" lon="15.254448">
				<ele>307.600006</ele>
				<time>2026-09-03T13:16:08Z</time>
			</trkpt>
			<trkpt lat="46.295406" lon="15.254482">
				<ele>307.799988</ele>
				<time>2026-09-03T13:16:09Z</time>
			</trkpt>
			<trkpt lat="46.295403" lon="15.254536">
				<ele>307.799988</ele>
				<time>2026-09-03T13:16:10Z</time>
			</trkpt>
			<trkpt lat="46.295399" lon="15.254568">
				<ele>308</ele>
				<time>2026-09-03T13:16:11Z</time>
			</trkpt>
			<trkpt lat="46.295396" lon="15.254602">
				<ele>308</ele>
				<time>2026-09-03T13:16:12Z</time>
			</trkpt>
			<trkpt lat="46.295395" lon="15.25469">
				<ele>308</ele>
				<time>2026-09-03T13:16:13Z</time>
			</trkpt>
			<trkpt lat="46.295395" lon="15.25473">
				<ele>308.200012</ele>
				<time>2026-09-03T13:16:14Z</time>
			</trkpt>
			<trkpt lat="46.295397" lon="15.254764">
				<ele>308.200012</ele>
				<time>2026-09-03T13:16:15Z</time>
			</trkpt>
			<trkpt lat="46.295409" lon="15.254808">
				<ele>308.399994</ele>
				<time>2026-09-03T13:16:16Z</time>
			</trkpt>
			<trkpt lat="46.295405" lon="15.25484">
				<ele>308.399994</ele>
				<time>2026-09-03T13:16:17Z</time>
			</trkpt>
			<trkpt lat="46.295407" lon="15.254884">
				<ele>308.600006</ele>
				<time>2026-09-03T13:16:18Z</time>
			</trkpt>
			<trkpt lat="46.295411" lon="15.254922">
				<ele>308.799988</ele>
				<time>2026-09-03T13:16:19Z</time>
			</trkpt>
			<trkpt lat="46.295414" lon="15.254968">
				<ele>309</ele>
				<time>2026-09-03T13:16:20Z</time>
			</trkpt>
			<trkpt lat="46.295419" lon="15.255008">
				<ele>309.200012</ele>
				<time>2026-09-03T13:16:21Z</time>
			</trkpt>
			<trkpt lat="46.295425" lon="15.25504">
				<ele>309.200012</ele>
				<time>2026-09-03T13:16:22Z</time>
			</trkpt>
			<trkpt lat="46.295432" lon="15.255084">
				<ele>309.399994</ele>
				<time>2026-09-03T13:16:23Z</time>
			</trkpt>
			<trkpt lat="46.295436" lon="15.255132">
				<ele>309.600006</ele>
				<time>2026-09-03T13:16:24Z</time>
			</trkpt>
			<trkpt lat="46.295437" lon="15.255164">
				<ele>309.600006</ele>
				<time>2026-09-03T13:16:25Z</time>
			</trkpt>
			<trkpt lat="46.295446" lon="15.255242">
				<ele>310</ele>
				<time>2026-09-03T13:16:26Z</time>
			</trkpt>
			<trkpt lat="46.295453" lon="15.255286">
				<ele>310.200012</ele>
				<time>2026-09-03T13:16:27Z</time>
			</trkpt>
			<trkpt lat="46.295467" lon="15.255314">
				<ele>310.200012</ele>
				<time>2026-09-03T13:16:28Z</time>
			</trkpt>
			<trkpt lat="46.295473" lon="15.255346">
				<ele>310.399994</ele>
				<time>2026-09-03T13:16:29Z</time>
			</trkpt>
			<trkpt lat="46.295481" lon="15.255382">
				<ele>310.600006</ele>
				<time>2026-09-03T13:16:30Z</time>
			</trkpt>
			<trkpt lat="46.295493" lon="15.255416">
				<ele>310.799988</ele>
				<time>2026-09-03T13:16:31Z</time>
			</trkpt>
			<trkpt lat="46.295509" lon="15.255448">
				<ele>310.799988</ele>
				<time>2026-09-03T13:16:32Z</time>
			</trkpt>
			<trkpt lat="46.295529" lon="15.255478">
				<ele>310.799988</ele>
				<time>2026-09-03T13:16:33Z</time>
			</trkpt>
			<trkpt lat="46.295551" lon="15.255492">
				<ele>311</ele>
				<time>2026-09-03T13:16:34Z</time>
			</trkpt>
			<trkpt lat="46.295573" lon="15.255516">
				<ele>311</ele>
				<time>2026-09-03T13:16:35Z</time>
			</trkpt>
			<trkpt lat="46.295608" lon="15.255536">
				<ele>311</ele>
				<time>2026-09-03T13:16:36Z</time>
			</trkpt>
			<trkpt lat="46.295627" lon="15.255544">
				<ele>311.200012</ele>
				<time>2026-09-03T13:16:37Z</time>
			</trkpt>
			<trkpt lat="46.295688" lon="15.255556">
				<ele>311.200012</ele>
				<time>2026-09-03T13:16:38Z</time>
			</trkpt>
			<trkpt lat="46.295726" lon="15.255562">
				<ele>311.200012</ele>
				<time>2026-09-03T13:16:39Z</time>
			</trkpt>
			<trkpt lat="46.295755" lon="15.25557">
				<ele>311.200012</ele>
				<time>2026-09-03T13:16:40Z</time>
			</trkpt>
			<trkpt lat="46.295778" lon="15.255576">
				<ele>311.399994</ele>
				<time>2026-09-03T13:16:41Z</time>
			</trkpt>
			<trkpt lat="46.295822" lon="15.255574">
				<ele>311.399994</ele>
				<time>2026-09-03T13:16:42Z</time>
			</trkpt>
			<trkpt lat="46.295853" lon="15.255576">
				<ele>311.399994</ele>
				<time>2026-09-03T13:16:43Z</time>
			</trkpt>
			<trkpt lat="46.295895" lon="15.25556">
				<ele>311.399994</ele>
				<time>2026-09-03T13:16:44Z</time>
			</trkpt>
			<trkpt lat="46.295944" lon="15.255568">
				<ele>311.399994</ele>
				<time>2026-09-03T13:16:45Z</time>
			</trkpt>
			<trkpt lat="46.295986" lon="15.255562">
				<ele>311.399994</ele>
				<time>2026-09-03T13:16:46Z</time>
			</trkpt>
			<trkpt lat="46.296032" lon="15.255574">
				<ele>311.399994</ele>
				<time>2026-09-03T13:16:47Z</time>
			</trkpt>
			<trkpt lat="46.296077" lon="15.255594">
				<ele>311.399994</ele>
				<time>2026-09-03T13:16:48Z</time>
			</trkpt>
			<trkpt lat="46.296123" lon="15.255616">
				<ele>311.399994</ele>
				<time>2026-09-03T13:16:49Z</time>
			</trkpt>
			<trkpt lat="46.296166" lon="15.255662">
				<ele>311.399994</ele>
				<time>2026-09-03T13:16:50Z</time>
			</trkpt>
			<trkpt lat="46.296235" lon="15.25578">
				<ele>311.200012</ele>
				<time>2026-09-03T13:16:51Z</time>
			</trkpt>
			<trkpt lat="46.296259" lon="15.255858">
				<ele>311</ele>
				<time>2026-09-03T13:16:52Z</time>
			</trkpt>
			<trkpt lat="46.296273" lon="15.255936">
				<ele>310.799988</ele>
				<time>2026-09-03T13:16:53Z</time>
			</trkpt>
			<trkpt lat="46.296274" lon="15.256028">
				<ele>310.600006</ele>
				<time>2026-09-03T13:16:54Z</time>
			</trkpt>
			<trkpt lat="46.296272" lon="15.256114">
				<ele>310.399994</ele>
				<time>2026-09-03T13:16:55Z</time>
			</trkpt>
			<trkpt lat="46.296266" lon="15.256222">
				<ele>310.200012</ele>
				<time>2026-09-03T13:16:56Z</time>
			</trkpt>
			<trkpt lat="46.296264" lon="15.256298">
				<ele>310</ele>
				<time>2026-09-03T13:16:57Z</time>
			</trkpt>
			<trkpt lat="46.296255" lon="15.25638">
				<ele>309.799988</ele>
				<time>2026-09-03T13:16:58Z</time>
			</trkpt>
			<trkpt lat="46.296239" lon="15.256498">
				<ele>309.600006</ele>
				<time>2026-09-03T13:16:59Z</time>
			</trkpt>
			<trkpt lat="46.296226" lon="15.256582">
				<ele>309.399994</ele>
				<time>2026-09-03T13:17:00Z</time>
			</trkpt>
			<trkpt lat="46.296213" lon="15.256676">
				<ele>309.200012</ele>
				<time>2026-09-03T13:17:01Z</time>
			</trkpt>
			<trkpt lat="46.296198" lon="15.256766">
				<ele>309</ele>
				<time>2026-09-03T13:17:02Z</time>
			</trkpt>
			<trkpt lat="46.296183" lon="15.256836">
				<ele>308.799988</ele>
				<time>2026-09-03T13:17:03Z</time>
			</trkpt>
			<trkpt lat="46.296145" lon="15.25702">
				<ele>308.399994</ele>
				<time>2026-09-03T13:17:04Z</time>
			</trkpt>
			<trkpt lat="46.296119" lon="15.257128">
				<ele>308.200012</ele>
				<time>2026-09-03T13:17:05Z</time>
			</trkpt>
			<trkpt lat="46.296099" lon="15.257218">
				<ele>308</ele>
				<time>2026-09-03T13:17:06Z</time>
			</trkpt>
			<trkpt lat="46.296078" lon="15.257306">
				<ele>308</ele>
				<time>2026-09-03T13:17:07Z</time>
			</trkpt>
			<trkpt lat="46.296054" lon="15.257398">
				<ele>307.799988</ele>
				<time>2026-09-03T13:17:08Z</time>
			</trkpt>
			<trkpt lat="46.296035" lon="15.25746">
				<ele>307.799988</ele>
				<time>2026-09-03T13:17:09Z</time>
			</trkpt>
			<trkpt lat="46.296009" lon="15.257558">
				<ele>307.799988</ele>
				<time>2026-09-03T13:17:10Z</time>
			</trkpt>
			<trkpt lat="46.295982" lon="15.257654">
				<ele>307.799988</ele>
				<time>2026-09-03T13:17:11Z</time>
			</trkpt>
			<trkpt lat="46.295962" lon="15.257744">
				<ele>307.799988</ele>
				<time>2026-09-03T13:17:12Z</time>
			</trkpt>
			<trkpt lat="46.295946" lon="15.257802">
				<ele>308</ele>
				<time>2026-09-03T13:17:13Z</time>
			</trkpt>
			<trkpt lat="46.295925" lon="15.25789">
				<ele>308.200012</ele>
				<time>2026-09-03T13:17:14Z</time>
			</trkpt>
			<trkpt lat="46.295916" lon="15.257942">
				<ele>308.399994</ele>
				<time>2026-09-03T13:17:15Z</time>
			</trkpt>
			<trkpt lat="46.295879" lon="15.258098">
				<ele>309</ele>
				<time>2026-09-03T13:17:16Z</time>
			</trkpt>
			<trkpt lat="46.295857" lon="15.258144">
				<ele>309.200012</ele>
				<time>2026-09-03T13:17:17Z</time>
			</trkpt>
			<trkpt lat="46.295843" lon="15.258206">
				<ele>309.600006</ele>
				<time>2026-09-03T13:17:18Z</time>
			</trkpt>
			<trkpt lat="46.295827" lon="15.258264">
				<ele>309.799988</ele>
				<time>2026-09-03T13:17:19Z</time>
			</trkpt>
			<trkpt lat="46.295807" lon="15.258324">
				<ele>310</ele>
				<time>2026-09-03T13:17:20Z</time>
			</trkpt>
			<trkpt lat="46.295793" lon="15.258386">
				<ele>310.399994</ele>
				<time>2026-09-03T13:17:21Z</time>
			</trkpt>
			<trkpt lat="46.295783" lon="15.258426">
				<ele>310.600006</ele>
				<time>2026-09-03T13:17:22Z</time>
			</trkpt>
			<trkpt lat="46.295772" lon="15.258474">
				<ele>310.799988</ele>
				<time>2026-09-03T13:17:23Z</time>
			</trkpt>
			<trkpt lat="46.295763" lon="15.258536">
				<ele>311</ele>
				<time>2026-09-03T13:17:25Z</time>
			</trkpt>
			<trkpt lat="46.295752" lon="15.258574">
				<ele>311.399994</ele>
				<time>2026-09-03T13:17:26Z</time>
			</trkpt>
			<trkpt lat="46.295741" lon="15.258622">
				<ele>311.600006</ele>
				<time>2026-09-03T13:17:27Z</time>
			</trkpt>
			<trkpt lat="46.295728" lon="15.258676">
				<ele>311.799988</ele>
				<time>2026-09-03T13:17:28Z</time>
			</trkpt>
			<trkpt lat="46.295706" lon="15.258772">
				<ele>312.200012</ele>
				<time>2026-09-03T13:17:29Z</time>
			</trkpt>
			<trkpt lat="46.295691" lon="15.258822">
				<ele>312.399994</ele>
				<time>2026-09-03T13:17:31Z</time>
			</trkpt>
			<trkpt lat="46.295679" lon="15.258878">
				<ele>312.399994</ele>
				<time>2026-09-03T13:17:32Z</time>
			</trkpt>
			<trkpt lat="46.295666" lon="15.258922">
				<ele>312.600006</ele>
				<time>2026-09-03T13:17:33Z</time>
			</trkpt>
			<trkpt lat="46.295655" lon="15.25897">
				<ele>312.799988</ele>
				<time>2026-09-03T13:17:34Z</time>
			</trkpt>
			<trkpt lat="46.295646" lon="15.259012">
				<ele>313</ele>
				<time>2026-09-03T13:17:35Z</time>
			</trkpt>
			<trkpt lat="46.295637" lon="15.259064">
				<ele>313.200012</ele>
				<time>2026-09-03T13:17:36Z</time>
			</trkpt>
			<trkpt lat="46.295629" lon="15.259118">
				<ele>313.399994</ele>
				<time>2026-09-03T13:17:37Z</time>
			</trkpt>
			<trkpt lat="46.295619" lon="15.259168">
				<ele>313.399994</ele>
				<time>2026-09-03T13:17:38Z</time>
			</trkpt>
			<trkpt lat="46.295616" lon="15.259202">
				<ele>313.600006</ele>
				<time>2026-09-03T13:17:39Z</time>
			</trkpt>
			<trkpt lat="46.295604" lon="15.259248">
				<ele>313.799988</ele>
				<time>2026-09-03T13:17:40Z</time>
			</trkpt>
			<trkpt lat="46.295595" lon="15.25929">
				<ele>314</ele>
				<time>2026-09-03T13:17:41Z</time>
			</trkpt>
			<trkpt lat="46.295582" lon="15.259384">
				<ele>314.200012</ele>
				<time>2026-09-03T13:17:42Z</time>
			</trkpt>
			<trkpt lat="46.295576" lon="15.259422">
				<ele>314.200012</ele>
				<time>2026-09-03T13:17:43Z</time>
			</trkpt>
			<trkpt lat="46.295573" lon="15.259476">
				<ele>314.399994</ele>
				<time>2026-09-03T13:17:44Z</time>
			</trkpt>
			<trkpt lat="46.295576" lon="15.259512">
				<ele>314.600006</ele>
				<time>2026-09-03T13:17:45Z</time>
			</trkpt>
			<trkpt lat="46.295569" lon="15.259558">
				<ele>314.600006</ele>
				<time>2026-09-03T13:17:46Z</time>
			</trkpt>
			<trkpt lat="46.295569" lon="15.259608">
				<ele>314.799988</ele>
				<time>2026-09-03T13:17:47Z</time>
			</trkpt>
			<trkpt lat="46.295569" lon="15.259648">
				<ele>315</ele>
				<time>2026-09-03T13:17:48Z</time>
			</trkpt>
			<trkpt lat="46.295567" lon="15.259684">
				<ele>315</ele>
				<time>2026-09-03T13:17:49Z</time>
			</trkpt>
			<trkpt lat="46.295567" lon="15.259734">
				<ele>315.200012</ele>
				<time>2026-09-03T13:17:50Z</time>
			</trkpt>
			<trkpt lat="46.295568" lon="15.259776">
				<ele>315.399994</ele>
				<time>2026-09-03T13:17:51Z</time>
			</trkpt>
			<trkpt lat="46.295569" lon="15.259828">
				<ele>315.600006</ele>
				<time>2026-09-03T13:17:52Z</time>
			</trkpt>
			<trkpt lat="46.295573" lon="15.259866">
				<ele>315.799988</ele>
				<time>2026-09-03T13:17:53Z</time>
			</trkpt>
			<trkpt lat="46.295581" lon="15.259942">
				<ele>316</ele>
				<time>2026-09-03T13:17:54Z</time>
			</trkpt>
			<trkpt lat="46.295583" lon="15.259986">
				<ele>316.200012</ele>
				<time>2026-09-03T13:17:55Z</time>
			</trkpt>
			<trkpt lat="46.295586" lon="15.260022">
				<ele>316.200012</ele>
				<time>2026-09-03T13:17:56Z</time>
			</trkpt>
			<trkpt lat="46.295589" lon="15.260068">
				<ele>316.399994</ele>
				<time>2026-09-03T13:17:57Z</time>
			</trkpt>
			<trkpt lat="46.295592" lon="15.260104">
				<ele>316.600006</ele>
				<time>2026-09-03T13:17:58Z</time>
			</trkpt>
			<trkpt lat="46.295593" lon="15.260156">
				<ele>316.600006</ele>
				<time>2026-09-03T13:17:59Z</time>
			</trkpt>
			<trkpt lat="46.295597" lon="15.260194">
				<ele>316.799988</ele>
				<time>2026-09-03T13:18:00Z</time>
			</trkpt>
			<trkpt lat="46.295602" lon="15.260234">
				<ele>317</ele>
				<time>2026-09-03T13:18:01Z</time>
			</trkpt>
			<trkpt lat="46.295606" lon="15.260272">
				<ele>317</ele>
				<time>2026-09-03T13:18:02Z</time>
			</trkpt>
			<trkpt lat="46.295611" lon="15.260312">
				<ele>317.200012</ele>
				<time>2026-09-03T13:18:03Z</time>
			</trkpt>
			<trkpt lat="46.295613" lon="15.260356">
				<ele>317.399994</ele>
				<time>2026-09-03T13:18:04Z</time>
			</trkpt>
			<trkpt lat="46.295613" lon="15.260406">
				<ele>317.399994</ele>
				<time>2026-09-03T13:18:05Z</time>
			</trkpt>
			<trkpt lat="46.295615" lon="15.26044">
				<ele>317.600006</ele>
				<time>2026-09-03T13:18:06Z</time>
			</trkpt>
			<trkpt lat="46.295614" lon="15.260528">
				<ele>317.799988</ele>
				<time>2026-09-03T13:18:07Z</time>
			</trkpt>
			<trkpt lat="46.295614" lon="15.260578">
				<ele>318</ele>
				<time>2026-09-03T13:18:08Z</time>
			</trkpt>
			<trkpt lat="46.295615" lon="15.26061">
				<ele>318</ele>
				<time>2026-09-03T13:18:09Z</time>
			</trkpt>
			<trkpt lat="46.295617" lon="15.260654">
				<ele>318.200012</ele>
				<time>2026-09-03T13:18:10Z</time>
			</trkpt>
			<trkpt lat="46.295615" lon="15.26069">
				<ele>318.200012</ele>
				<time>2026-09-03T13:18:11Z</time>
			</trkpt>
			<trkpt lat="46.295611" lon="15.260732">
				<ele>318.399994</ele>
				<time>2026-09-03T13:18:12Z</time>
			</trkpt>
			<trkpt lat="46.295606" lon="15.260772">
				<ele>318.399994</ele>
				<time>2026-09-03T13:18:13Z</time>
			</trkpt>
			<trkpt lat="46.295606" lon="15.260812">
				<ele>318.399994</ele>
				<time>2026-09-03T13:18:14Z</time>
			</trkpt>
			<trkpt lat="46.295592" lon="15.260854">
				<ele>318.399994</ele>
				<time>2026-09-03T13:18:15Z</time>
			</trkpt>
			<trkpt lat="46.295585" lon="15.26088">
				<ele>318.600006</ele>
				<time>2026-09-03T13:18:16Z</time>
			</trkpt>
			<trkpt lat="46.295571" lon="15.260922">
				<ele>318.799988</ele>
				<time>2026-09-03T13:18:17Z</time>
			</trkpt>
			<trkpt lat="46.295564" lon="15.260968">
				<ele>319</ele>
				<time>2026-09-03T13:18:18Z</time>
			</trkpt>
			<trkpt lat="46.295559" lon="15.260998">
				<ele>319.200012</ele>
				<time>2026-09-03T13:18:19Z</time>
			</trkpt>
			<trkpt lat="46.295538" lon="15.261066">
				<ele>319.399994</ele>
				<time>2026-09-03T13:18:20Z</time>
			</trkpt>
			<trkpt lat="46.295525" lon="15.26109">
				<ele>319.600006</ele>
				<time>2026-09-03T13:18:21Z</time>
			</trkpt>
			<trkpt lat="46.295509" lon="15.261128">
				<ele>319.799988</ele>
				<time>2026-09-03T13:18:22Z</time>
			</trkpt>
			<trkpt lat="46.295491" lon="15.261152">
				<ele>320</ele>
				<time>2026-09-03T13:18:23Z</time>
			</trkpt>
			<trkpt lat="46.295479" lon="15.261188">
				<ele>320.200012</ele>
				<time>2026-09-03T13:18:24Z</time>
			</trkpt>
			<trkpt lat="46.295465" lon="15.26121">
				<ele>320.399994</ele>
				<time>2026-09-03T13:18:25Z</time>
			</trkpt>
			<trkpt lat="46.295457" lon="15.261244">
				<ele>320.600006</ele>
				<time>2026-09-03T13:18:26Z</time>
			</trkpt>
			<trkpt lat="46.295438" lon="15.261266">
				<ele>320.600006</ele>
				<time>2026-09-03T13:18:27Z</time>
			</trkpt>
			<trkpt lat="46.295425" lon="15.26129">
				<ele>320.799988</ele>
				<time>2026-09-03T13:18:28Z</time>
			</trkpt>
			<trkpt lat="46.295413" lon="15.261326">
				<ele>321</ele>
				<time>2026-09-03T13:18:29Z</time>
			</trkpt>
			<trkpt lat="46.295398" lon="15.261356">
				<ele>321.200012</ele>
				<time>2026-09-03T13:18:30Z</time>
			</trkpt>
			<trkpt lat="46.295385" lon="15.26138">
				<ele>321.399994</ele>
				<time>2026-09-03T13:18:31Z</time>
			</trkpt>
			<trkpt lat="46.295372" lon="15.261404">
				<ele>321.600006</ele>
				<time>2026-09-03T13:18:32Z</time>
			</trkpt>
			<trkpt lat="46.295337" lon="15.261454">
				<ele>322</ele>
				<time>2026-09-03T13:18:33Z</time>
			</trkpt>
			<trkpt lat="46.295317" lon="15.261474">
				<ele>322.200012</ele>
				<time>2026-09-03T13:18:34Z</time>
			</trkpt>
			<trkpt lat="46.295298" lon="15.261496">
				<ele>322.399994</ele>
				<time>2026-09-03T13:18:35Z</time>
			</trkpt>
			<trkpt lat="46.295289" lon="15.261508">
				<ele>322.600006</ele>
				<time>2026-09-03T13:18:36Z</time>
			</trkpt>
			<trkpt lat="46.295262" lon="15.261524">
				<ele>322.600006</ele>
				<time>2026-09-03T13:18:38Z</time>
			</trkpt>
			<trkpt lat="46.295245" lon="15.26154">
				<ele>322.799988</ele>
				<time>2026-09-03T13:18:39Z</time>
			</trkpt>
			<trkpt lat="46.295238" lon="15.261566">
				<ele>323</ele>
				<time>2026-09-03T13:18:40Z</time>
			</trkpt>
			<trkpt lat="46.295215" lon="15.26158">
				<ele>323.200012</ele>
				<time>2026-09-03T13:18:41Z</time>
			</trkpt>
			<trkpt lat="46.295193" lon="15.261606">
				<ele>323.399994</ele>
				<time>2026-09-03T13:18:42Z</time>
			</trkpt>
			<trkpt lat="46.295173" lon="15.261626">
				<ele>323.600006</ele>
				<time>2026-09-03T13:18:44Z</time>
			</trkpt>
			<trkpt lat="46.295133" lon="15.261676">
				<ele>323.799988</ele>
				<time>2026-09-03T13:18:45Z</time>
			</trkpt>
			<trkpt lat="46.295112" lon="15.261694">
				<ele>324</ele>
				<time>2026-09-03T13:18:46Z</time>
			</trkpt>
			<trkpt lat="46.295092" lon="15.261714">
				<ele>324.200012</ele>
				<time>2026-09-03T13:18:47Z</time>
			</trkpt>
			<trkpt lat="46.295074" lon="15.261738">
				<ele>324.399994</ele>
				<time>2026-09-03T13:18:48Z</time>
			</trkpt>
			<trkpt lat="46.295058" lon="15.261756">
				<ele>324.600006</ele>
				<time>2026-09-03T13:18:49Z</time>
			</trkpt>
			<trkpt lat="46.295038" lon="15.261776">
				<ele>324.600006</ele>
				<time>2026-09-03T13:18:50Z</time>
			</trkpt>
			<trkpt lat="46.295018" lon="15.261796">
				<ele>324.799988</ele>
				<time>2026-09-03T13:18:51Z</time>
			</trkpt>
			<trkpt lat="46.294999" lon="15.261828">
				<ele>325</ele>
				<time>2026-09-03T13:18:52Z</time>
			</trkpt>
			<trkpt lat="46.294981" lon="15.261842">
				<ele>325</ele>
				<time>2026-09-03T13:18:53Z</time>
			</trkpt>
			<trkpt lat="46.294964" lon="15.261868">
				<ele>325.200012</ele>
				<time>2026-09-03T13:18:54Z</time>
			</trkpt>
			<trkpt lat="46.294947" lon="15.261884">
				<ele>325.399994</ele>
				<time>2026-09-03T13:18:55Z</time>
			</trkpt>
			<trkpt lat="46.294929" lon="15.261908">
				<ele>325.399994</ele>
				<time>2026-09-03T13:18:56Z</time>
			</trkpt>
			<trkpt lat="46.294915" lon="15.26192">
				<ele>325.600006</ele>
				<time>2026-09-03T13:18:57Z</time>
			</trkpt>
			<trkpt lat="46.294872" lon="15.261954">
				<ele>326</ele>
				<time>2026-09-03T13:18:58Z</time>
			</trkpt>
			<trkpt lat="46.294853" lon="15.261976">
				<ele>326</ele>
				<time>2026-09-03T13:18:59Z</time>
			</trkpt>
			<trkpt lat="46.294835" lon="15.26199">
				<ele>326.200012</ele>
				<time>2026-09-03T13:19:00Z</time>
			</trkpt>
			<trkpt lat="46.294817" lon="15.262024">
				<ele>326.399994</ele>
				<time>2026-09-03T13:19:01Z</time>
			</trkpt>
			<trkpt lat="46.294799" lon="15.262038">
				<ele>326.600006</ele>
				<time>2026-09-03T13:19:02Z</time>
			</trkpt>
			<trkpt lat="46.294783" lon="15.262056">
				<ele>326.600006</ele>
				<time>2026-09-03T13:19:03Z</time>
			</trkpt>
			<trkpt lat="46.294765" lon="15.26207">
				<ele>326.799988</ele>
				<time>2026-09-03T13:19:04Z</time>
			</trkpt>
			<trkpt lat="46.294748" lon="15.262096">
				<ele>327</ele>
				<time>2026-09-03T13:19:05Z</time>
			</trkpt>
			<trkpt lat="46.294733" lon="15.262116">
				<ele>327.200012</ele>
				<time>2026-09-03T13:19:06Z</time>
			</trkpt>
			<trkpt lat="46.294712" lon="15.262134">
				<ele>327.200012</ele>
				<time>2026-09-03T13:19:07Z</time>
			</trkpt>
			<trkpt lat="46.294692" lon="15.262154">
				<ele>327.399994</ele>
				<time>2026-09-03T13:19:08Z</time>
			</trkpt>
			<trkpt lat="46.294674" lon="15.262168">
				<ele>327.600006</ele>
				<time>2026-09-03T13:19:09Z</time>
			</trkpt>
			<trkpt lat="46.294657" lon="15.262184">
				<ele>327.600006</ele>
				<time>2026-09-03T13:19:10Z</time>
			</trkpt>
			<trkpt lat="46.294627" lon="15.262224">
				<ele>328</ele>
				<time>2026-09-03T13:19:11Z</time>
			</trkpt>
			<trkpt lat="46.294613" lon="15.262246">
				<ele>328</ele>
				<time>2026-09-03T13:19:12Z</time>
			</trkpt>
			<trkpt lat="46.294598" lon="15.262266">
				<ele>328.200012</ele>
				<time>2026-09-03T13:19:13Z</time>
			</trkpt>
			<trkpt lat="46.294581" lon="15.262282">
				<ele>328.399994</ele>
				<time>2026-09-03T13:19:14Z</time>
			</trkpt>
			<trkpt lat="46.294566" lon="15.262292">
				<ele>328.399994</ele>
				<time>2026-09-03T13:19:15Z</time>
			</trkpt>
			<trkpt lat="46.294552" lon="15.262314">
				<ele>328.600006</ele>
				<time>2026-09-03T13:19:16Z</time>
			</trkpt>
			<trkpt lat="46.294536" lon="15.262332">
				<ele>328.600006</ele>
				<time>2026-09-03T13:19:17Z</time>
			</trkpt>
			<trkpt lat="46.294521" lon="15.262352">
				<ele>328.799988</ele>
				<time>2026-09-03T13:19:18Z</time>
			</trkpt>
			<trkpt lat="46.294506" lon="15.262372">
				<ele>328.799988</ele>
				<time>2026-09-03T13:19:19Z</time>
			</trkpt>
			<trkpt lat="46.294492" lon="15.262404">
				<ele>328.799988</ele>
				<time>2026-09-03T13:19:20Z</time>
			</trkpt>
			<trkpt lat="46.294477" lon="15.262424">
				<ele>329</ele>
				<time>2026-09-03T13:19:21Z</time>
			</trkpt>
			<trkpt lat="46.294461" lon="15.262442">
				<ele>329</ele>
				<time>2026-09-03T13:19:22Z</time>
			</trkpt>
			<trkpt lat="46.294438" lon="15.262486">
				<ele>329.200012</ele>
				<time>2026-09-03T13:19:23Z</time>
			</trkpt>
			<trkpt lat="46.294413" lon="15.262506">
				<ele>329.200012</ele>
				<time>2026-09-03T13:19:24Z</time>
			</trkpt>
			<trkpt lat="46.294398" lon="15.262526">
				<ele>329.399994</ele>
				<time>2026-09-03T13:19:25Z</time>
			</trkpt>
			<trkpt lat="46.294384" lon="15.262548">
				<ele>329.600006</ele>
				<time>2026-09-03T13:19:26Z</time>
			</trkpt>
			<trkpt lat="46.294368" lon="15.262576">
				<ele>329.600006</ele>
				<time>2026-09-03T13:19:27Z</time>
			</trkpt>
			<trkpt lat="46.294351" lon="15.262582">
				<ele>329.799988</ele>
				<time>2026-09-03T13:19:28Z</time>
			</trkpt>
			<trkpt lat="46.294335" lon="15.2626">
				<ele>329.799988</ele>
				<time>2026-09-03T13:19:29Z</time>
			</trkpt>
			<trkpt lat="46.294322" lon="15.262634">
				<ele>330</ele>
				<time>2026-09-03T13:19:30Z</time>
			</trkpt>
			<trkpt lat="46.294307" lon="15.262654">
				<ele>330</ele>
				<time>2026-09-03T13:19:31Z</time>
			</trkpt>
			<trkpt lat="46.294294" lon="15.262688">
				<ele>330</ele>
				<time>2026-09-03T13:19:32Z</time>
			</trkpt>
			<trkpt lat="46.294279" lon="15.262708">
				<ele>330</ele>
				<time>2026-09-03T13:19:33Z</time>
			</trkpt>
			<trkpt lat="46.294265" lon="15.26273">
				<ele>330</ele>
				<time>2026-09-03T13:19:34Z</time>
			</trkpt>
			<trkpt lat="46.294251" lon="15.262762">
				<ele>330</ele>
				<time>2026-09-03T13:19:35Z</time>
			</trkpt>
			<trkpt lat="46.294217" lon="15.262834">
				<ele>330</ele>
				<time>2026-09-03T13:19:36Z</time>
			</trkpt>
			<trkpt lat="46.294205" lon="15.26286">
				<ele>330</ele>
				<time>2026-09-03T13:19:37Z</time>
			</trkpt>
			<trkpt lat="46.294192" lon="15.262894">
				<ele>330.200012</ele>
				<time>2026-09-03T13:19:38Z</time>
			</trkpt>
			<trkpt lat="46.294178" lon="15.262936">
				<ele>330.200012</ele>
				<time>2026-09-03T13:19:39Z</time>
			</trkpt>
			<trkpt lat="46.294169" lon="15.262978">
				<ele>330.200012</ele>
				<time>2026-09-03T13:19:40Z</time>
			</trkpt>
			<trkpt lat="46.294164" lon="15.263018">
				<ele>330.200012</ele>
				<time>2026-09-03T13:19:41Z</time>
			</trkpt>
			<trkpt lat="46.294144" lon="15.263058">
				<ele>330.200012</ele>
				<time>2026-09-03T13:19:42Z</time>
			</trkpt>
			<trkpt lat="46.294128" lon="15.263096">
				<ele>330.200012</ele>
				<time>2026-09-03T13:19:43Z</time>
			</trkpt>
			<trkpt lat="46.294119" lon="15.263148">
				<ele>330</ele>
				<time>2026-09-03T13:19:44Z</time>
			</trkpt>
			<trkpt lat="46.294107" lon="15.263194">
				<ele>330</ele>
				<time>2026-09-03T13:19:45Z</time>
			</trkpt>
			<trkpt lat="46.294094" lon="15.263258">
				<ele>330</ele>
				<time>2026-09-03T13:19:46Z</time>
			</trkpt>
			<trkpt lat="46.294085" lon="15.26329">
				<ele>330</ele>
				<time>2026-09-03T13:19:47Z</time>
			</trkpt>
			<trkpt lat="46.294072" lon="15.263374">
				<ele>330</ele>
				<time>2026-09-03T13:19:48Z</time>
			</trkpt>
			<trkpt lat="46.294046" lon="15.263492">
				<ele>330</ele>
				<time>2026-09-03T13:19:49Z</time>
			</trkpt>
			<trkpt lat="46.294035" lon="15.26355">
				<ele>330</ele>
				<time>2026-09-03T13:19:50Z</time>
			</trkpt>
			<trkpt lat="46.294026" lon="15.263612">
				<ele>329.799988</ele>
				<time>2026-09-03T13:19:51Z</time>
			</trkpt>
			<trkpt lat="46.294016" lon="15.263672">
				<ele>329.799988</ele>
				<time>2026-09-03T13:19:52Z</time>
			</trkpt>
			<trkpt lat="46.294004" lon="15.263738">
				<ele>329.799988</ele>
				<time>2026-09-03T13:19:53Z</time>
			</trkpt>
			<trkpt lat="46.293995" lon="15.26379">
				<ele>329.799988</ele>
				<time>2026-09-03T13:19:54Z</time>
			</trkpt>
			<trkpt lat="46.293987" lon="15.263864">
				<ele>329.600006</ele>
				<time>2026-09-03T13:19:55Z</time>
			</trkpt>
			<trkpt lat="46.293979" lon="15.263928">
				<ele>329.600006</ele>
				<time>2026-09-03T13:19:56Z</time>
			</trkpt>
			<trkpt lat="46.293966" lon="15.263982">
				<ele>329.600006</ele>
				<time>2026-09-03T13:19:57Z</time>
			</trkpt>
			<trkpt lat="46.293955" lon="15.26405">
				<ele>329.600006</ele>
				<time>2026-09-03T13:19:58Z</time>
			</trkpt>
			<trkpt lat="46.293946" lon="15.264112">
				<ele>329.600006</ele>
				<time>2026-09-03T13:19:59Z</time>
			</trkpt>
			<trkpt lat="46.293935" lon="15.26417">
				<ele>329.600006</ele>
				<time>2026-09-03T13:20:00Z</time>
			</trkpt>
			<trkpt lat="46.293916" lon="15.264302">
				<ele>329.399994</ele>
				<time>2026-09-03T13:20:01Z</time>
			</trkpt>
			<trkpt lat="46.293908" lon="15.264386">
				<ele>329.200012</ele>
				<time>2026-09-03T13:20:02Z</time>
			</trkpt>
			<trkpt lat="46.293898" lon="15.264456">
				<ele>328.799988</ele>
				<time>2026-09-03T13:20:03Z</time>
			</trkpt>
			<trkpt lat="46.293889" lon="15.264528">
				<ele>328.600006</ele>
				<time>2026-09-03T13:20:04Z</time>
			</trkpt>
			<trkpt lat="46.293879" lon="15.264608">
				<ele>328.399994</ele>
				<time>2026-09-03T13:20:05Z</time>
			</trkpt>
			<trkpt lat="46.293865" lon="15.26468">
				<ele>328.200012</ele>
				<time>2026-09-03T13:20:06Z</time>
			</trkpt>
			<trkpt lat="46.293851" lon="15.264762">
				<ele>328</ele>
				<time>2026-09-03T13:20:07Z</time>
			</trkpt>
			<trkpt lat="46.293835" lon="15.26485">
				<ele>327.600006</ele>
				<time>2026-09-03T13:20:08Z</time>
			</trkpt>
			<trkpt lat="46.293823" lon="15.264926">
				<ele>327.399994</ele>
				<time>2026-09-03T13:20:09Z</time>
			</trkpt>
			<trkpt lat="46.293798" lon="15.265026">
				<ele>327</ele>
				<time>2026-09-03T13:20:10Z</time>
			</trkpt>
			<trkpt lat="46.293777" lon="15.265114">
				<ele>326.600006</ele>
				<time>2026-09-03T13:20:11Z</time>
			</trkpt>
			<trkpt lat="46.293738" lon="15.265216">
				<ele>326.200012</ele>
				<time>2026-09-03T13:20:12Z</time>
			</trkpt>
			<trkpt lat="46.293703" lon="15.265316">
				<ele>325.600006</ele>
				<time>2026-09-03T13:20:13Z</time>
			</trkpt>
			<trkpt lat="46.293624" lon="15.265528">
				<ele>324.600006</ele>
				<time>2026-09-03T13:20:14Z</time>
			</trkpt>
			<trkpt lat="46.293582" lon="15.265634">
				<ele>324.200012</ele>
				<time>2026-09-03T13:20:15Z</time>
			</trkpt>
			<trkpt lat="46.293544" lon="15.265758">
				<ele>323.600006</ele>
				<time>2026-09-03T13:20:16Z</time>
			</trkpt>
			<trkpt lat="46.293496" lon="15.265872">
				<ele>322.799988</ele>
				<time>2026-09-03T13:20:17Z</time>
			</trkpt>
			<trkpt lat="46.293448" lon="15.266006">
				<ele>322</ele>
				<time>2026-09-03T13:20:18Z</time>
			</trkpt>
			<trkpt lat="46.293407" lon="15.266124">
				<ele>321.399994</ele>
				<time>2026-09-03T13:20:19Z</time>
			</trkpt>
			<trkpt lat="46.293353" lon="15.266266">
				<ele>320.399994</ele>
				<time>2026-09-03T13:20:20Z</time>
			</trkpt>
			<trkpt lat="46.293303" lon="15.266396">
				<ele>319.600006</ele>
				<time>2026-09-03T13:20:21Z</time>
			</trkpt>
			<trkpt lat="46.293251" lon="15.266532">
				<ele>318.799988</ele>
				<time>2026-09-03T13:20:22Z</time>
			</trkpt>
			<trkpt lat="46.293201" lon="15.266672">
				<ele>317.799988</ele>
				<time>2026-09-03T13:20:23Z</time>
			</trkpt>
			<trkpt lat="46.293151" lon="15.266812">
				<ele>317</ele>
				<time>2026-09-03T13:20:24Z</time>
			</trkpt>
			<trkpt lat="46.293101" lon="15.266962">
				<ele>316.200012</ele>
				<time>2026-09-03T13:20:25Z</time>
			</trkpt>
			<trkpt lat="46.293051" lon="15.267102">
				<ele>315.399994</ele>
				<time>2026-09-03T13:20:26Z</time>
			</trkpt>
			<trkpt lat="46.292999" lon="15.267258">
				<ele>314.600006</ele>
				<time>2026-09-03T13:20:27Z</time>
			</trkpt>
			<trkpt lat="46.292948" lon="15.267406">
				<ele>313.799988</ele>
				<time>2026-09-03T13:20:28Z</time>
			</trkpt>
			<trkpt lat="46.292896" lon="15.267542">
				<ele>312.799988</ele>
				<time>2026-09-03T13:20:29Z</time>
			</trkpt>
			<trkpt lat="46.292854" lon="15.267668">
				<ele>312.200012</ele>
				<time>2026-09-03T13:20:30Z</time>
			</trkpt>
			<trkpt lat="46.292802" lon="15.267814">
				<ele>311.399994</ele>
				<time>2026-09-03T13:20:31Z</time>
			</trkpt>
			<trkpt lat="46.292754" lon="15.267998">
				<ele>310.799988</ele>
				<time>2026-09-03T13:20:32Z</time>
			</trkpt>
			<trkpt lat="46.292715" lon="15.26815">
				<ele>310</ele>
				<time>2026-09-03T13:20:33Z</time>
			</trkpt>
			<trkpt lat="46.292688" lon="15.268306">
				<ele>309.200012</ele>
				<time>2026-09-03T13:20:34Z</time>
			</trkpt>
			<trkpt lat="46.292664" lon="15.268468">
				<ele>308.600006</ele>
				<time>2026-09-03T13:20:35Z</time>
			</trkpt>
			<trkpt lat="46.292641" lon="15.268612">
				<ele>308</ele>
				<time>2026-09-03T13:20:36Z</time>
			</trkpt>
			<trkpt lat="46.292617" lon="15.268764">
				<ele>307.399994</ele>
				<time>2026-09-03T13:20:37Z</time>
			</trkpt>
			<trkpt lat="46.292593" lon="15.268926">
				<ele>307</ele>
				<time>2026-09-03T13:20:39Z</time>
			</trkpt>
			<trkpt lat="46.292539" lon="15.269228">
				<ele>306</ele>
				<time>2026-09-03T13:20:40Z</time>
			</trkpt>
			<trkpt lat="46.292506" lon="15.269372">
				<ele>305.600006</ele>
				<time>2026-09-03T13:20:41Z</time>
			</trkpt>
			<trkpt lat="46.292465" lon="15.26951">
				<ele>305.200012</ele>
				<time>2026-09-03T13:20:42Z</time>
			</trkpt>
			<trkpt lat="46.292413" lon="15.269646">
				<ele>304.799988</ele>
				<time>2026-09-03T13:20:43Z</time>
			</trkpt>
			<trkpt lat="46.292346" lon="15.269772">
				<ele>304.200012</ele>
				<time>2026-09-03T13:20:44Z</time>
			</trkpt>
			<trkpt lat="46.292267" lon="15.269874">
				<ele>303.799988</ele>
				<time>2026-09-03T13:20:45Z</time>
			</trkpt>
			<trkpt lat="46.292175" lon="15.26996">
				<ele>303.200012</ele>
				<time>2026-09-03T13:20:46Z</time>
			</trkpt>
			<trkpt lat="46.292078" lon="15.270046">
				<ele>302.600006</ele>
				<time>2026-09-03T13:20:48Z</time>
			</trkpt>
			<trkpt lat="46.291982" lon="15.270124">
				<ele>301.799988</ele>
				<time>2026-09-03T13:20:49Z</time>
			</trkpt>
			<trkpt lat="46.291893" lon="15.270226">
				<ele>301</ele>
				<time>2026-09-03T13:20:50Z</time>
			</trkpt>
			<trkpt lat="46.291816" lon="15.270342">
				<ele>300.200012</ele>
				<time>2026-09-03T13:20:51Z</time>
			</trkpt>
			<trkpt lat="46.291701" lon="15.270632">
				<ele>298.399994</ele>
				<time>2026-09-03T13:20:52Z</time>
			</trkpt>
			<trkpt lat="46.291663" lon="15.270786">
				<ele>297.399994</ele>
				<time>2026-09-03T13:20:54Z</time>
			</trkpt>
			<trkpt lat="46.291634" lon="15.270948">
				<ele>296.600006</ele>
				<time>2026-09-03T13:20:55Z</time>
			</trkpt>
			<trkpt lat="46.291616" lon="15.271112">
				<ele>295.600006</ele>
				<time>2026-09-03T13:20:56Z</time>
			</trkpt>
			<trkpt lat="46.291609" lon="15.271288">
				<ele>294.799988</ele>
				<time>2026-09-03T13:20:57Z</time>
			</trkpt>
			<trkpt lat="46.291628" lon="15.271466">
				<ele>294</ele>
				<time>2026-09-03T13:20:58Z</time>
			</trkpt>
			<trkpt lat="46.291638" lon="15.271656">
				<ele>293</ele>
				<time>2026-09-03T13:21:00Z</time>
			</trkpt>
			<trkpt lat="46.291662" lon="15.271824">
				<ele>292.399994</ele>
				<time>2026-09-03T13:21:01Z</time>
			</trkpt>
			<trkpt lat="46.291685" lon="15.27199">
				<ele>291.799988</ele>
				<time>2026-09-03T13:21:02Z</time>
			</trkpt>
			<trkpt lat="46.291699" lon="15.272158">
				<ele>291.200012</ele>
				<time>2026-09-03T13:21:03Z</time>
			</trkpt>
			<trkpt lat="46.291702" lon="15.272314">
				<ele>290.399994</ele>
				<time>2026-09-03T13:21:04Z</time>
			</trkpt>
			<trkpt lat="46.291713" lon="15.272626">
				<ele>288.399994</ele>
				<time>2026-09-03T13:21:05Z</time>
			</trkpt>
			<trkpt lat="46.291726" lon="15.272782">
				<ele>287.600006</ele>
				<time>2026-09-03T13:21:06Z</time>
			</trkpt>
			<trkpt lat="46.291739" lon="15.272968">
				<ele>286.799988</ele>
				<time>2026-09-03T13:21:07Z</time>
			</trkpt>
			<trkpt lat="46.291747" lon="15.273144">
				<ele>285.799988</ele>
				<time>2026-09-03T13:21:09Z</time>
			</trkpt>
			<trkpt lat="46.291747" lon="15.273334">
				<ele>284.799988</ele>
				<time>2026-09-03T13:21:10Z</time>
			</trkpt>
			<trkpt lat="46.291738" lon="15.273496">
				<ele>284</ele>
				<time>2026-09-03T13:21:11Z</time>
			</trkpt>
			<trkpt lat="46.291701" lon="15.273722">
				<ele>283.200012</ele>
				<time>2026-09-03T13:21:12Z</time>
			</trkpt>
			<trkpt lat="46.291664" lon="15.273898">
				<ele>282.399994</ele>
				<time>2026-09-03T13:21:14Z</time>
			</trkpt>
			<trkpt lat="46.291628" lon="15.274036">
				<ele>281.799988</ele>
				<time>2026-09-03T13:21:15Z</time>
			</trkpt>
			<trkpt lat="46.291585" lon="15.2742">
				<ele>281</ele>
				<time>2026-09-03T13:21:16Z</time>
			</trkpt>
			<trkpt lat="46.291541" lon="15.274382">
				<ele>280.399994</ele>
				<time>2026-09-03T13:21:17Z</time>
			</trkpt>
			<trkpt lat="46.291489" lon="15.274588">
				<ele>280</ele>
				<time>2026-09-03T13:21:18Z</time>
			</trkpt>
			<trkpt lat="46.291449" lon="15.274758">
				<ele>279.600006</ele>
				<time>2026-09-03T13:21:19Z</time>
			</trkpt>
			<trkpt lat="46.291409" lon="15.274918">
				<ele>279.200012</ele>
				<time>2026-09-03T13:21:20Z</time>
			</trkpt>
			<trkpt lat="46.291367" lon="15.275074">
				<ele>278.799988</ele>
				<time>2026-09-03T13:21:21Z</time>
			</trkpt>
			<trkpt lat="46.291332" lon="15.275204">
				<ele>278.399994</ele>
				<time>2026-09-03T13:21:22Z</time>
			</trkpt>
			<trkpt lat="46.291272" lon="15.275394">
				<ele>277.600006</ele>
				<time>2026-09-03T13:21:24Z</time>
			</trkpt>
			<trkpt lat="46.291217" lon="15.275554">
				<ele>276.600006</ele>
				<time>2026-09-03T13:21:25Z</time>
			</trkpt>
			<trkpt lat="46.291175" lon="15.27567">
				<ele>275.600006</ele>
				<time>2026-09-03T13:21:26Z</time>
			</trkpt>
			<trkpt lat="46.291109" lon="15.275848">
				<ele>274.799988</ele>
				<time>2026-09-03T13:21:27Z</time>
			</trkpt>
			<trkpt lat="46.291054" lon="15.275988">
				<ele>274.200012</ele>
				<time>2026-09-03T13:21:29Z</time>
			</trkpt>
			<trkpt lat="46.290943" lon="15.276266">
				<ele>273.200012</ele>
				<time>2026-09-03T13:21:30Z</time>
			</trkpt>
			<trkpt lat="46.290886" lon="15.276382">
				<ele>273.200012</ele>
				<time>2026-09-03T13:21:31Z</time>
			</trkpt>
			<trkpt lat="46.290832" lon="15.276514">
				<ele>273.200012</ele>
				<time>2026-09-03T13:21:32Z</time>
			</trkpt>
			<trkpt lat="46.290788" lon="15.276606">
				<ele>273.200012</ele>
				<time>2026-09-03T13:21:33Z</time>
			</trkpt>
			<trkpt lat="46.290727" lon="15.276734">
				<ele>273.200012</ele>
				<time>2026-09-03T13:21:34Z</time>
			</trkpt>
			<trkpt lat="46.290676" lon="15.276832">
				<ele>273.200012</ele>
				<time>2026-09-03T13:21:35Z</time>
			</trkpt>
			<trkpt lat="46.290639" lon="15.276918">
				<ele>273.399994</ele>
				<time>2026-09-03T13:21:36Z</time>
			</trkpt>
			<trkpt lat="46.290597" lon="15.277004">
				<ele>273.399994</ele>
				<time>2026-09-03T13:21:37Z</time>
			</trkpt>
			<trkpt lat="46.290552" lon="15.277104">
				<ele>273.600006</ele>
				<time>2026-09-03T13:21:38Z</time>
			</trkpt>
			<trkpt lat="46.290517" lon="15.277184">
				<ele>274</ele>
				<time>2026-09-03T13:21:39Z</time>
			</trkpt>
			<trkpt lat="46.290481" lon="15.277262">
				<ele>274.399994</ele>
				<time>2026-09-03T13:21:40Z</time>
			</trkpt>
			<trkpt lat="46.290447" lon="15.277334">
				<ele>274.600006</ele>
				<time>2026-09-03T13:21:42Z</time>
			</trkpt>
			<trkpt lat="46.290387" lon="15.277464">
				<ele>275.399994</ele>
				<time>2026-09-03T13:21:43Z</time>
			</trkpt>
			<trkpt lat="46.290365" lon="15.2775">
				<ele>275.799988</ele>
				<time>2026-09-03T13:21:44Z</time>
			</trkpt>
			<trkpt lat="46.290333" lon="15.277576">
				<ele>276.200012</ele>
				<time>2026-09-03T13:21:45Z</time>
			</trkpt>
			<trkpt lat="46.290308" lon="15.277626">
				<ele>276.799988</ele>
				<time>2026-09-03T13:21:46Z</time>
			</trkpt>
			<trkpt lat="46.290282" lon="15.277664">
				<ele>277.200012</ele>
				<time>2026-09-03T13:21:47Z</time>
			</trkpt>
			<trkpt lat="46.290256" lon="15.277712">
				<ele>277.600006</ele>
				<time>2026-09-03T13:21:49Z</time>
			</trkpt>
			<trkpt lat="46.290237" lon="15.277754">
				<ele>278</ele>
				<time>2026-09-03T13:21:50Z</time>
			</trkpt>
			<trkpt lat="46.290204" lon="15.277808">
				<ele>278.399994</ele>
				<time>2026-09-03T13:21:52Z</time>
			</trkpt>
			<trkpt lat="46.290179" lon="15.277848">
				<ele>278.799988</ele>
				<time>2026-09-03T13:21:54Z</time>
			</trkpt>
			<trkpt lat="46.290152" lon="15.277884">
				<ele>279</ele>
				<time>2026-09-03T13:21:55Z</time>
			</trkpt>
			<trkpt lat="46.290126" lon="15.277922">
				<ele>279.200012</ele>
				<time>2026-09-03T13:21:57Z</time>
			</trkpt>
			<trkpt lat="46.290099" lon="15.277968">
				<ele>279.399994</ele>
				<time>2026-09-03T13:22:00Z</time>
			</trkpt>
			<trkpt lat="46.290075" lon="15.278">
				<ele>279.799988</ele>
				<time>2026-09-03T13:22:01Z</time>
			</trkpt>
			<trkpt lat="46.290058" lon="15.278036">
				<ele>280</ele>
				<time>2026-09-03T13:22:03Z</time>
			</trkpt>
			<trkpt lat="46.290031" lon="15.278082">
				<ele>280.200012</ele>
				<time>2026-09-03T13:22:05Z</time>
			</trkpt>
			<trkpt lat="46.290006" lon="15.278112">
				<ele>280.399994</ele>
				<time>2026-09-03T13:22:07Z</time>
			</trkpt>
			<trkpt lat="46.289988" lon="15.278146">
				<ele>280.799988</ele>
				<time>2026-09-03T13:22:08Z</time>
			</trkpt>
			<trkpt lat="46.289939" lon="15.278228">
				<ele>281.399994</ele>
				<time>2026-09-03T13:22:10Z</time>
			</trkpt>
			<trkpt lat="46.289924" lon="15.278268">
				<ele>281.600006</ele>
				<time>2026-09-03T13:22:11Z</time>
			</trkpt>
			<trkpt lat="46.289899" lon="15.278298">
				<ele>281.799988</ele>
				<time>2026-09-03T13:22:12Z</time>
			</trkpt>
			<trkpt lat="46.289878" lon="15.278336">
				<ele>282</ele>
				<time>2026-09-03T13:22:14Z</time>
			</trkpt>
			<trkpt lat="46.289861" lon="15.278362">
				<ele>282.399994</ele>
				<time>2026-09-03T13:22:15Z</time>
			</trkpt>
			<trkpt lat="46.289843" lon="15.278396">
				<ele>282.600006</ele>
				<time>2026-09-03T13:22:16Z</time>
			</trkpt>
			<trkpt lat="46.289827" lon="15.278424">
				<ele>282.799988</ele>
				<time>2026-09-03T13:22:17Z</time>
			</trkpt>
			<trkpt lat="46.289815" lon="15.27845">
				<ele>283</ele>
				<time>2026-09-03T13:22:18Z</time>
			</trkpt>
			<trkpt lat="46.289795" lon="15.27848">
				<ele>283.399994</ele>
				<time>2026-09-03T13:22:19Z</time>
			</trkpt>
			<trkpt lat="46.289778" lon="15.278516">
				<ele>283.600006</ele>
				<time>2026-09-03T13:22:20Z</time>
			</trkpt>
			<trkpt lat="46.289761" lon="15.278542">
				<ele>283.799988</ele>
				<time>2026-09-03T13:22:21Z</time>
			</trkpt>
			<trkpt lat="46.289747" lon="15.278574">
				<ele>284.200012</ele>
				<time>2026-09-03T13:22:22Z</time>
			</trkpt>
			<trkpt lat="46.289731" lon="15.278612">
				<ele>284.200012</ele>
				<time>2026-09-03T13:22:24Z</time>
			</trkpt>
			<trkpt lat="46.289718" lon="15.278646">
				<ele>284.399994</ele>
				<time>2026-09-03T13:22:25Z</time>
			</trkpt>
			<trkpt lat="46.289709" lon="15.278678">
				<ele>284.600006</ele>
				<time>2026-09-03T13:22:26Z</time>
			</trkpt>
			<trkpt lat="46.289701" lon="15.278702">
				<ele>284.600006</ele>
				<time>2026-09-03T13:22:27Z</time>
			</trkpt>
			<trkpt lat="46.289693" lon="15.278736">
				<ele>284.799988</ele>
				<time>2026-09-03T13:22:28Z</time>
			</trkpt>
			<trkpt lat="46.289679" lon="15.278768">
				<ele>285</ele>
				<time>2026-09-03T13:22:30Z</time>
			</trkpt>
			<trkpt lat="46.289664" lon="15.278798">
				<ele>285</ele>
				<time>2026-09-03T13:22:31Z</time>
			</trkpt>
			<trkpt lat="46.289647" lon="15.278824">
				<ele>285.200012</ele>
				<time>2026-09-03T13:22:32Z</time>
			</trkpt>
			<trkpt lat="46.289636" lon="15.278842">
				<ele>285.399994</ele>
				<time>2026-09-03T13:22:33Z</time>
			</trkpt>
			<trkpt lat="46.289595" lon="15.27891">
				<ele>285.799988</ele>
				<time>2026-09-03T13:22:34Z</time>
			</trkpt>
			<trkpt lat="46.289576" lon="15.278942">
				<ele>286</ele>
				<time>2026-09-03T13:22:35Z</time>
			</trkpt>
			<trkpt lat="46.289557" lon="15.278974">
				<ele>286.200012</ele>
				<time>2026-09-03T13:22:36Z</time>
			</trkpt>
			<trkpt lat="46.289545" lon="15.279">
				<ele>286.399994</ele>
				<time>2026-09-03T13:22:37Z</time>
			</trkpt>
			<trkpt lat="46.289536" lon="15.279042">
				<ele>286.600006</ele>
				<time>2026-09-03T13:22:38Z</time>
			</trkpt>
			<trkpt lat="46.289531" lon="15.279082">
				<ele>286.799988</ele>
				<time>2026-09-03T13:22:39Z</time>
			</trkpt>
			<trkpt lat="46.289512" lon="15.279114">
				<ele>287.200012</ele>
				<time>2026-09-03T13:22:40Z</time>
			</trkpt>
			<trkpt lat="46.289499" lon="15.279158">
				<ele>287.399994</ele>
				<time>2026-09-03T13:22:41Z</time>
			</trkpt>
			<trkpt lat="46.289493" lon="15.279176">
				<ele>287.799988</ele>
				<time>2026-09-03T13:22:42Z</time>
			</trkpt>
			<trkpt lat="46.289487" lon="15.279204">
				<ele>288</ele>
				<time>2026-09-03T13:22:43Z</time>
			</trkpt>
			<trkpt lat="46.289476" lon="15.279222">
				<ele>288.200012</ele>
				<time>2026-09-03T13:22:44Z</time>
			</trkpt>
			<trkpt lat="46.289464" lon="15.279268">
				<ele>288.399994</ele>
				<time>2026-09-03T13:22:46Z</time>
			</trkpt>
			<trkpt lat="46.289453" lon="15.279306">
				<ele>288.799988</ele>
				<time>2026-09-03T13:22:47Z</time>
			</trkpt>
			<trkpt lat="46.289446" lon="15.279342">
				<ele>289</ele>
				<time>2026-09-03T13:22:49Z</time>
			</trkpt>
			<trkpt lat="46.289442" lon="15.279374">
				<ele>289.200012</ele>
				<time>2026-09-03T13:22:50Z</time>
			</trkpt>
			<trkpt lat="46.289433" lon="15.279416">
				<ele>289.399994</ele>
				<time>2026-09-03T13:22:53Z</time>
			</trkpt>
			<trkpt lat="46.289419" lon="15.279458">
				<ele>289.600006</ele>
				<time>2026-09-03T13:22:55Z</time>
			</trkpt>
			<trkpt lat="46.289412" lon="15.279484">
				<ele>289.799988</ele>
				<time>2026-09-03T13:22:57Z</time>
			</trkpt>
			<trkpt lat="46.289413" lon="15.279516">
				<ele>290</ele>
				<time>2026-09-03T13:22:58Z</time>
			</trkpt>
			<trkpt lat="46.289404" lon="15.279588">
				<ele>290.399994</ele>
				<time>2026-09-03T13:23:00Z</time>
			</trkpt>
			<trkpt lat="46.289404" lon="15.279628">
				<ele>290.600006</ele>
				<time>2026-09-03T13:23:02Z</time>
			</trkpt>
			<trkpt lat="46.289403" lon="15.279666">
				<ele>290.799988</ele>
				<time>2026-09-03T13:23:03Z</time>
			</trkpt>
			<trkpt lat="46.289398" lon="15.279706">
				<ele>290.799988</ele>
				<time>2026-09-03T13:23:04Z</time>
			</trkpt>
			<trkpt lat="46.289396" lon="15.279742">
				<ele>291</ele>
				<time>2026-09-03T13:23:05Z</time>
			</trkpt>
			<trkpt lat="46.289393" lon="15.279786">
				<ele>291.200012</ele>
				<time>2026-09-03T13:23:06Z</time>
			</trkpt>
			<trkpt lat="46.289388" lon="15.279826">
				<ele>291.399994</ele>
				<time>2026-09-03T13:23:07Z</time>
			</trkpt>
			<trkpt lat="46.289387" lon="15.279854">
				<ele>291.399994</ele>
				<time>2026-09-03T13:23:08Z</time>
			</trkpt>
			<trkpt lat="46.289384" lon="15.279898">
				<ele>291.600006</ele>
				<time>2026-09-03T13:23:09Z</time>
			</trkpt>
			<trkpt lat="46.289381" lon="15.279922">
				<ele>291.600006</ele>
				<time>2026-09-03T13:23:10Z</time>
			</trkpt>
			<trkpt lat="46.289377" lon="15.279954">
				<ele>291.799988</ele>
				<time>2026-09-03T13:23:11Z</time>
			</trkpt>
			<trkpt lat="46.289378" lon="15.280036">
				<ele>292</ele>
				<time>2026-09-03T13:23:12Z</time>
			</trkpt>
			<trkpt lat="46.289376" lon="15.280072">
				<ele>292.200012</ele>
				<time>2026-09-03T13:23:13Z</time>
			</trkpt>
			<trkpt lat="46.289378" lon="15.280116">
				<ele>292.399994</ele>
				<time>2026-09-03T13:23:14Z</time>
			</trkpt>
			<trkpt lat="46.289377" lon="15.280144">
				<ele>292.399994</ele>
				<time>2026-09-03T13:23:15Z</time>
			</trkpt>
			<trkpt lat="46.289377" lon="15.280184">
				<ele>292.600006</ele>
				<time>2026-09-03T13:23:16Z</time>
			</trkpt>
			<trkpt lat="46.289376" lon="15.280202">
				<ele>292.799988</ele>
				<time>2026-09-03T13:23:17Z</time>
			</trkpt>
			<trkpt lat="46.289369" lon="15.280238">
				<ele>292.799988</ele>
				<time>2026-09-03T13:23:18Z</time>
			</trkpt>
			<trkpt lat="46.289366" lon="15.280272">
				<ele>293</ele>
				<time>2026-09-03T13:23:19Z</time>
			</trkpt>
			<trkpt lat="46.289372" lon="15.280314">
				<ele>293</ele>
				<time>2026-09-03T13:23:20Z</time>
			</trkpt>
			<trkpt lat="46.289375" lon="15.28035">
				<ele>293.200012</ele>
				<time>2026-09-03T13:23:21Z</time>
			</trkpt>
			<trkpt lat="46.289376" lon="15.280392">
				<ele>293.399994</ele>
				<time>2026-09-03T13:23:22Z</time>
			</trkpt>
			<trkpt lat="46.289375" lon="15.28043">
				<ele>293.600006</ele>
				<time>2026-09-03T13:23:23Z</time>
			</trkpt>
			<trkpt lat="46.289372" lon="15.280474">
				<ele>293.799988</ele>
				<time>2026-09-03T13:23:24Z</time>
			</trkpt>
			<trkpt lat="46.289357" lon="15.280534">
				<ele>294</ele>
				<time>2026-09-03T13:23:25Z</time>
			</trkpt>
			<trkpt lat="46.289356" lon="15.280562">
				<ele>294.200012</ele>
				<time>2026-09-03T13:23:26Z</time>
			</trkpt>
			<trkpt lat="46.289343" lon="15.280596">
				<ele>294.399994</ele>
				<time>2026-09-03T13:23:27Z</time>
			</trkpt>
			<trkpt lat="46.289339" lon="15.280628">
				<ele>294.600006</ele>
				<time>2026-09-03T13:23:28Z</time>
			</trkpt>
			<trkpt lat="46.289333" lon="15.280656">
				<ele>294.799988</ele>
				<time>2026-09-03T13:23:29Z</time>
			</trkpt>
			<trkpt lat="46.289326" lon="15.280692">
				<ele>295</ele>
				<time>2026-09-03T13:23:30Z</time>
			</trkpt>
			<trkpt lat="46.289313" lon="15.280716">
				<ele>295.200012</ele>
				<time>2026-09-03T13:23:31Z</time>
			</trkpt>
			<trkpt lat="46.289306" lon="15.280752">
				<ele>295.399994</ele>
				<time>2026-09-03T13:23:32Z</time>
			</trkpt>
			<trkpt lat="46.289301" lon="15.280782">
				<ele>295.600006</ele>
				<time>2026-09-03T13:23:33Z</time>
			</trkpt>
			<trkpt lat="46.289286" lon="15.280802">
				<ele>295.799988</ele>
				<time>2026-09-03T13:23:34Z</time>
			</trkpt>
			<trkpt lat="46.289274" lon="15.280838">
				<ele>296</ele>
				<time>2026-09-03T13:23:36Z</time>
			</trkpt>
			<trkpt lat="46.289243" lon="15.280896">
				<ele>296.399994</ele>
				<time>2026-09-03T13:23:37Z</time>
			</trkpt>
			<trkpt lat="46.289226" lon="15.280912">
				<ele>296.399994</ele>
				<time>2026-09-03T13:23:38Z</time>
			</trkpt>
			<trkpt lat="46.289213" lon="15.280936">
				<ele>296.600006</ele>
				<time>2026-09-03T13:23:39Z</time>
			</trkpt>
			<trkpt lat="46.289203" lon="15.280956">
				<ele>296.799988</ele>
				<time>2026-09-03T13:23:40Z</time>
			</trkpt>
			<trkpt lat="46.289197" lon="15.280984">
				<ele>297</ele>
				<time>2026-09-03T13:23:41Z</time>
			</trkpt>
			<trkpt lat="46.289184" lon="15.281008">
				<ele>297</ele>
				<time>2026-09-03T13:23:42Z</time>
			</trkpt>
			<trkpt lat="46.289171" lon="15.281032">
				<ele>297.200012</ele>
				<time>2026-09-03T13:23:43Z</time>
			</trkpt>
			<trkpt lat="46.289165" lon="15.28107">
				<ele>297.399994</ele>
				<time>2026-09-03T13:23:44Z</time>
			</trkpt>
			<trkpt lat="46.289155" lon="15.2811">
				<ele>297.600006</ele>
				<time>2026-09-03T13:23:45Z</time>
			</trkpt>
			<trkpt lat="46.289145" lon="15.28114">
				<ele>297.600006</ele>
				<time>2026-09-03T13:23:46Z</time>
			</trkpt>
			<trkpt lat="46.289132" lon="15.281174">
				<ele>297.799988</ele>
				<time>2026-09-03T13:23:47Z</time>
			</trkpt>
			<trkpt lat="46.289118" lon="15.281206">
				<ele>298</ele>
				<time>2026-09-03T13:23:48Z</time>
			</trkpt>
			<trkpt lat="46.289102" lon="15.281224">
				<ele>298</ele>
				<time>2026-09-03T13:23:49Z</time>
			</trkpt>
			<trkpt lat="46.289072" lon="15.281294">
				<ele>298.399994</ele>
				<time>2026-09-03T13:23:50Z</time>
			</trkpt>
			<trkpt lat="46.289056" lon="15.281322">
				<ele>298.399994</ele>
				<time>2026-09-03T13:23:51Z</time>
			</trkpt>
			<trkpt lat="46.289047" lon="15.281364">
				<ele>298.600006</ele>
				<time>2026-09-03T13:23:52Z</time>
			</trkpt>
			<trkpt lat="46.289041" lon="15.281402">
				<ele>298.600006</ele>
				<time>2026-09-03T13:23:53Z</time>
			</trkpt>
			<trkpt lat="46.289035" lon="15.28143">
				<ele>298.799988</ele>
				<time>2026-09-03T13:23:54Z</time>
			</trkpt>
			<trkpt lat="46.289021" lon="15.281462">
				<ele>299</ele>
				<time>2026-09-03T13:23:55Z</time>
			</trkpt>
			<trkpt lat="46.289006" lon="15.281482">
				<ele>299</ele>
				<time>2026-09-03T13:23:56Z</time>
			</trkpt>
			<trkpt lat="46.288998" lon="15.281516">
				<ele>299.200012</ele>
				<time>2026-09-03T13:23:57Z</time>
			</trkpt>
			<trkpt lat="46.288973" lon="15.281536">
				<ele>299.399994</ele>
				<time>2026-09-03T13:23:58Z</time>
			</trkpt>
			<trkpt lat="46.288952" lon="15.281564">
				<ele>299.600006</ele>
				<time>2026-09-03T13:23:59Z</time>
			</trkpt>
			<trkpt lat="46.288941" lon="15.281612">
				<ele>299.600006</ele>
				<time>2026-09-03T13:24:00Z</time>
			</trkpt>
			<trkpt lat="46.288934" lon="15.281648">
				<ele>299.799988</ele>
				<time>2026-09-03T13:24:01Z</time>
			</trkpt>
			<trkpt lat="46.288929" lon="15.281678">
				<ele>300</ele>
				<time>2026-09-03T13:24:02Z</time>
			</trkpt>
			<trkpt lat="46.288906" lon="15.281752">
				<ele>300.200012</ele>
				<time>2026-09-03T13:24:03Z</time>
			</trkpt>
			<trkpt lat="46.288898" lon="15.281796">
				<ele>300.399994</ele>
				<time>2026-09-03T13:24:04Z</time>
			</trkpt>
			<trkpt lat="46.288886" lon="15.281842">
				<ele>300.600006</ele>
				<time>2026-09-03T13:24:05Z</time>
			</trkpt>
			<trkpt lat="46.288872" lon="15.281884">
				<ele>300.799988</ele>
				<time>2026-09-03T13:24:06Z</time>
			</trkpt>
			<trkpt lat="46.288859" lon="15.281918">
				<ele>301</ele>
				<time>2026-09-03T13:24:07Z</time>
			</trkpt>
			<trkpt lat="46.288847" lon="15.281944">
				<ele>301.200012</ele>
				<time>2026-09-03T13:24:08Z</time>
			</trkpt>
			<trkpt lat="46.288848" lon="15.281976">
				<ele>301.200012</ele>
				<time>2026-09-03T13:24:09Z</time>
			</trkpt>
			<trkpt lat="46.288844" lon="15.282008">
				<ele>301.399994</ele>
				<time>2026-09-03T13:24:10Z</time>
			</trkpt>
			<trkpt lat="46.288839" lon="15.282048">
				<ele>301.399994</ele>
				<time>2026-09-03T13:24:11Z</time>
			</trkpt>
			<trkpt lat="46.288827" lon="15.282074">
				<ele>301.600006</ele>
				<time>2026-09-03T13:24:12Z</time>
			</trkpt>
			<trkpt lat="46.288819" lon="15.282108">
				<ele>301.600006</ele>
				<time>2026-09-03T13:24:13Z</time>
			</trkpt>
			<trkpt lat="46.288806" lon="15.282142">
				<ele>301.600006</ele>
				<time>2026-09-03T13:24:14Z</time>
			</trkpt>
			<trkpt lat="46.288787" lon="15.282184">
				<ele>301.600006</ele>
				<time>2026-09-03T13:24:15Z</time>
			</trkpt>
			<trkpt lat="46.288753" lon="15.282266">
				<ele>301.600006</ele>
				<time>2026-09-03T13:24:16Z</time>
			</trkpt>
			<trkpt lat="46.288742" lon="15.282314">
				<ele>301.399994</ele>
				<time>2026-09-03T13:24:17Z</time>
			</trkpt>
			<trkpt lat="46.288736" lon="15.282352">
				<ele>301.399994</ele>
				<time>2026-09-03T13:24:18Z</time>
			</trkpt>
			<trkpt lat="46.288705" lon="15.28241">
				<ele>301.200012</ele>
				<time>2026-09-03T13:24:19Z</time>
			</trkpt>
			<trkpt lat="46.288687" lon="15.282454">
				<ele>301.200012</ele>
				<time>2026-09-03T13:24:20Z</time>
			</trkpt>
			<trkpt lat="46.288666" lon="15.282502">
				<ele>301</ele>
				<time>2026-09-03T13:24:21Z</time>
			</trkpt>
			<trkpt lat="46.288644" lon="15.282578">
				<ele>300.799988</ele>
				<time>2026-09-03T13:24:22Z</time>
			</trkpt>
			<trkpt lat="46.288617" lon="15.282624">
				<ele>300.399994</ele>
				<time>2026-09-03T13:24:23Z</time>
			</trkpt>
			<trkpt lat="46.288593" lon="15.282686">
				<ele>300.200012</ele>
				<time>2026-09-03T13:24:24Z</time>
			</trkpt>
			<trkpt lat="46.288572" lon="15.282744">
				<ele>300</ele>
				<time>2026-09-03T13:24:25Z</time>
			</trkpt>
			<trkpt lat="46.288542" lon="15.282804">
				<ele>299.799988</ele>
				<time>2026-09-03T13:24:26Z</time>
			</trkpt>
			<trkpt lat="46.288506" lon="15.282872">
				<ele>299.399994</ele>
				<time>2026-09-03T13:24:27Z</time>
			</trkpt>
			<trkpt lat="46.288426" lon="15.283032">
				<ele>298.799988</ele>
				<time>2026-09-03T13:24:28Z</time>
			</trkpt>
			<trkpt lat="46.288381" lon="15.283122">
				<ele>298.399994</ele>
				<time>2026-09-03T13:24:29Z</time>
			</trkpt>
			<trkpt lat="46.288326" lon="15.283202">
				<ele>298</ele>
				<time>2026-09-03T13:24:30Z</time>
			</trkpt>
			<trkpt lat="46.288264" lon="15.283298">
				<ele>297.600006</ele>
				<time>2026-09-03T13:24:31Z</time>
			</trkpt>
			<trkpt lat="46.288213" lon="15.283396">
				<ele>297.200012</ele>
				<time>2026-09-03T13:24:32Z</time>
			</trkpt>
			<trkpt lat="46.288161" lon="15.283492">
				<ele>296.600006</ele>
				<time>2026-09-03T13:24:33Z</time>
			</trkpt>
			<trkpt lat="46.288103" lon="15.283606">
				<ele>296</ele>
				<time>2026-09-03T13:24:34Z</time>
			</trkpt>
			<trkpt lat="46.288047" lon="15.283714">
				<ele>295.600006</ele>
				<time>2026-09-03T13:24:35Z</time>
			</trkpt>
			<trkpt lat="46.287998" lon="15.283826">
				<ele>295</ele>
				<time>2026-09-03T13:24:36Z</time>
			</trkpt>
			<trkpt lat="46.287935" lon="15.28393">
				<ele>294.399994</ele>
				<time>2026-09-03T13:24:37Z</time>
			</trkpt>
			<trkpt lat="46.287869" lon="15.284058">
				<ele>293.799988</ele>
				<time>2026-09-03T13:24:38Z</time>
			</trkpt>
			<trkpt lat="46.287804" lon="15.284168">
				<ele>293</ele>
				<time>2026-09-03T13:24:39Z</time>
			</trkpt>
			<trkpt lat="46.287751" lon="15.284252">
				<ele>292.399994</ele>
				<time>2026-09-03T13:24:40Z</time>
			</trkpt>
			<trkpt lat="46.287611" lon="15.284492">
				<ele>291</ele>
				<time>2026-09-03T13:24:41Z</time>
			</trkpt>
			<trkpt lat="46.287537" lon="15.284634">
				<ele>290.399994</ele>
				<time>2026-09-03T13:24:43Z</time>
			</trkpt>
			<trkpt lat="46.287459" lon="15.284788">
				<ele>289.799988</ele>
				<time>2026-09-03T13:24:44Z</time>
			</trkpt>
			<trkpt lat="46.287395" lon="15.28491">
				<ele>289</ele>
				<time>2026-09-03T13:24:45Z</time>
			</trkpt>
			<trkpt lat="46.287328" lon="15.285046">
				<ele>288.200012</ele>
				<time>2026-09-03T13:24:46Z</time>
			</trkpt>
			<trkpt lat="46.287266" lon="15.285182">
				<ele>287.399994</ele>
				<time>2026-09-03T13:24:47Z</time>
			</trkpt>
			<trkpt lat="46.287202" lon="15.285324">
				<ele>286.799988</ele>
				<time>2026-09-03T13:24:48Z</time>
			</trkpt>
			<trkpt lat="46.287134" lon="15.285468">
				<ele>286.200012</ele>
				<time>2026-09-03T13:24:50Z</time>
			</trkpt>
			<trkpt lat="46.287066" lon="15.285612">
				<ele>285.600006</ele>
				<time>2026-09-03T13:24:51Z</time>
			</trkpt>
			<trkpt lat="46.286998" lon="15.285756">
				<ele>285.200012</ele>
				<time>2026-09-03T13:24:52Z</time>
			</trkpt>
			<trkpt lat="46.286933" lon="15.285896">
				<ele>284.600006</ele>
				<time>2026-09-03T13:24:53Z</time>
			</trkpt>
			<trkpt lat="46.286796" lon="15.286172">
				<ele>283.600006</ele>
				<time>2026-09-03T13:24:55Z</time>
			</trkpt>
			<trkpt lat="46.286735" lon="15.2863">
				<ele>283.200012</ele>
				<time>2026-09-03T13:24:56Z</time>
			</trkpt>
			<trkpt lat="46.286672" lon="15.286444">
				<ele>282.600006</ele>
				<time>2026-09-03T13:24:57Z</time>
			</trkpt>
			<trkpt lat="46.286611" lon="15.286582">
				<ele>282.200012</ele>
				<time>2026-09-03T13:24:58Z</time>
			</trkpt>
			<trkpt lat="46.286555" lon="15.28672">
				<ele>281.600006</ele>
				<time>2026-09-03T13:24:59Z</time>
			</trkpt>
			<trkpt lat="46.286498" lon="15.286866">
				<ele>281.200012</ele>
				<time>2026-09-03T13:25:00Z</time>
			</trkpt>
			<trkpt lat="46.286445" lon="15.287">
				<ele>280.799988</ele>
				<time>2026-09-03T13:25:02Z</time>
			</trkpt>
			<trkpt lat="46.286407" lon="15.287124">
				<ele>280.399994</ele>
				<time>2026-09-03T13:25:03Z</time>
			</trkpt>
			<trkpt lat="46.286364" lon="15.287278">
				<ele>280</ele>
				<time>2026-09-03T13:25:04Z</time>
			</trkpt>
			<trkpt lat="46.286323" lon="15.287446">
				<ele>279.600006</ele>
				<time>2026-09-03T13:25:05Z</time>
			</trkpt>
			<trkpt lat="46.286279" lon="15.287738">
				<ele>279</ele>
				<time>2026-09-03T13:25:07Z</time>
			</trkpt>
			<trkpt lat="46.286254" lon="15.287878">
				<ele>279</ele>
				<time>2026-09-03T13:25:08Z</time>
			</trkpt>
			<trkpt lat="46.286245" lon="15.288">
				<ele>279</ele>
				<time>2026-09-03T13:25:09Z</time>
			</trkpt>
			<trkpt lat="46.286243" lon="15.288146">
				<ele>279</ele>
				<time>2026-09-03T13:25:10Z</time>
			</trkpt>
			<trkpt lat="46.286245" lon="15.28827">
				<ele>279.200012</ele>
				<time>2026-09-03T13:25:11Z</time>
			</trkpt>
			<trkpt lat="46.286248" lon="15.288396">
				<ele>279.399994</ele>
				<time>2026-09-03T13:25:12Z</time>
			</trkpt>
			<trkpt lat="46.286242" lon="15.288504">
				<ele>279.799988</ele>
				<time>2026-09-03T13:25:13Z</time>
			</trkpt>
			<trkpt lat="46.286243" lon="15.288586">
				<ele>280</ele>
				<time>2026-09-03T13:25:14Z</time>
			</trkpt>
			<trkpt lat="46.286235" lon="15.28871">
				<ele>280.399994</ele>
				<time>2026-09-03T13:25:15Z</time>
			</trkpt>
			<trkpt lat="46.286233" lon="15.288816">
				<ele>280.600006</ele>
				<time>2026-09-03T13:25:17Z</time>
			</trkpt>
			<trkpt lat="46.286238" lon="15.288916">
				<ele>281</ele>
				<time>2026-09-03T13:25:18Z</time>
			</trkpt>
			<trkpt lat="46.286248" lon="15.289086">
				<ele>281.600006</ele>
				<time>2026-09-03T13:25:19Z</time>
			</trkpt>
			<trkpt lat="46.286251" lon="15.289162">
				<ele>281.799988</ele>
				<time>2026-09-03T13:25:20Z</time>
			</trkpt>
			<trkpt lat="46.286253" lon="15.289246">
				<ele>282.200012</ele>
				<time>2026-09-03T13:25:22Z</time>
			</trkpt>
			<trkpt lat="46.286258" lon="15.289326">
				<ele>282.399994</ele>
				<time>2026-09-03T13:25:23Z</time>
			</trkpt>
			<trkpt lat="46.286266" lon="15.289402">
				<ele>282.600006</ele>
				<time>2026-09-03T13:25:24Z</time>
			</trkpt>
			<trkpt lat="46.286276" lon="15.289472">
				<ele>282.799988</ele>
				<time>2026-09-03T13:25:25Z</time>
			</trkpt>
			<trkpt lat="46.286291" lon="15.289532">
				<ele>283</ele>
				<time>2026-09-03T13:25:27Z</time>
			</trkpt>
			<trkpt lat="46.286303" lon="15.289606">
				<ele>283.200012</ele>
				<time>2026-09-03T13:25:28Z</time>
			</trkpt>
			<trkpt lat="46.286316" lon="15.289672">
				<ele>283.399994</ele>
				<time>2026-09-03T13:25:29Z</time>
			</trkpt>
			<trkpt lat="46.286331" lon="15.289742">
				<ele>283.600006</ele>
				<time>2026-09-03T13:25:30Z</time>
			</trkpt>
			<trkpt lat="46.286343" lon="15.289826">
				<ele>283.600006</ele>
				<time>2026-09-03T13:25:31Z</time>
			</trkpt>
			<trkpt lat="46.286358" lon="15.289886">
				<ele>283.799988</ele>
				<time>2026-09-03T13:25:32Z</time>
			</trkpt>
			<trkpt lat="46.286375" lon="15.28993">
				<ele>284</ele>
				<time>2026-09-03T13:25:33Z</time>
			</trkpt>
			<trkpt lat="46.286392" lon="15.289974">
				<ele>284</ele>
				<time>2026-09-03T13:25:34Z</time>
			</trkpt>
			<trkpt lat="46.286408" lon="15.290036">
				<ele>284.200012</ele>
				<time>2026-09-03T13:25:35Z</time>
			</trkpt>
			<trkpt lat="46.286423" lon="15.290106">
				<ele>284.200012</ele>
				<time>2026-09-03T13:25:36Z</time>
			</trkpt>
			<trkpt lat="46.286438" lon="15.290166">
				<ele>284.399994</ele>
				<time>2026-09-03T13:25:37Z</time>
			</trkpt>
			<trkpt lat="46.286455" lon="15.29022">
				<ele>284.399994</ele>
				<time>2026-09-03T13:25:38Z</time>
			</trkpt>
			<trkpt lat="46.286471" lon="15.290282">
				<ele>284.600006</ele>
				<time>2026-09-03T13:25:39Z</time>
			</trkpt>
			<trkpt lat="46.286486" lon="15.290352">
				<ele>284.799988</ele>
				<time>2026-09-03T13:25:40Z</time>
			</trkpt>
			<trkpt lat="46.286497" lon="15.290424">
				<ele>284.799988</ele>
				<time>2026-09-03T13:25:41Z</time>
			</trkpt>
			<trkpt lat="46.286507" lon="15.290474">
				<ele>284.799988</ele>
				<time>2026-09-03T13:25:42Z</time>
			</trkpt>
			<trkpt lat="46.286523" lon="15.290546">
				<ele>285</ele>
				<time>2026-09-03T13:25:43Z</time>
			</trkpt>
			<trkpt lat="46.286557" lon="15.290674">
				<ele>285</ele>
				<time>2026-09-03T13:25:44Z</time>
			</trkpt>
			<trkpt lat="46.286583" lon="15.290746">
				<ele>285.200012</ele>
				<time>2026-09-03T13:25:45Z</time>
			</trkpt>
			<trkpt lat="46.286595" lon="15.2908">
				<ele>285.200012</ele>
				<time>2026-09-03T13:25:46Z</time>
			</trkpt>
			<trkpt lat="46.286618" lon="15.290866">
				<ele>285</ele>
				<time>2026-09-03T13:25:47Z</time>
			</trkpt>
			<trkpt lat="46.286639" lon="15.290938">
				<ele>285.200012</ele>
				<time>2026-09-03T13:25:48Z</time>
			</trkpt>
			<trkpt lat="46.286661" lon="15.291002">
				<ele>285</ele>
				<time>2026-09-03T13:25:49Z</time>
			</trkpt>
			<trkpt lat="46.286684" lon="15.291078">
				<ele>285</ele>
				<time>2026-09-03T13:25:50Z</time>
			</trkpt>
			<trkpt lat="46.286717" lon="15.291154">
				<ele>285</ele>
				<time>2026-09-03T13:25:52Z</time>
			</trkpt>
			<trkpt lat="46.286747" lon="15.291224">
				<ele>284.799988</ele>
				<time>2026-09-03T13:25:53Z</time>
			</trkpt>
			<trkpt lat="46.286772" lon="15.291284">
				<ele>284.600006</ele>
				<time>2026-09-03T13:25:54Z</time>
			</trkpt>
			<trkpt lat="46.286818" lon="15.291366">
				<ele>284.399994</ele>
				<time>2026-09-03T13:25:55Z</time>
			</trkpt>
			<trkpt lat="46.286869" lon="15.291438">
				<ele>284.200012</ele>
				<time>2026-09-03T13:25:56Z</time>
			</trkpt>
			<trkpt lat="46.286953" lon="15.291596">
				<ele>283.799988</ele>
				<time>2026-09-03T13:25:57Z</time>
			</trkpt>
			<trkpt lat="46.286999" lon="15.291678">
				<ele>283.600006</ele>
				<time>2026-09-03T13:25:58Z</time>
			</trkpt>
			<trkpt lat="46.287046" lon="15.291752">
				<ele>283.200012</ele>
				<time>2026-09-03T13:25:59Z</time>
			</trkpt>
			<trkpt lat="46.287095" lon="15.29183">
				<ele>283</ele>
				<time>2026-09-03T13:26:00Z</time>
			</trkpt>
			<trkpt lat="46.287148" lon="15.291916">
				<ele>282.799988</ele>
				<time>2026-09-03T13:26:01Z</time>
			</trkpt>
			<trkpt lat="46.287203" lon="15.292006">
				<ele>282.399994</ele>
				<time>2026-09-03T13:26:02Z</time>
			</trkpt>
			<trkpt lat="46.287255" lon="15.29208">
				<ele>282</ele>
				<time>2026-09-03T13:26:03Z</time>
			</trkpt>
			<trkpt lat="46.287309" lon="15.292178">
				<ele>281.799988</ele>
				<time>2026-09-03T13:26:04Z</time>
			</trkpt>
			<trkpt lat="46.287354" lon="15.292238">
				<ele>281.399994</ele>
				<time>2026-09-03T13:26:05Z</time>
			</trkpt>
			<trkpt lat="46.287421" lon="15.292332">
				<ele>281</ele>
				<time>2026-09-03T13:26:06Z</time>
			</trkpt>
			<trkpt lat="46.287478" lon="15.292416">
				<ele>280.799988</ele>
				<time>2026-09-03T13:26:07Z</time>
			</trkpt>
			<trkpt lat="46.287528" lon="15.292486">
				<ele>280.399994</ele>
				<time>2026-09-03T13:26:08Z</time>
			</trkpt>
			<trkpt lat="46.287587" lon="15.292594">
				<ele>280</ele>
				<time>2026-09-03T13:26:09Z</time>
			</trkpt>
			<trkpt lat="46.287705" lon="15.29278">
				<ele>279.200012</ele>
				<time>2026-09-03T13:26:10Z</time>
			</trkpt>
			<trkpt lat="46.287753" lon="15.292886">
				<ele>278.799988</ele>
				<time>2026-09-03T13:26:11Z</time>
			</trkpt>
			<trkpt lat="46.287788" lon="15.292996">
				<ele>278.399994</ele>
				<time>2026-09-03T13:26:12Z</time>
			</trkpt>
			<trkpt lat="46.287816" lon="15.293112">
				<ele>277.799988</ele>
				<time>2026-09-03T13:26:13Z</time>
			</trkpt>
			<trkpt lat="46.287831" lon="15.293242">
				<ele>277.399994</ele>
				<time>2026-09-03T13:26:14Z</time>
			</trkpt>
			<trkpt lat="46.287817" lon="15.293244">
				<ele>271.71</ele>
				<time>2026-09-03T13:26:15Z</time>
			</trkpt>
			<trkpt lat="46.287821" lon="15.293502">
				<ele>271.09</ele>
				<time>2026-09-03T13:26:17Z</time>
			</trkpt>
			<trkpt lat="46.287766" lon="15.294612">
				<ele>266.81</ele>
				<time>2026-09-03T13:26:24Z</time>
			</trkpt>
			<trkpt lat="46.287745" lon="15.29518">
				<ele>262.47</ele>
				<time>2026-09-03T13:26:27Z</time>
			</trkpt>
			<trkpt lat="46.287725" lon="15.29735">
				<ele>257.03</ele>
				<time>2026-09-03T13:26:40Z</time>
			</trkpt>
			<trkpt lat="46.287691" lon="15.299622">
				<ele>258.99</ele>
				<time>2026-09-03T13:26:53Z</time>
			</trkpt>
			<trkpt lat="46.287652" lon="15.303974">
				<ele>265.32</ele>
				<time>2026-09-03T13:27:19Z</time>
			</trkpt>
			<trkpt lat="46.287642" lon="15.303974">
				<ele>265.31</ele>
				<time>2026-09-03T13:27:20Z</time>
			</trkpt>
			<trkpt lat="46.287296" lon="15.304002">
				<ele>264.85</ele>
				<time>2026-09-03T13:27:23Z</time>
			</trkpt>
			<trkpt lat="46.286891" lon="15.303992">
				<ele>264.39</ele>
				<time>2026-09-03T13:27:27Z</time>
			</trkpt>
			<trkpt lat="46.286892" lon="15.303954">
				<ele>272.200012</ele>
				<time>2026-09-03T13:27:28Z</time>
			</trkpt>
			<trkpt lat="46.286843" lon="15.303946">
				<ele>272.200012</ele>
				<time>2026-09-03T13:27:29Z</time>
			</trkpt>
			<trkpt lat="46.286792" lon="15.303944">
				<ele>272</ele>
				<time>2026-09-03T13:27:30Z</time>
			</trkpt>
			<trkpt lat="46.286739" lon="15.303938">
				<ele>272</ele>
				<time>2026-09-03T13:27:31Z</time>
			</trkpt>
			<trkpt lat="46.286686" lon="15.303932">
				<ele>271.799988</ele>
				<time>2026-09-03T13:27:32Z</time>
			</trkpt>
			<trkpt lat="46.286632" lon="15.303924">
				<ele>271.799988</ele>
				<time>2026-09-03T13:27:33Z</time>
			</trkpt>
			<trkpt lat="46.286576" lon="15.303922">
				<ele>271.799988</ele>
				<time>2026-09-03T13:27:35Z</time>
			</trkpt>
			<trkpt lat="46.286521" lon="15.303922">
				<ele>271.799988</ele>
				<time>2026-09-03T13:27:36Z</time>
			</trkpt>
			<trkpt lat="46.286466" lon="15.303922">
				<ele>271.799988</ele>
				<time>2026-09-03T13:27:38Z</time>
			</trkpt>
			<trkpt lat="46.286345" lon="15.30391">
				<ele>271.799988</ele>
				<time>2026-09-03T13:27:40Z</time>
			</trkpt>
			<trkpt lat="46.286302" lon="15.303904">
				<ele>271.799988</ele>
				<time>2026-09-03T13:27:41Z</time>
			</trkpt>
			<trkpt lat="46.286233" lon="15.303896">
				<ele>271.799988</ele>
				<time>2026-09-03T13:27:43Z</time>
			</trkpt>
			<trkpt lat="46.286188" lon="15.303896">
				<ele>271.600006</ele>
				<time>2026-09-03T13:27:44Z</time>
			</trkpt>
			<trkpt lat="46.286123" lon="15.303886">
				<ele>271.600006</ele>
				<time>2026-09-03T13:27:45Z</time>
			</trkpt>
			<trkpt lat="46.286074" lon="15.303888">
				<ele>271.600006</ele>
				<time>2026-09-03T13:27:46Z</time>
			</trkpt>
			<trkpt lat="46.286016" lon="15.303872">
				<ele>271.600006</ele>
				<time>2026-09-03T13:27:47Z</time>
			</trkpt>
			<trkpt lat="46.285959" lon="15.303878">
				<ele>271.600006</ele>
				<time>2026-09-03T13:27:48Z</time>
			</trkpt>
			<trkpt lat="46.285902" lon="15.303864">
				<ele>271.399994</ele>
				<time>2026-09-03T13:27:49Z</time>
			</trkpt>
			<trkpt lat="46.285844" lon="15.303858">
				<ele>271.399994</ele>
				<time>2026-09-03T13:27:50Z</time>
			</trkpt>
			<trkpt lat="46.285777" lon="15.303854">
				<ele>271.399994</ele>
				<time>2026-09-03T13:27:51Z</time>
			</trkpt>
			<trkpt lat="46.285673" lon="15.303846">
				<ele>271.200012</ele>
				<time>2026-09-03T13:27:52Z</time>
			</trkpt>
			<trkpt lat="46.285618" lon="15.303836">
				<ele>271.200012</ele>
				<time>2026-09-03T13:27:53Z</time>
			</trkpt>
			<trkpt lat="46.285549" lon="15.303828">
				<ele>271.200012</ele>
				<time>2026-09-03T13:27:54Z</time>
			</trkpt>
			<trkpt lat="46.285503" lon="15.303816">
				<ele>271.200012</ele>
				<time>2026-09-03T13:27:55Z</time>
			</trkpt>
			<trkpt lat="46.285446" lon="15.303812">
				<ele>271.200012</ele>
				<time>2026-09-03T13:27:56Z</time>
			</trkpt>
			<trkpt lat="46.285391" lon="15.303802">
				<ele>271.200012</ele>
				<time>2026-09-03T13:27:57Z</time>
			</trkpt>
			<trkpt lat="46.285334" lon="15.303798">
				<ele>271.200012</ele>
				<time>2026-09-03T13:27:58Z</time>
			</trkpt>
			<trkpt lat="46.285276" lon="15.303782">
				<ele>271.399994</ele>
				<time>2026-09-03T13:27:59Z</time>
			</trkpt>
			<trkpt lat="46.285219" lon="15.303778">
				<ele>271.399994</ele>
				<time>2026-09-03T13:28:00Z</time>
			</trkpt>
			<trkpt lat="46.285163" lon="15.303756">
				<ele>271.399994</ele>
				<time>2026-09-03T13:28:01Z</time>
			</trkpt>
			<trkpt lat="46.285106" lon="15.303742">
				<ele>271.399994</ele>
				<time>2026-09-03T13:28:02Z</time>
			</trkpt>
			<trkpt lat="46.285049" lon="15.303738">
				<ele>271.399994</ele>
				<time>2026-09-03T13:28:03Z</time>
			</trkpt>
			<trkpt lat="46.284937" lon="15.303704">
				<ele>271.399994</ele>
				<time>2026-09-03T13:28:05Z</time>
			</trkpt>
			<trkpt lat="46.284872" lon="15.303684">
				<ele>271.399994</ele>
				<time>2026-09-03T13:28:06Z</time>
			</trkpt>
			<trkpt lat="46.284814" lon="15.303678">
				<ele>271.399994</ele>
				<time>2026-09-03T13:28:07Z</time>
			</trkpt>
			<trkpt lat="46.284756" lon="15.303662">
				<ele>271.399994</ele>
				<time>2026-09-03T13:28:08Z</time>
			</trkpt>
			<trkpt lat="46.284697" lon="15.303644">
				<ele>271.399994</ele>
				<time>2026-09-03T13:28:10Z</time>
			</trkpt>
			<trkpt lat="46.284641" lon="15.303632">
				<ele>271.399994</ele>
				<time>2026-09-03T13:28:11Z</time>
			</trkpt>
			<trkpt lat="46.284583" lon="15.303616">
				<ele>271.399994</ele>
				<time>2026-09-03T13:28:12Z</time>
			</trkpt>
			<trkpt lat="46.284525" lon="15.30359">
				<ele>271.200012</ele>
				<time>2026-09-03T13:28:13Z</time>
			</trkpt>
			<trkpt lat="46.284467" lon="15.303584">
				<ele>271.200012</ele>
				<time>2026-09-03T13:28:14Z</time>
			</trkpt>
			<trkpt lat="46.284408" lon="15.303566">
				<ele>271.200012</ele>
				<time>2026-09-03T13:28:15Z</time>
			</trkpt>
			<trkpt lat="46.284357" lon="15.303554">
				<ele>271</ele>
				<time>2026-09-03T13:28:16Z</time>
			</trkpt>
			<trkpt lat="46.284291" lon="15.303532">
				<ele>271</ele>
				<time>2026-09-03T13:28:17Z</time>
			</trkpt>
			<trkpt lat="46.284233" lon="15.303516">
				<ele>270.799988</ele>
				<time>2026-09-03T13:28:18Z</time>
			</trkpt>
			<trkpt lat="46.284172" lon="15.303494">
				<ele>270.799988</ele>
				<time>2026-09-03T13:28:19Z</time>
			</trkpt>
			<trkpt lat="46.284111" lon="15.303482">
				<ele>270.600006</ele>
				<time>2026-09-03T13:28:20Z</time>
			</trkpt>
			<trkpt lat="46.284052" lon="15.303464">
				<ele>270.600006</ele>
				<time>2026-09-03T13:28:21Z</time>
			</trkpt>
			<trkpt lat="46.283993" lon="15.303446">
				<ele>270.600006</ele>
				<time>2026-09-03T13:28:22Z</time>
			</trkpt>
			<trkpt lat="46.283934" lon="15.303428">
				<ele>270.399994</ele>
				<time>2026-09-03T13:28:23Z</time>
			</trkpt>
			<trkpt lat="46.283873" lon="15.303406">
				<ele>270.399994</ele>
				<time>2026-09-03T13:28:24Z</time>
			</trkpt>
			<trkpt lat="46.283813" lon="15.303386">
				<ele>270.399994</ele>
				<time>2026-09-03T13:28:25Z</time>
			</trkpt>
			<trkpt lat="46.283752" lon="15.303374">
				<ele>270.399994</ele>
				<time>2026-09-03T13:28:26Z</time>
			</trkpt>
			<trkpt lat="46.283694" lon="15.303358">
				<ele>270.200012</ele>
				<time>2026-09-03T13:28:27Z</time>
			</trkpt>
			<trkpt lat="46.283634" lon="15.303338">
				<ele>270.200012</ele>
				<time>2026-09-03T13:28:28Z</time>
			</trkpt>
			<trkpt lat="46.283575" lon="15.30332">
				<ele>270.200012</ele>
				<time>2026-09-03T13:28:29Z</time>
			</trkpt>
			<trkpt lat="46.283453" lon="15.303296">
				<ele>270</ele>
				<time>2026-09-03T13:28:30Z</time>
			</trkpt>
			<trkpt lat="46.283391" lon="15.303272">
				<ele>270</ele>
				<time>2026-09-03T13:28:31Z</time>
			</trkpt>
			<trkpt lat="46.283331" lon="15.303252">
				<ele>269.799988</ele>
				<time>2026-09-03T13:28:32Z</time>
			</trkpt>
			<trkpt lat="46.283269" lon="15.303238">
				<ele>269.799988</ele>
				<time>2026-09-03T13:28:33Z</time>
			</trkpt>
			<trkpt lat="46.283207" lon="15.303224">
				<ele>269.600006</ele>
				<time>2026-09-03T13:28:34Z</time>
			</trkpt>
			<trkpt lat="46.283147" lon="15.303204">
				<ele>269.600006</ele>
				<time>2026-09-03T13:28:35Z</time>
			</trkpt>
			<trkpt lat="46.283085" lon="15.30317">
				<ele>269.399994</ele>
				<time>2026-09-03T13:28:36Z</time>
			</trkpt>
			<trkpt lat="46.283025" lon="15.30315">
				<ele>269.399994</ele>
				<time>2026-09-03T13:28:37Z</time>
			</trkpt>
			<trkpt lat="46.282964" lon="15.303138">
				<ele>269.399994</ele>
				<time>2026-09-03T13:28:38Z</time>
			</trkpt>
			<trkpt lat="46.282903" lon="15.303116">
				<ele>269.200012</ele>
				<time>2026-09-03T13:28:39Z</time>
			</trkpt>
			<trkpt lat="46.282841" lon="15.303092">
				<ele>269.200012</ele>
				<time>2026-09-03T13:28:40Z</time>
			</trkpt>
			<trkpt lat="46.282777" lon="15.303074">
				<ele>269.200012</ele>
				<time>2026-09-03T13:28:41Z</time>
			</trkpt>
			<trkpt lat="46.282654" lon="15.303038">
				<ele>269</ele>
				<time>2026-09-03T13:28:42Z</time>
			</trkpt>
			<trkpt lat="46.282595" lon="15.303">
				<ele>269</ele>
				<time>2026-09-03T13:28:43Z</time>
			</trkpt>
			<trkpt lat="46.282536" lon="15.302982">
				<ele>269</ele>
				<time>2026-09-03T13:28:44Z</time>
			</trkpt>
			<trkpt lat="46.282476" lon="15.302952">
				<ele>269</ele>
				<time>2026-09-03T13:28:45Z</time>
			</trkpt>
			<trkpt lat="46.282417" lon="15.302934">
				<ele>268.799988</ele>
				<time>2026-09-03T13:28:46Z</time>
			</trkpt>
			<trkpt lat="46.282359" lon="15.302908">
				<ele>268.799988</ele>
				<time>2026-09-03T13:28:47Z</time>
			</trkpt>
			<trkpt lat="46.282306" lon="15.302872">
				<ele>268.600006</ele>
				<time>2026-09-03T13:28:48Z</time>
			</trkpt>
			<trkpt lat="46.282241" lon="15.302842">
				<ele>268.600006</ele>
				<time>2026-09-03T13:28:49Z</time>
			</trkpt>
			<trkpt lat="46.282182" lon="15.302814">
				<ele>268.399994</ele>
				<time>2026-09-03T13:28:50Z</time>
			</trkpt>
			<trkpt lat="46.282121" lon="15.302792">
				<ele>268.399994</ele>
				<time>2026-09-03T13:28:51Z</time>
			</trkpt>
			<trkpt lat="46.282062" lon="15.302764">
				<ele>268.399994</ele>
				<time>2026-09-03T13:28:52Z</time>
			</trkpt>
			<trkpt lat="46.282004" lon="15.302738">
				<ele>268.399994</ele>
				<time>2026-09-03T13:28:53Z</time>
			</trkpt>
			<trkpt lat="46.281946" lon="15.302702">
				<ele>268.399994</ele>
				<time>2026-09-03T13:28:54Z</time>
			</trkpt>
			<trkpt lat="46.281828" lon="15.302646">
				<ele>268.399994</ele>
				<time>2026-09-03T13:28:55Z</time>
			</trkpt>
			<trkpt lat="46.281767" lon="15.302614">
				<ele>268.399994</ele>
				<time>2026-09-03T13:28:56Z</time>
			</trkpt>
			<trkpt lat="46.281708" lon="15.302586">
				<ele>268.399994</ele>
				<time>2026-09-03T13:28:57Z</time>
			</trkpt>
			<trkpt lat="46.281647" lon="15.302544">
				<ele>268.399994</ele>
				<time>2026-09-03T13:28:58Z</time>
			</trkpt>
			<trkpt lat="46.281586" lon="15.302512">
				<ele>268.399994</ele>
				<time>2026-09-03T13:28:59Z</time>
			</trkpt>
			<trkpt lat="46.281526" lon="15.302482">
				<ele>268.399994</ele>
				<time>2026-09-03T13:29:00Z</time>
			</trkpt>
			<trkpt lat="46.281463" lon="15.302456">
				<ele>268.399994</ele>
				<time>2026-09-03T13:29:02Z</time>
			</trkpt>
			<trkpt lat="46.281397" lon="15.302424">
				<ele>268.399994</ele>
				<time>2026-09-03T13:29:03Z</time>
			</trkpt>
			<trkpt lat="46.281334" lon="15.302398">
				<ele>268.399994</ele>
				<time>2026-09-03T13:29:04Z</time>
			</trkpt>
			<trkpt lat="46.281272" lon="15.302354">
				<ele>268.200012</ele>
				<time>2026-09-03T13:29:06Z</time>
			</trkpt>
			<trkpt lat="46.281215" lon="15.30232">
				<ele>268.200012</ele>
				<time>2026-09-03T13:29:07Z</time>
			</trkpt>
			<trkpt lat="46.281086" lon="15.302262">
				<ele>268</ele>
				<time>2026-09-03T13:29:09Z</time>
			</trkpt>
			<trkpt lat="46.281027" lon="15.302224">
				<ele>267.799988</ele>
				<time>2026-09-03T13:29:10Z</time>
			</trkpt>
			<trkpt lat="46.280966" lon="15.302192">
				<ele>267.799988</ele>
				<time>2026-09-03T13:29:11Z</time>
			</trkpt>
			<trkpt lat="46.280907" lon="15.302164">
				<ele>267.600006</ele>
				<time>2026-09-03T13:29:12Z</time>
			</trkpt>
			<trkpt lat="46.280848" lon="15.302136">
				<ele>267.600006</ele>
				<time>2026-09-03T13:29:13Z</time>
			</trkpt>
			<trkpt lat="46.280795" lon="15.3021">
				<ele>267.600006</ele>
				<time>2026-09-03T13:29:14Z</time>
			</trkpt>
			<trkpt lat="46.280733" lon="15.302076">
				<ele>267.399994</ele>
				<time>2026-09-03T13:29:15Z</time>
			</trkpt>
			<trkpt lat="46.280674" lon="15.302048">
				<ele>267.399994</ele>
				<time>2026-09-03T13:29:16Z</time>
			</trkpt>
			<trkpt lat="46.280616" lon="15.302012">
				<ele>267.399994</ele>
				<time>2026-09-03T13:29:17Z</time>
			</trkpt>
			<trkpt lat="46.280556" lon="15.301982">
				<ele>267.399994</ele>
				<time>2026-09-03T13:29:18Z</time>
			</trkpt>
			<trkpt lat="46.280493" lon="15.301956">
				<ele>267.200012</ele>
				<time>2026-09-03T13:29:19Z</time>
			</trkpt>
			<trkpt lat="46.280371" lon="15.301882">
				<ele>267</ele>
				<time>2026-09-03T13:29:20Z</time>
			</trkpt>
			<trkpt lat="46.280309" lon="15.301848">
				<ele>267</ele>
				<time>2026-09-03T13:29:21Z</time>
			</trkpt>
			<trkpt lat="46.280247" lon="15.301804">
				<ele>266.799988</ele>
				<time>2026-09-03T13:29:22Z</time>
			</trkpt>
			<trkpt lat="46.280186" lon="15.301762">
				<ele>266.600006</ele>
				<time>2026-09-03T13:29:23Z</time>
			</trkpt>
			<trkpt lat="46.280122" lon="15.301724">
				<ele>266.399994</ele>
				<time>2026-09-03T13:29:24Z</time>
			</trkpt>
			<trkpt lat="46.280057" lon="15.301684">
				<ele>266.200012</ele>
				<time>2026-09-03T13:29:25Z</time>
			</trkpt>
			<trkpt lat="46.279994" lon="15.301648">
				<ele>266.200012</ele>
				<time>2026-09-03T13:29:26Z</time>
			</trkpt>
			<trkpt lat="46.279932" lon="15.301594">
				<ele>266.200012</ele>
				<time>2026-09-03T13:29:27Z</time>
			</trkpt>
			<trkpt lat="46.279867" lon="15.301554">
				<ele>265.799988</ele>
				<time>2026-09-03T13:29:28Z</time>
			</trkpt>
			<trkpt lat="46.279803" lon="15.301506">
				<ele>265.799988</ele>
				<time>2026-09-03T13:29:29Z</time>
			</trkpt>
			<trkpt lat="46.279745" lon="15.30146">
				<ele>265.600006</ele>
				<time>2026-09-03T13:29:30Z</time>
			</trkpt>
			<trkpt lat="46.279677" lon="15.301424">
				<ele>265.399994</ele>
				<time>2026-09-03T13:29:31Z</time>
			</trkpt>
			<trkpt lat="46.279613" lon="15.301386">
				<ele>265.200012</ele>
				<time>2026-09-03T13:29:32Z</time>
			</trkpt>
			<trkpt lat="46.279486" lon="15.301302">
				<ele>265</ele>
				<time>2026-09-03T13:29:33Z</time>
			</trkpt>
			<trkpt lat="46.279426" lon="15.301262">
				<ele>265</ele>
				<time>2026-09-03T13:29:34Z</time>
			</trkpt>
			<trkpt lat="46.279372" lon="15.301224">
				<ele>265</ele>
				<time>2026-09-03T13:29:35Z</time>
			</trkpt>
			<trkpt lat="46.279325" lon="15.30118">
				<ele>265</ele>
				<time>2026-09-03T13:29:36Z</time>
			</trkpt>
			<trkpt lat="46.279275" lon="15.30113">
				<ele>265</ele>
				<time>2026-09-03T13:29:37Z</time>
			</trkpt>
			<trkpt lat="46.279238" lon="15.301096">
				<ele>265</ele>
				<time>2026-09-03T13:29:38Z</time>
			</trkpt>
			<trkpt lat="46.279201" lon="15.301062">
				<ele>265</ele>
				<time>2026-09-03T13:29:39Z</time>
			</trkpt>
			<trkpt lat="46.279165" lon="15.30103">
				<ele>265</ele>
				<time>2026-09-03T13:29:40Z</time>
			</trkpt>
			<trkpt lat="46.279125" lon="15.30104">
				<ele>265</ele>
				<time>2026-09-03T13:29:41Z</time>
			</trkpt>
			<trkpt lat="46.279085" lon="15.30107">
				<ele>265</ele>
				<time>2026-09-03T13:29:42Z</time>
			</trkpt>
			<trkpt lat="46.279046" lon="15.301112">
				<ele>265</ele>
				<time>2026-09-03T13:29:43Z</time>
			</trkpt>
			<trkpt lat="46.279006" lon="15.301162">
				<ele>264.799988</ele>
				<time>2026-09-03T13:29:44Z</time>
			</trkpt>
			<trkpt lat="46.278962" lon="15.301204">
				<ele>264.799988</ele>
				<time>2026-09-03T13:29:45Z</time>
			</trkpt>
			<trkpt lat="46.278857" lon="15.301254">
				<ele>264.200012</ele>
				<time>2026-09-03T13:29:46Z</time>
			</trkpt>
			<trkpt lat="46.278801" lon="15.301262">
				<ele>264</ele>
				<time>2026-09-03T13:29:47Z</time>
			</trkpt>
			<trkpt lat="46.278742" lon="15.301274">
				<ele>263.799988</ele>
				<time>2026-09-03T13:29:48Z</time>
			</trkpt>
			<trkpt lat="46.278684" lon="15.301288">
				<ele>263.600006</ele>
				<time>2026-09-03T13:29:49Z</time>
			</trkpt>
			<trkpt lat="46.278625" lon="15.30128">
				<ele>263.399994</ele>
				<time>2026-09-03T13:29:50Z</time>
			</trkpt>
			<trkpt lat="46.278564" lon="15.301298">
				<ele>263.200012</ele>
				<time>2026-09-03T13:29:51Z</time>
			</trkpt>
			<trkpt lat="46.278502" lon="15.301304">
				<ele>263</ele>
				<time>2026-09-03T13:29:52Z</time>
			</trkpt>
			<trkpt lat="46.278441" lon="15.301312">
				<ele>263</ele>
				<time>2026-09-03T13:29:53Z</time>
			</trkpt>
			<trkpt lat="46.278383" lon="15.301326">
				<ele>262.799988</ele>
				<time>2026-09-03T13:29:54Z</time>
			</trkpt>
			<trkpt lat="46.278325" lon="15.30133">
				<ele>262.600006</ele>
				<time>2026-09-03T13:29:55Z</time>
			</trkpt>
			<trkpt lat="46.278269" lon="15.301348">
				<ele>262.600006</ele>
				<time>2026-09-03T13:29:56Z</time>
			</trkpt>
			<trkpt lat="46.278213" lon="15.301356">
				<ele>262.600006</ele>
				<time>2026-09-03T13:29:57Z</time>
			</trkpt>
			<trkpt lat="46.278155" lon="15.30136">
				<ele>262.600006</ele>
				<time>2026-09-03T13:29:58Z</time>
			</trkpt>
			<trkpt lat="46.278038" lon="15.301386">
				<ele>262.799988</ele>
				<time>2026-09-03T13:29:59Z</time>
			</trkpt>
			<trkpt lat="46.277985" lon="15.30138">
				<ele>262.799988</ele>
				<time>2026-09-03T13:30:00Z</time>
			</trkpt>
			<trkpt lat="46.277931" lon="15.301382">
				<ele>262.799988</ele>
				<time>2026-09-03T13:30:01Z</time>
			</trkpt>
			<trkpt lat="46.277879" lon="15.301368">
				<ele>263</ele>
				<time>2026-09-03T13:30:02Z</time>
			</trkpt>
			<trkpt lat="46.277827" lon="15.301354">
				<ele>263</ele>
				<time>2026-09-03T13:30:03Z</time>
			</trkpt>
			<trkpt lat="46.277773" lon="15.301346">
				<ele>263</ele>
				<time>2026-09-03T13:30:04Z</time>
			</trkpt>
			<trkpt lat="46.277719" lon="15.301348">
				<ele>263</ele>
				<time>2026-09-03T13:30:05Z</time>
			</trkpt>
			<trkpt lat="46.277664" lon="15.301338">
				<ele>263</ele>
				<time>2026-09-03T13:30:06Z</time>
			</trkpt>
			<trkpt lat="46.277612" lon="15.301334">
				<ele>262.799988</ele>
				<time>2026-09-03T13:30:07Z</time>
			</trkpt>
			<trkpt lat="46.277554" lon="15.301328">
				<ele>262.799988</ele>
				<time>2026-09-03T13:30:08Z</time>
			</trkpt>
			<trkpt lat="46.277497" lon="15.301324">
				<ele>262.600006</ele>
				<time>2026-09-03T13:30:09Z</time>
			</trkpt>
			<trkpt lat="46.277436" lon="15.301322">
				<ele>262.399994</ele>
				<time>2026-09-03T13:30:10Z</time>
			</trkpt>
			<trkpt lat="46.277321" lon="15.301322">
				<ele>262.200012</ele>
				<time>2026-09-03T13:30:11Z</time>
			</trkpt>
			<trkpt lat="46.277263" lon="15.301336">
				<ele>262</ele>
				<time>2026-09-03T13:30:12Z</time>
			</trkpt>
			<trkpt lat="46.277208" lon="15.301336">
				<ele>262</ele>
				<time>2026-09-03T13:30:13Z</time>
			</trkpt>
			<trkpt lat="46.277152" lon="15.301334">
				<ele>262</ele>
				<time>2026-09-03T13:30:14Z</time>
			</trkpt>
			<trkpt lat="46.277096" lon="15.301332">
				<ele>261.799988</ele>
				<time>2026-09-03T13:30:15Z</time>
			</trkpt>
			<trkpt lat="46.277041" lon="15.301332">
				<ele>261.799988</ele>
				<time>2026-09-03T13:30:16Z</time>
			</trkpt>
			<trkpt lat="46.276986" lon="15.301342">
				<ele>261.799988</ele>
				<time>2026-09-03T13:30:17Z</time>
			</trkpt>
			<trkpt lat="46.276932" lon="15.301344">
				<ele>261.600006</ele>
				<time>2026-09-03T13:30:18Z</time>
			</trkpt>
			<trkpt lat="46.276881" lon="15.301342">
				<ele>261.799988</ele>
				<time>2026-09-03T13:30:19Z</time>
			</trkpt>
			<trkpt lat="46.276829" lon="15.301348">
				<ele>261.799988</ele>
				<time>2026-09-03T13:30:20Z</time>
			</trkpt>
			<trkpt lat="46.276778" lon="15.301356">
				<ele>262</ele>
				<time>2026-09-03T13:30:21Z</time>
			</trkpt>
			<trkpt lat="46.276726" lon="15.301352">
				<ele>262</ele>
				<time>2026-09-03T13:30:22Z</time>
			</trkpt>
			<trkpt lat="46.276675" lon="15.30136">
				<ele>262.200012</ele>
				<time>2026-09-03T13:30:23Z</time>
			</trkpt>
			<trkpt lat="46.276574" lon="15.301378">
				<ele>262.399994</ele>
				<time>2026-09-03T13:30:24Z</time>
			</trkpt>
			<trkpt lat="46.276521" lon="15.301372">
				<ele>262.600006</ele>
				<time>2026-09-03T13:30:25Z</time>
			</trkpt>
			<trkpt lat="46.276471" lon="15.301382">
				<ele>262.600006</ele>
				<time>2026-09-03T13:30:26Z</time>
			</trkpt>
			<trkpt lat="46.276422" lon="15.301394">
				<ele>262.799988</ele>
				<time>2026-09-03T13:30:27Z</time>
			</trkpt>
			<trkpt lat="46.276372" lon="15.301394">
				<ele>262.799988</ele>
				<time>2026-09-03T13:30:28Z</time>
			</trkpt>
			<trkpt lat="46.276326" lon="15.301402">
				<ele>262.799988</ele>
				<time>2026-09-03T13:30:29Z</time>
			</trkpt>
			<trkpt lat="46.276279" lon="15.301428">
				<ele>263</ele>
				<time>2026-09-03T13:30:30Z</time>
			</trkpt>
			<trkpt lat="46.276232" lon="15.301434">
				<ele>263</ele>
				<time>2026-09-03T13:30:31Z</time>
			</trkpt>
			<trkpt lat="46.276186" lon="15.301452">
				<ele>263.200012</ele>
				<time>2026-09-03T13:30:32Z</time>
			</trkpt>
			<trkpt lat="46.276141" lon="15.301462">
				<ele>263.200012</ele>
				<time>2026-09-03T13:30:33Z</time>
			</trkpt>
			<trkpt lat="46.276095" lon="15.30148">
				<ele>263.399994</ele>
				<time>2026-09-03T13:30:34Z</time>
			</trkpt>
			<trkpt lat="46.276054" lon="15.301508">
				<ele>263.399994</ele>
				<time>2026-09-03T13:30:35Z</time>
			</trkpt>
			<trkpt lat="46.276005" lon="15.30152">
				<ele>263.600006</ele>
				<time>2026-09-03T13:30:36Z</time>
			</trkpt>
			<trkpt lat="46.275918" lon="15.301586">
				<ele>263.799988</ele>
				<time>2026-09-03T13:30:37Z</time>
			</trkpt>
			<trkpt lat="46.275878" lon="15.301616">
				<ele>263.799988</ele>
				<time>2026-09-03T13:30:38Z</time>
			</trkpt>
			<trkpt lat="46.275847" lon="15.301654">
				<ele>263.799988</ele>
				<time>2026-09-03T13:30:39Z</time>
			</trkpt>
			<trkpt lat="46.275802" lon="15.301694">
				<ele>263.799988</ele>
				<time>2026-09-03T13:30:40Z</time>
			</trkpt>
			<trkpt lat="46.275767" lon="15.301734">
				<ele>264</ele>
				<time>2026-09-03T13:30:41Z</time>
			</trkpt>
			<trkpt lat="46.275735" lon="15.30178">
				<ele>264</ele>
				<time>2026-09-03T13:30:42Z</time>
			</trkpt>
			<trkpt lat="46.275701" lon="15.301822">
				<ele>264.200012</ele>
				<time>2026-09-03T13:30:43Z</time>
			</trkpt>
			<trkpt lat="46.275667" lon="15.301874">
				<ele>264.200012</ele>
				<time>2026-09-03T13:30:44Z</time>
			</trkpt>
			<trkpt lat="46.275634" lon="15.301918">
				<ele>264.200012</ele>
				<time>2026-09-03T13:30:45Z</time>
			</trkpt>
			<trkpt lat="46.275602" lon="15.301964">
				<ele>264.399994</ele>
				<time>2026-09-03T13:30:46Z</time>
			</trkpt>
			<trkpt lat="46.275569" lon="15.302018">
				<ele>264.399994</ele>
				<time>2026-09-03T13:30:47Z</time>
			</trkpt>
			<trkpt lat="46.275535" lon="15.30206">
				<ele>264.399994</ele>
				<time>2026-09-03T13:30:48Z</time>
			</trkpt>
			<trkpt lat="46.275471" lon="15.302152">
				<ele>264.600006</ele>
				<time>2026-09-03T13:30:49Z</time>
			</trkpt>
			<trkpt lat="46.275439" lon="15.302208">
				<ele>264.799988</ele>
				<time>2026-09-03T13:30:50Z</time>
			</trkpt>
			<trkpt lat="46.275406" lon="15.302252">
				<ele>265</ele>
				<time>2026-09-03T13:30:51Z</time>
			</trkpt>
			<trkpt lat="46.275372" lon="15.302294">
				<ele>265</ele>
				<time>2026-09-03T13:30:52Z</time>
			</trkpt>
			<trkpt lat="46.275343" lon="15.302346">
				<ele>265.200012</ele>
				<time>2026-09-03T13:30:53Z</time>
			</trkpt>
			<trkpt lat="46.275309" lon="15.302388">
				<ele>265.200012</ele>
				<time>2026-09-03T13:30:54Z</time>
			</trkpt>
			<trkpt lat="46.275278" lon="15.302436">
				<ele>265.200012</ele>
				<time>2026-09-03T13:30:55Z</time>
			</trkpt>
			<trkpt lat="46.275247" lon="15.302484">
				<ele>265.200012</ele>
				<time>2026-09-03T13:30:56Z</time>
			</trkpt>
			<trkpt lat="46.275214" lon="15.302538">
				<ele>265.200012</ele>
				<time>2026-09-03T13:30:57Z</time>
			</trkpt>
			<trkpt lat="46.275184" lon="15.302588">
				<ele>265.200012</ele>
				<time>2026-09-03T13:30:58Z</time>
			</trkpt>
			<trkpt lat="46.275154" lon="15.302638">
				<ele>265.399994</ele>
				<time>2026-09-03T13:30:59Z</time>
			</trkpt>
			<trkpt lat="46.275124" lon="15.302688">
				<ele>265.399994</ele>
				<time>2026-09-03T13:31:00Z</time>
			</trkpt>
			<trkpt lat="46.275092" lon="15.302734">
				<ele>265.399994</ele>
				<time>2026-09-03T13:31:01Z</time>
			</trkpt>
			<trkpt lat="46.275035" lon="15.30282">
				<ele>265.600006</ele>
				<time>2026-09-03T13:31:02Z</time>
			</trkpt>
			<trkpt lat="46.275003" lon="15.302876">
				<ele>265.799988</ele>
				<time>2026-09-03T13:31:03Z</time>
			</trkpt>
			<trkpt lat="46.274974" lon="15.302918">
				<ele>265.799988</ele>
				<time>2026-09-03T13:31:04Z</time>
			</trkpt>
			<trkpt lat="46.274936" lon="15.302972">
				<ele>265.799988</ele>
				<time>2026-09-03T13:31:05Z</time>
			</trkpt>
			<trkpt lat="46.274906" lon="15.303022">
				<ele>265.799988</ele>
				<time>2026-09-03T13:31:06Z</time>
			</trkpt>
			<trkpt lat="46.274875" lon="15.30307">
				<ele>266</ele>
				<time>2026-09-03T13:31:07Z</time>
			</trkpt>
			<trkpt lat="46.274845" lon="15.30312">
				<ele>266</ele>
				<time>2026-09-03T13:31:08Z</time>
			</trkpt>
			<trkpt lat="46.274814" lon="15.303178">
				<ele>266.200012</ele>
				<time>2026-09-03T13:31:09Z</time>
			</trkpt>
			<trkpt lat="46.274789" lon="15.303218">
				<ele>266.200012</ele>
				<time>2026-09-03T13:31:10Z</time>
			</trkpt>
			<trkpt lat="46.274752" lon="15.303274">
				<ele>266.399994</ele>
				<time>2026-09-03T13:31:11Z</time>
			</trkpt>
			<trkpt lat="46.274723" lon="15.303336">
				<ele>266.399994</ele>
				<time>2026-09-03T13:31:12Z</time>
			</trkpt>
			<trkpt lat="46.274694" lon="15.303388">
				<ele>266.600006</ele>
				<time>2026-09-03T13:31:13Z</time>
			</trkpt>
			<trkpt lat="46.274664" lon="15.303448">
				<ele>266.600006</ele>
				<time>2026-09-03T13:31:14Z</time>
			</trkpt>
			<trkpt lat="46.274616" lon="15.303542">
				<ele>266.600006</ele>
				<time>2026-09-03T13:31:15Z</time>
			</trkpt>
			<trkpt lat="46.274579" lon="15.303618">
				<ele>266.799988</ele>
				<time>2026-09-03T13:31:17Z</time>
			</trkpt>
			<trkpt lat="46.274555" lon="15.30366">
				<ele>266.799988</ele>
				<time>2026-09-03T13:31:18Z</time>
			</trkpt>
			<trkpt lat="46.274532" lon="15.303724">
				<ele>266.799988</ele>
				<time>2026-09-03T13:31:19Z</time>
			</trkpt>
			<trkpt lat="46.274509" lon="15.303788">
				<ele>267</ele>
				<time>2026-09-03T13:31:20Z</time>
			</trkpt>
			<trkpt lat="46.274488" lon="15.303846">
				<ele>267.200012</ele>
				<time>2026-09-03T13:31:21Z</time>
			</trkpt>
			<trkpt lat="46.274469" lon="15.303908">
				<ele>267.200012</ele>
				<time>2026-09-03T13:31:22Z</time>
			</trkpt>
			<trkpt lat="46.274452" lon="15.303954">
				<ele>267.399994</ele>
				<time>2026-09-03T13:31:23Z</time>
			</trkpt>
			<trkpt lat="46.274431" lon="15.304012">
				<ele>267.399994</ele>
				<time>2026-09-03T13:31:24Z</time>
			</trkpt>
			<trkpt lat="46.274409" lon="15.304078">
				<ele>267.600006</ele>
				<time>2026-09-03T13:31:25Z</time>
			</trkpt>
			<trkpt lat="46.274389" lon="15.304138">
				<ele>267.799988</ele>
				<time>2026-09-03T13:31:26Z</time>
			</trkpt>
			<trkpt lat="46.274347" lon="15.304254">
				<ele>267.799988</ele>
				<time>2026-09-03T13:31:27Z</time>
			</trkpt>
			<trkpt lat="46.274327" lon="15.304314">
				<ele>267.799988</ele>
				<time>2026-09-03T13:31:28Z</time>
			</trkpt>
			<trkpt lat="46.274305" lon="15.30437">
				<ele>268</ele>
				<time>2026-09-03T13:31:29Z</time>
			</trkpt>
			<trkpt lat="46.274281" lon="15.304432">
				<ele>268</ele>
				<time>2026-09-03T13:31:30Z</time>
			</trkpt>
			<trkpt lat="46.274261" lon="15.304492">
				<ele>268.200012</ele>
				<time>2026-09-03T13:31:31Z</time>
			</trkpt>
			<trkpt lat="46.274242" lon="15.304554">
				<ele>268.200012</ele>
				<time>2026-09-03T13:31:32Z</time>
			</trkpt>
			<trkpt lat="46.274224" lon="15.304618">
				<ele>268.399994</ele>
				<time>2026-09-03T13:31:33Z</time>
			</trkpt>
			<trkpt lat="46.274206" lon="15.304672">
				<ele>268.399994</ele>
				<time>2026-09-03T13:31:34Z</time>
			</trkpt>
			<trkpt lat="46.274186" lon="15.304732">
				<ele>268.600006</ele>
				<time>2026-09-03T13:31:35Z</time>
			</trkpt>
			<trkpt lat="46.274166" lon="15.304792">
				<ele>268.799988</ele>
				<time>2026-09-03T13:31:36Z</time>
			</trkpt>
			<trkpt lat="46.274144" lon="15.304858">
				<ele>268.799988</ele>
				<time>2026-09-03T13:31:37Z</time>
			</trkpt>
			<trkpt lat="46.274124" lon="15.304918">
				<ele>269</ele>
				<time>2026-09-03T13:31:38Z</time>
			</trkpt>
			<trkpt lat="46.274105" lon="15.30497">
				<ele>269</ele>
				<time>2026-09-03T13:31:39Z</time>
			</trkpt>
			<trkpt lat="46.274068" lon="15.305086">
				<ele>269.200012</ele>
				<time>2026-09-03T13:31:40Z</time>
			</trkpt>
			<trkpt lat="46.274049" lon="15.305148">
				<ele>269.200012</ele>
				<time>2026-09-03T13:31:41Z</time>
			</trkpt>
			<trkpt lat="46.274031" lon="15.305202">
				<ele>269.399994</ele>
				<time>2026-09-03T13:31:42Z</time>
			</trkpt>
			<trkpt lat="46.274015" lon="15.30524">
				<ele>269.399994</ele>
				<time>2026-09-03T13:31:43Z</time>
			</trkpt>
			<trkpt lat="46.273999" lon="15.305308">
				<ele>269.399994</ele>
				<time>2026-09-03T13:31:44Z</time>
			</trkpt>
			<trkpt lat="46.273977" lon="15.305374">
				<ele>269.399994</ele>
				<time>2026-09-03T13:31:45Z</time>
			</trkpt>
			<trkpt lat="46.273956" lon="15.305422">
				<ele>269.399994</ele>
				<time>2026-09-03T13:31:46Z</time>
			</trkpt>
			<trkpt lat="46.273932" lon="15.305494">
				<ele>269.600006</ele>
				<time>2026-09-03T13:31:47Z</time>
			</trkpt>
			<trkpt lat="46.273916" lon="15.305552">
				<ele>269.600006</ele>
				<time>2026-09-03T13:31:48Z</time>
			</trkpt>
			<trkpt lat="46.273903" lon="15.305596">
				<ele>269.799988</ele>
				<time>2026-09-03T13:31:49Z</time>
			</trkpt>
			<trkpt lat="46.273884" lon="15.305678">
				<ele>269.799988</ele>
				<time>2026-09-03T13:31:50Z</time>
			</trkpt>
			<trkpt lat="46.273865" lon="15.30572">
				<ele>269.799988</ele>
				<time>2026-09-03T13:31:51Z</time>
			</trkpt>
			<trkpt lat="46.273851" lon="15.305772">
				<ele>269.799988</ele>
				<time>2026-09-03T13:31:52Z</time>
			</trkpt>
			<trkpt lat="46.273816" lon="15.305902">
				<ele>270</ele>
				<time>2026-09-03T13:31:53Z</time>
			</trkpt>
			<trkpt lat="46.273794" lon="15.305958">
				<ele>270</ele>
				<time>2026-09-03T13:31:54Z</time>
			</trkpt>
			<trkpt lat="46.273769" lon="15.306028">
				<ele>270</ele>
				<time>2026-09-03T13:31:55Z</time>
			</trkpt>
			<trkpt lat="46.273749" lon="15.306078">
				<ele>270</ele>
				<time>2026-09-03T13:31:56Z</time>
			</trkpt>
			<trkpt lat="46.273732" lon="15.306124">
				<ele>270.200012</ele>
				<time>2026-09-03T13:31:57Z</time>
			</trkpt>
			<trkpt lat="46.273707" lon="15.306204">
				<ele>270</ele>
				<time>2026-09-03T13:31:58Z</time>
			</trkpt>
			<trkpt lat="46.273687" lon="15.306264">
				<ele>270</ele>
				<time>2026-09-03T13:31:59Z</time>
			</trkpt>
			<trkpt lat="46.273672" lon="15.306314">
				<ele>270</ele>
				<time>2026-09-03T13:32:00Z</time>
			</trkpt>
			<trkpt lat="46.273647" lon="15.306384">
				<ele>270</ele>
				<time>2026-09-03T13:32:01Z</time>
			</trkpt>
			<trkpt lat="46.273624" lon="15.306458">
				<ele>270</ele>
				<time>2026-09-03T13:32:02Z</time>
			</trkpt>
			<trkpt lat="46.273607" lon="15.306504">
				<ele>270</ele>
				<time>2026-09-03T13:32:03Z</time>
			</trkpt>
			<trkpt lat="46.273587" lon="15.306564">
				<ele>270</ele>
				<time>2026-09-03T13:32:04Z</time>
			</trkpt>
			<trkpt lat="46.273563" lon="15.306646">
				<ele>270</ele>
				<time>2026-09-03T13:32:05Z</time>
			</trkpt>
			<trkpt lat="46.273523" lon="15.306766">
				<ele>270</ele>
				<time>2026-09-03T13:32:06Z</time>
			</trkpt>
			<trkpt lat="46.273503" lon="15.306836">
				<ele>270</ele>
				<time>2026-09-03T13:32:07Z</time>
			</trkpt>
			<trkpt lat="46.273479" lon="15.306898">
				<ele>270</ele>
				<time>2026-09-03T13:32:08Z</time>
			</trkpt>
			<trkpt lat="46.273457" lon="15.306954">
				<ele>270</ele>
				<time>2026-09-03T13:32:09Z</time>
			</trkpt>
			<trkpt lat="46.273435" lon="15.30701">
				<ele>270</ele>
				<time>2026-09-03T13:32:10Z</time>
			</trkpt>
			<trkpt lat="46.273414" lon="15.307078">
				<ele>270.200012</ele>
				<time>2026-09-03T13:32:11Z</time>
			</trkpt>
			<trkpt lat="46.273392" lon="15.307144">
				<ele>270.200012</ele>
				<time>2026-09-03T13:32:12Z</time>
			</trkpt>
			<trkpt lat="46.273367" lon="15.307204">
				<ele>270.200012</ele>
				<time>2026-09-03T13:32:13Z</time>
			</trkpt>
			<trkpt lat="46.273357" lon="15.307254">
				<ele>270.200012</ele>
				<time>2026-09-03T13:32:14Z</time>
			</trkpt>
			<trkpt lat="46.273324" lon="15.307328">
				<ele>270.200012</ele>
				<time>2026-09-03T13:32:16Z</time>
			</trkpt>
			<trkpt lat="46.273304" lon="15.307398">
				<ele>270.200012</ele>
				<time>2026-09-03T13:32:17Z</time>
			</trkpt>
			<trkpt lat="46.273265" lon="15.30751">
				<ele>270.200012</ele>
				<time>2026-09-03T13:32:18Z</time>
			</trkpt>
			<trkpt lat="46.273245" lon="15.30758">
				<ele>270.399994</ele>
				<time>2026-09-03T13:32:19Z</time>
			</trkpt>
			<trkpt lat="46.273224" lon="15.307648">
				<ele>270.399994</ele>
				<time>2026-09-03T13:32:20Z</time>
			</trkpt>
			<trkpt lat="46.273203" lon="15.307706">
				<ele>270.600006</ele>
				<time>2026-09-03T13:32:21Z</time>
			</trkpt>
			<trkpt lat="46.273182" lon="15.307764">
				<ele>270.600006</ele>
				<time>2026-09-03T13:32:22Z</time>
			</trkpt>
			<trkpt lat="46.273161" lon="15.307832">
				<ele>270.799988</ele>
				<time>2026-09-03T13:32:23Z</time>
			</trkpt>
			<trkpt lat="46.273141" lon="15.307892">
				<ele>270.799988</ele>
				<time>2026-09-03T13:32:24Z</time>
			</trkpt>
			<trkpt lat="46.273125" lon="15.30794">
				<ele>270.799988</ele>
				<time>2026-09-03T13:32:25Z</time>
			</trkpt>
			<trkpt lat="46.273106" lon="15.308002">
				<ele>270.799988</ele>
				<time>2026-09-03T13:32:26Z</time>
			</trkpt>
			<trkpt lat="46.273081" lon="15.308082">
				<ele>270.600006</ele>
				<time>2026-09-03T13:32:27Z</time>
			</trkpt>
			<trkpt lat="46.273063" lon="15.308146">
				<ele>270.600006</ele>
				<time>2026-09-03T13:32:28Z</time>
			</trkpt>
			<trkpt lat="46.273046" lon="15.308202">
				<ele>270.600006</ele>
				<time>2026-09-03T13:32:29Z</time>
			</trkpt>
			<trkpt lat="46.273033" lon="15.308256">
				<ele>270.600006</ele>
				<time>2026-09-03T13:32:30Z</time>
			</trkpt>
			<trkpt lat="46.272999" lon="15.308398">
				<ele>270.600006</ele>
				<time>2026-09-03T13:32:31Z</time>
			</trkpt>
			<trkpt lat="46.272968" lon="15.308456">
				<ele>270.600006</ele>
				<time>2026-09-03T13:32:32Z</time>
			</trkpt>
			<trkpt lat="46.272943" lon="15.308516">
				<ele>270.799988</ele>
				<time>2026-09-03T13:32:33Z</time>
			</trkpt>
			<trkpt lat="46.272922" lon="15.308574">
				<ele>270.799988</ele>
				<time>2026-09-03T13:32:34Z</time>
			</trkpt>
			<trkpt lat="46.272902" lon="15.308644">
				<ele>270.799988</ele>
				<time>2026-09-03T13:32:35Z</time>
			</trkpt>
			<trkpt lat="46.272882" lon="15.308704">
				<ele>271</ele>
				<time>2026-09-03T13:32:36Z</time>
			</trkpt>
			<trkpt lat="46.272861" lon="15.308772">
				<ele>270.799988</ele>
				<time>2026-09-03T13:32:37Z</time>
			</trkpt>
			<trkpt lat="46.272839" lon="15.308838">
				<ele>270.799988</ele>
				<time>2026-09-03T13:32:38Z</time>
			</trkpt>
			<trkpt lat="46.272818" lon="15.308896">
				<ele>270.799988</ele>
				<time>2026-09-03T13:32:39Z</time>
			</trkpt>
			<trkpt lat="46.272798" lon="15.308956">
				<ele>271</ele>
				<time>2026-09-03T13:32:40Z</time>
			</trkpt>
			<trkpt lat="46.272776" lon="15.309022">
				<ele>271</ele>
				<time>2026-09-03T13:32:41Z</time>
			</trkpt>
			<trkpt lat="46.272754" lon="15.309088">
				<ele>271</ele>
				<time>2026-09-03T13:32:42Z</time>
			</trkpt>
			<trkpt lat="46.272732" lon="15.309154">
				<ele>271</ele>
				<time>2026-09-03T13:32:43Z</time>
			</trkpt>
			<trkpt lat="46.272681" lon="15.309292">
				<ele>271.200012</ele>
				<time>2026-09-03T13:32:45Z</time>
			</trkpt>
			<trkpt lat="46.272666" lon="15.309352">
				<ele>271.200012</ele>
				<time>2026-09-03T13:32:46Z</time>
			</trkpt>
			<trkpt lat="46.272643" lon="15.309406">
				<ele>271.200012</ele>
				<time>2026-09-03T13:32:47Z</time>
			</trkpt>
			<trkpt lat="46.272618" lon="15.309486">
				<ele>271.200012</ele>
				<time>2026-09-03T13:32:48Z</time>
			</trkpt>
			<trkpt lat="46.272597" lon="15.309554">
				<ele>271.200012</ele>
				<time>2026-09-03T13:32:49Z</time>
			</trkpt>
			<trkpt lat="46.272575" lon="15.30961">
				<ele>271.200012</ele>
				<time>2026-09-03T13:32:50Z</time>
			</trkpt>
			<trkpt lat="46.272551" lon="15.309682">
				<ele>271.200012</ele>
				<time>2026-09-03T13:32:51Z</time>
			</trkpt>
			<trkpt lat="46.272528" lon="15.309746">
				<ele>271.200012</ele>
				<time>2026-09-03T13:32:52Z</time>
			</trkpt>
			<trkpt lat="46.272511" lon="15.309792">
				<ele>271.399994</ele>
				<time>2026-09-03T13:32:53Z</time>
			</trkpt>
			<trkpt lat="46.272485" lon="15.30987">
				<ele>271.399994</ele>
				<time>2026-09-03T13:32:54Z</time>
			</trkpt>
			<trkpt lat="46.272462" lon="15.309944">
				<ele>271.399994</ele>
				<time>2026-09-03T13:32:55Z</time>
			</trkpt>
			<trkpt lat="46.272417" lon="15.310064">
				<ele>271.399994</ele>
				<time>2026-09-03T13:32:56Z</time>
			</trkpt>
			<trkpt lat="46.272396" lon="15.310132">
				<ele>271.399994</ele>
				<time>2026-09-03T13:32:57Z</time>
			</trkpt>
			<trkpt lat="46.272374" lon="15.310198">
				<ele>271.399994</ele>
				<time>2026-09-03T13:32:58Z</time>
			</trkpt>
			<trkpt lat="46.272353" lon="15.310256">
				<ele>271.399994</ele>
				<time>2026-09-03T13:32:59Z</time>
			</trkpt>
			<trkpt lat="46.272331" lon="15.310312">
				<ele>271.399994</ele>
				<time>2026-09-03T13:33:00Z</time>
			</trkpt>
			<trkpt lat="46.272308" lon="15.310376">
				<ele>271.399994</ele>
				<time>2026-09-03T13:33:01Z</time>
			</trkpt>
			<trkpt lat="46.272285" lon="15.31043">
				<ele>271.399994</ele>
				<time>2026-09-03T13:33:02Z</time>
			</trkpt>
			<trkpt lat="46.272267" lon="15.310484">
				<ele>271.200012</ele>
				<time>2026-09-03T13:33:03Z</time>
			</trkpt>
			<trkpt lat="46.272242" lon="15.310544">
				<ele>271.200012</ele>
				<time>2026-09-03T13:33:04Z</time>
			</trkpt>
			<trkpt lat="46.272223" lon="15.310596">
				<ele>271.200012</ele>
				<time>2026-09-03T13:33:05Z</time>
			</trkpt>
			<trkpt lat="46.272201" lon="15.310652">
				<ele>271.200012</ele>
				<time>2026-09-03T13:33:06Z</time>
			</trkpt>
			<trkpt lat="46.272177" lon="15.310714">
				<ele>271.200012</ele>
				<time>2026-09-03T13:33:07Z</time>
			</trkpt>
			<trkpt lat="46.272149" lon="15.310788">
				<ele>271.200012</ele>
				<time>2026-09-03T13:33:08Z</time>
			</trkpt>
			<trkpt lat="46.272103" lon="15.310886">
				<ele>271.200012</ele>
				<time>2026-09-03T13:33:09Z</time>
			</trkpt>
			<trkpt lat="46.272074" lon="15.310958">
				<ele>271.200012</ele>
				<time>2026-09-03T13:33:10Z</time>
			</trkpt>
			<trkpt lat="46.272051" lon="15.311002">
				<ele>271.200012</ele>
				<time>2026-09-03T13:33:11Z</time>
			</trkpt>
			<trkpt lat="46.272017" lon="15.311074">
				<ele>271.200012</ele>
				<time>2026-09-03T13:33:12Z</time>
			</trkpt>
			<trkpt lat="46.271995" lon="15.31111">
				<ele>271.200012</ele>
				<time>2026-09-03T13:33:13Z</time>
			</trkpt>
			<trkpt lat="46.271961" lon="15.311182">
				<ele>271.399994</ele>
				<time>2026-09-03T13:33:14Z</time>
			</trkpt>
			<trkpt lat="46.271939" lon="15.311228">
				<ele>271.399994</ele>
				<time>2026-09-03T13:33:15Z</time>
			</trkpt>
			<trkpt lat="46.271911" lon="15.311272">
				<ele>271.600006</ele>
				<time>2026-09-03T13:33:16Z</time>
			</trkpt>
			<trkpt lat="46.271877" lon="15.311334">
				<ele>271.600006</ele>
				<time>2026-09-03T13:33:17Z</time>
			</trkpt>
			<trkpt lat="46.271854" lon="15.311378">
				<ele>271.600006</ele>
				<time>2026-09-03T13:33:18Z</time>
			</trkpt>
			<trkpt lat="46.271827" lon="15.311424">
				<ele>271.399994</ele>
				<time>2026-09-03T13:33:19Z</time>
			</trkpt>
			<trkpt lat="46.271796" lon="15.311472">
				<ele>271.399994</ele>
				<time>2026-09-03T13:33:20Z</time>
			</trkpt>
			<trkpt lat="46.271772" lon="15.311524">
				<ele>271.399994</ele>
				<time>2026-09-03T13:33:21Z</time>
			</trkpt>
			<trkpt lat="46.271723" lon="15.311606">
				<ele>271.399994</ele>
				<time>2026-09-03T13:33:22Z</time>
			</trkpt>
			<trkpt lat="46.271689" lon="15.311658">
				<ele>271.600006</ele>
				<time>2026-09-03T13:33:23Z</time>
			</trkpt>
			<trkpt lat="46.271664" lon="15.311698">
				<ele>271.600006</ele>
				<time>2026-09-03T13:33:24Z</time>
			</trkpt>
			<trkpt lat="46.271634" lon="15.311738">
				<ele>271.600006</ele>
				<time>2026-09-03T13:33:25Z</time>
			</trkpt>
			<trkpt lat="46.271604" lon="15.311788">
				<ele>271.600006</ele>
				<time>2026-09-03T13:33:26Z</time>
			</trkpt>
			<trkpt lat="46.271574" lon="15.311838">
				<ele>271.600006</ele>
				<time>2026-09-03T13:33:27Z</time>
			</trkpt>
			<trkpt lat="46.271536" lon="15.311892">
				<ele>271.600006</ele>
				<time>2026-09-03T13:33:28Z</time>
			</trkpt>
			<trkpt lat="46.271515" lon="15.31193">
				<ele>271.600006</ele>
				<time>2026-09-03T13:33:29Z</time>
			</trkpt>
			<trkpt lat="46.271479" lon="15.311988">
				<ele>271.600006</ele>
				<time>2026-09-03T13:33:31Z</time>
			</trkpt>
			<trkpt lat="46.271441" lon="15.312042">
				<ele>271.600006</ele>
				<time>2026-09-03T13:33:32Z</time>
			</trkpt>
			<trkpt lat="46.271407" lon="15.312094">
				<ele>271.799988</ele>
				<time>2026-09-03T13:33:33Z</time>
			</trkpt>
			<trkpt lat="46.271381" lon="15.312132">
				<ele>271.799988</ele>
				<time>2026-09-03T13:33:34Z</time>
			</trkpt>
			<trkpt lat="46.271312" lon="15.312244">
				<ele>271.799988</ele>
				<time>2026-09-03T13:33:35Z</time>
			</trkpt>
			<trkpt lat="46.271288" lon="15.312276">
				<ele>271.799988</ele>
				<time>2026-09-03T13:33:36Z</time>
			</trkpt>
			<trkpt lat="46.271256" lon="15.312322">
				<ele>271.799988</ele>
				<time>2026-09-03T13:33:37Z</time>
			</trkpt>
			<trkpt lat="46.271224" lon="15.312378">
				<ele>271.799988</ele>
				<time>2026-09-03T13:33:38Z</time>
			</trkpt>
			<trkpt lat="46.271189" lon="15.312418">
				<ele>271.799988</ele>
				<time>2026-09-03T13:33:39Z</time>
			</trkpt>
			<trkpt lat="46.271146" lon="15.312472">
				<ele>271.600006</ele>
				<time>2026-09-03T13:33:40Z</time>
			</trkpt>
			<trkpt lat="46.271111" lon="15.312512">
				<ele>271.600006</ele>
				<time>2026-09-03T13:33:41Z</time>
			</trkpt>
			<trkpt lat="46.271086" lon="15.312552">
				<ele>271.600006</ele>
				<time>2026-09-03T13:33:42Z</time>
			</trkpt>
			<trkpt lat="46.271043" lon="15.312606">
				<ele>271.399994</ele>
				<time>2026-09-03T13:33:43Z</time>
			</trkpt>
			<trkpt lat="46.271005" lon="15.31265">
				<ele>271.399994</ele>
				<time>2026-09-03T13:33:44Z</time>
			</trkpt>
			<trkpt lat="46.270975" lon="15.31268">
				<ele>271.600006</ele>
				<time>2026-09-03T13:33:45Z</time>
			</trkpt>
			<trkpt lat="46.270937" lon="15.312734">
				<ele>271.600006</ele>
				<time>2026-09-03T13:33:46Z</time>
			</trkpt>
			<trkpt lat="46.270862" lon="15.312824">
				<ele>271.600006</ele>
				<time>2026-09-03T13:33:47Z</time>
			</trkpt>
			<trkpt lat="46.270825" lon="15.31287">
				<ele>271.600006</ele>
				<time>2026-09-03T13:33:48Z</time>
			</trkpt>
			<trkpt lat="46.270793" lon="15.312916">
				<ele>271.600006</ele>
				<time>2026-09-03T13:33:49Z</time>
			</trkpt>
			<trkpt lat="46.270756" lon="15.312962">
				<ele>271.600006</ele>
				<time>2026-09-03T13:33:50Z</time>
			</trkpt>
			<trkpt lat="46.270713" lon="15.313016">
				<ele>271.399994</ele>
				<time>2026-09-03T13:33:51Z</time>
			</trkpt>
			<trkpt lat="46.270677" lon="15.313064">
				<ele>271.200012</ele>
				<time>2026-09-03T13:33:52Z</time>
			</trkpt>
			<trkpt lat="46.270647" lon="15.313094">
				<ele>271.200012</ele>
				<time>2026-09-03T13:33:53Z</time>
			</trkpt>
			<trkpt lat="46.270618" lon="15.313146">
				<ele>271.200012</ele>
				<time>2026-09-03T13:33:54Z</time>
			</trkpt>
			<trkpt lat="46.270572" lon="15.313194">
				<ele>271</ele>
				<time>2026-09-03T13:33:55Z</time>
			</trkpt>
			<trkpt lat="46.270531" lon="15.313232">
				<ele>271</ele>
				<time>2026-09-03T13:33:56Z</time>
			</trkpt>
			<trkpt lat="46.270482" lon="15.313284">
				<ele>271</ele>
				<time>2026-09-03T13:33:57Z</time>
			</trkpt>
			<trkpt lat="46.270442" lon="15.313334">
				<ele>271</ele>
				<time>2026-09-03T13:33:58Z</time>
			</trkpt>
			<trkpt lat="46.270416" lon="15.313362">
				<ele>271</ele>
				<time>2026-09-03T13:33:59Z</time>
			</trkpt>
			<trkpt lat="46.270331" lon="15.313462">
				<ele>270.799988</ele>
				<time>2026-09-03T13:34:00Z</time>
			</trkpt>
			<trkpt lat="46.270301" lon="15.313492">
				<ele>270.799988</ele>
				<time>2026-09-03T13:34:01Z</time>
			</trkpt>
			<trkpt lat="46.270265" lon="15.31353">
				<ele>270.799988</ele>
				<time>2026-09-03T13:34:02Z</time>
			</trkpt>
			<trkpt lat="46.270221" lon="15.313582">
				<ele>270.799988</ele>
				<time>2026-09-03T13:34:03Z</time>
			</trkpt>
			<trkpt lat="46.270191" lon="15.313612">
				<ele>270.799988</ele>
				<time>2026-09-03T13:34:04Z</time>
			</trkpt>
			<trkpt lat="46.270151" lon="15.313652">
				<ele>270.799988</ele>
				<time>2026-09-03T13:34:05Z</time>
			</trkpt>
			<trkpt lat="46.270115" lon="15.3137">
				<ele>270.799988</ele>
				<time>2026-09-03T13:34:06Z</time>
			</trkpt>
			<trkpt lat="46.270068" lon="15.313746">
				<ele>270.799988</ele>
				<time>2026-09-03T13:34:07Z</time>
			</trkpt>
			<trkpt lat="46.270027" lon="15.313794">
				<ele>270.600006</ele>
				<time>2026-09-03T13:34:08Z</time>
			</trkpt>
			<trkpt lat="46.269977" lon="15.313844">
				<ele>270.600006</ele>
				<time>2026-09-03T13:34:09Z</time>
			</trkpt>
			<trkpt lat="46.269939" lon="15.313878">
				<ele>270.399994</ele>
				<time>2026-09-03T13:34:10Z</time>
			</trkpt>
			<trkpt lat="46.269894" lon="15.313918">
				<ele>270.399994</ele>
				<time>2026-09-03T13:34:11Z</time>
			</trkpt>
			<trkpt lat="46.269835" lon="15.31396">
				<ele>270.200012</ele>
				<time>2026-09-03T13:34:12Z</time>
			</trkpt>
			<trkpt lat="46.269742" lon="15.314024">
				<ele>270</ele>
				<time>2026-09-03T13:34:13Z</time>
			</trkpt>
			<trkpt lat="46.269691" lon="15.314062">
				<ele>269.799988</ele>
				<time>2026-09-03T13:34:14Z</time>
			</trkpt>
			<trkpt lat="46.269639" lon="15.314098">
				<ele>269.600006</ele>
				<time>2026-09-03T13:34:15Z</time>
			</trkpt>
			<trkpt lat="46.269577" lon="15.314134">
				<ele>269.600006</ele>
				<time>2026-09-03T13:34:16Z</time>
			</trkpt>
			<trkpt lat="46.269525" lon="15.31416">
				<ele>269.600006</ele>
				<time>2026-09-03T13:34:17Z</time>
			</trkpt>
			<trkpt lat="46.269483" lon="15.314196">
				<ele>269.600006</ele>
				<time>2026-09-03T13:34:18Z</time>
			</trkpt>
			<trkpt lat="46.269419" lon="15.314228">
				<ele>269.399994</ele>
				<time>2026-09-03T13:34:19Z</time>
			</trkpt>
			<trkpt lat="46.269364" lon="15.314258">
				<ele>269.399994</ele>
				<time>2026-09-03T13:34:20Z</time>
			</trkpt>
			<trkpt lat="46.269327" lon="15.314274">
				<ele>269.399994</ele>
				<time>2026-09-03T13:34:21Z</time>
			</trkpt>
			<trkpt lat="46.269258" lon="15.314316">
				<ele>269.399994</ele>
				<time>2026-09-03T13:34:22Z</time>
			</trkpt>
			<trkpt lat="46.269217" lon="15.314334">
				<ele>269.399994</ele>
				<time>2026-09-03T13:34:23Z</time>
			</trkpt>
			<trkpt lat="46.269167" lon="15.314364">
				<ele>269.399994</ele>
				<time>2026-09-03T13:34:24Z</time>
			</trkpt>
			<trkpt lat="46.269066" lon="15.314422">
				<ele>269.399994</ele>
				<time>2026-09-03T13:34:25Z</time>
			</trkpt>
			<trkpt lat="46.269014" lon="15.314458">
				<ele>269.399994</ele>
				<time>2026-09-03T13:34:26Z</time>
			</trkpt>
			<trkpt lat="46.268963" lon="15.314486">
				<ele>269.200012</ele>
				<time>2026-09-03T13:34:27Z</time>
			</trkpt>
			<trkpt lat="46.268914" lon="15.314508">
				<ele>269.200012</ele>
				<time>2026-09-03T13:34:28Z</time>
			</trkpt>
			<trkpt lat="46.268868" lon="15.314536">
				<ele>269</ele>
				<time>2026-09-03T13:34:29Z</time>
			</trkpt>
			<trkpt lat="46.268822" lon="15.314554">
				<ele>268.799988</ele>
				<time>2026-09-03T13:34:30Z</time>
			</trkpt>
			<trkpt lat="46.268769" lon="15.314588">
				<ele>268.799988</ele>
				<time>2026-09-03T13:34:31Z</time>
			</trkpt>
			<trkpt lat="46.268734" lon="15.314608">
				<ele>268.600006</ele>
				<time>2026-09-03T13:34:32Z</time>
			</trkpt>
			<trkpt lat="46.268689" lon="15.314638">
				<ele>268.600006</ele>
				<time>2026-09-03T13:34:33Z</time>
			</trkpt>
			<trkpt lat="46.268636" lon="15.314662">
				<ele>268.600006</ele>
				<time>2026-09-03T13:34:34Z</time>
			</trkpt>
			<trkpt lat="46.268603" lon="15.314686">
				<ele>268.600006</ele>
				<time>2026-09-03T13:34:35Z</time>
			</trkpt>
			<trkpt lat="46.268563" lon="15.314706">
				<ele>268.600006</ele>
				<time>2026-09-03T13:34:36Z</time>
			</trkpt>
			<trkpt lat="46.268512" lon="15.314734">
				<ele>268.600006</ele>
				<time>2026-09-03T13:34:37Z</time>
			</trkpt>
			<trkpt lat="46.268431" lon="15.314772">
				<ele>268.600006</ele>
				<time>2026-09-03T13:34:38Z</time>
			</trkpt>
			<trkpt lat="46.268384" lon="15.314808">
				<ele>268.600006</ele>
				<time>2026-09-03T13:34:39Z</time>
			</trkpt>
			<trkpt lat="46.268337" lon="15.314834">
				<ele>268.600006</ele>
				<time>2026-09-03T13:34:40Z</time>
			</trkpt>
			<trkpt lat="46.268291" lon="15.314862">
				<ele>268.600006</ele>
				<time>2026-09-03T13:34:41Z</time>
			</trkpt>
			<trkpt lat="46.268244" lon="15.314898">
				<ele>268.600006</ele>
				<time>2026-09-03T13:34:42Z</time>
			</trkpt>
			<trkpt lat="46.268197" lon="15.314924">
				<ele>268.399994</ele>
				<time>2026-09-03T13:34:43Z</time>
			</trkpt>
			<trkpt lat="46.268148" lon="15.314956">
				<ele>268.399994</ele>
				<time>2026-09-03T13:34:44Z</time>
			</trkpt>
			<trkpt lat="46.268099" lon="15.314988">
				<ele>268.399994</ele>
				<time>2026-09-03T13:34:45Z</time>
			</trkpt>
			<trkpt lat="46.268053" lon="15.315026">
				<ele>268.399994</ele>
				<time>2026-09-03T13:34:46Z</time>
			</trkpt>
			<trkpt lat="46.268009" lon="15.315068">
				<ele>268.399994</ele>
				<time>2026-09-03T13:34:47Z</time>
			</trkpt>
			<trkpt lat="46.267967" lon="15.315104">
				<ele>268.399994</ele>
				<time>2026-09-03T13:34:48Z</time>
			</trkpt>
			<trkpt lat="46.267923" lon="15.315146">
				<ele>268.399994</ele>
				<time>2026-09-03T13:34:49Z</time>
			</trkpt>
			<trkpt lat="46.267884" lon="15.315188">
				<ele>268.200012</ele>
				<time>2026-09-03T13:34:50Z</time>
			</trkpt>
			<trkpt lat="46.267794" lon="15.315258">
				<ele>268.200012</ele>
				<time>2026-09-03T13:34:51Z</time>
			</trkpt>
			<trkpt lat="46.267752" lon="15.315284">
				<ele>268</ele>
				<time>2026-09-03T13:34:52Z</time>
			</trkpt>
			<trkpt lat="46.267709" lon="15.315328">
				<ele>268</ele>
				<time>2026-09-03T13:34:53Z</time>
			</trkpt>
			<trkpt lat="46.267664" lon="15.315368">
				<ele>268</ele>
				<time>2026-09-03T13:34:54Z</time>
			</trkpt>
			<trkpt lat="46.267613" lon="15.315416">
				<ele>268</ele>
				<time>2026-09-03T13:34:55Z</time>
			</trkpt>
			<trkpt lat="46.267585" lon="15.31544">
				<ele>267.799988</ele>
				<time>2026-09-03T13:34:56Z</time>
			</trkpt>
			<trkpt lat="46.267534" lon="15.315488">
				<ele>267.799988</ele>
				<time>2026-09-03T13:34:57Z</time>
			</trkpt>
			<trkpt lat="46.267489" lon="15.315528">
				<ele>267.799988</ele>
				<time>2026-09-03T13:34:58Z</time>
			</trkpt>
			<trkpt lat="46.267441" lon="15.315572">
				<ele>267.799988</ele>
				<time>2026-09-03T13:34:59Z</time>
			</trkpt>
			<trkpt lat="46.267409" lon="15.315618">
				<ele>267.799988</ele>
				<time>2026-09-03T13:35:00Z</time>
			</trkpt>
			<trkpt lat="46.267367" lon="15.315654">
				<ele>267.600006</ele>
				<time>2026-09-03T13:35:01Z</time>
			</trkpt>
			<trkpt lat="46.267323" lon="15.315686">
				<ele>267.600006</ele>
				<time>2026-09-03T13:35:02Z</time>
			</trkpt>
			<trkpt lat="46.267222" lon="15.315774">
				<ele>267.200012</ele>
				<time>2026-09-03T13:35:03Z</time>
			</trkpt>
			<trkpt lat="46.267176" lon="15.315812">
				<ele>267</ele>
				<time>2026-09-03T13:35:04Z</time>
			</trkpt>
			<trkpt lat="46.267137" lon="15.315834">
				<ele>266.799988</ele>
				<time>2026-09-03T13:35:05Z</time>
			</trkpt>
			<trkpt lat="46.267088" lon="15.315876">
				<ele>266.799988</ele>
				<time>2026-09-03T13:35:06Z</time>
			</trkpt>
			<trkpt lat="46.267038" lon="15.315906">
				<ele>266.600006</ele>
				<time>2026-09-03T13:35:07Z</time>
			</trkpt>
			<trkpt lat="46.266979" lon="15.315948">
				<ele>266.600006</ele>
				<time>2026-09-03T13:35:08Z</time>
			</trkpt>
			<trkpt lat="46.266939" lon="15.315978">
				<ele>266.600006</ele>
				<time>2026-09-03T13:35:09Z</time>
			</trkpt>
			<trkpt lat="46.266889" lon="15.316008">
				<ele>266.399994</ele>
				<time>2026-09-03T13:35:10Z</time>
			</trkpt>
			<trkpt lat="46.266829" lon="15.316048">
				<ele>266.200012</ele>
				<time>2026-09-03T13:35:11Z</time>
			</trkpt>
			<trkpt lat="46.266787" lon="15.316064">
				<ele>266.200012</ele>
				<time>2026-09-03T13:35:12Z</time>
			</trkpt>
			<trkpt lat="46.266737" lon="15.316094">
				<ele>266</ele>
				<time>2026-09-03T13:35:13Z</time>
			</trkpt>
			<trkpt lat="46.266675" lon="15.31612">
				<ele>265.799988</ele>
				<time>2026-09-03T13:35:14Z</time>
			</trkpt>
			<trkpt lat="46.266633" lon="15.316146">
				<ele>265.799988</ele>
				<time>2026-09-03T13:35:15Z</time>
			</trkpt>
			<trkpt lat="46.266521" lon="15.316192">
				<ele>265.799988</ele>
				<time>2026-09-03T13:35:16Z</time>
			</trkpt>
			<trkpt lat="46.266481" lon="15.316212">
				<ele>265.799988</ele>
				<time>2026-09-03T13:35:17Z</time>
			</trkpt>
			<trkpt lat="46.266432" lon="15.316234">
				<ele>265.799988</ele>
				<time>2026-09-03T13:35:18Z</time>
			</trkpt>
			<trkpt lat="46.266375" lon="15.31624">
				<ele>266</ele>
				<time>2026-09-03T13:35:19Z</time>
			</trkpt>
			<trkpt lat="46.266334" lon="15.316248">
				<ele>266</ele>
				<time>2026-09-03T13:35:20Z</time>
			</trkpt>
			<trkpt lat="46.266285" lon="15.31623">
				<ele>266</ele>
				<time>2026-09-03T13:35:21Z</time>
			</trkpt>
			<trkpt lat="46.266232" lon="15.316214">
				<ele>266</ele>
				<time>2026-09-03T13:35:22Z</time>
			</trkpt>
			<trkpt lat="46.266209" lon="15.316198">
				<ele>266</ele>
				<time>2026-09-03T13:35:23Z</time>
			</trkpt>
			<trkpt lat="46.266163" lon="15.316166">
				<ele>266</ele>
				<time>2026-09-03T13:35:24Z</time>
			</trkpt>
			<trkpt lat="46.266126" lon="15.316122">
				<ele>266</ele>
				<time>2026-09-03T13:35:25Z</time>
			</trkpt>
			<trkpt lat="46.266093" lon="15.316086">
				<ele>266</ele>
				<time>2026-09-03T13:35:26Z</time>
			</trkpt>
			<trkpt lat="46.266065" lon="15.31604">
				<ele>266</ele>
				<time>2026-09-03T13:35:27Z</time>
			</trkpt>
			<trkpt lat="46.266044" lon="15.315998">
				<ele>266</ele>
				<time>2026-09-03T13:35:28Z</time>
			</trkpt>
			<trkpt lat="46.266009" lon="15.315878">
				<ele>265.799988</ele>
				<time>2026-09-03T13:35:29Z</time>
			</trkpt>
			<trkpt lat="46.265989" lon="15.315818">
				<ele>265.799988</ele>
				<time>2026-09-03T13:35:30Z</time>
			</trkpt>
			<trkpt lat="46.265977" lon="15.315774">
				<ele>265.799988</ele>
				<time>2026-09-03T13:35:31Z</time>
			</trkpt>
			<trkpt lat="46.265967" lon="15.315724">
				<ele>265.799988</ele>
				<time>2026-09-03T13:35:32Z</time>
			</trkpt>
			<trkpt lat="46.265953" lon="15.315696">
				<ele>265.600006</ele>
				<time>2026-09-03T13:35:33Z</time>
			</trkpt>
			<trkpt lat="46.265934" lon="15.315688">
				<ele>265.600006</ele>
				<time>2026-09-03T13:35:34Z</time>
			</trkpt>
			<trkpt lat="46.265923" lon="15.315706">
				<ele>265.600006</ele>
				<time>2026-09-03T13:35:35Z</time>
			</trkpt>
			<trkpt lat="46.265925" lon="15.31573">
				<ele>265.600006</ele>
				<time>2026-09-03T13:35:36Z</time>
			</trkpt>
			<trkpt lat="46.265931" lon="15.315772">
				<ele>265.600006</ele>
				<time>2026-09-03T13:35:37Z</time>
			</trkpt>
			<trkpt lat="46.265938" lon="15.315816">
				<ele>265.600006</ele>
				<time>2026-09-03T13:35:38Z</time>
			</trkpt>
			<trkpt lat="46.265945" lon="15.31587">
				<ele>265.600006</ele>
				<time>2026-09-03T13:35:39Z</time>
			</trkpt>
			<trkpt lat="46.265951" lon="15.315912">
				<ele>265.600006</ele>
				<time>2026-09-03T13:35:40Z</time>
			</trkpt>
			<trkpt lat="46.265955" lon="15.31596">
				<ele>265.600006</ele>
				<time>2026-09-03T13:35:41Z</time>
			</trkpt>
			<trkpt lat="46.265963" lon="15.316076">
				<ele>265.600006</ele>
				<time>2026-09-03T13:35:42Z</time>
			</trkpt>
			<trkpt lat="46.265962" lon="15.316124">
				<ele>265.600006</ele>
				<time>2026-09-03T13:35:43Z</time>
			</trkpt>
			<trkpt lat="46.265953" lon="15.316186">
				<ele>265.600006</ele>
				<time>2026-09-03T13:35:44Z</time>
			</trkpt>
			<trkpt lat="46.265932" lon="15.316224">
				<ele>265.600006</ele>
				<time>2026-09-03T13:35:45Z</time>
			</trkpt>
			<trkpt lat="46.265901" lon="15.316262">
				<ele>265.600006</ele>
				<time>2026-09-03T13:35:46Z</time>
			</trkpt>
			<trkpt lat="46.265862" lon="15.316294">
				<ele>265.600006</ele>
				<time>2026-09-03T13:35:47Z</time>
			</trkpt>
			<trkpt lat="46.265822" lon="15.316314">
				<ele>265.600006</ele>
				<time>2026-09-03T13:35:48Z</time>
			</trkpt>
			<trkpt lat="46.265783" lon="15.316316">
				<ele>265.600006</ele>
				<time>2026-09-03T13:35:49Z</time>
			</trkpt>
			<trkpt lat="46.265739" lon="15.316318">
				<ele>265.399994</ele>
				<time>2026-09-03T13:35:50Z</time>
			</trkpt>
			<trkpt lat="46.265695" lon="15.31631">
				<ele>265.399994</ele>
				<time>2026-09-03T13:35:51Z</time>
			</trkpt>
			<trkpt lat="46.265648" lon="15.316316">
				<ele>265.399994</ele>
				<time>2026-09-03T13:35:52Z</time>
			</trkpt>
			<trkpt lat="46.265599" lon="15.316308">
				<ele>265.200012</ele>
				<time>2026-09-03T13:35:53Z</time>
			</trkpt>
			<trkpt lat="46.265501" lon="15.316272">
				<ele>265.200012</ele>
				<time>2026-09-03T13:35:54Z</time>
			</trkpt>
			<trkpt lat="46.265454" lon="15.316258">
				<ele>265</ele>
				<time>2026-09-03T13:35:55Z</time>
			</trkpt>
			<trkpt lat="46.265404" lon="15.316238">
				<ele>265</ele>
				<time>2026-09-03T13:35:56Z</time>
			</trkpt>
			<trkpt lat="46.265353" lon="15.316216">
				<ele>265</ele>
				<time>2026-09-03T13:35:57Z</time>
			</trkpt>
			<trkpt lat="46.265301" lon="15.316192">
				<ele>265</ele>
				<time>2026-09-03T13:35:58Z</time>
			</trkpt>
			<trkpt lat="46.265247" lon="15.316174">
				<ele>264.799988</ele>
				<time>2026-09-03T13:35:59Z</time>
			</trkpt>
			<trkpt lat="46.265196" lon="15.316142">
				<ele>264.799988</ele>
				<time>2026-09-03T13:36:00Z</time>
			</trkpt>
			<trkpt lat="46.265145" lon="15.31611">
				<ele>264.799988</ele>
				<time>2026-09-03T13:36:01Z</time>
			</trkpt>
			<trkpt lat="46.265094" lon="15.316088">
				<ele>264.799988</ele>
				<time>2026-09-03T13:36:02Z</time>
			</trkpt>
			<trkpt lat="46.265042" lon="15.316054">
				<ele>264.799988</ele>
				<time>2026-09-03T13:36:03Z</time>
			</trkpt>
			<trkpt lat="46.264991" lon="15.316022">
				<ele>264.600006</ele>
				<time>2026-09-03T13:36:04Z</time>
			</trkpt>
			<trkpt lat="46.264946" lon="15.315982">
				<ele>264.600006</ele>
				<time>2026-09-03T13:36:05Z</time>
			</trkpt>
			<trkpt lat="46.264888" lon="15.315946">
				<ele>264.399994</ele>
				<time>2026-09-03T13:36:06Z</time>
			</trkpt>
			<trkpt lat="46.264786" lon="15.315862">
				<ele>264.399994</ele>
				<time>2026-09-03T13:36:07Z</time>
			</trkpt>
			<trkpt lat="46.264735" lon="15.31582">
				<ele>264.200012</ele>
				<time>2026-09-03T13:36:08Z</time>
			</trkpt>
			<trkpt lat="46.264685" lon="15.31578">
				<ele>264.200012</ele>
				<time>2026-09-03T13:36:09Z</time>
			</trkpt>
			<trkpt lat="46.264634" lon="15.315748">
				<ele>264.200012</ele>
				<time>2026-09-03T13:36:10Z</time>
			</trkpt>
			<trkpt lat="46.264583" lon="15.315706">
				<ele>264.200012</ele>
				<time>2026-09-03T13:36:11Z</time>
			</trkpt>
			<trkpt lat="46.264532" lon="15.315654">
				<ele>264.200012</ele>
				<time>2026-09-03T13:36:12Z</time>
			</trkpt>
			<trkpt lat="46.264478" lon="15.315616">
				<ele>264.200012</ele>
				<time>2026-09-03T13:36:13Z</time>
			</trkpt>
			<trkpt lat="46.264425" lon="15.31556">
				<ele>264.200012</ele>
				<time>2026-09-03T13:36:14Z</time>
			</trkpt>
			<trkpt lat="46.264373" lon="15.315516">
				<ele>264.200012</ele>
				<time>2026-09-03T13:36:15Z</time>
			</trkpt>
			<trkpt lat="46.264321" lon="15.315472">
				<ele>264</ele>
				<time>2026-09-03T13:36:16Z</time>
			</trkpt>
			<trkpt lat="46.264267" lon="15.315424">
				<ele>264</ele>
				<time>2026-09-03T13:36:18Z</time>
			</trkpt>
			<trkpt lat="46.264216" lon="15.315382">
				<ele>264</ele>
				<time>2026-09-03T13:36:19Z</time>
			</trkpt>
			<trkpt lat="46.264109" lon="15.315308">
				<ele>263.799988</ele>
				<time>2026-09-03T13:36:20Z</time>
			</trkpt>
			<trkpt lat="46.264045" lon="15.31525">
				<ele>263.600006</ele>
				<time>2026-09-03T13:36:21Z</time>
			</trkpt>
			<trkpt lat="46.264001" lon="15.315222">
				<ele>263.600006</ele>
				<time>2026-09-03T13:36:22Z</time>
			</trkpt>
			<trkpt lat="46.263947" lon="15.315174">
				<ele>263.600006</ele>
				<time>2026-09-03T13:36:23Z</time>
			</trkpt>
			<trkpt lat="46.263892" lon="15.315124">
				<ele>263.399994</ele>
				<time>2026-09-03T13:36:24Z</time>
			</trkpt>
			<trkpt lat="46.263839" lon="15.315078">
				<ele>263.399994</ele>
				<time>2026-09-03T13:36:25Z</time>
			</trkpt>
			<trkpt lat="46.263784" lon="15.315028">
				<ele>263.399994</ele>
				<time>2026-09-03T13:36:26Z</time>
			</trkpt>
			<trkpt lat="46.263728" lon="15.314976">
				<ele>263.200012</ele>
				<time>2026-09-03T13:36:27Z</time>
			</trkpt>
			<trkpt lat="46.263672" lon="15.314924">
				<ele>263.200012</ele>
				<time>2026-09-03T13:36:28Z</time>
			</trkpt>
			<trkpt lat="46.263615" lon="15.31487">
				<ele>263</ele>
				<time>2026-09-03T13:36:29Z</time>
			</trkpt>
			<trkpt lat="46.263557" lon="15.314814">
				<ele>263</ele>
				<time>2026-09-03T13:36:30Z</time>
			</trkpt>
			<trkpt lat="46.263485" lon="15.31475">
				<ele>262.799988</ele>
				<time>2026-09-03T13:36:31Z</time>
			</trkpt>
			<trkpt lat="46.263368" lon="15.314666">
				<ele>262.799988</ele>
				<time>2026-09-03T13:36:32Z</time>
			</trkpt>
			<trkpt lat="46.263322" lon="15.314624">
				<ele>262.799988</ele>
				<time>2026-09-03T13:36:33Z</time>
			</trkpt>
			<trkpt lat="46.263263" lon="15.314576">
				<ele>262.600006</ele>
				<time>2026-09-03T13:36:34Z</time>
			</trkpt>
			<trkpt lat="46.263194" lon="15.314508">
				<ele>262.600006</ele>
				<time>2026-09-03T13:36:36Z</time>
			</trkpt>
			<trkpt lat="46.263136" lon="15.314452">
				<ele>262.600006</ele>
				<time>2026-09-03T13:36:37Z</time>
			</trkpt>
			<trkpt lat="46.263091" lon="15.314412">
				<ele>262.399994</ele>
				<time>2026-09-03T13:36:38Z</time>
			</trkpt>
			<trkpt lat="46.263021" lon="15.314362">
				<ele>262.399994</ele>
				<time>2026-09-03T13:36:39Z</time>
			</trkpt>
			<trkpt lat="46.262964" lon="15.314318">
				<ele>262.399994</ele>
				<time>2026-09-03T13:36:40Z</time>
			</trkpt>
			<trkpt lat="46.262925" lon="15.31427">
				<ele>262.200012</ele>
				<time>2026-09-03T13:36:41Z</time>
			</trkpt>
			<trkpt lat="46.262854" lon="15.314228">
				<ele>262.200012</ele>
				<time>2026-09-03T13:36:42Z</time>
			</trkpt>
			<trkpt lat="46.262801" lon="15.314172">
				<ele>262.200012</ele>
				<time>2026-09-03T13:36:43Z</time>
			</trkpt>
			<trkpt lat="46.262757" lon="15.314134">
				<ele>262.200012</ele>
				<time>2026-09-03T13:36:44Z</time>
			</trkpt>
			<trkpt lat="46.262642" lon="15.314024">
				<ele>262</ele>
				<time>2026-09-03T13:36:45Z</time>
			</trkpt>
			<trkpt lat="46.262602" lon="15.313984">
				<ele>261.799988</ele>
				<time>2026-09-03T13:36:46Z</time>
			</trkpt>
			<trkpt lat="46.262554" lon="15.313918">
				<ele>261.799988</ele>
				<time>2026-09-03T13:36:47Z</time>
			</trkpt>
			<trkpt lat="46.262513" lon="15.313846">
				<ele>261.799988</ele>
				<time>2026-09-03T13:36:48Z</time>
			</trkpt>
			<trkpt lat="46.262485" lon="15.31376">
				<ele>261.799988</ele>
				<time>2026-09-03T13:36:49Z</time>
			</trkpt>
			<trkpt lat="46.262459" lon="15.313668">
				<ele>261.600006</ele>
				<time>2026-09-03T13:36:50Z</time>
			</trkpt>
			<trkpt lat="46.262407" lon="15.313604">
				<ele>261.799988</ele>
				<time>2026-09-03T13:36:51Z</time>
			</trkpt>
			<trkpt lat="46.262365" lon="15.31357">
				<ele>261.600006</ele>
				<time>2026-09-03T13:36:52Z</time>
			</trkpt>
			<trkpt lat="46.262294" lon="15.313548">
				<ele>261.600006</ele>
				<time>2026-09-03T13:36:53Z</time>
			</trkpt>
			<trkpt lat="46.262242" lon="15.313534">
				<ele>261.399994</ele>
				<time>2026-09-03T13:36:54Z</time>
			</trkpt>
			<trkpt lat="46.262176" lon="15.313522">
				<ele>261.200012</ele>
				<time>2026-09-03T13:36:55Z</time>
			</trkpt>
			<trkpt lat="46.262098" lon="15.313486">
				<ele>261</ele>
				<time>2026-09-03T13:36:56Z</time>
			</trkpt>
			<trkpt lat="46.262047" lon="15.313454">
				<ele>260.799988</ele>
				<time>2026-09-03T13:36:57Z</time>
			</trkpt>
			<trkpt lat="46.261916" lon="15.313342">
				<ele>260.600006</ele>
				<time>2026-09-03T13:36:59Z</time>
			</trkpt>
			<trkpt lat="46.261868" lon="15.313306">
				<ele>260.399994</ele>
				<time>2026-09-03T13:37:00Z</time>
			</trkpt>
			<trkpt lat="46.261812" lon="15.313244">
				<ele>260.399994</ele>
				<time>2026-09-03T13:37:01Z</time>
			</trkpt>
			<trkpt lat="46.261755" lon="15.31318">
				<ele>260.200012</ele>
				<time>2026-09-03T13:37:02Z</time>
			</trkpt>
			<trkpt lat="46.261698" lon="15.313126">
				<ele>260.200012</ele>
				<time>2026-09-03T13:37:03Z</time>
			</trkpt>
			<trkpt lat="46.261643" lon="15.313076">
				<ele>260.200012</ele>
				<time>2026-09-03T13:37:04Z</time>
			</trkpt>
			<trkpt lat="46.261575" lon="15.31299">
				<ele>260.200012</ele>
				<time>2026-09-03T13:37:05Z</time>
			</trkpt>
			<trkpt lat="46.261538" lon="15.312956">
				<ele>260.200012</ele>
				<time>2026-09-03T13:37:06Z</time>
			</trkpt>
			<trkpt lat="46.261474" lon="15.312898">
				<ele>260.200012</ele>
				<time>2026-09-03T13:37:07Z</time>
			</trkpt>
			<trkpt lat="46.261418" lon="15.312836">
				<ele>260.200012</ele>
				<time>2026-09-03T13:37:08Z</time>
			</trkpt>
			<trkpt lat="46.261364" lon="15.312778">
				<ele>260.200012</ele>
				<time>2026-09-03T13:37:09Z</time>
			</trkpt>
			<trkpt lat="46.261252" lon="15.312644">
				<ele>260</ele>
				<time>2026-09-03T13:37:10Z</time>
			</trkpt>
			<trkpt lat="46.261184" lon="15.312578">
				<ele>260</ele>
				<time>2026-09-03T13:37:12Z</time>
			</trkpt>
			<trkpt lat="46.261142" lon="15.312524">
				<ele>260</ele>
				<time>2026-09-03T13:37:13Z</time>
			</trkpt>
			<trkpt lat="46.261086" lon="15.312462">
				<ele>260</ele>
				<time>2026-09-03T13:37:14Z</time>
			</trkpt>
			<trkpt lat="46.261035" lon="15.3124">
				<ele>260</ele>
				<time>2026-09-03T13:37:15Z</time>
			</trkpt>
			<trkpt lat="46.260974" lon="15.312348">
				<ele>259.799988</ele>
				<time>2026-09-03T13:37:17Z</time>
			</trkpt>
			<trkpt lat="46.260919" lon="15.312288">
				<ele>259.799988</ele>
				<time>2026-09-03T13:37:18Z</time>
			</trkpt>
			<trkpt lat="46.260864" lon="15.312228">
				<ele>259.799988</ele>
				<time>2026-09-03T13:37:19Z</time>
			</trkpt>
			<trkpt lat="46.260814" lon="15.312168">
				<ele>259.799988</ele>
				<time>2026-09-03T13:37:20Z</time>
			</trkpt>
			<trkpt lat="46.260755" lon="15.3121">
				<ele>259.600006</ele>
				<time>2026-09-03T13:37:22Z</time>
			</trkpt>
			<trkpt lat="46.260643" lon="15.311996">
				<ele>259.399994</ele>
				<time>2026-09-03T13:37:23Z</time>
			</trkpt>
			<trkpt lat="46.260582" lon="15.311944">
				<ele>259.399994</ele>
				<time>2026-09-03T13:37:24Z</time>
			</trkpt>
			<trkpt lat="46.260525" lon="15.31188">
				<ele>259.200012</ele>
				<time>2026-09-03T13:37:25Z</time>
			</trkpt>
			<trkpt lat="46.260467" lon="15.311824">
				<ele>259.200012</ele>
				<time>2026-09-03T13:37:26Z</time>
			</trkpt>
			<trkpt lat="46.260408" lon="15.311776">
				<ele>259</ele>
				<time>2026-09-03T13:37:27Z</time>
			</trkpt>
			<trkpt lat="46.260349" lon="15.311728">
				<ele>259</ele>
				<time>2026-09-03T13:37:28Z</time>
			</trkpt>
			<trkpt lat="46.260288" lon="15.311676">
				<ele>258.799988</ele>
				<time>2026-09-03T13:37:29Z</time>
			</trkpt>
			<trkpt lat="46.260228" lon="15.311626">
				<ele>258.799988</ele>
				<time>2026-09-03T13:37:30Z</time>
			</trkpt>
			<trkpt lat="46.260167" lon="15.311574">
				<ele>258.600006</ele>
				<time>2026-09-03T13:37:31Z</time>
			</trkpt>
			<trkpt lat="46.260103" lon="15.311526">
				<ele>258.399994</ele>
				<time>2026-09-03T13:37:32Z</time>
			</trkpt>
			<trkpt lat="46.260038" lon="15.311486">
				<ele>258.200012</ele>
				<time>2026-09-03T13:37:33Z</time>
			</trkpt>
			<trkpt lat="46.259973" lon="15.311446">
				<ele>258</ele>
				<time>2026-09-03T13:37:34Z</time>
			</trkpt>
			<trkpt lat="46.259908" lon="15.311406">
				<ele>257.600006</ele>
				<time>2026-09-03T13:37:35Z</time>
			</trkpt>
			<trkpt lat="46.259778" lon="15.311326">
				<ele>257.399994</ele>
				<time>2026-09-03T13:37:36Z</time>
			</trkpt>
			<trkpt lat="46.259711" lon="15.311282">
				<ele>257.399994</ele>
				<time>2026-09-03T13:37:37Z</time>
			</trkpt>
			<trkpt lat="46.259632" lon="15.311244">
				<ele>257.200012</ele>
				<time>2026-09-03T13:37:38Z</time>
			</trkpt>
			<trkpt lat="46.259579" lon="15.311218">
				<ele>257.200012</ele>
				<time>2026-09-03T13:37:39Z</time>
			</trkpt>
			<trkpt lat="46.259513" lon="15.311186">
				<ele>257.200012</ele>
				<time>2026-09-03T13:37:40Z</time>
			</trkpt>
			<trkpt lat="46.259433" lon="15.311146">
				<ele>257</ele>
				<time>2026-09-03T13:37:41Z</time>
			</trkpt>
			<trkpt lat="46.259367" lon="15.311114">
				<ele>256.799988</ele>
				<time>2026-09-03T13:37:42Z</time>
			</trkpt>
			<trkpt lat="46.259313" lon="15.311096">
				<ele>256.799988</ele>
				<time>2026-09-03T13:37:43Z</time>
			</trkpt>
			<trkpt lat="46.259235" lon="15.31107">
				<ele>256.600006</ele>
				<time>2026-09-03T13:37:45Z</time>
			</trkpt>
			<trkpt lat="46.259159" lon="15.311058">
				<ele>256.600006</ele>
				<time>2026-09-03T13:37:46Z</time>
			</trkpt>
			<trkpt lat="46.259107" lon="15.311034">
				<ele>256.399994</ele>
				<time>2026-09-03T13:37:47Z</time>
			</trkpt>
			<trkpt lat="46.259026" lon="15.311002">
				<ele>256.200012</ele>
				<time>2026-09-03T13:37:48Z</time>
			</trkpt>
			<trkpt lat="46.258906" lon="15.310972">
				<ele>256</ele>
				<time>2026-09-03T13:37:49Z</time>
			</trkpt>
			<trkpt lat="46.258841" lon="15.310942">
				<ele>256</ele>
				<time>2026-09-03T13:37:50Z</time>
			</trkpt>
			<trkpt lat="46.258776" lon="15.310932">
				<ele>256</ele>
				<time>2026-09-03T13:37:51Z</time>
			</trkpt>
			<trkpt lat="46.258709" lon="15.310918">
				<ele>256</ele>
				<time>2026-09-03T13:37:52Z</time>
			</trkpt>
			<trkpt lat="46.258631" lon="15.310902">
				<ele>256</ele>
				<time>2026-09-03T13:37:53Z</time>
			</trkpt>
			<trkpt lat="46.258568" lon="15.310896">
				<ele>256</ele>
				<time>2026-09-03T13:37:54Z</time>
			</trkpt>
			<trkpt lat="46.258518" lon="15.310886">
				<ele>256</ele>
				<time>2026-09-03T13:37:55Z</time>
			</trkpt>
			<trkpt lat="46.258443" lon="15.310886">
				<ele>256</ele>
				<time>2026-09-03T13:37:56Z</time>
			</trkpt>
			<trkpt lat="46.258393" lon="15.310876">
				<ele>256</ele>
				<time>2026-09-03T13:37:57Z</time>
			</trkpt>
			<trkpt lat="46.258332" lon="15.310874">
				<ele>255.800003</ele>
				<time>2026-09-03T13:37:58Z</time>
			</trkpt>
			<trkpt lat="46.258272" lon="15.310864">
				<ele>255.800003</ele>
				<time>2026-09-03T13:37:59Z</time>
			</trkpt>
			<trkpt lat="46.258206" lon="15.310852">
				<ele>255.800003</ele>
				<time>2026-09-03T13:38:00Z</time>
			</trkpt>
			<trkpt lat="46.258087" lon="15.310854">
				<ele>255.399994</ele>
				<time>2026-09-03T13:38:01Z</time>
			</trkpt>
			<trkpt lat="46.258022" lon="15.310854">
				<ele>255.199997</ele>
				<time>2026-09-03T13:38:03Z</time>
			</trkpt>
			<trkpt lat="46.257961" lon="15.310852">
				<ele>255.199997</ele>
				<time>2026-09-03T13:38:04Z</time>
			</trkpt>
			<trkpt lat="46.257905" lon="15.31085">
				<ele>255</ele>
				<time>2026-09-03T13:38:05Z</time>
			</trkpt>
			<trkpt lat="46.257825" lon="15.31085">
				<ele>254.800003</ele>
				<time>2026-09-03T13:38:06Z</time>
			</trkpt>
			<trkpt lat="46.257776" lon="15.310852">
				<ele>254.800003</ele>
				<time>2026-09-03T13:38:07Z</time>
			</trkpt>
			<trkpt lat="46.257713" lon="15.310856">
				<ele>254.600006</ele>
				<time>2026-09-03T13:38:08Z</time>
			</trkpt>
			<trkpt lat="46.257653" lon="15.310866">
				<ele>254.600006</ele>
				<time>2026-09-03T13:38:09Z</time>
			</trkpt>
			<trkpt lat="46.257589" lon="15.310868">
				<ele>254.399994</ele>
				<time>2026-09-03T13:38:10Z</time>
			</trkpt>
			<trkpt lat="46.257528" lon="15.310866">
				<ele>254.399994</ele>
				<time>2026-09-03T13:38:11Z</time>
			</trkpt>
			<trkpt lat="46.257469" lon="15.310868">
				<ele>254.199997</ele>
				<time>2026-09-03T13:38:12Z</time>
			</trkpt>
			<trkpt lat="46.257411" lon="15.310852">
				<ele>254.199997</ele>
				<time>2026-09-03T13:38:13Z</time>
			</trkpt>
			<trkpt lat="46.257287" lon="15.310844">
				<ele>254</ele>
				<time>2026-09-03T13:38:14Z</time>
			</trkpt>
			<trkpt lat="46.257234" lon="15.310838">
				<ele>254.199997</ele>
				<time>2026-09-03T13:38:15Z</time>
			</trkpt>
			<trkpt lat="46.257187" lon="15.310814">
				<ele>254.199997</ele>
				<time>2026-09-03T13:38:16Z</time>
			</trkpt>
			<trkpt lat="46.257144" lon="15.310778">
				<ele>254.199997</ele>
				<time>2026-09-03T13:38:17Z</time>
			</trkpt>
			<trkpt lat="46.257112" lon="15.310734">
				<ele>254.199997</ele>
				<time>2026-09-03T13:38:18Z</time>
			</trkpt>
			<trkpt lat="46.257077" lon="15.310674">
				<ele>254.199997</ele>
				<time>2026-09-03T13:38:19Z</time>
			</trkpt>
			<trkpt lat="46.257042" lon="15.310604">
				<ele>254.199997</ele>
				<time>2026-09-03T13:38:20Z</time>
			</trkpt>
			<trkpt lat="46.257023" lon="15.310526">
				<ele>254.199997</ele>
				<time>2026-09-03T13:38:21Z</time>
			</trkpt>
			<trkpt lat="46.257008" lon="15.310446">
				<ele>254.199997</ele>
				<time>2026-09-03T13:38:22Z</time>
			</trkpt>
			<trkpt lat="46.257002" lon="15.310354">
				<ele>254.199997</ele>
				<time>2026-09-03T13:38:23Z</time>
			</trkpt>
			<trkpt lat="46.256998" lon="15.310286">
				<ele>254.199997</ele>
				<time>2026-09-03T13:38:24Z</time>
			</trkpt>
			<trkpt lat="46.256997" lon="15.310184">
				<ele>254.199997</ele>
				<time>2026-09-03T13:38:25Z</time>
			</trkpt>
			<trkpt lat="46.256995" lon="15.31009">
				<ele>254</ele>
				<time>2026-09-03T13:38:26Z</time>
			</trkpt>
			<trkpt lat="46.256995" lon="15.31002">
				<ele>254</ele>
				<time>2026-09-03T13:38:27Z</time>
			</trkpt>
			<trkpt lat="46.256998" lon="15.309936">
				<ele>254</ele>
				<time>2026-09-03T13:38:28Z</time>
			</trkpt>
			<trkpt lat="46.257001" lon="15.309822">
				<ele>254</ele>
				<time>2026-09-03T13:38:29Z</time>
			</trkpt>
			<trkpt lat="46.257001" lon="15.309752">
				<ele>253.800003</ele>
				<time>2026-09-03T13:38:30Z</time>
			</trkpt>
			<trkpt lat="46.257001" lon="15.309632">
				<ele>253.600006</ele>
				<time>2026-09-03T13:38:32Z</time>
			</trkpt>
			<trkpt lat="46.257003" lon="15.309566">
				<ele>253.399994</ele>
				<time>2026-09-03T13:38:33Z</time>
			</trkpt>
			<trkpt lat="46.257008" lon="15.309466">
				<ele>253.199997</ele>
				<time>2026-09-03T13:38:34Z</time>
			</trkpt>
			<trkpt lat="46.257012" lon="15.309344">
				<ele>253</ele>
				<time>2026-09-03T13:38:35Z</time>
			</trkpt>
			<trkpt lat="46.257012" lon="15.309234">
				<ele>252.800003</ele>
				<time>2026-09-03T13:38:36Z</time>
			</trkpt>
			<trkpt lat="46.257014" lon="15.309138">
				<ele>252.600006</ele>
				<time>2026-09-03T13:38:37Z</time>
			</trkpt>
			<trkpt lat="46.257019" lon="15.309028">
				<ele>252.399994</ele>
				<time>2026-09-03T13:38:38Z</time>
			</trkpt>
			<trkpt lat="46.257031" lon="15.308802">
				<ele>252.199997</ele>
				<time>2026-09-03T13:38:39Z</time>
			</trkpt>
			<trkpt lat="46.257035" lon="15.30872">
				<ele>252</ele>
				<time>2026-09-03T13:38:40Z</time>
			</trkpt>
			<trkpt lat="46.257041" lon="15.308612">
				<ele>252</ele>
				<time>2026-09-03T13:38:41Z</time>
			</trkpt>
			<trkpt lat="46.257048" lon="15.308486">
				<ele>252</ele>
				<time>2026-09-03T13:38:42Z</time>
			</trkpt>
			<trkpt lat="46.257055" lon="15.30837">
				<ele>252</ele>
				<time>2026-09-03T13:38:43Z</time>
			</trkpt>
			<trkpt lat="46.257066" lon="15.308292">
				<ele>252</ele>
				<time>2026-09-03T13:38:44Z</time>
			</trkpt>
			<trkpt lat="46.257068" lon="15.308166">
				<ele>252</ele>
				<time>2026-09-03T13:38:46Z</time>
			</trkpt>
			<trkpt lat="46.257073" lon="15.308076">
				<ele>252</ele>
				<time>2026-09-03T13:38:47Z</time>
			</trkpt>
			<trkpt lat="46.257076" lon="15.307972">
				<ele>252</ele>
				<time>2026-09-03T13:38:48Z</time>
			</trkpt>
			<trkpt lat="46.257078" lon="15.307876">
				<ele>252.199997</ele>
				<time>2026-09-03T13:38:49Z</time>
			</trkpt>
			<trkpt lat="46.257082" lon="15.307784">
				<ele>252.399994</ele>
				<time>2026-09-03T13:38:50Z</time>
			</trkpt>
			<trkpt lat="46.257082" lon="15.307704">
				<ele>252.399994</ele>
				<time>2026-09-03T13:38:51Z</time>
			</trkpt>
			<trkpt lat="46.257093" lon="15.307506">
				<ele>252.600006</ele>
				<time>2026-09-03T13:38:52Z</time>
			</trkpt>
			<trkpt lat="46.257096" lon="15.307432">
				<ele>252.800003</ele>
				<time>2026-09-03T13:38:53Z</time>
			</trkpt>
			<trkpt lat="46.257097" lon="15.307344">
				<ele>253</ele>
				<time>2026-09-03T13:38:55Z</time>
			</trkpt>
			<trkpt lat="46.257102" lon="15.307234">
				<ele>253</ele>
				<time>2026-09-03T13:38:56Z</time>
			</trkpt>
			<trkpt lat="46.257108" lon="15.307176">
				<ele>253.199997</ele>
				<time>2026-09-03T13:38:57Z</time>
			</trkpt>
			<trkpt lat="46.257115" lon="15.30706">
				<ele>253.399994</ele>
				<time>2026-09-03T13:38:59Z</time>
			</trkpt>
			<trkpt lat="46.257119" lon="15.306988">
				<ele>253.600006</ele>
				<time>2026-09-03T13:39:00Z</time>
			</trkpt>
			<trkpt lat="46.257121" lon="15.306912">
				<ele>253.800003</ele>
				<time>2026-09-03T13:39:01Z</time>
			</trkpt>
			<trkpt lat="46.257125" lon="15.30681">
				<ele>253.800003</ele>
				<time>2026-09-03T13:39:02Z</time>
			</trkpt>
			<trkpt lat="46.257125" lon="15.30673">
				<ele>254</ele>
				<time>2026-09-03T13:39:03Z</time>
			</trkpt>
			<trkpt lat="46.257125" lon="15.30665">
				<ele>254.199997</ele>
				<time>2026-09-03T13:39:04Z</time>
			</trkpt>
			<trkpt lat="46.257139" lon="15.306498">
				<ele>254.399994</ele>
				<time>2026-09-03T13:39:06Z</time>
			</trkpt>
			<trkpt lat="46.257151" lon="15.306412">
				<ele>254.399994</ele>
				<time>2026-09-03T13:39:07Z</time>
			</trkpt>
			<trkpt lat="46.257171" lon="15.306332">
				<ele>254.399994</ele>
				<time>2026-09-03T13:39:08Z</time>
			</trkpt>
			<trkpt lat="46.257197" lon="15.306264">
				<ele>254.199997</ele>
				<time>2026-09-03T13:39:09Z</time>
			</trkpt>
			<trkpt lat="46.257225" lon="15.3062">
				<ele>254.199997</ele>
				<time>2026-09-03T13:39:10Z</time>
			</trkpt>
			<trkpt lat="46.257271" lon="15.306112">
				<ele>254.199997</ele>
				<time>2026-09-03T13:39:12Z</time>
			</trkpt>
			<trkpt lat="46.257311" lon="15.306042">
				<ele>254</ele>
				<time>2026-09-03T13:39:13Z</time>
			</trkpt>
			<trkpt lat="46.257346" lon="15.305982">
				<ele>253.800003</ele>
				<time>2026-09-03T13:39:14Z</time>
			</trkpt>
			<trkpt lat="46.257402" lon="15.305904">
				<ele>253.800003</ele>
				<time>2026-09-03T13:39:15Z</time>
			</trkpt>
			<trkpt lat="46.257449" lon="15.305838">
				<ele>253.600006</ele>
				<time>2026-09-03T13:39:16Z</time>
			</trkpt>
			<trkpt lat="46.257493" lon="15.305756">
				<ele>253.399994</ele>
				<time>2026-09-03T13:39:17Z</time>
			</trkpt>
			<trkpt lat="46.257552" lon="15.305594">
				<ele>253.199997</ele>
				<time>2026-09-03T13:39:18Z</time>
			</trkpt>
			<trkpt lat="46.257569" lon="15.305508">
				<ele>253</ele>
				<time>2026-09-03T13:39:19Z</time>
			</trkpt>
			<trkpt lat="46.257588" lon="15.305386">
				<ele>252.800003</ele>
				<time>2026-09-03T13:39:20Z</time>
			</trkpt>
			<trkpt lat="46.257578" lon="15.305286">
				<ele>252.600006</ele>
				<time>2026-09-03T13:39:21Z</time>
			</trkpt>
			<trkpt lat="46.257574" lon="15.305208">
				<ele>252.399994</ele>
				<time>2026-09-03T13:39:22Z</time>
			</trkpt>
			<trkpt lat="46.257564" lon="15.305088">
				<ele>252.399994</ele>
				<time>2026-09-03T13:39:23Z</time>
			</trkpt>
			<trkpt lat="46.257555" lon="15.30498">
				<ele>252.199997</ele>
				<time>2026-09-03T13:39:24Z</time>
			</trkpt>
			<trkpt lat="46.257549" lon="15.304908">
				<ele>252.199997</ele>
				<time>2026-09-03T13:39:25Z</time>
			</trkpt>
			<trkpt lat="46.257539" lon="15.304798">
				<ele>252.199997</ele>
				<time>2026-09-03T13:39:26Z</time>
			</trkpt>
			<trkpt lat="46.257529" lon="15.304708">
				<ele>252.199997</ele>
				<time>2026-09-03T13:39:27Z</time>
			</trkpt>
			<trkpt lat="46.257522" lon="15.304624">
				<ele>252.199997</ele>
				<time>2026-09-03T13:39:28Z</time>
			</trkpt>
			<trkpt lat="46.257512" lon="15.304524">
				<ele>252.199997</ele>
				<time>2026-09-03T13:39:29Z</time>
			</trkpt>
			<trkpt lat="46.257494" lon="15.304368">
				<ele>252.199997</ele>
				<time>2026-09-03T13:39:30Z</time>
			</trkpt>
			<trkpt lat="46.257482" lon="15.304264">
				<ele>252.199997</ele>
				<time>2026-09-03T13:39:32Z</time>
			</trkpt>
			<trkpt lat="46.257471" lon="15.304172">
				<ele>252.199997</ele>
				<time>2026-09-03T13:39:33Z</time>
			</trkpt>
			<trkpt lat="46.257465" lon="15.30408">
				<ele>252.199997</ele>
				<time>2026-09-03T13:39:34Z</time>
			</trkpt>
			<trkpt lat="46.257452" lon="15.304004">
				<ele>252.199997</ele>
				<time>2026-09-03T13:39:35Z</time>
			</trkpt>
			<trkpt lat="46.257442" lon="15.303914">
				<ele>252.199997</ele>
				<time>2026-09-03T13:39:36Z</time>
			</trkpt>
			<trkpt lat="46.257432" lon="15.303824">
				<ele>252.199997</ele>
				<time>2026-09-03T13:39:37Z</time>
			</trkpt>
			<trkpt lat="46.257424" lon="15.303758">
				<ele>252.199997</ele>
				<time>2026-09-03T13:39:38Z</time>
			</trkpt>
			<trkpt lat="46.257415" lon="15.30367">
				<ele>252.199997</ele>
				<time>2026-09-03T13:39:40Z</time>
			</trkpt>
			<trkpt lat="46.257405" lon="15.30358">
				<ele>252.399994</ele>
				<time>2026-09-03T13:39:41Z</time>
			</trkpt>
			<trkpt lat="46.257394" lon="15.303488">
				<ele>252.399994</ele>
				<time>2026-09-03T13:39:42Z</time>
			</trkpt>
			<trkpt lat="46.257385" lon="15.3034">
				<ele>252.399994</ele>
				<time>2026-09-03T13:39:43Z</time>
			</trkpt>
			<trkpt lat="46.257379" lon="15.303318">
				<ele>252.600006</ele>
				<time>2026-09-03T13:39:44Z</time>
			</trkpt>
			<trkpt lat="46.257371" lon="15.303232">
				<ele>252.800003</ele>
				<time>2026-09-03T13:39:45Z</time>
			</trkpt>
			<trkpt lat="46.257361" lon="15.303152">
				<ele>252.800003</ele>
				<time>2026-09-03T13:39:46Z</time>
			</trkpt>
			<trkpt lat="46.257352" lon="15.303064">
				<ele>252.800003</ele>
				<time>2026-09-03T13:39:47Z</time>
			</trkpt>
			<trkpt lat="46.257338" lon="15.302986">
				<ele>253</ele>
				<time>2026-09-03T13:39:48Z</time>
			</trkpt>
			<trkpt lat="46.257328" lon="15.302906">
				<ele>253</ele>
				<time>2026-09-03T13:39:50Z</time>
			</trkpt>
			<trkpt lat="46.257318" lon="15.302816">
				<ele>253</ele>
				<time>2026-09-03T13:39:51Z</time>
			</trkpt>
			<trkpt lat="46.257308" lon="15.302736">
				<ele>253</ele>
				<time>2026-09-03T13:39:52Z</time>
			</trkpt>
			<trkpt lat="46.257299" lon="15.302668">
				<ele>253</ele>
				<time>2026-09-03T13:39:53Z</time>
			</trkpt>
			<trkpt lat="46.257284" lon="15.302568">
				<ele>253</ele>
				<time>2026-09-03T13:39:54Z</time>
			</trkpt>
			<trkpt lat="46.257273" lon="15.302486">
				<ele>253</ele>
				<time>2026-09-03T13:39:55Z</time>
			</trkpt>
			<trkpt lat="46.257264" lon="15.302398">
				<ele>253</ele>
				<time>2026-09-03T13:39:56Z</time>
			</trkpt>
			<trkpt lat="46.257254" lon="15.302318">
				<ele>253</ele>
				<time>2026-09-03T13:39:57Z</time>
			</trkpt>
			<trkpt lat="46.257242" lon="15.302234">
				<ele>253</ele>
				<time>2026-09-03T13:39:58Z</time>
			</trkpt>
			<trkpt lat="46.257234" lon="15.302148">
				<ele>253</ele>
				<time>2026-09-03T13:39:59Z</time>
			</trkpt>
			<trkpt lat="46.257226" lon="15.302062">
				<ele>253</ele>
				<time>2026-09-03T13:40:00Z</time>
			</trkpt>
			<trkpt lat="46.257218" lon="15.301986">
				<ele>253</ele>
				<time>2026-09-03T13:40:02Z</time>
			</trkpt>
			<trkpt lat="46.257213" lon="15.301916">
				<ele>253.199997</ele>
				<time>2026-09-03T13:40:03Z</time>
			</trkpt>
			<trkpt lat="46.257201" lon="15.301832">
				<ele>253.199997</ele>
				<time>2026-09-03T13:40:04Z</time>
			</trkpt>
			<trkpt lat="46.257192" lon="15.301734">
				<ele>253</ele>
				<time>2026-09-03T13:40:05Z</time>
			</trkpt>
			<trkpt lat="46.257182" lon="15.301644">
				<ele>253</ele>
				<time>2026-09-03T13:40:07Z</time>
			</trkpt>
			<trkpt lat="46.257166" lon="15.301482">
				<ele>253</ele>
				<time>2026-09-03T13:40:08Z</time>
			</trkpt>
			<trkpt lat="46.257154" lon="15.301408">
				<ele>253</ele>
				<time>2026-09-03T13:40:09Z</time>
			</trkpt>
			<trkpt lat="46.257144" lon="15.301318">
				<ele>253</ele>
				<time>2026-09-03T13:40:10Z</time>
			</trkpt>
			<trkpt lat="46.257136" lon="15.301222">
				<ele>253</ele>
				<time>2026-09-03T13:40:11Z</time>
			</trkpt>
			<trkpt lat="46.257128" lon="15.301146">
				<ele>253</ele>
				<time>2026-09-03T13:40:13Z</time>
			</trkpt>
			<trkpt lat="46.257116" lon="15.301052">
				<ele>253</ele>
				<time>2026-09-03T13:40:14Z</time>
			</trkpt>
			<trkpt lat="46.257107" lon="15.300974">
				<ele>253</ele>
				<time>2026-09-03T13:40:15Z</time>
			</trkpt>
			<trkpt lat="46.257098" lon="15.300886">
				<ele>253</ele>
				<time>2026-09-03T13:40:16Z</time>
			</trkpt>
			<trkpt lat="46.257089" lon="15.300798">
				<ele>253</ele>
				<time>2026-09-03T13:40:17Z</time>
			</trkpt>
			<trkpt lat="46.257083" lon="15.300726">
				<ele>253.199997</ele>
				<time>2026-09-03T13:40:18Z</time>
			</trkpt>
			<trkpt lat="46.257072" lon="15.300614">
				<ele>253.199997</ele>
				<time>2026-09-03T13:40:20Z</time>
			</trkpt>
			<trkpt lat="46.257052" lon="15.300434">
				<ele>253.199997</ele>
				<time>2026-09-03T13:40:22Z</time>
			</trkpt>
			<trkpt lat="46.257046" lon="15.300342">
				<ele>253.199997</ele>
				<time>2026-09-03T13:40:23Z</time>
			</trkpt>
			<trkpt lat="46.257027" lon="15.300254">
				<ele>253.199997</ele>
				<time>2026-09-03T13:40:24Z</time>
			</trkpt>
			<trkpt lat="46.257019" lon="15.300158">
				<ele>253</ele>
				<time>2026-09-03T13:40:26Z</time>
			</trkpt>
			<trkpt lat="46.257012" lon="15.300064">
				<ele>253</ele>
				<time>2026-09-03T13:40:27Z</time>
			</trkpt>
			<trkpt lat="46.257002" lon="15.299994">
				<ele>253</ele>
				<time>2026-09-03T13:40:28Z</time>
			</trkpt>
			<trkpt lat="46.256997" lon="15.299874">
				<ele>253</ele>
				<time>2026-09-03T13:40:29Z</time>
			</trkpt>
			<trkpt lat="46.256988" lon="15.299776">
				<ele>252.800003</ele>
				<time>2026-09-03T13:40:31Z</time>
			</trkpt>
			<trkpt lat="46.256975" lon="15.29968">
				<ele>252.800003</ele>
				<time>2026-09-03T13:40:32Z</time>
			</trkpt>
			<trkpt lat="46.256962" lon="15.299604">
				<ele>252.800003</ele>
				<time>2026-09-03T13:40:33Z</time>
			</trkpt>
			<trkpt lat="46.256938" lon="15.299406">
				<ele>252.600006</ele>
				<time>2026-09-03T13:40:34Z</time>
			</trkpt>
			<trkpt lat="46.256927" lon="15.299304">
				<ele>252.600006</ele>
				<time>2026-09-03T13:40:35Z</time>
			</trkpt>
			<trkpt lat="46.256919" lon="15.299218">
				<ele>252.800003</ele>
				<time>2026-09-03T13:40:36Z</time>
			</trkpt>
			<trkpt lat="46.256915" lon="15.29912">
				<ele>252.600006</ele>
				<time>2026-09-03T13:40:37Z</time>
			</trkpt>
			<trkpt lat="46.256906" lon="15.299022">
				<ele>252.600006</ele>
				<time>2026-09-03T13:40:39Z</time>
			</trkpt>
			<trkpt lat="46.256891" lon="15.298932">
				<ele>252.600006</ele>
				<time>2026-09-03T13:40:40Z</time>
			</trkpt>
			<trkpt lat="46.256878" lon="15.298846">
				<ele>252.600006</ele>
				<time>2026-09-03T13:40:41Z</time>
			</trkpt>
			<trkpt lat="46.256866" lon="15.298752">
				<ele>252.399994</ele>
				<time>2026-09-03T13:40:42Z</time>
			</trkpt>
			<trkpt lat="46.256853" lon="15.298656">
				<ele>252.399994</ele>
				<time>2026-09-03T13:40:43Z</time>
			</trkpt>
			<trkpt lat="46.256841" lon="15.298562">
				<ele>252.399994</ele>
				<time>2026-09-03T13:40:44Z</time>
			</trkpt>
			<trkpt lat="46.256833" lon="15.298476">
				<ele>252.399994</ele>
				<time>2026-09-03T13:40:45Z</time>
			</trkpt>
			<trkpt lat="46.256816" lon="15.298292">
				<ele>252.199997</ele>
				<time>2026-09-03T13:40:46Z</time>
			</trkpt>
			<trkpt lat="46.256805" lon="15.2982">
				<ele>252.199997</ele>
				<time>2026-09-03T13:40:48Z</time>
			</trkpt>
			<trkpt lat="46.256793" lon="15.298116">
				<ele>252.199997</ele>
				<time>2026-09-03T13:40:49Z</time>
			</trkpt>
			<trkpt lat="46.256786" lon="15.298042">
				<ele>252.199997</ele>
				<time>2026-09-03T13:40:50Z</time>
			</trkpt>
			<trkpt lat="46.256777" lon="15.297954">
				<ele>252</ele>
				<time>2026-09-03T13:40:51Z</time>
			</trkpt>
			<trkpt lat="46.256764" lon="15.297848">
				<ele>252</ele>
				<time>2026-09-03T13:40:52Z</time>
			</trkpt>
			<trkpt lat="46.256751" lon="15.297752">
				<ele>252</ele>
				<time>2026-09-03T13:40:53Z</time>
			</trkpt>
			<trkpt lat="46.256743" lon="15.297686">
				<ele>251.800003</ele>
				<time>2026-09-03T13:40:54Z</time>
			</trkpt>
			<trkpt lat="46.256732" lon="15.297574">
				<ele>251.800003</ele>
				<time>2026-09-03T13:40:55Z</time>
			</trkpt>
			<trkpt lat="46.256722" lon="15.297474">
				<ele>251.800003</ele>
				<time>2026-09-03T13:40:56Z</time>
			</trkpt>
			<trkpt lat="46.256714" lon="15.297408">
				<ele>251.600006</ele>
				<time>2026-09-03T13:40:57Z</time>
			</trkpt>
			<trkpt lat="46.256702" lon="15.297284">
				<ele>251.600006</ele>
				<time>2026-09-03T13:40:58Z</time>
			</trkpt>
			<trkpt lat="46.256683" lon="15.297116">
				<ele>251.600006</ele>
				<time>2026-09-03T13:40:59Z</time>
			</trkpt>
			<trkpt lat="46.256671" lon="15.297002">
				<ele>251.600006</ele>
				<time>2026-09-03T13:41:01Z</time>
			</trkpt>
			<trkpt lat="46.256664" lon="15.296918">
				<ele>251.399994</ele>
				<time>2026-09-03T13:41:02Z</time>
			</trkpt>
			<trkpt lat="46.256648" lon="15.296826">
				<ele>251.399994</ele>
				<time>2026-09-03T13:41:03Z</time>
			</trkpt>
			<trkpt lat="46.256639" lon="15.296728">
				<ele>251.399994</ele>
				<time>2026-09-03T13:41:04Z</time>
			</trkpt>
			<trkpt lat="46.256631" lon="15.296632">
				<ele>251.399994</ele>
				<time>2026-09-03T13:41:05Z</time>
			</trkpt>
			<trkpt lat="46.256622" lon="15.296544">
				<ele>251.399994</ele>
				<time>2026-09-03T13:41:06Z</time>
			</trkpt>
			<trkpt lat="46.256612" lon="15.296454">
				<ele>251.399994</ele>
				<time>2026-09-03T13:41:07Z</time>
			</trkpt>
			<trkpt lat="46.256607" lon="15.296374">
				<ele>251.399994</ele>
				<time>2026-09-03T13:41:08Z</time>
			</trkpt>
			<trkpt lat="46.256587" lon="15.296284">
				<ele>251.399994</ele>
				<time>2026-09-03T13:41:09Z</time>
			</trkpt>
			<trkpt lat="46.256574" lon="15.296208">
				<ele>251.399994</ele>
				<time>2026-09-03T13:41:10Z</time>
			</trkpt>
			<trkpt lat="46.256554" lon="15.296128">
				<ele>251.399994</ele>
				<time>2026-09-03T13:41:11Z</time>
			</trkpt>
			<trkpt lat="46.256517" lon="15.295974">
				<ele>251.399994</ele>
				<time>2026-09-03T13:41:12Z</time>
			</trkpt>
			<trkpt lat="46.256508" lon="15.295896">
				<ele>251.399994</ele>
				<time>2026-09-03T13:41:13Z</time>
			</trkpt>
			<trkpt lat="46.256494" lon="15.295828">
				<ele>251.399994</ele>
				<time>2026-09-03T13:41:14Z</time>
			</trkpt>
			<trkpt lat="46.256465" lon="15.29575">
				<ele>251.399994</ele>
				<time>2026-09-03T13:41:15Z</time>
			</trkpt>
			<trkpt lat="46.256414" lon="15.295718">
				<ele>251.399994</ele>
				<time>2026-09-03T13:41:17Z</time>
			</trkpt>
			<trkpt lat="46.256361" lon="15.295682">
				<ele>251.399994</ele>
				<time>2026-09-03T13:41:18Z</time>
			</trkpt>
			<trkpt lat="46.256304" lon="15.295668">
				<ele>251.399994</ele>
				<time>2026-09-03T13:41:19Z</time>
			</trkpt>
			<trkpt lat="46.256249" lon="15.295638">
				<ele>251.399994</ele>
				<time>2026-09-03T13:41:20Z</time>
			</trkpt>
			<trkpt lat="46.256194" lon="15.295608">
				<ele>251.399994</ele>
				<time>2026-09-03T13:41:21Z</time>
			</trkpt>
			<trkpt lat="46.256142" lon="15.295564">
				<ele>251.399994</ele>
				<time>2026-09-03T13:41:23Z</time>
			</trkpt>
			<trkpt lat="46.256084" lon="15.295538">
				<ele>251.399994</ele>
				<time>2026-09-03T13:41:24Z</time>
			</trkpt>
			<trkpt lat="46.255965" lon="15.29547">
				<ele>251.399994</ele>
				<time>2026-09-03T13:41:26Z</time>
			</trkpt>
			<trkpt lat="46.255905" lon="15.29545">
				<ele>251.399994</ele>
				<time>2026-09-03T13:41:27Z</time>
			</trkpt>
			<trkpt lat="46.255844" lon="15.295438">
				<ele>251.399994</ele>
				<time>2026-09-03T13:41:28Z</time>
			</trkpt>
			<trkpt lat="46.255786" lon="15.295422">
				<ele>251.399994</ele>
				<time>2026-09-03T13:41:29Z</time>
			</trkpt>
			<trkpt lat="46.255727" lon="15.295414">
				<ele>251.600006</ele>
				<time>2026-09-03T13:41:31Z</time>
			</trkpt>
			<trkpt lat="46.255665" lon="15.29541">
				<ele>251.600006</ele>
				<time>2026-09-03T13:41:32Z</time>
			</trkpt>
			<trkpt lat="46.255607" lon="15.295414">
				<ele>251.600006</ele>
				<time>2026-09-03T13:41:33Z</time>
			</trkpt>
			<trkpt lat="46.255548" lon="15.295406">
				<ele>251.600006</ele>
				<time>2026-09-03T13:41:34Z</time>
			</trkpt>
			<trkpt lat="46.255494" lon="15.295408">
				<ele>251.600006</ele>
				<time>2026-09-03T13:41:35Z</time>
			</trkpt>
			<trkpt lat="46.255432" lon="15.295404">
				<ele>251.800003</ele>
				<time>2026-09-03T13:41:36Z</time>
			</trkpt>
			<trkpt lat="46.255375" lon="15.2954">
				<ele>251.800003</ele>
				<time>2026-09-03T13:41:37Z</time>
			</trkpt>
			<trkpt lat="46.255318" lon="15.295406">
				<ele>252</ele>
				<time>2026-09-03T13:41:38Z</time>
			</trkpt>
			<trkpt lat="46.255265" lon="15.2954">
				<ele>252.199997</ele>
				<time>2026-09-03T13:41:39Z</time>
			</trkpt>
			<trkpt lat="46.255211" lon="15.295392">
				<ele>252.399994</ele>
				<time>2026-09-03T13:41:40Z</time>
			</trkpt>
			<trkpt lat="46.255168" lon="15.295396">
				<ele>252.399994</ele>
				<time>2026-09-03T13:41:41Z</time>
			</trkpt>
			<trkpt lat="46.255104" lon="15.295398">
				<ele>252.600006</ele>
				<time>2026-09-03T13:41:43Z</time>
			</trkpt>
			<trkpt lat="46.255052" lon="15.295394">
				<ele>252.800003</ele>
				<time>2026-09-03T13:41:44Z</time>
			</trkpt>
			<trkpt lat="46.255006" lon="15.295392">
				<ele>252.800003</ele>
				<time>2026-09-03T13:41:45Z</time>
			</trkpt>
			<trkpt lat="46.254948" lon="15.295396">
				<ele>253</ele>
				<time>2026-09-03T13:41:46Z</time>
			</trkpt>
			<trkpt lat="46.254898" lon="15.295386">
				<ele>253</ele>
				<time>2026-09-03T13:41:47Z</time>
			</trkpt>
			<trkpt lat="46.254851" lon="15.295382">
				<ele>253.199997</ele>
				<time>2026-09-03T13:41:48Z</time>
			</trkpt>
			<trkpt lat="46.254803" lon="15.295386">
				<ele>253.199997</ele>
				<time>2026-09-03T13:41:49Z</time>
			</trkpt>
			<trkpt lat="46.254707" lon="15.295374">
				<ele>253.600006</ele>
				<time>2026-09-03T13:41:50Z</time>
			</trkpt>
			<trkpt lat="46.254663" lon="15.295376">
				<ele>253.600006</ele>
				<time>2026-09-03T13:41:51Z</time>
			</trkpt>
			<trkpt lat="46.254619" lon="15.295368">
				<ele>253.800003</ele>
				<time>2026-09-03T13:41:52Z</time>
			</trkpt>
			<trkpt lat="46.254573" lon="15.295366">
				<ele>254</ele>
				<time>2026-09-03T13:41:53Z</time>
			</trkpt>
			<trkpt lat="46.254527" lon="15.295364">
				<ele>254</ele>
				<time>2026-09-03T13:41:54Z</time>
			</trkpt>
			<trkpt lat="46.254482" lon="15.295354">
				<ele>254.199997</ele>
				<time>2026-09-03T13:41:55Z</time>
			</trkpt>
			<trkpt lat="46.254438" lon="15.295356">
				<ele>254.399994</ele>
				<time>2026-09-03T13:41:56Z</time>
			</trkpt>
			<trkpt lat="46.254393" lon="15.295356">
				<ele>254.399994</ele>
				<time>2026-09-03T13:41:57Z</time>
			</trkpt>
			<trkpt lat="46.254347" lon="15.295354">
				<ele>254.600006</ele>
				<time>2026-09-03T13:41:58Z</time>
			</trkpt>
			<trkpt lat="46.254307" lon="15.295354">
				<ele>254.600006</ele>
				<time>2026-09-03T13:41:59Z</time>
			</trkpt>
			<trkpt lat="46.254252" lon="15.295344">
				<ele>254.800003</ele>
				<time>2026-09-03T13:42:00Z</time>
			</trkpt>
			<trkpt lat="46.254204" lon="15.295348">
				<ele>254.800003</ele>
				<time>2026-09-03T13:42:01Z</time>
			</trkpt>
			<trkpt lat="46.254153" lon="15.295346">
				<ele>254.800003</ele>
				<time>2026-09-03T13:42:02Z</time>
			</trkpt>
			<trkpt lat="46.254054" lon="15.295348">
				<ele>254.800003</ele>
				<time>2026-09-03T13:42:03Z</time>
			</trkpt>
			<trkpt lat="46.254001" lon="15.295342">
				<ele>254.800003</ele>
				<time>2026-09-03T13:42:04Z</time>
			</trkpt>
			<trkpt lat="46.253947" lon="15.295334">
				<ele>254.600006</ele>
				<time>2026-09-03T13:42:05Z</time>
			</trkpt>
			<trkpt lat="46.253895" lon="15.29533">
				<ele>254.399994</ele>
				<time>2026-09-03T13:42:06Z</time>
			</trkpt>
			<trkpt lat="46.253839" lon="15.295338">
				<ele>254.399994</ele>
				<time>2026-09-03T13:42:07Z</time>
			</trkpt>
			<trkpt lat="46.253781" lon="15.295332">
				<ele>254.199997</ele>
				<time>2026-09-03T13:42:08Z</time>
			</trkpt>
			<trkpt lat="46.253722" lon="15.295324">
				<ele>254</ele>
				<time>2026-09-03T13:42:09Z</time>
			</trkpt>
			<trkpt lat="46.253669" lon="15.295328">
				<ele>254</ele>
				<time>2026-09-03T13:42:10Z</time>
			</trkpt>
			<trkpt lat="46.253596" lon="15.295322">
				<ele>253.800003</ele>
				<time>2026-09-03T13:42:11Z</time>
			</trkpt>
			<trkpt lat="46.253537" lon="15.295314">
				<ele>253.600006</ele>
				<time>2026-09-03T13:42:12Z</time>
			</trkpt>
			<trkpt lat="46.253462" lon="15.295314">
				<ele>253.399994</ele>
				<time>2026-09-03T13:42:13Z</time>
			</trkpt>
			<trkpt lat="46.253391" lon="15.295302">
				<ele>253.199997</ele>
				<time>2026-09-03T13:42:14Z</time>
			</trkpt>
			<trkpt lat="46.253244" lon="15.295298">
				<ele>252.600006</ele>
				<time>2026-09-03T13:42:15Z</time>
			</trkpt>
			<trkpt lat="46.253167" lon="15.295284">
				<ele>252.399994</ele>
				<time>2026-09-03T13:42:16Z</time>
			</trkpt>
			<trkpt lat="46.253088" lon="15.295286">
				<ele>252.199997</ele>
				<time>2026-09-03T13:42:17Z</time>
			</trkpt>
			<trkpt lat="46.253018" lon="15.295286">
				<ele>251.800003</ele>
				<time>2026-09-03T13:42:18Z</time>
			</trkpt>
			<trkpt lat="46.252931" lon="15.295272">
				<ele>251.600006</ele>
				<time>2026-09-03T13:42:19Z</time>
			</trkpt>
			<trkpt lat="46.252856" lon="15.295272">
				<ele>251.199997</ele>
				<time>2026-09-03T13:42:20Z</time>
			</trkpt>
			<trkpt lat="46.252768" lon="15.295266">
				<ele>251</ele>
				<time>2026-09-03T13:42:21Z</time>
			</trkpt>
			<trkpt lat="46.252684" lon="15.295268">
				<ele>250.800003</ele>
				<time>2026-09-03T13:42:22Z</time>
			</trkpt>
			<trkpt lat="46.252599" lon="15.295258">
				<ele>250.600006</ele>
				<time>2026-09-03T13:42:23Z</time>
			</trkpt>
			<trkpt lat="46.252516" lon="15.295242">
				<ele>250.199997</ele>
				<time>2026-09-03T13:42:24Z</time>
			</trkpt>
			<trkpt lat="46.252431" lon="15.295232">
				<ele>250</ele>
				<time>2026-09-03T13:42:25Z</time>
			</trkpt>
			<trkpt lat="46.252346" lon="15.295212">
				<ele>249.800003</ele>
				<time>2026-09-03T13:42:26Z</time>
			</trkpt>
			<trkpt lat="46.252261" lon="15.295192">
				<ele>249.600006</ele>
				<time>2026-09-03T13:42:27Z</time>
			</trkpt>
			<trkpt lat="46.252096" lon="15.295142">
				<ele>249.199997</ele>
				<time>2026-09-03T13:42:28Z</time>
			</trkpt>
			<trkpt lat="46.252015" lon="15.2951">
				<ele>249</ele>
				<time>2026-09-03T13:42:29Z</time>
			</trkpt>
			<trkpt lat="46.251934" lon="15.295068">
				<ele>249</ele>
				<time>2026-09-03T13:42:30Z</time>
			</trkpt>
			<trkpt lat="46.251851" lon="15.295022">
				<ele>248.800003</ele>
				<time>2026-09-03T13:42:31Z</time>
			</trkpt>
			<trkpt lat="46.251776" lon="15.294972">
				<ele>248.600006</ele>
				<time>2026-09-03T13:42:32Z</time>
			</trkpt>
			<trkpt lat="46.251694" lon="15.294928">
				<ele>248.399994</ele>
				<time>2026-09-03T13:42:34Z</time>
			</trkpt>
			<trkpt lat="46.251629" lon="15.294868">
				<ele>248.199997</ele>
				<time>2026-09-03T13:42:35Z</time>
			</trkpt>
			<trkpt lat="46.251545" lon="15.2948">
				<ele>248</ele>
				<time>2026-09-03T13:42:36Z</time>
			</trkpt>
			<trkpt lat="46.251474" lon="15.294748">
				<ele>247.800003</ele>
				<time>2026-09-03T13:42:37Z</time>
			</trkpt>
			<trkpt lat="46.251403" lon="15.294676">
				<ele>247.600006</ele>
				<time>2026-09-03T13:42:38Z</time>
			</trkpt>
			<trkpt lat="46.251335" lon="15.2946">
				<ele>247.399994</ele>
				<time>2026-09-03T13:42:39Z</time>
			</trkpt>
			<trkpt lat="46.251275" lon="15.29452">
				<ele>247.199997</ele>
				<time>2026-09-03T13:42:40Z</time>
			</trkpt>
			<trkpt lat="46.251143" lon="15.294376">
				<ele>247</ele>
				<time>2026-09-03T13:42:41Z</time>
			</trkpt>
			<trkpt lat="46.251084" lon="15.294298">
				<ele>246.800003</ele>
				<time>2026-09-03T13:42:42Z</time>
			</trkpt>
			<trkpt lat="46.251025" lon="15.2942">
				<ele>246.600006</ele>
				<time>2026-09-03T13:42:43Z</time>
			</trkpt>
			<trkpt lat="46.250969" lon="15.294118">
				<ele>246.600006</ele>
				<time>2026-09-03T13:42:44Z</time>
			</trkpt>
			<trkpt lat="46.250915" lon="15.29402">
				<ele>246.399994</ele>
				<time>2026-09-03T13:42:45Z</time>
			</trkpt>
			<trkpt lat="46.250865" lon="15.29392">
				<ele>246.399994</ele>
				<time>2026-09-03T13:42:47Z</time>
			</trkpt>
			<trkpt lat="46.250815" lon="15.29382">
				<ele>246.199997</ele>
				<time>2026-09-03T13:42:48Z</time>
			</trkpt>
			<trkpt lat="46.250767" lon="15.293714">
				<ele>246</ele>
				<time>2026-09-03T13:42:49Z</time>
			</trkpt>
			<trkpt lat="46.250723" lon="15.293616">
				<ele>245.800003</ele>
				<time>2026-09-03T13:42:50Z</time>
			</trkpt>
			<trkpt lat="46.250678" lon="15.293516">
				<ele>245.800003</ele>
				<time>2026-09-03T13:42:51Z</time>
			</trkpt>
			<trkpt lat="46.250637" lon="15.293404">
				<ele>245.600006</ele>
				<time>2026-09-03T13:42:52Z</time>
			</trkpt>
			<trkpt lat="46.250569" lon="15.293178">
				<ele>245.399994</ele>
				<time>2026-09-03T13:42:54Z</time>
			</trkpt>
			<trkpt lat="46.250543" lon="15.293056">
				<ele>245.199997</ele>
				<time>2026-09-03T13:42:55Z</time>
			</trkpt>
			<trkpt lat="46.250514" lon="15.292938">
				<ele>245.199997</ele>
				<time>2026-09-03T13:42:56Z</time>
			</trkpt>
			<trkpt lat="46.250491" lon="15.292812">
				<ele>245</ele>
				<time>2026-09-03T13:42:57Z</time>
			</trkpt>
			<trkpt lat="46.250469" lon="15.292698">
				<ele>245</ele>
				<time>2026-09-03T13:42:59Z</time>
			</trkpt>
			<trkpt lat="46.250448" lon="15.292576">
				<ele>245</ele>
				<time>2026-09-03T13:43:00Z</time>
			</trkpt>
			<trkpt lat="46.250438" lon="15.292446">
				<ele>244.800003</ele>
				<time>2026-09-03T13:43:01Z</time>
			</trkpt>
			<trkpt lat="46.250415" lon="15.29232">
				<ele>244.800003</ele>
				<time>2026-09-03T13:43:02Z</time>
			</trkpt>
			<trkpt lat="46.250407" lon="15.292194">
				<ele>244.600006</ele>
				<time>2026-09-03T13:43:04Z</time>
			</trkpt>
			<trkpt lat="46.250405" lon="15.29206">
				<ele>244.399994</ele>
				<time>2026-09-03T13:43:05Z</time>
			</trkpt>
			<trkpt lat="46.250419" lon="15.291818">
				<ele>244.199997</ele>
				<time>2026-09-03T13:43:06Z</time>
			</trkpt>
			<trkpt lat="46.250433" lon="15.291696">
				<ele>244.199997</ele>
				<time>2026-09-03T13:43:08Z</time>
			</trkpt>
			<trkpt lat="46.250448" lon="15.291566">
				<ele>244</ele>
				<time>2026-09-03T13:43:09Z</time>
			</trkpt>
			<trkpt lat="46.250464" lon="15.291448">
				<ele>244</ele>
				<time>2026-09-03T13:43:10Z</time>
			</trkpt>
			<trkpt lat="46.250483" lon="15.291326">
				<ele>244</ele>
				<time>2026-09-03T13:43:12Z</time>
			</trkpt>
			<trkpt lat="46.250497" lon="15.291214">
				<ele>244</ele>
				<time>2026-09-03T13:43:13Z</time>
			</trkpt>
			<trkpt lat="46.250514" lon="15.291098">
				<ele>244</ele>
				<time>2026-09-03T13:43:14Z</time>
			</trkpt>
			<trkpt lat="46.250524" lon="15.290978">
				<ele>243.800003</ele>
				<time>2026-09-03T13:43:15Z</time>
			</trkpt>
			<trkpt lat="46.250533" lon="15.290866">
				<ele>243.800003</ele>
				<time>2026-09-03T13:43:16Z</time>
			</trkpt>
			<trkpt lat="46.250537" lon="15.290744">
				<ele>243.800003</ele>
				<time>2026-09-03T13:43:18Z</time>
			</trkpt>
			<trkpt lat="46.250541" lon="15.290522">
				<ele>243.800003</ele>
				<time>2026-09-03T13:43:19Z</time>
			</trkpt>
			<trkpt lat="46.250537" lon="15.290414">
				<ele>244</ele>
				<time>2026-09-03T13:43:21Z</time>
			</trkpt>
			<trkpt lat="46.250526" lon="15.290312">
				<ele>244</ele>
				<time>2026-09-03T13:43:22Z</time>
			</trkpt>
			<trkpt lat="46.250513" lon="15.290206">
				<ele>244</ele>
				<time>2026-09-03T13:43:23Z</time>
			</trkpt>
			<trkpt lat="46.250497" lon="15.290104">
				<ele>244.199997</ele>
				<time>2026-09-03T13:43:25Z</time>
			</trkpt>
			<trkpt lat="46.250476" lon="15.289992">
				<ele>244.199997</ele>
				<time>2026-09-03T13:43:26Z</time>
			</trkpt>
			<trkpt lat="46.250449" lon="15.289908">
				<ele>244.199997</ele>
				<time>2026-09-03T13:43:27Z</time>
			</trkpt>
			<trkpt lat="46.250414" lon="15.289818">
				<ele>244.199997</ele>
				<time>2026-09-03T13:43:29Z</time>
			</trkpt>
			<trkpt lat="46.250375" lon="15.28972">
				<ele>244.199997</ele>
				<time>2026-09-03T13:43:30Z</time>
			</trkpt>
			<trkpt lat="46.250335" lon="15.28963">
				<ele>244</ele>
				<time>2026-09-03T13:43:31Z</time>
			</trkpt>
			<trkpt lat="46.250292" lon="15.289554">
				<ele>244</ele>
				<time>2026-09-03T13:43:32Z</time>
			</trkpt>
			<trkpt lat="46.250251" lon="15.289462">
				<ele>244.199997</ele>
				<time>2026-09-03T13:43:33Z</time>
			</trkpt>
			<trkpt lat="46.250209" lon="15.289388">
				<ele>244</ele>
				<time>2026-09-03T13:43:35Z</time>
			</trkpt>
			<trkpt lat="46.250166" lon="15.289292">
				<ele>244</ele>
				<time>2026-09-03T13:43:36Z</time>
			</trkpt>
			<trkpt lat="46.250123" lon="15.289216">
				<ele>244</ele>
				<time>2026-09-03T13:43:37Z</time>
			</trkpt>
			<trkpt lat="46.250081" lon="15.289122">
				<ele>244</ele>
				<time>2026-09-03T13:43:39Z</time>
			</trkpt>
			<trkpt lat="46.250049" lon="15.289038">
				<ele>244</ele>
				<time>2026-09-03T13:43:40Z</time>
			</trkpt>
			<trkpt lat="46.249999" lon="15.288958">
				<ele>244</ele>
				<time>2026-09-03T13:43:41Z</time>
			</trkpt>
			<trkpt lat="46.249964" lon="15.288868">
				<ele>244</ele>
				<time>2026-09-03T13:43:43Z</time>
			</trkpt>
			<trkpt lat="46.249879" lon="15.288698">
				<ele>244</ele>
				<time>2026-09-03T13:43:44Z</time>
			</trkpt>
			<trkpt lat="46.249838" lon="15.288616">
				<ele>244.199997</ele>
				<time>2026-09-03T13:43:46Z</time>
			</trkpt>
			<trkpt lat="46.249795" lon="15.28853">
				<ele>244</ele>
				<time>2026-09-03T13:43:47Z</time>
			</trkpt>
			<trkpt lat="46.249747" lon="15.288464">
				<ele>244</ele>
				<time>2026-09-03T13:43:49Z</time>
			</trkpt>
			<trkpt lat="46.249694" lon="15.288398">
				<ele>244</ele>
				<time>2026-09-03T13:43:50Z</time>
			</trkpt>
			<trkpt lat="46.249639" lon="15.288338">
				<ele>244</ele>
				<time>2026-09-03T13:43:51Z</time>
			</trkpt>
			<trkpt lat="46.249581" lon="15.288272">
				<ele>243.800003</ele>
				<time>2026-09-03T13:43:53Z</time>
			</trkpt>
			<trkpt lat="46.249532" lon="15.288234">
				<ele>243.800003</ele>
				<time>2026-09-03T13:43:54Z</time>
			</trkpt>
			<trkpt lat="46.249476" lon="15.288182">
				<ele>243.800003</ele>
				<time>2026-09-03T13:43:55Z</time>
			</trkpt>
			<trkpt lat="46.249409" lon="15.288138">
				<ele>243.800003</ele>
				<time>2026-09-03T13:43:56Z</time>
			</trkpt>
			<trkpt lat="46.249346" lon="15.288082">
				<ele>243.800003</ele>
				<time>2026-09-03T13:43:57Z</time>
			</trkpt>
			<trkpt lat="46.249284" lon="15.288048">
				<ele>243.800003</ele>
				<time>2026-09-03T13:43:58Z</time>
			</trkpt>
			<trkpt lat="46.249221" lon="15.288002">
				<ele>243.800003</ele>
				<time>2026-09-03T13:43:59Z</time>
			</trkpt>
			<trkpt lat="46.249156" lon="15.287962">
				<ele>244</ele>
				<time>2026-09-03T13:44:01Z</time>
			</trkpt>
			<trkpt lat="46.249079" lon="15.287938">
				<ele>244</ele>
				<time>2026-09-03T13:44:02Z</time>
			</trkpt>
			<trkpt lat="46.249011" lon="15.287902">
				<ele>244</ele>
				<time>2026-09-03T13:44:03Z</time>
			</trkpt>
			<trkpt lat="46.248941" lon="15.287892">
				<ele>244</ele>
				<time>2026-09-03T13:44:05Z</time>
			</trkpt>
			<trkpt lat="46.248879" lon="15.287898">
				<ele>243.800003</ele>
				<time>2026-09-03T13:44:06Z</time>
			</trkpt>
			<trkpt lat="46.248799" lon="15.287898">
				<ele>243.800003</ele>
				<time>2026-09-03T13:44:08Z</time>
			</trkpt>
			<trkpt lat="46.248729" lon="15.287898">
				<ele>243.800003</ele>
				<time>2026-09-03T13:44:09Z</time>
			</trkpt>
			<trkpt lat="46.248586" lon="15.287892">
				<ele>243.800003</ele>
				<time>2026-09-03T13:44:11Z</time>
			</trkpt>
			<trkpt lat="46.248517" lon="15.287904">
				<ele>243.600006</ele>
				<time>2026-09-03T13:44:12Z</time>
			</trkpt>
			<trkpt lat="46.248449" lon="15.287908">
				<ele>243.600006</ele>
				<time>2026-09-03T13:44:13Z</time>
			</trkpt>
			<trkpt lat="46.248381" lon="15.287912">
				<ele>243.600006</ele>
				<time>2026-09-03T13:44:14Z</time>
			</trkpt>
			<trkpt lat="46.248313" lon="15.287916">
				<ele>243.600006</ele>
				<time>2026-09-03T13:44:15Z</time>
			</trkpt>
			<trkpt lat="46.248247" lon="15.287924">
				<ele>243.600006</ele>
				<time>2026-09-03T13:44:17Z</time>
			</trkpt>
			<trkpt lat="46.248181" lon="15.287932">
				<ele>243.600006</ele>
				<time>2026-09-03T13:44:18Z</time>
			</trkpt>
			<trkpt lat="46.248113" lon="15.287956">
				<ele>243.399994</ele>
				<time>2026-09-03T13:44:19Z</time>
			</trkpt>
			<trkpt lat="46.248059" lon="15.287978">
				<ele>243.399994</ele>
				<time>2026-09-03T13:44:20Z</time>
			</trkpt>
			<trkpt lat="46.247981" lon="15.288002">
				<ele>243.399994</ele>
				<time>2026-09-03T13:44:21Z</time>
			</trkpt>
			<trkpt lat="46.247849" lon="15.288068">
				<ele>243.399994</ele>
				<time>2026-09-03T13:44:23Z</time>
			</trkpt>
			<trkpt lat="46.247781" lon="15.288102">
				<ele>243.199997</ele>
				<time>2026-09-03T13:44:24Z</time>
			</trkpt>
			<trkpt lat="46.247715" lon="15.28814">
				<ele>243.199997</ele>
				<time>2026-09-03T13:44:25Z</time>
			</trkpt>
			<trkpt lat="46.247649" lon="15.288178">
				<ele>243</ele>
				<time>2026-09-03T13:44:26Z</time>
			</trkpt>
			<trkpt lat="46.247582" lon="15.288194">
				<ele>243</ele>
				<time>2026-09-03T13:44:27Z</time>
			</trkpt>
			<trkpt lat="46.247514" lon="15.288218">
				<ele>243</ele>
				<time>2026-09-03T13:44:29Z</time>
			</trkpt>
			<trkpt lat="46.247445" lon="15.28822">
				<ele>242.800003</ele>
				<time>2026-09-03T13:44:30Z</time>
			</trkpt>
			<trkpt lat="46.247377" lon="15.288224">
				<ele>242.800003</ele>
				<time>2026-09-03T13:44:31Z</time>
			</trkpt>
			<trkpt lat="46.247307" lon="15.288224">
				<ele>242.800003</ele>
				<time>2026-09-03T13:44:32Z</time>
			</trkpt>
			<trkpt lat="46.247239" lon="15.288208">
				<ele>242.800003</ele>
				<time>2026-09-03T13:44:33Z</time>
			</trkpt>
			<trkpt lat="46.247172" lon="15.288184">
				<ele>242.600006</ele>
				<time>2026-09-03T13:44:34Z</time>
			</trkpt>
			<trkpt lat="46.247029" lon="15.288158">
				<ele>242.600006</ele>
				<time>2026-09-03T13:44:35Z</time>
			</trkpt>
			<trkpt lat="46.246957" lon="15.288134">
				<ele>242.800003</ele>
				<time>2026-09-03T13:44:36Z</time>
			</trkpt>
			<trkpt lat="46.246887" lon="15.288124">
				<ele>242.600006</ele>
				<time>2026-09-03T13:44:37Z</time>
			</trkpt>
			<trkpt lat="46.246818" lon="15.288106">
				<ele>242.600006</ele>
				<time>2026-09-03T13:44:39Z</time>
			</trkpt>
			<trkpt lat="46.246753" lon="15.288086">
				<ele>242.600006</ele>
				<time>2026-09-03T13:44:40Z</time>
			</trkpt>
			<trkpt lat="46.246709" lon="15.288078">
				<ele>242.600006</ele>
				<time>2026-09-03T13:44:41Z</time>
			</trkpt>
			<trkpt lat="46.246622" lon="15.288064">
				<ele>242.399994</ele>
				<time>2026-09-03T13:44:42Z</time>
			</trkpt>
			<trkpt lat="46.246559" lon="15.288048">
				<ele>242.399994</ele>
				<time>2026-09-03T13:44:43Z</time>
			</trkpt>
			<trkpt lat="46.246499" lon="15.288018">
				<ele>242.600006</ele>
				<time>2026-09-03T13:44:45Z</time>
			</trkpt>
			<trkpt lat="46.246449" lon="15.287958">
				<ele>242.600006</ele>
				<time>2026-09-03T13:44:46Z</time>
			</trkpt>
			<trkpt lat="46.246414" lon="15.287878">
				<ele>242.600006</ele>
				<time>2026-09-03T13:44:47Z</time>
			</trkpt>
			<trkpt lat="46.246366" lon="15.287692">
				<ele>242.600006</ele>
				<time>2026-09-03T13:44:49Z</time>
			</trkpt>
			<trkpt lat="46.246344" lon="15.287608">
				<ele>242.600006</ele>
				<time>2026-09-03T13:44:50Z</time>
			</trkpt>
			<trkpt lat="46.246323" lon="15.287516">
				<ele>242.800003</ele>
				<time>2026-09-03T13:44:51Z</time>
			</trkpt>
			<trkpt lat="46.246295" lon="15.28742">
				<ele>242.600006</ele>
				<time>2026-09-03T13:44:53Z</time>
			</trkpt>
			<trkpt lat="46.246271" lon="15.287332">
				<ele>242.600006</ele>
				<time>2026-09-03T13:44:54Z</time>
			</trkpt>
			<trkpt lat="46.246251" lon="15.287242">
				<ele>242.600006</ele>
				<time>2026-09-03T13:44:55Z</time>
			</trkpt>
			<trkpt lat="46.246229" lon="15.287158">
				<ele>242.600006</ele>
				<time>2026-09-03T13:44:57Z</time>
			</trkpt>
			<trkpt lat="46.246208" lon="15.287066">
				<ele>242.399994</ele>
				<time>2026-09-03T13:44:58Z</time>
			</trkpt>
			<trkpt lat="46.246186" lon="15.286982">
				<ele>242.399994</ele>
				<time>2026-09-03T13:44:59Z</time>
			</trkpt>
			<trkpt lat="46.246166" lon="15.286892">
				<ele>242.399994</ele>
				<time>2026-09-03T13:45:00Z</time>
			</trkpt>
			<trkpt lat="46.246149" lon="15.286808">
				<ele>242.399994</ele>
				<time>2026-09-03T13:45:01Z</time>
			</trkpt>
			<trkpt lat="46.246134" lon="15.286718">
				<ele>242.399994</ele>
				<time>2026-09-03T13:45:02Z</time>
			</trkpt>
			<trkpt lat="46.246124" lon="15.286628">
				<ele>242.399994</ele>
				<time>2026-09-03T13:45:03Z</time>
			</trkpt>
			<trkpt lat="46.246109" lon="15.286548">
				<ele>242.399994</ele>
				<time>2026-09-03T13:45:04Z</time>
			</trkpt>
			<trkpt lat="46.246099" lon="15.286458">
				<ele>242.399994</ele>
				<time>2026-09-03T13:45:05Z</time>
			</trkpt>
			<trkpt lat="46.246089" lon="15.286358">
				<ele>242.399994</ele>
				<time>2026-09-03T13:45:06Z</time>
			</trkpt>
			<trkpt lat="46.246079" lon="15.286268">
				<ele>242.199997</ele>
				<time>2026-09-03T13:45:07Z</time>
			</trkpt>
			<trkpt lat="46.246071" lon="15.286172">
				<ele>242.399994</ele>
				<time>2026-09-03T13:45:09Z</time>
			</trkpt>
			<trkpt lat="46.246065" lon="15.28608">
				<ele>242.399994</ele>
				<time>2026-09-03T13:45:10Z</time>
			</trkpt>
			<trkpt lat="46.246062" lon="15.285994">
				<ele>242.399994</ele>
				<time>2026-09-03T13:45:11Z</time>
			</trkpt>
			<trkpt lat="46.246061" lon="15.285902">
				<ele>242.399994</ele>
				<time>2026-09-03T13:45:12Z</time>
			</trkpt>
			<trkpt lat="46.246058" lon="15.285816">
				<ele>242.399994</ele>
				<time>2026-09-03T13:45:13Z</time>
			</trkpt>
			<trkpt lat="46.246054" lon="15.285738">
				<ele>242.399994</ele>
				<time>2026-09-03T13:45:14Z</time>
			</trkpt>
			<trkpt lat="46.246052" lon="15.285644">
				<ele>242.600006</ele>
				<time>2026-09-03T13:45:15Z</time>
			</trkpt>
			<trkpt lat="46.246048" lon="15.285556">
				<ele>242.600006</ele>
				<time>2026-09-03T13:45:16Z</time>
			</trkpt>
			<trkpt lat="46.246049" lon="15.285478">
				<ele>242.800003</ele>
				<time>2026-09-03T13:45:17Z</time>
			</trkpt>
			<trkpt lat="46.246052" lon="15.285394">
				<ele>242.800003</ele>
				<time>2026-09-03T13:45:18Z</time>
			</trkpt>
			<trkpt lat="46.246053" lon="15.285316">
				<ele>242.800003</ele>
				<time>2026-09-03T13:45:19Z</time>
			</trkpt>
			<trkpt lat="46.246052" lon="15.285224">
				<ele>243</ele>
				<time>2026-09-03T13:45:21Z</time>
			</trkpt>
			<trkpt lat="46.246052" lon="15.285144">
				<ele>243</ele>
				<time>2026-09-03T13:45:22Z</time>
			</trkpt>
			<trkpt lat="46.246049" lon="15.285068">
				<ele>243</ele>
				<time>2026-09-03T13:45:23Z</time>
			</trkpt>
			<trkpt lat="46.246044" lon="15.284988">
				<ele>243.199997</ele>
				<time>2026-09-03T13:45:24Z</time>
			</trkpt>
			<trkpt lat="46.246039" lon="15.284908">
				<ele>243.199997</ele>
				<time>2026-09-03T13:45:25Z</time>
			</trkpt>
			<trkpt lat="46.246026" lon="15.284732">
				<ele>243.199997</ele>
				<time>2026-09-03T13:45:26Z</time>
			</trkpt>
			<trkpt lat="46.246019" lon="15.284658">
				<ele>243.199997</ele>
				<time>2026-09-03T13:45:27Z</time>
			</trkpt>
			<trkpt lat="46.246014" lon="15.284578">
				<ele>243.199997</ele>
				<time>2026-09-03T13:45:28Z</time>
			</trkpt>
			<trkpt lat="46.246009" lon="15.284498">
				<ele>243.199997</ele>
				<time>2026-09-03T13:45:30Z</time>
			</trkpt>
			<trkpt lat="46.246005" lon="15.2844">
				<ele>243.199997</ele>
				<time>2026-09-03T13:45:31Z</time>
			</trkpt>
			<trkpt lat="46.246001" lon="15.284312">
				<ele>243</ele>
				<time>2026-09-03T13:45:32Z</time>
			</trkpt>
			<trkpt lat="46.245996" lon="15.284222">
				<ele>243</ele>
				<time>2026-09-03T13:45:33Z</time>
			</trkpt>
			<trkpt lat="46.245992" lon="15.284144">
				<ele>243</ele>
				<time>2026-09-03T13:45:34Z</time>
			</trkpt>
			<trkpt lat="46.245988" lon="15.284056">
				<ele>243</ele>
				<time>2026-09-03T13:45:35Z</time>
			</trkpt>
			<trkpt lat="46.245987" lon="15.283964">
				<ele>243</ele>
				<time>2026-09-03T13:45:37Z</time>
			</trkpt>
			<trkpt lat="46.245984" lon="15.283888">
				<ele>243</ele>
				<time>2026-09-03T13:45:38Z</time>
			</trkpt>
			<trkpt lat="46.245973" lon="15.283706">
				<ele>243</ele>
				<time>2026-09-03T13:45:39Z</time>
			</trkpt>
			<trkpt lat="46.245971" lon="15.283622">
				<ele>243</ele>
				<time>2026-09-03T13:45:40Z</time>
			</trkpt>
			<trkpt lat="46.245971" lon="15.283532">
				<ele>243</ele>
				<time>2026-09-03T13:45:41Z</time>
			</trkpt>
			<trkpt lat="46.245965" lon="15.28344">
				<ele>243</ele>
				<time>2026-09-03T13:45:42Z</time>
			</trkpt>
			<trkpt lat="46.245959" lon="15.283358">
				<ele>243.199997</ele>
				<time>2026-09-03T13:45:43Z</time>
			</trkpt>
			<trkpt lat="46.245949" lon="15.283278">
				<ele>243.199997</ele>
				<time>2026-09-03T13:45:45Z</time>
			</trkpt>
			<trkpt lat="46.245941" lon="15.283182">
				<ele>243.199997</ele>
				<time>2026-09-03T13:45:46Z</time>
			</trkpt>
			<trkpt lat="46.245933" lon="15.283106">
				<ele>243.199997</ele>
				<time>2026-09-03T13:45:47Z</time>
			</trkpt>
			<trkpt lat="46.245929" lon="15.283018">
				<ele>243.199997</ele>
				<time>2026-09-03T13:45:48Z</time>
			</trkpt>
			<trkpt lat="46.245908" lon="15.282926">
				<ele>243.199997</ele>
				<time>2026-09-03T13:45:50Z</time>
			</trkpt>
			<trkpt lat="46.245883" lon="15.282746">
				<ele>243</ele>
				<time>2026-09-03T13:45:51Z</time>
			</trkpt>
			<trkpt lat="46.245868" lon="15.282656">
				<ele>243</ele>
				<time>2026-09-03T13:45:52Z</time>
			</trkpt>
			<trkpt lat="46.245848" lon="15.282566">
				<ele>243</ele>
				<time>2026-09-03T13:45:54Z</time>
			</trkpt>
			<trkpt lat="46.245827" lon="15.282474">
				<ele>242.800003</ele>
				<time>2026-09-03T13:45:55Z</time>
			</trkpt>
			<trkpt lat="46.245812" lon="15.282384">
				<ele>242.800003</ele>
				<time>2026-09-03T13:45:56Z</time>
			</trkpt>
			<trkpt lat="46.245792" lon="15.282294">
				<ele>242.800003</ele>
				<time>2026-09-03T13:45:57Z</time>
			</trkpt>
			<trkpt lat="46.245768" lon="15.282206">
				<ele>242.600006</ele>
				<time>2026-09-03T13:45:58Z</time>
			</trkpt>
			<trkpt lat="46.245747" lon="15.282114">
				<ele>242.600006</ele>
				<time>2026-09-03T13:45:59Z</time>
			</trkpt>
			<trkpt lat="46.245726" lon="15.282032">
				<ele>242.600006</ele>
				<time>2026-09-03T13:46:00Z</time>
			</trkpt>
			<trkpt lat="46.245702" lon="15.281954">
				<ele>242.600006</ele>
				<time>2026-09-03T13:46:01Z</time>
			</trkpt>
			<trkpt lat="46.245682" lon="15.281864">
				<ele>242.600006</ele>
				<time>2026-09-03T13:46:02Z</time>
			</trkpt>
			<trkpt lat="46.245672" lon="15.281794">
				<ele>242.600006</ele>
				<time>2026-09-03T13:46:03Z</time>
			</trkpt>
			<trkpt lat="46.245665" lon="15.28169">
				<ele>242.800003</ele>
				<time>2026-09-03T13:46:04Z</time>
			</trkpt>
			<trkpt lat="46.245673" lon="15.281616">
				<ele>242.800003</ele>
				<time>2026-09-03T13:46:05Z</time>
			</trkpt>
			<trkpt lat="46.245678" lon="15.281536">
				<ele>242.800003</ele>
				<time>2026-09-03T13:46:06Z</time>
			</trkpt>
			<trkpt lat="46.245675" lon="15.28145">
				<ele>242.800003</ele>
				<time>2026-09-03T13:46:07Z</time>
			</trkpt>
			<trkpt lat="46.245655" lon="15.28138">
				<ele>242.800003</ele>
				<time>2026-09-03T13:46:08Z</time>
			</trkpt>
			<trkpt lat="46.245623" lon="15.281336">
				<ele>242.800003</ele>
				<time>2026-09-03T13:46:09Z</time>
			</trkpt>
			<trkpt lat="46.245592" lon="15.281274">
				<ele>242.800003</ele>
				<time>2026-09-03T13:46:10Z</time>
			</trkpt>
			<trkpt lat="46.245565" lon="15.2812">
				<ele>242.600006</ele>
				<time>2026-09-03T13:46:11Z</time>
			</trkpt>
			<trkpt lat="46.245544" lon="15.281128">
				<ele>242.600006</ele>
				<time>2026-09-03T13:46:12Z</time>
			</trkpt>
			<trkpt lat="46.245534" lon="15.281058">
				<ele>242.399994</ele>
				<time>2026-09-03T13:46:13Z</time>
			</trkpt>
			<trkpt lat="46.245521" lon="15.280962">
				<ele>242.399994</ele>
				<time>2026-09-03T13:46:14Z</time>
			</trkpt>
			<trkpt lat="46.245513" lon="15.280886">
				<ele>242.399994</ele>
				<time>2026-09-03T13:46:15Z</time>
			</trkpt>
			<trkpt lat="46.245505" lon="15.2808">
				<ele>242.399994</ele>
				<time>2026-09-03T13:46:16Z</time>
			</trkpt>
			<trkpt lat="46.245489" lon="15.280648">
				<ele>242.399994</ele>
				<time>2026-09-03T13:46:17Z</time>
			</trkpt>
			<trkpt lat="46.245482" lon="15.280554">
				<ele>242.399994</ele>
				<time>2026-09-03T13:46:18Z</time>
			</trkpt>
			<trkpt lat="46.245477" lon="15.280484">
				<ele>242.399994</ele>
				<time>2026-09-03T13:46:19Z</time>
			</trkpt>
			<trkpt lat="46.245476" lon="15.280402">
				<ele>242.600006</ele>
				<time>2026-09-03T13:46:20Z</time>
			</trkpt>
			<trkpt lat="46.245477" lon="15.280334">
				<ele>242.600006</ele>
				<time>2026-09-03T13:46:21Z</time>
			</trkpt>
			<trkpt lat="46.245479" lon="15.280258">
				<ele>242.600006</ele>
				<time>2026-09-03T13:46:22Z</time>
			</trkpt>
			<trkpt lat="46.245482" lon="15.280184">
				<ele>242.600006</ele>
				<time>2026-09-03T13:46:23Z</time>
			</trkpt>
			<trkpt lat="46.245486" lon="15.280112">
				<ele>242.600006</ele>
				<time>2026-09-03T13:46:24Z</time>
			</trkpt>
			<trkpt lat="46.245492" lon="15.280044">
				<ele>242.600006</ele>
				<time>2026-09-03T13:46:25Z</time>
			</trkpt>
			<trkpt lat="46.245498" lon="15.279976">
				<ele>242.600006</ele>
				<time>2026-09-03T13:46:26Z</time>
			</trkpt>
			<trkpt lat="46.245503" lon="15.279906">
				<ele>242.600006</ele>
				<time>2026-09-03T13:46:27Z</time>
			</trkpt>
			<trkpt lat="46.245509" lon="15.279848">
				<ele>242.600006</ele>
				<time>2026-09-03T13:46:28Z</time>
			</trkpt>
			<trkpt lat="46.245521" lon="15.279722">
				<ele>242.600006</ele>
				<time>2026-09-03T13:46:29Z</time>
			</trkpt>
			<trkpt lat="46.245527" lon="15.279664">
				<ele>242.800003</ele>
				<time>2026-09-03T13:46:30Z</time>
			</trkpt>
			<trkpt lat="46.245533" lon="15.279606">
				<ele>242.800003</ele>
				<time>2026-09-03T13:46:31Z</time>
			</trkpt>
			<trkpt lat="46.245543" lon="15.279546">
				<ele>242.800003</ele>
				<time>2026-09-03T13:46:32Z</time>
			</trkpt>
			<trkpt lat="46.245545" lon="15.27948">
				<ele>242.800003</ele>
				<time>2026-09-03T13:46:33Z</time>
			</trkpt>
			<trkpt lat="46.245551" lon="15.279422">
				<ele>242.800003</ele>
				<time>2026-09-03T13:46:34Z</time>
			</trkpt>
			<trkpt lat="46.245557" lon="15.279374">
				<ele>242.800003</ele>
				<time>2026-09-03T13:46:35Z</time>
			</trkpt>
			<trkpt lat="46.245564" lon="15.279328">
				<ele>242.800003</ele>
				<time>2026-09-03T13:46:36Z</time>
			</trkpt>
			<trkpt lat="46.245571" lon="15.279272">
				<ele>242.800003</ele>
				<time>2026-09-03T13:46:37Z</time>
			</trkpt>
			<trkpt lat="46.245575" lon="15.27921">
				<ele>242.800003</ele>
				<time>2026-09-03T13:46:38Z</time>
			</trkpt>
			<trkpt lat="46.245579" lon="15.279168">
				<ele>242.800003</ele>
				<time>2026-09-03T13:46:39Z</time>
			</trkpt>
			<trkpt lat="46.245586" lon="15.279112">
				<ele>242.800003</ele>
				<time>2026-09-03T13:46:40Z</time>
			</trkpt>
			<trkpt lat="46.245593" lon="15.279076">
				<ele>242.800003</ele>
				<time>2026-09-03T13:46:41Z</time>
			</trkpt>
			<trkpt lat="46.245602" lon="15.278984">
				<ele>242.800003</ele>
				<time>2026-09-03T13:46:42Z</time>
			</trkpt>
			<trkpt lat="46.245608" lon="15.278946">
				<ele>242.800003</ele>
				<time>2026-09-03T13:46:43Z</time>
			</trkpt>
			<trkpt lat="46.245629" lon="15.278918">
				<ele>242.800003</ele>
				<time>2026-09-03T13:46:44Z</time>
			</trkpt>
			<trkpt lat="46.245634" lon="15.278888">
				<ele>242.800003</ele>
				<time>2026-09-03T13:46:45Z</time>
			</trkpt>
			<trkpt lat="46.245652" lon="15.278864">
				<ele>242.800003</ele>
				<time>2026-09-03T13:46:46Z</time>
			</trkpt>
			<trkpt lat="46.245668" lon="15.278856">
				<ele>243</ele>
				<time>2026-09-03T13:46:47Z</time>
			</trkpt>
			<trkpt lat="46.245684" lon="15.278838">
				<ele>243</ele>
				<time>2026-09-03T13:46:48Z</time>
			</trkpt>
			<trkpt lat="46.245706" lon="15.278822">
				<ele>243</ele>
				<time>2026-09-03T13:46:49Z</time>
			</trkpt>
			<trkpt lat="46.245714" lon="15.278818">
				<ele>243</ele>
				<time>2026-09-03T13:46:50Z</time>
			</trkpt>
			<trkpt lat="46.245724" lon="15.278808">
				<ele>243</ele>
				<time>2026-09-03T13:46:51Z</time>
			</trkpt>
			<trkpt lat="46.245727" lon="15.278804">
				<ele>243</ele>
				<time>2026-09-03T13:46:52Z</time>
			</trkpt>
			<trkpt lat="46.245727" lon="15.278804">
				<ele>243</ele>
				<time>2026-09-03T13:46:53Z</time>
			</trkpt>
			<trkpt lat="46.245735" lon="15.27878">
				<ele>242.800003</ele>
				<time>2026-09-03T13:46:54Z</time>
			</trkpt>
			<trkpt lat="46.245753" lon="15.278716">
				<ele>242.800003</ele>
				<time>2026-09-03T13:46:55Z</time>
			</trkpt>
			<trkpt lat="46.245765" lon="15.27867">
				<ele>242.800003</ele>
				<time>2026-09-03T13:46:56Z</time>
			</trkpt>
			<trkpt lat="46.245776" lon="15.278632">
				<ele>242.800003</ele>
				<time>2026-09-03T13:46:57Z</time>
			</trkpt>
			<trkpt lat="46.245789" lon="15.278598">
				<ele>242.800003</ele>
				<time>2026-09-03T13:46:58Z</time>
			</trkpt>
			<trkpt lat="46.245801" lon="15.278542">
				<ele>242.800003</ele>
				<time>2026-09-03T13:46:59Z</time>
			</trkpt>
			<trkpt lat="46.245806" lon="15.278492">
				<ele>242.800003</ele>
				<time>2026-09-03T13:47:00Z</time>
			</trkpt>
			<trkpt lat="46.245796" lon="15.278462">
				<ele>242.800003</ele>
				<time>2026-09-03T13:47:01Z</time>
			</trkpt>
			<trkpt lat="46.245777" lon="15.278434">
				<ele>242.800003</ele>
				<time>2026-09-03T13:47:02Z</time>
			</trkpt>
			<trkpt lat="46.245758" lon="15.278396">
				<ele>242.800003</ele>
				<time>2026-09-03T13:47:03Z</time>
			</trkpt>
			<trkpt lat="46.245742" lon="15.278344">
				<ele>242.800003</ele>
				<time>2026-09-03T13:47:04Z</time>
			</trkpt>
			<trkpt lat="46.245735" lon="15.27829">
				<ele>242.800003</ele>
				<time>2026-09-03T13:47:05Z</time>
			</trkpt>
			<trkpt lat="46.245743" lon="15.278236">
				<ele>242.600006</ele>
				<time>2026-09-03T13:47:06Z</time>
			</trkpt>
			<trkpt lat="46.245759" lon="15.278178">
				<ele>242.600006</ele>
				<time>2026-09-03T13:47:07Z</time>
			</trkpt>
			<trkpt lat="46.245799" lon="15.278048">
				<ele>242.399994</ele>
				<time>2026-09-03T13:47:08Z</time>
			</trkpt>
			<trkpt lat="46.245816" lon="15.277972">
				<ele>242.399994</ele>
				<time>2026-09-03T13:47:09Z</time>
			</trkpt>
			<trkpt lat="46.245832" lon="15.277904">
				<ele>242.199997</ele>
				<time>2026-09-03T13:47:10Z</time>
			</trkpt>
			<trkpt lat="46.245852" lon="15.277834">
				<ele>242.199997</ele>
				<time>2026-09-03T13:47:11Z</time>
			</trkpt>
			<trkpt lat="46.245872" lon="15.277764">
				<ele>242</ele>
				<time>2026-09-03T13:47:12Z</time>
			</trkpt>
			<trkpt lat="46.245891" lon="15.277692">
				<ele>242</ele>
				<time>2026-09-03T13:47:13Z</time>
			</trkpt>
			<trkpt lat="46.245913" lon="15.277626">
				<ele>242</ele>
				<time>2026-09-03T13:47:14Z</time>
			</trkpt>
			<trkpt lat="46.245933" lon="15.277566">
				<ele>242</ele>
				<time>2026-09-03T13:47:15Z</time>
			</trkpt>
			<trkpt lat="46.245956" lon="15.277492">
				<ele>242</ele>
				<time>2026-09-03T13:47:16Z</time>
			</trkpt>
			<trkpt lat="46.245979" lon="15.277438">
				<ele>242</ele>
				<time>2026-09-03T13:47:17Z</time>
			</trkpt>
			<trkpt lat="46.246002" lon="15.277364">
				<ele>242</ele>
				<time>2026-09-03T13:47:18Z</time>
			</trkpt>
			<trkpt lat="46.246024" lon="15.277308">
				<ele>242.199997</ele>
				<time>2026-09-03T13:47:19Z</time>
			</trkpt>
			<trkpt lat="46.246071" lon="15.277172">
				<ele>242.199997</ele>
				<time>2026-09-03T13:47:20Z</time>
			</trkpt>
			<trkpt lat="46.246096" lon="15.277102">
				<ele>242.199997</ele>
				<time>2026-09-03T13:47:21Z</time>
			</trkpt>
			<trkpt lat="46.246122" lon="15.277034">
				<ele>242.199997</ele>
				<time>2026-09-03T13:47:22Z</time>
			</trkpt>
			<trkpt lat="46.246149" lon="15.276968">
				<ele>242</ele>
				<time>2026-09-03T13:47:23Z</time>
			</trkpt>
			<trkpt lat="46.246176" lon="15.276902">
				<ele>242</ele>
				<time>2026-09-03T13:47:24Z</time>
			</trkpt>
			<trkpt lat="46.246201" lon="15.276832">
				<ele>242</ele>
				<time>2026-09-03T13:47:25Z</time>
			</trkpt>
			<trkpt lat="46.246226" lon="15.276762">
				<ele>242</ele>
				<time>2026-09-03T13:47:26Z</time>
			</trkpt>
			<trkpt lat="46.246251" lon="15.276702">
				<ele>242</ele>
				<time>2026-09-03T13:47:27Z</time>
			</trkpt>
			<trkpt lat="46.246277" lon="15.276644">
				<ele>242</ele>
				<time>2026-09-03T13:47:28Z</time>
			</trkpt>
			<trkpt lat="46.246302" lon="15.276574">
				<ele>242</ele>
				<time>2026-09-03T13:47:29Z</time>
			</trkpt>
			<trkpt lat="46.246329" lon="15.276518">
				<ele>242</ele>
				<time>2026-09-03T13:47:30Z</time>
			</trkpt>
			<trkpt lat="46.246358" lon="15.276446">
				<ele>242.199997</ele>
				<time>2026-09-03T13:47:31Z</time>
			</trkpt>
			<trkpt lat="46.246391" lon="15.276392">
				<ele>242.199997</ele>
				<time>2026-09-03T13:47:32Z</time>
			</trkpt>
			<trkpt lat="46.246456" lon="15.276272">
				<ele>242.199997</ele>
				<time>2026-09-03T13:47:33Z</time>
			</trkpt>
			<trkpt lat="46.246489" lon="15.276218">
				<ele>242.199997</ele>
				<time>2026-09-03T13:47:34Z</time>
			</trkpt>
			<trkpt lat="46.246521" lon="15.276152">
				<ele>242.199997</ele>
				<time>2026-09-03T13:47:35Z</time>
			</trkpt>
			<trkpt lat="46.246552" lon="15.276084">
				<ele>242.199997</ele>
				<time>2026-09-03T13:47:36Z</time>
			</trkpt>
			<trkpt lat="46.246571" lon="15.276022">
				<ele>242.199997</ele>
				<time>2026-09-03T13:47:37Z</time>
			</trkpt>
			<trkpt lat="46.246585" lon="15.27594">
				<ele>242.199997</ele>
				<time>2026-09-03T13:47:39Z</time>
			</trkpt>
			<trkpt lat="46.246601" lon="15.275872">
				<ele>242.199997</ele>
				<time>2026-09-03T13:47:40Z</time>
			</trkpt>
			<trkpt lat="46.246625" lon="15.2758">
				<ele>242.199997</ele>
				<time>2026-09-03T13:47:41Z</time>
			</trkpt>
			<trkpt lat="46.246653" lon="15.275736">
				<ele>242.199997</ele>
				<time>2026-09-03T13:47:42Z</time>
			</trkpt>
			<trkpt lat="46.246681" lon="15.275662">
				<ele>242.199997</ele>
				<time>2026-09-03T13:47:43Z</time>
			</trkpt>
			<trkpt lat="46.246712" lon="15.275594">
				<ele>242.199997</ele>
				<time>2026-09-03T13:47:44Z</time>
			</trkpt>
			<trkpt lat="46.246745" lon="15.27553">
				<ele>242.199997</ele>
				<time>2026-09-03T13:47:45Z</time>
			</trkpt>
			<trkpt lat="46.246777" lon="15.275464">
				<ele>242.199997</ele>
				<time>2026-09-03T13:47:46Z</time>
			</trkpt>
			<trkpt lat="46.246808" lon="15.275396">
				<ele>242.199997</ele>
				<time>2026-09-03T13:47:47Z</time>
			</trkpt>
			<trkpt lat="46.246844" lon="15.275328">
				<ele>242.199997</ele>
				<time>2026-09-03T13:47:48Z</time>
			</trkpt>
			<trkpt lat="46.246874" lon="15.275258">
				<ele>242.199997</ele>
				<time>2026-09-03T13:47:49Z</time>
			</trkpt>
			<trkpt lat="46.246906" lon="15.275182">
				<ele>242.199997</ele>
				<time>2026-09-03T13:47:50Z</time>
			</trkpt>
			<trkpt lat="46.246937" lon="15.275114">
				<ele>242</ele>
				<time>2026-09-03T13:47:52Z</time>
			</trkpt>
			<trkpt lat="46.246968" lon="15.275046">
				<ele>242</ele>
				<time>2026-09-03T13:47:53Z</time>
			</trkpt>
			<trkpt lat="46.246999" lon="15.274978">
				<ele>242</ele>
				<time>2026-09-03T13:47:54Z</time>
			</trkpt>
			<trkpt lat="46.247036" lon="15.274912">
				<ele>242</ele>
				<time>2026-09-03T13:47:55Z</time>
			</trkpt>
			<trkpt lat="46.247069" lon="15.274858">
				<ele>242.199997</ele>
				<time>2026-09-03T13:47:56Z</time>
			</trkpt>
			<trkpt lat="46.247089" lon="15.274788">
				<ele>242.199997</ele>
				<time>2026-09-03T13:47:57Z</time>
			</trkpt>
			<trkpt lat="46.247147" lon="15.274664">
				<ele>242.399994</ele>
				<time>2026-09-03T13:47:58Z</time>
			</trkpt>
			<trkpt lat="46.247172" lon="15.274614">
				<ele>242.399994</ele>
				<time>2026-09-03T13:47:59Z</time>
			</trkpt>
			<trkpt lat="46.247199" lon="15.274558">
				<ele>242.399994</ele>
				<time>2026-09-03T13:48:00Z</time>
			</trkpt>
			<trkpt lat="46.247224" lon="15.274508">
				<ele>242.399994</ele>
				<time>2026-09-03T13:48:01Z</time>
			</trkpt>
			<trkpt lat="46.247252" lon="15.274454">
				<ele>242.399994</ele>
				<time>2026-09-03T13:48:02Z</time>
			</trkpt>
			<trkpt lat="46.247286" lon="15.274402">
				<ele>242.399994</ele>
				<time>2026-09-03T13:48:03Z</time>
			</trkpt>
			<trkpt lat="46.247306" lon="15.274352">
				<ele>242.399994</ele>
				<time>2026-09-03T13:48:04Z</time>
			</trkpt>
			<trkpt lat="46.247332" lon="15.274304">
				<ele>242.399994</ele>
				<time>2026-09-03T13:48:05Z</time>
			</trkpt>
			<trkpt lat="46.247357" lon="15.274254">
				<ele>242.399994</ele>
				<time>2026-09-03T13:48:06Z</time>
			</trkpt>
			<trkpt lat="46.247385" lon="15.27419">
				<ele>242.600006</ele>
				<time>2026-09-03T13:48:07Z</time>
			</trkpt>
			<trkpt lat="46.247406" lon="15.274142">
				<ele>242.600006</ele>
				<time>2026-09-03T13:48:08Z</time>
			</trkpt>
			<trkpt lat="46.247437" lon="15.274094">
				<ele>242.800003</ele>
				<time>2026-09-03T13:48:09Z</time>
			</trkpt>
			<trkpt lat="46.247452" lon="15.274044">
				<ele>242.800003</ele>
				<time>2026-09-03T13:48:10Z</time>
			</trkpt>
			<trkpt lat="46.247495" lon="15.27396">
				<ele>243</ele>
				<time>2026-09-03T13:48:11Z</time>
			</trkpt>
			<trkpt lat="46.247528" lon="15.273926">
				<ele>243.199997</ele>
				<time>2026-09-03T13:48:12Z</time>
			</trkpt>
			<trkpt lat="46.247555" lon="15.2739">
				<ele>243.199997</ele>
				<time>2026-09-03T13:48:13Z</time>
			</trkpt>
			<trkpt lat="46.247592" lon="15.273894">
				<ele>243.199997</ele>
				<time>2026-09-03T13:48:14Z</time>
			</trkpt>
			<trkpt lat="46.247627" lon="15.273874">
				<ele>243.199997</ele>
				<time>2026-09-03T13:48:15Z</time>
			</trkpt>
			<trkpt lat="46.247662" lon="15.273864">
				<ele>243.399994</ele>
				<time>2026-09-03T13:48:16Z</time>
			</trkpt>
			<trkpt lat="46.247688" lon="15.273836">
				<ele>243.399994</ele>
				<time>2026-09-03T13:48:17Z</time>
			</trkpt>
			<trkpt lat="46.247704" lon="15.273798">
				<ele>243.399994</ele>
				<time>2026-09-03T13:48:18Z</time>
			</trkpt>
			<trkpt lat="46.247703" lon="15.273746">
				<ele>243.399994</ele>
				<time>2026-09-03T13:48:19Z</time>
			</trkpt>
			<trkpt lat="46.247698" lon="15.273706">
				<ele>243.399994</ele>
				<time>2026-09-03T13:48:20Z</time>
			</trkpt>
			<trkpt lat="46.247675" lon="15.27365">
				<ele>243.600006</ele>
				<time>2026-09-03T13:48:21Z</time>
			</trkpt>
			<trkpt lat="46.247673" lon="15.273616">
				<ele>243.600006</ele>
				<time>2026-09-03T13:48:22Z</time>
			</trkpt>
			<trkpt lat="46.247685" lon="15.27356">
				<ele>243.600006</ele>
				<time>2026-09-03T13:48:23Z</time>
			</trkpt>
			<trkpt lat="46.247733" lon="15.273476">
				<ele>243.800003</ele>
				<time>2026-09-03T13:48:24Z</time>
			</trkpt>
			<trkpt lat="46.247758" lon="15.273446">
				<ele>243.800003</ele>
				<time>2026-09-03T13:48:25Z</time>
			</trkpt>
			<trkpt lat="46.247781" lon="15.273392">
				<ele>244</ele>
				<time>2026-09-03T13:48:26Z</time>
			</trkpt>
			<trkpt lat="46.247802" lon="15.273354">
				<ele>244</ele>
				<time>2026-09-03T13:48:27Z</time>
			</trkpt>
			<trkpt lat="46.247824" lon="15.273318">
				<ele>244.199997</ele>
				<time>2026-09-03T13:48:28Z</time>
			</trkpt>
			<trkpt lat="46.247846" lon="15.273262">
				<ele>244.199997</ele>
				<time>2026-09-03T13:48:29Z</time>
			</trkpt>
			<trkpt lat="46.247867" lon="15.273224">
				<ele>244.199997</ele>
				<time>2026-09-03T13:48:30Z</time>
			</trkpt>
			<trkpt lat="46.247888" lon="15.273176">
				<ele>244.199997</ele>
				<time>2026-09-03T13:48:31Z</time>
			</trkpt>
			<trkpt lat="46.247919" lon="15.273128">
				<ele>244.399994</ele>
				<time>2026-09-03T13:48:32Z</time>
			</trkpt>
			<trkpt lat="46.247932" lon="15.273074">
				<ele>244.399994</ele>
				<time>2026-09-03T13:48:33Z</time>
			</trkpt>
			<trkpt lat="46.247953" lon="15.273026">
				<ele>244.600006</ele>
				<time>2026-09-03T13:48:34Z</time>
			</trkpt>
			<trkpt lat="46.247974" lon="15.272978">
				<ele>244.600006</ele>
				<time>2026-09-03T13:48:35Z</time>
			</trkpt>
			<trkpt lat="46.248015" lon="15.27288">
				<ele>244.800003</ele>
				<time>2026-09-03T13:48:36Z</time>
			</trkpt>
			<trkpt lat="46.248038" lon="15.272836">
				<ele>245</ele>
				<time>2026-09-03T13:48:37Z</time>
			</trkpt>
			<trkpt lat="46.248061" lon="15.272782">
				<ele>245.199997</ele>
				<time>2026-09-03T13:48:38Z</time>
			</trkpt>
			<trkpt lat="46.248086" lon="15.272732">
				<ele>245.199997</ele>
				<time>2026-09-03T13:48:39Z</time>
			</trkpt>
			<trkpt lat="46.248108" lon="15.272686">
				<ele>245.399994</ele>
				<time>2026-09-03T13:48:40Z</time>
			</trkpt>
			<trkpt lat="46.248132" lon="15.272634">
				<ele>245.399994</ele>
				<time>2026-09-03T13:48:41Z</time>
			</trkpt>
			<trkpt lat="46.248158" lon="15.272586">
				<ele>245.600006</ele>
				<time>2026-09-03T13:48:42Z</time>
			</trkpt>
			<trkpt lat="46.248185" lon="15.27253">
				<ele>245.800003</ele>
				<time>2026-09-03T13:48:43Z</time>
			</trkpt>
			<trkpt lat="46.248214" lon="15.272498">
				<ele>245.800003</ele>
				<time>2026-09-03T13:48:44Z</time>
			</trkpt>
			<trkpt lat="46.248241" lon="15.272452">
				<ele>246</ele>
				<time>2026-09-03T13:48:45Z</time>
			</trkpt>
			<trkpt lat="46.248272" lon="15.272414">
				<ele>246.199997</ele>
				<time>2026-09-03T13:48:46Z</time>
			</trkpt>
			<trkpt lat="46.248304" lon="15.272368">
				<ele>246.199997</ele>
				<time>2026-09-03T13:48:47Z</time>
			</trkpt>
			<trkpt lat="46.248329" lon="15.272338">
				<ele>246.399994</ele>
				<time>2026-09-03T13:48:48Z</time>
			</trkpt>
			<trkpt lat="46.248386" lon="15.272252">
				<ele>246.600006</ele>
				<time>2026-09-03T13:48:49Z</time>
			</trkpt>
			<trkpt lat="46.248415" lon="15.27221">
				<ele>246.800003</ele>
				<time>2026-09-03T13:48:50Z</time>
			</trkpt>
			<trkpt lat="46.248445" lon="15.27218">
				<ele>246.800003</ele>
				<time>2026-09-03T13:48:51Z</time>
			</trkpt>
			<trkpt lat="46.248475" lon="15.27215">
				<ele>247</ele>
				<time>2026-09-03T13:48:52Z</time>
			</trkpt>
			<trkpt lat="46.248508" lon="15.272126">
				<ele>247.199997</ele>
				<time>2026-09-03T13:48:53Z</time>
			</trkpt>
			<trkpt lat="46.248542" lon="15.272104">
				<ele>247.399994</ele>
				<time>2026-09-03T13:48:54Z</time>
			</trkpt>
			<trkpt lat="46.248574" lon="15.272088">
				<ele>247.399994</ele>
				<time>2026-09-03T13:48:55Z</time>
			</trkpt>
			<trkpt lat="46.248608" lon="15.272076">
				<ele>247.600006</ele>
				<time>2026-09-03T13:48:56Z</time>
			</trkpt>
			<trkpt lat="46.248648" lon="15.272076">
				<ele>247.800003</ele>
				<time>2026-09-03T13:48:57Z</time>
			</trkpt>
			<trkpt lat="46.248668" lon="15.272086">
				<ele>248</ele>
				<time>2026-09-03T13:48:58Z</time>
			</trkpt>
			<trkpt lat="46.248695" lon="15.2721">
				<ele>248.199997</ele>
				<time>2026-09-03T13:48:59Z</time>
			</trkpt>
			<trkpt lat="46.248721" lon="15.272112">
				<ele>248.199997</ele>
				<time>2026-09-03T13:49:00Z</time>
			</trkpt>
			<trkpt lat="46.248749" lon="15.272108">
				<ele>248.199997</ele>
				<time>2026-09-03T13:49:01Z</time>
			</trkpt>
			<trkpt lat="46.248787" lon="15.272034">
				<ele>248.399994</ele>
				<time>2026-09-03T13:49:02Z</time>
			</trkpt>
			<trkpt lat="46.248792" lon="15.271984">
				<ele>248.399994</ele>
				<time>2026-09-03T13:49:03Z</time>
			</trkpt>
			<trkpt lat="46.248794" lon="15.271938">
				<ele>248.600006</ele>
				<time>2026-09-03T13:49:04Z</time>
			</trkpt>
			<trkpt lat="46.248799" lon="15.271898">
				<ele>248.600006</ele>
				<time>2026-09-03T13:49:05Z</time>
			</trkpt>
			<trkpt lat="46.248812" lon="15.271844">
				<ele>248.800003</ele>
				<time>2026-09-03T13:49:06Z</time>
			</trkpt>
			<trkpt lat="46.248829" lon="15.271808">
				<ele>248.800003</ele>
				<time>2026-09-03T13:49:07Z</time>
			</trkpt>
			<trkpt lat="46.248852" lon="15.271764">
				<ele>249</ele>
				<time>2026-09-03T13:49:08Z</time>
			</trkpt>
			<trkpt lat="46.248876" lon="15.271732">
				<ele>249.199997</ele>
				<time>2026-09-03T13:49:09Z</time>
			</trkpt>
			<trkpt lat="46.248902" lon="15.271694">
				<ele>249.199997</ele>
				<time>2026-09-03T13:49:10Z</time>
			</trkpt>
			<trkpt lat="46.248928" lon="15.271666">
				<ele>249.399994</ele>
				<time>2026-09-03T13:49:11Z</time>
			</trkpt>
			<trkpt lat="46.248955" lon="15.27162">
				<ele>249.600006</ele>
				<time>2026-09-03T13:49:12Z</time>
			</trkpt>
			<trkpt lat="46.248985" lon="15.27159">
				<ele>249.800003</ele>
				<time>2026-09-03T13:49:13Z</time>
			</trkpt>
			<trkpt lat="46.249014" lon="15.271578">
				<ele>249.800003</ele>
				<time>2026-09-03T13:49:14Z</time>
			</trkpt>
			<trkpt lat="46.249078" lon="15.271506">
				<ele>250.199997</ele>
				<time>2026-09-03T13:49:15Z</time>
			</trkpt>
			<trkpt lat="46.249097" lon="15.271474">
				<ele>250.399994</ele>
				<time>2026-09-03T13:49:16Z</time>
			</trkpt>
			<trkpt lat="46.249124" lon="15.271438">
				<ele>250.600006</ele>
				<time>2026-09-03T13:49:17Z</time>
			</trkpt>
			<trkpt lat="46.249157" lon="15.271404">
				<ele>250.600006</ele>
				<time>2026-09-03T13:49:18Z</time>
			</trkpt>
			<trkpt lat="46.249176" lon="15.271362">
				<ele>250.800003</ele>
				<time>2026-09-03T13:49:19Z</time>
			</trkpt>
			<trkpt lat="46.249203" lon="15.271336">
				<ele>251</ele>
				<time>2026-09-03T13:49:20Z</time>
			</trkpt>
			<trkpt lat="46.249229" lon="15.271308">
				<ele>251</ele>
				<time>2026-09-03T13:49:21Z</time>
			</trkpt>
			<trkpt lat="46.249254" lon="15.271268">
				<ele>251.199997</ele>
				<time>2026-09-03T13:49:22Z</time>
			</trkpt>
			<trkpt lat="46.249286" lon="15.271232">
				<ele>251.399994</ele>
				<time>2026-09-03T13:49:23Z</time>
			</trkpt>
			<trkpt lat="46.249306" lon="15.271192">
				<ele>251.600006</ele>
				<time>2026-09-03T13:49:24Z</time>
			</trkpt>
			<trkpt lat="46.249334" lon="15.271158">
				<ele>251.800003</ele>
				<time>2026-09-03T13:49:25Z</time>
			</trkpt>
			<trkpt lat="46.249353" lon="15.271126">
				<ele>252</ele>
				<time>2026-09-03T13:49:26Z</time>
			</trkpt>
			<trkpt lat="46.249407" lon="15.271044">
				<ele>252.199997</ele>
				<time>2026-09-03T13:49:27Z</time>
			</trkpt>
			<trkpt lat="46.249424" lon="15.271008">
				<ele>252.399994</ele>
				<time>2026-09-03T13:49:28Z</time>
			</trkpt>
			<trkpt lat="46.249447" lon="15.270964">
				<ele>252.600006</ele>
				<time>2026-09-03T13:49:29Z</time>
			</trkpt>
			<trkpt lat="46.249469" lon="15.270938">
				<ele>252.800003</ele>
				<time>2026-09-03T13:49:30Z</time>
			</trkpt>
			<trkpt lat="46.249491" lon="15.270892">
				<ele>253</ele>
				<time>2026-09-03T13:49:31Z</time>
			</trkpt>
			<trkpt lat="46.249513" lon="15.270856">
				<ele>253.199997</ele>
				<time>2026-09-03T13:49:32Z</time>
			</trkpt>
			<trkpt lat="46.249533" lon="15.270816">
				<ele>253.399994</ele>
				<time>2026-09-03T13:49:33Z</time>
			</trkpt>
			<trkpt lat="46.249556" lon="15.270772">
				<ele>253.600006</ele>
				<time>2026-09-03T13:49:34Z</time>
			</trkpt>
			<trkpt lat="46.249577" lon="15.270734">
				<ele>253.800003</ele>
				<time>2026-09-03T13:49:35Z</time>
			</trkpt>
			<trkpt lat="46.249599" lon="15.270698">
				<ele>254</ele>
				<time>2026-09-03T13:49:36Z</time>
			</trkpt>
			<trkpt lat="46.249618" lon="15.270656">
				<ele>254.199997</ele>
				<time>2026-09-03T13:49:37Z</time>
			</trkpt>
			<trkpt lat="46.249637" lon="15.270614">
				<ele>254.399994</ele>
				<time>2026-09-03T13:49:38Z</time>
			</trkpt>
			<trkpt lat="46.249655" lon="15.27057">
				<ele>254.600006</ele>
				<time>2026-09-03T13:49:39Z</time>
			</trkpt>
			<trkpt lat="46.249689" lon="15.270498">
				<ele>255.199997</ele>
				<time>2026-09-03T13:49:40Z</time>
			</trkpt>
			<trkpt lat="46.249707" lon="15.270454">
				<ele>255.199997</ele>
				<time>2026-09-03T13:49:41Z</time>
			</trkpt>
			<trkpt lat="46.249724" lon="15.270418">
				<ele>255.600006</ele>
				<time>2026-09-03T13:49:42Z</time>
			</trkpt>
			<trkpt lat="46.249742" lon="15.270384">
				<ele>255.600006</ele>
				<time>2026-09-03T13:49:43Z</time>
			</trkpt>
			<trkpt lat="46.249757" lon="15.270344">
				<ele>256</ele>
				<time>2026-09-03T13:49:44Z</time>
			</trkpt>
			<trkpt lat="46.249772" lon="15.270304">
				<ele>256.200012</ele>
				<time>2026-09-03T13:49:45Z</time>
			</trkpt>
			<trkpt lat="46.249787" lon="15.270274">
				<ele>256.200012</ele>
				<time>2026-09-03T13:49:46Z</time>
			</trkpt>
			<trkpt lat="46.249802" lon="15.270234">
				<ele>256.399994</ele>
				<time>2026-09-03T13:49:47Z</time>
			</trkpt>
			<trkpt lat="46.249815" lon="15.27019">
				<ele>256.600006</ele>
				<time>2026-09-03T13:49:48Z</time>
			</trkpt>
			<trkpt lat="46.249828" lon="15.270156">
				<ele>256.799988</ele>
				<time>2026-09-03T13:49:49Z</time>
			</trkpt>
			<trkpt lat="46.249846" lon="15.270122">
				<ele>257</ele>
				<time>2026-09-03T13:49:50Z</time>
			</trkpt>
			<trkpt lat="46.249854" lon="15.270088">
				<ele>257.200012</ele>
				<time>2026-09-03T13:49:51Z</time>
			</trkpt>
			<trkpt lat="46.249867" lon="15.270054">
				<ele>257.399994</ele>
				<time>2026-09-03T13:49:52Z</time>
			</trkpt>
			<trkpt lat="46.249897" lon="15.269984">
				<ele>257.600006</ele>
				<time>2026-09-03T13:49:53Z</time>
			</trkpt>
			<trkpt lat="46.249902" lon="15.269954">
				<ele>257.799988</ele>
				<time>2026-09-03T13:49:54Z</time>
			</trkpt>
			<trkpt lat="46.249914" lon="15.269918">
				<ele>258</ele>
				<time>2026-09-03T13:49:55Z</time>
			</trkpt>
			<trkpt lat="46.249924" lon="15.269888">
				<ele>258.200012</ele>
				<time>2026-09-03T13:49:56Z</time>
			</trkpt>
			<trkpt lat="46.249934" lon="15.269848">
				<ele>258.399994</ele>
				<time>2026-09-03T13:49:57Z</time>
			</trkpt>
			<trkpt lat="46.249946" lon="15.269812">
				<ele>258.600006</ele>
				<time>2026-09-03T13:49:58Z</time>
			</trkpt>
			<trkpt lat="46.249957" lon="15.269774">
				<ele>258.600006</ele>
				<time>2026-09-03T13:49:59Z</time>
			</trkpt>
			<trkpt lat="46.249969" lon="15.269738">
				<ele>258.799988</ele>
				<time>2026-09-03T13:50:00Z</time>
			</trkpt>
			<trkpt lat="46.249981" lon="15.269692">
				<ele>259</ele>
				<time>2026-09-03T13:50:01Z</time>
			</trkpt>
			<trkpt lat="46.249991" lon="15.269662">
				<ele>259.200012</ele>
				<time>2026-09-03T13:50:02Z</time>
			</trkpt>
			<trkpt lat="46.250009" lon="15.269628">
				<ele>259.200012</ele>
				<time>2026-09-03T13:50:03Z</time>
			</trkpt>
			<trkpt lat="46.250008" lon="15.269596">
				<ele>259.399994</ele>
				<time>2026-09-03T13:50:04Z</time>
			</trkpt>
			<trkpt lat="46.250023" lon="15.269516">
				<ele>259.600006</ele>
				<time>2026-09-03T13:50:05Z</time>
			</trkpt>
			<trkpt lat="46.250032" lon="15.269484">
				<ele>259.799988</ele>
				<time>2026-09-03T13:50:06Z</time>
			</trkpt>
			<trkpt lat="46.250042" lon="15.269444">
				<ele>259.799988</ele>
				<time>2026-09-03T13:50:07Z</time>
			</trkpt>
			<trkpt lat="46.250049" lon="15.269418">
				<ele>260</ele>
				<time>2026-09-03T13:50:08Z</time>
			</trkpt>
			<trkpt lat="46.250058" lon="15.269376">
				<ele>260</ele>
				<time>2026-09-03T13:50:09Z</time>
			</trkpt>
			<trkpt lat="46.250065" lon="15.26933">
				<ele>260.200012</ele>
				<time>2026-09-03T13:50:10Z</time>
			</trkpt>
			<trkpt lat="46.250072" lon="15.269304">
				<ele>260.200012</ele>
				<time>2026-09-03T13:50:11Z</time>
			</trkpt>
			<trkpt lat="46.250087" lon="15.269264">
				<ele>260.399994</ele>
				<time>2026-09-03T13:50:12Z</time>
			</trkpt>
			<trkpt lat="46.250089" lon="15.269238">
				<ele>260.399994</ele>
				<time>2026-09-03T13:50:13Z</time>
			</trkpt>
			<trkpt lat="46.250106" lon="15.269192">
				<ele>260.600006</ele>
				<time>2026-09-03T13:50:14Z</time>
			</trkpt>
			<trkpt lat="46.250112" lon="15.269154">
				<ele>260.600006</ele>
				<time>2026-09-03T13:50:15Z</time>
			</trkpt>
			<trkpt lat="46.250123" lon="15.269116">
				<ele>260.600006</ele>
				<time>2026-09-03T13:50:16Z</time>
			</trkpt>
			<trkpt lat="46.250135" lon="15.26907">
				<ele>260.799988</ele>
				<time>2026-09-03T13:50:17Z</time>
			</trkpt>
			<trkpt lat="46.250157" lon="15.268984">
				<ele>260.799988</ele>
				<time>2026-09-03T13:50:18Z</time>
			</trkpt>
			<trkpt lat="46.250168" lon="15.268946">
				<ele>260.799988</ele>
				<time>2026-09-03T13:50:19Z</time>
			</trkpt>
			<trkpt lat="46.250178" lon="15.268896">
				<ele>261</ele>
				<time>2026-09-03T13:50:20Z</time>
			</trkpt>
			<trkpt lat="46.250192" lon="15.268834">
				<ele>261</ele>
				<time>2026-09-03T13:50:21Z</time>
			</trkpt>
			<trkpt lat="46.250204" lon="15.268788">
				<ele>261</ele>
				<time>2026-09-03T13:50:22Z</time>
			</trkpt>
			<trkpt lat="46.250218" lon="15.268736">
				<ele>261</ele>
				<time>2026-09-03T13:50:23Z</time>
			</trkpt>
			<trkpt lat="46.250227" lon="15.268684">
				<ele>261</ele>
				<time>2026-09-03T13:50:24Z</time>
			</trkpt>
			<trkpt lat="46.250244" lon="15.268618">
				<ele>261</ele>
				<time>2026-09-03T13:50:25Z</time>
			</trkpt>
			<trkpt lat="46.250261" lon="15.268552">
				<ele>261</ele>
				<time>2026-09-03T13:50:26Z</time>
			</trkpt>
			<trkpt lat="46.250278" lon="15.268496">
				<ele>261</ele>
				<time>2026-09-03T13:50:27Z</time>
			</trkpt>
			<trkpt lat="46.250294" lon="15.268438">
				<ele>261</ele>
				<time>2026-09-03T13:50:28Z</time>
			</trkpt>
			<trkpt lat="46.250313" lon="15.268366">
				<ele>260.799988</ele>
				<time>2026-09-03T13:50:29Z</time>
			</trkpt>
			<trkpt lat="46.250333" lon="15.268296">
				<ele>260.799988</ele>
				<time>2026-09-03T13:50:30Z</time>
			</trkpt>
			<trkpt lat="46.250369" lon="15.268148">
				<ele>260.399994</ele>
				<time>2026-09-03T13:50:31Z</time>
			</trkpt>
			<trkpt lat="46.250388" lon="15.268066">
				<ele>260.200012</ele>
				<time>2026-09-03T13:50:32Z</time>
			</trkpt>
			<trkpt lat="46.250409" lon="15.267978">
				<ele>260</ele>
				<time>2026-09-03T13:50:33Z</time>
			</trkpt>
			<trkpt lat="46.250432" lon="15.267884">
				<ele>259.799988</ele>
				<time>2026-09-03T13:50:34Z</time>
			</trkpt>
			<trkpt lat="46.250457" lon="15.267794">
				<ele>259.600006</ele>
				<time>2026-09-03T13:50:35Z</time>
			</trkpt>
			<trkpt lat="46.250481" lon="15.267702">
				<ele>259.399994</ele>
				<time>2026-09-03T13:50:36Z</time>
			</trkpt>
			<trkpt lat="46.250505" lon="15.2676">
				<ele>259</ele>
				<time>2026-09-03T13:50:37Z</time>
			</trkpt>
			<trkpt lat="46.250532" lon="15.267504">
				<ele>258.799988</ele>
				<time>2026-09-03T13:50:38Z</time>
			</trkpt>
			<trkpt lat="46.250564" lon="15.267408">
				<ele>258.399994</ele>
				<time>2026-09-03T13:50:39Z</time>
			</trkpt>
			<trkpt lat="46.250588" lon="15.267306">
				<ele>258.200012</ele>
				<time>2026-09-03T13:50:40Z</time>
			</trkpt>
			<trkpt lat="46.250616" lon="15.267192">
				<ele>258.200012</ele>
				<time>2026-09-03T13:50:41Z</time>
			</trkpt>
			<trkpt lat="46.250644" lon="15.267098">
				<ele>258</ele>
				<time>2026-09-03T13:50:42Z</time>
			</trkpt>
			<trkpt lat="46.250672" lon="15.266984">
				<ele>257.799988</ele>
				<time>2026-09-03T13:50:43Z</time>
			</trkpt>
			<trkpt lat="46.250727" lon="15.266774">
				<ele>257.399994</ele>
				<time>2026-09-03T13:50:44Z</time>
			</trkpt>
			<trkpt lat="46.250756" lon="15.266662">
				<ele>257.399994</ele>
				<time>2026-09-03T13:50:45Z</time>
			</trkpt>
			<trkpt lat="46.250784" lon="15.266568">
				<ele>257.200012</ele>
				<time>2026-09-03T13:50:46Z</time>
			</trkpt>
			<trkpt lat="46.250813" lon="15.266466">
				<ele>257.200012</ele>
				<time>2026-09-03T13:50:47Z</time>
			</trkpt>
			<trkpt lat="46.250841" lon="15.266362">
				<ele>257.200012</ele>
				<time>2026-09-03T13:50:48Z</time>
			</trkpt>
			<trkpt lat="46.250866" lon="15.266252">
				<ele>257.399994</ele>
				<time>2026-09-03T13:50:49Z</time>
			</trkpt>
			<trkpt lat="46.250891" lon="15.266162">
				<ele>257.399994</ele>
				<time>2026-09-03T13:50:50Z</time>
			</trkpt>
			<trkpt lat="46.250913" lon="15.266066">
				<ele>257.399994</ele>
				<time>2026-09-03T13:50:51Z</time>
			</trkpt>
			<trkpt lat="46.250934" lon="15.265968">
				<ele>257.399994</ele>
				<time>2026-09-03T13:50:53Z</time>
			</trkpt>
			<trkpt lat="46.250956" lon="15.265862">
				<ele>257.399994</ele>
				<time>2026-09-03T13:50:54Z</time>
			</trkpt>
			<trkpt lat="46.250976" lon="15.265772">
				<ele>257.600006</ele>
				<time>2026-09-03T13:50:55Z</time>
			</trkpt>
			<trkpt lat="46.251013" lon="15.265596">
				<ele>257.799988</ele>
				<time>2026-09-03T13:50:56Z</time>
			</trkpt>
			<trkpt lat="46.251028" lon="15.265506">
				<ele>258</ele>
				<time>2026-09-03T13:50:58Z</time>
			</trkpt>
			<trkpt lat="46.251043" lon="15.265416">
				<ele>258.200012</ele>
				<time>2026-09-03T13:50:59Z</time>
			</trkpt>
			<trkpt lat="46.251059" lon="15.265338">
				<ele>258.399994</ele>
				<time>2026-09-03T13:51:00Z</time>
			</trkpt>
			<trkpt lat="46.251074" lon="15.265258">
				<ele>258.600006</ele>
				<time>2026-09-03T13:51:01Z</time>
			</trkpt>
			<trkpt lat="46.251084" lon="15.265178">
				<ele>258.600006</ele>
				<time>2026-09-03T13:51:02Z</time>
			</trkpt>
			<trkpt lat="46.251095" lon="15.26509">
				<ele>258.799988</ele>
				<time>2026-09-03T13:51:04Z</time>
			</trkpt>
			<trkpt lat="46.251105" lon="15.26502">
				<ele>259</ele>
				<time>2026-09-03T13:51:05Z</time>
			</trkpt>
			<trkpt lat="46.251113" lon="15.264946">
				<ele>259.200012</ele>
				<time>2026-09-03T13:51:06Z</time>
			</trkpt>
			<trkpt lat="46.251119" lon="15.264878">
				<ele>259.399994</ele>
				<time>2026-09-03T13:51:07Z</time>
			</trkpt>
			<trkpt lat="46.251126" lon="15.264802">
				<ele>259.399994</ele>
				<time>2026-09-03T13:51:08Z</time>
			</trkpt>
			<trkpt lat="46.251134" lon="15.264658">
				<ele>259.600006</ele>
				<time>2026-09-03T13:51:09Z</time>
			</trkpt>
			<trkpt lat="46.251138" lon="15.264586">
				<ele>259.799988</ele>
				<time>2026-09-03T13:51:10Z</time>
			</trkpt>
			<trkpt lat="46.251141" lon="15.264502">
				<ele>259.799988</ele>
				<time>2026-09-03T13:51:11Z</time>
			</trkpt>
			<trkpt lat="46.251143" lon="15.264426">
				<ele>259.799988</ele>
				<time>2026-09-03T13:51:12Z</time>
			</trkpt>
			<trkpt lat="46.251146" lon="15.264342">
				<ele>259.799988</ele>
				<time>2026-09-03T13:51:13Z</time>
			</trkpt>
			<trkpt lat="46.251148" lon="15.264266">
				<ele>259.799988</ele>
				<time>2026-09-03T13:51:14Z</time>
			</trkpt>
			<trkpt lat="46.251148" lon="15.264176">
				<ele>259.600006</ele>
				<time>2026-09-03T13:51:16Z</time>
			</trkpt>
			<trkpt lat="46.251149" lon="15.264098">
				<ele>259.399994</ele>
				<time>2026-09-03T13:51:17Z</time>
			</trkpt>
			<trkpt lat="46.251149" lon="15.264008">
				<ele>259.200012</ele>
				<time>2026-09-03T13:51:18Z</time>
			</trkpt>
			<trkpt lat="46.251148" lon="15.263916">
				<ele>259</ele>
				<time>2026-09-03T13:51:19Z</time>
			</trkpt>
			<trkpt lat="46.251146" lon="15.263812">
				<ele>258.799988</ele>
				<time>2026-09-03T13:51:20Z</time>
			</trkpt>
			<trkpt lat="46.251144" lon="15.263708">
				<ele>258.399994</ele>
				<time>2026-09-03T13:51:21Z</time>
			</trkpt>
			<trkpt lat="46.251131" lon="15.263482">
				<ele>257.399994</ele>
				<time>2026-09-03T13:51:22Z</time>
			</trkpt>
			<trkpt lat="46.251123" lon="15.263366">
				<ele>256.799988</ele>
				<time>2026-09-03T13:51:23Z</time>
			</trkpt>
			<trkpt lat="46.251111" lon="15.263232">
				<ele>256</ele>
				<time>2026-09-03T13:51:24Z</time>
			</trkpt>
			<trkpt lat="46.251097" lon="15.263104">
				<ele>255.199997</ele>
				<time>2026-09-03T13:51:25Z</time>
			</trkpt>
			<trkpt lat="46.251081" lon="15.262962">
				<ele>254.399994</ele>
				<time>2026-09-03T13:51:26Z</time>
			</trkpt>
			<trkpt lat="46.251063" lon="15.262816">
				<ele>253.399994</ele>
				<time>2026-09-03T13:51:28Z</time>
			</trkpt>
			<trkpt lat="46.251041" lon="15.262672">
				<ele>252.199997</ele>
				<time>2026-09-03T13:51:29Z</time>
			</trkpt>
			<trkpt lat="46.251019" lon="15.262538">
				<ele>251.399994</ele>
				<time>2026-09-03T13:51:30Z</time>
			</trkpt>
			<trkpt lat="46.250998" lon="15.262396">
				<ele>250.600006</ele>
				<time>2026-09-03T13:51:31Z</time>
			</trkpt>
			<trkpt lat="46.250974" lon="15.262268">
				<ele>249.800003</ele>
				<time>2026-09-03T13:51:32Z</time>
			</trkpt>
			<trkpt lat="46.250948" lon="15.262126">
				<ele>249.199997</ele>
				<time>2026-09-03T13:51:33Z</time>
			</trkpt>
			<trkpt lat="46.250902" lon="15.261864">
				<ele>247.800003</ele>
				<time>2026-09-03T13:51:34Z</time>
			</trkpt>
			<trkpt lat="46.250882" lon="15.261754">
				<ele>247.399994</ele>
				<time>2026-09-03T13:51:35Z</time>
			</trkpt>
			<trkpt lat="46.250862" lon="15.261654">
				<ele>246.800003</ele>
				<time>2026-09-03T13:51:36Z</time>
			</trkpt>
			<trkpt lat="46.250842" lon="15.261544">
				<ele>246.399994</ele>
				<time>2026-09-03T13:51:37Z</time>
			</trkpt>
			<trkpt lat="46.250824" lon="15.261448">
				<ele>246.199997</ele>
				<time>2026-09-03T13:51:38Z</time>
			</trkpt>
			<trkpt lat="46.250808" lon="15.261346">
				<ele>245.800003</ele>
				<time>2026-09-03T13:51:39Z</time>
			</trkpt>
			<trkpt lat="46.250796" lon="15.261252">
				<ele>245.399994</ele>
				<time>2026-09-03T13:51:40Z</time>
			</trkpt>
			<trkpt lat="46.250783" lon="15.261176">
				<ele>245.199997</ele>
				<time>2026-09-03T13:51:41Z</time>
			</trkpt>
			<trkpt lat="46.250773" lon="15.261086">
				<ele>245</ele>
				<time>2026-09-03T13:51:42Z</time>
			</trkpt>
			<trkpt lat="46.250774" lon="15.261018">
				<ele>244.800003</ele>
				<time>2026-09-03T13:51:43Z</time>
			</trkpt>
			<trkpt lat="46.250789" lon="15.260958">
				<ele>244.600006</ele>
				<time>2026-09-03T13:51:44Z</time>
			</trkpt>
			<trkpt lat="46.250818" lon="15.260906">
				<ele>244.399994</ele>
				<time>2026-09-03T13:51:45Z</time>
			</trkpt>
			<trkpt lat="46.250855" lon="15.26086">
				<ele>244.199997</ele>
				<time>2026-09-03T13:51:46Z</time>
			</trkpt>
			<trkpt lat="46.250882" lon="15.260764">
				<ele>244</ele>
				<time>2026-09-03T13:51:47Z</time>
			</trkpt>
			<trkpt lat="46.250881" lon="15.260712">
				<ele>244</ele>
				<time>2026-09-03T13:51:48Z</time>
			</trkpt>
			<trkpt lat="46.250884" lon="15.260668">
				<ele>244</ele>
				<time>2026-09-03T13:51:49Z</time>
			</trkpt>
			<trkpt lat="46.250905" lon="15.26063">
				<ele>244</ele>
				<time>2026-09-03T13:51:50Z</time>
			</trkpt>
			<trkpt lat="46.250938" lon="15.260616">
				<ele>244</ele>
				<time>2026-09-03T13:51:51Z</time>
			</trkpt>
			<trkpt lat="46.250976" lon="15.260612">
				<ele>244</ele>
				<time>2026-09-03T13:51:52Z</time>
			</trkpt>
			<trkpt lat="46.251019" lon="15.260628">
				<ele>244</ele>
				<time>2026-09-03T13:51:53Z</time>
			</trkpt>
			<trkpt lat="46.251065" lon="15.26062">
				<ele>244</ele>
				<time>2026-09-03T13:51:54Z</time>
			</trkpt>
			<trkpt lat="46.251117" lon="15.260624">
				<ele>244</ele>
				<time>2026-09-03T13:51:55Z</time>
			</trkpt>
			<trkpt lat="46.251172" lon="15.260634">
				<ele>244</ele>
				<time>2026-09-03T13:51:56Z</time>
			</trkpt>
			<trkpt lat="46.251222" lon="15.260634">
				<ele>244</ele>
				<time>2026-09-03T13:51:57Z</time>
			</trkpt>
			<trkpt lat="46.251272" lon="15.260644">
				<ele>244</ele>
				<time>2026-09-03T13:51:58Z</time>
			</trkpt>
			<trkpt lat="46.251323" lon="15.260656">
				<ele>244.199997</ele>
				<time>2026-09-03T13:51:59Z</time>
			</trkpt>
			<trkpt lat="46.251424" lon="15.260688">
				<ele>244.399994</ele>
				<time>2026-09-03T13:52:00Z</time>
			</trkpt>
			<trkpt lat="46.251472" lon="15.260704">
				<ele>244.399994</ele>
				<time>2026-09-03T13:52:01Z</time>
			</trkpt>
			<trkpt lat="46.251522" lon="15.260734">
				<ele>244.399994</ele>
				<time>2026-09-03T13:52:02Z</time>
			</trkpt>
			<trkpt lat="46.251574" lon="15.260758">
				<ele>244.600006</ele>
				<time>2026-09-03T13:52:03Z</time>
			</trkpt>
			<trkpt lat="46.251628" lon="15.260776">
				<ele>244.600006</ele>
				<time>2026-09-03T13:52:04Z</time>
			</trkpt>
			<trkpt lat="46.251683" lon="15.260796">
				<ele>244.600006</ele>
				<time>2026-09-03T13:52:05Z</time>
			</trkpt>
			<trkpt lat="46.251737" lon="15.260804">
				<ele>244.600006</ele>
				<time>2026-09-03T13:52:06Z</time>
			</trkpt>
			<trkpt lat="46.251793" lon="15.260826">
				<ele>244.600006</ele>
				<time>2026-09-03T13:52:07Z</time>
			</trkpt>
			<trkpt lat="46.251848" lon="15.260846">
				<ele>244.600006</ele>
				<time>2026-09-03T13:52:08Z</time>
			</trkpt>
			<trkpt lat="46.251903" lon="15.260856">
				<ele>244.600006</ele>
				<time>2026-09-03T13:52:09Z</time>
			</trkpt>
			<trkpt lat="46.251957" lon="15.260864">
				<ele>244.600006</ele>
				<time>2026-09-03T13:52:11Z</time>
			</trkpt>
			<trkpt lat="46.252067" lon="15.260874">
				<ele>244.600006</ele>
				<time>2026-09-03T13:52:12Z</time>
			</trkpt>
			<trkpt lat="46.252122" lon="15.260884">
				<ele>244.600006</ele>
				<time>2026-09-03T13:52:13Z</time>
			</trkpt>
			<trkpt lat="46.252177" lon="15.260894">
				<ele>244.600006</ele>
				<time>2026-09-03T13:52:14Z</time>
			</trkpt>
			<trkpt lat="46.252231" lon="15.260892">
				<ele>244.600006</ele>
				<time>2026-09-03T13:52:15Z</time>
			</trkpt>
			<trkpt lat="46.252285" lon="15.26089">
				<ele>244.600006</ele>
				<time>2026-09-03T13:52:16Z</time>
			</trkpt>
			<trkpt lat="46.252338" lon="15.260896">
				<ele>244.800003</ele>
				<time>2026-09-03T13:52:17Z</time>
			</trkpt>
			<trkpt lat="46.252391" lon="15.260882">
				<ele>244.800003</ele>
				<time>2026-09-03T13:52:18Z</time>
			</trkpt>
			<trkpt lat="46.252444" lon="15.260878">
				<ele>244.800003</ele>
				<time>2026-09-03T13:52:20Z</time>
			</trkpt>
			<trkpt lat="46.252499" lon="15.260868">
				<ele>244.800003</ele>
				<time>2026-09-03T13:52:21Z</time>
			</trkpt>
			<trkpt lat="46.252553" lon="15.260856">
				<ele>244.800003</ele>
				<time>2026-09-03T13:52:22Z</time>
			</trkpt>
			<trkpt lat="46.252605" lon="15.26084">
				<ele>245</ele>
				<time>2026-09-03T13:52:23Z</time>
			</trkpt>
			<trkpt lat="46.252658" lon="15.260826">
				<ele>245</ele>
				<time>2026-09-03T13:52:24Z</time>
			</trkpt>
			<trkpt lat="46.252764" lon="15.260788">
				<ele>245</ele>
				<time>2026-09-03T13:52:25Z</time>
			</trkpt>
			<trkpt lat="46.252816" lon="15.260762">
				<ele>245</ele>
				<time>2026-09-03T13:52:26Z</time>
			</trkpt>
			<trkpt lat="46.252875" lon="15.26073">
				<ele>245</ele>
				<time>2026-09-03T13:52:28Z</time>
			</trkpt>
			<trkpt lat="46.252926" lon="15.260712">
				<ele>245</ele>
				<time>2026-09-03T13:52:29Z</time>
			</trkpt>
			<trkpt lat="46.252981" lon="15.260682">
				<ele>245</ele>
				<time>2026-09-03T13:52:30Z</time>
			</trkpt>
			<trkpt lat="46.253037" lon="15.260644">
				<ele>245</ele>
				<time>2026-09-03T13:52:31Z</time>
			</trkpt>
			<trkpt lat="46.253092" lon="15.260614">
				<ele>244.800003</ele>
				<time>2026-09-03T13:52:33Z</time>
			</trkpt>
			<trkpt lat="46.253148" lon="15.260586">
				<ele>244.800003</ele>
				<time>2026-09-03T13:52:34Z</time>
			</trkpt>
			<trkpt lat="46.253205" lon="15.26055">
				<ele>244.800003</ele>
				<time>2026-09-03T13:52:35Z</time>
			</trkpt>
			<trkpt lat="46.253264" lon="15.260528">
				<ele>244.800003</ele>
				<time>2026-09-03T13:52:36Z</time>
			</trkpt>
			<trkpt lat="46.253322" lon="15.260494">
				<ele>244.800003</ele>
				<time>2026-09-03T13:52:37Z</time>
			</trkpt>
			<trkpt lat="46.253433" lon="15.260436">
				<ele>244.800003</ele>
				<time>2026-09-03T13:52:38Z</time>
			</trkpt>
			<trkpt lat="46.253498" lon="15.260406">
				<ele>244.800003</ele>
				<time>2026-09-03T13:52:40Z</time>
			</trkpt>
			<trkpt lat="46.253547" lon="15.260374">
				<ele>244.800003</ele>
				<time>2026-09-03T13:52:41Z</time>
			</trkpt>
			<trkpt lat="46.253603" lon="15.260346">
				<ele>244.800003</ele>
				<time>2026-09-03T13:52:42Z</time>
			</trkpt>
			<trkpt lat="46.253644" lon="15.260318">
				<ele>244.800003</ele>
				<time>2026-09-03T13:52:43Z</time>
			</trkpt>
			<trkpt lat="46.253705" lon="15.26027">
				<ele>244.600006</ele>
				<time>2026-09-03T13:52:44Z</time>
			</trkpt>
			<trkpt lat="46.253751" lon="15.260242">
				<ele>244.600006</ele>
				<time>2026-09-03T13:52:45Z</time>
			</trkpt>
			<trkpt lat="46.253799" lon="15.260228">
				<ele>244.600006</ele>
				<time>2026-09-03T13:52:46Z</time>
			</trkpt>
			<trkpt lat="46.253846" lon="15.260202">
				<ele>244.600006</ele>
				<time>2026-09-03T13:52:47Z</time>
			</trkpt>
			<trkpt lat="46.253889" lon="15.260188">
				<ele>244.600006</ele>
				<time>2026-09-03T13:52:48Z</time>
			</trkpt>
			<trkpt lat="46.253921" lon="15.260162">
				<ele>244.600006</ele>
				<time>2026-09-03T13:52:49Z</time>
			</trkpt>
			<trkpt lat="46.253948" lon="15.260146">
				<ele>244.600006</ele>
				<time>2026-09-03T13:52:50Z</time>
			</trkpt>
			<trkpt lat="46.254004" lon="15.260108">
				<ele>244.800003</ele>
				<time>2026-09-03T13:52:51Z</time>
			</trkpt>
			<trkpt lat="46.254039" lon="15.260078">
				<ele>244.800003</ele>
				<time>2026-09-03T13:52:52Z</time>
			</trkpt>
			<trkpt lat="46.254086" lon="15.260042">
				<ele>244.800003</ele>
				<time>2026-09-03T13:52:53Z</time>
			</trkpt>
			<trkpt lat="46.254119" lon="15.260008">
				<ele>244.800003</ele>
				<time>2026-09-03T13:52:54Z</time>
			</trkpt>
			<trkpt lat="46.254161" lon="15.259972">
				<ele>244.800003</ele>
				<time>2026-09-03T13:52:55Z</time>
			</trkpt>
			<trkpt lat="46.254207" lon="15.259944">
				<ele>245</ele>
				<time>2026-09-03T13:52:56Z</time>
			</trkpt>
			<trkpt lat="46.254253" lon="15.259926">
				<ele>245</ele>
				<time>2026-09-03T13:52:57Z</time>
			</trkpt>
			<trkpt lat="46.254298" lon="15.259906">
				<ele>245.199997</ele>
				<time>2026-09-03T13:52:58Z</time>
			</trkpt>
			<trkpt lat="46.254345" lon="15.25988">
				<ele>245.199997</ele>
				<time>2026-09-03T13:52:59Z</time>
			</trkpt>
			<trkpt lat="46.254393" lon="15.259866">
				<ele>245.399994</ele>
				<time>2026-09-03T13:53:00Z</time>
			</trkpt>
			<trkpt lat="46.254449" lon="15.259858">
				<ele>245.399994</ele>
				<time>2026-09-03T13:53:01Z</time>
			</trkpt>
			<trkpt lat="46.254483" lon="15.259836">
				<ele>245.399994</ele>
				<time>2026-09-03T13:53:02Z</time>
			</trkpt>
			<trkpt lat="46.254563" lon="15.259806">
				<ele>245.399994</ele>
				<time>2026-09-03T13:53:03Z</time>
			</trkpt>
			<trkpt lat="46.254604" lon="15.259808">
				<ele>245.399994</ele>
				<time>2026-09-03T13:53:04Z</time>
			</trkpt>
			<trkpt lat="46.254632" lon="15.259824">
				<ele>245.399994</ele>
				<time>2026-09-03T13:53:05Z</time>
			</trkpt>
			<trkpt lat="46.254667" lon="15.259844">
				<ele>245.399994</ele>
				<time>2026-09-03T13:53:06Z</time>
			</trkpt>
			<trkpt lat="46.254708" lon="15.259846">
				<ele>245.399994</ele>
				<time>2026-09-03T13:53:07Z</time>
			</trkpt>
			<trkpt lat="46.254748" lon="15.259826">
				<ele>245.399994</ele>
				<time>2026-09-03T13:53:08Z</time>
			</trkpt>
			<trkpt lat="46.254788" lon="15.259806">
				<ele>245.399994</ele>
				<time>2026-09-03T13:53:09Z</time>
			</trkpt>
			<trkpt lat="46.254832" lon="15.259774">
				<ele>245.600006</ele>
				<time>2026-09-03T13:53:10Z</time>
			</trkpt>
			<trkpt lat="46.254879" lon="15.259748">
				<ele>245.600006</ele>
				<time>2026-09-03T13:53:11Z</time>
			</trkpt>
			<trkpt lat="46.254927" lon="15.259724">
				<ele>245.600006</ele>
				<time>2026-09-03T13:53:12Z</time>
			</trkpt>
			<trkpt lat="46.254973" lon="15.259696">
				<ele>245.600006</ele>
				<time>2026-09-03T13:53:13Z</time>
			</trkpt>
			<trkpt lat="46.255018" lon="15.259676">
				<ele>245.800003</ele>
				<time>2026-09-03T13:53:14Z</time>
			</trkpt>
			<trkpt lat="46.255064" lon="15.259658">
				<ele>245.800003</ele>
				<time>2026-09-03T13:53:15Z</time>
			</trkpt>
			<trkpt lat="46.255158" lon="15.259616">
				<ele>245.800003</ele>
				<time>2026-09-03T13:53:16Z</time>
			</trkpt>
			<trkpt lat="46.255205" lon="15.2596">
				<ele>245.800003</ele>
				<time>2026-09-03T13:53:17Z</time>
			</trkpt>
			<trkpt lat="46.255252" lon="15.259584">
				<ele>245.800003</ele>
				<time>2026-09-03T13:53:18Z</time>
			</trkpt>
			<trkpt lat="46.255301" lon="15.259562">
				<ele>246</ele>
				<time>2026-09-03T13:53:19Z</time>
			</trkpt>
			<trkpt lat="46.255357" lon="15.259554">
				<ele>246</ele>
				<time>2026-09-03T13:53:20Z</time>
			</trkpt>
			<trkpt lat="46.255398" lon="15.259536">
				<ele>246</ele>
				<time>2026-09-03T13:53:21Z</time>
			</trkpt>
			<trkpt lat="46.255445" lon="15.25952">
				<ele>246</ele>
				<time>2026-09-03T13:53:22Z</time>
			</trkpt>
			<trkpt lat="46.255493" lon="15.259516">
				<ele>246.199997</ele>
				<time>2026-09-03T13:53:23Z</time>
			</trkpt>
			<trkpt lat="46.255542" lon="15.259504">
				<ele>246.199997</ele>
				<time>2026-09-03T13:53:24Z</time>
			</trkpt>
			<trkpt lat="46.255592" lon="15.259494">
				<ele>246.199997</ele>
				<time>2026-09-03T13:53:25Z</time>
			</trkpt>
			<trkpt lat="46.255647" lon="15.259484">
				<ele>246</ele>
				<time>2026-09-03T13:53:27Z</time>
			</trkpt>
			<trkpt lat="46.255689" lon="15.259478">
				<ele>246</ele>
				<time>2026-09-03T13:53:28Z</time>
			</trkpt>
			<trkpt lat="46.255789" lon="15.259458">
				<ele>246</ele>
				<time>2026-09-03T13:53:29Z</time>
			</trkpt>
			<trkpt lat="46.255838" lon="15.259446">
				<ele>246.199997</ele>
				<time>2026-09-03T13:53:30Z</time>
			</trkpt>
			<trkpt lat="46.255889" lon="15.259448">
				<ele>246.199997</ele>
				<time>2026-09-03T13:53:31Z</time>
			</trkpt>
			<trkpt lat="46.255941" lon="15.259432">
				<ele>246.199997</ele>
				<time>2026-09-03T13:53:32Z</time>
			</trkpt>
			<trkpt lat="46.255992" lon="15.259434">
				<ele>246.199997</ele>
				<time>2026-09-03T13:53:33Z</time>
			</trkpt>
			<trkpt lat="46.256044" lon="15.259448">
				<ele>246.399994</ele>
				<time>2026-09-03T13:53:34Z</time>
			</trkpt>
			<trkpt lat="46.256097" lon="15.259444">
				<ele>246.399994</ele>
				<time>2026-09-03T13:53:35Z</time>
			</trkpt>
			<trkpt lat="46.256151" lon="15.259442">
				<ele>246.399994</ele>
				<time>2026-09-03T13:53:36Z</time>
			</trkpt>
			<trkpt lat="46.256205" lon="15.25945">
				<ele>246.399994</ele>
				<time>2026-09-03T13:53:37Z</time>
			</trkpt>
			<trkpt lat="46.256258" lon="15.259466">
				<ele>246.399994</ele>
				<time>2026-09-03T13:53:38Z</time>
			</trkpt>
			<trkpt lat="46.256309" lon="15.259478">
				<ele>246.399994</ele>
				<time>2026-09-03T13:53:39Z</time>
			</trkpt>
			<trkpt lat="46.256364" lon="15.259488">
				<ele>246.600006</ele>
				<time>2026-09-03T13:53:40Z</time>
			</trkpt>
			<trkpt lat="46.256463" lon="15.259506">
				<ele>246.600006</ele>
				<time>2026-09-03T13:53:41Z</time>
			</trkpt>
			<trkpt lat="46.256515" lon="15.25952">
				<ele>246.600006</ele>
				<time>2026-09-03T13:53:42Z</time>
			</trkpt>
			<trkpt lat="46.256568" lon="15.259536">
				<ele>246.800003</ele>
				<time>2026-09-03T13:53:43Z</time>
			</trkpt>
			<trkpt lat="46.256622" lon="15.259544">
				<ele>246.800003</ele>
				<time>2026-09-03T13:53:44Z</time>
			</trkpt>
			<trkpt lat="46.256676" lon="15.259562">
				<ele>246.800003</ele>
				<time>2026-09-03T13:53:46Z</time>
			</trkpt>
			<trkpt lat="46.256729" lon="15.259578">
				<ele>246.800003</ele>
				<time>2026-09-03T13:53:47Z</time>
			</trkpt>
			<trkpt lat="46.256786" lon="15.259592">
				<ele>246.800003</ele>
				<time>2026-09-03T13:53:48Z</time>
			</trkpt>
			<trkpt lat="46.256832" lon="15.259614">
				<ele>246.800003</ele>
				<time>2026-09-03T13:53:49Z</time>
			</trkpt>
			<trkpt lat="46.256886" lon="15.259622">
				<ele>246.800003</ele>
				<time>2026-09-03T13:53:50Z</time>
			</trkpt>
			<trkpt lat="46.256939" lon="15.259648">
				<ele>246.800003</ele>
				<time>2026-09-03T13:53:51Z</time>
			</trkpt>
			<trkpt lat="46.256995" lon="15.25965">
				<ele>246.600006</ele>
				<time>2026-09-03T13:53:52Z</time>
			</trkpt>
			<trkpt lat="46.257054" lon="15.259678">
				<ele>246.600006</ele>
				<time>2026-09-03T13:53:53Z</time>
			</trkpt>
			<trkpt lat="46.257105" lon="15.25968">
				<ele>246.600006</ele>
				<time>2026-09-03T13:53:54Z</time>
			</trkpt>
			<trkpt lat="46.257162" lon="15.259694">
				<ele>246.600006</ele>
				<time>2026-09-03T13:53:55Z</time>
			</trkpt>
			<trkpt lat="46.257217" lon="15.259704">
				<ele>246.600006</ele>
				<time>2026-09-03T13:53:56Z</time>
			</trkpt>
			<trkpt lat="46.257275" lon="15.25971">
				<ele>246.600006</ele>
				<time>2026-09-03T13:53:57Z</time>
			</trkpt>
			<trkpt lat="46.257322" lon="15.259724">
				<ele>246.600006</ele>
				<time>2026-09-03T13:53:58Z</time>
			</trkpt>
			<trkpt lat="46.257373" lon="15.259746">
				<ele>246.600006</ele>
				<time>2026-09-03T13:53:59Z</time>
			</trkpt>
			<trkpt lat="46.257423" lon="15.259756">
				<ele>246.600006</ele>
				<time>2026-09-03T13:54:00Z</time>
			</trkpt>
			<trkpt lat="46.257472" lon="15.259764">
				<ele>246.600006</ele>
				<time>2026-09-03T13:54:01Z</time>
			</trkpt>
			<trkpt lat="46.257519" lon="15.259778">
				<ele>246.800003</ele>
				<time>2026-09-03T13:54:02Z</time>
			</trkpt>
			<trkpt lat="46.257566" lon="15.259782">
				<ele>246.800003</ele>
				<time>2026-09-03T13:54:03Z</time>
			</trkpt>
			<trkpt lat="46.257611" lon="15.259782">
				<ele>246.800003</ele>
				<time>2026-09-03T13:54:04Z</time>
			</trkpt>
			<trkpt lat="46.257655" lon="15.2598">
				<ele>246.800003</ele>
				<time>2026-09-03T13:54:05Z</time>
			</trkpt>
			<trkpt lat="46.257698" lon="15.259816">
				<ele>247</ele>
				<time>2026-09-03T13:54:06Z</time>
			</trkpt>
			<trkpt lat="46.257789" lon="15.259848">
				<ele>247</ele>
				<time>2026-09-03T13:54:07Z</time>
			</trkpt>
			<trkpt lat="46.257844" lon="15.259858">
				<ele>247</ele>
				<time>2026-09-03T13:54:08Z</time>
			</trkpt>
			<trkpt lat="46.257889" lon="15.259868">
				<ele>247</ele>
				<time>2026-09-03T13:54:09Z</time>
			</trkpt>
			<trkpt lat="46.257939" lon="15.259878">
				<ele>247</ele>
				<time>2026-09-03T13:54:10Z</time>
			</trkpt>
			<trkpt lat="46.257988" lon="15.259886">
				<ele>247</ele>
				<time>2026-09-03T13:54:11Z</time>
			</trkpt>
			<trkpt lat="46.258037" lon="15.259904">
				<ele>247</ele>
				<time>2026-09-03T13:54:12Z</time>
			</trkpt>
			<trkpt lat="46.258087" lon="15.259914">
				<ele>247</ele>
				<time>2026-09-03T13:54:13Z</time>
			</trkpt>
			<trkpt lat="46.258139" lon="15.259928">
				<ele>247</ele>
				<time>2026-09-03T13:54:14Z</time>
			</trkpt>
			<trkpt lat="46.258192" lon="15.259934">
				<ele>247</ele>
				<time>2026-09-03T13:54:15Z</time>
			</trkpt>
			<trkpt lat="46.258243" lon="15.259946">
				<ele>247</ele>
				<time>2026-09-03T13:54:16Z</time>
			</trkpt>
			<trkpt lat="46.258292" lon="15.259954">
				<ele>247</ele>
				<time>2026-09-03T13:54:17Z</time>
			</trkpt>
			<trkpt lat="46.258344" lon="15.259978">
				<ele>247</ele>
				<time>2026-09-03T13:54:18Z</time>
			</trkpt>
			<trkpt lat="46.258444" lon="15.259998">
				<ele>247</ele>
				<time>2026-09-03T13:54:19Z</time>
			</trkpt>
			<trkpt lat="46.258494" lon="15.260018">
				<ele>247</ele>
				<time>2026-09-03T13:54:20Z</time>
			</trkpt>
			<trkpt lat="46.258545" lon="15.26002">
				<ele>247</ele>
				<time>2026-09-03T13:54:21Z</time>
			</trkpt>
			<trkpt lat="46.258598" lon="15.260036">
				<ele>247</ele>
				<time>2026-09-03T13:54:22Z</time>
			</trkpt>
			<trkpt lat="46.258651" lon="15.260052">
				<ele>247</ele>
				<time>2026-09-03T13:54:23Z</time>
			</trkpt>
			<trkpt lat="46.258702" lon="15.260064">
				<ele>247.199997</ele>
				<time>2026-09-03T13:54:24Z</time>
			</trkpt>
			<trkpt lat="46.258755" lon="15.26007">
				<ele>247.199997</ele>
				<time>2026-09-03T13:54:26Z</time>
			</trkpt>
			<trkpt lat="46.258808" lon="15.260086">
				<ele>247.199997</ele>
				<time>2026-09-03T13:54:27Z</time>
			</trkpt>
			<trkpt lat="46.258859" lon="15.260108">
				<ele>247.199997</ele>
				<time>2026-09-03T13:54:28Z</time>
			</trkpt>
			<trkpt lat="46.258912" lon="15.260114">
				<ele>247.199997</ele>
				<time>2026-09-03T13:54:29Z</time>
			</trkpt>
			<trkpt lat="46.258963" lon="15.260116">
				<ele>247.199997</ele>
				<time>2026-09-03T13:54:30Z</time>
			</trkpt>
			<trkpt lat="46.259013" lon="15.260126">
				<ele>247.199997</ele>
				<time>2026-09-03T13:54:31Z</time>
			</trkpt>
			<trkpt lat="46.259119" lon="15.260138">
				<ele>247.399994</ele>
				<time>2026-09-03T13:54:32Z</time>
			</trkpt>
			<trkpt lat="46.259172" lon="15.260134">
				<ele>247.399994</ele>
				<time>2026-09-03T13:54:33Z</time>
			</trkpt>
			<trkpt lat="46.259225" lon="15.26013">
				<ele>247.399994</ele>
				<time>2026-09-03T13:54:34Z</time>
			</trkpt>
			<trkpt lat="46.259277" lon="15.260134">
				<ele>247.399994</ele>
				<time>2026-09-03T13:54:35Z</time>
			</trkpt>
			<trkpt lat="46.259328" lon="15.260126">
				<ele>247.399994</ele>
				<time>2026-09-03T13:54:37Z</time>
			</trkpt>
			<trkpt lat="46.259378" lon="15.260116">
				<ele>247.600006</ele>
				<time>2026-09-03T13:54:38Z</time>
			</trkpt>
			<trkpt lat="46.259438" lon="15.260106">
				<ele>247.600006</ele>
				<time>2026-09-03T13:54:39Z</time>
			</trkpt>
			<trkpt lat="46.259484" lon="15.260088">
				<ele>247.600006</ele>
				<time>2026-09-03T13:54:40Z</time>
			</trkpt>
			<trkpt lat="46.259539" lon="15.260068">
				<ele>247.600006</ele>
				<time>2026-09-03T13:54:41Z</time>
			</trkpt>
			<trkpt lat="46.259593" lon="15.260046">
				<ele>247.600006</ele>
				<time>2026-09-03T13:54:42Z</time>
			</trkpt>
			<trkpt lat="46.259648" lon="15.260026">
				<ele>247.600006</ele>
				<time>2026-09-03T13:54:43Z</time>
			</trkpt>
			<trkpt lat="46.259704" lon="15.260008">
				<ele>247.800003</ele>
				<time>2026-09-03T13:54:44Z</time>
			</trkpt>
			<trkpt lat="46.259758" lon="15.259976">
				<ele>247.800003</ele>
				<time>2026-09-03T13:54:45Z</time>
			</trkpt>
			<trkpt lat="46.259812" lon="15.259954">
				<ele>247.800003</ele>
				<time>2026-09-03T13:54:46Z</time>
			</trkpt>
			<trkpt lat="46.259868" lon="15.259946">
				<ele>247.800003</ele>
				<time>2026-09-03T13:54:47Z</time>
			</trkpt>
			<trkpt lat="46.259925" lon="15.25992">
				<ele>247.800003</ele>
				<time>2026-09-03T13:54:48Z</time>
			</trkpt>
			<trkpt lat="46.259982" lon="15.259914">
				<ele>247.600006</ele>
				<time>2026-09-03T13:54:49Z</time>
			</trkpt>
			<trkpt lat="46.260046" lon="15.259892">
				<ele>247.600006</ele>
				<time>2026-09-03T13:54:51Z</time>
			</trkpt>
			<trkpt lat="46.260098" lon="15.259876">
				<ele>247.600006</ele>
				<time>2026-09-03T13:54:52Z</time>
			</trkpt>
			<trkpt lat="46.260156" lon="15.259862">
				<ele>247.600006</ele>
				<time>2026-09-03T13:54:53Z</time>
			</trkpt>
			<trkpt lat="46.260213" lon="15.259846">
				<ele>247.600006</ele>
				<time>2026-09-03T13:54:54Z</time>
			</trkpt>
			<trkpt lat="46.260276" lon="15.259822">
				<ele>247.600006</ele>
				<time>2026-09-03T13:54:55Z</time>
			</trkpt>
			<trkpt lat="46.260314" lon="15.259818">
				<ele>247.600006</ele>
				<time>2026-09-03T13:54:56Z</time>
			</trkpt>
			<trkpt lat="46.260383" lon="15.259806">
				<ele>247.600006</ele>
				<time>2026-09-03T13:54:57Z</time>
			</trkpt>
			<trkpt lat="46.260492" lon="15.259794">
				<ele>247.600006</ele>
				<time>2026-09-03T13:54:58Z</time>
			</trkpt>
			<trkpt lat="46.260546" lon="15.259792">
				<ele>247.600006</ele>
				<time>2026-09-03T13:54:59Z</time>
			</trkpt>
			<trkpt lat="46.260602" lon="15.259784">
				<ele>247.600006</ele>
				<time>2026-09-03T13:55:00Z</time>
			</trkpt>
			<trkpt lat="46.260669" lon="15.259788">
				<ele>247.600006</ele>
				<time>2026-09-03T13:55:02Z</time>
			</trkpt>
			<trkpt lat="46.260717" lon="15.259784">
				<ele>247.600006</ele>
				<time>2026-09-03T13:55:03Z</time>
			</trkpt>
			<trkpt lat="46.260773" lon="15.259786">
				<ele>247.600006</ele>
				<time>2026-09-03T13:55:04Z</time>
			</trkpt>
			<trkpt lat="46.260826" lon="15.259782">
				<ele>247.600006</ele>
				<time>2026-09-03T13:55:05Z</time>
			</trkpt>
			<trkpt lat="46.260878" lon="15.259786">
				<ele>247.600006</ele>
				<time>2026-09-03T13:55:06Z</time>
			</trkpt>
			<trkpt lat="46.260931" lon="15.259792">
				<ele>247.600006</ele>
				<time>2026-09-03T13:55:07Z</time>
			</trkpt>
			<trkpt lat="46.260984" lon="15.259798">
				<ele>247.600006</ele>
				<time>2026-09-03T13:55:08Z</time>
			</trkpt>
			<trkpt lat="46.261035" lon="15.25979">
				<ele>247.600006</ele>
				<time>2026-09-03T13:55:09Z</time>
			</trkpt>
			<trkpt lat="46.261138" lon="15.259796">
				<ele>247.600006</ele>
				<time>2026-09-03T13:55:11Z</time>
			</trkpt>
			<trkpt lat="46.261198" lon="15.259806">
				<ele>247.800003</ele>
				<time>2026-09-03T13:55:12Z</time>
			</trkpt>
			<trkpt lat="46.261239" lon="15.259808">
				<ele>247.800003</ele>
				<time>2026-09-03T13:55:13Z</time>
			</trkpt>
			<trkpt lat="46.261291" lon="15.259812">
				<ele>247.800003</ele>
				<time>2026-09-03T13:55:14Z</time>
			</trkpt>
			<trkpt lat="46.261345" lon="15.25982">
				<ele>247.800003</ele>
				<time>2026-09-03T13:55:15Z</time>
			</trkpt>
			<trkpt lat="46.261399" lon="15.259828">
				<ele>247.800003</ele>
				<time>2026-09-03T13:55:16Z</time>
			</trkpt>
			<trkpt lat="46.261453" lon="15.259826">
				<ele>247.800003</ele>
				<time>2026-09-03T13:55:17Z</time>
			</trkpt>
			<trkpt lat="46.261508" lon="15.259836">
				<ele>247.800003</ele>
				<time>2026-09-03T13:55:18Z</time>
			</trkpt>
			<trkpt lat="46.261562" lon="15.259844">
				<ele>247.800003</ele>
				<time>2026-09-03T13:55:19Z</time>
			</trkpt>
			<trkpt lat="46.261618" lon="15.259866">
				<ele>247.800003</ele>
				<time>2026-09-03T13:55:21Z</time>
			</trkpt>
			<trkpt lat="46.261675" lon="15.25988">
				<ele>247.800003</ele>
				<time>2026-09-03T13:55:22Z</time>
			</trkpt>
			<trkpt lat="46.261786" lon="15.259922">
				<ele>247.800003</ele>
				<time>2026-09-03T13:55:23Z</time>
			</trkpt>
			<trkpt lat="46.261841" lon="15.259942">
				<ele>247.800003</ele>
				<time>2026-09-03T13:55:24Z</time>
			</trkpt>
			<trkpt lat="46.261895" lon="15.25997">
				<ele>247.800003</ele>
				<time>2026-09-03T13:55:26Z</time>
			</trkpt>
			<trkpt lat="46.261949" lon="15.259998">
				<ele>247.800003</ele>
				<time>2026-09-03T13:55:27Z</time>
			</trkpt>
			<trkpt lat="46.262005" lon="15.26002">
				<ele>247.800003</ele>
				<time>2026-09-03T13:55:28Z</time>
			</trkpt>
			<trkpt lat="46.262069" lon="15.260048">
				<ele>248</ele>
				<time>2026-09-03T13:55:29Z</time>
			</trkpt>
			<trkpt lat="46.262115" lon="15.26006">
				<ele>248</ele>
				<time>2026-09-03T13:55:30Z</time>
			</trkpt>
			<trkpt lat="46.262175" lon="15.26009">
				<ele>248</ele>
				<time>2026-09-03T13:55:32Z</time>
			</trkpt>
			<trkpt lat="46.262224" lon="15.260118">
				<ele>248</ele>
				<time>2026-09-03T13:55:33Z</time>
			</trkpt>
			<trkpt lat="46.262273" lon="15.260146">
				<ele>248.199997</ele>
				<time>2026-09-03T13:55:34Z</time>
			</trkpt>
			<trkpt lat="46.262323" lon="15.260166">
				<ele>248.399994</ele>
				<time>2026-09-03T13:55:35Z</time>
			</trkpt>
			<trkpt lat="46.262417" lon="15.260204">
				<ele>248.600006</ele>
				<time>2026-09-03T13:55:36Z</time>
			</trkpt>
			<trkpt lat="46.262464" lon="15.260218">
				<ele>249</ele>
				<time>2026-09-03T13:55:37Z</time>
			</trkpt>
			<trkpt lat="46.262512" lon="15.260224">
				<ele>249.199997</ele>
				<time>2026-09-03T13:55:38Z</time>
			</trkpt>
			<trkpt lat="46.262559" lon="15.260228">
				<ele>249.399994</ele>
				<time>2026-09-03T13:55:39Z</time>
			</trkpt>
			<trkpt lat="46.262605" lon="15.26022">
				<ele>249.600006</ele>
				<time>2026-09-03T13:55:40Z</time>
			</trkpt>
			<trkpt lat="46.262647" lon="15.260224">
				<ele>249.800003</ele>
				<time>2026-09-03T13:55:41Z</time>
			</trkpt>
			<trkpt lat="46.262689" lon="15.260218">
				<ele>250</ele>
				<time>2026-09-03T13:55:42Z</time>
			</trkpt>
			<trkpt lat="46.262729" lon="15.260198">
				<ele>250.399994</ele>
				<time>2026-09-03T13:55:43Z</time>
			</trkpt>
			<trkpt lat="46.262769" lon="15.260188">
				<ele>250.600006</ele>
				<time>2026-09-03T13:55:44Z</time>
			</trkpt>
			<trkpt lat="46.262805" lon="15.26016">
				<ele>251</ele>
				<time>2026-09-03T13:55:45Z</time>
			</trkpt>
			<trkpt lat="46.262839" lon="15.260148">
				<ele>251.199997</ele>
				<time>2026-09-03T13:55:46Z</time>
			</trkpt>
			<trkpt lat="46.262869" lon="15.260128">
				<ele>251.399994</ele>
				<time>2026-09-03T13:55:47Z</time>
			</trkpt>
			<trkpt lat="46.262934" lon="15.260078">
				<ele>251.800003</ele>
				<time>2026-09-03T13:55:48Z</time>
			</trkpt>
			<trkpt lat="46.262967" lon="15.260054">
				<ele>252</ele>
				<time>2026-09-03T13:55:49Z</time>
			</trkpt>
			<trkpt lat="46.263001" lon="15.260032">
				<ele>252.199997</ele>
				<time>2026-09-03T13:55:50Z</time>
			</trkpt>
			<trkpt lat="46.263036" lon="15.260012">
				<ele>252.199997</ele>
				<time>2026-09-03T13:55:52Z</time>
			</trkpt>
			<trkpt lat="46.263072" lon="15.259994">
				<ele>252.199997</ele>
				<time>2026-09-03T13:55:53Z</time>
			</trkpt>
			<trkpt lat="46.263108" lon="15.259986">
				<ele>252.399994</ele>
				<time>2026-09-03T13:55:54Z</time>
			</trkpt>
			<trkpt lat="46.263145" lon="15.25996">
				<ele>252.399994</ele>
				<time>2026-09-03T13:55:55Z</time>
			</trkpt>
			<trkpt lat="46.263188" lon="15.259956">
				<ele>252.399994</ele>
				<time>2026-09-03T13:55:56Z</time>
			</trkpt>
			<trkpt lat="46.263225" lon="15.25995">
				<ele>252.600006</ele>
				<time>2026-09-03T13:55:57Z</time>
			</trkpt>
			<trkpt lat="46.263259" lon="15.259948">
				<ele>252.600006</ele>
				<time>2026-09-03T13:55:58Z</time>
			</trkpt>
			<trkpt lat="46.263298" lon="15.259946">
				<ele>252.600006</ele>
				<time>2026-09-03T13:55:59Z</time>
			</trkpt>
			<trkpt lat="46.263338" lon="15.259936">
				<ele>252.600006</ele>
				<time>2026-09-03T13:56:00Z</time>
			</trkpt>
			<trkpt lat="46.263412" lon="15.259934">
				<ele>252.800003</ele>
				<time>2026-09-03T13:56:01Z</time>
			</trkpt>
			<trkpt lat="46.263449" lon="15.259938">
				<ele>252.800003</ele>
				<time>2026-09-03T13:56:02Z</time>
			</trkpt>
			<trkpt lat="46.263487" lon="15.259944">
				<ele>252.800003</ele>
				<time>2026-09-03T13:56:03Z</time>
			</trkpt>
			<trkpt lat="46.263525" lon="15.25994">
				<ele>252.800003</ele>
				<time>2026-09-03T13:56:04Z</time>
			</trkpt>
			<trkpt lat="46.263564" lon="15.259948">
				<ele>253</ele>
				<time>2026-09-03T13:56:05Z</time>
			</trkpt>
			<trkpt lat="46.263604" lon="15.259958">
				<ele>253</ele>
				<time>2026-09-03T13:56:06Z</time>
			</trkpt>
			<trkpt lat="46.263643" lon="15.259956">
				<ele>253</ele>
				<time>2026-09-03T13:56:07Z</time>
			</trkpt>
			<trkpt lat="46.263682" lon="15.259954">
				<ele>253</ele>
				<time>2026-09-03T13:56:08Z</time>
			</trkpt>
			<trkpt lat="46.263722" lon="15.259964">
				<ele>253</ele>
				<time>2026-09-03T13:56:09Z</time>
			</trkpt>
			<trkpt lat="46.263761" lon="15.259972">
				<ele>253</ele>
				<time>2026-09-03T13:56:10Z</time>
			</trkpt>
			<trkpt lat="46.263804" lon="15.259978">
				<ele>253.199997</ele>
				<time>2026-09-03T13:56:11Z</time>
			</trkpt>
			<trkpt lat="46.263848" lon="15.259976">
				<ele>253.199997</ele>
				<time>2026-09-03T13:56:12Z</time>
			</trkpt>
			<trkpt lat="46.263891" lon="15.259972">
				<ele>253.399994</ele>
				<time>2026-09-03T13:56:13Z</time>
			</trkpt>
			<trkpt lat="46.263973" lon="15.259986">
				<ele>253.600006</ele>
				<time>2026-09-03T13:56:14Z</time>
			</trkpt>
			<trkpt lat="46.264012" lon="15.259994">
				<ele>253.600006</ele>
				<time>2026-09-03T13:56:15Z</time>
			</trkpt>
			<trkpt lat="46.264054" lon="15.260008">
				<ele>253.800003</ele>
				<time>2026-09-03T13:56:16Z</time>
			</trkpt>
			<trkpt lat="46.264094" lon="15.260008">
				<ele>253.800003</ele>
				<time>2026-09-03T13:56:17Z</time>
			</trkpt>
			<trkpt lat="46.264136" lon="15.260002">
				<ele>254</ele>
				<time>2026-09-03T13:56:18Z</time>
			</trkpt>
			<trkpt lat="46.264179" lon="15.260018">
				<ele>254</ele>
				<time>2026-09-03T13:56:19Z</time>
			</trkpt>
			<trkpt lat="46.264223" lon="15.260016">
				<ele>254.199997</ele>
				<time>2026-09-03T13:56:20Z</time>
			</trkpt>
			<trkpt lat="46.264268" lon="15.260016">
				<ele>254.199997</ele>
				<time>2026-09-03T13:56:21Z</time>
			</trkpt>
			<trkpt lat="46.264311" lon="15.260022">
				<ele>254.199997</ele>
				<time>2026-09-03T13:56:22Z</time>
			</trkpt>
			<trkpt lat="46.264347" lon="15.260024">
				<ele>254.399994</ele>
				<time>2026-09-03T13:56:23Z</time>
			</trkpt>
			<trkpt lat="46.264402" lon="15.260034">
				<ele>254.399994</ele>
				<time>2026-09-03T13:56:24Z</time>
			</trkpt>
			<trkpt lat="46.264446" lon="15.260042">
				<ele>254.600006</ele>
				<time>2026-09-03T13:56:25Z</time>
			</trkpt>
			<trkpt lat="46.264489" lon="15.260048">
				<ele>254.600006</ele>
				<time>2026-09-03T13:56:26Z</time>
			</trkpt>
			<trkpt lat="46.264575" lon="15.26004">
				<ele>254.800003</ele>
				<time>2026-09-03T13:56:27Z</time>
			</trkpt>
			<trkpt lat="46.264616" lon="15.260042">
				<ele>255</ele>
				<time>2026-09-03T13:56:28Z</time>
			</trkpt>
			<trkpt lat="46.264657" lon="15.260044">
				<ele>255</ele>
				<time>2026-09-03T13:56:29Z</time>
			</trkpt>
			<trkpt lat="46.264702" lon="15.260044">
				<ele>255.199997</ele>
				<time>2026-09-03T13:56:30Z</time>
			</trkpt>
			<trkpt lat="46.264741" lon="15.260032">
				<ele>255.399994</ele>
				<time>2026-09-03T13:56:31Z</time>
			</trkpt>
			<trkpt lat="46.264782" lon="15.260034">
				<ele>255.600006</ele>
				<time>2026-09-03T13:56:32Z</time>
			</trkpt>
			<trkpt lat="46.264823" lon="15.260016">
				<ele>255.600006</ele>
				<time>2026-09-03T13:56:33Z</time>
			</trkpt>
			<trkpt lat="46.264864" lon="15.260008">
				<ele>255.800003</ele>
				<time>2026-09-03T13:56:34Z</time>
			</trkpt>
			<trkpt lat="46.264903" lon="15.259996">
				<ele>255.800003</ele>
				<time>2026-09-03T13:56:35Z</time>
			</trkpt>
			<trkpt lat="46.264944" lon="15.259978">
				<ele>256</ele>
				<time>2026-09-03T13:56:36Z</time>
			</trkpt>
			<trkpt lat="46.264984" lon="15.259958">
				<ele>256.200012</ele>
				<time>2026-09-03T13:56:37Z</time>
			</trkpt>
			<trkpt lat="46.265023" lon="15.259936">
				<ele>256.200012</ele>
				<time>2026-09-03T13:56:38Z</time>
			</trkpt>
			<trkpt lat="46.265103" lon="15.259906">
				<ele>256.600006</ele>
				<time>2026-09-03T13:56:39Z</time>
			</trkpt>
			<trkpt lat="46.265138" lon="15.259896">
				<ele>256.600006</ele>
				<time>2026-09-03T13:56:40Z</time>
			</trkpt>
			<trkpt lat="46.265197" lon="15.259884">
				<ele>256.799988</ele>
				<time>2026-09-03T13:56:41Z</time>
			</trkpt>
			<trkpt lat="46.265235" lon="15.25987">
				<ele>257</ele>
				<time>2026-09-03T13:56:42Z</time>
			</trkpt>
			<trkpt lat="46.265277" lon="15.259854">
				<ele>257.200012</ele>
				<time>2026-09-03T13:56:43Z</time>
			</trkpt>
			<trkpt lat="46.265318" lon="15.259846">
				<ele>257.399994</ele>
				<time>2026-09-03T13:56:44Z</time>
			</trkpt>
			<trkpt lat="46.265368" lon="15.259836">
				<ele>257.399994</ele>
				<time>2026-09-03T13:56:45Z</time>
			</trkpt>
			<trkpt lat="46.265403" lon="15.259836">
				<ele>257.600006</ele>
				<time>2026-09-03T13:56:46Z</time>
			</trkpt>
			<trkpt lat="46.265451" lon="15.259832">
				<ele>257.799988</ele>
				<time>2026-09-03T13:56:47Z</time>
			</trkpt>
			<trkpt lat="46.265497" lon="15.259834">
				<ele>258</ele>
				<time>2026-09-03T13:56:48Z</time>
			</trkpt>
			<trkpt lat="46.265542" lon="15.259834">
				<ele>258</ele>
				<time>2026-09-03T13:56:49Z</time>
			</trkpt>
			<trkpt lat="46.265582" lon="15.259834">
				<ele>258.200012</ele>
				<time>2026-09-03T13:56:50Z</time>
			</trkpt>
			<trkpt lat="46.265625" lon="15.25984">
				<ele>258.200012</ele>
				<time>2026-09-03T13:56:51Z</time>
			</trkpt>
			<trkpt lat="46.265709" lon="15.259858">
				<ele>258.399994</ele>
				<time>2026-09-03T13:56:52Z</time>
			</trkpt>
			<trkpt lat="46.265753" lon="15.259856">
				<ele>258.600006</ele>
				<time>2026-09-03T13:56:53Z</time>
			</trkpt>
			<trkpt lat="46.265793" lon="15.259856">
				<ele>258.600006</ele>
				<time>2026-09-03T13:56:54Z</time>
			</trkpt>
			<trkpt lat="46.265836" lon="15.259852">
				<ele>258.799988</ele>
				<time>2026-09-03T13:56:55Z</time>
			</trkpt>
			<trkpt lat="46.265878" lon="15.259866">
				<ele>258.799988</ele>
				<time>2026-09-03T13:56:56Z</time>
			</trkpt>
			<trkpt lat="46.265918" lon="15.259866">
				<ele>259</ele>
				<time>2026-09-03T13:56:57Z</time>
			</trkpt>
			<trkpt lat="46.265964" lon="15.259868">
				<ele>259</ele>
				<time>2026-09-03T13:56:58Z</time>
			</trkpt>
			<trkpt lat="46.266009" lon="15.259878">
				<ele>259.200012</ele>
				<time>2026-09-03T13:56:59Z</time>
			</trkpt>
			<trkpt lat="46.266049" lon="15.259898">
				<ele>259.200012</ele>
				<time>2026-09-03T13:57:00Z</time>
			</trkpt>
			<trkpt lat="46.266089" lon="15.259918">
				<ele>259.399994</ele>
				<time>2026-09-03T13:57:01Z</time>
			</trkpt>
			<trkpt lat="46.266128" lon="15.259926">
				<ele>259.399994</ele>
				<time>2026-09-03T13:57:02Z</time>
			</trkpt>
			<trkpt lat="46.266166" lon="15.259942">
				<ele>259.600006</ele>
				<time>2026-09-03T13:57:03Z</time>
			</trkpt>
			<trkpt lat="46.266205" lon="15.25996">
				<ele>259.799988</ele>
				<time>2026-09-03T13:57:04Z</time>
			</trkpt>
			<trkpt lat="46.266274" lon="15.260018">
				<ele>260</ele>
				<time>2026-09-03T13:57:05Z</time>
			</trkpt>
			<trkpt lat="46.266315" lon="15.26002">
				<ele>260</ele>
				<time>2026-09-03T13:57:06Z</time>
			</trkpt>
			<trkpt lat="46.266359" lon="15.260048">
				<ele>260.200012</ele>
				<time>2026-09-03T13:57:07Z</time>
			</trkpt>
			<trkpt lat="46.266406" lon="15.260062">
				<ele>260.399994</ele>
				<time>2026-09-03T13:57:08Z</time>
			</trkpt>
			<trkpt lat="46.266446" lon="15.260092">
				<ele>260.399994</ele>
				<time>2026-09-03T13:57:09Z</time>
			</trkpt>
			<trkpt lat="46.266482" lon="15.260114">
				<ele>260.600006</ele>
				<time>2026-09-03T13:57:10Z</time>
			</trkpt>
			<trkpt lat="46.266524" lon="15.260138">
				<ele>260.600006</ele>
				<time>2026-09-03T13:57:11Z</time>
			</trkpt>
			<trkpt lat="46.266563" lon="15.260156">
				<ele>260.600006</ele>
				<time>2026-09-03T13:57:12Z</time>
			</trkpt>
			<trkpt lat="46.266601" lon="15.260172">
				<ele>260.799988</ele>
				<time>2026-09-03T13:57:13Z</time>
			</trkpt>
			<trkpt lat="46.266643" lon="15.260196">
				<ele>260.799988</ele>
				<time>2026-09-03T13:57:14Z</time>
			</trkpt>
			<trkpt lat="46.266685" lon="15.26021">
				<ele>261</ele>
				<time>2026-09-03T13:57:15Z</time>
			</trkpt>
			<trkpt lat="46.266727" lon="15.260224">
				<ele>261</ele>
				<time>2026-09-03T13:57:16Z</time>
			</trkpt>
			<trkpt lat="46.266815" lon="15.26026">
				<ele>261.200012</ele>
				<time>2026-09-03T13:57:17Z</time>
			</trkpt>
			<trkpt lat="46.266863" lon="15.260286">
				<ele>261.200012</ele>
				<time>2026-09-03T13:57:18Z</time>
			</trkpt>
			<trkpt lat="46.266911" lon="15.260292">
				<ele>261.399994</ele>
				<time>2026-09-03T13:57:19Z</time>
			</trkpt>
			<trkpt lat="46.266957" lon="15.260304">
				<ele>261.399994</ele>
				<time>2026-09-03T13:57:20Z</time>
			</trkpt>
			<trkpt lat="46.267009" lon="15.260308">
				<ele>261.600006</ele>
				<time>2026-09-03T13:57:21Z</time>
			</trkpt>
			<trkpt lat="46.267049" lon="15.260288">
				<ele>261.600006</ele>
				<time>2026-09-03T13:57:22Z</time>
			</trkpt>
			<trkpt lat="46.267097" lon="15.260244">
				<ele>261.600006</ele>
				<time>2026-09-03T13:57:24Z</time>
			</trkpt>
			<trkpt lat="46.267124" lon="15.260198">
				<ele>261.799988</ele>
				<time>2026-09-03T13:57:25Z</time>
			</trkpt>
			<trkpt lat="46.267154" lon="15.260118">
				<ele>262</ele>
				<time>2026-09-03T13:57:26Z</time>
			</trkpt>
			<trkpt lat="46.267172" lon="15.260044">
				<ele>262</ele>
				<time>2026-09-03T13:57:27Z</time>
			</trkpt>
			<trkpt lat="46.267189" lon="15.259968">
				<ele>261.799988</ele>
				<time>2026-09-03T13:57:28Z</time>
			</trkpt>
			<trkpt lat="46.267205" lon="15.25987">
				<ele>261.600006</ele>
				<time>2026-09-03T13:57:29Z</time>
			</trkpt>
			<trkpt lat="46.267217" lon="15.259774">
				<ele>261.200012</ele>
				<time>2026-09-03T13:57:30Z</time>
			</trkpt>
			<trkpt lat="46.267231" lon="15.259692">
				<ele>260.799988</ele>
				<time>2026-09-03T13:57:31Z</time>
			</trkpt>
			<trkpt lat="46.267253" lon="15.259556">
				<ele>259.799988</ele>
				<time>2026-09-03T13:57:32Z</time>
			</trkpt>
			<trkpt lat="46.267265" lon="15.25944">
				<ele>259.200012</ele>
				<time>2026-09-03T13:57:33Z</time>
			</trkpt>
			<trkpt lat="46.267278" lon="15.259336">
				<ele>258.600006</ele>
				<time>2026-09-03T13:57:34Z</time>
			</trkpt>
			<trkpt lat="46.267291" lon="15.259232">
				<ele>257.799988</ele>
				<time>2026-09-03T13:57:35Z</time>
			</trkpt>
			<trkpt lat="46.267305" lon="15.25913">
				<ele>257.399994</ele>
				<time>2026-09-03T13:57:36Z</time>
			</trkpt>
			<trkpt lat="46.267327" lon="15.259064">
				<ele>256.799988</ele>
				<time>2026-09-03T13:57:37Z</time>
			</trkpt>
			<trkpt lat="46.267338" lon="15.258966">
				<ele>256.600006</ele>
				<time>2026-09-03T13:57:38Z</time>
			</trkpt>
			<trkpt lat="46.267356" lon="15.258892">
				<ele>256.200012</ele>
				<time>2026-09-03T13:57:39Z</time>
			</trkpt>
			<trkpt lat="46.267377" lon="15.258844">
				<ele>256.200012</ele>
				<time>2026-09-03T13:57:40Z</time>
			</trkpt>
			<trkpt lat="46.267397" lon="15.258814">
				<ele>256</ele>
				<time>2026-09-03T13:57:41Z</time>
			</trkpt>
			<trkpt lat="46.267418" lon="15.258786">
				<ele>255.800003</ele>
				<time>2026-09-03T13:57:42Z</time>
			</trkpt>
			<trkpt lat="46.267443" lon="15.258686">
				<ele>255.399994</ele>
				<time>2026-09-03T13:57:43Z</time>
			</trkpt>
			<trkpt lat="46.267447" lon="15.258624">
				<ele>255.399994</ele>
				<time>2026-09-03T13:57:44Z</time>
			</trkpt>
			<trkpt lat="46.267444" lon="15.258568">
				<ele>255.199997</ele>
				<time>2026-09-03T13:57:45Z</time>
			</trkpt>
			<trkpt lat="46.267438" lon="15.258506">
				<ele>255.199997</ele>
				<time>2026-09-03T13:57:46Z</time>
			</trkpt>
			<trkpt lat="46.267415" lon="15.25843">
				<ele>255.199997</ele>
				<time>2026-09-03T13:57:47Z</time>
			</trkpt>
			<trkpt lat="46.267405" lon="15.25837">
				<ele>255.199997</ele>
				<time>2026-09-03T13:57:48Z</time>
			</trkpt>
			<trkpt lat="46.267401" lon="15.258312">
				<ele>255.199997</ele>
				<time>2026-09-03T13:57:49Z</time>
			</trkpt>
			<trkpt lat="46.267402" lon="15.258254">
				<ele>255.399994</ele>
				<time>2026-09-03T13:57:50Z</time>
			</trkpt>
			<trkpt lat="46.267405" lon="15.25819">
				<ele>255.199997</ele>
				<time>2026-09-03T13:57:51Z</time>
			</trkpt>
			<trkpt lat="46.267411" lon="15.258122">
				<ele>255.199997</ele>
				<time>2026-09-03T13:57:52Z</time>
			</trkpt>
			<trkpt lat="46.267416" lon="15.258062">
				<ele>255</ele>
				<time>2026-09-03T13:57:53Z</time>
			</trkpt>
			<trkpt lat="46.267419" lon="15.258008">
				<ele>254.800003</ele>
				<time>2026-09-03T13:57:54Z</time>
			</trkpt>
			<trkpt lat="46.267414" lon="15.257898">
				<ele>254.399994</ele>
				<time>2026-09-03T13:57:55Z</time>
			</trkpt>
			<trkpt lat="46.267413" lon="15.257826">
				<ele>254.199997</ele>
				<time>2026-09-03T13:57:56Z</time>
			</trkpt>
			<trkpt lat="46.267402" lon="15.257754">
				<ele>254</ele>
				<time>2026-09-03T13:57:57Z</time>
			</trkpt>
			<trkpt lat="46.267375" lon="15.25767">
				<ele>253.600006</ele>
				<time>2026-09-03T13:57:58Z</time>
			</trkpt>
			<trkpt lat="46.267332" lon="15.257594">
				<ele>253.399994</ele>
				<time>2026-09-03T13:57:59Z</time>
			</trkpt>
			<trkpt lat="46.267293" lon="15.257526">
				<ele>253.199997</ele>
				<time>2026-09-03T13:58:00Z</time>
			</trkpt>
			<trkpt lat="46.267247" lon="15.257454">
				<ele>253</ele>
				<time>2026-09-03T13:58:01Z</time>
			</trkpt>
			<trkpt lat="46.267199" lon="15.257388">
				<ele>253</ele>
				<time>2026-09-03T13:58:02Z</time>
			</trkpt>
			<trkpt lat="46.267138" lon="15.257336">
				<ele>253</ele>
				<time>2026-09-03T13:58:03Z</time>
			</trkpt>
			<trkpt lat="46.267078" lon="15.257296">
				<ele>253</ele>
				<time>2026-09-03T13:58:04Z</time>
			</trkpt>
			<trkpt lat="46.267018" lon="15.257256">
				<ele>253.199997</ele>
				<time>2026-09-03T13:58:05Z</time>
			</trkpt>
			<trkpt lat="46.266963" lon="15.257226">
				<ele>253.399994</ele>
				<time>2026-09-03T13:58:06Z</time>
			</trkpt>
			<trkpt lat="46.266918" lon="15.257216">
				<ele>253.399994</ele>
				<time>2026-09-03T13:58:07Z</time>
			</trkpt>
			<trkpt lat="46.266817" lon="15.257184">
				<ele>253.800003</ele>
				<time>2026-09-03T13:58:08Z</time>
			</trkpt>
			<trkpt lat="46.266765" lon="15.25716">
				<ele>253.800003</ele>
				<time>2026-09-03T13:58:09Z</time>
			</trkpt>
			<trkpt lat="46.266713" lon="15.257146">
				<ele>253.800003</ele>
				<time>2026-09-03T13:58:10Z</time>
			</trkpt>
			<trkpt lat="46.266666" lon="15.257112">
				<ele>254</ele>
				<time>2026-09-03T13:58:11Z</time>
			</trkpt>
			<trkpt lat="46.266612" lon="15.257074">
				<ele>254</ele>
				<time>2026-09-03T13:58:12Z</time>
			</trkpt>
			<trkpt lat="46.266565" lon="15.25703">
				<ele>253.800003</ele>
				<time>2026-09-03T13:58:14Z</time>
			</trkpt>
			<trkpt lat="46.266518" lon="15.256946">
				<ele>253.600006</ele>
				<time>2026-09-03T13:58:15Z</time>
			</trkpt>
			<trkpt lat="46.266469" lon="15.256868">
				<ele>253.600006</ele>
				<time>2026-09-03T13:58:16Z</time>
			</trkpt>
			<trkpt lat="46.266438" lon="15.256776">
				<ele>253.199997</ele>
				<time>2026-09-03T13:58:18Z</time>
			</trkpt>
			<trkpt lat="46.266432" lon="15.256684">
				<ele>253</ele>
				<time>2026-09-03T13:58:19Z</time>
			</trkpt>
			<trkpt lat="46.266426" lon="15.256592">
				<ele>252.800003</ele>
				<time>2026-09-03T13:58:20Z</time>
			</trkpt>
			<trkpt lat="46.266445" lon="15.25642">
				<ele>252.399994</ele>
				<time>2026-09-03T13:58:21Z</time>
			</trkpt>
			<trkpt lat="46.266444" lon="15.256318">
				<ele>252.199997</ele>
				<time>2026-09-03T13:58:22Z</time>
			</trkpt>
			<trkpt lat="46.266428" lon="15.256246">
				<ele>252.199997</ele>
				<time>2026-09-03T13:58:23Z</time>
			</trkpt>
			<trkpt lat="46.266396" lon="15.256182">
				<ele>252.199997</ele>
				<time>2026-09-03T13:58:24Z</time>
			</trkpt>
			<trkpt lat="46.266352" lon="15.256134">
				<ele>252.199997</ele>
				<time>2026-09-03T13:58:25Z</time>
			</trkpt>
			<trkpt lat="46.266304" lon="15.256128">
				<ele>252</ele>
				<time>2026-09-03T13:58:26Z</time>
			</trkpt>
			<trkpt lat="46.266253" lon="15.256116">
				<ele>251.800003</ele>
				<time>2026-09-03T13:58:27Z</time>
			</trkpt>
			<trkpt lat="46.266206" lon="15.256092">
				<ele>251.800003</ele>
				<time>2026-09-03T13:58:28Z</time>
			</trkpt>
			<trkpt lat="46.266158" lon="15.256076">
				<ele>251.600006</ele>
				<time>2026-09-03T13:58:29Z</time>
			</trkpt>
			<trkpt lat="46.266107" lon="15.256054">
				<ele>251.600006</ele>
				<time>2026-09-03T13:58:30Z</time>
			</trkpt>
			<trkpt lat="46.266057" lon="15.256034">
				<ele>251.600006</ele>
				<time>2026-09-03T13:58:31Z</time>
			</trkpt>
			<trkpt lat="46.265992" lon="15.256004">
				<ele>251.800003</ele>
				<time>2026-09-03T13:58:32Z</time>
			</trkpt>
			<trkpt lat="46.265935" lon="15.25598">
				<ele>251.600006</ele>
				<time>2026-09-03T13:58:33Z</time>
			</trkpt>
			<trkpt lat="46.265832" lon="15.255944">
				<ele>251.600006</ele>
				<time>2026-09-03T13:58:34Z</time>
			</trkpt>
			<trkpt lat="46.265777" lon="15.255924">
				<ele>251.600006</ele>
				<time>2026-09-03T13:58:35Z</time>
			</trkpt>
			<trkpt lat="46.265723" lon="15.255906">
				<ele>251.600006</ele>
				<time>2026-09-03T13:58:36Z</time>
			</trkpt>
			<trkpt lat="46.265658" lon="15.255876">
				<ele>251.600006</ele>
				<time>2026-09-03T13:58:37Z</time>
			</trkpt>
			<trkpt lat="46.265604" lon="15.255858">
				<ele>251.600006</ele>
				<time>2026-09-03T13:58:38Z</time>
			</trkpt>
			<trkpt lat="46.265562" lon="15.255834">
				<ele>251.600006</ele>
				<time>2026-09-03T13:58:39Z</time>
			</trkpt>
			<trkpt lat="46.265493" lon="15.255836">
				<ele>251.600006</ele>
				<time>2026-09-03T13:58:40Z</time>
			</trkpt>
			<trkpt lat="46.265438" lon="15.255856">
				<ele>251.600006</ele>
				<time>2026-09-03T13:58:41Z</time>
			</trkpt>
			<trkpt lat="46.265386" lon="15.255872">
				<ele>251.600006</ele>
				<time>2026-09-03T13:58:42Z</time>
			</trkpt>
			<trkpt lat="46.265336" lon="15.255862">
				<ele>251.600006</ele>
				<time>2026-09-03T13:58:43Z</time>
			</trkpt>
			<trkpt lat="46.265277" lon="15.255844">
				<ele>251.600006</ele>
				<time>2026-09-03T13:58:45Z</time>
			</trkpt>
			<trkpt lat="46.265192" lon="15.255734">
				<ele>251.600006</ele>
				<time>2026-09-03T13:58:46Z</time>
			</trkpt>
			<trkpt lat="46.265155" lon="15.25566">
				<ele>251.600006</ele>
				<time>2026-09-03T13:58:47Z</time>
			</trkpt>
			<trkpt lat="46.265128" lon="15.255596">
				<ele>251.600006</ele>
				<time>2026-09-03T13:58:48Z</time>
			</trkpt>
			<trkpt lat="46.265088" lon="15.255536">
				<ele>251.600006</ele>
				<time>2026-09-03T13:58:50Z</time>
			</trkpt>
			<trkpt lat="46.265058" lon="15.255476">
				<ele>251.600006</ele>
				<time>2026-09-03T13:58:51Z</time>
			</trkpt>
			<trkpt lat="46.265032" lon="15.255404">
				<ele>251.600006</ele>
				<time>2026-09-03T13:58:52Z</time>
			</trkpt>
			<trkpt lat="46.265002" lon="15.255354">
				<ele>251.600006</ele>
				<time>2026-09-03T13:58:53Z</time>
			</trkpt>
			<trkpt lat="46.264961" lon="15.255322">
				<ele>251.600006</ele>
				<time>2026-09-03T13:58:54Z</time>
			</trkpt>
			<trkpt lat="46.264916" lon="15.255322">
				<ele>251.600006</ele>
				<time>2026-09-03T13:58:55Z</time>
			</trkpt>
			<trkpt lat="46.264874" lon="15.255348">
				<ele>251.399994</ele>
				<time>2026-09-03T13:58:56Z</time>
			</trkpt>
			<trkpt lat="46.264832" lon="15.255384">
				<ele>251.399994</ele>
				<time>2026-09-03T13:58:57Z</time>
			</trkpt>
			<trkpt lat="46.264804" lon="15.255458">
				<ele>251.399994</ele>
				<time>2026-09-03T13:58:58Z</time>
			</trkpt>
			<trkpt lat="46.264777" lon="15.255604">
				<ele>251.199997</ele>
				<time>2026-09-03T13:58:59Z</time>
			</trkpt>
			<trkpt lat="46.264762" lon="15.255684">
				<ele>251.199997</ele>
				<time>2026-09-03T13:59:00Z</time>
			</trkpt>
			<trkpt lat="46.264743" lon="15.255756">
				<ele>251</ele>
				<time>2026-09-03T13:59:01Z</time>
			</trkpt>
			<trkpt lat="46.264709" lon="15.255828">
				<ele>251</ele>
				<time>2026-09-03T13:59:02Z</time>
			</trkpt>
			<trkpt lat="46.264675" lon="15.25589">
				<ele>251</ele>
				<time>2026-09-03T13:59:03Z</time>
			</trkpt>
			<trkpt lat="46.264642" lon="15.255964">
				<ele>251</ele>
				<time>2026-09-03T13:59:04Z</time>
			</trkpt>
			<trkpt lat="46.264614" lon="15.256038">
				<ele>251</ele>
				<time>2026-09-03T13:59:05Z</time>
			</trkpt>
			<trkpt lat="46.264588" lon="15.256116">
				<ele>251</ele>
				<time>2026-09-03T13:59:06Z</time>
			</trkpt>
			<trkpt lat="46.264574" lon="15.256198">
				<ele>251</ele>
				<time>2026-09-03T13:59:07Z</time>
			</trkpt>
			<trkpt lat="46.264566" lon="15.256272">
				<ele>250.800003</ele>
				<time>2026-09-03T13:59:08Z</time>
			</trkpt>
			<trkpt lat="46.264556" lon="15.256362">
				<ele>250.800003</ele>
				<time>2026-09-03T13:59:09Z</time>
			</trkpt>
			<trkpt lat="46.264543" lon="15.256446">
				<ele>250.800003</ele>
				<time>2026-09-03T13:59:10Z</time>
			</trkpt>
			<trkpt lat="46.264528" lon="15.256526">
				<ele>250.800003</ele>
				<time>2026-09-03T13:59:11Z</time>
			</trkpt>
			<trkpt lat="46.264509" lon="15.256698">
				<ele>250.800003</ele>
				<time>2026-09-03T13:59:12Z</time>
			</trkpt>
			<trkpt lat="46.264502" lon="15.256774">
				<ele>251</ele>
				<time>2026-09-03T13:59:13Z</time>
			</trkpt>
			<trkpt lat="46.264488" lon="15.256866">
				<ele>251</ele>
				<time>2026-09-03T13:59:14Z</time>
			</trkpt>
			<trkpt lat="46.264474" lon="15.256948">
				<ele>251</ele>
				<time>2026-09-03T13:59:15Z</time>
			</trkpt>
			<trkpt lat="46.264453" lon="15.257016">
				<ele>250.800003</ele>
				<time>2026-09-03T13:59:16Z</time>
			</trkpt>
			<trkpt lat="46.264421" lon="15.257082">
				<ele>250.800003</ele>
				<time>2026-09-03T13:59:17Z</time>
			</trkpt>
			<trkpt lat="46.264381" lon="15.257122">
				<ele>250.800003</ele>
				<time>2026-09-03T13:59:18Z</time>
			</trkpt>
			<trkpt lat="46.264331" lon="15.257152">
				<ele>250.600006</ele>
				<time>2026-09-03T13:59:19Z</time>
			</trkpt>
			<trkpt lat="46.264278" lon="15.257186">
				<ele>250.600006</ele>
				<time>2026-09-03T13:59:20Z</time>
			</trkpt>
			<trkpt lat="46.264223" lon="15.257196">
				<ele>250.600006</ele>
				<time>2026-09-03T13:59:21Z</time>
			</trkpt>
			<trkpt lat="46.264165" lon="15.25721">
				<ele>250.399994</ele>
				<time>2026-09-03T13:59:22Z</time>
			</trkpt>
			<trkpt lat="46.264102" lon="15.257224">
				<ele>250.399994</ele>
				<time>2026-09-03T13:59:23Z</time>
			</trkpt>
			<trkpt lat="46.263983" lon="15.257236">
				<ele>250.199997</ele>
				<time>2026-09-03T13:59:24Z</time>
			</trkpt>
			<trkpt lat="46.263926" lon="15.257232">
				<ele>250.199997</ele>
				<time>2026-09-03T13:59:25Z</time>
			</trkpt>
			<trkpt lat="46.263868" lon="15.257236">
				<ele>250.199997</ele>
				<time>2026-09-03T13:59:26Z</time>
			</trkpt>
			<trkpt lat="46.263812" lon="15.257244">
				<ele>250.199997</ele>
				<time>2026-09-03T13:59:27Z</time>
			</trkpt>
			<trkpt lat="46.263755" lon="15.25724">
				<ele>250.199997</ele>
				<time>2026-09-03T13:59:28Z</time>
			</trkpt>
			<trkpt lat="46.263699" lon="15.257258">
				<ele>250.199997</ele>
				<time>2026-09-03T13:59:29Z</time>
			</trkpt>
			<trkpt lat="46.263645" lon="15.25725">
				<ele>250.199997</ele>
				<time>2026-09-03T13:59:30Z</time>
			</trkpt>
			<trkpt lat="46.263584" lon="15.257268">
				<ele>250.199997</ele>
				<time>2026-09-03T13:59:31Z</time>
			</trkpt>
			<trkpt lat="46.263524" lon="15.257268">
				<ele>250</ele>
				<time>2026-09-03T13:59:32Z</time>
			</trkpt>
			<trkpt lat="46.263466" lon="15.257262">
				<ele>250</ele>
				<time>2026-09-03T13:59:33Z</time>
			</trkpt>
			<trkpt lat="46.263409" lon="15.257268">
				<ele>250</ele>
				<time>2026-09-03T13:59:34Z</time>
			</trkpt>
			<trkpt lat="46.263353" lon="15.257266">
				<ele>250</ele>
				<time>2026-09-03T13:59:35Z</time>
			</trkpt>
			<trkpt lat="46.263295" lon="15.25726">
				<ele>250</ele>
				<time>2026-09-03T13:59:36Z</time>
			</trkpt>
			<trkpt lat="46.263191" lon="15.257212">
				<ele>250</ele>
				<time>2026-09-03T13:59:37Z</time>
			</trkpt>
			<trkpt lat="46.263143" lon="15.257186">
				<ele>250.199997</ele>
				<time>2026-09-03T13:59:38Z</time>
			</trkpt>
			<trkpt lat="46.263109" lon="15.257148">
				<ele>250.199997</ele>
				<time>2026-09-03T13:59:39Z</time>
			</trkpt>
			<trkpt lat="46.263056" lon="15.257132">
				<ele>250.199997</ele>
				<time>2026-09-03T13:59:40Z</time>
			</trkpt>
			<trkpt lat="46.263011" lon="15.257122">
				<ele>250.199997</ele>
				<time>2026-09-03T13:59:41Z</time>
			</trkpt>
			<trkpt lat="46.262967" lon="15.257154">
				<ele>250.199997</ele>
				<time>2026-09-03T13:59:42Z</time>
			</trkpt>
			<trkpt lat="46.262923" lon="15.257196">
				<ele>250.199997</ele>
				<time>2026-09-03T13:59:43Z</time>
			</trkpt>
			<trkpt lat="46.262874" lon="15.257238">
				<ele>250</ele>
				<time>2026-09-03T13:59:45Z</time>
			</trkpt>
			<trkpt lat="46.262824" lon="15.257278">
				<ele>250</ele>
				<time>2026-09-03T13:59:46Z</time>
			</trkpt>
			<trkpt lat="46.262772" lon="15.257314">
				<ele>250</ele>
				<time>2026-09-03T13:59:47Z</time>
			</trkpt>
			<trkpt lat="46.262717" lon="15.257354">
				<ele>249.800003</ele>
				<time>2026-09-03T13:59:48Z</time>
			</trkpt>
			<trkpt lat="46.262663" lon="15.257396">
				<ele>249.800003</ele>
				<time>2026-09-03T13:59:49Z</time>
			</trkpt>
			<trkpt lat="46.262557" lon="15.257464">
				<ele>249.800003</ele>
				<time>2026-09-03T13:59:50Z</time>
			</trkpt>
			<trkpt lat="46.262494" lon="15.257508">
				<ele>249.800003</ele>
				<time>2026-09-03T13:59:51Z</time>
			</trkpt>
			<trkpt lat="46.262439" lon="15.257548">
				<ele>249.800003</ele>
				<time>2026-09-03T13:59:52Z</time>
			</trkpt>
			<trkpt lat="46.262387" lon="15.257584">
				<ele>249.600006</ele>
				<time>2026-09-03T13:59:53Z</time>
			</trkpt>
			<trkpt lat="46.262338" lon="15.257636">
				<ele>249.600006</ele>
				<time>2026-09-03T13:59:54Z</time>
			</trkpt>
			<trkpt lat="46.262291" lon="15.257672">
				<ele>249.600006</ele>
				<time>2026-09-03T13:59:55Z</time>
			</trkpt>
			<trkpt lat="46.262248" lon="15.257736">
				<ele>249.600006</ele>
				<time>2026-09-03T13:59:56Z</time>
			</trkpt>
			<trkpt lat="46.262217" lon="15.257794">
				<ele>249.399994</ele>
				<time>2026-09-03T13:59:57Z</time>
			</trkpt>
			<trkpt lat="46.262191" lon="15.257872">
				<ele>249.399994</ele>
				<time>2026-09-03T13:59:58Z</time>
			</trkpt>
			<trkpt lat="46.262171" lon="15.257942">
				<ele>249.199997</ele>
				<time>2026-09-03T13:59:59Z</time>
			</trkpt>
			<trkpt lat="46.262157" lon="15.258034">
				<ele>249</ele>
				<time>2026-09-03T14:00:00Z</time>
			</trkpt>
			<trkpt lat="46.262143" lon="15.258116">
				<ele>249</ele>
				<time>2026-09-03T14:00:01Z</time>
			</trkpt>
			<trkpt lat="46.262117" lon="15.258274">
				<ele>248.800003</ele>
				<time>2026-09-03T14:00:02Z</time>
			</trkpt>
			<trkpt lat="46.262099" lon="15.258358">
				<ele>248.800003</ele>
				<time>2026-09-03T14:00:03Z</time>
			</trkpt>
			<trkpt lat="46.262076" lon="15.258432">
				<ele>248.800003</ele>
				<time>2026-09-03T14:00:04Z</time>
			</trkpt>
			<trkpt lat="46.262048" lon="15.258506">
				<ele>248.800003</ele>
				<time>2026-09-03T14:00:05Z</time>
			</trkpt>
			<trkpt lat="46.262012" lon="15.258564">
				<ele>248.800003</ele>
				<time>2026-09-03T14:00:06Z</time>
			</trkpt>
			<trkpt lat="46.261969" lon="15.258618">
				<ele>248.800003</ele>
				<time>2026-09-03T14:00:07Z</time>
			</trkpt>
			<trkpt lat="46.261921" lon="15.258652">
				<ele>249</ele>
				<time>2026-09-03T14:00:08Z</time>
			</trkpt>
			<trkpt lat="46.261878" lon="15.258696">
				<ele>249</ele>
				<time>2026-09-03T14:00:09Z</time>
			</trkpt>
			<trkpt lat="46.261818" lon="15.258736">
				<ele>249</ele>
				<time>2026-09-03T14:00:10Z</time>
			</trkpt>
			<trkpt lat="46.261767" lon="15.258774">
				<ele>249</ele>
				<time>2026-09-03T14:00:11Z</time>
			</trkpt>
			<trkpt lat="46.261717" lon="15.258814">
				<ele>249</ele>
				<time>2026-09-03T14:00:12Z</time>
			</trkpt>
			<trkpt lat="46.261669" lon="15.258858">
				<ele>249.199997</ele>
				<time>2026-09-03T14:00:14Z</time>
			</trkpt>
			<trkpt lat="46.261576" lon="15.258912">
				<ele>249.199997</ele>
				<time>2026-09-03T14:00:15Z</time>
			</trkpt>
			<trkpt lat="46.261535" lon="15.25893">
				<ele>249.399994</ele>
				<time>2026-09-03T14:00:16Z</time>
			</trkpt>
			<trkpt lat="46.261487" lon="15.258954">
				<ele>249.399994</ele>
				<time>2026-09-03T14:00:17Z</time>
			</trkpt>
			<trkpt lat="46.261443" lon="15.258976">
				<ele>249.399994</ele>
				<time>2026-09-03T14:00:18Z</time>
			</trkpt>
			<trkpt lat="46.261401" lon="15.258982">
				<ele>249.399994</ele>
				<time>2026-09-03T14:00:19Z</time>
			</trkpt>
			<trkpt lat="46.261365" lon="15.25899">
				<ele>249.399994</ele>
				<time>2026-09-03T14:00:20Z</time>
			</trkpt>
			<trkpt lat="46.261332" lon="15.259004">
				<ele>249.399994</ele>
				<time>2026-09-03T14:00:21Z</time>
			</trkpt>
			<trkpt lat="46.261303" lon="15.259026">
				<ele>249.399994</ele>
				<time>2026-09-03T14:00:22Z</time>
			</trkpt>
			<trkpt lat="46.261285" lon="15.25905">
				<ele>249.399994</ele>
				<time>2026-09-03T14:00:23Z</time>
			</trkpt>
			<trkpt lat="46.261272" lon="15.259084">
				<ele>249.600006</ele>
				<time>2026-09-03T14:00:24Z</time>
			</trkpt>
			<trkpt lat="46.261261" lon="15.259112">
				<ele>249.600006</ele>
				<time>2026-09-03T14:00:25Z</time>
			</trkpt>
			<trkpt lat="46.261258" lon="15.259136">
				<ele>249.600006</ele>
				<time>2026-09-03T14:00:26Z</time>
			</trkpt>
			<trkpt lat="46.261235" lon="15.25914">
				<ele>249.800003</ele>
				<time>2026-09-03T14:00:27Z</time>
			</trkpt>
			<trkpt lat="46.261203" lon="15.259096">
				<ele>249.800003</ele>
				<time>2026-09-03T14:00:28Z</time>
			</trkpt>
			<trkpt lat="46.261194" lon="15.259048">
				<ele>249.800003</ele>
				<time>2026-09-03T14:00:29Z</time>
			</trkpt>
			<trkpt lat="46.261184" lon="15.259008">
				<ele>249.800003</ele>
				<time>2026-09-03T14:00:30Z</time>
			</trkpt>
			<trkpt lat="46.261171" lon="15.258952">
				<ele>249.800003</ele>
				<time>2026-09-03T14:00:31Z</time>
			</trkpt>
			<trkpt lat="46.261154" lon="15.258908">
				<ele>249.800003</ele>
				<time>2026-09-03T14:00:32Z</time>
			</trkpt>
			<trkpt lat="46.261141" lon="15.258852">
				<ele>249.800003</ele>
				<time>2026-09-03T14:00:33Z</time>
			</trkpt>
			<trkpt lat="46.261131" lon="15.258792">
				<ele>249.800003</ele>
				<time>2026-09-03T14:00:34Z</time>
			</trkpt>
			<trkpt lat="46.261122" lon="15.258734">
				<ele>249.800003</ele>
				<time>2026-09-03T14:00:35Z</time>
			</trkpt>
			<trkpt lat="46.261112" lon="15.258674">
				<ele>250</ele>
				<time>2026-09-03T14:00:36Z</time>
			</trkpt>
			<trkpt lat="46.261108" lon="15.258616">
				<ele>250</ele>
				<time>2026-09-03T14:00:37Z</time>
			</trkpt>
			<trkpt lat="46.261106" lon="15.258552">
				<ele>250</ele>
				<time>2026-09-03T14:00:38Z</time>
			</trkpt>
			<trkpt lat="46.261119" lon="15.258498">
				<ele>250.199997</ele>
				<time>2026-09-03T14:00:39Z</time>
			</trkpt>
			<trkpt lat="46.261115" lon="15.25843">
				<ele>250.199997</ele>
				<time>2026-09-03T14:00:40Z</time>
			</trkpt>
			<trkpt lat="46.261127" lon="15.258324">
				<ele>250.600006</ele>
				<time>2026-09-03T14:00:41Z</time>
			</trkpt>
			<trkpt lat="46.261133" lon="15.258266">
				<ele>250.600006</ele>
				<time>2026-09-03T14:00:42Z</time>
			</trkpt>
			<trkpt lat="46.261137" lon="15.258204">
				<ele>250.800003</ele>
				<time>2026-09-03T14:00:43Z</time>
			</trkpt>
			<trkpt lat="46.261143" lon="15.258146">
				<ele>251</ele>
				<time>2026-09-03T14:00:44Z</time>
			</trkpt>
			<trkpt lat="46.261149" lon="15.258088">
				<ele>251</ele>
				<time>2026-09-03T14:00:45Z</time>
			</trkpt>
			<trkpt lat="46.261154" lon="15.258038">
				<ele>251.199997</ele>
				<time>2026-09-03T14:00:46Z</time>
			</trkpt>
			<trkpt lat="46.261152" lon="15.257974">
				<ele>251.199997</ele>
				<time>2026-09-03T14:00:47Z</time>
			</trkpt>
			<trkpt lat="46.261151" lon="15.257912">
				<ele>251.399994</ele>
				<time>2026-09-03T14:00:48Z</time>
			</trkpt>
			<trkpt lat="46.261157" lon="15.257854">
				<ele>251.600006</ele>
				<time>2026-09-03T14:00:49Z</time>
			</trkpt>
			<trkpt lat="46.261158" lon="15.257786">
				<ele>251.600006</ele>
				<time>2026-09-03T14:00:50Z</time>
			</trkpt>
			<trkpt lat="46.261149" lon="15.257728">
				<ele>251.800003</ele>
				<time>2026-09-03T14:00:51Z</time>
			</trkpt>
			<trkpt lat="46.261154" lon="15.257668">
				<ele>251.800003</ele>
				<time>2026-09-03T14:00:52Z</time>
			</trkpt>
			<trkpt lat="46.261153" lon="15.257536">
				<ele>252</ele>
				<time>2026-09-03T14:00:53Z</time>
			</trkpt>
			<trkpt lat="46.261157" lon="15.257474">
				<ele>252</ele>
				<time>2026-09-03T14:00:54Z</time>
			</trkpt>
			<trkpt lat="46.261165" lon="15.25741">
				<ele>252</ele>
				<time>2026-09-03T14:00:55Z</time>
			</trkpt>
			<trkpt lat="46.261174" lon="15.257358">
				<ele>252</ele>
				<time>2026-09-03T14:00:56Z</time>
			</trkpt>
			<trkpt lat="46.261184" lon="15.257298">
				<ele>252</ele>
				<time>2026-09-03T14:00:57Z</time>
			</trkpt>
			<trkpt lat="46.261197" lon="15.257244">
				<ele>252.199997</ele>
				<time>2026-09-03T14:00:58Z</time>
			</trkpt>
			<trkpt lat="46.261213" lon="15.257186">
				<ele>252.399994</ele>
				<time>2026-09-03T14:00:59Z</time>
			</trkpt>
			<trkpt lat="46.261228" lon="15.257136">
				<ele>252.399994</ele>
				<time>2026-09-03T14:01:00Z</time>
			</trkpt>
			<trkpt lat="46.261244" lon="15.257078">
				<ele>252.600006</ele>
				<time>2026-09-03T14:01:01Z</time>
			</trkpt>
			<trkpt lat="46.261262" lon="15.257024">
				<ele>252.800003</ele>
				<time>2026-09-03T14:01:02Z</time>
			</trkpt>
			<trkpt lat="46.261282" lon="15.256964">
				<ele>252.800003</ele>
				<time>2026-09-03T14:01:03Z</time>
			</trkpt>
			<trkpt lat="46.261304" lon="15.256918">
				<ele>252.800003</ele>
				<time>2026-09-03T14:01:04Z</time>
			</trkpt>
			<trkpt lat="46.261326" lon="15.256862">
				<ele>253</ele>
				<time>2026-09-03T14:01:05Z</time>
			</trkpt>
			<trkpt lat="46.261361" lon="15.256762">
				<ele>253.199997</ele>
				<time>2026-09-03T14:01:06Z</time>
			</trkpt>
			<trkpt lat="46.261377" lon="15.256704">
				<ele>253.199997</ele>
				<time>2026-09-03T14:01:07Z</time>
			</trkpt>
			<trkpt lat="46.261391" lon="15.256652">
				<ele>253.399994</ele>
				<time>2026-09-03T14:01:08Z</time>
			</trkpt>
			<trkpt lat="46.261401" lon="15.256592">
				<ele>253.399994</ele>
				<time>2026-09-03T14:01:09Z</time>
			</trkpt>
			<trkpt lat="46.261418" lon="15.256536">
				<ele>253.600006</ele>
				<time>2026-09-03T14:01:10Z</time>
			</trkpt>
			<trkpt lat="46.261416" lon="15.256472">
				<ele>253.600006</ele>
				<time>2026-09-03T14:01:11Z</time>
			</trkpt>
			<trkpt lat="46.261428" lon="15.256416">
				<ele>253.600006</ele>
				<time>2026-09-03T14:01:12Z</time>
			</trkpt>
			<trkpt lat="46.261421" lon="15.256342">
				<ele>253.800003</ele>
				<time>2026-09-03T14:01:13Z</time>
			</trkpt>
			<trkpt lat="46.261416" lon="15.256282">
				<ele>253.800003</ele>
				<time>2026-09-03T14:01:14Z</time>
			</trkpt>
			<trkpt lat="46.261408" lon="15.256236">
				<ele>253.800003</ele>
				<time>2026-09-03T14:01:15Z</time>
			</trkpt>
			<trkpt lat="46.261403" lon="15.256176">
				<ele>254</ele>
				<time>2026-09-03T14:01:16Z</time>
			</trkpt>
			<trkpt lat="46.261394" lon="15.256118">
				<ele>254</ele>
				<time>2026-09-03T14:01:17Z</time>
			</trkpt>
			<trkpt lat="46.261387" lon="15.256054">
				<ele>254.199997</ele>
				<time>2026-09-03T14:01:18Z</time>
			</trkpt>
			<trkpt lat="46.261371" lon="15.255932">
				<ele>254.199997</ele>
				<time>2026-09-03T14:01:19Z</time>
			</trkpt>
			<trkpt lat="46.261362" lon="15.255864">
				<ele>254.399994</ele>
				<time>2026-09-03T14:01:20Z</time>
			</trkpt>
			<trkpt lat="46.261353" lon="15.255806">
				<ele>254.399994</ele>
				<time>2026-09-03T14:01:21Z</time>
			</trkpt>
			<trkpt lat="46.261337" lon="15.255744">
				<ele>254.600006</ele>
				<time>2026-09-03T14:01:22Z</time>
			</trkpt>
			<trkpt lat="46.261326" lon="15.255682">
				<ele>254.600006</ele>
				<time>2026-09-03T14:01:23Z</time>
			</trkpt>
			<trkpt lat="46.261315" lon="15.25563">
				<ele>254.600006</ele>
				<time>2026-09-03T14:01:24Z</time>
			</trkpt>
			<trkpt lat="46.261301" lon="15.255572">
				<ele>254.800003</ele>
				<time>2026-09-03T14:01:25Z</time>
			</trkpt>
			<trkpt lat="46.261284" lon="15.255518">
				<ele>254.800003</ele>
				<time>2026-09-03T14:01:26Z</time>
			</trkpt>
			<trkpt lat="46.261268" lon="15.255456">
				<ele>254.800003</ele>
				<time>2026-09-03T14:01:27Z</time>
			</trkpt>
			<trkpt lat="46.261251" lon="15.255402">
				<ele>255</ele>
				<time>2026-09-03T14:01:28Z</time>
			</trkpt>
			<trkpt lat="46.261233" lon="15.255346">
				<ele>255</ele>
				<time>2026-09-03T14:01:29Z</time>
			</trkpt>
			<trkpt lat="46.261211" lon="15.255292">
				<ele>255.199997</ele>
				<time>2026-09-03T14:01:30Z</time>
			</trkpt>
			<trkpt lat="46.261179" lon="15.255188">
				<ele>255.199997</ele>
				<time>2026-09-03T14:01:31Z</time>
			</trkpt>
			<trkpt lat="46.261166" lon="15.255122">
				<ele>255.399994</ele>
				<time>2026-09-03T14:01:32Z</time>
			</trkpt>
			<trkpt lat="46.261152" lon="15.255064">
				<ele>255.399994</ele>
				<time>2026-09-03T14:01:33Z</time>
			</trkpt>
			<trkpt lat="46.261149" lon="15.255008">
				<ele>255.399994</ele>
				<time>2026-09-03T14:01:34Z</time>
			</trkpt>
			<trkpt lat="46.261127" lon="15.254954">
				<ele>255.600006</ele>
				<time>2026-09-03T14:01:35Z</time>
			</trkpt>
			<trkpt lat="46.261118" lon="15.254896">
				<ele>255.600006</ele>
				<time>2026-09-03T14:01:36Z</time>
			</trkpt>
			<trkpt lat="46.261106" lon="15.254842">
				<ele>255.600006</ele>
				<time>2026-09-03T14:01:37Z</time>
			</trkpt>
			<trkpt lat="46.261087" lon="15.254794">
				<ele>255.600006</ele>
				<time>2026-09-03T14:01:38Z</time>
			</trkpt>
			<trkpt lat="46.261056" lon="15.254752">
				<ele>255.600006</ele>
				<time>2026-09-03T14:01:39Z</time>
			</trkpt>
			<trkpt lat="46.261026" lon="15.254742">
				<ele>255.600006</ele>
				<time>2026-09-03T14:01:40Z</time>
			</trkpt>
			<trkpt lat="46.260979" lon="15.254748">
				<ele>255.399994</ele>
				<time>2026-09-03T14:01:41Z</time>
			</trkpt>
			<trkpt lat="46.260934" lon="15.254768">
				<ele>255.399994</ele>
				<time>2026-09-03T14:01:42Z</time>
			</trkpt>
			<trkpt lat="46.260894" lon="15.254808">
				<ele>255.199997</ele>
				<time>2026-09-03T14:01:43Z</time>
			</trkpt>
			<trkpt lat="46.260811" lon="15.254902">
				<ele>254.600006</ele>
				<time>2026-09-03T14:01:44Z</time>
			</trkpt>
			<trkpt lat="46.260766" lon="15.254952">
				<ele>254.199997</ele>
				<time>2026-09-03T14:01:45Z</time>
			</trkpt>
			<trkpt lat="46.260717" lon="15.255014">
				<ele>254</ele>
				<time>2026-09-03T14:01:46Z</time>
			</trkpt>
			<trkpt lat="46.260664" lon="15.255068">
				<ele>253.600006</ele>
				<time>2026-09-03T14:01:47Z</time>
			</trkpt>
			<trkpt lat="46.260608" lon="15.255116">
				<ele>253.199997</ele>
				<time>2026-09-03T14:01:48Z</time>
			</trkpt>
			<trkpt lat="46.260557" lon="15.255174">
				<ele>252.800003</ele>
				<time>2026-09-03T14:01:49Z</time>
			</trkpt>
			<trkpt lat="46.260485" lon="15.25524">
				<ele>252.399994</ele>
				<time>2026-09-03T14:01:50Z</time>
			</trkpt>
			<trkpt lat="46.260414" lon="15.255298">
				<ele>252</ele>
				<time>2026-09-03T14:01:51Z</time>
			</trkpt>
			<trkpt lat="46.260339" lon="15.255348">
				<ele>251.399994</ele>
				<time>2026-09-03T14:01:52Z</time>
			</trkpt>
			<trkpt lat="46.260259" lon="15.255388">
				<ele>251</ele>
				<time>2026-09-03T14:01:53Z</time>
			</trkpt>
			<trkpt lat="46.260177" lon="15.255414">
				<ele>250.600006</ele>
				<time>2026-09-03T14:01:54Z</time>
			</trkpt>
			<trkpt lat="46.260089" lon="15.255448">
				<ele>250</ele>
				<time>2026-09-03T14:01:55Z</time>
			</trkpt>
			<trkpt lat="46.260006" lon="15.255482">
				<ele>249.600006</ele>
				<time>2026-09-03T14:01:56Z</time>
			</trkpt>
			<trkpt lat="46.259851" lon="15.255582">
				<ele>248.800003</ele>
				<time>2026-09-03T14:01:57Z</time>
			</trkpt>
			<trkpt lat="46.259777" lon="15.255654">
				<ele>248.600006</ele>
				<time>2026-09-03T14:01:58Z</time>
			</trkpt>
			<trkpt lat="46.259701" lon="15.255722">
				<ele>248.399994</ele>
				<time>2026-09-03T14:01:59Z</time>
			</trkpt>
			<trkpt lat="46.259628" lon="15.255796">
				<ele>248.199997</ele>
				<time>2026-09-03T14:02:00Z</time>
			</trkpt>
			<trkpt lat="46.259554" lon="15.255868">
				<ele>248.199997</ele>
				<time>2026-09-03T14:02:01Z</time>
			</trkpt>
			<trkpt lat="46.259485" lon="15.25593">
				<ele>248.199997</ele>
				<time>2026-09-03T14:02:02Z</time>
			</trkpt>
			<trkpt lat="46.259418" lon="15.256006">
				<ele>248</ele>
				<time>2026-09-03T14:02:03Z</time>
			</trkpt>
			<trkpt lat="46.259351" lon="15.256062">
				<ele>248.199997</ele>
				<time>2026-09-03T14:02:04Z</time>
			</trkpt>
			<trkpt lat="46.259281" lon="15.256122">
				<ele>248.199997</ele>
				<time>2026-09-03T14:02:05Z</time>
			</trkpt>
			<trkpt lat="46.259213" lon="15.256186">
				<ele>248.199997</ele>
				<time>2026-09-03T14:02:06Z</time>
			</trkpt>
			<trkpt lat="46.259147" lon="15.256234">
				<ele>248.199997</ele>
				<time>2026-09-03T14:02:07Z</time>
			</trkpt>
			<trkpt lat="46.259082" lon="15.256294">
				<ele>248.399994</ele>
				<time>2026-09-03T14:02:08Z</time>
			</trkpt>
			<trkpt lat="46.259017" lon="15.256344">
				<ele>248.399994</ele>
				<time>2026-09-03T14:02:09Z</time>
			</trkpt>
			<trkpt lat="46.258952" lon="15.256384">
				<ele>248.399994</ele>
				<time>2026-09-03T14:02:10Z</time>
			</trkpt>
			<trkpt lat="46.258885" lon="15.25642">
				<ele>248.600006</ele>
				<time>2026-09-03T14:02:11Z</time>
			</trkpt>
			<trkpt lat="46.258822" lon="15.256464">
				<ele>248.600006</ele>
				<time>2026-09-03T14:02:12Z</time>
			</trkpt>
			<trkpt lat="46.258763" lon="15.256496">
				<ele>248.800003</ele>
				<time>2026-09-03T14:02:13Z</time>
			</trkpt>
			<trkpt lat="46.258699" lon="15.256528">
				<ele>249</ele>
				<time>2026-09-03T14:02:15Z</time>
			</trkpt>
			<trkpt lat="46.258641" lon="15.256552">
				<ele>249.199997</ele>
				<time>2026-09-03T14:02:16Z</time>
			</trkpt>
			<trkpt lat="46.258582" lon="15.256574">
				<ele>249.399994</ele>
				<time>2026-09-03T14:02:17Z</time>
			</trkpt>
			<trkpt lat="46.258524" lon="15.256598">
				<ele>249.600006</ele>
				<time>2026-09-03T14:02:18Z</time>
			</trkpt>
			<trkpt lat="46.258467" lon="15.256614">
				<ele>249.800003</ele>
				<time>2026-09-03T14:02:19Z</time>
			</trkpt>
			<trkpt lat="46.258412" lon="15.256634">
				<ele>250</ele>
				<time>2026-09-03T14:02:21Z</time>
			</trkpt>
			<trkpt lat="46.258302" lon="15.256684">
				<ele>250.399994</ele>
				<time>2026-09-03T14:02:22Z</time>
			</trkpt>
			<trkpt lat="46.258302" lon="15.256684">
				<ele>250.01</ele>
				<time>2026-09-03T14:02:23Z</time>
			</trkpt>
			<trkpt lat="46.258209" lon="15.256728">
				<ele>250.16</ele>
				<time>2026-09-03T14:02:25Z</time>
			</trkpt>
			<trkpt lat="46.257925" lon="15.25678">
				<ele>250.86</ele>
				<time>2026-09-03T14:02:29Z</time>
			</trkpt>
			<trkpt lat="46.257681" lon="15.256772">
				<ele>251.61</ele>
				<time>2026-09-03T14:02:32Z</time>
			</trkpt>
			<trkpt lat="46.257623" lon="15.256766">
				<ele>251.75</ele>
				<time>2026-09-03T14:02:33Z</time>
			</trkpt>
			<trkpt lat="46.257394" lon="15.256708">
				<ele>252.42</ele>
				<time>2026-09-03T14:02:35Z</time>
			</trkpt>
			<trkpt lat="46.256902" lon="15.256544">
				<ele>253.76</ele>
				<time>2026-09-03T14:02:40Z</time>
			</trkpt>
			<trkpt lat="46.256646" lon="15.256482">
				<ele>252.25</ele>
				<time>2026-09-03T14:02:43Z</time>
			</trkpt>
			<trkpt lat="46.256645" lon="15.25648">
				<ele>252.25</ele>
				<time>2026-09-03T14:02:44Z</time>
			</trkpt>
			<trkpt lat="46.256496" lon="15.256442">
				<ele>251.41</ele>
				<time>2026-09-03T14:02:46Z</time>
			</trkpt>
			<trkpt lat="46.256287" lon="15.256324">
				<ele>250.01</ele>
				<time>2026-09-03T14:02:48Z</time>
			</trkpt>
			<trkpt lat="46.256111" lon="15.256162">
				<ele>248.63</ele>
				<time>2026-09-03T14:02:50Z</time>
			</trkpt>
			<trkpt lat="46.256032" lon="15.256054">
				<ele>248.29</ele>
				<time>2026-09-03T14:02:52Z</time>
			</trkpt>
			<trkpt lat="46.256032" lon="15.256054">
				<ele>248.29</ele>
				<time>2026-09-03T14:02:53Z</time>
			</trkpt>
			<trkpt lat="46.255961" lon="15.255952">
				<ele>247.99</ele>
				<time>2026-09-03T14:02:54Z</time>
			</trkpt>
			<trkpt lat="46.255848" lon="15.255746">
				<ele>248.63</ele>
				<time>2026-09-03T14:02:57Z</time>
			</trkpt>
			<trkpt lat="46.255848" lon="15.255746">
				<ele>248.63</ele>
				<time>2026-09-03T14:02:58Z</time>
			</trkpt>
			<trkpt lat="46.255779" lon="15.255568">
				<ele>249.51</ele>
				<time>2026-09-03T14:02:59Z</time>
			</trkpt>
			<trkpt lat="46.255664" lon="15.255128">
				<ele>251.6</ele>
				<time>2026-09-03T14:03:03Z</time>
			</trkpt>
			<trkpt lat="46.255619" lon="15.254898">
				<ele>252.26</ele>
				<time>2026-09-03T14:03:05Z</time>
			</trkpt>
			<trkpt lat="46.255619" lon="15.254898">
				<ele>252.26</ele>
				<time>2026-09-03T14:03:06Z</time>
			</trkpt>
			<trkpt lat="46.255577" lon="15.254714">
				<ele>252.56</ele>
				<time>2026-09-03T14:03:08Z</time>
			</trkpt>
			<trkpt lat="46.255522" lon="15.254544">
				<ele>252.82</ele>
				<time>2026-09-03T14:03:10Z</time>
			</trkpt>
			<trkpt lat="46.255451" lon="15.254392">
				<ele>253</ele>
				<time>2026-09-03T14:03:12Z</time>
			</trkpt>
			<trkpt lat="46.255376" lon="15.254282">
				<ele>253.08</ele>
				<time>2026-09-03T14:03:13Z</time>
			</trkpt>
			<trkpt lat="46.255376" lon="15.254282">
				<ele>253.08</ele>
				<time>2026-09-03T14:03:14Z</time>
			</trkpt>
			<trkpt lat="46.255268" lon="15.254146">
				<ele>253.05</ele>
				<time>2026-09-03T14:03:17Z</time>
			</trkpt>
			<trkpt lat="46.255268" lon="15.254146">
				<ele>253.05</ele>
				<time>2026-09-03T14:03:18Z</time>
			</trkpt>
			<trkpt lat="46.255215" lon="15.25407">
				<ele>253</ele>
				<time>2026-09-03T14:03:20Z</time>
			</trkpt>
			<trkpt lat="46.255069" lon="15.253968">
				<ele>252.26</ele>
				<time>2026-09-03T14:03:23Z</time>
			</trkpt>
			<trkpt lat="46.254758" lon="15.253806">
				<ele>250.82</ele>
				<time>2026-09-03T14:03:28Z</time>
			</trkpt>
			<trkpt lat="46.254198" lon="15.253656">
				<ele>249.91</ele>
				<time>2026-09-03T14:03:37Z</time>
			</trkpt>
			<trkpt lat="46.253782" lon="15.253514">
				<ele>249.43</ele>
				<time>2026-09-03T14:03:44Z</time>
			</trkpt>
			<trkpt lat="46.253626" lon="15.253422">
				<ele>249.17</ele>
				<time>2026-09-03T14:03:47Z</time>
			</trkpt>
			<trkpt lat="46.253626" lon="15.253422">
				<ele>249.17</ele>
				<time>2026-09-03T14:03:48Z</time>
			</trkpt>
			<trkpt lat="46.253503" lon="15.253336">
				<ele>249.01</ele>
				<time>2026-09-03T14:03:50Z</time>
			</trkpt>
			<trkpt lat="46.253386" lon="15.253222">
				<ele>249.07</ele>
				<time>2026-09-03T14:03:51Z</time>
			</trkpt>
			<trkpt lat="46.253309" lon="15.253138">
				<ele>249.15</ele>
				<time>2026-09-03T14:03:52Z</time>
			</trkpt>
			<trkpt lat="46.253114" lon="15.252858">
				<ele>249.53</ele>
				<time>2026-09-03T14:03:56Z</time>
			</trkpt>
			<trkpt lat="46.252982" lon="15.252604">
				<ele>249.99</ele>
				<time>2026-09-03T14:04:00Z</time>
			</trkpt>
			<trkpt lat="46.252822" lon="15.252384">
				<ele>250.26</ele>
				<time>2026-09-03T14:04:03Z</time>
			</trkpt>
			<trkpt lat="46.252739" lon="15.252288">
				<ele>250.13</ele>
				<time>2026-09-03T14:04:04Z</time>
			</trkpt>
			<trkpt lat="46.252739" lon="15.252288">
				<ele>250.13</ele>
				<time>2026-09-03T14:04:05Z</time>
			</trkpt>
			<trkpt lat="46.252675" lon="15.25221">
				<ele>250.04</ele>
				<time>2026-09-03T14:04:06Z</time>
			</trkpt>
			<trkpt lat="46.252468" lon="15.252086">
				<ele>248.62</ele>
				<time>2026-09-03T14:04:10Z</time>
			</trkpt>
			<trkpt lat="46.252204" lon="15.251998">
				<ele>247.03</ele>
				<time>2026-09-03T14:04:15Z</time>
			</trkpt>
			<trkpt lat="46.251981" lon="15.251952">
				<ele>245.84</ele>
				<time>2026-09-03T14:04:18Z</time>
			</trkpt>
			<trkpt lat="46.251742" lon="15.251874">
				<ele>244.59</ele>
				<time>2026-09-03T14:04:22Z</time>
			</trkpt>
			<trkpt lat="46.251742" lon="15.251874">
				<ele>244.59</ele>
				<time>2026-09-03T14:04:23Z</time>
			</trkpt>
			<trkpt lat="46.251719" lon="15.251868">
				<ele>244.43</ele>
				<time>2026-09-03T14:04:24Z</time>
			</trkpt>
			<trkpt lat="46.251619" lon="15.251808">
				<ele>243.92</ele>
				<time>2026-09-03T14:04:25Z</time>
			</trkpt>
			<trkpt lat="46.251516" lon="15.251692">
				<ele>243.25</ele>
				<time>2026-09-03T14:04:27Z</time>
			</trkpt>
			<trkpt lat="46.251489" lon="15.251648">
				<ele>243.03</ele>
				<time>2026-09-03T14:04:28Z</time>
			</trkpt>
			<trkpt lat="46.251421" lon="15.251522">
				<ele>242.5</ele>
				<time>2026-09-03T14:04:29Z</time>
			</trkpt>
			<trkpt lat="46.251342" lon="15.251334">
				<ele>241.82</ele>
				<time>2026-09-03T14:04:31Z</time>
			</trkpt>
			<trkpt lat="46.251291" lon="15.251132">
				<ele>241.31</ele>
				<time>2026-09-03T14:04:32Z</time>
			</trkpt>
			<trkpt lat="46.251294" lon="15.250768">
				<ele>240.95</ele>
				<time>2026-09-03T14:04:35Z</time>
			</trkpt>
			<trkpt lat="46.251319" lon="15.249958">
				<ele>241.58</ele>
				<time>2026-09-03T14:04:41Z</time>
			</trkpt>
			<trkpt lat="46.251334" lon="15.249678">
				<ele>242.44</ele>
				<time>2026-09-03T14:04:43Z</time>
			</trkpt>
			<trkpt lat="46.251281" lon="15.248732">
				<ele>243.51</ele>
				<time>2026-09-03T14:04:51Z</time>
			</trkpt>
			<trkpt lat="46.251243" lon="15.248436">
				<ele>243.46</ele>
				<time>2026-09-03T14:04:53Z</time>
			</trkpt>
			<trkpt lat="46.251208" lon="15.248306">
				<ele>243.33</ele>
				<time>2026-09-03T14:04:54Z</time>
			</trkpt>
			<trkpt lat="46.251146" lon="15.248152">
				<ele>243.02</ele>
				<time>2026-09-03T14:04:55Z</time>
			</trkpt>
			<trkpt lat="46.250888" lon="15.247906">
				<ele>242.1</ele>
				<time>2026-09-03T14:05:00Z</time>
			</trkpt>
		</trkseg>
	</trk>
</gpx>
