<?xml version="1.0" encoding="UTF-8"?>
<gpx creator="Garmin Connect" version="1.1" schemaLocation="http://www.topografix.com/GPX/1/1 http://www.topografix.com/GPX/11.xsd" xmlns="http://www.topografix.com/GPX/1/1" xmlns:xsi="http://www.w3.org/2001/XMLSchema-instance" xsi:schemaLocation="http://www.topografix.com/GPX/1/1 http://www.topografix.com/GPX/1/1/gpx.xsd http://www.garmin.com/xmlschemas/GpxExtensions/v3 http://www.garmin.com/xmlschemas/GpxExtensionsv3.xsd http://www.garmin.com/xmlschemas/TrackPointExtension/v1 http://www.garmin.com/xmlschemas/TrackPointExtensionv1.xsd http://www.garmin.com/xmlschemas/PowerExtension/v1 http://www.garmin.com/xmlschemas/PowerExtensionv1.xsd http://www.topografix.com/GPX/gpx_style/0/2 http://www.topografix.com/GPX/gpx_style/0/2/gpx_style.xsd" xmlns:gpxtpx="http://www.garmin.com/xmlschemas/TrackPointExtension/v1" xmlns:gpxx="http://www.garmin.com/xmlschemas/GpxExtensions/v3" xmlns:gpxpx="http://www.garmin.com/xmlschemas/PowerExtension/v1" xmlns:gpx_style="http://www.topografix.com/GPX/gpx_style/0/2">
  <metadata>
    <name>2026_30_04_strekna_original:0:X1VTMvmtRe4</name>
    <author>
      <name>gpx.studio</name>
      <link href="https://gpx.studio"/>
    </author>
    <link href="connect.garmin.com">
      <text>Garmin Connect</text>
    </link>
  </metadata>
  <trk>
    <name>Velenje Cestno kolesarstvo:0:X1VTMvmtRe4</name>
    <type>road_biking</type>
    <trkseg>
      <trkpt lat="46.58877884969115" lon="15.024395138025284">
        <ele>344.20001220703125</ele>
      </trkpt>
      <trkpt lat="46.5887728985399" lon="15.024386337026954">
        <ele>344.3999938964844</ele>
      </trkpt>
      <trkpt lat="46.58876116387546" lon="15.024384576827288">
        <ele>344.3999938964844</ele>
      </trkpt>
      <trkpt lat="46.5887469984591" lon="15.024391282349825">
        <ele>344.6000061035156</ele>
      </trkpt>
      <trkpt lat="46.58872973173857" lon="15.024398323148489">
        <ele>344.6000061035156</ele>
      </trkpt>
      <trkpt lat="46.58870525658131" lon="15.024409303441644">
        <ele>344.6000061035156</ele>
      </trkpt>
      <trkpt lat="46.5886761713773" lon="15.02442573197186">
        <ele>344.6000061035156</ele>
      </trkpt>
      <trkpt lat="46.5886449906975" lon="15.024430258199573">
        <ele>344.6000061035156</ele>
      </trkpt>
      <trkpt lat="46.58861079253256" lon="15.024432353675365">
        <ele>344.3999938964844</ele>
      </trkpt>
      <trkpt lat="46.588579611852765" lon="15.024435874074697">
        <ele>344.20001220703125</ele>
      </trkpt>
      <trkpt lat="46.58856762573123" lon="15.024438723921776">
        <ele>344.20001220703125</ele>
      </trkpt>
      <trkpt lat="46.58855991438031" lon="15.024455236271024">
        <ele>342.3999938964844</ele>
      </trkpt>
      <trkpt lat="46.58854817971587" lon="15.024464456364512">
        <ele>342.3999938964844</ele>
      </trkpt>
      <trkpt lat="46.58853007480502" lon="15.024472586810589">
        <ele>342.6000061035156</ele>
      </trkpt>
      <trkpt lat="46.58851104788482" lon="15.024479376152158">
        <ele>342.3999938964844</ele>
      </trkpt>
      <trkpt lat="46.588487746194005" lon="15.02448532730341">
        <ele>342.3999938964844</ele>
      </trkpt>
      <trkpt lat="46.58846109174192" lon="15.024485662579536">
        <ele>342.3999938964844</ele>
      </trkpt>
      <trkpt lat="46.58843519166112" lon="15.024485914036632">
        <ele>342.3999938964844</ele>
      </trkpt>
      <trkpt lat="46.58840920776129" lon="15.02448976971209">
        <ele>342.6000061035156</ele>
      </trkpt>
      <trkpt lat="46.58837886527181" lon="15.024496223777533">
        <ele>342.6000061035156</ele>
      </trkpt>
      <trkpt lat="46.58834667876363" lon="15.024503264576197">
        <ele>342.6000061035156</ele>
      </trkpt>
      <trkpt lat="46.588312396779656" lon="15.024512652307749">
        <ele>342.6000061035156</ele>
      </trkpt>
      <trkpt lat="46.58827727660537" lon="15.024522291496396">
        <ele>342.6000061035156</ele>
      </trkpt>
      <trkpt lat="46.588242910802364" lon="15.024531846866012">
        <ele>342.6000061035156</ele>
      </trkpt>
      <trkpt lat="46.58820686861873" lon="15.02454156987369">
        <ele>342.6000061035156</ele>
      </trkpt>
      <trkpt lat="46.58816973678768" lon="15.024550287052989">
        <ele>342.6000061035156</ele>
      </trkpt>
      <trkpt lat="46.58813034184277" lon="15.024560345336795">
        <ele>342.6000061035156</ele>
      </trkpt>
      <trkpt lat="46.5880923718214" lon="15.024570571258664">
        <ele>342.6000061035156</ele>
      </trkpt>
      <trkpt lat="46.5880545694381" lon="15.024581048637629">
        <ele>342.6000061035156</ele>
      </trkpt>
      <trkpt lat="46.588015174493194" lon="15.024591274559498">
        <ele>342.6000061035156</ele>
      </trkpt>
      <trkpt lat="46.587975192815065" lon="15.024601500481367">
        <ele>342.79998779296875</ele>
      </trkpt>
      <trkpt lat="46.58793487586081" lon="15.024609379470348">
        <ele>342.79998779296875</ele>
      </trkpt>
      <trkpt lat="46.587893553078175" lon="15.02461927011609">
        <ele>342.79998779296875</ele>
      </trkpt>
      <trkpt lat="46.58785088919103" lon="15.02462798729539">
        <ele>343</ele>
      </trkpt>
      <trkpt lat="46.58780789002776" lon="15.024638716131449">
        <ele>342.79998779296875</ele>
      </trkpt>
      <trkpt lat="46.58776396885514" lon="15.024650618433952">
        <ele>342.79998779296875</ele>
      </trkpt>
      <trkpt lat="46.5877197124064" lon="15.02466126345098">
        <ele>343</ele>
      </trkpt>
      <trkpt lat="46.58767746761441" lon="15.02467148937285">
        <ele>343</ele>
      </trkpt>
      <trkpt lat="46.58763438463211" lon="15.024685068055987">
        <ele>343.20001220703125</ele>
      </trkpt>
      <trkpt lat="46.58759239129722" lon="15.024697137996554">
        <ele>343.20001220703125</ele>
      </trkpt>
      <trkpt lat="46.58755173906684" lon="15.024707783013582">
        <ele>343.20001220703125</ele>
      </trkpt>
      <trkpt lat="46.587512511759996" lon="15.024718176573515">
        <ele>343.3999938964844</ele>
      </trkpt>
      <trkpt lat="46.58747370354831" lon="15.024729575961828">
        <ele>343.3999938964844</ele>
      </trkpt>
      <trkpt lat="46.587435230612755" lon="15.024740807712078">
        <ele>343.3999938964844</ele>
      </trkpt>
      <trkpt lat="46.58739550039172" lon="15.02475162036717">
        <ele>343.6000061035156</ele>
      </trkpt>
      <trkpt lat="46.587353674694896" lon="15.024762349203229">
        <ele>343.6000061035156</ele>
      </trkpt>
      <trkpt lat="46.58731369301677" lon="15.024775173515081">
        <ele>343.6000061035156</ele>
      </trkpt>
      <trkpt lat="46.58727471716702" lon="15.02479218877852">
        <ele>343.6000061035156</ele>
      </trkpt>
      <trkpt lat="46.5872395131737" lon="15.024815406650305">
        <ele>343.6000061035156</ele>
      </trkpt>
      <trkpt lat="46.587211433798075" lon="15.024840636178851">
        <ele>343.6000061035156</ele>
      </trkpt>
      <trkpt lat="46.587189389392734" lon="15.024864608421922">
        <ele>343.79998779296875</ele>
      </trkpt>
      <trkpt lat="46.58717061392963" lon="15.024874079972506">
        <ele>344</ele>
      </trkpt>
      <trkpt lat="46.58715443685651" lon="15.024862261489034">
        <ele>344.20001220703125</ele>
      </trkpt>
      <trkpt lat="46.58714429475367" lon="15.024836612865329">
        <ele>344.20001220703125</ele>
      </trkpt>
      <trkpt lat="46.587136248126626" lon="15.024803671985865">
        <ele>344.3999938964844</ele>
      </trkpt>
      <trkpt lat="46.58712996169925" lon="15.024765869602561">
        <ele>344.3999938964844</ele>
      </trkpt>
      <trkpt lat="46.5871256031096" lon="15.024723708629608">
        <ele>344.20001220703125</ele>
      </trkpt>
      <trkpt lat="46.587121076881886" lon="15.024681128561497">
        <ele>344.20001220703125</ele>
      </trkpt>
      <trkpt lat="46.58711973577738" lon="15.024633519351482">
        <ele>344.20001220703125</ele>
      </trkpt>
      <trkpt lat="46.58711789175868" lon="15.024587670341134">
        <ele>344.20001220703125</ele>
      </trkpt>
      <trkpt lat="46.58711303025484" lon="15.024543246254325">
        <ele>344.20001220703125</ele>
      </trkpt>
      <trkpt lat="46.58710414543748" lon="15.024504354223609">
        <ele>344.20001220703125</ele>
      </trkpt>
      <trkpt lat="46.587099116295576" lon="15.024468312039971">
        <ele>344.20001220703125</ele>
      </trkpt>
      <trkpt lat="46.58710028976202" lon="15.024430928751826">
        <ele>344.20001220703125</ele>
      </trkpt>
      <trkpt lat="46.58710707910359" lon="15.024388683959842">
        <ele>344</ele>
      </trkpt>
      <trkpt lat="46.58712040632963" lon="15.024342583492398">
        <ele>343.79998779296875</ele>
      </trkpt>
      <trkpt lat="46.58713532611728" lon="15.02428692765534">
        <ele>343.3999938964844</ele>
      </trkpt>
      <trkpt lat="46.58714680932462" lon="15.024216016754508">
        <ele>343</ele>
      </trkpt>
      <trkpt lat="46.587155191227794" lon="15.024128258228302">
        <ele>342.6000061035156</ele>
      </trkpt>
      <trkpt lat="46.58715301193297" lon="15.024033961817622">
        <ele>342</ele>
      </trkpt>
      <trkpt lat="46.587149323895574" lon="15.02394000068307">
        <ele>341.6000061035156</ele>
      </trkpt>
      <trkpt lat="46.58713641576469" lon="15.023835897445679">
        <ele>341</ele>
      </trkpt>
      <trkpt lat="46.58711311407387" lon="15.023731207475066">
        <ele>340.6000061035156</ele>
      </trkpt>
      <trkpt lat="46.58708813600242" lon="15.023625008761883">
        <ele>340.20001220703125</ele>
      </trkpt>
      <trkpt lat="46.5870634932071" lon="15.02351495437324">
        <ele>339.79998779296875</ele>
      </trkpt>
      <trkpt lat="46.58704128116369" lon="15.023408588021994">
        <ele>339.6000061035156</ele>
      </trkpt>
      <trkpt lat="46.587018985301256" lon="15.023301802575588">
        <ele>339.3999938964844</ele>
      </trkpt>
      <trkpt lat="46.58699710853398" lon="15.023196106776595">
        <ele>339</ele>
      </trkpt>
      <trkpt lat="46.58697389066219" lon="15.023089991882443">
        <ele>339</ele>
      </trkpt>
      <trkpt lat="46.586944134905934" lon="15.02299603074789">
        <ele>338.79998779296875</ele>
      </trkpt>
      <trkpt lat="46.5868959389627" lon="15.022920845076442">
        <ele>338.79998779296875</ele>
      </trkpt>
      <trkpt lat="46.58683609217405" lon="15.022866446524858">
        <ele>338.6000061035156</ele>
      </trkpt>
      <trkpt lat="46.586769707500935" lon="15.022839540615678">
        <ele>338.79998779296875</ele>
      </trkpt>
      <trkpt lat="46.58670399338007" lon="15.022840881720185">
        <ele>338.79998779296875</ele>
      </trkpt>
      <trkpt lat="46.58664406277239" lon="15.022859405726194">
        <ele>339</ele>
      </trkpt>
      <trkpt lat="46.58658924512565" lon="15.022885389626026">
        <ele>339.20001220703125</ele>
      </trkpt>
      <trkpt lat="46.586537696421146" lon="15.022914642468095">
        <ele>339.3999938964844</ele>
      </trkpt>
      <trkpt lat="46.5864884108305" lon="15.022942889481783">
        <ele>339.6000061035156</ele>
      </trkpt>
      <trkpt lat="46.586439376696944" lon="15.022967616096139">
        <ele>339.79998779296875</ele>
      </trkpt>
      <trkpt lat="46.58639034256339" lon="15.022988319396973">
        <ele>340</ele>
      </trkpt>
      <trkpt lat="46.586340218782425" lon="15.023010363802314">
        <ele>340.20001220703125</ele>
      </trkpt>
      <trkpt lat="46.58629168756306" lon="15.023029474541545">
        <ele>340.20001220703125</ele>
      </trkpt>
      <trkpt lat="46.586242988705635" lon="15.023045651614666">
        <ele>340.3999938964844</ele>
      </trkpt>
      <trkpt lat="46.58619521185756" lon="15.023060739040375">
        <ele>340.6000061035156</ele>
      </trkpt>
      <trkpt lat="46.58614751882851" lon="15.023075910285115">
        <ele>340.6000061035156</ele>
      </trkpt>
      <trkpt lat="46.586100244894624" lon="15.02309124916792">
        <ele>340.79998779296875</ele>
      </trkpt>
      <trkpt lat="46.586052468046546" lon="15.023104576393962">
        <ele>340.79998779296875</ele>
      </trkpt>
      <trkpt lat="46.58600586466491" lon="15.023114131763577">
        <ele>341</ele>
      </trkpt>
      <trkpt lat="46.585960518568754" lon="15.023121256381273">
        <ele>341.20001220703125</ele>
      </trkpt>
      <trkpt lat="46.585916094481945" lon="15.023124944418669">
        <ele>341.3999938964844</ele>
      </trkpt>
      <trkpt lat="46.58587292768061" lon="15.023126704618335">
        <ele>341.6000061035156</ele>
      </trkpt>
      <trkpt lat="46.58582967706025" lon="15.023127878084779">
        <ele>341.79998779296875</ele>
      </trkpt>
      <trkpt lat="46.58578634262085" lon="15.023129554465413">
        <ele>342</ele>
      </trkpt>
      <trkpt lat="46.58573990687728" lon="15.023131230846047">
        <ele>342.20001220703125</ele>
      </trkpt>
      <trkpt lat="46.58570076338947" lon="15.023120418190956">
        <ele>342.3999938964844</ele>
      </trkpt>
      <trkpt lat="46.5856680739671" lon="15.02309275791049">
        <ele>342.6000061035156</ele>
      </trkpt>
      <trkpt lat="46.585633456707" lon="15.02305855974555">
        <ele>342.79998779296875</ele>
      </trkpt>
      <trkpt lat="46.58559674397111" lon="15.023029642179608">
        <ele>343</ele>
      </trkpt>
      <trkpt lat="46.585558857768774" lon="15.023008771240711">
        <ele>343</ele>
      </trkpt>
      <trkpt lat="46.58551912754774" lon="15.022995863109827">
        <ele>343.20001220703125</ele>
      </trkpt>
      <trkpt lat="46.58547721803188" lon="15.022987984120846">
        <ele>343.20001220703125</ele>
      </trkpt>
      <trkpt lat="46.58543849363923" lon="15.022983457893133">
        <ele>343.3999938964844</ele>
      </trkpt>
      <trkpt lat="46.58539784140885" lon="15.022988067939878">
        <ele>343.6000061035156</ele>
      </trkpt>
      <trkpt lat="46.58536020666361" lon="15.022992007434368">
        <ele>343.6000061035156</ele>
      </trkpt>
      <trkpt lat="46.585323410108685" lon="15.02299695275724">
        <ele>343.79998779296875</ele>
      </trkpt>
      <trkpt lat="46.585287200286984" lon="15.023001311346889">
        <ele>344</ele>
      </trkpt>
      <trkpt lat="46.58525224775076" lon="15.023000305518508">
        <ele>344.20001220703125</ele>
      </trkpt>
      <trkpt lat="46.585219306871295" lon="15.022995946928859">
        <ele>344.3999938964844</ele>
      </trkpt>
      <trkpt lat="46.5851878747344" lon="15.022984715178609">
        <ele>344.3999938964844</ele>
      </trkpt>
      <trkpt lat="46.58515736460686" lon="15.022968789562583">
        <ele>344.6000061035156</ele>
      </trkpt>
      <trkpt lat="46.58512752503157" lon="15.022947918623686">
        <ele>344.79998779296875</ele>
      </trkpt>
      <trkpt lat="46.58509701490402" lon="15.022924616932869">
        <ele>345</ele>
      </trkpt>
      <trkpt lat="46.58506675623357" lon="15.022904500365257">
        <ele>345.20001220703125</ele>
      </trkpt>
      <trkpt lat="46.58503524027765" lon="15.022890251129866">
        <ele>345.3999938964844</ele>
      </trkpt>
      <trkpt lat="46.58500246703625" lon="15.022884802892804">
        <ele>345.3999938964844</ele>
      </trkpt>
      <trkpt lat="46.58496701158583" lon="15.022886227816343">
        <ele>345.3999938964844</ele>
      </trkpt>
      <trkpt lat="46.5849323105067" lon="15.022893100976944">
        <ele>345.6000061035156</ele>
      </trkpt>
      <trkpt lat="46.584897860884666" lon="15.022897627204657">
        <ele>345.6000061035156</ele>
      </trkpt>
      <trkpt lat="46.58486072905362" lon="15.022898381575942">
        <ele>345.6000061035156</ele>
      </trkpt>
      <trkpt lat="46.584824016317725" lon="15.022896034643054">
        <ele>345.79998779296875</ele>
      </trkpt>
      <trkpt lat="46.58478529192507" lon="15.022893017157912">
        <ele>345.79998779296875</ele>
      </trkpt>
      <trkpt lat="46.584746316075325" lon="15.022889077663422">
        <ele>345.79998779296875</ele>
      </trkpt>
      <trkpt lat="46.58470465801656" lon="15.022882791236043">
        <ele>345.79998779296875</ele>
      </trkpt>
      <trkpt lat="46.584659898653626" lon="15.022875918075442">
        <ele>345.79998779296875</ele>
      </trkpt>
      <trkpt lat="46.58461572602391" lon="15.022867200896144">
        <ele>345.79998779296875</ele>
      </trkpt>
      <trkpt lat="46.58456979319453" lon="15.022858399897814">
        <ele>345.79998779296875</ele>
      </trkpt>
      <trkpt lat="46.584521597251296" lon="15.022856388241053">
        <ele>345.79998779296875</ele>
      </trkpt>
      <trkpt lat="46.58447281457484" lon="15.022856639698148">
        <ele>345.79998779296875</ele>
      </trkpt>
      <trkpt lat="46.58442453481257" lon="15.022860076278448">
        <ele>346</ele>
      </trkpt>
      <trkpt lat="46.58437659032643" lon="15.022867787629366">
        <ele>346</ele>
      </trkpt>
      <trkpt lat="46.58433023840189" lon="15.022874493151903">
        <ele>346.20001220703125</ele>
      </trkpt>
      <trkpt lat="46.584283132106066" lon="15.022880779579282">
        <ele>346.3999938964844</ele>
      </trkpt>
      <trkpt lat="46.58423451706767" lon="15.022884886711836">
        <ele>346.3999938964844</ele>
      </trkpt>
      <trkpt lat="46.58418498001993" lon="15.022891173139215">
        <ele>346.3999938964844</ele>
      </trkpt>
      <trkpt lat="46.58413661643863" lon="15.022899135947227">
        <ele>346.6000061035156</ele>
      </trkpt>
      <trkpt lat="46.58408842049539" lon="15.022909697145224">
        <ele>346.3999938964844</ele>
      </trkpt>
      <trkpt lat="46.584040308371186" lon="15.022922102361917">
        <ele>346.6000061035156</ele>
      </trkpt>
      <trkpt lat="46.58399051986635" lon="15.02293593250215">
        <ele>346.6000061035156</ele>
      </trkpt>
      <trkpt lat="46.58394047990441" lon="15.022948337718844">
        <ele>346.6000061035156</ele>
      </trkpt>
      <trkpt lat="46.583890691399574" lon="15.022959904745221">
        <ele>346.6000061035156</ele>
      </trkpt>
      <trkpt lat="46.583841824904084" lon="15.022970214486122">
        <ele>346.6000061035156</ele>
      </trkpt>
      <trkpt lat="46.58379312604666" lon="15.022979602217674">
        <ele>346.6000061035156</ele>
      </trkpt>
      <trkpt lat="46.58373319543898" lon="15.02299259416759">
        <ele>346.3999938964844</ele>
      </trkpt>
      <trkpt lat="46.58369312994182" lon="15.023003071546555">
        <ele>346.3999938964844</ele>
      </trkpt>
      <trkpt lat="46.583642084151506" lon="15.023014219477773">
        <ele>346.20001220703125</ele>
      </trkpt>
      <trkpt lat="46.58359196037054" lon="15.023025199770927">
        <ele>346</ele>
      </trkpt>
      <trkpt lat="46.58352951519191" lon="15.02304095774889">
        <ele>346</ele>
      </trkpt>
      <trkpt lat="46.583486683666706" lon="15.023050010204315">
        <ele>346</ele>
      </trkpt>
      <trkpt lat="46.583431446924806" lon="15.02306199632585">
        <ele>345.79998779296875</ele>
      </trkpt>
      <trkpt lat="46.58337906002998" lon="15.023073479533195">
        <ele>345.79998779296875</ele>
      </trkpt>
      <trkpt lat="46.58332457765937" lon="15.023085214197636">
        <ele>345.79998779296875</ele>
      </trkpt>
      <trkpt lat="46.58327043056488" lon="15.023098709061742">
        <ele>345.79998779296875</ele>
      </trkpt>
      <trkpt lat="46.58321628347039" lon="15.023110946640372">
        <ele>345.79998779296875</ele>
      </trkpt>
      <trkpt lat="46.583157777786255" lon="15.023123268038034">
        <ele>345.79998779296875</ele>
      </trkpt>
      <trkpt lat="46.58310052938759" lon="15.023129554465413">
        <ele>345.79998779296875</ele>
      </trkpt>
      <trkpt lat="46.58304286189377" lon="15.02313282340765">
        <ele>345.6000061035156</ele>
      </trkpt>
      <trkpt lat="46.58298544585705" lon="15.023135002702475">
        <ele>345.6000061035156</ele>
      </trkpt>
      <trkpt lat="46.582929622381926" lon="15.02313131466508">
        <ele>345.3999938964844</ele>
      </trkpt>
      <trkpt lat="46.58287354744971" lon="15.02312108874321">
        <ele>345.20001220703125</ele>
      </trkpt>
      <trkpt lat="46.58281948417425" lon="15.023105246946216">
        <ele>345</ele>
      </trkpt>
      <trkpt lat="46.58276625908911" lon="15.023086806759238">
        <ele>345</ele>
      </trkpt>
      <trkpt lat="46.582715129479766" lon="15.023072389885783">
        <ele>344.79998779296875</ele>
      </trkpt>
      <trkpt lat="46.5826665982604" lon="15.023064259439707">
        <ele>345</ele>
      </trkpt>
      <trkpt lat="46.58262141980231" lon="15.02306442707777">
        <ele>345</ele>
      </trkpt>
      <trkpt lat="46.58257850445807" lon="15.023087058216333">
        <ele>345</ele>
      </trkpt>
      <trkpt lat="46.582539696246386" lon="15.023133996874094">
        <ele>345</ele>
      </trkpt>
      <trkpt lat="46.58250181004405" lon="15.0231889821589">
        <ele>345</ele>
      </trkpt>
      <trkpt lat="46.5824562124908" lon="15.023239608854055">
        <ele>344.79998779296875</ele>
      </trkpt>
      <trkpt lat="46.58240105956793" lon="15.023280763998628">
        <ele>344.3999938964844</ele>
      </trkpt>
      <trkpt lat="46.58233132213354" lon="15.023314962163568">
        <ele>344</ele>
      </trkpt>
      <trkpt lat="46.582281617447734" lon="15.023334072902799">
        <ele>343.6000061035156</ele>
      </trkpt>
      <trkpt lat="46.58221799880266" lon="15.02335662022233">
        <ele>343.3999938964844</ele>
      </trkpt>
      <trkpt lat="46.58215404488146" lon="15.023382268846035">
        <ele>343</ele>
      </trkpt>
      <trkpt lat="46.58208690583706" lon="15.023407330736518">
        <ele>342.79998779296875</ele>
      </trkpt>
      <trkpt lat="46.5820175036788" lon="15.023431973531842">
        <ele>342.79998779296875</ele>
      </trkpt>
      <trkpt lat="46.58194860443473" lon="15.023459130898118">
        <ele>342.6000061035156</ele>
      </trkpt>
      <trkpt lat="46.58187945373356" lon="15.02348410896957">
        <ele>342.3999938964844</ele>
      </trkpt>
      <trkpt lat="46.58181147649884" lon="15.023509422317147">
        <ele>342.20001220703125</ele>
      </trkpt>
      <trkpt lat="46.58174433745444" lon="15.023534400388598">
        <ele>342.20001220703125</ele>
      </trkpt>
      <trkpt lat="46.58169060945511" lon="15.023556277155876">
        <ele>342</ele>
      </trkpt>
      <trkpt lat="46.581612238660455" lon="15.023587122559547">
        <ele>342</ele>
      </trkpt>
      <trkpt lat="46.58154853619635" lon="15.023607658222318">
        <ele>341.79998779296875</ele>
      </trkpt>
      <trkpt lat="46.58148558810353" lon="15.023629870265722">
        <ele>341.6000061035156</ele>
      </trkpt>
      <trkpt lat="46.5814218018204" lon="15.023657446727157">
        <ele>341.3999938964844</ele>
      </trkpt>
      <trkpt lat="46.58136036247015" lon="15.023689130321145">
        <ele>341.20001220703125</ele>
      </trkpt>
      <trkpt lat="46.581303449347615" lon="15.023723663762212">
        <ele>341.20001220703125</ele>
      </trkpt>
      <trkpt lat="46.58124938607216" lon="15.02375048585236">
        <ele>341.20001220703125</ele>
      </trkpt>
      <trkpt lat="46.581195490434766" lon="15.023771775886416">
        <ele>341.20001220703125</ele>
      </trkpt>
      <trkpt lat="46.581142181530595" lon="15.023791221901774">
        <ele>341.3999938964844</ele>
      </trkpt>
      <trkpt lat="46.581089459359646" lon="15.023811170831323">
        <ele>341.3999938964844</ele>
      </trkpt>
      <trkpt lat="46.58103656955063" lon="15.023828940466046">
        <ele>341.3999938964844</ele>
      </trkpt>
      <trkpt lat="46.58098569139838" lon="15.023844363167882">
        <ele>341.3999938964844</ele>
      </trkpt>
      <trkpt lat="46.58093682490289" lon="15.02386380918324">
        <ele>341.3999938964844</ele>
      </trkpt>
      <trkpt lat="46.58088603056967" lon="15.023885015398264">
        <ele>341.6000061035156</ele>
      </trkpt>
      <trkpt lat="46.5808398462832" lon="15.023906724527478">
        <ele>341.6000061035156</ele>
      </trkpt>
      <trkpt lat="46.58079684711993" lon="15.02392876893282">
        <ele>341.79998779296875</ele>
      </trkpt>
      <trkpt lat="46.5807584580034" lon="15.023952322080731">
        <ele>342.20001220703125</ele>
      </trkpt>
      <trkpt lat="46.58071990124881" lon="15.023974785581231">
        <ele>342.3999938964844</ele>
      </trkpt>
      <trkpt lat="46.58067966811359" lon="15.023973947390914">
        <ele>342.6000061035156</ele>
      </trkpt>
      <trkpt lat="46.58064404502511" lon="15.023948717862368">
        <ele>342.79998779296875</ele>
      </trkpt>
      <trkpt lat="46.580610517412424" lon="15.023919213563204">
        <ele>343</ele>
      </trkpt>
      <trkpt lat="46.5805774088949" lon="15.02388778142631">
        <ele>343</ele>
      </trkpt>
      <trkpt lat="46.58054497092962" lon="15.023852325975895">
        <ele>343</ele>
      </trkpt>
      <trkpt lat="46.58051077276468" lon="15.023818211629987">
        <ele>343.20001220703125</ele>
      </trkpt>
      <trkpt lat="46.58047732897103" lon="15.023786025121808">
        <ele>343</ele>
      </trkpt>
      <trkpt lat="46.58044354990125" lon="15.023755682632327">
        <ele>343</ele>
      </trkpt>
      <trkpt lat="46.580409770831466" lon="15.023725172504783">
        <ele>343.20001220703125</ele>
      </trkpt>
      <trkpt lat="46.58037615939975" lon="15.023691141977906">
        <ele>343.20001220703125</ele>
      </trkpt>
      <trkpt lat="46.58034170977771" lon="15.023669432848692">
        <ele>343.20001220703125</ele>
      </trkpt>
      <trkpt lat="46.58030340448022" lon="15.023683346807957">
        <ele>343.3999938964844</ele>
      </trkpt>
      <trkpt lat="46.58027205616236" lon="15.023723999038339">
        <ele>343.3999938964844</ele>
      </trkpt>
      <trkpt lat="46.580244563519955" lon="15.023779990151525">
        <ele>343.3999938964844</ele>
      </trkpt>
      <trkpt lat="46.58021740615368" lon="15.023843524977565">
        <ele>343.3999938964844</ele>
      </trkpt>
      <trkpt lat="46.580188907682896" lon="15.023912256583571">
        <ele>343.20001220703125</ele>
      </trkpt>
      <trkpt lat="46.58015881665051" lon="15.023986687883735">
        <ele>342.79998779296875</ele>
      </trkpt>
      <trkpt lat="46.580125875771046" lon="15.024066315963864">
        <ele>342.3999938964844</ele>
      </trkpt>
      <trkpt lat="46.580090671777725" lon="15.02414577640593">
        <ele>342</ele>
      </trkpt>
      <trkpt lat="46.58005027100444" lon="15.024220710620284">
        <ele>341.3999938964844</ele>
      </trkpt>
      <trkpt lat="46.580006685107946" lon="15.024290950968862">
        <ele>340.79998779296875</ele>
      </trkpt>
      <trkpt lat="46.57997081056237" lon="15.024365549907088">
        <ele>340.6000061035156</ele>
      </trkpt>
      <trkpt lat="46.57994658686221" lon="15.02444626763463">
        <ele>340.20001220703125</ele>
      </trkpt>
      <trkpt lat="46.57993418164551" lon="15.024520363658667">
        <ele>340.20001220703125</ele>
      </trkpt>
      <trkpt lat="46.57991892658174" lon="15.024585407227278">
        <ele>340</ele>
      </trkpt>
      <trkpt lat="46.5798900090158" lon="15.024648606777191">
        <ele>340</ele>
      </trkpt>
      <trkpt lat="46.57985430210829" lon="15.024706358090043">
        <ele>340</ele>
      </trkpt>
      <trkpt lat="46.579814152792096" lon="15.024760169908404">
        <ele>340</ele>
      </trkpt>
      <trkpt lat="46.57977383583784" lon="15.024809371680021">
        <ele>340.20001220703125</ele>
      </trkpt>
      <trkpt lat="46.57973527908325" lon="15.024856980890036">
        <ele>340.20001220703125</ele>
      </trkpt>
      <trkpt lat="46.57969546504319" lon="15.024899309501052">
        <ele>340.20001220703125</ele>
      </trkpt>
      <trkpt lat="46.57965020276606" lon="15.02493442967534">
        <ele>340.3999938964844</ele>
      </trkpt>
      <trkpt lat="46.57960217446089" lon="15.024960162118077">
        <ele>340.6000061035156</ele>
      </trkpt>
      <trkpt lat="46.579552134498954" lon="15.024977177381516">
        <ele>340.79998779296875</ele>
      </trkpt>
      <trkpt lat="46.57950050197542" lon="15.024988828226924">
        <ele>340.79998779296875</ele>
      </trkpt>
      <trkpt lat="46.579448617994785" lon="15.024994108825922">
        <ele>340.79998779296875</ele>
      </trkpt>
      <trkpt lat="46.57939639873803" lon="15.025001065805554">
        <ele>340.79998779296875</ele>
      </trkpt>
      <trkpt lat="46.57935390248895" lon="15.025005927309394">
        <ele>340.6000061035156</ele>
      </trkpt>
      <trkpt lat="46.57929288223386" lon="15.025011040270329">
        <ele>340.6000061035156</ele>
      </trkpt>
      <trkpt lat="46.57924300990999" lon="15.025011878460646">
        <ele>340.3999938964844</ele>
      </trkpt>
      <trkpt lat="46.579193053767085" lon="15.025011878460646">
        <ele>340.20001220703125</ele>
      </trkpt>
      <trkpt lat="46.579142762348056" lon="15.02501497976482">
        <ele>340.20001220703125</ele>
      </trkpt>
      <trkpt lat="46.57909523695707" lon="15.025021685287356">
        <ele>340.20001220703125</ele>
      </trkpt>
      <trkpt lat="46.5790488012135" lon="15.02503065392375">
        <ele>340.3999938964844</ele>
      </trkpt>
      <trkpt lat="46.57900177873671" lon="15.02504289150238">
        <ele>340.6000061035156</ele>
      </trkpt>
      <trkpt lat="46.57895517535508" lon="15.02505705691874">
        <ele>340.6000061035156</ele>
      </trkpt>
      <trkpt lat="46.57891033217311" lon="15.025076167657971">
        <ele>340.6000061035156</ele>
      </trkpt>
      <trkpt lat="46.57886574044824" lon="15.025099972262979">
        <ele>340.6000061035156</ele>
      </trkpt>
      <trkpt lat="46.57882140018046" lon="15.025125872343779">
        <ele>340.79998779296875</ele>
      </trkpt>
      <trkpt lat="46.578776305541396" lon="15.025151940062642">
        <ele>340.79998779296875</ele>
      </trkpt>
      <trkpt lat="46.57873171381652" lon="15.02517574466765">
        <ele>340.79998779296875</ele>
      </trkpt>
      <trkpt lat="46.57868661917746" lon="15.025195861235261">
        <ele>341</ele>
      </trkpt>
      <trkpt lat="46.57864353619516" lon="15.025213966146111">
        <ele>341</ele>
      </trkpt>
      <trkpt lat="46.57860095612705" lon="15.02523492090404">
        <ele>341</ele>
      </trkpt>
      <trkpt lat="46.578560806810856" lon="15.025260988622904">
        <ele>341.20001220703125</ele>
      </trkpt>
      <trkpt lat="46.57852199859917" lon="15.025287978351116">
        <ele>341.3999938964844</ele>
      </trkpt>
      <trkpt lat="46.57848461531103" lon="15.025309519842267">
        <ele>341.3999938964844</ele>
      </trkpt>
      <trkpt lat="46.57844522036612" lon="15.025334917008877">
        <ele>341.6000061035156</ele>
      </trkpt>
      <trkpt lat="46.578405825421214" lon="15.025359643623233">
        <ele>341.6000061035156</ele>
      </trkpt>
      <trkpt lat="46.57836735248566" lon="15.025385208427906">
        <ele>341.6000061035156</ele>
      </trkpt>
      <trkpt lat="46.57832778990269" lon="15.025414042174816">
        <ele>341.6000061035156</ele>
      </trkpt>
      <trkpt lat="46.57829023897648" lon="15.025441031903028">
        <ele>341.6000061035156</ele>
      </trkpt>
      <trkpt lat="46.57825226895511" lon="15.025467267259955">
        <ele>341.6000061035156</ele>
      </trkpt>
      <trkpt lat="46.57821505330503" lon="15.025494676083326">
        <ele>341.6000061035156</ele>
      </trkpt>
      <trkpt lat="46.578176664188504" lon="15.025526359677315">
        <ele>341.79998779296875</ele>
      </trkpt>
      <trkpt lat="46.57813928090036" lon="15.025559719651937">
        <ele>341.79998779296875</ele>
      </trkpt>
      <trkpt lat="46.578104328364134" lon="15.025590062141418">
        <ele>342</ele>
      </trkpt>
      <trkpt lat="46.578072141855955" lon="15.025622164830565">
        <ele>342.20001220703125</ele>
      </trkpt>
      <trkpt lat="46.578046744689345" lon="15.025657201185822">
        <ele>342.20001220703125</ele>
      </trkpt>
      <trkpt lat="46.578025203198195" lon="15.025687208399177">
        <ele>342.20001220703125</ele>
      </trkpt>
      <trkpt lat="46.57801036722958" lon="15.025711683556437">
        <ele>342.3999938964844</ele>
      </trkpt>
      <trkpt lat="46.577999386936426" lon="15.025727106258273">
        <ele>342.6000061035156</ele>
      </trkpt>
      <trkpt lat="46.57798974774778" lon="15.025738840922713">
        <ele>342.79998779296875</ele>
      </trkpt>
      <trkpt lat="46.57798036001623" lon="15.025750743225217">
        <ele>343</ele>
      </trkpt>
      <trkpt lat="46.57797122374177" lon="15.025763399899006">
        <ele>343</ele>
      </trkpt>
      <trkpt lat="46.577967619523406" lon="15.025781337171793">
        <ele>343.20001220703125</ele>
      </trkpt>
      <trkpt lat="46.577965104952455" lon="15.025811092928052">
        <ele>343.20001220703125</ele>
      </trkpt>
      <trkpt lat="46.577961165457964" lon="15.025846129283309">
        <ele>343.3999938964844</ele>
      </trkpt>
      <trkpt lat="46.577960746362805" lon="15.025887619704008">
        <ele>343.3999938964844</ele>
      </trkpt>
      <trkpt lat="46.57796795479953" lon="15.025934809818864">
        <ele>343.3999938964844</ele>
      </trkpt>
      <trkpt lat="46.577979270368814" lon="15.025983341038227">
        <ele>343.3999938964844</ele>
      </trkpt>
      <trkpt lat="46.5779937710613" lon="15.026034135371447">
        <ele>343.20001220703125</ele>
      </trkpt>
      <trkpt lat="46.578007685020566" lon="15.02608803100884">
        <ele>343.20001220703125</ele>
      </trkpt>
      <trkpt lat="46.578016486018896" lon="15.026145111769438">
        <ele>343.20001220703125</ele>
      </trkpt>
      <trkpt lat="46.578024700284004" lon="15.026206048205495">
        <ele>343.20001220703125</ele>
      </trkpt>
      <trkpt lat="46.5780318249017" lon="15.026268912479281">
        <ele>343.20001220703125</ele>
      </trkpt>
      <trkpt lat="46.57803760841489" lon="15.026332447305322">
        <ele>343.20001220703125</ele>
      </trkpt>
      <trkpt lat="46.57804389484227" lon="15.026395479217172">
        <ele>343.20001220703125</ele>
      </trkpt>
      <trkpt lat="46.57804615795612" lon="15.026460606604815">
        <ele>343.3999938964844</ele>
      </trkpt>
      <trkpt lat="46.57805495895445" lon="15.026523051783442">
        <ele>343.3999938964844</ele>
      </trkpt>
      <trkpt lat="46.57806199975312" lon="15.026585161685944">
        <ele>343.6000061035156</ele>
      </trkpt>
      <trkpt lat="46.578059988096356" lon="15.026645679026842">
        <ele>343.79998779296875</ele>
      </trkpt>
      <trkpt lat="46.57804909162223" lon="15.026703095063567">
        <ele>344</ele>
      </trkpt>
      <trkpt lat="46.578029142692685" lon="15.026755901053548">
        <ele>344.20001220703125</ele>
      </trkpt>
      <trkpt lat="46.577996872365475" lon="15.026795379817486">
        <ele>344.20001220703125</ele>
      </trkpt>
      <trkpt lat="46.57795990817249" lon="15.026822621002793">
        <ele>344</ele>
      </trkpt>
      <trkpt lat="46.57792579382658" lon="15.026853298768401">
        <ele>344</ele>
      </trkpt>
      <trkpt lat="46.57789737917483" lon="15.026894956827164">
        <ele>343.79998779296875</ele>
      </trkpt>
      <trkpt lat="46.57787491567433" lon="15.026945332065225">
        <ele>343.79998779296875</ele>
      </trkpt>
      <trkpt lat="46.57785546965897" lon="15.02699788659811">
        <ele>343.79998779296875</ele>
      </trkpt>
      <trkpt lat="46.57783376052976" lon="15.027046082541347">
        <ele>343.79998779296875</ele>
      </trkpt>
      <trkpt lat="46.577803920954466" lon="15.027087489143014">
        <ele>344</ele>
      </trkpt>
      <trkpt lat="46.57776444219053" lon="15.027112299576402">
        <ele>344</ele>
      </trkpt>
      <trkpt lat="46.57772060483694" lon="15.027122525498271">
        <ele>343.79998779296875</ele>
      </trkpt>
      <trkpt lat="46.57770945690572" lon="15.027129398658872">
        <ele>342.6000061035156</ele>
      </trkpt>
      <trkpt lat="46.57769177109003" lon="15.02716158516705">
        <ele>342.6000061035156</ele>
      </trkpt>
      <trkpt lat="46.57768053933978" lon="15.027200058102608">
        <ele>342.6000061035156</ele>
      </trkpt>
      <trkpt lat="46.57767031341791" lon="15.02724464982748">
        <ele>342.6000061035156</ele>
      </trkpt>
      <trkpt lat="46.57766520045698" lon="15.02729938365519">
        <ele>342.3999938964844</ele>
      </trkpt>
      <trkpt lat="46.577655309811234" lon="15.02735998481512">
        <ele>342.3999938964844</ele>
      </trkpt>
      <trkpt lat="46.57762287184596" lon="15.02740927040577">
        <ele>342.20001220703125</ele>
      </trkpt>
      <trkpt lat="46.57758221961558" lon="15.027448246255517">
        <ele>342.3999938964844</ele>
      </trkpt>
      <trkpt lat="46.57753989100456" lon="15.027482863515615">
        <ele>342.3999938964844</ele>
      </trkpt>
      <trkpt lat="46.57749588601291" lon="15.027517732232809">
        <ele>342.79998779296875</ele>
      </trkpt>
      <trkpt lat="46.5774517133832" lon="15.02755586989224">
        <ele>343</ele>
      </trkpt>
      <trkpt lat="46.57741215080023" lon="15.027600210160017">
        <ele>343</ele>
      </trkpt>
      <trkpt lat="46.577376779168844" lon="15.027653519064188">
        <ele>343</ele>
      </trkpt>
      <trkpt lat="46.577340653166175" lon="15.027712108567357">
        <ele>343</ele>
      </trkpt>
      <trkpt lat="46.57730377279222" lon="15.027764663100243">
        <ele>342.79998779296875</ele>
      </trkpt>
      <trkpt lat="46.57726370729506" lon="15.02780799753964">
        <ele>342.79998779296875</ele>
      </trkpt>
      <trkpt lat="46.57721534371376" lon="15.02784714102745">
        <ele>342.6000061035156</ele>
      </trkpt>
      <trkpt lat="46.57716907560825" lon="15.02788963727653">
        <ele>342.6000061035156</ele>
      </trkpt>
      <trkpt lat="46.577123226597905" lon="15.027931379154325">
        <ele>342.6000061035156</ele>
      </trkpt>
      <trkpt lat="46.57707612030208" lon="15.027968678623438">
        <ele>342.6000061035156</ele>
      </trkpt>
      <trkpt lat="46.57702909782529" lon="15.0280000269413">
        <ele>342.79998779296875</ele>
      </trkpt>
      <trkpt lat="46.57697939313948" lon="15.02803087234497">
        <ele>343</ele>
      </trkpt>
      <trkpt lat="46.576930694282055" lon="15.028062053024769">
        <ele>343</ele>
      </trkpt>
      <trkpt lat="46.57688291743398" lon="15.028093066066504">
        <ele>343.20001220703125</ele>
      </trkpt>
      <trkpt lat="46.57683287747204" lon="15.028123073279858">
        <ele>343.20001220703125</ele>
      </trkpt>
      <trkpt lat="46.576785184443" lon="15.028153751045465">
        <ele>343.20001220703125</ele>
      </trkpt>
      <trkpt lat="46.57673975452781" lon="15.028184512630105">
        <ele>343.20001220703125</ele>
      </trkpt>
      <trkpt lat="46.576693737879395" lon="15.028216699138284">
        <ele>343.20001220703125</ele>
      </trkpt>
      <trkpt lat="46.57664663158357" lon="15.028252992779016">
        <ele>343.3999938964844</ele>
      </trkpt>
      <trkpt lat="46.57660304568708" lon="15.028288112953305">
        <ele>343.3999938964844</ele>
      </trkpt>
      <trkpt lat="46.57655560411513" lon="15.028315773233771">
        <ele>343.6000061035156</ele>
      </trkpt>
      <trkpt lat="46.576507491990924" lon="15.028346199542284">
        <ele>343.79998779296875</ele>
      </trkpt>
      <trkpt lat="46.576460134238005" lon="15.028379391878843">
        <ele>344</ele>
      </trkpt>
      <trkpt lat="46.576412692666054" lon="15.028413087129593">
        <ele>344.20001220703125</ele>
      </trkpt>
      <trkpt lat="46.57636508345604" lon="15.028447033837438">
        <ele>344.3999938964844</ele>
      </trkpt>
      <trkpt lat="46.57631764188409" lon="15.028480226173997">
        <ele>344.6000061035156</ele>
      </trkpt>
      <trkpt lat="46.57627112232149" lon="15.02851308323443">
        <ele>344.6000061035156</ele>
      </trkpt>
      <trkpt lat="46.576227536424994" lon="15.028546443209052">
        <ele>344.79998779296875</ele>
      </trkpt>
      <trkpt lat="46.57618336379528" lon="15.028580892831087">
        <ele>344.79998779296875</ele>
      </trkpt>
      <trkpt lat="46.57614220865071" lon="15.028612744063139">
        <ele>345</ele>
      </trkpt>
      <trkpt lat="46.576099041849375" lon="15.028641913086176">
        <ele>345</ele>
      </trkpt>
      <trkpt lat="46.57605587504804" lon="15.028668651357293">
        <ele>345</ele>
      </trkpt>
      <trkpt lat="46.57601379789412" lon="15.028692875057459">
        <ele>345.20001220703125</ele>
      </trkpt>
      <trkpt lat="46.57597113400698" lon="15.028715087100863">
        <ele>345.20001220703125</ele>
      </trkpt>
      <trkpt lat="46.57592788338661" lon="15.02873931080103">
        <ele>345.20001220703125</ele>
      </trkpt>
      <trkpt lat="46.57588823698461" lon="15.028765294700861">
        <ele>345.3999938964844</ele>
      </trkpt>
      <trkpt lat="46.57585152424872" lon="15.02879312261939">
        <ele>345.3999938964844</ele>
      </trkpt>
      <trkpt lat="46.575814643874764" lon="15.02882145345211">
        <ele>345.6000061035156</ele>
      </trkpt>
      <trkpt lat="46.57577835023403" lon="15.028846682980657">
        <ele>345.6000061035156</ele>
      </trkpt>
      <trkpt lat="46.57574172131717" lon="15.028870906680822">
        <ele>345.6000061035156</ele>
      </trkpt>
      <trkpt lat="46.575707187876105" lon="15.028892615810037">
        <ele>345.79998779296875</ele>
      </trkpt>
      <trkpt lat="46.57567567192018" lon="15.028908792883158">
        <ele>345.79998779296875</ele>
      </trkpt>
      <trkpt lat="46.575648095458746" lon="15.028916336596012">
        <ele>345.79998779296875</ele>
      </trkpt>
      <trkpt lat="46.57562546432018" lon="15.028930669650435">
        <ele>346</ele>
      </trkpt>
      <trkpt lat="46.57561113126576" lon="15.028962604701519">
        <ele>346</ele>
      </trkpt>
      <trkpt lat="46.57560836523771" lon="15.029000993818045">
        <ele>346.20001220703125</ele>
      </trkpt>
      <trkpt lat="46.57561364583671" lon="15.029042148962617">
        <ele>346.20001220703125</ele>
      </trkpt>
      <trkpt lat="46.57562035135925" lon="15.029080621898174">
        <ele>346.3999938964844</ele>
      </trkpt>
      <trkpt lat="46.575630493462086" lon="15.029117250815034">
        <ele>346.6000061035156</ele>
      </trkpt>
      <trkpt lat="46.575640300288796" lon="15.029156897217035">
        <ele>346.6000061035156</ele>
      </trkpt>
      <trkpt lat="46.575641641393304" lon="15.029197549447417">
        <ele>346.79998779296875</ele>
      </trkpt>
      <trkpt lat="46.575627475976944" lon="15.02922747284174">
        <ele>346.79998779296875</ele>
      </trkpt>
      <trkpt lat="46.57560333609581" lon="15.029245996847749">
        <ele>347</ele>
      </trkpt>
      <trkpt lat="46.57557005994022" lon="15.029260665178299">
        <ele>347</ele>
      </trkpt>
      <trkpt lat="46.57553544268012" lon="15.029271394014359">
        <ele>347.20001220703125</ele>
      </trkpt>
      <trkpt lat="46.5755002386868" lon="15.029286984354258">
        <ele>347.20001220703125</ele>
      </trkpt>
      <trkpt lat="46.575467297807336" lon="15.029309447854757">
        <ele>347.20001220703125</ele>
      </trkpt>
      <trkpt lat="46.57543536275625" lon="15.02933551557362">
        <ele>347.20001220703125</ele>
      </trkpt>
      <trkpt lat="46.57540267333388" lon="15.029360242187977">
        <ele>347</ele>
      </trkpt>
      <trkpt lat="46.57536679878831" lon="15.029386980459094">
        <ele>347</ele>
      </trkpt>
      <trkpt lat="46.575329499319196" lon="15.029417742043734">
        <ele>346.79998779296875</ele>
      </trkpt>
      <trkpt lat="46.57529060728848" lon="15.02945076674223">
        <ele>346.6000061035156</ele>
      </trkpt>
      <trkpt lat="46.57524861395359" lon="15.029486389830709">
        <ele>346.3999938964844</ele>
      </trkpt>
      <trkpt lat="46.575205363333225" lon="15.029523270204663">
        <ele>346.20001220703125</ele>
      </trkpt>
      <trkpt lat="46.57516211271286" lon="15.029563503339887">
        <ele>346</ele>
      </trkpt>
      <trkpt lat="46.57511869445443" lon="15.029603568837047">
        <ele>346</ele>
      </trkpt>
      <trkpt lat="46.57506991177797" lon="15.029642041772604">
        <ele>345.79998779296875</ele>
      </trkpt>
      <trkpt lat="46.57502104528248" lon="15.02967992797494">
        <ele>345.3999938964844</ele>
      </trkpt>
      <trkpt lat="46.574971759691834" lon="15.029720244929194">
        <ele>345.20001220703125</ele>
      </trkpt>
      <trkpt lat="46.574920965358615" lon="15.029760980978608">
        <ele>345</ele>
      </trkpt>
      <trkpt lat="46.574870087206364" lon="15.029802722856402">
        <ele>344.79998779296875</ele>
      </trkpt>
      <trkpt lat="46.57481912523508" lon="15.029843375086784">
        <ele>344.6000061035156</ele>
      </trkpt>
      <trkpt lat="46.574764642864466" lon="15.029885871335864">
        <ele>344.3999938964844</ele>
      </trkpt>
      <trkpt lat="46.57471057958901" lon="15.029928535223007">
        <ele>344.3999938964844</ele>
      </trkpt>
      <trkpt lat="46.57465827651322" lon="15.029973378404975">
        <ele>344.20001220703125</ele>
      </trkpt>
      <trkpt lat="46.57460513524711" lon="15.030017886310816">
        <ele>344.20001220703125</ele>
      </trkpt>
      <trkpt lat="46.57455182634294" lon="15.030059544369578">
        <ele>344</ele>
      </trkpt>
      <trkpt lat="46.57449801452458" lon="15.030100531876087">
        <ele>344</ele>
      </trkpt>
      <trkpt lat="46.574443113058805" lon="15.030141938477755">
        <ele>344</ele>
      </trkpt>
      <trkpt lat="46.57439097762108" lon="15.030180076137185">
        <ele>344</ele>
      </trkpt>
      <trkpt lat="46.57434118911624" lon="15.030214358121157">
        <ele>344</ele>
      </trkpt>
      <trkpt lat="46.574291149154305" lon="15.030248472467065">
        <ele>344</ele>
      </trkpt>
      <trkpt lat="46.57424060627818" lon="15.030284347012639">
        <ele>344.20001220703125</ele>
      </trkpt>
      <trkpt lat="46.5741893928498" lon="15.030323071405292">
        <ele>344.3999938964844</ele>
      </trkpt>
      <trkpt lat="46.574137257412076" lon="15.030360538512468">
        <ele>344.3999938964844</ele>
      </trkpt>
      <trkpt lat="46.57408311031759" lon="15.030392725020647">
        <ele>344.6000061035156</ele>
      </trkpt>
      <trkpt lat="46.574031645432115" lon="15.030429353937507">
        <ele>344.6000061035156</ele>
      </trkpt>
      <trkpt lat="46.57398152165115" lon="15.030474197119474">
        <ele>344.6000061035156</ele>
      </trkpt>
      <trkpt lat="46.57393500208855" lon="15.030520213767886">
        <ele>344.6000061035156</ele>
      </trkpt>
      <trkpt lat="46.57388789579272" lon="15.030564134940505">
        <ele>344.79998779296875</ele>
      </trkpt>
      <trkpt lat="46.57384120859206" lon="15.030612414702773">
        <ele>344.6000061035156</ele>
      </trkpt>
      <trkpt lat="46.57379535958171" lon="15.03066211938858">
        <ele>344.6000061035156</ele>
      </trkpt>
      <trkpt lat="46.57375060021877" lon="15.030708136036992">
        <ele>344.6000061035156</ele>
      </trkpt>
      <trkpt lat="46.57370835542679" lon="15.030748788267374">
        <ele>344.3999938964844</ele>
      </trkpt>
      <trkpt lat="46.57366284169257" lon="15.03078768029809">
        <ele>344.3999938964844</ele>
      </trkpt>
      <trkpt lat="46.573613891378045" lon="15.030823471024632">
        <ele>344.3999938964844</ele>
      </trkpt>
      <trkpt lat="46.573566030710936" lon="15.03085657954216">
        <ele>344.6000061035156</ele>
      </trkpt>
      <trkpt lat="46.57352269627154" lon="15.030896728858352">
        <ele>344.6000061035156</ele>
      </trkpt>
      <trkpt lat="46.573488833382726" lon="15.030955653637648">
        <ele>345</ele>
      </trkpt>
      <trkpt lat="46.57346611842513" lon="15.031026983633637">
        <ele>345.20001220703125</ele>
      </trkpt>
      <trkpt lat="46.57345153391361" lon="15.031099151819944">
        <ele>345.3999938964844</ele>
      </trkpt>
      <trkpt lat="46.57343317754567" lon="15.031164195388556">
        <ele>345.6000061035156</ele>
      </trkpt>
      <trkpt lat="46.57340778037906" lon="15.031215492635965">
        <ele>346</ele>
      </trkpt>
      <trkpt lat="46.57337877899408" lon="15.031253881752491">
        <ele>346.3999938964844</ele>
      </trkpt>
      <trkpt lat="46.57334768213332" lon="15.031288331374526">
        <ele>346.6000061035156</ele>
      </trkpt>
      <trkpt lat="46.57331666909158" lon="15.031319931149483">
        <ele>347</ele>
      </trkpt>
      <trkpt lat="46.57328490167856" lon="15.031352788209915">
        <ele>347.3999938964844</ele>
      </trkpt>
      <trkpt lat="46.573253720998764" lon="15.031387992203236">
        <ele>347.79998779296875</ele>
      </trkpt>
      <trkpt lat="46.57322094775736" lon="15.031419089064002">
        <ele>348</ele>
      </trkpt>
      <trkpt lat="46.57318708486855" lon="15.031447503715754">
        <ele>348.20001220703125</ele>
      </trkpt>
      <trkpt lat="46.57315280288458" lon="15.031477091833949">
        <ele>348.20001220703125</ele>
      </trkpt>
      <trkpt lat="46.57311416231096" lon="15.03150885924697">
        <ele>348.20001220703125</ele>
      </trkpt>
      <trkpt lat="46.57307367771864" lon="15.031544901430607">
        <ele>348.3999938964844</ele>
      </trkpt>
      <trkpt lat="46.57303478568792" lon="15.031583039090037">
        <ele>348.20001220703125</ele>
      </trkpt>
      <trkpt lat="46.57299547456205" lon="15.031620590016246">
        <ele>348.20001220703125</ele>
      </trkpt>
      <trkpt lat="46.57295901328325" lon="15.031660906970501">
        <ele>348.20001220703125</ele>
      </trkpt>
      <trkpt lat="46.57292565330863" lon="15.031704492866993">
        <ele>348.20001220703125</ele>
      </trkpt>
      <trkpt lat="46.57288818620145" lon="15.03175025805831">
        <ele>348.20001220703125</ele>
      </trkpt>
      <trkpt lat="46.57285055145621" lon="15.031795604154468">
        <ele>348</ele>
      </trkpt>
      <trkpt lat="46.572813503444195" lon="15.031842291355133">
        <ele>348</ele>
      </trkpt>
      <trkpt lat="46.5727767907083" lon="15.03188755363226">
        <ele>347.79998779296875</ele>
      </trkpt>
      <trkpt lat="46.57274099998176" lon="15.031941533088684">
        <ele>347.79998779296875</ele>
      </trkpt>
      <trkpt lat="46.57270487397909" lon="15.03199853003025">
        <ele>347.79998779296875</ele>
      </trkpt>
      <trkpt lat="46.57267889007926" lon="15.032043876126409">
        <ele>347.79998779296875</ele>
      </trkpt>
      <trkpt lat="46.57264452427626" lon="15.032098777592182">
        <ele>347.6000061035156</ele>
      </trkpt>
      <trkpt lat="46.572613595053554" lon="15.032154684886336">
        <ele>347.6000061035156</ele>
      </trkpt>
      <trkpt lat="46.57257663086057" lon="15.032226014882326">
        <ele>347.6000061035156</ele>
      </trkpt>
      <trkpt lat="46.57255039550364" lon="15.032273288816214">
        <ele>347.3999938964844</ele>
      </trkpt>
      <trkpt lat="46.57251921482384" lon="15.032331626862288">
        <ele>347.3999938964844</ele>
      </trkpt>
      <trkpt lat="46.57248476520181" lon="15.032400861382484">
        <ele>347.3999938964844</ele>
      </trkpt>
      <trkpt lat="46.57246238552034" lon="15.032454170286655">
        <ele>347.3999938964844</ele>
      </trkpt>
      <trkpt lat="46.57243799418211" lon="15.03250421024859">
        <ele>347.20001220703125</ele>
      </trkpt>
      <trkpt lat="46.57240773551166" lon="15.032560620456934">
        <ele>347.20001220703125</ele>
      </trkpt>
      <trkpt lat="46.572376722469926" lon="15.032625077292323">
        <ele>347.20001220703125</ele>
      </trkpt>
      <trkpt lat="46.57234948128462" lon="15.032691294327378">
        <ele>347.20001220703125</ele>
      </trkpt>
      <trkpt lat="46.572321485728025" lon="15.032756421715021">
        <ele>347.20001220703125</ele>
      </trkpt>
      <trkpt lat="46.57229281961918" lon="15.032822890207171">
        <ele>347.20001220703125</ele>
      </trkpt>
      <trkpt lat="46.572262309491634" lon="15.032889442518353">
        <ele>347.3999938964844</ele>
      </trkpt>
      <trkpt lat="46.57222844660282" lon="15.032956497743726">
        <ele>347.3999938964844</ele>
      </trkpt>
      <trkpt lat="46.572195840999484" lon="15.033023804426193">
        <ele>347.3999938964844</ele>
      </trkpt>
      <trkpt lat="46.57217061147094" lon="15.033075353130698">
        <ele>347.20001220703125</ele>
      </trkpt>
      <trkpt lat="46.572138257324696" lon="15.033140229061246">
        <ele>347.20001220703125</ele>
      </trkpt>
      <trkpt lat="46.57209852710366" lon="15.033218851312995">
        <ele>347.20001220703125</ele>
      </trkpt>
      <trkpt lat="46.57206600531936" lon="15.033285152167082">
        <ele>347.20001220703125</ele>
      </trkpt>
      <trkpt lat="46.57203524373472" lon="15.033348435536027">
        <ele>347.20001220703125</ele>
      </trkpt>
      <trkpt lat="46.572002386674285" lon="15.033409874886274">
        <ele>347.3999938964844</ele>
      </trkpt>
      <trkpt lat="46.57197053544223" lon="15.033472487702966">
        <ele>347.6000061035156</ele>
      </trkpt>
      <trkpt lat="46.57193751074374" lon="15.033536106348038">
        <ele>347.6000061035156</ele>
      </trkpt>
      <trkpt lat="46.57191211357713" lon="15.03358606249094">
        <ele>347.79998779296875</ele>
      </trkpt>
      <trkpt lat="46.571879675611854" lon="15.033649681136012">
        <ele>348</ele>
      </trkpt>
      <trkpt lat="46.57184790819883" lon="15.033709527924657">
        <ele>348</ele>
      </trkpt>
      <trkpt lat="46.571806920692325" lon="15.033782869577408">
        <ele>348.20001220703125</ele>
      </trkpt>
      <trkpt lat="46.57177213579416" lon="15.03384212963283">
        <ele>348</ele>
      </trkpt>
      <trkpt lat="46.57173542305827" lon="15.033901473507285">
        <ele>348</ele>
      </trkpt>
      <trkpt lat="46.571699380874634" lon="15.033956710249186">
        <ele>348</ele>
      </trkpt>
      <trkpt lat="46.57167096622288" lon="15.034000547602773">
        <ele>347.79998779296875</ele>
      </trkpt>
      <trkpt lat="46.57163618132472" lon="15.034058215096593">
        <ele>347.79998779296875</ele>
      </trkpt>
      <trkpt lat="46.5715975407511" lon="15.034126359969378">
        <ele>347.79998779296875</ele>
      </trkpt>
      <trkpt lat="46.57156367786229" lon="15.034183524549007">
        <ele>347.79998779296875</ele>
      </trkpt>
      <trkpt lat="46.571529898792505" lon="15.034240102395415">
        <ele>348</ele>
      </trkpt>
      <trkpt lat="46.571497125551105" lon="15.034294668585062">
        <ele>348</ele>
      </trkpt>
      <trkpt lat="46.57146024517715" lon="15.034350072965026">
        <ele>348</ele>
      </trkpt>
      <trkpt lat="46.571426298469305" lon="15.034403800964355">
        <ele>348.20001220703125</ele>
      </trkpt>
      <trkpt lat="46.571391597390175" lon="15.034457948058844">
        <ele>348.20001220703125</ele>
      </trkpt>
      <trkpt lat="46.5713573154062" lon="15.034511089324951">
        <ele>348.20001220703125</ele>
      </trkpt>
      <trkpt lat="46.57132378779352" lon="15.034565990790725">
        <ele>348.20001220703125</ele>
      </trkpt>
      <trkpt lat="46.57128908671439" lon="15.034620892256498">
        <ele>348.3999938964844</ele>
      </trkpt>
      <trkpt lat="46.571255223825574" lon="15.03467470407486">
        <ele>348.3999938964844</ele>
      </trkpt>
      <trkpt lat="46.571222031489015" lon="15.034729018807411">
        <ele>348.3999938964844</ele>
      </trkpt>
      <trkpt lat="46.57118707895279" lon="15.034782914444804">
        <ele>348.6000061035156</ele>
      </trkpt>
      <trkpt lat="46.57115254551172" lon="15.034834798425436">
        <ele>348.6000061035156</ele>
      </trkpt>
      <trkpt lat="46.571117928251624" lon="15.034890538081527">
        <ele>348.6000061035156</ele>
      </trkpt>
      <trkpt lat="46.571084735915065" lon="15.034947618842125">
        <ele>348.6000061035156</ele>
      </trkpt>
      <trkpt lat="46.571050034835935" lon="15.035003190860152">
        <ele>348.6000061035156</ele>
      </trkpt>
      <trkpt lat="46.57101516611874" lon="15.035056248307228">
        <ele>348.79998779296875</ele>
      </trkpt>
      <trkpt lat="46.57098339870572" lon="15.035109473392367">
        <ele>348.79998779296875</ele>
      </trkpt>
      <trkpt lat="46.57095221802592" lon="15.035161022096872">
        <ele>349</ele>
      </trkpt>
      <trkpt lat="46.570927826687694" lon="15.035202596336603">
        <ele>349</ele>
      </trkpt>
      <trkpt lat="46.57089446671307" lon="15.035254647955298">
        <ele>349.20001220703125</ele>
      </trkpt>
      <trkpt lat="46.57085498794913" lon="15.03531726077199">
        <ele>349.20001220703125</ele>
      </trkpt>
      <trkpt lat="46.5708205383271" lon="15.035369647666812">
        <ele>349.20001220703125</ele>
      </trkpt>
      <trkpt lat="46.570788184180856" lon="15.035423040390015">
        <ele>349.20001220703125</ele>
      </trkpt>
      <trkpt lat="46.57075851224363" lon="15.035475678741932">
        <ele>349.20001220703125</ele>
      </trkpt>
      <trkpt lat="46.57072976231575" lon="15.035527227446437">
        <ele>349.20001220703125</ele>
      </trkpt>
      <trkpt lat="46.570696737617254" lon="15.035577015951276">
        <ele>349.20001220703125</ele>
      </trkpt>
      <trkpt lat="46.57066438347101" lon="15.03562655299902">
        <ele>349.20001220703125</ele>
      </trkpt>
      <trkpt lat="46.57063362188637" lon="15.035677514970303">
        <ele>349.20001220703125</ele>
      </trkpt>
      <trkpt lat="46.5706011839211" lon="15.035729315131903">
        <ele>349.20001220703125</ele>
      </trkpt>
      <trkpt lat="46.57056757248938" lon="15.035784132778645">
        <ele>349.20001220703125</ele>
      </trkpt>
      <trkpt lat="46.570531111210585" lon="15.035836100578308">
        <ele>349.20001220703125</ele>
      </trkpt>
      <trkpt lat="46.57049624249339" lon="15.035883793607354">
        <ele>349.20001220703125</ele>
      </trkpt>
      <trkpt lat="46.570460787042975" lon="15.03593249246478">
        <ele>349.3999938964844</ele>
      </trkpt>
      <trkpt lat="46.570429522544146" lon="15.035979766398668">
        <ele>349.6000061035156</ele>
      </trkpt>
      <trkpt lat="46.570397252216935" lon="15.036027878522873">
        <ele>349.6000061035156</ele>
      </trkpt>
      <trkpt lat="46.570364059880376" lon="15.036077918484807">
        <ele>349.79998779296875</ele>
      </trkpt>
      <trkpt lat="46.57033111900091" lon="15.036126198247075">
        <ele>349.79998779296875</ele>
      </trkpt>
      <trkpt lat="46.57029775902629" lon="15.036170287057757">
        <ele>349.79998779296875</ele>
      </trkpt>
      <trkpt lat="46.57026364468038" lon="15.036212867125869">
        <ele>349.79998779296875</ele>
      </trkpt>
      <trkpt lat="46.570225758478045" lon="15.036255614832044">
        <ele>349.79998779296875</ele>
      </trkpt>
      <trkpt lat="46.57018686644733" lon="15.036296434700489">
        <ele>349.79998779296875</ele>
      </trkpt>
      <trkpt lat="46.570147555321455" lon="15.036333985626698">
        <ele>349.79998779296875</ele>
      </trkpt>
      <trkpt lat="46.570109920576215" lon="15.036370949819684">
        <ele>349.79998779296875</ele>
      </trkpt>
      <trkpt lat="46.57007806934416" lon="15.036400789394975">
        <ele>349.6000061035156</ele>
      </trkpt>
      <trkpt lat="46.57003347761929" lon="15.036444710567594">
        <ele>349.6000061035156</ele>
      </trkpt>
      <trkpt lat="46.56999475322664" lon="15.036482848227024">
        <ele>349.6000061035156</ele>
      </trkpt>
      <trkpt lat="46.56995586119592" lon="15.03652073442936">
        <ele>349.3999938964844</ele>
      </trkpt>
      <trkpt lat="46.56991847790778" lon="15.036552920937538">
        <ele>349.6000061035156</ele>
      </trkpt>
      <trkpt lat="46.56988302245736" lon="15.03658670000732">
        <ele>349.6000061035156</ele>
      </trkpt>
      <trkpt lat="46.56984689645469" lon="15.036623245105147">
        <ele>349.6000061035156</ele>
      </trkpt>
      <trkpt lat="46.5698120277375" lon="15.036661382764578">
        <ele>349.79998779296875</ele>
      </trkpt>
      <trkpt lat="46.56977732665837" lon="15.03669667057693">
        <ele>349.79998779296875</ele>
      </trkpt>
      <trkpt lat="46.56974312849343" lon="15.036728018894792">
        <ele>349.79998779296875</ele>
      </trkpt>
      <trkpt lat="46.56970901414752" lon="15.03675919957459">
        <ele>349.79998779296875</ele>
      </trkpt>
      <trkpt lat="46.569673642516136" lon="15.036795912310481">
        <ele>349.79998779296875</ele>
      </trkpt>
      <trkpt lat="46.56963868997991" lon="15.036829775199294">
        <ele>350</ele>
      </trkpt>
      <trkpt lat="46.56960533000529" lon="15.036861877888441">
        <ele>350</ele>
      </trkpt>
      <trkpt lat="46.5695718023926" lon="15.036895740777254">
        <ele>350.20001220703125</ele>
      </trkpt>
      <trkpt lat="46.569545064121485" lon="15.036925496533513">
        <ele>350.20001220703125</ele>
      </trkpt>
      <trkpt lat="46.56950390897691" lon="15.036972602829337">
        <ele>350.20001220703125</ele>
      </trkpt>
      <trkpt lat="46.56947591342032" lon="15.03700252622366">
        <ele>350.20001220703125</ele>
      </trkpt>
      <trkpt lat="46.56943500973284" lon="15.037046698853374">
        <ele>350.20001220703125</ele>
      </trkpt>
      <trkpt lat="46.56940299086273" lon="15.037080897018313">
        <ele>350.3999938964844</ele>
      </trkpt>
      <trkpt lat="46.56937088817358" lon="15.037114676088095">
        <ele>350.6000061035156</ele>
      </trkpt>
      <trkpt lat="46.56934121623635" lon="15.037146108224988">
        <ele>350.79998779296875</ele>
      </trkpt>
      <trkpt lat="46.56931171193719" lon="15.037174774333835">
        <ele>351</ele>
      </trkpt>
      <trkpt lat="46.56928136944771" lon="15.037206877022982">
        <ele>351.20001220703125</ele>
      </trkpt>
      <trkpt lat="46.56925102695823" lon="15.03723856061697">
        <ele>351.20001220703125</ele>
      </trkpt>
      <trkpt lat="46.56922336667776" lon="15.037266639992595">
        <ele>351.20001220703125</ele>
      </trkpt>
      <trkpt lat="46.56919344328344" lon="15.037293964996934">
        <ele>351.20001220703125</ele>
      </trkpt>
      <trkpt lat="46.56916125677526" lon="15.03731969743967">
        <ele>351.20001220703125</ele>
      </trkpt>
      <trkpt lat="46.56913133338094" lon="15.037344507873058">
        <ele>351.3999938964844</ele>
      </trkpt>
      <trkpt lat="46.56910166144371" lon="15.0373699888587">
        <ele>351.6000061035156</ele>
      </trkpt>
      <trkpt lat="46.5690744202584" lon="15.037396559491754">
        <ele>352</ele>
      </trkpt>
      <trkpt lat="46.56904684379697" lon="15.037424303591251">
        <ele>352.3999938964844</ele>
      </trkpt>
      <trkpt lat="46.56901893205941" lon="15.037451712414622">
        <ele>352.3999938964844</ele>
      </trkpt>
      <trkpt lat="46.568990936502814" lon="15.037478283047676">
        <ele>352.6000061035156</ele>
      </trkpt>
      <trkpt lat="46.568958247080445" lon="15.03750435076654">
        <ele>352.6000061035156</ele>
      </trkpt>
      <trkpt lat="46.56892295926809" lon="15.037530167028308">
        <ele>352.6000061035156</ele>
      </trkpt>
      <trkpt lat="46.568887419998646" lon="15.03755908459425">
        <ele>352.6000061035156</ele>
      </trkpt>
      <trkpt lat="46.568852718919516" lon="15.037586325779557">
        <ele>352.79998779296875</ele>
      </trkpt>
      <trkpt lat="46.5688191074878" lon="15.037610717117786">
        <ele>352.79998779296875</ele>
      </trkpt>
      <trkpt lat="46.5687897708267" lon="15.037635024636984">
        <ele>353</ele>
      </trkpt>
      <trkpt lat="46.568761356174946" lon="15.03766461275518">
        <ele>353</ele>
      </trkpt>
      <trkpt lat="46.568733444437385" lon="15.037694536149502">
        <ele>353.20001220703125</ele>
      </trkpt>
      <trkpt lat="46.56870201230049" lon="15.037724878638983">
        <ele>353.20001220703125</ele>
      </trkpt>
      <trkpt lat="46.568669993430376" lon="15.03775312565267">
        <ele>353.20001220703125</ele>
      </trkpt>
      <trkpt lat="46.5686375554651" lon="15.037777433171868">
        <ele>353.3999938964844</ele>
      </trkpt>
      <trkpt lat="46.56860411167145" lon="15.037801321595907">
        <ele>353.3999938964844</ele>
      </trkpt>
      <trkpt lat="46.568570751696825" lon="15.037822611629963">
        <ele>353.3999938964844</ele>
      </trkpt>
      <trkpt lat="46.56853722408414" lon="15.03784591332078">
        <ele>353.3999938964844</ele>
      </trkpt>
      <trkpt lat="46.568503361195326" lon="15.037869717925787">
        <ele>353.20001220703125</ele>
      </trkpt>
      <trkpt lat="46.5684700012207" lon="15.037893690168858">
        <ele>353.20001220703125</ele>
      </trkpt>
      <trkpt lat="46.56844343058765" lon="15.03791380673647">
        <ele>353.20001220703125</ele>
      </trkpt>
      <trkpt lat="46.56840403564274" lon="15.03794465214014">
        <ele>353.20001220703125</ele>
      </trkpt>
      <trkpt lat="46.56837176531553" lon="15.037970803678036">
        <ele>353.20001220703125</ele>
      </trkpt>
      <trkpt lat="46.5683373156935" lon="15.037995614111423">
        <ele>353.20001220703125</ele>
      </trkpt>
      <trkpt lat="46.5682974178344" lon="15.038021933287382">
        <ele>353.20001220703125</ele>
      </trkpt>
      <trkpt lat="46.568261962383986" lon="15.038043893873692">
        <ele>353.20001220703125</ele>
      </trkpt>
      <trkpt lat="46.568225836381316" lon="15.038066860288382">
        <ele>353.3999938964844</ele>
      </trkpt>
      <trkpt lat="46.56819071620703" lon="15.038084546104074">
        <ele>353.3999938964844</ele>
      </trkpt>
      <trkpt lat="46.56816096045077" lon="15.038099298253655">
        <ele>353.3999938964844</ele>
      </trkpt>
      <trkpt lat="46.5681282710284" lon="15.038113379850984">
        <ele>353.3999938964844</ele>
      </trkpt>
      <trkpt lat="46.56809440813959" lon="15.038128467276692">
        <ele>353.6000061035156</ele>
      </trkpt>
      <trkpt lat="46.568059707060456" lon="15.038143219426274">
        <ele>353.6000061035156</ele>
      </trkpt>
      <trkpt lat="46.56802961602807" lon="15.03816744312644">
        <ele>353.6000061035156</ele>
      </trkpt>
      <trkpt lat="46.568002542480826" lon="15.038202060386539">
        <ele>353.79998779296875</ele>
      </trkpt>
      <trkpt lat="46.56796859577298" lon="15.038238940760493">
        <ele>353.79998779296875</ele>
      </trkpt>
      <trkpt lat="46.567933056503534" lon="15.038272803649306">
        <ele>353.79998779296875</ele>
      </trkpt>
      <trkpt lat="46.56789877451956" lon="15.03829744644463">
        <ele>353.79998779296875</ele>
      </trkpt>
      <trkpt lat="46.5678605530411" lon="15.038328543305397">
        <ele>353.79998779296875</ele>
      </trkpt>
      <trkpt lat="46.5678227506578" lon="15.038357879966497">
        <ele>353.3999938964844</ele>
      </trkpt>
      <trkpt lat="46.567783607169986" lon="15.038380427286029">
        <ele>353.20001220703125</ele>
      </trkpt>
      <trkpt lat="46.56774236820638" lon="15.038398280739784">
        <ele>353</ele>
      </trkpt>
      <trkpt lat="46.56770087778568" lon="15.038418229669333">
        <ele>352.79998779296875</ele>
      </trkpt>
      <trkpt lat="46.5676583815366" lon="15.038439352065325">
        <ele>352.6000061035156</ele>
      </trkpt>
      <trkpt lat="46.56761571764946" lon="15.03846500068903">
        <ele>352.6000061035156</ele>
      </trkpt>
      <trkpt lat="46.56757456250489" lon="15.038487128913403">
        <ele>352.6000061035156</ele>
      </trkpt>
      <trkpt lat="46.56753106042743" lon="15.038491738960147">
        <ele>352.6000061035156</ele>
      </trkpt>
      <trkpt lat="46.56748814508319" lon="15.038484949618578">
        <ele>352.6000061035156</ele>
      </trkpt>
      <trkpt lat="46.56744313426316" lon="15.03846894018352">
        <ele>352.3999938964844</ele>
      </trkpt>
      <trkpt lat="46.567397117614746" lon="15.038441698998213">
        <ele>352.3999938964844</ele>
      </trkpt>
      <trkpt lat="46.56735093332827" lon="15.038401633501053">
        <ele>352.20001220703125</ele>
      </trkpt>
      <trkpt lat="46.56730206683278" lon="15.038355197757483">
        <ele>352.20001220703125</ele>
      </trkpt>
      <trkpt lat="46.56725035049021" lon="15.038306079804897">
        <ele>352.20001220703125</ele>
      </trkpt>
      <trkpt lat="46.56719645485282" lon="15.038255034014583">
        <ele>352</ele>
      </trkpt>
      <trkpt lat="46.567142978310585" lon="15.038202479481697">
        <ele>352</ele>
      </trkpt>
      <trkpt lat="46.56708958558738" lon="15.038148751482368">
        <ele>352</ele>
      </trkpt>
      <trkpt lat="46.56703778542578" lon="15.038096280768514">
        <ele>352</ele>
      </trkpt>
      <trkpt lat="46.5669852308929" lon="15.038045151159167">
        <ele>352</ele>
      </trkpt>
      <trkpt lat="46.56693217344582" lon="15.037998631596565">
        <ele>352</ele>
      </trkpt>
      <trkpt lat="46.566871320828795" lon="15.037958985194564">
        <ele>352</ele>
      </trkpt>
      <trkpt lat="46.56680988147855" lon="15.037936856970191">
        <ele>352</ele>
      </trkpt>
      <trkpt lat="46.566745676100254" lon="15.037930989637971">
        <ele>352</ele>
      </trkpt>
      <trkpt lat="46.566679794341326" lon="15.037944400683045">
        <ele>352</ele>
      </trkpt>
      <trkpt lat="46.56661508604884" lon="15.037980526685715">
        <ele>352</ele>
      </trkpt>
      <trkpt lat="46.566556580364704" lon="15.038034338504076">
        <ele>352.20001220703125</ele>
      </trkpt>
      <trkpt lat="46.566505283117294" lon="15.038103824481368">
        <ele>352.20001220703125</ele>
      </trkpt>
      <trkpt lat="46.56645976938307" lon="15.038181859999895">
        <ele>352.20001220703125</ele>
      </trkpt>
      <trkpt lat="46.56641626730561" lon="15.038261152803898">
        <ele>352.20001220703125</ele>
      </trkpt>
      <trkpt lat="46.5663702506572" lon="15.03833793103695">
        <ele>352.20001220703125</ele>
      </trkpt>
      <trkpt lat="46.566322054713964" lon="15.038408674299717">
        <ele>352.3999938964844</ele>
      </trkpt>
      <trkpt lat="46.566273188218474" lon="15.038474220782518">
        <ele>352.3999938964844</ele>
      </trkpt>
      <trkpt lat="46.56622398644686" lon="15.038531888276339">
        <ele>352.3999938964844</ele>
      </trkpt>
      <trkpt lat="46.56617511995137" lon="15.038581257686019">
        <ele>352.6000061035156</ele>
      </trkpt>
      <trkpt lat="46.56612281687558" lon="15.038611683994532">
        <ele>352.3999938964844</ele>
      </trkpt>
      <trkpt lat="46.56606481410563" lon="15.038629537448287">
        <ele>352.6000061035156</ele>
      </trkpt>
      <trkpt lat="46.56600655987859" lon="15.038636410608888">
        <ele>352.6000061035156</ele>
      </trkpt>
      <trkpt lat="46.5659489762038" lon="15.038640517741442">
        <ele>352.3999938964844</ele>
      </trkpt>
      <trkpt lat="46.56589223071933" lon="15.038647977635264">
        <ele>352.3999938964844</ele>
      </trkpt>
      <trkpt lat="46.56583623960614" lon="15.03865610808134">
        <ele>352.3999938964844</ele>
      </trkpt>
      <trkpt lat="46.565780667588115" lon="15.038662981241941">
        <ele>352.3999938964844</ele>
      </trkpt>
      <trkpt lat="46.56572358682752" lon="15.038670441135764">
        <ele>352.3999938964844</ele>
      </trkpt>
      <trkpt lat="46.56566550023854" lon="15.03868200816214">
        <ele>352.3999938964844</ele>
      </trkpt>
      <trkpt lat="46.56560732983053" lon="15.03869516775012">
        <ele>352.3999938964844</ele>
      </trkpt>
      <trkpt lat="46.56554941087961" lon="15.0387048907578">
        <ele>352.3999938964844</ele>
      </trkpt>
      <trkpt lat="46.56548931263387" lon="15.03871620632708">
        <ele>352.20001220703125</ele>
      </trkpt>
      <trkpt lat="46.565427957102656" lon="15.038728024810553">
        <ele>352.20001220703125</ele>
      </trkpt>
      <trkpt lat="46.56536660157144" lon="15.03874009475112">
        <ele>352.20001220703125</ele>
      </trkpt>
      <trkpt lat="46.56530558131635" lon="15.038751242682338">
        <ele>352.20001220703125</ele>
      </trkpt>
      <trkpt lat="46.565244225785136" lon="15.038766246289015">
        <ele>352.20001220703125</ele>
      </trkpt>
      <trkpt lat="46.56518270261586" lon="15.038783261552453">
        <ele>352.3999938964844</ele>
      </trkpt>
      <trkpt lat="46.56511916778982" lon="15.038799606263638">
        <ele>352.3999938964844</ele>
      </trkpt>
      <trkpt lat="46.565057560801506" lon="15.038816118612885">
        <ele>352.3999938964844</ele>
      </trkpt>
      <trkpt lat="46.56499478034675" lon="15.03883246332407">
        <ele>352.6000061035156</ele>
      </trkpt>
      <trkpt lat="46.564931496977806" lon="15.038850735872984">
        <ele>352.6000061035156</ele>
      </trkpt>
      <trkpt lat="46.56486955471337" lon="15.038866996765137">
        <ele>352.79998779296875</ele>
      </trkpt>
      <trkpt lat="46.56480710953474" lon="15.038886275142431">
        <ele>352.79998779296875</ele>
      </trkpt>
      <trkpt lat="46.56474323943257" lon="15.03890530206263">
        <ele>352.79998779296875</ele>
      </trkpt>
      <trkpt lat="46.564680291339755" lon="15.03892290405929">
        <ele>352.6000061035156</ele>
      </trkpt>
      <trkpt lat="46.564618684351444" lon="15.038941092789173">
        <ele>352.6000061035156</ele>
      </trkpt>
      <trkpt lat="46.56455649062991" lon="15.038954503834248">
        <ele>352.79998779296875</ele>
      </trkpt>
      <trkpt lat="46.56449337489903" lon="15.038968669250607">
        <ele>352.79998779296875</ele>
      </trkpt>
      <trkpt lat="46.56442950479686" lon="15.038983169943094">
        <ele>352.79998779296875</ele>
      </trkpt>
      <trkpt lat="46.56436638906598" lon="15.038996413350105">
        <ele>352.79998779296875</ele>
      </trkpt>
      <trkpt lat="46.5643032733351" lon="15.039009740576148">
        <ele>352.79998779296875</ele>
      </trkpt>
      <trkpt lat="46.56424032524228" lon="15.039024828001857">
        <ele>352.79998779296875</ele>
      </trkpt>
      <trkpt lat="46.56417595222592" lon="15.039041340351105">
        <ele>353</ele>
      </trkpt>
      <trkpt lat="46.564112082123756" lon="15.03905818797648">
        <ele>353</ele>
      </trkpt>
      <trkpt lat="46.56404871493578" lon="15.039074281230569">
        <ele>353.20001220703125</ele>
      </trkpt>
      <trkpt lat="46.563985012471676" lon="15.039086434990168">
        <ele>353.20001220703125</ele>
      </trkpt>
      <trkpt lat="46.56392122618854" lon="15.03909925930202">
        <ele>353.3999938964844</ele>
      </trkpt>
      <trkpt lat="46.563858864828944" lon="15.039112167432904">
        <ele>353.3999938964844</ele>
      </trkpt>
      <trkpt lat="46.56379650346935" lon="15.039124237373471">
        <ele>353.3999938964844</ele>
      </trkpt>
      <trkpt lat="46.56373615376651" lon="15.039133708924055">
        <ele>353.6000061035156</ele>
      </trkpt>
      <trkpt lat="46.56367580406368" lon="15.039142090827227">
        <ele>353.6000061035156</ele>
      </trkpt>
      <trkpt lat="46.56361822038889" lon="15.039146281778812">
        <ele>353.6000061035156</ele>
      </trkpt>
      <trkpt lat="46.56356348656118" lon="15.039149383082986">
        <ele>353.79998779296875</ele>
      </trkpt>
      <trkpt lat="46.563508585095406" lon="15.039146700873971">
        <ele>353.79998779296875</ele>
      </trkpt>
      <trkpt lat="46.5634554438293" lon="15.03914368338883">
        <ele>354</ele>
      </trkpt>
      <trkpt lat="46.563403559848666" lon="15.039148796349764">
        <ele>354</ele>
      </trkpt>
      <trkpt lat="46.56335276551545" lon="15.039157681167126">
        <ele>354.20001220703125</ele>
      </trkpt>
      <trkpt lat="46.56329954043031" lon="15.0391676556319">
        <ele>354.20001220703125</ele>
      </trkpt>
      <trkpt lat="46.563246231526136" lon="15.039179474115372">
        <ele>354.20001220703125</ele>
      </trkpt>
      <trkpt lat="46.56319510191679" lon="15.039200009778142">
        <ele>354.20001220703125</ele>
      </trkpt>
      <trkpt lat="46.563143553212285" lon="15.039220210164785">
        <ele>354.20001220703125</ele>
      </trkpt>
      <trkpt lat="46.56309150159359" lon="15.039234459400177">
        <ele>354.20001220703125</ele>
      </trkpt>
      <trkpt lat="46.56303869560361" lon="15.039244266226888">
        <ele>354.3999938964844</ele>
      </trkpt>
      <trkpt lat="46.56298538669944" lon="15.039255833253264">
        <ele>354.3999938964844</ele>
      </trkpt>
      <trkpt lat="46.56293308362365" lon="15.039266729727387">
        <ele>354.6000061035156</ele>
      </trkpt>
      <trkpt lat="46.562880109995604" lon="15.039274021983147">
        <ele>354.79998779296875</ele>
      </trkpt>
      <trkpt lat="46.56282462179661" lon="15.03927955403924">
        <ele>354.79998779296875</ele>
      </trkpt>
      <trkpt lat="46.56277248635888" lon="15.039287935942411">
        <ele>355</ele>
      </trkpt>
      <trkpt lat="46.5627178363502" lon="15.039295731112361">
        <ele>355.20001220703125</ele>
      </trkpt>
      <trkpt lat="46.56266394071281" lon="15.039302688091993">
        <ele>355.20001220703125</ele>
      </trkpt>
      <trkpt lat="46.562609961256385" lon="15.039309058338404">
        <ele>355.20001220703125</ele>
      </trkpt>
      <trkpt lat="46.56255455687642" lon="15.039313919842243">
        <ele>355.3999938964844</ele>
      </trkpt>
      <trkpt lat="46.562502421438694" lon="15.039314841851592">
        <ele>355.3999938964844</ele>
      </trkpt>
      <trkpt lat="46.562453554943204" lon="15.039315931499004">
        <ele>355.3999938964844</ele>
      </trkpt>
      <trkpt lat="46.562406700104475" lon="15.039319032803178">
        <ele>355.6000061035156</ele>
      </trkpt>
      <trkpt lat="46.56236160546541" lon="15.039315847679973">
        <ele>355.6000061035156</ele>
      </trkpt>
      <trkpt lat="46.562321120873094" lon="15.039297072216868">
        <ele>355.79998779296875</ele>
      </trkpt>
      <trkpt lat="46.56228683888912" lon="15.039258683100343">
        <ele>355.79998779296875</ele>
      </trkpt>
      <trkpt lat="46.5622569154948" lon="15.039204452186823">
        <ele>355.79998779296875</ele>
      </trkpt>
      <trkpt lat="46.56223009340465" lon="15.039140498265624">
        <ele>355.79998779296875</ele>
      </trkpt>
      <trkpt lat="46.562203438952565" lon="15.039067743346095">
        <ele>355.3999938964844</ele>
      </trkpt>
      <trkpt lat="46.562174605205655" lon="15.038988450542092">
        <ele>355.20001220703125</ele>
      </trkpt>
      <trkpt lat="46.56214208342135" lon="15.038905469700694">
        <ele>354.79998779296875</ele>
      </trkpt>
      <trkpt lat="46.56211132183671" lon="15.038820812478662">
        <ele>354.3999938964844</ele>
      </trkpt>
      <trkpt lat="46.562080308794975" lon="15.038736741989851">
        <ele>354.20001220703125</ele>
      </trkpt>
      <trkpt lat="46.56205105595291" lon="15.038660801947117">
        <ele>354</ele>
      </trkpt>
      <trkpt lat="46.56201979145408" lon="15.038596177473664">
        <ele>354</ele>
      </trkpt>
      <trkpt lat="46.561980061233044" lon="15.03855099901557">
        <ele>354</ele>
      </trkpt>
      <trkpt lat="46.5619339607656" lon="15.0385373365134">
        <ele>354</ele>
      </trkpt>
      <trkpt lat="46.561887357383966" lon="15.038554687052965">
        <ele>354</ele>
      </trkpt>
      <trkpt lat="46.56184167601168" lon="15.038585532456636">
        <ele>354.20001220703125</ele>
      </trkpt>
      <trkpt lat="46.561798844486475" lon="15.03862283192575">
        <ele>354.20001220703125</ele>
      </trkpt>
      <trkpt lat="46.56175559386611" lon="15.03865703009069">
        <ele>354.3999938964844</ele>
      </trkpt>
      <trkpt lat="46.56171225942671" lon="15.03868829458952">
        <ele>354.6000061035156</ele>
      </trkpt>
      <trkpt lat="46.56166565604508" lon="15.038718637079">
        <ele>354.79998779296875</ele>
      </trkpt>
      <trkpt lat="46.561619974672794" lon="15.038745626807213">
        <ele>355</ele>
      </trkpt>
      <trkpt lat="46.56157571822405" lon="15.03877337090671">
        <ele>355.20001220703125</ele>
      </trkpt>
      <trkpt lat="46.56153338961303" lon="15.038800360634923">
        <ele>355.20001220703125</ele>
      </trkpt>
      <trkpt lat="46.5614920668304" lon="15.038829194381833">
        <ele>355.3999938964844</ele>
      </trkpt>
      <trkpt lat="46.561455270275474" lon="15.038854843005538">
        <ele>355.6000061035156</ele>
      </trkpt>
      <trkpt lat="46.561424592509866" lon="15.03888183273375">
        <ele>356</ele>
      </trkpt>
      <trkpt lat="46.5613934956491" lon="15.038904547691345">
        <ele>356.20001220703125</ele>
      </trkpt>
      <trkpt lat="46.56136332079768" lon="15.038918545469642">
        <ele>356.3999938964844</ele>
      </trkpt>
      <trkpt lat="46.56133306212723" lon="15.038921814411879">
        <ele>356.3999938964844</ele>
      </trkpt>
      <trkpt lat="46.56130305491388" lon="15.038918713107705">
        <ele>356.6000061035156</ele>
      </trkpt>
      <trkpt lat="46.56126977875829" lon="15.038929441943765">
        <ele>356.79998779296875</ele>
      </trkpt>
      <trkpt lat="46.561237424612045" lon="15.03894779831171">
        <ele>356.79998779296875</ele>
      </trkpt>
      <trkpt lat="46.56120205298066" lon="15.038971602916718">
        <ele>356.6000061035156</ele>
      </trkpt>
      <trkpt lat="46.56116282567382" lon="15.038997670635581">
        <ele>356.6000061035156</ele>
      </trkpt>
      <trkpt lat="46.561120580881834" lon="15.039023822173476">
        <ele>356.3999938964844</ele>
      </trkpt>
      <trkpt lat="46.56107749789953" lon="15.039051147177815">
        <ele>356.3999938964844</ele>
      </trkpt>
      <trkpt lat="46.56103307381272" lon="15.03908266313374">
        <ele>356.3999938964844</ele>
      </trkpt>
      <trkpt lat="46.560987727716565" lon="15.039114262908697">
        <ele>356.20001220703125</ele>
      </trkpt>
      <trkpt lat="46.56094355508685" lon="15.039144521579146">
        <ele>356.20001220703125</ele>
      </trkpt>
      <trkpt lat="46.56090089119971" lon="15.039179222658277">
        <ele>356.20001220703125</ele>
      </trkpt>
      <trkpt lat="46.56085931695998" lon="15.039210068061948">
        <ele>356.20001220703125</ele>
      </trkpt>
      <trkpt lat="46.56081547960639" lon="15.039241248741746">
        <ele>356.20001220703125</ele>
      </trkpt>
      <trkpt lat="46.56077197752893" lon="15.039273099973798">
        <ele>356.20001220703125</ele>
      </trkpt>
      <trkpt lat="46.560728307813406" lon="15.039304280653596">
        <ele>356.20001220703125</ele>
      </trkpt>
      <trkpt lat="46.560684219002724" lon="15.039335209876299">
        <ele>356.3999938964844</ele>
      </trkpt>
      <trkpt lat="46.56064038164914" lon="15.03936362452805">
        <ele>356.3999938964844</ele>
      </trkpt>
      <trkpt lat="46.56059704720974" lon="15.039392206817865">
        <ele>356.3999938964844</ele>
      </trkpt>
      <trkpt lat="46.560553796589375" lon="15.039419028908014">
        <ele>356.3999938964844</ele>
      </trkpt>
      <trkpt lat="46.56051255762577" lon="15.039446856826544">
        <ele>356.3999938964844</ele>
      </trkpt>
      <trkpt lat="46.56047148630023" lon="15.03947351127863">
        <ele>356.20001220703125</ele>
      </trkpt>
      <trkpt lat="46.560432091355324" lon="15.039505613967776">
        <ele>356.3999938964844</ele>
      </trkpt>
      <trkpt lat="46.56039152294397" lon="15.03953612409532">
        <ele>356.3999938964844</ele>
      </trkpt>
      <trkpt lat="46.56034978106618" lon="15.03956638276577">
        <ele>356.3999938964844</ele>
      </trkpt>
      <trkpt lat="46.560308039188385" lon="15.039597563445568">
        <ele>356.6000061035156</ele>
      </trkpt>
      <trkpt lat="46.56026386655867" lon="15.039626229554415">
        <ele>356.79998779296875</ele>
      </trkpt>
      <trkpt lat="46.5602208673954" lon="15.039654895663261">
        <ele>357</ele>
      </trkpt>
      <trkpt lat="46.56017552129924" lon="15.039683226495981">
        <ele>357.20001220703125</ele>
      </trkpt>
      <trkpt lat="46.56013419851661" lon="15.039712144061923">
        <ele>357.20001220703125</ele>
      </trkpt>
      <trkpt lat="46.56009019352496" lon="15.039740139618516">
        <ele>357.20001220703125</ele>
      </trkpt>
      <trkpt lat="46.56004744581878" lon="15.039766877889633">
        <ele>357.20001220703125</ele>
      </trkpt>
      <trkpt lat="46.56000302173197" lon="15.039794454351068">
        <ele>357.20001220703125</ele>
      </trkpt>
      <trkpt lat="46.5599600225687" lon="15.03982437774539">
        <ele>357.20001220703125</ele>
      </trkpt>
      <trkpt lat="46.55991727486253" lon="15.039855306968093">
        <ele>357.20001220703125</ele>
      </trkpt>
      <trkpt lat="46.55987000092864" lon="15.03988891839981">
        <ele>357.20001220703125</ele>
      </trkpt>
      <trkpt lat="46.559824235737324" lon="15.039919847622514">
        <ele>357.20001220703125</ele>
      </trkpt>
      <trkpt lat="46.5597787220031" lon="15.039948932826519">
        <ele>357.20001220703125</ele>
      </trkpt>
      <trkpt lat="46.559731950983405" lon="15.039976257830858">
        <ele>357.20001220703125</ele>
      </trkpt>
      <trkpt lat="46.55968777835369" lon="15.040005594491959">
        <ele>357.3999938964844</ele>
      </trkpt>
      <trkpt lat="46.55964561738074" lon="15.040036775171757">
        <ele>357.6000061035156</ele>
      </trkpt>
      <trkpt lat="46.559606306254864" lon="15.040066447108984">
        <ele>357.6000061035156</ele>
      </trkpt>
      <trkpt lat="46.55956665985286" lon="15.040095951408148">
        <ele>357.6000061035156</ele>
      </trkpt>
      <trkpt lat="46.559525253251195" lon="15.040122857317328">
        <ele>357.6000061035156</ele>
      </trkpt>
      <trkpt lat="46.559482254087925" lon="15.040149595588446">
        <ele>357.6000061035156</ele>
      </trkpt>
      <trkpt lat="46.559438249096274" lon="15.04017717204988">
        <ele>357.6000061035156</ele>
      </trkpt>
      <trkpt lat="46.55939516611397" lon="15.040205838158727">
        <ele>357.6000061035156</ele>
      </trkpt>
      <trkpt lat="46.559351831674576" lon="15.040237354114652">
        <ele>357.6000061035156</ele>
      </trkpt>
      <trkpt lat="46.559308329597116" lon="15.04026903770864">
        <ele>357.6000061035156</ele>
      </trkpt>
      <trkpt lat="46.55926507897675" lon="15.040300553664565">
        <ele>357.6000061035156</ele>
      </trkpt>
      <trkpt lat="46.55922358855605" lon="15.04033106379211">
        <ele>357.6000061035156</ele>
      </trkpt>
      <trkpt lat="46.559181762859225" lon="15.040359981358051">
        <ele>357.6000061035156</ele>
      </trkpt>
      <trkpt lat="46.55913859605789" lon="15.040388982743025">
        <ele>357.6000061035156</ele>
      </trkpt>
      <trkpt lat="46.55909551307559" lon="15.04041857086122">
        <ele>357.6000061035156</ele>
      </trkpt>
      <trkpt lat="46.55905360355973" lon="15.040447656065226">
        <ele>357.79998779296875</ele>
      </trkpt>
      <trkpt lat="46.55901244841516" lon="15.040479004383087">
        <ele>357.79998779296875</ele>
      </trkpt>
      <trkpt lat="46.55897045508027" lon="15.040508089587092">
        <ele>357.79998779296875</ele>
      </trkpt>
      <trkpt lat="46.55892753973603" lon="15.040536085143685">
        <ele>358</ele>
      </trkpt>
      <trkpt lat="46.55888328328729" lon="15.040565757080913">
        <ele>358</ele>
      </trkpt>
      <trkpt lat="46.558839194476604" lon="15.040596770122647">
        <ele>358</ele>
      </trkpt>
      <trkpt lat="46.55879602767527" lon="15.040628872811794">
        <ele>358</ele>
      </trkpt>
      <trkpt lat="46.55875395052135" lon="15.040661646053195">
        <ele>358.20001220703125</ele>
      </trkpt>
      <trkpt lat="46.558712124824524" lon="15.040690479800105">
        <ele>358.20001220703125</ele>
      </trkpt>
      <trkpt lat="46.55866954475641" lon="15.04071612842381">
        <ele>358.20001220703125</ele>
      </trkpt>
      <trkpt lat="46.55862629413605" lon="15.040746051818132">
        <ele>358.3999938964844</ele>
      </trkpt>
      <trkpt lat="46.558583714067936" lon="15.040775975212455">
        <ele>358.3999938964844</ele>
      </trkpt>
      <trkpt lat="46.5585405472666" lon="15.040806233882904">
        <ele>358.3999938964844</ele>
      </trkpt>
      <trkpt lat="46.55849796719849" lon="15.04083045758307">
        <ele>358.3999938964844</ele>
      </trkpt>
      <trkpt lat="46.55845605768263" lon="15.040857531130314">
        <ele>358.3999938964844</ele>
      </trkpt>
      <trkpt lat="46.55841481871903" lon="15.040887286886573">
        <ele>358.6000061035156</ele>
      </trkpt>
      <trkpt lat="46.558373495936394" lon="15.04091503098607">
        <ele>358.6000061035156</ele>
      </trkpt>
      <trkpt lat="46.558330999687314" lon="15.040943529456854">
        <ele>358.6000061035156</ele>
      </trkpt>
      <trkpt lat="46.558289509266615" lon="15.040973201394081">
        <ele>358.6000061035156</ele>
      </trkpt>
      <trkpt lat="46.55825019814074" lon="15.041000358760357">
        <ele>358.3999938964844</ele>
      </trkpt>
      <trkpt lat="46.558207366615534" lon="15.04102692939341">
        <ele>358.3999938964844</ele>
      </trkpt>
      <trkpt lat="46.55816554091871" lon="15.041057355701923">
        <ele>358.3999938964844</ele>
      </trkpt>
      <trkpt lat="46.55812664888799" lon="15.041086943820119">
        <ele>358.3999938964844</ele>
      </trkpt>
      <trkpt lat="46.55808608047664" lon="15.041113765910268">
        <ele>358.3999938964844</ele>
      </trkpt>
      <trkpt lat="46.55804534442723" lon="15.041143270209432">
        <ele>358.6000061035156</ele>
      </trkpt>
      <trkpt lat="46.55800452455878" lon="15.041171433404088">
        <ele>358.6000061035156</ele>
      </trkpt>
      <trkpt lat="46.55796487815678" lon="15.041200937703252">
        <ele>358.6000061035156</ele>
      </trkpt>
      <trkpt lat="46.557925986126065" lon="15.041230274364352">
        <ele>358.79998779296875</ele>
      </trkpt>
      <trkpt lat="46.557885920628905" lon="15.041259275749326">
        <ele>358.79998779296875</ele>
      </trkpt>
      <trkpt lat="46.55784526839852" lon="15.041287941858172">
        <ele>358.79998779296875</ele>
      </trkpt>
      <trkpt lat="46.55780537053943" lon="15.041316524147987">
        <ele>358.79998779296875</ele>
      </trkpt>
      <trkpt lat="46.55776362866163" lon="15.041340328752995">
        <ele>358.79998779296875</ele>
      </trkpt>
      <trkpt lat="46.557719791308045" lon="15.041368156671524">
        <ele>358.79998779296875</ele>
      </trkpt>
      <trkpt lat="46.55767545104027" lon="15.041397828608751">
        <ele>358.79998779296875</ele>
      </trkpt>
      <trkpt lat="46.557630775496364" lon="15.041426159441471">
        <ele>358.79998779296875</ele>
      </trkpt>
      <trkpt lat="46.55758861452341" lon="15.041457256302238">
        <ele>358.79998779296875</ele>
      </trkpt>
      <trkpt lat="46.55754452571273" lon="15.041491035372019">
        <ele>359</ele>
      </trkpt>
      <trkpt lat="46.55750010162592" lon="15.04152037203312">
        <ele>359</ele>
      </trkpt>
      <trkpt lat="46.55745550990105" lon="15.041551385074854">
        <ele>359</ele>
      </trkpt>
      <trkpt lat="46.557411504909396" lon="15.041583152487874">
        <ele>359</ele>
      </trkpt>
      <trkpt lat="46.557366494089365" lon="15.041611064225435">
        <ele>359</ele>
      </trkpt>
      <trkpt lat="46.55732282437384" lon="15.041639814153314">
        <ele>359</ele>
      </trkpt>
      <trkpt lat="46.55727923847735" lon="15.041669234633446">
        <ele>358.79998779296875</ele>
      </trkpt>
      <trkpt lat="46.55723732896149" lon="15.041697230190039">
        <ele>358.79998779296875</ele>
      </trkpt>
      <trkpt lat="46.557195000350475" lon="15.041724471375346">
        <ele>358.79998779296875</ele>
      </trkpt>
      <trkpt lat="46.557151917368174" lon="15.04175204783678">
        <ele>358.79998779296875</ele>
      </trkpt>
      <trkpt lat="46.55710984021425" lon="15.041782222688198">
        <ele>358.79998779296875</ele>
      </trkpt>
      <trkpt lat="46.5570692718029" lon="15.041808122768998">
        <ele>359</ele>
      </trkpt>
      <trkpt lat="46.55702761374414" lon="15.041835950687528">
        <ele>359.20001220703125</ele>
      </trkpt>
      <trkpt lat="46.55698696151376" lon="15.041865538805723">
        <ele>359.3999938964844</ele>
      </trkpt>
      <trkpt lat="46.55694706365466" lon="15.041896803304553">
        <ele>359.3999938964844</ele>
      </trkpt>
      <trkpt lat="46.556908171623945" lon="15.041924631223083">
        <ele>359.6000061035156</ele>
      </trkpt>
      <trkpt lat="46.55686818994582" lon="15.04195287823677">
        <ele>359.6000061035156</ele>
      </trkpt>
      <trkpt lat="46.55682527460158" lon="15.041981460526586">
        <ele>359.79998779296875</ele>
      </trkpt>
      <trkpt lat="46.55678152106702" lon="15.042008198797703">
        <ele>359.79998779296875</ele>
      </trkpt>
      <trkpt lat="46.55673894099891" lon="15.042037116363645">
        <ele>359.79998779296875</ele>
      </trkpt>
      <trkpt lat="46.55669862404466" lon="15.042066453024745">
        <ele>359.79998779296875</ele>
      </trkpt>
      <trkpt lat="46.556658977642655" lon="15.042096627876163">
        <ele>359.79998779296875</ele>
      </trkpt>
      <trkpt lat="46.556617487221956" lon="15.042126383632421">
        <ele>359.79998779296875</ele>
      </trkpt>
      <trkpt lat="46.556574404239655" lon="15.04215270280838">
        <ele>359.79998779296875</ele>
      </trkpt>
      <trkpt lat="46.55653299763799" lon="15.042179021984339">
        <ele>360</ele>
      </trkpt>
      <trkpt lat="46.55648882500827" lon="15.042205676436424">
        <ele>360</ele>
      </trkpt>
      <trkpt lat="46.55644515529275" lon="15.04223132506013">
        <ele>360.20001220703125</ele>
      </trkpt>
      <trkpt lat="46.55640165321529" lon="15.0422587338835">
        <ele>360.20001220703125</ele>
      </trkpt>
      <trkpt lat="46.55635873787105" lon="15.042288154363632">
        <ele>360.3999938964844</ele>
      </trkpt>
      <trkpt lat="46.55631699599326" lon="15.042319251224399">
        <ele>360.3999938964844</ele>
      </trkpt>
      <trkpt lat="46.55627315863967" lon="15.042349677532911">
        <ele>360.6000061035156</ele>
      </trkpt>
      <trkpt lat="46.55623066239059" lon="15.04238186404109">
        <ele>360.6000061035156</ele>
      </trkpt>
      <trkpt lat="46.55618615448475" lon="15.042412457987666">
        <ele>360.79998779296875</ele>
      </trkpt>
      <trkpt lat="46.55614231713116" lon="15.042446069419384">
        <ele>360.79998779296875</ele>
      </trkpt>
      <trkpt lat="46.55609864741564" lon="15.04247909411788">
        <ele>360.79998779296875</ele>
      </trkpt>
      <trkpt lat="46.55605481006205" lon="15.042508849874139">
        <ele>361</ele>
      </trkpt>
      <trkpt lat="46.556009128689766" lon="15.042536510154605">
        <ele>361</ele>
      </trkpt>
      <trkpt lat="46.55596193857491" lon="15.042564505711198">
        <ele>361</ele>
      </trkpt>
      <trkpt lat="46.555913742631674" lon="15.042594177648425">
        <ele>361</ele>
      </trkpt>
      <trkpt lat="46.55586948618293" lon="15.042623346671462">
        <ele>361</ele>
      </trkpt>
      <trkpt lat="46.5558295045048" lon="15.042651342228055">
        <ele>361.20001220703125</ele>
      </trkpt>
      <trkpt lat="46.55578600242734" lon="15.04268042743206">
        <ele>361.20001220703125</ele>
      </trkpt>
      <trkpt lat="46.55574409291148" lon="15.042708003893495">
        <ele>361.20001220703125</ele>
      </trkpt>
      <trkpt lat="46.55570134520531" lon="15.042736418545246">
        <ele>361.20001220703125</ele>
      </trkpt>
      <trkpt lat="46.55565910041332" lon="15.042763911187649">
        <ele>361.20001220703125</ele>
      </trkpt>
      <trkpt lat="46.55561224557459" lon="15.04279039800167">
        <ele>361.20001220703125</ele>
      </trkpt>
      <trkpt lat="46.55556631274521" lon="15.042822416871786">
        <ele>361.20001220703125</ele>
      </trkpt>
      <trkpt lat="46.55552163720131" lon="15.0428562797606">
        <ele>361.20001220703125</ele>
      </trkpt>
      <trkpt lat="46.555479392409325" lon="15.042887795716524">
        <ele>361.20001220703125</ele>
      </trkpt>
      <trkpt lat="46.5554375667125" lon="15.042919479310513">
        <ele>361.20001220703125</ele>
      </trkpt>
      <trkpt lat="46.55539020895958" lon="15.04295451566577">
        <ele>361.20001220703125</ele>
      </trkpt>
      <trkpt lat="46.55534125864506" lon="15.042987624183297">
        <ele>361.20001220703125</ele>
      </trkpt>
      <trkpt lat="46.55529314652085" lon="15.043021570891142">
        <ele>361.20001220703125</ele>
      </trkpt>
      <trkpt lat="46.55524360947311" lon="15.043053673580289">
        <ele>361.20001220703125</ele>
      </trkpt>
      <trkpt lat="46.55519516207278" lon="15.043087704107165">
        <ele>361.3999938964844</ele>
      </trkpt>
      <trkpt lat="46.55514881014824" lon="15.043122321367264">
        <ele>361.3999938964844</ele>
      </trkpt>
      <trkpt lat="46.55510254204273" lon="15.043154675513506">
        <ele>361.3999938964844</ele>
      </trkpt>
      <trkpt lat="46.55505702830851" lon="15.043187029659748">
        <ele>361.6000061035156</ele>
      </trkpt>
      <trkpt lat="46.55501394532621" lon="15.04321938380599">
        <ele>361.6000061035156</ele>
      </trkpt>
      <trkpt lat="46.55497102998197" lon="15.043251318857074">
        <ele>361.6000061035156</ele>
      </trkpt>
      <trkpt lat="46.55492836609483" lon="15.043284175917506">
        <ele>361.6000061035156</ele>
      </trkpt>
      <trkpt lat="46.55488243326545" lon="15.043320134282112">
        <ele>361.6000061035156</ele>
      </trkpt>
      <trkpt lat="46.55483549460769" lon="15.04335517063737">
        <ele>361.79998779296875</ele>
      </trkpt>
      <trkpt lat="46.5547900646925" lon="15.043383250012994">
        <ele>361.79998779296875</ele>
      </trkpt>
      <trkpt lat="46.55474530532956" lon="15.043415604159236">
        <ele>361.79998779296875</ele>
      </trkpt>
      <trkpt lat="46.55469970777631" lon="15.043448628857732">
        <ele>362</ele>
      </trkpt>
      <trkpt lat="46.55465193092823" lon="15.043481234461069">
        <ele>362</ele>
      </trkpt>
      <trkpt lat="46.55460365116596" lon="15.04350671544671">
        <ele>362.20001220703125</ele>
      </trkpt>
      <trkpt lat="46.554557383060455" lon="15.04353303462267">
        <ele>362.20001220703125</ele>
      </trkpt>
      <trkpt lat="46.55451354570687" lon="15.043559521436691">
        <ele>362.20001220703125</ele>
      </trkpt>
      <trkpt lat="46.55446878634393" lon="15.043587936088443">
        <ele>362.20001220703125</ele>
      </trkpt>
      <trkpt lat="46.554423021152616" lon="15.043617943301797">
        <ele>362.3999938964844</ele>
      </trkpt>
      <trkpt lat="46.55437666922808" lon="15.04364836961031">
        <ele>362.3999938964844</ele>
      </trkpt>
      <trkpt lat="46.554331155493855" lon="15.043680807575583">
        <ele>362.3999938964844</ele>
      </trkpt>
      <trkpt lat="46.55428497120738" lon="15.043713329359889">
        <ele>362.3999938964844</ele>
      </trkpt>
      <trkpt lat="46.554241720587015" lon="15.043744258582592">
        <ele>362.3999938964844</ele>
      </trkpt>
      <trkpt lat="46.55419645830989" lon="15.043774014338851">
        <ele>362.3999938964844</ele>
      </trkpt>
      <trkpt lat="46.554151363670826" lon="15.043806955218315">
        <ele>362.3999938964844</ele>
      </trkpt>
      <trkpt lat="46.554106352850795" lon="15.043840818107128">
        <ele>362.3999938964844</ele>
      </trkpt>
      <trkpt lat="46.554060922935605" lon="15.04387216642499">
        <ele>362.3999938964844</ele>
      </trkpt>
      <trkpt lat="46.554016498848796" lon="15.043903011828661">
        <ele>362.3999938964844</ele>
      </trkpt>
      <trkpt lat="46.55397425405681" lon="15.043934527784586">
        <ele>362.3999938964844</ele>
      </trkpt>
      <trkpt lat="46.553929410874844" lon="15.04396453499794">
        <ele>362.3999938964844</ele>
      </trkpt>
      <trkpt lat="46.553887417539954" lon="15.043991776183248">
        <ele>362.3999938964844</ele>
      </trkpt>
      <trkpt lat="46.55384324491024" lon="15.044020358473063">
        <ele>362.3999938964844</ele>
      </trkpt>
      <trkpt lat="46.553797982633114" lon="15.04405103623867">
        <ele>362.6000061035156</ele>
      </trkpt>
      <trkpt lat="46.55375372618437" lon="15.044083055108786">
        <ele>362.79998779296875</ele>
      </trkpt>
      <trkpt lat="46.55370854772627" lon="15.044115241616964">
        <ele>362.79998779296875</ele>
      </trkpt>
      <trkpt lat="46.553663620725274" lon="15.044148517772555">
        <ele>362.79998779296875</ele>
      </trkpt>
      <trkpt lat="46.55362104065716" lon="15.044178608804941">
        <ele>362.79998779296875</ele>
      </trkpt>
      <trkpt lat="46.55357804149389" lon="15.04420593380928">
        <ele>362.79998779296875</ele>
      </trkpt>
      <trkpt lat="46.553535629063845" lon="15.04423376172781">
        <ele>362.6000061035156</ele>
      </trkpt>
      <trkpt lat="46.5534948091954" lon="15.044261673465371">
        <ele>362.79998779296875</ele>
      </trkpt>
      <trkpt lat="46.55345298349857" lon="15.0442895013839">
        <ele>362.79998779296875</ele>
      </trkpt>
      <trkpt lat="46.553410990163684" lon="15.044316574931145">
        <ele>362.79998779296875</ele>
      </trkpt>
      <trkpt lat="46.55336681753397" lon="15.04434373229742">
        <ele>362.79998779296875</ele>
      </trkpt>
      <trkpt lat="46.55332289636135" lon="15.04437156021595">
        <ele>362.79998779296875</ele>
      </trkpt>
      <trkpt lat="46.55327872373164" lon="15.044401735067368">
        <ele>362.79998779296875</ele>
      </trkpt>
      <trkpt lat="46.553233126178384" lon="15.044430317357183">
        <ele>362.79998779296875</ele>
      </trkpt>
      <trkpt lat="46.55318895354867" lon="15.044462839141488">
        <ele>362.79998779296875</ele>
      </trkpt>
      <trkpt lat="46.55314662493765" lon="15.044495947659016">
        <ele>362.6000061035156</ele>
      </trkpt>
      <trkpt lat="46.55310454778373" lon="15.044526290148497">
        <ele>362.6000061035156</ele>
      </trkpt>
      <trkpt lat="46.553062638267875" lon="15.044555459171534">
        <ele>362.79998779296875</ele>
      </trkpt>
      <trkpt lat="46.55302022583783" lon="15.044582281261683">
        <ele>362.79998779296875</ele>
      </trkpt>
      <trkpt lat="46.55297823250294" lon="15.044610612094402">
        <ele>362.79998779296875</ele>
      </trkpt>
      <trkpt lat="46.5529371611774" lon="15.044640451669693">
        <ele>362.79998779296875</ele>
      </trkpt>
      <trkpt lat="46.55289466492832" lon="15.044670291244984">
        <ele>363</ele>
      </trkpt>
      <trkpt lat="46.552852503955364" lon="15.044699795544147">
        <ele>363</ele>
      </trkpt>
      <trkpt lat="46.552809588611126" lon="15.044729048386216">
        <ele>363</ele>
      </trkpt>
      <trkpt lat="46.55276642180979" lon="15.044760899618268">
        <ele>363</ele>
      </trkpt>
      <trkpt lat="46.55272434465587" lon="15.044793169945478">
        <ele>363</ele>
      </trkpt>
      <trkpt lat="46.552681094035506" lon="15.044826362282038">
        <ele>363</ele>
      </trkpt>
      <trkpt lat="46.55263775959611" lon="15.04485628567636">
        <ele>363</ele>
      </trkpt>
      <trkpt lat="46.5525933355093" lon="15.044882437214255">
        <ele>363</ele>
      </trkpt>
      <trkpt lat="46.55255033634603" lon="15.044910348951817">
        <ele>363.20001220703125</ele>
      </trkpt>
      <trkpt lat="46.55251085758209" lon="15.044936751946807">
        <ele>363.20001220703125</ele>
      </trkpt>
      <trkpt lat="46.55247003771365" lon="15.044966172426939">
        <ele>363.20001220703125</ele>
      </trkpt>
      <trkpt lat="46.55242905020714" lon="15.044995760545135">
        <ele>363.20001220703125</ele>
      </trkpt>
      <trkpt lat="46.55238814651966" lon="15.045023337006569">
        <ele>363.20001220703125</ele>
      </trkpt>
      <trkpt lat="46.55234699137509" lon="15.045053428038955">
        <ele>363.20001220703125</ele>
      </trkpt>
      <trkpt lat="46.55230407603085" lon="15.045082764700055">
        <ele>363.20001220703125</ele>
      </trkpt>
      <trkpt lat="46.55226308852434" lon="15.045112268999219">
        <ele>363.20001220703125</ele>
      </trkpt>
      <trkpt lat="46.55222235247493" lon="15.045140767470002">
        <ele>363.20001220703125</ele>
      </trkpt>
      <trkpt lat="46.552181700244546" lon="15.045168092474341">
        <ele>363.3999938964844</ele>
      </trkpt>
      <trkpt lat="46.55214046128094" lon="15.045193657279015">
        <ele>363.3999938964844</ele>
      </trkpt>
      <trkpt lat="46.55210014432669" lon="15.04521880298853">
        <ele>363.3999938964844</ele>
      </trkpt>
      <trkpt lat="46.55205965973437" lon="15.045245373621583">
        <ele>363.6000061035156</ele>
      </trkpt>
      <trkpt lat="46.552019929513335" lon="15.04527454264462">
        <ele>363.6000061035156</ele>
      </trkpt>
      <trkpt lat="46.551978858187795" lon="15.045301280915737">
        <ele>363.79998779296875</ele>
      </trkpt>
      <trkpt lat="46.55193703249097" lon="15.045327180996537">
        <ele>363.79998779296875</ele>
      </trkpt>
      <trkpt lat="46.55189646407962" lon="15.045353751629591">
        <ele>364</ele>
      </trkpt>
      <trkpt lat="46.55185799114406" lon="15.045383339747787">
        <ele>364</ele>
      </trkpt>
      <trkpt lat="46.55182119458914" lon="15.04541183821857">
        <ele>364.20001220703125</ele>
      </trkpt>
      <trkpt lat="46.55178263783455" lon="15.045441091060638">
        <ele>364.20001220703125</ele>
      </trkpt>
      <trkpt lat="46.551743913441896" lon="15.045468164607882">
        <ele>364.3999938964844</ele>
      </trkpt>
      <trkpt lat="46.55170493759215" lon="15.045494986698031">
        <ele>364.3999938964844</ele>
      </trkpt>
      <trkpt lat="46.55166495591402" lon="15.045522898435593">
        <ele>364.6000061035156</ele>
      </trkpt>
      <trkpt lat="46.55162304639816" lon="15.045551229268312">
        <ele>364.6000061035156</ele>
      </trkpt>
      <trkpt lat="46.55158147215843" lon="15.04558190703392">
        <ele>364.6000061035156</ele>
      </trkpt>
      <trkpt lat="46.55153889209032" lon="15.045609902590513">
        <ele>364.79998779296875</ele>
      </trkpt>
      <trkpt lat="46.55149580910802" lon="15.045635718852282">
        <ele>364.79998779296875</ele>
      </trkpt>
      <trkpt lat="46.551454151049256" lon="15.045665642246604">
        <ele>364.6000061035156</ele>
      </trkpt>
      <trkpt lat="46.55141375027597" lon="15.045696403831244">
        <ele>364.6000061035156</ele>
      </trkpt>
      <trkpt lat="46.55137016437948" lon="15.045727165415883">
        <ele>364.6000061035156</ele>
      </trkpt>
      <trkpt lat="46.551326997578144" lon="15.045757843181491">
        <ele>364.6000061035156</ele>
      </trkpt>
      <trkpt lat="46.55128475278616" lon="15.045787431299686">
        <ele>364.6000061035156</ele>
      </trkpt>
      <trkpt lat="46.551243430003524" lon="15.045817019417882">
        <ele>364.6000061035156</ele>
      </trkpt>
      <trkpt lat="46.55120026320219" lon="15.045845014974475">
        <ele>364.6000061035156</ele>
      </trkpt>
      <trkpt lat="46.55115684494376" lon="15.045870831236243">
        <ele>364.6000061035156</ele>
      </trkpt>
      <trkpt lat="46.55111434869468" lon="15.045897653326392">
        <ele>364.6000061035156</ele>
      </trkpt>
      <trkpt lat="46.551072020083666" lon="15.045925984159112">
        <ele>364.6000061035156</ele>
      </trkpt>
      <trkpt lat="46.551032876595855" lon="15.045957583934069">
        <ele>364.6000061035156</ele>
      </trkpt>
      <trkpt lat="46.55099214054644" lon="15.045987674966455">
        <ele>364.79998779296875</ele>
      </trkpt>
      <trkpt lat="46.5509492252022" lon="15.046015586704016">
        <ele>364.79998779296875</ele>
      </trkpt>
      <trkpt lat="46.55090672895312" lon="15.046043246984482">
        <ele>364.79998779296875</ele>
      </trkpt>
      <trkpt lat="46.55086398124695" lon="15.0460734218359">
        <ele>364.79998779296875</ele>
      </trkpt>
      <trkpt lat="46.55082198791206" lon="15.046102590858936">
        <ele>364.79998779296875</ele>
      </trkpt>
      <trkpt lat="46.55078108422458" lon="15.046127736568451">
        <ele>364.79998779296875</ele>
      </trkpt>
      <trkpt lat="46.55074143782258" lon="15.0461545586586">
        <ele>364.79998779296875</ele>
      </trkpt>
      <trkpt lat="46.550702042877674" lon="15.046182638034225">
        <ele>364.79998779296875</ele>
      </trkpt>
      <trkpt lat="46.55066080391407" lon="15.046210968866944">
        <ele>364.79998779296875</ele>
      </trkpt>
      <trkpt lat="46.55061830766499" lon="15.046239802613854">
        <ele>365</ele>
      </trkpt>
      <trkpt lat="46.55057857744396" lon="15.046268217265606">
        <ele>365</ele>
      </trkpt>
      <trkpt lat="46.55053909868002" lon="15.04629629664123">
        <ele>365</ele>
      </trkpt>
      <trkpt lat="46.55049945227802" lon="15.046323286369443">
        <ele>365.20001220703125</ele>
      </trkpt>
      <trkpt lat="46.550458716228604" lon="15.046351365745068">
        <ele>365.3999938964844</ele>
      </trkpt>
      <trkpt lat="46.5504190698266" lon="15.046379109844565">
        <ele>365.3999938964844</ele>
      </trkpt>
      <trkpt lat="46.55038168653846" lon="15.046408111229539">
        <ele>365.3999938964844</ele>
      </trkpt>
      <trkpt lat="46.55034271068871" lon="15.0464360229671">
        <ele>365.6000061035156</ele>
      </trkpt>
      <trkpt lat="46.55030214227736" lon="15.046464772894979">
        <ele>365.6000061035156</ele>
      </trkpt>
      <trkpt lat="46.55026107095182" lon="15.046493522822857">
        <ele>365.6000061035156</ele>
      </trkpt>
      <trkpt lat="46.55021991580725" lon="15.046524368226528">
        <ele>365.6000061035156</ele>
      </trkpt>
      <trkpt lat="46.55017708428204" lon="15.046552950516343">
        <ele>365.79998779296875</ele>
      </trkpt>
      <trkpt lat="46.55013592913747" lon="15.046578599140048">
        <ele>365.79998779296875</ele>
      </trkpt>
      <trkpt lat="46.55009695328772" lon="15.046607181429863">
        <ele>366</ele>
      </trkpt>
      <trkpt lat="46.55005915090442" lon="15.046639367938042">
        <ele>366</ele>
      </trkpt>
      <trkpt lat="46.550021851435304" lon="15.046671386808157">
        <ele>366.20001220703125</ele>
      </trkpt>
      <trkpt lat="46.54998212121427" lon="15.046700472012162">
        <ele>366.20001220703125</ele>
      </trkpt>
      <trkpt lat="46.54994306154549" lon="15.046730814501643">
        <ele>366.20001220703125</ele>
      </trkpt>
      <trkpt lat="46.54990551061928" lon="15.04675998352468">
        <ele>366.20001220703125</ele>
      </trkpt>
      <trkpt lat="46.549869468435645" lon="15.046790409833193">
        <ele>366.3999938964844</ele>
      </trkpt>
      <trkpt lat="46.549835773184896" lon="15.046819662675261">
        <ele>366.3999938964844</ele>
      </trkpt>
      <trkpt lat="46.5498045925051" lon="15.046848999336362">
        <ele>366.3999938964844</ele>
      </trkpt>
      <trkpt lat="46.549775591120124" lon="15.046877330169082">
        <ele>366.6000061035156</ele>
      </trkpt>
      <trkpt lat="46.54974332079291" lon="15.046905409544706">
        <ele>366.6000061035156</ele>
      </trkpt>
      <trkpt lat="46.54970996081829" lon="15.046933237463236">
        <ele>366.79998779296875</ele>
      </trkpt>
      <trkpt lat="46.54967660084367" lon="15.046964501962066">
        <ele>366.79998779296875</ele>
      </trkpt>
      <trkpt lat="46.54964315705001" lon="15.04699693992734">
        <ele>367</ele>
      </trkpt>
      <trkpt lat="46.54960870742798" lon="15.047029796987772">
        <ele>367.20001220703125</ele>
      </trkpt>
      <trkpt lat="46.54957375489175" lon="15.047062737867236">
        <ele>367.20001220703125</ele>
      </trkpt>
      <trkpt lat="46.54954089783132" lon="15.047096768394113">
        <ele>367.3999938964844</ele>
      </trkpt>
      <trkpt lat="46.5495075378567" lon="15.047130463644862">
        <ele>367.3999938964844</ele>
      </trkpt>
      <trkpt lat="46.5494729205966" lon="15.04716256633401">
        <ele>367.20001220703125</ele>
      </trkpt>
      <trkpt lat="46.54943763278425" lon="15.04719391465187">
        <ele>367.20001220703125</ele>
      </trkpt>
      <trkpt lat="46.54940251260996" lon="15.047226771712303">
        <ele>367.20001220703125</ele>
      </trkpt>
      <trkpt lat="46.54936756007373" lon="15.047261472791433">
        <ele>367.20001220703125</ele>
      </trkpt>
      <trkpt lat="46.549332942813635" lon="15.047299023717642">
        <ele>367.3999938964844</ele>
      </trkpt>
      <trkpt lat="46.5493003372103" lon="15.047335652634501">
        <ele>367.3999938964844</ele>
      </trkpt>
      <trkpt lat="46.54926739633083" lon="15.047373538836837">
        <ele>367.3999938964844</ele>
      </trkpt>
      <trkpt lat="46.54923353344202" lon="15.047412514686584">
        <ele>367.3999938964844</ele>
      </trkpt>
      <trkpt lat="46.549197658896446" lon="15.04745090380311">
        <ele>367.3999938964844</ele>
      </trkpt>
      <trkpt lat="46.549160527065396" lon="15.047489544376731">
        <ele>367.3999938964844</ele>
      </trkpt>
      <trkpt lat="46.54912347905338" lon="15.047529190778732">
        <ele>367.6000061035156</ele>
      </trkpt>
      <trkpt lat="46.54908743686974" lon="15.047566490247846">
        <ele>367.6000061035156</ele>
      </trkpt>
      <trkpt lat="46.5490513946861" lon="15.047605047002435">
        <ele>367.79998779296875</ele>
      </trkpt>
      <trkpt lat="46.54901568777859" lon="15.047643771395087">
        <ele>368</ele>
      </trkpt>
      <trkpt lat="46.54898123815656" lon="15.047681909054518">
        <ele>368</ele>
      </trkpt>
      <trkpt lat="46.54894343577325" lon="15.04772063344717">
        <ele>368</ele>
      </trkpt>
      <trkpt lat="46.54890806414187" lon="15.0477587711066">
        <ele>367.79998779296875</ele>
      </trkpt>
      <trkpt lat="46.54887520708144" lon="15.047800093889236">
        <ele>367.6000061035156</ele>
      </trkpt>
      <trkpt lat="46.548839919269085" lon="15.047841249033809">
        <ele>367.6000061035156</ele>
      </trkpt>
      <trkpt lat="46.54880530200899" lon="15.047881230711937">
        <ele>367.3999938964844</ele>
      </trkpt>
      <trkpt lat="46.54877118766308" lon="15.047923559322953">
        <ele>367.3999938964844</ele>
      </trkpt>
      <trkpt lat="46.5487374085933" lon="15.04796396009624">
        <ele>367.3999938964844</ele>
      </trkpt>
      <trkpt lat="46.548702120780945" lon="15.048005199059844">
        <ele>367.3999938964844</ele>
      </trkpt>
      <trkpt lat="46.54866767115891" lon="15.048044761642814">
        <ele>367.20001220703125</ele>
      </trkpt>
      <trkpt lat="46.548634143546224" lon="15.048085749149323">
        <ele>367.20001220703125</ele>
      </trkpt>
      <trkpt lat="46.54860170558095" lon="15.048126736655831">
        <ele>367.3999938964844</ele>
      </trkpt>
      <trkpt lat="46.5485696028918" lon="15.048169735819101">
        <ele>367.3999938964844</ele>
      </trkpt>
      <trkpt lat="46.548537500202656" lon="15.048216003924608">
        <ele>367.3999938964844</ele>
      </trkpt>
      <trkpt lat="46.548505146056414" lon="15.048262355849147">
        <ele>367.3999938964844</ele>
      </trkpt>
      <trkpt lat="46.548472037538886" lon="15.048307366669178">
        <ele>367.3999938964844</ele>
      </trkpt>
      <trkpt lat="46.54844052158296" lon="15.04835145547986">
        <ele>367.20001220703125</ele>
      </trkpt>
      <trkpt lat="46.548409508541226" lon="15.048395963385701">
        <ele>367.20001220703125</ele>
      </trkpt>
      <trkpt lat="46.54837849549949" lon="15.048443488776684">
        <ele>367</ele>
      </trkpt>
      <trkpt lat="46.548348907381296" lon="15.048488331958652">
        <ele>367</ele>
      </trkpt>
      <trkpt lat="46.54831789433956" lon="15.048532672226429">
        <ele>367</ele>
      </trkpt>
      <trkpt lat="46.548287719488144" lon="15.048576258122921">
        <ele>367</ele>
      </trkpt>
      <trkpt lat="46.54825637117028" lon="15.048619005829096">
        <ele>367</ele>
      </trkpt>
      <trkpt lat="46.54822845943272" lon="15.048665860667825">
        <ele>367</ele>
      </trkpt>
      <trkpt lat="46.54819895513356" lon="15.048710787668824">
        <ele>367.20001220703125</ele>
      </trkpt>
      <trkpt lat="46.54816936701536" lon="15.048754708841443">
        <ele>367.20001220703125</ele>
      </trkpt>
      <trkpt lat="46.54814003035426" lon="15.048800054937601">
        <ele>367.20001220703125</ele>
      </trkpt>
      <trkpt lat="46.54811128042638" lon="15.048846155405045">
        <ele>367.3999938964844</ele>
      </trkpt>
      <trkpt lat="46.54808169230819" lon="15.048892926424742">
        <ele>367.3999938964844</ele>
      </trkpt>
      <trkpt lat="46.5480534452945" lon="15.04893978126347">
        <ele>367.6000061035156</ele>
      </trkpt>
      <trkpt lat="46.54802452772856" lon="15.04898814484477">
        <ele>367.6000061035156</ele>
      </trkpt>
      <trkpt lat="46.54799728654325" lon="15.04903407767415">
        <ele>367.6000061035156</ele>
      </trkpt>
      <trkpt lat="46.54797105118632" lon="15.049076993018389">
        <ele>367.79998779296875</ele>
      </trkpt>
      <trkpt lat="46.547944229096174" lon="15.049119656905532">
        <ele>367.79998779296875</ele>
      </trkpt>
      <trkpt lat="46.54791573062539" lon="15.049164164811373">
        <ele>367.79998779296875</ele>
      </trkpt>
      <trkpt lat="46.54788639396429" lon="15.049208169803023">
        <ele>367.6000061035156</ele>
      </trkpt>
      <trkpt lat="46.54785848222673" lon="15.049254354089499">
        <ele>367.6000061035156</ele>
      </trkpt>
      <trkpt lat="46.5478322468698" lon="15.049302382394671">
        <ele>367.6000061035156</ele>
      </trkpt>
      <trkpt lat="46.54780777171254" lon="15.049350326880813">
        <ele>367.6000061035156</ele>
      </trkpt>
      <trkpt lat="46.547781536355615" lon="15.049395505338907">
        <ele>367.79998779296875</ele>
      </trkpt>
      <trkpt lat="46.54775287024677" lon="15.049438588321209">
        <ele>367.79998779296875</ele>
      </trkpt>
      <trkpt lat="46.547723449766636" lon="15.04948410205543">
        <ele>367.79998779296875</ele>
      </trkpt>
      <trkpt lat="46.547694616019726" lon="15.04952852614224">
        <ele>367.79998779296875</ele>
      </trkpt>
      <trkpt lat="46.54766762629151" lon="15.049571860581636">
        <ele>368</ele>
      </trkpt>
      <trkpt lat="46.54763996601105" lon="15.049614943563938">
        <ele>368</ele>
      </trkpt>
      <trkpt lat="46.547610042616725" lon="15.049657942727208">
        <ele>368</ele>
      </trkpt>
      <trkpt lat="46.547580203041434" lon="15.049699433147907">
        <ele>368.20001220703125</ele>
      </trkpt>
      <trkpt lat="46.54754885472357" lon="15.049742767587304">
        <ele>368.20001220703125</ele>
      </trkpt>
      <trkpt lat="46.547516668215394" lon="15.04978752695024">
        <ele>368.3999938964844</ele>
      </trkpt>
      <trkpt lat="46.54748649336398" lon="15.049830777570605">
        <ele>368.3999938964844</ele>
      </trkpt>
      <trkpt lat="46.54745338484645" lon="15.049871010705829">
        <ele>368.6000061035156</ele>
      </trkpt>
      <trkpt lat="46.54742086306214" lon="15.049908477813005">
        <ele>368.6000061035156</ele>
      </trkpt>
      <trkpt lat="46.54738733544946" lon="15.049951393157244">
        <ele>368.6000061035156</ele>
      </trkpt>
      <trkpt lat="46.54735866934061" lon="15.049997242167592">
        <ele>368.6000061035156</ele>
      </trkpt>
      <trkpt lat="46.54733176343143" lon="15.050042169168591">
        <ele>368.3999938964844</ele>
      </trkpt>
      <trkpt lat="46.547305192798376" lon="15.050087766721845">
        <ele>368.20001220703125</ele>
      </trkpt>
      <trkpt lat="46.54727744869888" lon="15.050131939351559">
        <ele>368</ele>
      </trkpt>
      <trkpt lat="46.54724970459938" lon="15.050176111981273">
        <ele>368</ele>
      </trkpt>
      <trkpt lat="46.54722246341407" lon="15.050219111144543">
        <ele>367.79998779296875</ele>
      </trkpt>
      <trkpt lat="46.54719547368586" lon="15.050261439755559">
        <ele>367.79998779296875</ele>
      </trkpt>
      <trkpt lat="46.54716873541474" lon="15.050302930176258">
        <ele>368</ele>
      </trkpt>
      <trkpt lat="46.54714266769588" lon="15.050345091149211">
        <ele>368</ele>
      </trkpt>
      <trkpt lat="46.547115007415414" lon="15.05038557574153">
        <ele>368.20001220703125</ele>
      </trkpt>
      <trkpt lat="46.547087682411075" lon="15.050422959029675">
        <ele>368.3999938964844</ele>
      </trkpt>
      <trkpt lat="46.5470605250448" lon="15.050461515784264">
        <ele>368.6000061035156</ele>
      </trkpt>
      <trkpt lat="46.54703219421208" lon="15.050502922385931">
        <ele>368.79998779296875</ele>
      </trkpt>
      <trkpt lat="46.547006126493216" lon="15.050545753911138">
        <ele>368.79998779296875</ele>
      </trkpt>
      <trkpt lat="46.54698139987886" lon="15.05058883689344">
        <ele>369</ele>
      </trkpt>
      <trkpt lat="46.5469569247216" lon="15.050631081685424">
        <ele>369</ele>
      </trkpt>
      <trkpt lat="46.54693018645048" lon="15.050675086677074">
        <ele>369</ele>
      </trkpt>
      <trkpt lat="46.54690386727452" lon="15.050718588754535">
        <ele>369</ele>
      </trkpt>
      <trkpt lat="46.54687696136534" lon="15.050763180479407">
        <ele>369</ele>
      </trkpt>
      <trkpt lat="46.54684787616134" lon="15.050805676728487">
        <ele>369.20001220703125</ele>
      </trkpt>
      <trkpt lat="46.5468171145767" lon="15.050846161320806">
        <ele>369.20001220703125</ele>
      </trkpt>
      <trkpt lat="46.5467875264585" lon="15.050885723903775">
        <ele>369.20001220703125</ele>
      </trkpt>
      <trkpt lat="46.546759279444814" lon="15.050928052514791">
        <ele>369.3999938964844</ele>
      </trkpt>
      <trkpt lat="46.546732038259506" lon="15.050972141325474">
        <ele>369.3999938964844</ele>
      </trkpt>
      <trkpt lat="46.546705132350326" lon="15.051015727221966">
        <ele>369.3999938964844</ele>
      </trkpt>
      <trkpt lat="46.546679651364684" lon="15.051060654222965">
        <ele>369.3999938964844</ele>
      </trkpt>
      <trkpt lat="46.54665266163647" lon="15.051103737205267">
        <ele>369.6000061035156</ele>
      </trkpt>
      <trkpt lat="46.546624917536974" lon="15.051144640892744">
        <ele>369.6000061035156</ele>
      </trkpt>
      <trkpt lat="46.546597089618444" lon="15.051184287294745">
        <ele>369.79998779296875</ele>
      </trkpt>
      <trkpt lat="46.54656959697604" lon="15.051225274801254">
        <ele>369.79998779296875</ele>
      </trkpt>
      <trkpt lat="46.5465422719717" lon="15.051265507936478">
        <ele>370</ele>
      </trkpt>
      <trkpt lat="46.546514024958014" lon="15.051306243985891">
        <ele>370</ele>
      </trkpt>
      <trkpt lat="46.54648552648723" lon="15.051347063854337">
        <ele>370</ele>
      </trkpt>
      <trkpt lat="46.54645753093064" lon="15.051387716084719">
        <ele>370.20001220703125</ele>
      </trkpt>
      <trkpt lat="46.54642911627889" lon="15.051430044695735">
        <ele>370.20001220703125</ele>
      </trkpt>
      <trkpt lat="46.54640078544617" lon="15.0514732953161">
        <ele>370.20001220703125</ele>
      </trkpt>
      <trkpt lat="46.54637396335602" lon="15.05151730030775">
        <ele>370.20001220703125</ele>
      </trkpt>
      <trkpt lat="46.546346386894584" lon="15.051560802385211">
        <ele>370.20001220703125</ele>
      </trkpt>
      <trkpt lat="46.546316212043166" lon="15.051604891195893">
        <ele>370.20001220703125</ele>
      </trkpt>
      <trkpt lat="46.54628955759108" lon="15.05164872854948">
        <ele>370.20001220703125</ele>
      </trkpt>
      <trkpt lat="46.54626323841512" lon="15.051693907007575">
        <ele>370.20001220703125</ele>
      </trkpt>
      <trkpt lat="46.54623541049659" lon="15.051738331094384">
        <ele>370.20001220703125</ele>
      </trkpt>
      <trkpt lat="46.54620548710227" lon="15.051781414076686">
        <ele>370.20001220703125</ele>
      </trkpt>
      <trkpt lat="46.546174976974726" lon="15.051823994144797">
        <ele>370.20001220703125</ele>
      </trkpt>
      <trkpt lat="46.5461453050375" lon="15.051866741850972">
        <ele>370.3999938964844</ele>
      </trkpt>
      <trkpt lat="46.54611546546221" lon="15.051906974986196">
        <ele>370.6000061035156</ele>
      </trkpt>
      <trkpt lat="46.546086547896266" lon="15.051947794854641">
        <ele>370.79998779296875</ele>
      </trkpt>
      <trkpt lat="46.546059139072895" lon="15.051991883665323">
        <ele>371</ele>
      </trkpt>
      <trkpt lat="46.54603240080178" lon="15.05203764885664">
        <ele>371.20001220703125</ele>
      </trkpt>
      <trkpt lat="46.546005913987756" lon="15.052082659676671">
        <ele>371.20001220703125</ele>
      </trkpt>
      <trkpt lat="46.54598210938275" lon="15.052127167582512">
        <ele>371.20001220703125</ele>
      </trkpt>
      <trkpt lat="46.545957047492266" lon="15.052170250564814">
        <ele>371.20001220703125</ele>
      </trkpt>
      <trkpt lat="46.545928129926324" lon="15.052212495356798">
        <ele>371.20001220703125</ele>
      </trkpt>
      <trkpt lat="46.545899296179414" lon="15.052253063768148">
        <ele>371</ele>
      </trkpt>
      <trkpt lat="46.54587222263217" lon="15.052292458713055">
        <ele>371</ele>
      </trkpt>
      <trkpt lat="46.54584590345621" lon="15.05233277566731">
        <ele>371</ele>
      </trkpt>
      <trkpt lat="46.54581908136606" lon="15.05237284116447">
        <ele>371</ele>
      </trkpt>
      <trkpt lat="46.545790918171406" lon="15.052413577213883">
        <ele>371</ele>
      </trkpt>
      <trkpt lat="46.545763090252876" lon="15.05245498381555">
        <ele>371</ele>
      </trkpt>
      <trkpt lat="46.54573819600046" lon="15.052497144788504">
        <ele>371</ele>
      </trkpt>
      <trkpt lat="46.545711709186435" lon="15.052539892494678">
        <ele>371</ele>
      </trkpt>
      <trkpt lat="46.54568639583886" lon="15.052583143115044">
        <ele>371</ele>
      </trkpt>
      <trkpt lat="46.54566066339612" lon="15.052624382078648">
        <ele>371</ele>
      </trkpt>
      <trkpt lat="46.545632584020495" lon="15.052664196118712">
        <ele>371</ele>
      </trkpt>
      <trkpt lat="46.5456045884639" lon="15.052704932168126">
        <ele>371.20001220703125</ele>
      </trkpt>
      <trkpt lat="46.54557768255472" lon="15.052744327113032">
        <ele>371.20001220703125</ele>
      </trkpt>
      <trkpt lat="46.5455527883023" lon="15.052784224972129">
        <ele>371.3999938964844</ele>
      </trkpt>
      <trkpt lat="46.54552772641182" lon="15.05282387137413">
        <ele>371.3999938964844</ele>
      </trkpt>
      <trkpt lat="46.545500149950385" lon="15.052863098680973">
        <ele>371.6000061035156</ele>
      </trkpt>
      <trkpt lat="46.54547399841249" lon="15.052901487797499">
        <ele>371.6000061035156</ele>
      </trkpt>
      <trkpt lat="46.54544675722718" lon="15.052941218018532">
        <ele>371.79998779296875</ele>
      </trkpt>
      <trkpt lat="46.545421443879604" lon="15.052981115877628">
        <ele>371.79998779296875</ele>
      </trkpt>
      <trkpt lat="46.5453957952559" lon="15.053021181374788">
        <ele>371.79998779296875</ele>
      </trkpt>
      <trkpt lat="46.5453717391938" lon="15.053061414510012">
        <ele>371.79998779296875</ele>
      </trkpt>
      <trkpt lat="46.54534542001784" lon="15.053099635988474">
        <ele>371.79998779296875</ele>
      </trkpt>
      <trkpt lat="46.545320274308324" lon="15.053136264905334">
        <ele>372</ele>
      </trkpt>
      <trkpt lat="46.545292949303985" lon="15.053173480555415">
        <ele>372</ele>
      </trkpt>
      <trkpt lat="46.545266630128026" lon="15.05321086384356">
        <ele>372</ele>
      </trkpt>
      <trkpt lat="46.54524274170399" lon="15.053250007331371">
        <ele>372.20001220703125</ele>
      </trkpt>
      <trkpt lat="46.545218266546726" lon="15.053289569914341">
        <ele>372.20001220703125</ele>
      </trkpt>
      <trkpt lat="46.54519152827561" lon="15.053327875211835">
        <ele>372.20001220703125</ele>
      </trkpt>
      <trkpt lat="46.54516504146159" lon="15.053367940708995">
        <ele>372</ele>
      </trkpt>
      <trkpt lat="46.545140566304326" lon="15.053407838568091">
        <ele>372</ele>
      </trkpt>
      <trkpt lat="46.54511475004256" lon="15.05344782024622">
        <ele>372</ele>
      </trkpt>
      <trkpt lat="46.545088682323694" lon="15.053485119715333">
        <ele>371.79998779296875</ele>
      </trkpt>
      <trkpt lat="46.54506303369999" lon="15.053524263203144">
        <ele>371.79998779296875</ele>
      </trkpt>
      <trkpt lat="46.54503763653338" lon="15.053562317043543">
        <ele>371.79998779296875</ele>
      </trkpt>
      <trkpt lat="46.545011987909675" lon="15.053600873798132">
        <ele>372</ele>
      </trkpt>
      <trkpt lat="46.54498927295208" lon="15.053640771657228">
        <ele>372</ele>
      </trkpt>
      <trkpt lat="46.544966138899326" lon="15.053681340068579">
        <ele>372</ele>
      </trkpt>
      <trkpt lat="46.54494107700884" lon="15.053722830489278">
        <ele>372</ele>
      </trkpt>
      <trkpt lat="46.54491852968931" lon="15.053761135786772">
        <ele>372</ele>
      </trkpt>
      <trkpt lat="46.544894222170115" lon="15.053797094151378">
        <ele>372</ele>
      </trkpt>
      <trkpt lat="46.54486999846995" lon="15.05383338779211">
        <ele>372</ele>
      </trkpt>
      <trkpt lat="46.544844433665276" lon="15.053868340328336">
        <ele>372</ele>
      </trkpt>
      <trkpt lat="46.54482129961252" lon="15.053905304521322">
        <ele>372</ele>
      </trkpt>
      <trkpt lat="46.544795986264944" lon="15.053941598162055">
        <ele>372</ele>
      </trkpt>
      <trkpt lat="46.54477142728865" lon="15.053978227078915">
        <ele>372</ele>
      </trkpt>
      <trkpt lat="46.5447480417788" lon="15.05401561036706">
        <ele>372.20001220703125</ele>
      </trkpt>
      <trkpt lat="46.54472549445927" lon="15.05405031144619">
        <ele>372.20001220703125</ele>
      </trkpt>
      <trkpt lat="46.544701186940074" lon="15.054085180163383">
        <ele>372.3999938964844</ele>
      </trkpt>
      <trkpt lat="46.54467838816345" lon="15.054121306166053">
        <ele>372.6000061035156</ele>
      </trkpt>
      <trkpt lat="46.544652823358774" lon="15.054157767444849">
        <ele>372.6000061035156</ele>
      </trkpt>
      <trkpt lat="46.54462591744959" lon="15.05419397726655">
        <ele>372.79998779296875</ele>
      </trkpt>
      <trkpt lat="46.54460119083524" lon="15.054229432716966">
        <ele>372.79998779296875</ele>
      </trkpt>
      <trkpt lat="46.54457788914442" lon="15.054265474900603">
        <ele>372.79998779296875</ele>
      </trkpt>
      <trkpt lat="46.54455525800586" lon="15.054302271455526">
        <ele>372.79998779296875</ele>
      </trkpt>
      <trkpt lat="46.54453405179083" lon="15.054341414943337">
        <ele>372.79998779296875</ele>
      </trkpt>
      <trkpt lat="46.54451326467097" lon="15.054380893707275">
        <ele>372.6000061035156</ele>
      </trkpt>
      <trkpt lat="46.5444924775511" lon="15.054420875385404">
        <ele>372.3999938964844</ele>
      </trkpt>
      <trkpt lat="46.54447177425027" lon="15.054460186511278">
        <ele>372.3999938964844</ele>
      </trkpt>
      <trkpt lat="46.5444493945688" lon="15.05449840798974">
        <ele>372.20001220703125</ele>
      </trkpt>
      <trkpt lat="46.54442642815411" lon="15.054537300020456">
        <ele>372.20001220703125</ele>
      </trkpt>
      <trkpt lat="46.54440572485328" lon="15.05458046682179">
        <ele>372.20001220703125</ele>
      </trkpt>
      <trkpt lat="46.54438644647598" lon="15.054623214527965">
        <ele>372.20001220703125</ele>
      </trkpt>
      <trkpt lat="46.54436691664159" lon="15.054666046053171">
        <ele>372.20001220703125</ele>
      </trkpt>
      <trkpt lat="46.544347051531076" lon="15.054708290845156">
        <ele>372.3999938964844</ele>
      </trkpt>
      <trkpt lat="46.544326432049274" lon="15.054749781265855">
        <ele>372.3999938964844</ele>
      </trkpt>
      <trkpt lat="46.54430505819619" lon="15.054789176210761">
        <ele>372.3999938964844</ele>
      </trkpt>
      <trkpt lat="46.54428670182824" lon="15.054830247536302">
        <ele>372.6000061035156</ele>
      </trkpt>
      <trkpt lat="46.544268764555454" lon="15.054867379367352">
        <ele>372.6000061035156</ele>
      </trkpt>
      <trkpt lat="46.544251665472984" lon="15.054902667179704">
        <ele>372.6000061035156</ele>
      </trkpt>
      <trkpt lat="46.544237500056624" lon="15.054937871173024">
        <ele>372.6000061035156</ele>
      </trkpt>
      <trkpt lat="46.544225262477994" lon="15.05497382953763">
        <ele>372.79998779296875</ele>
      </trkpt>
      <trkpt lat="46.54421252198517" lon="15.055008446797729">
        <ele>373</ele>
      </trkpt>
      <trkpt lat="46.54419835656881" lon="15.055045410990715">
        <ele>373</ele>
      </trkpt>
      <trkpt lat="46.544183352962136" lon="15.055086147040129">
        <ele>373.20001220703125</ele>
      </trkpt>
      <trkpt lat="46.54416851699352" lon="15.055128308013082">
        <ele>373.3999938964844</ele>
      </trkpt>
      <trkpt lat="46.54415024444461" lon="15.055173821747303">
        <ele>373.3999938964844</ele>
      </trkpt>
      <trkpt lat="46.54413213953376" lon="15.055220173671842">
        <ele>373.6000061035156</ele>
      </trkpt>
      <trkpt lat="46.54411545954645" lon="15.055265435948968">
        <ele>373.79998779296875</ele>
      </trkpt>
      <trkpt lat="46.54410062357783" lon="15.055312542244792">
        <ele>374</ele>
      </trkpt>
      <trkpt lat="46.54408570379019" lon="15.055363420397043">
        <ele>374</ele>
      </trkpt>
      <trkpt lat="46.54407053254545" lon="15.05541211925447">
        <ele>374</ele>
      </trkpt>
      <trkpt lat="46.544055696576834" lon="15.05546148866415">
        <ele>374</ele>
      </trkpt>
      <trkpt lat="46.544042117893696" lon="15.055512199178338">
        <ele>374.20001220703125</ele>
      </trkpt>
      <trkpt lat="46.54402820393443" lon="15.055563161149621">
        <ele>374.20001220703125</ele>
      </trkpt>
      <trkpt lat="46.544013284146786" lon="15.05561152473092">
        <ele>374.20001220703125</ele>
      </trkpt>
      <trkpt lat="46.543996101245284" lon="15.055663073435426">
        <ele>374.20001220703125</ele>
      </trkpt>
      <trkpt lat="46.543978080153465" lon="15.055711856111884">
        <ele>374.20001220703125</ele>
      </trkpt>
      <trkpt lat="46.54396215453744" lon="15.05576055496931">
        <ele>374.20001220703125</ele>
      </trkpt>
      <trkpt lat="46.5439488273114" lon="15.055810678750277">
        <ele>374.20001220703125</ele>
      </trkpt>
      <trkpt lat="46.54393281787634" lon="15.055861053988338">
        <ele>374.3999938964844</ele>
      </trkpt>
      <trkpt lat="46.54391563497484" lon="15.055909752845764">
        <ele>374.3999938964844</ele>
      </trkpt>
      <trkpt lat="46.5438970271498" lon="15.055957948789">
        <ele>374.3999938964844</ele>
      </trkpt>
      <trkpt lat="46.54387707822025" lon="15.0560063123703">
        <ele>374.3999938964844</ele>
      </trkpt>
      <trkpt lat="46.54386358335614" lon="15.056057274341583">
        <ele>374.6000061035156</ele>
      </trkpt>
      <trkpt lat="46.543851932510734" lon="15.056109242141247">
        <ele>374.6000061035156</ele>
      </trkpt>
      <trkpt lat="46.54383801855147" lon="15.056161126121879">
        <ele>374.6000061035156</ele>
      </trkpt>
      <trkpt lat="46.54382402077317" lon="15.056213764473796">
        <ele>374.6000061035156</ele>
      </trkpt>
      <trkpt lat="46.54380960389972" lon="15.056266654282808">
        <ele>374.6000061035156</ele>
      </trkpt>
      <trkpt lat="46.543792923912406" lon="15.056323148310184">
        <ele>374.6000061035156</ele>
      </trkpt>
      <trkpt lat="46.54377565719187" lon="15.056381234899163">
        <ele>374.6000061035156</ele>
      </trkpt>
      <trkpt lat="46.54375839047134" lon="15.056437477469444">
        <ele>374.6000061035156</ele>
      </trkpt>
      <trkpt lat="46.543741542845964" lon="15.05649489350617">
        <ele>374.79998779296875</ele>
      </trkpt>
      <trkpt lat="46.54372477903962" lon="15.056553147733212">
        <ele>374.6000061035156</ele>
      </trkpt>
      <trkpt lat="46.54370776377618" lon="15.056609977036715">
        <ele>374.6000061035156</ele>
      </trkpt>
      <trkpt lat="46.54369083233178" lon="15.056668650358915">
        <ele>374.79998779296875</ele>
      </trkpt>
      <trkpt lat="46.54367356561124" lon="15.05672950297594">
        <ele>374.6000061035156</ele>
      </trkpt>
      <trkpt lat="46.54365596361458" lon="15.056790690869093">
        <ele>374.6000061035156</ele>
      </trkpt>
      <trkpt lat="46.54364012181759" lon="15.056852297857404">
        <ele>374.6000061035156</ele>
      </trkpt>
      <trkpt lat="46.54362344183028" lon="15.056915245950222">
        <ele>374.6000061035156</ele>
      </trkpt>
      <trkpt lat="46.543606258928776" lon="15.056976936757565">
        <ele>374.6000061035156</ele>
      </trkpt>
      <trkpt lat="46.54358630999923" lon="15.05703778937459">
        <ele>374.6000061035156</ele>
      </trkpt>
      <trkpt lat="46.5435651037842" lon="15.057097803801298">
        <ele>374.6000061035156</ele>
      </trkpt>
      <trkpt lat="46.54354347847402" lon="15.057158740237355">
        <ele>374.6000061035156</ele>
      </trkpt>
      <trkpt lat="46.543523194268346" lon="15.057221185415983">
        <ele>374.6000061035156</ele>
      </trkpt>
      <trkpt lat="46.543503077700734" lon="15.05728312768042">
        <ele>374.6000061035156</ele>
      </trkpt>
      <trkpt lat="46.54348153620958" lon="15.057347249239683">
        <ele>374.6000061035156</ele>
      </trkpt>
      <trkpt lat="46.54346041381359" lon="15.057413969188929">
        <ele>374.6000061035156</ele>
      </trkpt>
      <trkpt lat="46.543440632522106" lon="15.057482114061713">
        <ele>374.6000061035156</ele>
      </trkpt>
      <trkpt lat="46.54341984540224" lon="15.057552522048354">
        <ele>374.6000061035156</ele>
      </trkpt>
      <trkpt lat="46.54339922592044" lon="15.05762754008174">
        <ele>374.6000061035156</ele>
      </trkpt>
      <trkpt lat="46.54337684623897" lon="15.057704066857696">
        <ele>374.6000061035156</ele>
      </trkpt>
      <trkpt lat="46.543352119624615" lon="15.05778193473816">
        <ele>374.6000061035156</ele>
      </trkpt>
      <trkpt lat="46.54332563281059" lon="15.05786114372313">
        <ele>374.6000061035156</ele>
      </trkpt>
      <trkpt lat="46.543301828205585" lon="15.057938257232308">
        <ele>374.6000061035156</ele>
      </trkpt>
      <trkpt lat="46.54327819123864" lon="15.058019142597914">
        <ele>374.6000061035156</ele>
      </trkpt>
      <trkpt lat="46.54325514100492" lon="15.058099525049329">
        <ele>374.6000061035156</ele>
      </trkpt>
      <trkpt lat="46.543231504037976" lon="15.058180075138807">
        <ele>374.3999938964844</ele>
      </trkpt>
      <trkpt lat="46.543208453804255" lon="15.05826179869473">
        <ele>374.20001220703125</ele>
      </trkpt>
      <trkpt lat="46.54318473301828" lon="15.05834436044097">
        <ele>374.20001220703125</ele>
      </trkpt>
      <trkpt lat="46.54316034168005" lon="15.0584274251014">
        <ele>374</ele>
      </trkpt>
      <trkpt lat="46.54313997365534" lon="15.058509232476354">
        <ele>374</ele>
      </trkpt>
      <trkpt lat="46.543118599802256" lon="15.058593470603228">
        <ele>374.20001220703125</ele>
      </trkpt>
      <trkpt lat="46.54309672303498" lon="15.058677457273006">
        <ele>374.20001220703125</ele>
      </trkpt>
      <trkpt lat="46.54307342134416" lon="15.058759516105056">
        <ele>374.3999938964844</ele>
      </trkpt>
      <trkpt lat="46.54304944910109" lon="15.058840652927756">
        <ele>374.3999938964844</ele>
      </trkpt>
      <trkpt lat="46.543026650324464" lon="15.058921705931425">
        <ele>374.3999938964844</ele>
      </trkpt>
      <trkpt lat="46.54300192371011" lon="15.059002423658967">
        <ele>374.6000061035156</ele>
      </trkpt>
      <trkpt lat="46.542978370562196" lon="15.059083057567477">
        <ele>374.6000061035156</ele>
      </trkpt>
      <trkpt lat="46.54295372776687" lon="15.059165367856622">
        <ele>374.6000061035156</ele>
      </trkpt>
      <trkpt lat="46.542932437732816" lon="15.059247929602861">
        <ele>374.6000061035156</ele>
      </trkpt>
      <trkpt lat="46.542909974232316" lon="15.059328060597181">
        <ele>374.79998779296875</ele>
      </trkpt>
      <trkpt lat="46.54288616962731" lon="15.059407018125057">
        <ele>374.79998779296875</ele>
      </trkpt>
      <trkpt lat="46.54286504723132" lon="15.05948874168098">
        <ele>374.79998779296875</ele>
      </trkpt>
      <trkpt lat="46.542840991169214" lon="15.059568705037236">
        <ele>374.79998779296875</ele>
      </trkpt>
      <trkpt lat="46.54281534254551" lon="15.059649925678968">
        <ele>374.79998779296875</ele>
      </trkpt>
      <trkpt lat="46.54279011301696" lon="15.05973206833005">
        <ele>374.79998779296875</ele>
      </trkpt>
      <trkpt lat="46.54276538640261" lon="15.059814965352416">
        <ele>374.79998779296875</ele>
      </trkpt>
      <trkpt lat="46.54274418018758" lon="15.059895347803831">
        <ele>374.79998779296875</ele>
      </trkpt>
      <trkpt lat="46.54272221960127" lon="15.059975143522024">
        <ele>374.79998779296875</ele>
      </trkpt>
      <trkpt lat="46.54270109720528" lon="15.060053514316678">
        <ele>374.79998779296875</ele>
      </trkpt>
      <trkpt lat="46.542677292600274" lon="15.06013129837811">
        <ele>374.79998779296875</ele>
      </trkpt>
      <trkpt lat="46.54265281744301" lon="15.060208160430193">
        <ele>374.79998779296875</ele>
      </trkpt>
      <trkpt lat="46.54262918047607" lon="15.060285525396466">
        <ele>374.79998779296875</ele>
      </trkpt>
      <trkpt lat="46.54260663315654" lon="15.060363560914993">
        <ele>374.79998779296875</ele>
      </trkpt>
      <trkpt lat="46.542586432769895" lon="15.060440842062235">
        <ele>374.79998779296875</ele>
      </trkpt>
      <trkpt lat="46.54256472364068" lon="15.06051728501916">
        <ele>374.79998779296875</ele>
      </trkpt>
      <trkpt lat="46.54254334978759" lon="15.060594901442528">
        <ele>374.79998779296875</ele>
      </trkpt>
      <trkpt lat="46.542520551010966" lon="15.060670673847198">
        <ele>374.79998779296875</ele>
      </trkpt>
      <trkpt lat="46.54249867424369" lon="15.06074602715671">
        <ele>375</ele>
      </trkpt>
      <trkpt lat="46.542475540190935" lon="15.060821296647191">
        <ele>375</ele>
      </trkpt>
      <trkpt lat="46.54245173558593" lon="15.06089254282415">
        <ele>375.20001220703125</ele>
      </trkpt>
      <trkpt lat="46.54242684133351" lon="15.060962531715631">
        <ele>375.20001220703125</ele>
      </trkpt>
      <trkpt lat="46.54239809140563" lon="15.061030089855194">
        <ele>375.20001220703125</ele>
      </trkpt>
      <trkpt lat="46.54236624017358" lon="15.061093457043171">
        <ele>375.20001220703125</ele>
      </trkpt>
      <trkpt lat="46.54233271256089" lon="15.061154393479228">
        <ele>375.20001220703125</ele>
      </trkpt>
      <trkpt lat="46.54229750856757" lon="15.061214575544">
        <ele>375.3999938964844</ele>
      </trkpt>
      <trkpt lat="46.54226213693619" lon="15.061272159218788">
        <ele>375.3999938964844</ele>
      </trkpt>
      <trkpt lat="46.542226262390614" lon="15.061326390132308">
        <ele>375.3999938964844</ele>
      </trkpt>
      <trkpt lat="46.54218695126474" lon="15.061380956321955">
        <ele>375.20001220703125</ele>
      </trkpt>
      <trkpt lat="46.54215074144304" lon="15.06143200211227">
        <ele>375.20001220703125</ele>
      </trkpt>
      <trkpt lat="46.542115369811654" lon="15.06147843785584">
        <ele>375.3999938964844</ele>
      </trkpt>
      <trkpt lat="46.5420784894377" lon="15.061522610485554">
        <ele>375.3999938964844</ele>
      </trkpt>
      <trkpt lat="46.542042279616" lon="15.061564100906253">
        <ele>375.6000061035156</ele>
      </trkpt>
      <trkpt lat="46.542005483061075" lon="15.061604082584381">
        <ele>375.79998779296875</ele>
      </trkpt>
      <trkpt lat="46.54196667484939" lon="15.061644231900573">
        <ele>376</ele>
      </trkpt>
      <trkpt lat="46.54192912392318" lon="15.061685387045145">
        <ele>376</ele>
      </trkpt>
      <trkpt lat="46.54189341701567" lon="15.061723859980702">
        <ele>376.20001220703125</ele>
      </trkpt>
      <trkpt lat="46.541857291013" lon="15.06175696849823">
        <ele>376.3999938964844</ele>
      </trkpt>
      <trkpt lat="46.541820745915174" lon="15.06178823299706">
        <ele>376.3999938964844</ele>
      </trkpt>
      <trkpt lat="46.541786631569266" lon="15.061819078400731">
        <ele>376.6000061035156</ele>
      </trkpt>
      <trkpt lat="46.5417486615479" lon="15.06184690631926">
        <ele>376.6000061035156</ele>
      </trkpt>
      <trkpt lat="46.54170867986977" lon="15.061871716752648">
        <ele>376.6000061035156</ele>
      </trkpt>
      <trkpt lat="46.54166668653488" lon="15.061897784471512">
        <ele>376.6000061035156</ele>
      </trkpt>
      <trkpt lat="46.541623352095485" lon="15.061923516914248">
        <ele>376.6000061035156</ele>
      </trkpt>
      <trkpt lat="46.541579347103834" lon="15.06194556131959">
        <ele>376.6000061035156</ele>
      </trkpt>
      <trkpt lat="46.541534420102835" lon="15.061967354267836">
        <ele>376.79998779296875</ele>
      </trkpt>
      <trkpt lat="46.541489493101835" lon="15.061988979578018">
        <ele>376.79998779296875</ele>
      </trkpt>
      <trkpt lat="46.541442638263106" lon="15.06200767122209">
        <ele>376.79998779296875</ele>
      </trkpt>
      <trkpt lat="46.54139410704374" lon="15.062026362866163">
        <ele>376.6000061035156</ele>
      </trkpt>
      <trkpt lat="46.54134607873857" lon="15.062043461948633">
        <ele>376.6000061035156</ele>
      </trkpt>
      <trkpt lat="46.54129922389984" lon="15.062059219926596">
        <ele>376.3999938964844</ele>
      </trkpt>
      <trkpt lat="46.5412496868521" lon="15.062075899913907">
        <ele>376.3999938964844</ele>
      </trkpt>
      <trkpt lat="46.54120182618499" lon="15.062090652063489">
        <ele>376.3999938964844</ele>
      </trkpt>
      <trkpt lat="46.541154719889164" lon="15.062107667326927">
        <ele>376.20001220703125</ele>
      </trkpt>
      <trkpt lat="46.54111021198332" lon="15.062123760581017">
        <ele>376.20001220703125</ele>
      </trkpt>
      <trkpt lat="46.54106545262039" lon="15.062134405598044">
        <ele>376.3999938964844</ele>
      </trkpt>
      <trkpt lat="46.54101926833391" lon="15.062142619863153">
        <ele>376.3999938964844</ele>
      </trkpt>
      <trkpt lat="46.54096880927682" lon="15.062154941260815">
        <ele>376.3999938964844</ele>
      </trkpt>
      <trkpt lat="46.54092111624777" lon="15.062170196324587">
        <ele>376.3999938964844</ele>
      </trkpt>
      <trkpt lat="46.54087266884744" lon="15.062183691188693">
        <ele>376.3999938964844</ele>
      </trkpt>
      <trkpt lat="46.540826903656125" lon="15.062194839119911">
        <ele>376.3999938964844</ele>
      </trkpt>
      <trkpt lat="46.54077879153192" lon="15.062208250164986">
        <ele>376.3999938964844</ele>
      </trkpt>
      <trkpt lat="46.540733110159636" lon="15.062219481915236">
        <ele>376.3999938964844</ele>
      </trkpt>
      <trkpt lat="46.54069656506181" lon="15.062228785827756">
        <ele>376.3999938964844</ele>
      </trkpt>
      <trkpt lat="46.54064090922475" lon="15.062238592654467">
        <ele>376.3999938964844</ele>
      </trkpt>
      <trkpt lat="46.54059371910989" lon="15.062249070033431">
        <ele>376.3999938964844</ele>
      </trkpt>
      <trkpt lat="46.54054619371891" lon="15.062259379774332">
        <ele>376.3999938964844</ele>
      </trkpt>
      <trkpt lat="46.540497997775674" lon="15.062274048104882">
        <ele>376.20001220703125</ele>
      </trkpt>
      <trkpt lat="46.54045172967017" lon="15.062287459149957">
        <ele>376.20001220703125</ele>
      </trkpt>
      <trkpt lat="46.540406132116914" lon="15.062298020347953">
        <ele>376.20001220703125</ele>
      </trkpt>
      <trkpt lat="46.54036204330623" lon="15.062309419736266">
        <ele>376.20001220703125</ele>
      </trkpt>
      <trkpt lat="46.54031644575298" lon="15.062322998419404">
        <ele>376.3999938964844</ele>
      </trkpt>
      <trkpt lat="46.54027118347585" lon="15.06233791820705">
        <ele>376.3999938964844</ele>
      </trkpt>
      <trkpt lat="46.540225921198726" lon="15.062354933470488">
        <ele>376.3999938964844</ele>
      </trkpt>
      <trkpt lat="46.54018007218838" lon="15.062374714761972">
        <ele>376.3999938964844</ele>
      </trkpt>
      <trkpt lat="46.540134977549314" lon="15.062391813844442">
        <ele>376.3999938964844</ele>
      </trkpt>
      <trkpt lat="46.54008795507252" lon="15.062409164384007">
        <ele>376.6000061035156</ele>
      </trkpt>
      <trkpt lat="46.540039172396064" lon="15.062428945675492">
        <ele>376.79998779296875</ele>
      </trkpt>
      <trkpt lat="46.539993323385715" lon="15.06244889460504">
        <ele>377</ele>
      </trkpt>
      <trkpt lat="46.53994613327086" lon="15.062470519915223">
        <ele>377.20001220703125</ele>
      </trkpt>
      <trkpt lat="46.53990154154599" lon="15.06249574944377">
        <ele>377.3999938964844</ele>
      </trkpt>
      <trkpt lat="46.53985636308789" lon="15.062517542392015">
        <ele>377.6000061035156</ele>
      </trkpt>
      <trkpt lat="46.539811100810766" lon="15.062535898759961">
        <ele>377.6000061035156</ele>
      </trkpt>
      <trkpt lat="46.53976684436202" lon="15.06255492568016">
        <ele>377.6000061035156</ele>
      </trkpt>
      <trkpt lat="46.539722168818116" lon="15.062577808275819">
        <ele>377.6000061035156</ele>
      </trkpt>
      <trkpt lat="46.53967791236937" lon="15.062601696699858">
        <ele>377.6000061035156</ele>
      </trkpt>
      <trkpt lat="46.5396330691874" lon="15.062624579295516">
        <ele>377.6000061035156</ele>
      </trkpt>
      <trkpt lat="46.539586801081896" lon="15.062646958976984">
        <ele>377.3999938964844</ele>
      </trkpt>
      <trkpt lat="46.53954296372831" lon="15.06267269141972">
        <ele>377.6000061035156</ele>
      </trkpt>
      <trkpt lat="46.53949803672731" lon="15.06270194426179">
        <ele>377.6000061035156</ele>
      </trkpt>
      <trkpt lat="46.539453361183405" lon="15.06272692233324">
        <ele>377.79998779296875</ele>
      </trkpt>
      <trkpt lat="46.53941161930561" lon="15.062747709453106">
        <ele>377.79998779296875</ele>
      </trkpt>
      <trkpt lat="46.53936769813299" lon="15.062776543200016">
        <ele>378</ele>
      </trkpt>
      <trkpt lat="46.53932268731296" lon="15.062808394432068">
        <ele>378</ele>
      </trkpt>
      <trkpt lat="46.53927675448358" lon="15.062844101339579">
        <ele>378</ele>
      </trkpt>
      <trkpt lat="46.53923308476806" lon="15.062881065532565">
        <ele>378</ele>
      </trkpt>
      <trkpt lat="46.53919058851898" lon="15.062918281182647">
        <ele>378.20001220703125</ele>
      </trkpt>
      <trkpt lat="46.53914758935571" lon="15.062956335023046">
        <ele>378.20001220703125</ele>
      </trkpt>
      <trkpt lat="46.5391047578305" lon="15.062994724139571">
        <ele>378.3999938964844</ele>
      </trkpt>
      <trkpt lat="46.539062010124326" lon="15.06303378380835">
        <ele>378.3999938964844</ele>
      </trkpt>
      <trkpt lat="46.53902010060847" lon="15.06307384930551">
        <ele>378.6000061035156</ele>
      </trkpt>
      <trkpt lat="46.538976933807135" lon="15.063117602840066">
        <ele>378.6000061035156</ele>
      </trkpt>
      <trkpt lat="46.538933934643865" lon="15.063161943107843">
        <ele>378.79998779296875</ele>
      </trkpt>
      <trkpt lat="46.538892444223166" lon="15.063209887593985">
        <ele>378.79998779296875</ele>
      </trkpt>
      <trkpt lat="46.538850450888276" lon="15.063259759917855">
        <ele>378.79998779296875</ele>
      </trkpt>
      <trkpt lat="46.53880678117275" lon="15.063308207318187">
        <ele>379</ele>
      </trkpt>
      <trkpt lat="46.5387630276382" lon="15.063355481252074">
        <ele>379</ele>
      </trkpt>
      <trkpt lat="46.53872027993202" lon="15.063400408253074">
        <ele>379</ele>
      </trkpt>
      <trkpt lat="46.53867652639747" lon="15.063447011634707">
        <ele>379</ele>
      </trkpt>
      <trkpt lat="46.53863277286291" lon="15.063495710492134">
        <ele>379</ele>
      </trkpt>
      <trkpt lat="46.53859212063253" lon="15.063545247539878">
        <ele>379</ele>
      </trkpt>
      <trkpt lat="46.53855415061116" lon="15.06359369494021">
        <ele>379</ele>
      </trkpt>
      <trkpt lat="46.53851492330432" lon="15.063639460131526">
        <ele>379.20001220703125</ele>
      </trkpt>
      <trkpt lat="46.53847586363554" lon="15.063683800399303">
        <ele>379.20001220703125</ele>
      </trkpt>
      <trkpt lat="46.538434121757746" lon="15.063728727400303">
        <ele>379.3999938964844</ele>
      </trkpt>
      <trkpt lat="46.53839271515608" lon="15.063774324953556">
        <ele>379.6000061035156</ele>
      </trkpt>
      <trkpt lat="46.53834946453571" lon="15.063820844516158">
        <ele>379.79998779296875</ele>
      </trkpt>
      <trkpt lat="46.53830814175308" lon="15.063867699354887">
        <ele>380</ele>
      </trkpt>
      <trkpt lat="46.538268998265266" lon="15.063913967460394">
        <ele>380</ele>
      </trkpt>
      <trkpt lat="46.538228346034884" lon="15.063962414860725">
        <ele>380</ele>
      </trkpt>
      <trkpt lat="46.53818760998547" lon="15.064011365175247">
        <ele>380</ele>
      </trkpt>
      <trkpt lat="46.53814787976444" lon="15.064059142023325">
        <ele>380</ele>
      </trkpt>
      <trkpt lat="46.538105718791485" lon="15.064105493947864">
        <ele>379.79998779296875</ele>
      </trkpt>
      <trkpt lat="46.5380618814379" lon="15.064150588586926">
        <ele>379.79998779296875</ele>
      </trkpt>
      <trkpt lat="46.53801904991269" lon="15.064196437597275">
        <ele>379.79998779296875</ele>
      </trkpt>
      <trkpt lat="46.537977224215865" lon="15.064243543893099">
        <ele>379.79998779296875</ele>
      </trkpt>
      <trkpt lat="46.53793456032872" lon="15.064288889989257">
        <ele>379.79998779296875</ele>
      </trkpt>
      <trkpt lat="46.537894159555435" lon="15.064333397895098">
        <ele>379.6000061035156</ele>
      </trkpt>
      <trkpt lat="46.53785367496312" lon="15.064377235248685">
        <ele>379.6000061035156</ele>
      </trkpt>
      <trkpt lat="46.53781184926629" lon="15.06442098878324">
        <ele>379.6000061035156</ele>
      </trkpt>
      <trkpt lat="46.53777119703591" lon="15.064464155584574">
        <ele>379.3999938964844</ele>
      </trkpt>
      <trkpt lat="46.537733897566795" lon="15.064506316557527">
        <ele>379.3999938964844</ele>
      </trkpt>
      <trkpt lat="46.537697687745094" lon="15.064549734815955">
        <ele>379.3999938964844</ele>
      </trkpt>
      <trkpt lat="46.537662483751774" lon="15.064592398703098">
        <ele>379.3999938964844</ele>
      </trkpt>
      <trkpt lat="46.537625854834914" lon="15.06463690660894">
        <ele>379.3999938964844</ele>
      </trkpt>
      <trkpt lat="46.53758939355612" lon="15.064683007076383">
        <ele>379.6000061035156</ele>
      </trkpt>
      <trkpt lat="46.537550669163465" lon="15.06472835317254">
        <ele>379.6000061035156</ele>
      </trkpt>
      <trkpt lat="46.53751186095178" lon="15.064773447811604">
        <ele>379.79998779296875</ele>
      </trkpt>
      <trkpt lat="46.537473890930414" lon="15.06481871008873">
        <ele>380</ele>
      </trkpt>
      <trkpt lat="46.53743801638484" lon="15.064863385632634">
        <ele>380</ele>
      </trkpt>
      <trkpt lat="46.53740230947733" lon="15.06490713916719">
        <ele>380</ele>
      </trkpt>
      <trkpt lat="46.53736333362758" lon="15.064951395615935">
        <ele>380.20001220703125</ele>
      </trkpt>
      <trkpt lat="46.53732662089169" lon="15.064993053674698">
        <ele>380</ele>
      </trkpt>
      <trkpt lat="46.53729108162224" lon="15.06503370590508">
        <ele>380.20001220703125</ele>
      </trkpt>
      <trkpt lat="46.53725520707667" lon="15.065074190497398">
        <ele>380.20001220703125</ele>
      </trkpt>
      <trkpt lat="46.53721916489303" lon="15.065119033679366">
        <ele>380.20001220703125</ele>
      </trkpt>
      <trkpt lat="46.53718337416649" lon="15.06516270339489">
        <ele>380.3999938964844</ele>
      </trkpt>
      <trkpt lat="46.53714632615447" lon="15.065204445272684">
        <ele>380.6000061035156</ele>
      </trkpt>
      <trkpt lat="46.53710810467601" lon="15.065242918208241">
        <ele>380.6000061035156</ele>
      </trkpt>
      <trkpt lat="46.53707088902593" lon="15.065278960391879">
        <ele>380.79998779296875</ele>
      </trkpt>
      <trkpt lat="46.53703333809972" lon="15.06531860679388">
        <ele>380.79998779296875</ele>
      </trkpt>
      <trkpt lat="46.53699662536383" lon="15.065356073901057">
        <ele>381</ele>
      </trkpt>
      <trkpt lat="46.53696116991341" lon="15.065394379198551">
        <ele>381</ele>
      </trkpt>
      <trkpt lat="46.53692487627268" lon="15.065431259572506">
        <ele>380.79998779296875</ele>
      </trkpt>
      <trkpt lat="46.53689042665064" lon="15.065471576526761">
        <ele>380.79998779296875</ele>
      </trkpt>
      <trkpt lat="46.53685798868537" lon="15.065512983128428">
        <ele>380.79998779296875</ele>
      </trkpt>
      <trkpt lat="46.53682278469205" lon="15.065554473549128">
        <ele>380.6000061035156</ele>
      </trkpt>
      <trkpt lat="46.536785904318094" lon="15.065595712512732">
        <ele>380.6000061035156</ele>
      </trkpt>
      <trkpt lat="46.536750784143806" lon="15.065634604543447">
        <ele>380.6000061035156</ele>
      </trkpt>
      <trkpt lat="46.5367129817605" lon="15.065675508230925">
        <ele>380.79998779296875</ele>
      </trkpt>
      <trkpt lat="46.53667576611042" lon="15.06571532227099">
        <ele>380.79998779296875</ele>
      </trkpt>
      <trkpt lat="46.53663955628872" lon="15.065755723044276">
        <ele>381</ele>
      </trkpt>
      <trkpt lat="46.536603262647986" lon="15.065798219293356">
        <ele>381.20001220703125</ele>
      </trkpt>
      <trkpt lat="46.536568058654666" lon="15.06584138609469">
        <ele>381.3999938964844</ele>
      </trkpt>
      <trkpt lat="46.53653201647103" lon="15.065885558724403">
        <ele>381.6000061035156</ele>
      </trkpt>
      <trkpt lat="46.536495722830296" lon="15.065927049145103">
        <ele>381.6000061035156</ele>
      </trkpt>
      <trkpt lat="46.53645532205701" lon="15.065966276451945">
        <ele>381.6000061035156</ele>
      </trkpt>
      <trkpt lat="46.536419447511435" lon="15.06600215099752">
        <ele>381.6000061035156</ele>
      </trkpt>
      <trkpt lat="46.536383824422956" lon="15.06603785790503">
        <ele>381.3999938964844</ele>
      </trkpt>
      <trkpt lat="46.536346692591906" lon="15.066076666116714">
        <ele>381.3999938964844</ele>
      </trkpt>
      <trkpt lat="46.53631140477955" lon="15.066118072718382">
        <ele>381.3999938964844</ele>
      </trkpt>
      <trkpt lat="46.53627737425268" lon="15.066157635301352">
        <ele>381.20001220703125</ele>
      </trkpt>
      <trkpt lat="46.5362414997071" lon="15.066194599494338">
        <ele>381.3999938964844</ele>
      </trkpt>
      <trkpt lat="46.53620537370443" lon="15.066229132935405">
        <ele>381.3999938964844</ele>
      </trkpt>
      <trkpt lat="46.536169750615954" lon="15.066264169290662">
        <ele>381.3999938964844</ele>
      </trkpt>
      <trkpt lat="46.536136055365205" lon="15.066299876198173">
        <ele>381.6000061035156</ele>
      </trkpt>
      <trkpt lat="46.53610160574317" lon="15.066335499286652">
        <ele>381.6000061035156</ele>
      </trkpt>
      <trkpt lat="46.53606397099793" lon="15.066373888403177">
        <ele>381.79998779296875</ele>
      </trkpt>
      <trkpt lat="46.5360292699188" lon="15.066410768777132">
        <ele>381.79998779296875</ele>
      </trkpt>
      <trkpt lat="46.535995323210955" lon="15.06645024754107">
        <ele>382</ele>
      </trkpt>
      <trkpt lat="46.5359602868557" lon="15.066491737961769">
        <ele>382.20001220703125</ele>
      </trkpt>
      <trkpt lat="46.53592474758625" lon="15.066532474011183">
        <ele>382.20001220703125</ele>
      </trkpt>
      <trkpt lat="46.535891219973564" lon="15.06657044403255">
        <ele>382.20001220703125</ele>
      </trkpt>
      <trkpt lat="46.53585693798959" lon="15.066612772643566">
        <ele>382.20001220703125</ele>
      </trkpt>
      <trkpt lat="46.53582056052983" lon="15.066655687987804">
        <ele>382</ele>
      </trkpt>
      <trkpt lat="46.53578594326973" lon="15.066696340218186">
        <ele>382</ele>
      </trkpt>
      <trkpt lat="46.535752499476075" lon="15.066735232248902">
        <ele>382</ele>
      </trkpt>
      <trkpt lat="46.53571746312082" lon="15.066773537546396">
        <ele>382</ele>
      </trkpt>
      <trkpt lat="46.53568284586072" lon="15.066813183948398">
        <ele>381.79998779296875</ele>
      </trkpt>
      <trkpt lat="46.53565024025738" lon="15.066853668540716">
        <ele>381.79998779296875</ele>
      </trkpt>
      <trkpt lat="46.53561537154019" lon="15.06689733825624">
        <ele>381.79998779296875</ele>
      </trkpt>
      <trkpt lat="46.53558176010847" lon="15.066940924152732">
        <ele>381.6000061035156</ele>
      </trkpt>
      <trkpt lat="46.5355458855629" lon="15.066979983821511">
        <ele>381.6000061035156</ele>
      </trkpt>
      <trkpt lat="46.53551043011248" lon="15.067015774548054">
        <ele>381.6000061035156</ele>
      </trkpt>
      <trkpt lat="46.5354766510427" lon="15.067053325474262">
        <ele>381.79998779296875</ele>
      </trkpt>
      <trkpt lat="46.53544396162033" lon="15.067091630771756">
        <ele>381.79998779296875</ele>
      </trkpt>
      <trkpt lat="46.53540775179863" lon="15.067131612449884">
        <ele>381.79998779296875</ele>
      </trkpt>
      <trkpt lat="46.53537221252918" lon="15.067169582471251">
        <ele>382</ele>
      </trkpt>
      <trkpt lat="46.535339104011655" lon="15.06720763631165">
        <ele>382</ele>
      </trkpt>
      <trkpt lat="46.53530255891383" lon="15.067245941609144">
        <ele>382</ele>
      </trkpt>
      <trkpt lat="46.535268276929855" lon="15.06728382781148">
        <ele>382.20001220703125</ele>
      </trkpt>
      <trkpt lat="46.53523785062134" lon="15.067321294918656">
        <ele>382.3999938964844</ele>
      </trkpt>
      <trkpt lat="46.535203233361244" lon="15.067353397607803">
        <ele>382.3999938964844</ele>
      </trkpt>
      <trkpt lat="46.5351692866534" lon="15.067392457276583">
        <ele>382.6000061035156</ele>
      </trkpt>
      <trkpt lat="46.535133915022016" lon="15.067434450611472">
        <ele>382.79998779296875</ele>
      </trkpt>
      <trkpt lat="46.53509636409581" lon="15.06747736595571">
        <ele>382.79998779296875</ele>
      </trkpt>
      <trkpt lat="46.53505831025541" lon="15.06751835346222">
        <ele>383</ele>
      </trkpt>
      <trkpt lat="46.535023441538215" lon="15.06755841895938">
        <ele>383</ele>
      </trkpt>
      <trkpt lat="46.5349895786494" lon="15.067600412294269">
        <ele>383</ele>
      </trkpt>
      <trkpt lat="46.53495328500867" lon="15.067641986534">
        <ele>382.79998779296875</ele>
      </trkpt>
      <trkpt lat="46.534917410463095" lon="15.067685907706618">
        <ele>382.79998779296875</ele>
      </trkpt>
      <trkpt lat="46.534881284460425" lon="15.067728823050857">
        <ele>382.79998779296875</ele>
      </trkpt>
      <trkpt lat="46.53484524227679" lon="15.067771822214127">
        <ele>382.79998779296875</ele>
      </trkpt>
      <trkpt lat="46.53480635024607" lon="15.067813144996762">
        <ele>382.79998779296875</ele>
      </trkpt>
      <trkpt lat="46.534767458215356" lon="15.067857820540667">
        <ele>382.79998779296875</ele>
      </trkpt>
      <trkpt lat="46.534732254222035" lon="15.067902160808444">
        <ele>382.79998779296875</ele>
      </trkpt>
      <trkpt lat="46.53469772078097" lon="15.067944824695587">
        <ele>383</ele>
      </trkpt>
      <trkpt lat="46.534660924226046" lon="15.067984890192747">
        <ele>383</ele>
      </trkpt>
      <trkpt lat="46.534626139327884" lon="15.068023866042495">
        <ele>383.20001220703125</ele>
      </trkpt>
      <trkpt lat="46.534590516239405" lon="15.06806368008256">
        <ele>383.3999938964844</ele>
      </trkpt>
      <trkpt lat="46.534554390236735" lon="15.06810232065618">
        <ele>383.3999938964844</ele>
      </trkpt>
      <trkpt lat="46.53451784513891" lon="15.068145738914609">
        <ele>383.6000061035156</ele>
      </trkpt>
      <trkpt lat="46.534478450194" lon="15.068188654258847">
        <ele>383.6000061035156</ele>
      </trkpt>
      <trkpt lat="46.53443846851587" lon="15.068229222670197">
        <ele>383.6000061035156</ele>
      </trkpt>
      <trkpt lat="46.53440200723708" lon="15.068265600129962">
        <ele>383.79998779296875</ele>
      </trkpt>
      <trkpt lat="46.534366803243756" lon="15.068304408341646">
        <ele>383.79998779296875</ele>
      </trkpt>
      <trkpt lat="46.534327659755945" lon="15.068348161876202">
        <ele>383.79998779296875</ele>
      </trkpt>
      <trkpt lat="46.53428717516363" lon="15.068390406668186">
        <ele>384</ele>
      </trkpt>
      <trkpt lat="46.53424727730453" lon="15.06843357346952">
        <ele>384</ele>
      </trkpt>
      <trkpt lat="46.53420997783542" lon="15.068474058061838">
        <ele>384.20001220703125</ele>
      </trkpt>
      <trkpt lat="46.53417284600437" lon="15.068514291197062">
        <ele>384.20001220703125</ele>
      </trkpt>
      <trkpt lat="46.53413722291589" lon="15.068556116893888">
        <ele>384.3999938964844</ele>
      </trkpt>
      <trkpt lat="46.53410344384611" lon="15.068595679476857">
        <ele>384.6000061035156</ele>
      </trkpt>
      <trkpt lat="46.5340693295002" lon="15.068630296736956">
        <ele>384.6000061035156</ele>
      </trkpt>
      <trkpt lat="46.534032532945275" lon="15.068668518215418">
        <ele>384.79998779296875</ele>
      </trkpt>
      <trkpt lat="46.53399456292391" lon="15.06870673969388">
        <ele>384.79998779296875</ele>
      </trkpt>
      <trkpt lat="46.53395474888384" lon="15.068746050819755">
        <ele>385</ele>
      </trkpt>
      <trkpt lat="46.53391652740538" lon="15.068784523755312">
        <ele>385</ele>
      </trkpt>
      <trkpt lat="46.53387989848852" lon="15.068830540403724">
        <ele>385.20001220703125</ele>
      </trkpt>
      <trkpt lat="46.53384251520038" lon="15.068877311423421">
        <ele>385.3999938964844</ele>
      </trkpt>
      <trkpt lat="46.53380546718836" lon="15.068925088271499">
        <ele>385.3999938964844</ele>
      </trkpt>
      <trkpt lat="46.53376850299537" lon="15.06896959617734">
        <ele>385.6000061035156</ele>
      </trkpt>
      <trkpt lat="46.533730113878846" lon="15.069013349711895">
        <ele>385.6000061035156</ele>
      </trkpt>
      <trkpt lat="46.533690467476845" lon="15.069053834304214">
        <ele>385.79998779296875</ele>
      </trkpt>
      <trkpt lat="46.53365165926516" lon="15.06909222342074">
        <ele>385.79998779296875</ele>
      </trkpt>
      <trkpt lat="46.533610839396715" lon="15.069136060774326">
        <ele>386</ele>
      </trkpt>
      <trkpt lat="46.53357312083244" lon="15.069181490689516">
        <ele>386</ele>
      </trkpt>
      <trkpt lat="46.533535150811076" lon="15.069228261709213">
        <ele>386.20001220703125</ele>
      </trkpt>
      <trkpt lat="46.5334995277226" lon="15.069274948909879">
        <ele>386.20001220703125</ele>
      </trkpt>
      <trkpt lat="46.53346264734864" lon="15.06932146847248">
        <ele>386.20001220703125</ele>
      </trkpt>
      <trkpt lat="46.53342450968921" lon="15.069366982206702">
        <ele>386.3999938964844</ele>
      </trkpt>
      <trkpt lat="46.53338436037302" lon="15.069409646093845">
        <ele>386.3999938964844</ele>
      </trkpt>
      <trkpt lat="46.53334639035165" lon="15.069448621943593">
        <ele>386.6000061035156</ele>
      </trkpt>
      <trkpt lat="46.53330816887319" lon="15.069491621106863">
        <ele>386.6000061035156</ele>
      </trkpt>
      <trkpt lat="46.533270282670856" lon="15.069537805393338">
        <ele>386.6000061035156</ele>
      </trkpt>
      <trkpt lat="46.53323189355433" lon="15.069581558927894">
        <ele>386.6000061035156</ele>
      </trkpt>
      <trkpt lat="46.53319425880909" lon="15.069627491757274">
        <ele>386.6000061035156</ele>
      </trkpt>
      <trkpt lat="46.5331541094929" lon="15.069670239463449">
        <ele>386.79998779296875</ele>
      </trkpt>
      <trkpt lat="46.533113876357675" lon="15.06970795802772">
        <ele>386.79998779296875</ele>
      </trkpt>
      <trkpt lat="46.53307657688856" lon="15.06974852643907">
        <ele>386.79998779296875</ele>
      </trkpt>
      <trkpt lat="46.53304070234299" lon="15.06979001685977">
        <ele>386.79998779296875</ele>
      </trkpt>
      <trkpt lat="46.53300365433097" lon="15.06983494386077">
        <ele>386.79998779296875</ele>
      </trkpt>
      <trkpt lat="46.53296543285251" lon="15.069876853376627">
        <ele>386.79998779296875</ele>
      </trkpt>
      <trkpt lat="46.53292536735535" lon="15.069918679073453">
        <ele>386.79998779296875</ele>
      </trkpt>
      <trkpt lat="46.532884798943996" lon="15.069957906380296">
        <ele>387</ele>
      </trkpt>
      <trkpt lat="46.532846158370376" lon="15.069996882230043">
        <ele>387</ele>
      </trkpt>
      <trkpt lat="46.532808439806104" lon="15.070038540288806">
        <ele>387.20001220703125</ele>
      </trkpt>
      <trkpt lat="46.532769380137324" lon="15.070080617442727">
        <ele>387.20001220703125</ele>
      </trkpt>
      <trkpt lat="46.5327273029834" lon="15.070125376805663">
        <ele>387.20001220703125</ele>
      </trkpt>
      <trkpt lat="46.532683968544006" lon="15.070171058177948">
        <ele>387.20001220703125</ele>
      </trkpt>
      <trkpt lat="46.53264499269426" lon="15.070218499749899">
        <ele>387.3999938964844</ele>
      </trkpt>
      <trkpt lat="46.53260693885386" lon="15.070266192778945">
        <ele>387.3999938964844</ele>
      </trkpt>
      <trkpt lat="46.53256746008992" lon="15.070313550531864">
        <ele>387.3999938964844</ele>
      </trkpt>
      <trkpt lat="46.53252672404051" lon="15.070357471704483">
        <ele>387.6000061035156</ele>
      </trkpt>
      <trkpt lat="46.53248582035303" lon="15.070402817800641">
        <ele>387.6000061035156</ele>
      </trkpt>
      <trkpt lat="46.532447347417474" lon="15.07044774480164">
        <ele>387.6000061035156</ele>
      </trkpt>
      <trkpt lat="46.53241004794836" lon="15.07049317471683">
        <ele>387.6000061035156</ele>
      </trkpt>
      <trkpt lat="46.53237174265087" lon="15.070539526641369">
        <ele>387.6000061035156</ele>
      </trkpt>
      <trkpt lat="46.53232949785888" lon="15.0705845374614">
        <ele>387.6000061035156</ele>
      </trkpt>
      <trkpt lat="46.5322904381901" lon="15.07063047029078">
        <ele>387.6000061035156</ele>
      </trkpt>
      <trkpt lat="46.53225087560713" lon="15.070673553273082">
        <ele>387.6000061035156</ele>
      </trkpt>
      <trkpt lat="46.53221365995705" lon="15.070717642083764">
        <ele>387.6000061035156</ele>
      </trkpt>
      <trkpt lat="46.53217661194503" lon="15.070761647075415">
        <ele>387.6000061035156</ele>
      </trkpt>
      <trkpt lat="46.53213939629495" lon="15.070802634581923">
        <ele>387.79998779296875</ele>
      </trkpt>
      <trkpt lat="46.532100504264235" lon="15.070842951536179">
        <ele>387.79998779296875</ele>
      </trkpt>
      <trkpt lat="46.53206245042384" lon="15.070883771404624">
        <ele>387.79998779296875</ele>
      </trkpt>
      <trkpt lat="46.53202531859279" lon="15.070922747254372">
        <ele>387.79998779296875</ele>
      </trkpt>
      <trkpt lat="46.53198868967593" lon="15.07096515968442">
        <ele>387.79998779296875</ele>
      </trkpt>
      <trkpt lat="46.531949965283275" lon="15.071007069200277">
        <ele>387.79998779296875</ele>
      </trkpt>
      <trkpt lat="46.531912330538034" lon="15.071047469973564">
        <ele>388</ele>
      </trkpt>
      <trkpt lat="46.531877126544714" lon="15.071088960394263">
        <ele>388</ele>
      </trkpt>
      <trkpt lat="46.53184209018946" lon="15.071135060861707">
        <ele>388</ele>
      </trkpt>
      <trkpt lat="46.531805880367756" lon="15.071182921528816">
        <ele>388</ele>
      </trkpt>
      <trkpt lat="46.531767239794135" lon="15.07122709415853">
        <ele>388</ele>
      </trkpt>
      <trkpt lat="46.53173035942018" lon="15.071272104978561">
        <ele>388</ele>
      </trkpt>
      <trkpt lat="46.53168937191367" lon="15.07131652906537">
        <ele>388</ele>
      </trkpt>
      <trkpt lat="46.531652407720685" lon="15.071361372247338">
        <ele>388</ele>
      </trkpt>
      <trkpt lat="46.53161653317511" lon="15.071403868496418">
        <ele>388</ele>
      </trkpt>
      <trkpt lat="46.53158141300082" lon="15.071445610374212">
        <ele>388</ele>
      </trkpt>
      <trkpt lat="46.53154721483588" lon="15.071486262604594">
        <ele>388</ele>
      </trkpt>
      <trkpt lat="46.5315134357661" lon="15.071523310616612">
        <ele>388.20001220703125</ele>
      </trkpt>
      <trkpt lat="46.531481835991144" lon="15.071562118828297">
        <ele>388.20001220703125</ele>
      </trkpt>
      <trkpt lat="46.531452499330044" lon="15.071598496288061">
        <ele>388.20001220703125</ele>
      </trkpt>
      <trkpt lat="46.531421821564436" lon="15.071629928424954">
        <ele>388.20001220703125</ele>
      </trkpt>
      <trkpt lat="46.53139064088464" lon="15.071657169610262">
        <ele>388.20001220703125</ele>
      </trkpt>
      <trkpt lat="46.53136323206127" lon="15.071684578433633">
        <ele>388.20001220703125</ele>
      </trkpt>
      <trkpt lat="46.531335739418864" lon="15.071719363331795">
        <ele>388.20001220703125</ele>
      </trkpt>
      <trkpt lat="46.53130422346294" lon="15.071754902601242">
        <ele>388.3999938964844</ele>
      </trkpt>
      <trkpt lat="46.531271785497665" lon="15.071792704984546">
        <ele>388.3999938964844</ele>
      </trkpt>
      <trkpt lat="46.53123716823757" lon="15.071831345558167">
        <ele>388.3999938964844</ele>
      </trkpt>
      <trkpt lat="46.53120297007263" lon="15.071866884827614">
        <ele>388.3999938964844</ele>
      </trkpt>
      <trkpt lat="46.53116751462221" lon="15.071902759373188">
        <ele>388.3999938964844</ele>
      </trkpt>
      <trkpt lat="46.53113172389567" lon="15.071935784071684">
        <ele>388.3999938964844</ele>
      </trkpt>
      <trkpt lat="46.53109886683524" lon="15.07197618484497">
        <ele>388.6000061035156</ele>
      </trkpt>
      <trkpt lat="46.531065590679646" lon="15.072014825418591">
        <ele>388.6000061035156</ele>
      </trkpt>
      <trkpt lat="46.53103223070502" lon="15.072053214535117">
        <ele>388.6000061035156</ele>
      </trkpt>
      <trkpt lat="46.531000044196844" lon="15.072090178728104">
        <ele>388.6000061035156</ele>
      </trkpt>
      <trkpt lat="46.53096911497414" lon="15.072121443226933">
        <ele>388.6000061035156</ele>
      </trkpt>
      <trkpt lat="46.53093726374209" lon="15.072154803201556">
        <ele>388.6000061035156</ele>
      </trkpt>
      <trkpt lat="46.530907256528735" lon="15.072189085185528">
        <ele>388.6000061035156</ele>
      </trkpt>
      <trkpt lat="46.53087825514376" lon="15.07222143933177">
        <ele>388.79998779296875</ele>
      </trkpt>
      <trkpt lat="46.5308484993875" lon="15.072252620011568">
        <ele>388.79998779296875</ele>
      </trkpt>
      <trkpt lat="46.53081966564059" lon="15.072286231443286">
        <ele>389</ele>
      </trkpt>
      <trkpt lat="46.53079116716981" lon="15.072318753227592">
        <ele>389</ele>
      </trkpt>
      <trkpt lat="46.5307623334229" lon="15.07234993390739">
        <ele>389</ele>
      </trkpt>
      <trkpt lat="46.53073609806597" lon="15.072381366044283">
        <ele>389.20001220703125</ele>
      </trkpt>
      <trkpt lat="46.53070818632841" lon="15.072414055466652">
        <ele>389.20001220703125</ele>
      </trkpt>
      <trkpt lat="46.53068086132407" lon="15.072449846193194">
        <ele>389.20001220703125</ele>
      </trkpt>
      <trkpt lat="46.5306534525007" lon="15.072488654404879">
        <ele>389.20001220703125</ele>
      </trkpt>
      <trkpt lat="46.53062461875379" lon="15.07252486422658">
        <ele>389.20001220703125</ele>
      </trkpt>
      <trkpt lat="46.5305963717401" lon="15.072559397667646">
        <ele>389.20001220703125</ele>
      </trkpt>
      <trkpt lat="46.53056846000254" lon="15.072590745985508">
        <ele>389</ele>
      </trkpt>
      <trkpt lat="46.530538788065314" lon="15.072624692693353">
        <ele>389</ele>
      </trkpt>
      <trkpt lat="46.53050844557583" lon="15.072658471763134">
        <ele>389</ele>
      </trkpt>
      <trkpt lat="46.530476259067655" lon="15.072690909728408">
        <ele>389</ele>
      </trkpt>
      <trkpt lat="46.53044558130205" lon="15.072725946083665">
        <ele>389</ele>
      </trkpt>
      <trkpt lat="46.53041247278452" lon="15.072758551687002">
        <ele>389</ele>
      </trkpt>
      <trkpt lat="46.53038078919053" lon="15.072793504223228">
        <ele>388.79998779296875</ele>
      </trkpt>
      <trkpt lat="46.530350195243955" lon="15.072827283293009">
        <ele>388.79998779296875</ele>
      </trkpt>
      <trkpt lat="46.53031976893544" lon="15.072861397638917">
        <ele>388.79998779296875</ele>
      </trkpt>
      <trkpt lat="46.53028758242726" lon="15.07289333269">
        <ele>388.79998779296875</ele>
      </trkpt>
      <trkpt lat="46.530258329585195" lon="15.072928620502353">
        <ele>388.79998779296875</ele>
      </trkpt>
      <trkpt lat="46.53022773563862" lon="15.0729641597718">
        <ele>388.79998779296875</ele>
      </trkpt>
      <trkpt lat="46.53019655495882" lon="15.073000956326723">
        <ele>389</ele>
      </trkpt>
      <trkpt lat="46.53016562573612" lon="15.073039596900344">
        <ele>389</ele>
      </trkpt>
      <trkpt lat="46.53013268485665" lon="15.073076980188489">
        <ele>389.20001220703125</ele>
      </trkpt>
      <trkpt lat="46.53010066598654" lon="15.073113944381475">
        <ele>389.20001220703125</ele>
      </trkpt>
      <trkpt lat="46.5300662163645" lon="15.073151411488652">
        <ele>389.3999938964844</ele>
      </trkpt>
      <trkpt lat="46.53003277257085" lon="15.073188794776797">
        <ele>389.6000061035156</ele>
      </trkpt>
      <trkpt lat="46.529999328777194" lon="15.073226764798164">
        <ele>389.6000061035156</ele>
      </trkpt>
      <trkpt lat="46.52996529825032" lon="15.073266830295324">
        <ele>389.79998779296875</ele>
      </trkpt>
      <trkpt lat="46.52993177063763" lon="15.073306476697326">
        <ele>389.79998779296875</ele>
      </trkpt>
      <trkpt lat="46.5298989135772" lon="15.073347548022866">
        <ele>389.79998779296875</ele>
      </trkpt>
      <trkpt lat="46.52986471541226" lon="15.073388703167439">
        <ele>389.79998779296875</ele>
      </trkpt>
      <trkpt lat="46.52983018197119" lon="15.073427092283964">
        <ele>389.79998779296875</ele>
      </trkpt>
      <trkpt lat="46.52979581616819" lon="15.073465649038553">
        <ele>390</ele>
      </trkpt>
      <trkpt lat="46.52976061217487" lon="15.073502697050571">
        <ele>390</ele>
      </trkpt>
      <trkpt lat="46.5297263301909" lon="15.073540499433875">
        <ele>390.20001220703125</ele>
      </trkpt>
      <trkpt lat="46.52969188056886" lon="15.073578134179115">
        <ele>390.20001220703125</ele>
      </trkpt>
      <trkpt lat="46.529657347127795" lon="15.07361845113337">
        <ele>390.3999938964844</ele>
      </trkpt>
      <trkpt lat="46.5296227298677" lon="15.073660695925355">
        <ele>390.3999938964844</ele>
      </trkpt>
      <trkpt lat="46.52958543039858" lon="15.073701767250896">
        <ele>390.3999938964844</ele>
      </trkpt>
      <trkpt lat="46.52954863384366" lon="15.073740407824516">
        <ele>390.3999938964844</ele>
      </trkpt>
      <trkpt lat="46.52951049618423" lon="15.0737826526165">
        <ele>390.3999938964844</ele>
      </trkpt>
      <trkpt lat="46.52947244234383" lon="15.073822131380439">
        <ele>390.3999938964844</ele>
      </trkpt>
      <trkpt lat="46.529435897246" lon="15.073862532153726">
        <ele>390.3999938964844</ele>
      </trkpt>
      <trkpt lat="46.5293980948627" lon="15.073902094736695">
        <ele>390.3999938964844</ele>
      </trkpt>
      <trkpt lat="46.52935962192714" lon="15.073942244052887">
        <ele>390.3999938964844</ele>
      </trkpt>
      <trkpt lat="46.529322238639" lon="15.073980214074254">
        <ele>390.6000061035156</ele>
      </trkpt>
      <trkpt lat="46.52928477153182" lon="15.074017597362399">
        <ele>390.6000061035156</ele>
      </trkpt>
      <trkpt lat="46.529248896986246" lon="15.074054729193449">
        <ele>390.6000061035156</ele>
      </trkpt>
      <trkpt lat="46.529213692992926" lon="15.074094124138355">
        <ele>390.79998779296875</ele>
      </trkpt>
      <trkpt lat="46.52917974628508" lon="15.074135530740023">
        <ele>390.79998779296875</ele>
      </trkpt>
      <trkpt lat="46.52914588339627" lon="15.074175177142024">
        <ele>391</ele>
      </trkpt>
      <trkpt lat="46.529111601412296" lon="15.074213230982423">
        <ele>391</ele>
      </trkpt>
      <trkpt lat="46.52907656505704" lon="15.074253045022488">
        <ele>391</ele>
      </trkpt>
      <trkpt lat="46.529042115435004" lon="15.074294786900282">
        <ele>390.79998779296875</ele>
      </trkpt>
      <trkpt lat="46.52900925837457" lon="15.074338791891932">
        <ele>390.79998779296875</ele>
      </trkpt>
      <trkpt lat="46.52897640131414" lon="15.07438170723617">
        <ele>390.79998779296875</ele>
      </trkpt>
      <trkpt lat="46.52894413098693" lon="15.07442126981914">
        <ele>390.79998779296875</ele>
      </trkpt>
      <trkpt lat="46.528909681364894" lon="15.07446083240211">
        <ele>390.79998779296875</ele>
      </trkpt>
      <trkpt lat="46.52887573465705" lon="15.074500730261207">
        <ele>390.79998779296875</ele>
      </trkpt>
      <trkpt lat="46.52884111739695" lon="15.074540879577398">
        <ele>390.79998779296875</ele>
      </trkpt>
      <trkpt lat="46.52880725450814" lon="15.074579687789083">
        <ele>391</ele>
      </trkpt>
      <trkpt lat="46.52877314016223" lon="15.074619082733989">
        <ele>391</ele>
      </trkpt>
      <trkpt lat="46.528739193454385" lon="15.074656214565039">
        <ele>391.20001220703125</ele>
      </trkpt>
      <trkpt lat="46.52870667167008" lon="15.074695693328977">
        <ele>391.20001220703125</ele>
      </trkpt>
      <trkpt lat="46.52867591008544" lon="15.074736261740327">
        <ele>391.3999938964844</ele>
      </trkpt>
      <trkpt lat="46.52864598669112" lon="15.074778590351343">
        <ele>391.3999938964844</ele>
      </trkpt>
      <trkpt lat="46.52861623093486" lon="15.074823014438152">
        <ele>391.20001220703125</ele>
      </trkpt>
      <trkpt lat="46.52858588844538" lon="15.074866767972708">
        <ele>391.20001220703125</ele>
      </trkpt>
      <trkpt lat="46.52855428867042" lon="15.074907504022121">
        <ele>391.20001220703125</ele>
      </trkpt>
      <trkpt lat="46.52852243743837" lon="15.074947904795408">
        <ele>391</ele>
      </trkpt>
      <trkpt lat="46.528488490730524" lon="15.074986293911934">
        <ele>391</ele>
      </trkpt>
      <trkpt lat="46.52845714241266" lon="15.075025102123618">
        <ele>391</ele>
      </trkpt>
      <trkpt lat="46.528426045551896" lon="15.075063742697239">
        <ele>391.20001220703125</ele>
      </trkpt>
      <trkpt lat="46.528397630900145" lon="15.075105400756001">
        <ele>391.20001220703125</ele>
      </trkpt>
      <trkpt lat="46.528368378058076" lon="15.075150160118937">
        <ele>391.3999938964844</ele>
      </trkpt>
      <trkpt lat="46.52833811938763" lon="15.075195254758">
        <ele>391.3999938964844</ele>
      </trkpt>
      <trkpt lat="46.5283066034317" lon="15.075240181759">
        <ele>391.6000061035156</ele>
      </trkpt>
      <trkpt lat="46.528275506570935" lon="15.075283097103238">
        <ele>391.6000061035156</ele>
      </trkpt>
      <trkpt lat="46.528245666995645" lon="15.075322827324271">
        <ele>391.6000061035156</ele>
      </trkpt>
      <trkpt lat="46.52821892872453" lon="15.075368508696556">
        <ele>391.79998779296875</ele>
      </trkpt>
      <trkpt lat="46.52819185517728" lon="15.075416537001729">
        <ele>391.79998779296875</ele>
      </trkpt>
      <trkpt lat="46.528169391676784" lon="15.075466493144631">
        <ele>391.79998779296875</ele>
      </trkpt>
      <trkpt lat="46.52814826928079" lon="15.075517958030105">
        <ele>391.79998779296875</ele>
      </trkpt>
      <trkpt lat="46.52812521904707" lon="15.075568333268166">
        <ele>391.79998779296875</ele>
      </trkpt>
      <trkpt lat="46.52809797786176" lon="15.075613763183355">
        <ele>391.79998779296875</ele>
      </trkpt>
      <trkpt lat="46.52807157486677" lon="15.07565793581307">
        <ele>392</ele>
      </trkpt>
      <trkpt lat="46.52804181911051" lon="15.075700432062149">
        <ele>392.20001220703125</ele>
      </trkpt>
      <trkpt lat="46.52801105752587" lon="15.075746364891529">
        <ele>392.20001220703125</ele>
      </trkpt>
      <trkpt lat="46.52798540890217" lon="15.075792968273163">
        <ele>392.20001220703125</ele>
      </trkpt>
      <trkpt lat="46.52796068228781" lon="15.075840074568987">
        <ele>392.20001220703125</ele>
      </trkpt>
      <trkpt lat="46.5279336925596" lon="15.075883409008384">
        <ele>392.3999938964844</ele>
      </trkpt>
      <trkpt lat="46.527901673689485" lon="15.075931269675493">
        <ele>392.3999938964844</ele>
      </trkpt>
      <trkpt lat="46.527866469696164" lon="15.075978795066476">
        <ele>392.3999938964844</ele>
      </trkpt>
      <trkpt lat="46.527837719768286" lon="15.076025985181332">
        <ele>392.3999938964844</ele>
      </trkpt>
      <trkpt lat="46.52780746109784" lon="15.076071750372648">
        <ele>392.3999938964844</ele>
      </trkpt>
      <trkpt lat="46.52777636423707" lon="15.07611583918333">
        <ele>392.6000061035156</ele>
      </trkpt>
      <trkpt lat="46.5277455188334" lon="15.076159927994013">
        <ele>392.6000061035156</ele>
      </trkpt>
      <trkpt lat="46.52771492488682" lon="15.07620619609952">
        <ele>392.79998779296875</ele>
      </trkpt>
      <trkpt lat="46.52768173255026" lon="15.076249781996012">
        <ele>393</ele>
      </trkpt>
      <trkpt lat="46.527651557698846" lon="15.076295714825392">
        <ele>393</ele>
      </trkpt>
      <trkpt lat="46.52762280777097" lon="15.076337791979313">
        <ele>393.20001220703125</ele>
      </trkpt>
      <trkpt lat="46.52759573422372" lon="15.076375426724553">
        <ele>393.20001220703125</ele>
      </trkpt>
      <trkpt lat="46.52756430208683" lon="15.076420856639743">
        <ele>393.20001220703125</ele>
      </trkpt>
      <trkpt lat="46.527536222711205" lon="15.076469136402011">
        <ele>393.3999938964844</ele>
      </trkpt>
      <trkpt lat="46.5275089815259" lon="15.0765145663172">
        <ele>393.3999938964844</ele>
      </trkpt>
      <trkpt lat="46.52748257853091" lon="15.076564606279135">
        <ele>393.3999938964844</ele>
      </trkpt>
      <trkpt lat="46.52745441533625" lon="15.076616071164608">
        <ele>393.6000061035156</ele>
      </trkpt>
      <trkpt lat="46.527424743399024" lon="15.076665943488479">
        <ele>393.6000061035156</ele>
      </trkpt>
      <trkpt lat="46.52739783748984" lon="15.076714893803">
        <ele>393.6000061035156</ele>
      </trkpt>
      <trkpt lat="46.52737017720938" lon="15.076761497184634">
        <ele>393.79998779296875</ele>
      </trkpt>
      <trkpt lat="46.52734260074794" lon="15.076807430014014">
        <ele>393.79998779296875</ele>
      </trkpt>
      <trkpt lat="46.52731376700103" lon="15.076853362843394">
        <ele>393.79998779296875</ele>
      </trkpt>
      <trkpt lat="46.527287028729916" lon="15.076901223510504">
        <ele>394</ele>
      </trkpt>
      <trkpt lat="46.52726146392524" lon="15.076948832720518">
        <ele>394</ele>
      </trkpt>
      <trkpt lat="46.52723237872124" lon="15.0769963581115">
        <ele>394</ele>
      </trkpt>
      <trkpt lat="46.52720673009753" lon="15.07704229094088">
        <ele>394</ele>
      </trkpt>
      <trkpt lat="46.527177058160305" lon="15.07709258235991">
        <ele>394</ele>
      </trkpt>
      <trkpt lat="46.52714881114662" lon="15.077140862122178">
        <ele>394</ele>
      </trkpt>
      <trkpt lat="46.527117881923914" lon="15.07719375193119">
        <ele>394</ele>
      </trkpt>
      <trkpt lat="46.52708041481674" lon="15.077249743044376">
        <ele>394</ele>
      </trkpt>
      <trkpt lat="46.52704353444278" lon="15.07730565033853">
        <ele>394</ele>
      </trkpt>
      <trkpt lat="46.52701168321073" lon="15.077364156022668">
        <ele>394.20001220703125</ele>
      </trkpt>
      <trkpt lat="46.526976227760315" lon="15.07742534391582">
        <ele>394.20001220703125</ele>
      </trkpt>
      <trkpt lat="46.52693825773895" lon="15.077486112713814">
        <ele>394.20001220703125</ele>
      </trkpt>
      <trkpt lat="46.52689877897501" lon="15.077545205131173">
        <ele>394.20001220703125</ele>
      </trkpt>
      <trkpt lat="46.52685921639204" lon="15.077602788805962">
        <ele>394.3999938964844</ele>
      </trkpt>
      <trkpt lat="46.52681143954396" lon="15.077664982527494">
        <ele>394.3999938964844</ele>
      </trkpt>
      <trkpt lat="46.526772463694215" lon="15.077724494040012">
        <ele>394.3999938964844</ele>
      </trkpt>
      <trkpt lat="46.5267351642251" lon="15.077784676104784">
        <ele>394.3999938964844</ele>
      </trkpt>
      <trkpt lat="46.52669752947986" lon="15.077844690531492">
        <ele>394.3999938964844</ele>
      </trkpt>
      <trkpt lat="46.52666215784848" lon="15.077903531491756">
        <ele>394.6000061035156</ele>
      </trkpt>
      <trkpt lat="46.52662603184581" lon="15.077961953356862">
        <ele>394.6000061035156</ele>
      </trkpt>
      <trkpt lat="46.526591666042805" lon="15.078020123764873">
        <ele>394.6000061035156</ele>
      </trkpt>
      <trkpt lat="46.526555959135294" lon="15.078077455982566">
        <ele>394.79998779296875</ele>
      </trkpt>
      <trkpt lat="46.52651857584715" lon="15.078134452924132">
        <ele>394.79998779296875</ele>
      </trkpt>
      <trkpt lat="46.52648110873997" lon="15.078191617503762">
        <ele>394.79998779296875</ele>
      </trkpt>
      <trkpt lat="46.52644322253764" lon="15.07825112901628">
        <ele>394.79998779296875</ele>
      </trkpt>
      <trkpt lat="46.526401648297906" lon="15.078310389071703">
        <ele>394.79998779296875</ele>
      </trkpt>
      <trkpt lat="46.526358565315604" lon="15.078368810936809">
        <ele>395</ele>
      </trkpt>
      <trkpt lat="46.52631791308522" lon="15.078424802049994">
        <ele>395</ele>
      </trkpt>
      <trkpt lat="46.52627776376903" lon="15.078480960801244">
        <ele>395</ele>
      </trkpt>
      <trkpt lat="46.52623811736703" lon="15.07853938266635">
        <ele>395.20001220703125</ele>
      </trkpt>
      <trkpt lat="46.52620215900242" lon="15.078599900007248">
        <ele>395.20001220703125</ele>
      </trkpt>
      <trkpt lat="46.52616435661912" lon="15.07865957915783">
        <ele>395.20001220703125</ele>
      </trkpt>
      <trkpt lat="46.52612521313131" lon="15.078717833384871">
        <ele>395.20001220703125</ele>
      </trkpt>
      <trkpt lat="46.52608556672931" lon="15.078773656859994">
        <ele>395.20001220703125</ele>
      </trkpt>
      <trkpt lat="46.52604625560343" lon="15.07882570847869">
        <ele>395.20001220703125</ele>
      </trkpt>
      <trkpt lat="46.526005771011114" lon="15.078877592459321">
        <ele>395.20001220703125</ele>
      </trkpt>
      <trkpt lat="46.525965789332986" lon="15.078929476439953">
        <ele>395.3999938964844</ele>
      </trkpt>
      <trkpt lat="46.52592555619776" lon="15.078980270773172">
        <ele>395.3999938964844</ele>
      </trkpt>
      <trkpt lat="46.52588582597673" lon="15.07902997545898">
        <ele>395.3999938964844</ele>
      </trkpt>
      <trkpt lat="46.5258458442986" lon="15.079081607982516">
        <ele>395.3999938964844</ele>
      </trkpt>
      <trkpt lat="46.52580519206822" lon="15.079131564125419">
        <ele>395.6000061035156</ele>
      </trkpt>
      <trkpt lat="46.5257663000375" lon="15.079180430620909">
        <ele>395.6000061035156</ele>
      </trkpt>
      <trkpt lat="46.52572707273066" lon="15.079230889678001">
        <ele>395.6000061035156</ele>
      </trkpt>
      <trkpt lat="46.52568751014769" lon="15.079281516373158">
        <ele>395.6000061035156</ele>
      </trkpt>
      <trkpt lat="46.52564702555537" lon="15.079330299049616">
        <ele>395.6000061035156</ele>
      </trkpt>
      <trkpt lat="46.52560679242015" lon="15.079376567155123">
        <ele>395.6000061035156</ele>
      </trkpt>
      <trkpt lat="46.52556496672332" lon="15.079420655965805">
        <ele>395.6000061035156</ele>
      </trkpt>
      <trkpt lat="46.5255247335881" lon="15.079463738948107">
        <ele>395.79998779296875</ele>
      </trkpt>
      <trkpt lat="46.525481063872576" lon="15.079503050073981">
        <ele>395.79998779296875</ele>
      </trkpt>
      <trkpt lat="46.52544007636607" lon="15.079541355371475">
        <ele>395.79998779296875</ele>
      </trkpt>
      <trkpt lat="46.525402357801795" lon="15.07958653382957">
        <ele>396</ele>
      </trkpt>
      <trkpt lat="46.52536413632333" lon="15.079632215201855">
        <ele>396</ele>
      </trkpt>
      <trkpt lat="46.525325579568744" lon="15.07967152632773">
        <ele>396</ele>
      </trkpt>
      <trkpt lat="46.52528668753803" lon="15.079711843281984">
        <ele>396</ele>
      </trkpt>
      <trkpt lat="46.52524737641215" lon="15.079755345359445">
        <ele>396.20001220703125</ele>
      </trkpt>
      <trkpt lat="46.52520873583853" lon="15.079799517989159">
        <ele>396.20001220703125</ele>
      </trkpt>
      <trkpt lat="46.52516892179847" lon="15.079843439161777">
        <ele>396.20001220703125</ele>
      </trkpt>
      <trkpt lat="46.525128185749054" lon="15.079882917925715">
        <ele>396.20001220703125</ele>
      </trkpt>
      <trkpt lat="46.52508845552802" lon="15.079918624833226">
        <ele>396.20001220703125</ele>
      </trkpt>
      <trkpt lat="46.52504947967827" lon="15.079959779977798">
        <ele>396.20001220703125</ele>
      </trkpt>
      <trkpt lat="46.52501184493303" lon="15.080004371702671">
        <ele>396.20001220703125</ele>
      </trkpt>
      <trkpt lat="46.52497597038746" lon="15.080052902922034">
        <ele>396.20001220703125</ele>
      </trkpt>
      <trkpt lat="46.52494026347995" lon="15.08010109886527">
        <ele>396.20001220703125</ele>
      </trkpt>
      <trkpt lat="46.52490070089698" lon="15.080144181847572">
        <ele>396.20001220703125</ele>
      </trkpt>
      <trkpt lat="46.52486214414239" lon="15.080184834077954">
        <ele>396</ele>
      </trkpt>
      <trkpt lat="46.52482442557812" lon="15.080222552642226">
        <ele>396</ele>
      </trkpt>
      <trkpt lat="46.524785701185465" lon="15.080262618139386">
        <ele>396</ele>
      </trkpt>
      <trkpt lat="46.52474831789732" lon="15.080302180722356">
        <ele>396</ele>
      </trkpt>
      <trkpt lat="46.524712443351746" lon="15.080342665314674">
        <ele>396</ele>
      </trkpt>
      <trkpt lat="46.52467715553939" lon="15.080381138250232">
        <ele>396</ele>
      </trkpt>
      <trkpt lat="46.52464245446026" lon="15.08042061701417">
        <ele>396.20001220703125</ele>
      </trkpt>
      <trkpt lat="46.524607418105006" lon="15.08045976050198">
        <ele>396.20001220703125</ele>
      </trkpt>
      <trkpt lat="46.524572717025876" lon="15.080494545400143">
        <ele>396.3999938964844</ele>
      </trkpt>
      <trkpt lat="46.524538435041904" lon="15.080534527078271">
        <ele>396.3999938964844</ele>
      </trkpt>
      <trkpt lat="46.52450415305793" lon="15.080575179308653">
        <ele>396.6000061035156</ele>
      </trkpt>
      <trkpt lat="46.52447029016912" lon="15.080616166815162">
        <ele>396.6000061035156</ele>
      </trkpt>
      <trkpt lat="46.52443651109934" lon="15.080655310302973">
        <ele>396.79998779296875</ele>
      </trkpt>
      <trkpt lat="46.52440340258181" lon="15.08069428615272">
        <ele>396.79998779296875</ele>
      </trkpt>
      <trkpt lat="46.52437062934041" lon="15.080733178183436">
        <ele>397</ele>
      </trkpt>
      <trkpt lat="46.5243349224329" lon="15.080772740766406">
        <ele>397</ele>
      </trkpt>
      <trkpt lat="46.524300472810864" lon="15.08081397973001">
        <ele>397.20001220703125</ele>
      </trkpt>
      <trkpt lat="46.524265352636576" lon="15.080855721607804">
        <ele>397.3999938964844</ele>
      </trkpt>
      <trkpt lat="46.52422956191003" lon="15.080894446000457">
        <ele>397.3999938964844</ele>
      </trkpt>
      <trkpt lat="46.52419184334576" lon="15.080933002755046">
        <ele>397.3999938964844</ele>
      </trkpt>
      <trkpt lat="46.524156806990504" lon="15.080973822623491">
        <ele>397.3999938964844</ele>
      </trkpt>
      <trkpt lat="46.52412227354944" lon="15.081012798473239">
        <ele>397.6000061035156</ele>
      </trkpt>
      <trkpt lat="46.52408514171839" lon="15.081054205074906">
        <ele>397.6000061035156</ele>
      </trkpt>
      <trkpt lat="46.524048345163465" lon="15.081094270572066">
        <ele>397.6000061035156</ele>
      </trkpt>
      <trkpt lat="46.52401213534176" lon="15.081134587526321">
        <ele>397.6000061035156</ele>
      </trkpt>
      <trkpt lat="46.5239739138633" lon="15.081174150109291">
        <ele>397.79998779296875</ele>
      </trkpt>
      <trkpt lat="46.52393720112741" lon="15.081212455406785">
        <ele>397.79998779296875</ele>
      </trkpt>
      <trkpt lat="46.523902332410216" lon="15.081252101808786">
        <ele>397.79998779296875</ele>
      </trkpt>
      <trkpt lat="46.52386545203626" lon="15.081291748210788">
        <ele>397.79998779296875</ele>
      </trkpt>
      <trkpt lat="46.523830918595195" lon="15.081329634413123">
        <ele>397.79998779296875</ele>
      </trkpt>
      <trkpt lat="46.52379839681089" lon="15.081371124833822">
        <ele>397.79998779296875</ele>
      </trkpt>
      <trkpt lat="46.52376721613109" lon="15.08141454309225">
        <ele>397.79998779296875</ele>
      </trkpt>
      <trkpt lat="46.52373645454645" lon="15.081457626074553">
        <ele>397.79998779296875</ele>
      </trkpt>
      <trkpt lat="46.523706866428256" lon="15.081502804532647">
        <ele>397.79998779296875</ele>
      </trkpt>
      <trkpt lat="46.523678451776505" lon="15.081547144800425">
        <ele>397.79998779296875</ele>
      </trkpt>
      <trkpt lat="46.52364442124963" lon="15.081590730696917">
        <ele>397.79998779296875</ele>
      </trkpt>
      <trkpt lat="46.523611564189196" lon="15.081632137298584">
        <ele>398</ele>
      </trkpt>
      <trkpt lat="46.52357761748135" lon="15.081669855862856">
        <ele>398</ele>
      </trkpt>
      <trkpt lat="46.52354107238352" lon="15.081708328798413">
        <ele>398</ele>
      </trkpt>
      <trkpt lat="46.52350620366633" lon="15.081747556105256">
        <ele>397.79998779296875</ele>
      </trkpt>
      <trkpt lat="46.523470329120755" lon="15.081785526126623">
        <ele>397.79998779296875</ele>
      </trkpt>
      <trkpt lat="46.52343328110874" lon="15.081820394843817">
        <ele>397.79998779296875</ele>
      </trkpt>
      <trkpt lat="46.52339514344931" lon="15.081853084266186">
        <ele>397.79998779296875</ele>
      </trkpt>
      <trkpt lat="46.52335633523762" lon="15.081884935498238">
        <ele>397.79998779296875</ele>
      </trkpt>
      <trkpt lat="46.52332263998687" lon="15.081923743709922">
        <ele>397.79998779296875</ele>
      </trkpt>
      <trkpt lat="46.523293387144804" lon="15.081962384283543">
        <ele>397.79998779296875</ele>
      </trkpt>
      <trkpt lat="46.523263128474355" lon="15.081998091191053">
        <ele>397.79998779296875</ele>
      </trkpt>
      <trkpt lat="46.523233372718096" lon="15.082030864432454">
        <ele>397.79998779296875</ele>
      </trkpt>
      <trkpt lat="46.52320780791342" lon="15.082058105617762">
        <ele>397.79998779296875</ele>
      </trkpt>
      <trkpt lat="46.523182494565845" lon="15.082082748413086">
        <ele>398</ele>
      </trkpt>
      <trkpt lat="46.5231604501605" lon="15.08210688829422">
        <ele>398</ele>
      </trkpt>
      <trkpt lat="46.523139998316765" lon="15.082129519432783">
        <ele>398</ele>
      </trkpt>
      <trkpt lat="46.52311787009239" lon="15.082148378714919">
        <ele>398</ele>
      </trkpt>
      <trkpt lat="46.523092556744814" lon="15.082174614071846">
        <ele>398</ele>
      </trkpt>
      <trkpt lat="46.523062381893396" lon="15.082208644598722">
        <ele>398</ele>
      </trkpt>
      <trkpt lat="46.52303136885166" lon="15.082240412011743">
        <ele>398</ele>
      </trkpt>
      <trkpt lat="46.522998260334134" lon="15.08226865902543">
        <ele>398</ele>
      </trkpt>
      <trkpt lat="46.52296691201627" lon="15.082300677895546">
        <ele>398</ele>
      </trkpt>
      <trkpt lat="46.522933803498745" lon="15.082334373146296">
        <ele>398.20001220703125</ele>
      </trkpt>
      <trkpt lat="46.522901114076376" lon="15.082369577139616">
        <ele>398.20001220703125</ele>
      </trkpt>
      <trkpt lat="46.522868340834975" lon="15.082405619323254">
        <ele>398.3999938964844</ele>
      </trkpt>
      <trkpt lat="46.52283539995551" lon="15.082442834973335">
        <ele>398.6000061035156</ele>
      </trkpt>
      <trkpt lat="46.52280564419925" lon="15.082477619871497">
        <ele>398.79998779296875</ele>
      </trkpt>
      <trkpt lat="46.522774463519454" lon="15.08250955492258">
        <ele>399</ele>
      </trkpt>
      <trkpt lat="46.5227426122874" lon="15.082542998716235">
        <ele>399</ele>
      </trkpt>
      <trkpt lat="46.522710006684065" lon="15.082578705623746">
        <ele>399</ele>
      </trkpt>
      <trkpt lat="46.52267790399492" lon="15.082614328712225">
        <ele>399.20001220703125</ele>
      </trkpt>
      <trkpt lat="46.522646471858025" lon="15.08264584466815">
        <ele>399.20001220703125</ele>
      </trkpt>
      <trkpt lat="46.52261294424534" lon="15.08268104866147">
        <ele>399.20001220703125</ele>
      </trkpt>
      <trkpt lat="46.52258209884167" lon="15.082715330645442">
        <ele>399.20001220703125</ele>
      </trkpt>
      <trkpt lat="46.52254748158157" lon="15.082750534638762">
        <ele>399.20001220703125</ele>
      </trkpt>
      <trkpt lat="46.52250708080828" lon="15.082784732803702">
        <ele>399.20001220703125</ele>
      </trkpt>
      <trkpt lat="46.52247774414718" lon="15.082807950675488">
        <ele>399.20001220703125</ele>
      </trkpt>
      <trkpt lat="46.52244723401964" lon="15.082841981202364">
        <ele>399.20001220703125</ele>
      </trkpt>
      <trkpt lat="46.522418232634664" lon="15.082877688109875">
        <ele>399.3999938964844</ele>
      </trkpt>
      <trkpt lat="46.522388476878405" lon="15.082913562655449">
        <ele>399.3999938964844</ele>
      </trkpt>
      <trkpt lat="46.52235746383667" lon="15.082946754992008">
        <ele>399.6000061035156</ele>
      </trkpt>
      <trkpt lat="46.52232469059527" lon="15.082986317574978">
        <ele>399.6000061035156</ele>
      </trkpt>
      <trkpt lat="46.52229392901063" lon="15.08302261121571">
        <ele>399.79998779296875</ele>
      </trkpt>
      <trkpt lat="46.52226350270212" lon="15.083058485761285">
        <ele>399.79998779296875</ele>
      </trkpt>
      <trkpt lat="46.52223131619394" lon="15.083098132163286">
        <ele>400</ele>
      </trkpt>
      <trkpt lat="46.52219778858125" lon="15.083137694746256">
        <ele>400</ele>
      </trkpt>
      <trkpt lat="46.522167697548866" lon="15.083169881254435">
        <ele>400.20001220703125</ele>
      </trkpt>
      <trkpt lat="46.52213559485972" lon="15.083205420523882">
        <ele>400.3999938964844</ele>
      </trkpt>
      <trkpt lat="46.52210282161832" lon="15.08323660120368">
        <ele>400.3999938964844</ele>
      </trkpt>
      <trkpt lat="46.52207273058593" lon="15.08327079936862">
        <ele>400.6000061035156</ele>
      </trkpt>
      <trkpt lat="46.52204037643969" lon="15.083312541246414">
        <ele>400.6000061035156</ele>
      </trkpt>
      <trkpt lat="46.52200567536056" lon="15.083352271467447">
        <ele>400.79998779296875</ele>
      </trkpt>
      <trkpt lat="46.521975584328175" lon="15.083397114649415">
        <ele>400.79998779296875</ele>
      </trkpt>
      <trkpt lat="46.521943397819996" lon="15.08343206718564">
        <ele>400.79998779296875</ele>
      </trkpt>
      <trkpt lat="46.52191364206374" lon="15.083464588969946">
        <ele>400.79998779296875</ele>
      </trkpt>
      <trkpt lat="46.521885646507144" lon="15.083497110754251">
        <ele>401</ele>
      </trkpt>
      <trkpt lat="46.52184432372451" lon="15.083539942279458">
        <ele>401</ele>
      </trkpt>
      <trkpt lat="46.52181649580598" lon="15.0835688598454">
        <ele>401</ele>
      </trkpt>
      <trkpt lat="46.521775256842375" lon="15.083617474883795">
        <ele>401</ele>
      </trkpt>
      <trkpt lat="46.521743992343545" lon="15.083652846515179">
        <ele>401</ele>
      </trkpt>
      <trkpt lat="46.521711219102144" lon="15.083696097135544">
        <ele>401.20001220703125</ele>
      </trkpt>
      <trkpt lat="46.52167844586074" lon="15.083752423524857">
        <ele>401.20001220703125</ele>
      </trkpt>
      <trkpt lat="46.52164684608579" lon="15.083809336647391">
        <ele>401.3999938964844</ele>
      </trkpt>
      <trkpt lat="46.52161231264472" lon="15.083858370780945">
        <ele>401.3999938964844</ele>
      </trkpt>
      <trkpt lat="46.521579874679446" lon="15.083882510662079">
        <ele>401.6000061035156</ele>
      </trkpt>
      <trkpt lat="46.52154106646776" lon="15.08391436189413">
        <ele>401.79998779296875</ele>
      </trkpt>
      <trkpt lat="46.52151592075825" lon="15.083942860364914">
        <ele>402</ele>
      </trkpt>
      <trkpt lat="46.521483985707164" lon="15.083966664969921">
        <ele>402.20001220703125</ele>
      </trkpt>
      <trkpt lat="46.521443417295814" lon="15.083994576707482">
        <ele>402.3999938964844</ele>
      </trkpt>
      <trkpt lat="46.52141818776727" lon="15.084019051864743">
        <ele>402.6000061035156</ele>
      </trkpt>
      <trkpt lat="46.521382899954915" lon="15.084059201180935">
        <ele>402.79998779296875</ele>
      </trkpt>
      <trkpt lat="46.52133772149682" lon="15.084079904481769">
        <ele>403</ele>
      </trkpt>
      <trkpt lat="46.52129665017128" lon="15.084100440144539">
        <ele>403.20001220703125</ele>
      </trkpt>
      <trkpt lat="46.52126396074891" lon="15.084109995514154">
        <ele>403.3999938964844</ele>
      </trkpt>
      <trkpt lat="46.521226074546576" lon="15.084126256406307">
        <ele>403.3999938964844</ele>
      </trkpt>
      <trkpt lat="46.521188942715526" lon="15.084144109860063">
        <ele>403.6000061035156</ele>
      </trkpt>
      <trkpt lat="46.521152732893825" lon="15.08416648954153">
        <ele>403.79998779296875</ele>
      </trkpt>
      <trkpt lat="46.521115181967616" lon="15.084189036861062">
        <ele>403.79998779296875</ele>
      </trkpt>
      <trkpt lat="46.52107830159366" lon="15.084210494533181">
        <ele>404</ele>
      </trkpt>
      <trkpt lat="46.52104108594358" lon="15.084223570302129">
        <ele>404</ele>
      </trkpt>
      <trkpt lat="46.521001271903515" lon="15.084233209490776">
        <ele>404.20001220703125</ele>
      </trkpt>
      <trkpt lat="46.52095994912088" lon="15.084240501746535">
        <ele>404.3999938964844</ele>
      </trkpt>
      <trkpt lat="46.52092038653791" lon="15.084245195612311">
        <ele>404.3999938964844</ele>
      </trkpt>
      <trkpt lat="46.520879650488496" lon="15.084252320230007">
        <ele>404.6000061035156</ele>
      </trkpt>
      <trkpt lat="46.52083380147815" lon="15.084266318008304">
        <ele>404.6000061035156</ele>
      </trkpt>
      <trkpt lat="46.52079029940069" lon="15.084279226139188">
        <ele>404.79998779296875</ele>
      </trkpt>
      <trkpt lat="46.52074838988483" lon="15.08429104462266">
        <ele>404.79998779296875</ele>
      </trkpt>
      <trkpt lat="46.52070991694927" lon="15.08429012261331">
        <ele>405</ele>
      </trkpt>
      <trkpt lat="46.5206706058234" lon="15.084291631355882">
        <ele>405.20001220703125</ele>
      </trkpt>
      <trkpt lat="46.52062769047916" lon="15.084294816479087">
        <ele>405.20001220703125</ele>
      </trkpt>
      <trkpt lat="46.52058435603976" lon="15.084298336878419">
        <ele>405.3999938964844</ele>
      </trkpt>
      <trkpt lat="46.52054118923843" lon="15.084298588335514">
        <ele>405.3999938964844</ele>
      </trkpt>
      <trkpt lat="46.52050112374127" lon="15.08429205045104">
        <ele>405.6000061035156</ele>
      </trkpt>
      <trkpt lat="46.52045519091189" lon="15.084276627749205">
        <ele>405.6000061035156</ele>
      </trkpt>
      <trkpt lat="46.52040883898735" lon="15.08427008986473">
        <ele>405.6000061035156</ele>
      </trkpt>
      <trkpt lat="46.520367013290524" lon="15.084263803437352">
        <ele>405.79998779296875</ele>
      </trkpt>
      <trkpt lat="46.52032242156565" lon="15.084262629970908">
        <ele>405.79998779296875</ele>
      </trkpt>
      <trkpt lat="46.52028411626816" lon="15.084253158420324">
        <ele>406</ele>
      </trkpt>
      <trkpt lat="46.520235165953636" lon="15.084241423755884">
        <ele>406</ele>
      </trkpt>
      <trkpt lat="46.52019007131457" lon="15.084229772910476">
        <ele>406</ele>
      </trkpt>
      <trkpt lat="46.520143300294876" lon="15.08421778678894">
        <ele>406.20001220703125</ele>
      </trkpt>
      <trkpt lat="46.520100804045796" lon="15.0841991789639">
        <ele>406.20001220703125</ele>
      </trkpt>
      <trkpt lat="46.520060738548636" lon="15.08417772129178">
        <ele>406.3999938964844</ele>
      </trkpt>
      <trkpt lat="46.52001807466149" lon="15.084159364923835">
        <ele>406.3999938964844</ele>
      </trkpt>
      <trkpt lat="46.51997440494597" lon="15.084140757098794">
        <ele>406.6000061035156</ele>
      </trkpt>
      <trkpt lat="46.51993090286851" lon="15.084119969978929">
        <ele>406.6000061035156</ele>
      </trkpt>
      <trkpt lat="46.51988706551492" lon="15.084098344668746">
        <ele>406.6000061035156</ele>
      </trkpt>
      <trkpt lat="46.51984297670424" lon="15.084076886996627">
        <ele>406.79998779296875</ele>
      </trkpt>
      <trkpt lat="46.51980006136" lon="15.084057357162237">
        <ele>406.79998779296875</ele>
      </trkpt>
      <trkpt lat="46.51975505053997" lon="15.084038162603974">
        <ele>407</ele>
      </trkpt>
      <trkpt lat="46.519709872081876" lon="15.08401645347476">
        <ele>407</ele>
      </trkpt>
      <trkpt lat="46.51966603472829" lon="15.083993067964911">
        <ele>407.20001220703125</ele>
      </trkpt>
      <trkpt lat="46.51961985044181" lon="15.083969179540873">
        <ele>407.20001220703125</ele>
      </trkpt>
      <trkpt lat="46.519571486860514" lon="15.083949146792293">
        <ele>407.20001220703125</ele>
      </trkpt>
      <trkpt lat="46.519522704184055" lon="15.083929533138871">
        <ele>407.3999938964844</ele>
      </trkpt>
      <trkpt lat="46.51947509497404" lon="15.083914529532194">
        <ele>407.3999938964844</ele>
      </trkpt>
      <trkpt lat="46.519423965364695" lon="15.083899861201644">
        <ele>407.3999938964844</ele>
      </trkpt>
      <trkpt lat="46.519376104697585" lon="15.083876308053732">
        <ele>407.3999938964844</ele>
      </trkpt>
      <trkpt lat="46.51932950131595" lon="15.08385468274355">
        <ele>407.3999938964844</ele>
      </trkpt>
      <trkpt lat="46.51928113773465" lon="15.083838254213333">
        <ele>407.6000061035156</ele>
      </trkpt>
      <trkpt lat="46.51923109777272" lon="15.083823334425688">
        <ele>407.6000061035156</ele>
      </trkpt>
      <trkpt lat="46.51918130926788" lon="15.083810174837708">
        <ele>407.6000061035156</ele>
      </trkpt>
      <trkpt lat="46.51913185603917" lon="15.083794752135873">
        <ele>407.6000061035156</ele>
      </trkpt>
      <trkpt lat="46.51908114552498" lon="15.0837794970721">
        <ele>407.6000061035156</ele>
      </trkpt>
      <trkpt lat="46.519030099734664" lon="15.08376969024539">
        <ele>407.6000061035156</ele>
      </trkpt>
      <trkpt lat="46.5189797244966" lon="15.083763655275106">
        <ele>407.6000061035156</ele>
      </trkpt>
      <trkpt lat="46.518929935991764" lon="15.083756111562252">
        <ele>407.6000061035156</ele>
      </trkpt>
      <trkpt lat="46.51887972839177" lon="15.08374429307878">
        <ele>407.6000061035156</ele>
      </trkpt>
      <trkpt lat="46.51882750913501" lon="15.083731301128864">
        <ele>407.3999938964844</ele>
      </trkpt>
      <trkpt lat="46.518775038421154" lon="15.083720572292805">
        <ele>407.3999938964844</ele>
      </trkpt>
      <trkpt lat="46.51872457936406" lon="15.083711855113506">
        <ele>407.3999938964844</ele>
      </trkpt>
      <trkpt lat="46.518675880506635" lon="15.083699533715844">
        <ele>407.6000061035156</ele>
      </trkpt>
      <trkpt lat="46.518627097830176" lon="15.083686038851738">
        <ele>407.6000061035156</ele>
      </trkpt>
      <trkpt lat="46.518575716763735" lon="15.0836724601686">
        <ele>407.6000061035156</ele>
      </trkpt>
      <trkpt lat="46.51852668263018" lon="15.083658965304494">
        <ele>407.6000061035156</ele>
      </trkpt>
      <trkpt lat="46.51847764849663" lon="15.083644548431039">
        <ele>407.6000061035156</ele>
      </trkpt>
      <trkpt lat="46.5184271056205" lon="15.083628203719854">
        <ele>407.6000061035156</ele>
      </trkpt>
      <trkpt lat="46.518375808373094" lon="15.083616217598319">
        <ele>407.6000061035156</ele>
      </trkpt>
      <trkpt lat="46.51832543313503" lon="15.083601716905832">
        <ele>407.6000061035156</ele>
      </trkpt>
      <trkpt lat="46.51827740482986" lon="15.083584450185299">
        <ele>407.6000061035156</ele>
      </trkpt>
      <trkpt lat="46.51822552084923" lon="15.083567099645734">
        <ele>407.6000061035156</ele>
      </trkpt>
      <trkpt lat="46.51817422360182" lon="15.083547653630376">
        <ele>407.6000061035156</ele>
      </trkpt>
      <trkpt lat="46.51812602765858" lon="15.083519238978624">
        <ele>407.6000061035156</ele>
      </trkpt>
      <trkpt lat="46.518075820058584" lon="15.083491243422031">
        <ele>407.79998779296875</ele>
      </trkpt>
      <trkpt lat="46.51802578009665" lon="15.083464588969946">
        <ele>407.79998779296875</ele>
      </trkpt>
      <trkpt lat="46.5179767459631" lon="15.083432905375957">
        <ele>407.79998779296875</ele>
      </trkpt>
      <trkpt lat="46.517932740971446" lon="15.083390912041068">
        <ele>407.79998779296875</ele>
      </trkpt>
      <trkpt lat="46.51788613758981" lon="15.083352774381638">
        <ele>407.79998779296875</ele>
      </trkpt>
      <trkpt lat="46.51783970184624" lon="15.08331966586411">
        <ele>408</ele>
      </trkpt>
      <trkpt lat="46.517796786502004" lon="15.08328496478498">
        <ele>408</ele>
      </trkpt>
      <trkpt lat="46.517757223919034" lon="15.08324540220201">
        <ele>408</ele>
      </trkpt>
      <trkpt lat="46.51771615259349" lon="15.083208438009024">
        <ele>408.20001220703125</ele>
      </trkpt>
      <trkpt lat="46.517675165086985" lon="15.08317306637764">
        <ele>408.20001220703125</ele>
      </trkpt>
      <trkpt lat="46.51763585396111" lon="15.083138784393668">
        <ele>408.20001220703125</ele>
      </trkpt>
      <trkpt lat="46.51759763248265" lon="15.083107352256775">
        <ele>408.20001220703125</ele>
      </trkpt>
      <trkpt lat="46.51756200939417" lon="15.083070304244757">
        <ele>408.3999938964844</ele>
      </trkpt>
      <trkpt lat="46.5175274759531" lon="15.083027053624392">
        <ele>408.3999938964844</ele>
      </trkpt>
      <trkpt lat="46.5174965467304" lon="15.082987993955612">
        <ele>408.3999938964844</ele>
      </trkpt>
      <trkpt lat="46.517465030774474" lon="15.082946671172976">
        <ele>408.3999938964844</ele>
      </trkpt>
      <trkpt lat="46.51743317954242" lon="15.082898391410708">
        <ele>408.3999938964844</ele>
      </trkpt>
      <trkpt lat="46.5173979755491" lon="15.08284566923976">
        <ele>408.3999938964844</ele>
      </trkpt>
      <trkpt lat="46.51735983788967" lon="15.082793114706874">
        <ele>408.3999938964844</ele>
      </trkpt>
      <trkpt lat="46.517326729372144" lon="15.082735950127244">
        <ele>408.3999938964844</ele>
      </trkpt>
      <trkpt lat="46.517293537035584" lon="15.082670906558633">
        <ele>408.3999938964844</ele>
      </trkpt>
      <trkpt lat="46.51725959032774" lon="15.082611897960305">
        <ele>408.6000061035156</ele>
      </trkpt>
      <trkpt lat="46.517228074371815" lon="15.08254710584879">
        <ele>408.6000061035156</ele>
      </trkpt>
      <trkpt lat="46.51719706133008" lon="15.082476865500212">
        <ele>408.6000061035156</ele>
      </trkpt>
      <trkpt lat="46.5171667188406" lon="15.082400674000382">
        <ele>408.6000061035156</ele>
      </trkpt>
      <trkpt lat="46.51713017374277" lon="15.082326661795378">
        <ele>408.6000061035156</ele>
      </trkpt>
      <trkpt lat="46.517101004719734" lon="15.082253068685532">
        <ele>408.6000061035156</ele>
      </trkpt>
      <trkpt lat="46.51706848293543" lon="15.08217771537602">
        <ele>408.3999938964844</ele>
      </trkpt>
      <trkpt lat="46.517033111304045" lon="15.082106804475188">
        <ele>408.3999938964844</ele>
      </trkpt>
      <trkpt lat="46.516993548721075" lon="15.082041174173355">
        <ele>408.20001220703125</ele>
      </trkpt>
      <trkpt lat="46.51695272885263" lon="15.081980908289552">
        <ele>408.20001220703125</ele>
      </trkpt>
      <trkpt lat="46.51691207662225" lon="15.081922486424446">
        <ele>408.20001220703125</ele>
      </trkpt>
      <trkpt lat="46.5168715082109" lon="15.081866160035133">
        <ele>408.20001220703125</ele>
      </trkpt>
      <trkpt lat="46.51683018542826" lon="15.08180983364582">
        <ele>408</ele>
      </trkpt>
      <trkpt lat="46.516786850988865" lon="15.081754513084888">
        <ele>408</ele>
      </trkpt>
      <trkpt lat="46.516741923987865" lon="15.081706903874874">
        <ele>408</ele>
      </trkpt>
      <trkpt lat="46.516695991158485" lon="15.081669352948666">
        <ele>408</ele>
      </trkpt>
      <trkpt lat="46.51665567420423" lon="15.081635992974043">
        <ele>408</ele>
      </trkpt>
      <trkpt lat="46.516613848507404" lon="15.081604896113276">
        <ele>408</ele>
      </trkpt>
      <trkpt lat="46.51657068170607" lon="15.0815743021667">
        <ele>408</ele>
      </trkpt>
      <trkpt lat="46.51652902364731" lon="15.081543708220124">
        <ele>408.20001220703125</ele>
      </trkpt>
      <trkpt lat="46.51648920960724" lon="15.081515461206436">
        <ele>408.20001220703125</ele>
      </trkpt>
      <trkpt lat="46.5164499823004" lon="15.081487717106938">
        <ele>408.20001220703125</ele>
      </trkpt>
      <trkpt lat="46.51641025207937" lon="15.081463241949677">
        <ele>408.20001220703125</ele>
      </trkpt>
      <trkpt lat="46.51637211441994" lon="15.081437677145004">
        <ele>408.20001220703125</ele>
      </trkpt>
      <trkpt lat="46.51633456349373" lon="15.081411022692919">
        <ele>408.20001220703125</ele>
      </trkpt>
      <trkpt lat="46.51630187407136" lon="15.081387218087912">
        <ele>408.20001220703125</ele>
      </trkpt>
      <trkpt lat="46.516271363943815" lon="15.081363078206778">
        <ele>408.20001220703125</ele>
      </trkpt>
      <trkpt lat="46.5162393450737" lon="15.081346314400434">
        <ele>408.20001220703125</ele>
      </trkpt>
      <trkpt lat="46.51620908640325" lon="15.081352014094591">
        <ele>408.20001220703125</ele>
      </trkpt>
      <trkpt lat="46.516186874359846" lon="15.081383278593421">
        <ele>407.79998779296875</ele>
      </trkpt>
      <trkpt lat="46.51617681607604" lon="15.081426864489913">
        <ele>407.6000061035156</ele>
      </trkpt>
      <trkpt lat="46.51617522351444" lon="15.081472964957356">
        <ele>407.3999938964844</ele>
      </trkpt>
      <trkpt lat="46.516176564618945" lon="15.081515712663531">
        <ele>407.20001220703125</ele>
      </trkpt>
      <trkpt lat="46.51617522351444" lon="15.081554353237152">
        <ele>407</ele>
      </trkpt>
      <trkpt lat="46.51616835035384" lon="15.081581426784396">
        <ele>407</ele>
      </trkpt>
      <trkpt lat="46.516159465536475" lon="15.081599531695247">
        <ele>407.20001220703125</ele>
      </trkpt>
      <trkpt lat="46.51615141890943" lon="15.081608165055513">
        <ele>407.3999938964844</ele>
      </trkpt>
      <trkpt lat="46.516146725043654" lon="15.08160992525518">
        <ele>407.3999938964844</ele>
      </trkpt>
      <trkpt lat="46.51613188907504" lon="15.08161528967321">
        <ele>408</ele>
      </trkpt>
      <trkpt lat="46.516112107783556" lon="15.081618055701256">
        <ele>407.79998779296875</ele>
      </trkpt>
      <trkpt lat="46.51608746498823" lon="15.081615457311273">
        <ele>407.79998779296875</ele>
      </trkpt>
      <trkpt lat="46.51606106199324" lon="15.081609254702926">
        <ele>407.79998779296875</ele>
      </trkpt>
      <trkpt lat="46.516033988446" lon="15.08159919641912">
        <ele>407.79998779296875</ele>
      </trkpt>
      <trkpt lat="46.5160078369081" lon="15.081582013517618">
        <ele>407.6000061035156</ele>
      </trkpt>
      <trkpt lat="46.5159821882844" lon="15.081554185599089">
        <ele>407.6000061035156</ele>
      </trkpt>
      <trkpt lat="46.51595838367939" lon="15.081518227234483">
        <ele>407.3999938964844</ele>
      </trkpt>
      <trkpt lat="46.51593348942697" lon="15.081489142030478">
        <ele>407.3999938964844</ele>
      </trkpt>
      <trkpt lat="46.51590121909976" lon="15.08147313259542">
        <ele>407.20001220703125</ele>
      </trkpt>
      <trkpt lat="46.51586492545903" lon="15.08145997300744">
        <ele>407.20001220703125</ele>
      </trkpt>
      <trkpt lat="46.51582385413349" lon="15.08144044317305">
        <ele>407</ele>
      </trkpt>
      <trkpt lat="46.51578303426504" lon="15.081411693245173">
        <ele>406.79998779296875</ele>
      </trkpt>
      <trkpt lat="46.51573810726404" lon="15.081382859498262">
        <ele>406.6000061035156</ele>
      </trkpt>
      <trkpt lat="46.51569209061563" lon="15.081353271380067">
        <ele>406.3999938964844</ele>
      </trkpt>
      <trkpt lat="46.515642469748855" lon="15.0813221745193">
        <ele>406.20001220703125</ele>
      </trkpt>
      <trkpt lat="46.515591172501445" lon="15.081291915848851">
        <ele>406</ele>
      </trkpt>
      <trkpt lat="46.5155363548547" lon="15.08126400411129">
        <ele>405.6000061035156</ele>
      </trkpt>
      <trkpt lat="46.51548036374152" lon="15.081237936392426">
        <ele>405.6000061035156</ele>
      </trkpt>
      <trkpt lat="46.51542345061898" lon="15.081213880330324">
        <ele>405.3999938964844</ele>
      </trkpt>
      <trkpt lat="46.51536620222032" lon="15.081190830096602">
        <ele>405.20001220703125</ele>
      </trkpt>
      <trkpt lat="46.51530744507909" lon="15.081169875338674">
        <ele>405</ele>
      </trkpt>
      <trkpt lat="46.51524709537625" lon="15.081153446808457">
        <ele>404.79998779296875</ele>
      </trkpt>
      <trkpt lat="46.51518632657826" lon="15.081140287220478">
        <ele>404.79998779296875</ele>
      </trkpt>
      <trkpt lat="46.51512413285673" lon="15.081127798184752">
        <ele>404.6000061035156</ele>
      </trkpt>
      <trkpt lat="46.51506286114454" lon="15.081118158996105">
        <ele>404.6000061035156</ele>
      </trkpt>
      <trkpt lat="46.51499664410949" lon="15.081113381311297">
        <ele>404.3999938964844</ele>
      </trkpt>
      <trkpt lat="46.51493143290281" lon="15.08111346513033">
        <ele>404.3999938964844</ele>
      </trkpt>
      <trkpt lat="46.51486907154322" lon="15.081115309149027">
        <ele>404.6000061035156</ele>
      </trkpt>
      <trkpt lat="46.51480847038329" lon="15.081118242815137">
        <ele>404.6000061035156</ele>
      </trkpt>
      <trkpt lat="46.51474468410015" lon="15.081123858690262">
        <ele>404.6000061035156</ele>
      </trkpt>
      <trkpt lat="46.51468366384506" lon="15.081131905317307">
        <ele>404.6000061035156</ele>
      </trkpt>
      <trkpt lat="46.51462725363672" lon="15.081145148724318">
        <ele>404.6000061035156</ele>
      </trkpt>
      <trkpt lat="46.514571346342564" lon="15.081160822883248">
        <ele>404.79998779296875</ele>
      </trkpt>
      <trkpt lat="46.51451661251485" lon="15.081177167594433">
        <ele>404.79998779296875</ele>
      </trkpt>
      <trkpt lat="46.514466321095824" lon="15.081192841753364">
        <ele>404.79998779296875</ele>
      </trkpt>
      <trkpt lat="46.51441301219165" lon="15.081210024654865">
        <ele>405</ele>
      </trkpt>
      <trkpt lat="46.514359787106514" lon="15.081227626651525">
        <ele>405</ele>
      </trkpt>
      <trkpt lat="46.51430773548782" lon="15.08124983869493">
        <ele>405</ele>
      </trkpt>
      <trkpt lat="46.514254845678806" lon="15.081276576966047">
        <ele>405</ele>
      </trkpt>
      <trkpt lat="46.51419927366078" lon="15.081306667998433">
        <ele>405.20001220703125</ele>
      </trkpt>
      <trkpt lat="46.51413909159601" lon="15.081340279430151">
        <ele>405.20001220703125</ele>
      </trkpt>
      <trkpt lat="46.514078322798014" lon="15.081374226137996">
        <ele>405.3999938964844</ele>
      </trkpt>
      <trkpt lat="46.51401604525745" lon="15.081409262493253">
        <ele>405.6000061035156</ele>
      </trkpt>
      <trkpt lat="46.51395661756396" lon="15.08144672960043">
        <ele>405.79998779296875</ele>
      </trkpt>
      <trkpt lat="46.51389970444143" lon="15.081485034897923">
        <ele>406</ele>
      </trkpt>
      <trkpt lat="46.513850251212716" lon="15.081526190042496">
        <ele>406.3999938964844</ele>
      </trkpt>
      <trkpt lat="46.51380515657365" lon="15.081570111215115">
        <ele>406.6000061035156</ele>
      </trkpt>
      <trkpt lat="46.51375947520137" lon="15.081614535301924">
        <ele>407</ele>
      </trkpt>
      <trkpt lat="46.513711949810386" lon="15.081659378483891">
        <ele>407.20001220703125</ele>
      </trkpt>
      <trkpt lat="46.51366568170488" lon="15.081700198352337">
        <ele>407.3999938964844</ele>
      </trkpt>
      <trkpt lat="46.51361882686615" lon="15.081735318526626">
        <ele>407.3999938964844</ele>
      </trkpt>
      <trkpt lat="46.51356694288552" lon="15.08175996132195">
        <ele>407.3999938964844</ele>
      </trkpt>
      <trkpt lat="46.513510113582015" lon="15.081766415387392">
        <ele>407.6000061035156</ele>
      </trkpt>
      <trkpt lat="46.5134540386498" lon="15.081768427044153">
        <ele>407.6000061035156</ele>
      </trkpt>
      <trkpt lat="46.513405004516244" lon="15.08178535848856">
        <ele>407.3999938964844</ele>
      </trkpt>
      <trkpt lat="46.51336175389588" lon="15.081814862787724">
        <ele>407.3999938964844</ele>
      </trkpt>
      <trkpt lat="46.51332328096032" lon="15.081839002668858">
        <ele>407.3999938964844</ele>
      </trkpt>
      <trkpt lat="46.51328363455832" lon="15.08184352889657">
        <ele>407.3999938964844</ele>
      </trkpt>
      <trkpt lat="46.513246670365334" lon="15.08181863464415">
        <ele>407.3999938964844</ele>
      </trkpt>
      <trkpt lat="46.513217417523265" lon="15.08178049698472">
        <ele>407.6000061035156</ele>
      </trkpt>
      <trkpt lat="46.51318917050958" lon="15.081737414002419">
        <ele>407.6000061035156</ele>
      </trkpt>
      <trkpt lat="46.513159247115254" lon="15.081697264686227">
        <ele>407.79998779296875</ele>
      </trkpt>
      <trkpt lat="46.51312680914998" lon="15.081664910539985">
        <ele>407.79998779296875</ele>
      </trkpt>
      <trkpt lat="46.51309755630791" lon="15.081640686839819">
        <ele>407.79998779296875</ele>
      </trkpt>
      <trkpt lat="46.513071320950985" lon="15.081620402634144">
        <ele>407.79998779296875</ele>
      </trkpt>
      <trkpt lat="46.51304240338504" lon="15.081598525866866">
        <ele>407.79998779296875</ele>
      </trkpt>
      <trkpt lat="46.513010803610086" lon="15.081577487289906">
        <ele>408</ele>
      </trkpt>
      <trkpt lat="46.51297710835934" lon="15.081579498946667">
        <ele>407.79998779296875</ele>
      </trkpt>
      <trkpt lat="46.51294944807887" lon="15.081605818122625">
        <ele>407.79998779296875</ele>
      </trkpt>
      <trkpt lat="46.51292882859707" lon="15.081645967438817">
        <ele>407.79998779296875</ele>
      </trkpt>
      <trkpt lat="46.5129117295146" lon="15.081694331020117">
        <ele>407.6000061035156</ele>
      </trkpt>
      <trkpt lat="46.51289211586118" lon="15.081741269677877">
        <ele>407.6000061035156</ele>
      </trkpt>
      <trkpt lat="46.51286814361811" lon="15.081785190850496">
        <ele>407.6000061035156</ele>
      </trkpt>
      <trkpt lat="46.512839728966355" lon="15.081826681271195">
        <ele>407.6000061035156</ele>
      </trkpt>
      <trkpt lat="46.51280762627721" lon="15.081863142549992">
        <ele>407.6000061035156</ele>
      </trkpt>
      <trkpt lat="46.51277334429324" lon="15.081895580515265">
        <ele>407.79998779296875</ele>
      </trkpt>
      <trkpt lat="46.512738056480885" lon="15.081920977681875">
        <ele>407.79998779296875</ele>
      </trkpt>
      <trkpt lat="46.51269773952663" lon="15.081940675154328">
        <ele>408</ele>
      </trkpt>
      <trkpt lat="46.51265725493431" lon="15.081954002380371">
        <ele>408</ele>
      </trkpt>
      <trkpt lat="46.51261517778039" lon="15.081967413425446">
        <ele>408</ele>
      </trkpt>
      <trkpt lat="46.5125731844455" lon="15.081978561356664">
        <ele>408.20001220703125</ele>
      </trkpt>
      <trkpt lat="46.51252934709191" lon="15.081981578841805">
        <ele>408.20001220703125</ele>
      </trkpt>
      <trkpt lat="46.5124870184809" lon="15.081978058442473">
        <ele>408.20001220703125</ele>
      </trkpt>
      <trkpt lat="46.51244401931763" lon="15.081969927996397">
        <ele>408.3999938964844</ele>
      </trkpt>
      <trkpt lat="46.51240076869726" lon="15.08196079172194">
        <ele>408.3999938964844</ele>
      </trkpt>
      <trkpt lat="46.51235919445753" lon="15.081950230523944">
        <ele>408.6000061035156</ele>
      </trkpt>
      <trkpt lat="46.51231728494167" lon="15.081943608820438">
        <ele>408.6000061035156</ele>
      </trkpt>
      <trkpt lat="46.5122726932168" lon="15.081935981288552">
        <ele>408.6000061035156</ele>
      </trkpt>
      <trkpt lat="46.512229861691594" lon="15.081927683204412">
        <ele>408.6000061035156</ele>
      </trkpt>
      <trkpt lat="46.51218828745186" lon="15.081921983510256">
        <ele>408.3999938964844</ele>
      </trkpt>
      <trkpt lat="46.512144869193435" lon="15.081914104521275">
        <ele>408.3999938964844</ele>
      </trkpt>
      <trkpt lat="46.5121001098305" lon="15.081907482817769">
        <ele>408.3999938964844</ele>
      </trkpt>
      <trkpt lat="46.5120551828295" lon="15.081910835579038">
        <ele>408.3999938964844</ele>
      </trkpt>
      <trkpt lat="46.51201117783785" lon="15.081920977681875">
        <ele>408.6000061035156</ele>
      </trkpt>
      <trkpt lat="46.51196918450296" lon="15.081935813650489">
        <ele>408.6000061035156</ele>
      </trkpt>
      <trkpt lat="46.51192735880613" lon="15.081953415647149">
        <ele>408.6000061035156</ele>
      </trkpt>
      <trkpt lat="46.511883940547705" lon="15.08197202347219">
        <ele>408.79998779296875</ele>
      </trkpt>
      <trkpt lat="46.51183976791799" lon="15.081990882754326">
        <ele>408.79998779296875</ele>
      </trkpt>
      <trkpt lat="46.51179718784988" lon="15.082007311284542">
        <ele>408.79998779296875</ele>
      </trkpt>
      <trkpt lat="46.511753518134356" lon="15.082024578005075">
        <ele>408.79998779296875</ele>
      </trkpt>
      <trkpt lat="46.511711021885276" lon="15.082043437287211">
        <ele>408.79998779296875</ele>
      </trkpt>
      <trkpt lat="46.511667435988784" lon="15.082065230235457">
        <ele>408.79998779296875</ele>
      </trkpt>
      <trkpt lat="46.5116251911968" lon="15.082086436450481">
        <ele>408.79998779296875</ele>
      </trkpt>
      <trkpt lat="46.51158059947193" lon="15.082107726484537">
        <ele>408.6000061035156</ele>
      </trkpt>
      <trkpt lat="46.51153642684221" lon="15.082125747576356">
        <ele>408.6000061035156</ele>
      </trkpt>
      <trkpt lat="46.5114904101938" lon="15.082146283239126">
        <ele>408.6000061035156</ele>
      </trkpt>
      <trkpt lat="46.51144682429731" lon="15.082163382321596">
        <ele>408.6000061035156</ele>
      </trkpt>
      <trkpt lat="46.51140323840082" lon="15.082178302109241">
        <ele>408.6000061035156</ele>
      </trkpt>
      <trkpt lat="46.51135990396142" lon="15.082196155562997">
        <ele>408.6000061035156</ele>
      </trkpt>
      <trkpt lat="46.51131581515074" lon="15.082214260473847">
        <ele>408.79998779296875</ele>
      </trkpt>
      <trkpt lat="46.51127340272069" lon="15.08223345503211">
        <ele>408.79998779296875</ele>
      </trkpt>
      <trkpt lat="46.511230655014515" lon="15.082254409790039">
        <ele>408.79998779296875</ele>
      </trkpt>
      <trkpt lat="46.51118706911802" lon="15.082276621833444">
        <ele>408.79998779296875</ele>
      </trkpt>
      <trkpt lat="46.51114306412637" lon="15.082295313477516">
        <ele>409</ele>
      </trkpt>
      <trkpt lat="46.51109864003956" lon="15.082308556884527">
        <ele>409</ele>
      </trkpt>
      <trkpt lat="46.51105488650501" lon="15.082314508035779">
        <ele>409</ele>
      </trkpt>
      <trkpt lat="46.51100895367563" lon="15.082313753664494">
        <ele>409</ele>
      </trkpt>
      <trkpt lat="46.51096159592271" lon="15.082308305427432">
        <ele>409</ele>
      </trkpt>
      <trkpt lat="46.510917926207185" lon="15.08229698985815">
        <ele>409.20001220703125</ele>
      </trkpt>
      <trkpt lat="46.51087526232004" lon="15.082284919917583">
        <ele>409.20001220703125</ele>
      </trkpt>
      <trkpt lat="46.510834442451596" lon="15.082271425053477">
        <ele>409.3999938964844</ele>
      </trkpt>
      <trkpt lat="46.510796723887324" lon="15.08225834928453">
        <ele>409.3999938964844</ele>
      </trkpt>
      <trkpt lat="46.51076168753207" lon="15.08224661462009">
        <ele>409.6000061035156</ele>
      </trkpt>
      <trkpt lat="46.51072824373841" lon="15.082229264080524">
        <ele>409.79998779296875</ele>
      </trkpt>
      <trkpt lat="46.51069530285895" lon="15.082207135856152">
        <ele>409.79998779296875</ele>
      </trkpt>
      <trkpt lat="46.51065926067531" lon="15.082180900499225">
        <ele>410</ele>
      </trkpt>
      <trkpt lat="46.51062657125294" lon="15.082158604636788">
        <ele>410</ele>
      </trkpt>
      <trkpt lat="46.510595893487334" lon="15.082138823345304">
        <ele>410.20001220703125</ele>
      </trkpt>
      <trkpt lat="46.510566640645266" lon="15.082120634615421">
        <ele>410.3999938964844</ele>
      </trkpt>
      <trkpt lat="46.51053864508867" lon="15.082109486684203">
        <ele>410.3999938964844</ele>
      </trkpt>
      <trkpt lat="46.51051098480821" lon="15.082104038447142">
        <ele>410.6000061035156</ele>
      </trkpt>
      <trkpt lat="46.510482067242265" lon="15.082099847495556">
        <ele>410.6000061035156</ele>
      </trkpt>
      <trkpt lat="46.510451305657625" lon="15.082092974334955">
        <ele>410.79998779296875</ele>
      </trkpt>
      <trkpt lat="46.510420041158795" lon="15.082081574946642">
        <ele>410.79998779296875</ele>
      </trkpt>
      <trkpt lat="46.510388860479" lon="15.0820751208812">
        <ele>410.79998779296875</ele>
      </trkpt>
      <trkpt lat="46.510362792760134" lon="15.082086604088545">
        <ele>410.79998779296875</ele>
      </trkpt>
      <trkpt lat="46.51034401729703" lon="15.082117700949311">
        <ele>410.79998779296875</ele>
      </trkpt>
      <trkpt lat="46.51032934896648" lon="15.082156006246805">
        <ele>410.79998779296875</ele>
      </trkpt>
      <trkpt lat="46.510312501341105" lon="15.082192132249475">
        <ele>410.79998779296875</ele>
      </trkpt>
      <trkpt lat="46.510291546583176" lon="15.082217697054148">
        <ele>410.79998779296875</ele>
      </trkpt>
      <trkpt lat="46.510267574340105" lon="15.082231108099222">
        <ele>411</ele>
      </trkpt>
      <trkpt lat="46.51024678722024" lon="15.082248710095882">
        <ele>411</ele>
      </trkpt>
      <trkpt lat="46.5102368965745" lon="15.082277711480856">
        <ele>411</ele>
      </trkpt>
      <trkpt lat="46.51023807004094" lon="15.082321297377348">
        <ele>411</ele>
      </trkpt>
      <trkpt lat="46.510240752249956" lon="15.082368738949299">
        <ele>411</ele>
      </trkpt>
      <trkpt lat="46.51023278944194" lon="15.082407798618078">
        <ele>411</ele>
      </trkpt>
      <trkpt lat="46.510211834684014" lon="15.0824274122715">
        <ele>411</ele>
      </trkpt>
      <trkpt lat="46.51018526405096" lon="15.082431100308895">
        <ele>411.20001220703125</ele>
      </trkpt>
      <trkpt lat="46.510155675932765" lon="15.082440907135606">
        <ele>411.20001220703125</ele>
      </trkpt>
      <trkpt lat="46.510127848014235" lon="15.082462448626757">
        <ele>411.20001220703125</ele>
      </trkpt>
      <trkpt lat="46.51009742170572" lon="15.082497987896204">
        <ele>411.20001220703125</ele>
      </trkpt>
      <trkpt lat="46.51006833650172" lon="15.082541489973664">
        <ele>411</ele>
      </trkpt>
      <trkpt lat="46.51003849692643" lon="15.082584908232093">
        <ele>410.79998779296875</ele>
      </trkpt>
      <trkpt lat="46.51001125574112" lon="15.082633942365646">
        <ele>410.6000061035156</ele>
      </trkpt>
      <trkpt lat="46.50998091325164" lon="15.082684736698866">
        <ele>410.3999938964844</ele>
      </trkpt>
      <trkpt lat="46.50994730181992" lon="15.0827382132411">
        <ele>410.3999938964844</ele>
      </trkpt>
      <trkpt lat="46.50991494767368" lon="15.082791103050113">
        <ele>410.3999938964844</ele>
      </trkpt>
      <trkpt lat="46.50987999513745" lon="15.082842567935586">
        <ele>410.3999938964844</ele>
      </trkpt>
      <trkpt lat="46.509845377877355" lon="15.082893278449774">
        <ele>410.3999938964844</ele>
      </trkpt>
      <trkpt lat="46.50981042534113" lon="15.082941725850105">
        <ele>410.3999938964844</ele>
      </trkpt>
      <trkpt lat="46.509775724262" lon="15.082986736670136">
        <ele>410.3999938964844</ele>
      </trkpt>
      <trkpt lat="46.509741358458996" lon="15.0830318313092">
        <ele>410.6000061035156</ele>
      </trkpt>
      <trkpt lat="46.509707076475024" lon="15.083070723339915">
        <ele>410.6000061035156</ele>
      </trkpt>
      <trkpt lat="46.5096755605191" lon="15.083109363913536">
        <ele>410.79998779296875</ele>
      </trkpt>
      <trkpt lat="46.509649408981204" lon="15.083148842677474">
        <ele>410.79998779296875</ele>
      </trkpt>
      <trkpt lat="46.5096306335181" lon="15.08318924345076">
        <ele>411</ele>
      </trkpt>
      <trkpt lat="46.50961806066334" lon="15.083219921216369">
        <ele>411</ele>
      </trkpt>
      <trkpt lat="46.50960825383663" lon="15.083243642002344">
        <ele>411.20001220703125</ele>
      </trkpt>
      <trkpt lat="46.5095962677151" lon="15.083263423293829">
        <ele>411.20001220703125</ele>
      </trkpt>
      <trkpt lat="46.50957791134715" lon="15.083277085795999">
        <ele>411.3999938964844</ele>
      </trkpt>
      <trkpt lat="46.50955377146602" lon="15.083280438557267">
        <ele>411.3999938964844</ele>
      </trkpt>
      <trkpt lat="46.5095254406333" lon="15.083275996148586">
        <ele>411.3999938964844</ele>
      </trkpt>
      <trkpt lat="46.50949442759156" lon="15.083275074139237">
        <ele>411.3999938964844</ele>
      </trkpt>
      <trkpt lat="46.50946240872145" lon="15.083285886794329">
        <ele>411.3999938964844</ele>
      </trkpt>
      <trkpt lat="46.50942536070943" lon="15.083306171000004">
        <ele>411.3999938964844</ele>
      </trkpt>
      <trkpt lat="46.50939024053514" lon="15.08332947269082">
        <ele>411.3999938964844</ele>
      </trkpt>
      <trkpt lat="46.50935403071344" lon="15.08335436694324">
        <ele>411.3999938964844</ele>
      </trkpt>
      <trkpt lat="46.50931681506336" lon="15.083379512652755">
        <ele>411.3999938964844</ele>
      </trkpt>
      <trkpt lat="46.509277671575546" lon="15.083405245095491">
        <ele>411.3999938964844</ele>
      </trkpt>
      <trkpt lat="46.50923819281161" lon="15.083432486280799">
        <ele>411.3999938964844</ele>
      </trkpt>
      <trkpt lat="46.509196953848004" lon="15.083459140732884">
        <ele>411.3999938964844</ele>
      </trkpt>
      <trkpt lat="46.50915370322764" lon="15.08348235860467">
        <ele>411.3999938964844</ele>
      </trkpt>
      <trkpt lat="46.50911011733115" lon="15.083507085219026">
        <ele>411.6000061035156</ele>
      </trkpt>
      <trkpt lat="46.509066531434655" lon="15.083529129624367">
        <ele>411.6000061035156</ele>
      </trkpt>
      <trkpt lat="46.50902227498591" lon="15.083551174029708">
        <ele>411.6000061035156</ele>
      </trkpt>
      <trkpt lat="46.50897868908942" lon="15.083573050796986">
        <ele>411.6000061035156</ele>
      </trkpt>
      <trkpt lat="46.50893376208842" lon="15.083598028868437">
        <ele>411.6000061035156</ele>
      </trkpt>
      <trkpt lat="46.50888992473483" lon="15.083621330559254">
        <ele>411.6000061035156</ele>
      </trkpt>
      <trkpt lat="46.5088465064764" lon="15.083642285317183">
        <ele>411.6000061035156</ele>
      </trkpt>
      <trkpt lat="46.50880233384669" lon="15.083665419369936">
        <ele>411.6000061035156</ele>
      </trkpt>
      <trkpt lat="46.50875958614051" lon="15.083690900355577">
        <ele>411.79998779296875</ele>
      </trkpt>
      <trkpt lat="46.50871742516756" lon="15.083719734102488">
        <ele>411.79998779296875</ele>
      </trkpt>
      <trkpt lat="46.50867627002299" lon="15.083755105733871">
        <ele>411.79998779296875</ele>
      </trkpt>
      <trkpt lat="46.50863830000162" lon="15.083791483193636">
        <ele>412</ele>
      </trkpt>
      <trkpt lat="46.50860217399895" lon="15.083829034119844">
        <ele>412</ele>
      </trkpt>
      <trkpt lat="46.50856495834887" lon="15.083866752684116">
        <ele>412.20001220703125</ele>
      </trkpt>
      <trkpt lat="46.5085272397846" lon="15.083903213962913">
        <ele>412.20001220703125</ele>
      </trkpt>
      <trkpt lat="46.50849069468677" lon="15.08394269272685">
        <ele>412.20001220703125</ele>
      </trkpt>
      <trkpt lat="46.5084529761225" lon="15.083982339128852">
        <ele>412.20001220703125</ele>
      </trkpt>
      <trkpt lat="46.50841693393886" lon="15.08402332663536">
        <ele>412.3999938964844</ele>
      </trkpt>
      <trkpt lat="46.50838206522167" lon="15.084065571427345">
        <ele>412.3999938964844</ele>
      </trkpt>
      <trkpt lat="46.50834795087576" lon="15.084108989685774">
        <ele>412.3999938964844</ele>
      </trkpt>
      <trkpt lat="46.50831341743469" lon="15.084152240306139">
        <ele>412.3999938964844</ele>
      </trkpt>
      <trkpt lat="46.508279303088784" lon="15.084193143993616">
        <ele>412.6000061035156</ele>
      </trkpt>
      <trkpt lat="46.50824292562902" lon="15.084235975518823">
        <ele>412.6000061035156</ele>
      </trkpt>
      <trkpt lat="46.508205123245716" lon="15.084278304129839">
        <ele>412.79998779296875</ele>
      </trkpt>
      <trkpt lat="46.50817167945206" lon="15.084325326606631">
        <ele>413</ele>
      </trkpt>
      <trkpt lat="46.50813831947744" lon="15.084372516721487">
        <ele>413</ele>
      </trkpt>
      <trkpt lat="46.50809993036091" lon="15.084418030455709">
        <ele>413.20001220703125</ele>
      </trkpt>
      <trkpt lat="46.50806128978729" lon="15.084461448714137">
        <ele>413.20001220703125</ele>
      </trkpt>
      <trkpt lat="46.50802533142269" lon="15.084504028782248">
        <ele>413.20001220703125</ele>
      </trkpt>
      <trkpt lat="46.50799188762903" lon="15.084549207240343">
        <ele>413.20001220703125</ele>
      </trkpt>
      <trkpt lat="46.50795944966376" lon="15.084596062079072">
        <ele>413.20001220703125</ele>
      </trkpt>
      <trkpt lat="46.50792726315558" lon="15.084644677117467">
        <ele>413.20001220703125</ele>
      </trkpt>
      <trkpt lat="46.507892394438386" lon="15.084690609946847">
        <ele>413.20001220703125</ele>
      </trkpt>
      <trkpt lat="46.50785693898797" lon="15.084734112024307">
        <ele>413.20001220703125</ele>
      </trkpt>
      <trkpt lat="46.50782190263271" lon="15.08477870374918">
        <ele>413.20001220703125</ele>
      </trkpt>
      <trkpt lat="46.507787788286805" lon="15.084822876378894">
        <ele>413.20001220703125</ele>
      </trkpt>
      <trkpt lat="46.50775576941669" lon="15.084865959361196">
        <ele>413.3999938964844</ele>
      </trkpt>
      <trkpt lat="46.50772115215659" lon="15.084908874705434">
        <ele>413.3999938964844</ele>
      </trkpt>
      <trkpt lat="46.507688546553254" lon="15.084951454773545">
        <ele>413.6000061035156</ele>
      </trkpt>
      <trkpt lat="46.507653510198" lon="15.084996297955513">
        <ele>413.6000061035156</ele>
      </trkpt>
      <trkpt lat="46.507619647309184" lon="15.085038878023624">
        <ele>413.79998779296875</ele>
      </trkpt>
      <trkpt lat="46.50758360512555" lon="15.085078859701753">
        <ele>413.79998779296875</ele>
      </trkpt>
      <trkpt lat="46.50754915550351" lon="15.08512026630342">
        <ele>413.79998779296875</ele>
      </trkpt>
      <trkpt lat="46.50751386769116" lon="15.085158990696073">
        <ele>414</ele>
      </trkpt>
      <trkpt lat="46.507476987317204" lon="15.085202576592565">
        <ele>414</ele>
      </trkpt>
      <trkpt lat="46.507442872971296" lon="15.085246246308088">
        <ele>414</ele>
      </trkpt>
      <trkpt lat="46.50740741752088" lon="15.085286311805248">
        <ele>414</ele>
      </trkpt>
      <trkpt lat="46.50737062096596" lon="15.085325706750154">
        <ele>414</ele>
      </trkpt>
      <trkpt lat="46.50733466260135" lon="15.085368286818266">
        <ele>414</ele>
      </trkpt>
      <trkpt lat="46.50729987770319" lon="15.085408352315426">
        <ele>414</ele>
      </trkpt>
      <trkpt lat="46.507265008985996" lon="15.085450261831284">
        <ele>414</ele>
      </trkpt>
      <trkpt lat="46.5072301402688" lon="15.085488483309746">
        <ele>414</ele>
      </trkpt>
      <trkpt lat="46.507196528837085" lon="15.085528045892715">
        <ele>414</ele>
      </trkpt>
      <trkpt lat="46.50715780444443" lon="15.085568698123097">
        <ele>414.20001220703125</ele>
      </trkpt>
      <trkpt lat="46.50711916387081" lon="15.085607506334782">
        <ele>414.20001220703125</ele>
      </trkpt>
      <trkpt lat="46.50708287023008" lon="15.085645476356149">
        <ele>414.3999938964844</ele>
      </trkpt>
      <trkpt lat="46.5070422179997" lon="15.085679171606898">
        <ele>414.6000061035156</ele>
      </trkpt>
      <trkpt lat="46.50700164958835" lon="15.08570616133511">
        <ele>414.6000061035156</ele>
      </trkpt>
      <trkpt lat="46.506960494443774" lon="15.085723595693707">
        <ele>414.79998779296875</ele>
      </trkpt>
      <trkpt lat="46.50691917166114" lon="15.08573248051107">
        <ele>414.79998779296875</ele>
      </trkpt>
      <trkpt lat="46.50687918998301" lon="15.085735833272338">
        <ele>415</ele>
      </trkpt>
      <trkpt lat="46.5068485122174" lon="15.085749663412571">
        <ele>415</ele>
      </trkpt>
      <trkpt lat="46.506826132535934" lon="15.085781682282686">
        <ele>415</ele>
      </trkpt>
      <trkpt lat="46.506818840280175" lon="15.08582635782659">
        <ele>415</ele>
      </trkpt>
      <trkpt lat="46.506816325709224" lon="15.085871117189527">
        <ele>415.20001220703125</ele>
      </trkpt>
      <trkpt lat="46.50681708008051" lon="15.08591185323894">
        <ele>415.20001220703125</ele>
      </trkpt>
      <trkpt lat="46.506816828623414" lon="15.085949655622244">
        <ele>415.20001220703125</ele>
      </trkpt>
      <trkpt lat="46.506816912442446" lon="15.085989804938436">
        <ele>415.3999938964844</ele>
      </trkpt>
      <trkpt lat="46.506816912442446" lon="15.086032217368484">
        <ele>415.3999938964844</ele>
      </trkpt>
      <trkpt lat="46.506812470033765" lon="15.086081670597196">
        <ele>415.3999938964844</ele>
      </trkpt>
      <trkpt lat="46.506794868037105" lon="15.086128357797861">
        <ele>415.3999938964844</ele>
      </trkpt>
      <trkpt lat="46.5067641902715" lon="15.086163645610213">
        <ele>415.20001220703125</ele>
      </trkpt>
      <trkpt lat="46.50672856718302" lon="15.086185606196523">
        <ele>415.20001220703125</ele>
      </trkpt>
      <trkpt lat="46.50668959133327" lon="15.08620010688901">
        <ele>415</ele>
      </trkpt>
      <trkpt lat="46.506648855283856" lon="15.08621234446764">
        <ele>415</ele>
      </trkpt>
      <trkpt lat="46.50660887360573" lon="15.086222821846604">
        <ele>415</ele>
      </trkpt>
      <trkpt lat="46.50656805373728" lon="15.086233718320727">
        <ele>415</ele>
      </trkpt>
      <trkpt lat="46.5065292455256" lon="15.086243860423565">
        <ele>415.20001220703125</ele>
      </trkpt>
      <trkpt lat="46.50649127550423" lon="15.08625433780253">
        <ele>415.20001220703125</ele>
      </trkpt>
      <trkpt lat="46.50645196437836" lon="15.086265737190843">
        <ele>415.20001220703125</ele>
      </trkpt>
      <trkpt lat="46.50641156360507" lon="15.086277890950441">
        <ele>415.3999938964844</ele>
      </trkpt>
      <trkpt lat="46.506370743736625" lon="15.086293146014214">
        <ele>415.3999938964844</ele>
      </trkpt>
      <trkpt lat="46.50633151642978" lon="15.086309323087335">
        <ele>415.6000061035156</ele>
      </trkpt>
      <trkpt lat="46.50628751143813" lon="15.086323823779821">
        <ele>415.6000061035156</ele>
      </trkpt>
      <trkpt lat="46.506241327151656" lon="15.086336564272642">
        <ele>415.79998779296875</ele>
      </trkpt>
      <trkpt lat="46.50620033964515" lon="15.086346287280321">
        <ele>415.79998779296875</ele>
      </trkpt>
      <trkpt lat="46.50615558028221" lon="15.086355339735746">
        <ele>416</ele>
      </trkpt>
      <trkpt lat="46.50611291639507" lon="15.086364056915045">
        <ele>416</ele>
      </trkpt>
      <trkpt lat="46.506068324670196" lon="15.086373696103692">
        <ele>416.20001220703125</ele>
      </trkpt>
      <trkpt lat="46.50602716952562" lon="15.086380736902356">
        <ele>416.20001220703125</ele>
      </trkpt>
      <trkpt lat="46.50598249398172" lon="15.086391298100352">
        <ele>416.20001220703125</ele>
      </trkpt>
      <trkpt lat="46.50594309903681" lon="15.086405966430902">
        <ele>416.20001220703125</ele>
      </trkpt>
      <trkpt lat="46.505902698263526" lon="15.0864112470299">
        <ele>416.3999938964844</ele>
      </trkpt>
      <trkpt lat="46.50586028583348" lon="15.086413929238915">
        <ele>416.3999938964844</ele>
      </trkpt>
      <trkpt lat="46.50581795722246" lon="15.086418790742755">
        <ele>416.3999938964844</ele>
      </trkpt>
      <trkpt lat="46.50577571243048" lon="15.086420718580484">
        <ele>416.6000061035156</ele>
      </trkpt>
      <trkpt lat="46.505735479295254" lon="15.086423065513372">
        <ele>416.6000061035156</ele>
      </trkpt>
      <trkpt lat="46.50569222867489" lon="15.08642490953207">
        <ele>416.6000061035156</ele>
      </trkpt>
      <trkpt lat="46.50565266609192" lon="15.086431698873639">
        <ele>416.6000061035156</ele>
      </trkpt>
      <trkpt lat="46.50561369024217" lon="15.086441840976477">
        <ele>416.79998779296875</ele>
      </trkpt>
      <trkpt lat="46.50557463057339" lon="15.086455335840583">
        <ele>416.79998779296875</ele>
      </trkpt>
      <trkpt lat="46.50553557090461" lon="15.08647377602756">
        <ele>416.79998779296875</ele>
      </trkpt>
      <trkpt lat="46.50549634359777" lon="15.08649188093841">
        <ele>417</ele>
      </trkpt>
      <trkpt lat="46.50545443408191" lon="15.086507555097342">
        <ele>417</ele>
      </trkpt>
      <trkpt lat="46.50542392395437" lon="15.08652063086629">
        <ele>417.20001220703125</ele>
      </trkpt>
      <trkpt lat="46.50537991896272" lon="15.086541920900345">
        <ele>417.20001220703125</ele>
      </trkpt>
      <trkpt lat="46.50534345768392" lon="15.08655876852572">
        <ele>417.3999938964844</ele>
      </trkpt>
      <trkpt lat="46.50530590675771" lon="15.086574610322714">
        <ele>417.3999938964844</ele>
      </trkpt>
      <trkpt lat="46.50526994839311" lon="15.08658860810101">
        <ele>417.6000061035156</ele>
      </trkpt>
      <trkpt lat="46.50523575022817" lon="15.086602102965117">
        <ele>417.6000061035156</ele>
      </trkpt>
      <trkpt lat="46.50520180352032" lon="15.086614675819874">
        <ele>417.79998779296875</ele>
      </trkpt>
      <trkpt lat="46.50516794063151" lon="15.086627919226885">
        <ele>417.79998779296875</ele>
      </trkpt>
      <trkpt lat="46.5051356703043" lon="15.08664183318615">
        <ele>418</ele>
      </trkpt>
      <trkpt lat="46.50510532781482" lon="15.086656836792827">
        <ele>418</ele>
      </trkpt>
      <trkpt lat="46.505076829344034" lon="15.086675193160772">
        <ele>418.20001220703125</ele>
      </trkpt>
      <trkpt lat="46.505047995597124" lon="15.086701512336731">
        <ele>418.3999938964844</ele>
      </trkpt>
      <trkpt lat="46.50501798838377" lon="15.086732106283307">
        <ele>418.3999938964844</ele>
      </trkpt>
      <trkpt lat="46.504986053332686" lon="15.086757251992822">
        <ele>418.6000061035156</ele>
      </trkpt>
      <trkpt lat="46.50495185516775" lon="15.086783235892653">
        <ele>418.6000061035156</ele>
      </trkpt>
      <trkpt lat="46.50491740554571" lon="15.086813075467944">
        <ele>418.6000061035156</ele>
      </trkpt>
      <trkpt lat="46.50488220155239" lon="15.08684752508998">
        <ele>418.6000061035156</ele>
      </trkpt>
      <trkpt lat="46.504852613434196" lon="15.086882812902331">
        <ele>418.79998779296875</ele>
      </trkpt>
      <trkpt lat="46.50482503697276" lon="15.086919693276286">
        <ele>418.79998779296875</ele>
      </trkpt>
      <trkpt lat="46.50479268282652" lon="15.086955903097987">
        <ele>418.79998779296875</ele>
      </trkpt>
      <trkpt lat="46.50476016104221" lon="15.086990352720022">
        <ele>418.79998779296875</ele>
      </trkpt>
      <trkpt lat="46.50472344830632" lon="15.087025724351406">
        <ele>418.79998779296875</ele>
      </trkpt>
      <trkpt lat="46.50468958541751" lon="15.08706302382052">
        <ele>418.79998779296875</ele>
      </trkpt>
      <trkpt lat="46.50465739890933" lon="15.08710308931768">
        <ele>418.79998779296875</ele>
      </trkpt>
      <trkpt lat="46.50462370365858" lon="15.08714315481484">
        <ele>418.79998779296875</ele>
      </trkpt>
      <trkpt lat="46.504591600969434" lon="15.087186321616173">
        <ele>419</ele>
      </trkpt>
      <trkpt lat="46.504559833556414" lon="15.087229907512665">
        <ele>419</ele>
      </trkpt>
      <trkpt lat="46.50453074835241" lon="15.087274583056569">
        <ele>419</ele>
      </trkpt>
      <trkpt lat="46.50449948385358" lon="15.087316744029522">
        <ele>418.79998779296875</ele>
      </trkpt>
      <trkpt lat="46.50447023101151" lon="15.087361168116331">
        <ele>418.79998779296875</ele>
      </trkpt>
      <trkpt lat="46.50444273836911" lon="15.087408442050219">
        <ele>418.79998779296875</ele>
      </trkpt>
      <trkpt lat="46.504417173564434" lon="15.087452866137028">
        <ele>419</ele>
      </trkpt>
      <trkpt lat="46.50439253076911" lon="15.08749888278544">
        <ele>419</ele>
      </trkpt>
      <trkpt lat="46.504366379231215" lon="15.087546491995454">
        <ele>419</ele>
      </trkpt>
      <trkpt lat="46.50434081442654" lon="15.087594604119658">
        <ele>419.20001220703125</ele>
      </trkpt>
      <trkpt lat="46.504316003993154" lon="15.08764305151999">
        <ele>419.3999938964844</ele>
      </trkpt>
      <trkpt lat="46.50429337285459" lon="15.087686385959387">
        <ele>419.3999938964844</ele>
      </trkpt>
      <trkpt lat="46.50427049025893" lon="15.087726702913642">
        <ele>419.6000061035156</ele>
      </trkpt>
      <trkpt lat="46.50425070896745" lon="15.087763583287597">
        <ele>419.6000061035156</ele>
      </trkpt>
      <trkpt lat="46.50423277169466" lon="15.087799793109298">
        <ele>419.6000061035156</ele>
      </trkpt>
      <trkpt lat="46.504211481660604" lon="15.087834913283587">
        <ele>419.6000061035156</ele>
      </trkpt>
      <trkpt lat="46.50418893434107" lon="15.087867099791765">
        <ele>419.6000061035156</ele>
      </trkpt>
      <trkpt lat="46.50416890159249" lon="15.087894843891263">
        <ele>419.6000061035156</ele>
      </trkpt>
      <trkpt lat="46.504150377586484" lon="15.087925270199776">
        <ele>419.6000061035156</ele>
      </trkpt>
      <trkpt lat="46.50413101539016" lon="15.087956618517637">
        <ele>419.79998779296875</ele>
      </trkpt>
      <trkpt lat="46.50411198846996" lon="15.087989727035165">
        <ele>419.79998779296875</ele>
      </trkpt>
      <trkpt lat="46.50409455411136" lon="15.088016130030155">
        <ele>419.79998779296875</ele>
      </trkpt>
      <trkpt lat="46.504081981256604" lon="15.088043790310621">
        <ele>419.79998779296875</ele>
      </trkpt>
      <trkpt lat="46.50407359935343" lon="15.088075641542673">
        <ele>419.6000061035156</ele>
      </trkpt>
      <trkpt lat="46.50406379252672" lon="15.088103385642171">
        <ele>419.6000061035156</ele>
      </trkpt>
      <trkpt lat="46.504049291834235" lon="15.088126519694924">
        <ele>419.6000061035156</ele>
      </trkpt>
      <trkpt lat="46.50404015555978" lon="15.088151330128312">
        <ele>419.6000061035156</ele>
      </trkpt>
      <trkpt lat="46.50404409505427" lon="15.088183181360364">
        <ele>419.6000061035156</ele>
      </trkpt>
      <trkpt lat="46.504056667909026" lon="15.08821670897305">
        <ele>419.6000061035156</ele>
      </trkpt>
      <trkpt lat="46.50406773202121" lon="15.088256439194083">
        <ele>419.6000061035156</ele>
      </trkpt>
      <trkpt lat="46.504073180258274" lon="15.088300108909607">
        <ele>419.6000061035156</ele>
      </trkpt>
      <trkpt lat="46.50407485663891" lon="15.088344281539321">
        <ele>419.3999938964844</ele>
      </trkpt>
      <trkpt lat="46.50407058186829" lon="15.088382670655847">
        <ele>419.3999938964844</ele>
      </trkpt>
      <trkpt lat="46.504065468907356" lon="15.08841997012496">
        <ele>419.3999938964844</ele>
      </trkpt>
      <trkpt lat="46.504070246592164" lon="15.088455928489566">
        <ele>419.3999938964844</ele>
      </trkpt>
      <trkpt lat="46.50408768095076" lon="15.08848744444549">
        <ele>419.6000061035156</ele>
      </trkpt>
      <trkpt lat="46.504116682335734" lon="15.08851032704115">
        <ele>419.6000061035156</ele>
      </trkpt>
      <trkpt lat="46.50414668954909" lon="15.088518541306257">
        <ele>419.6000061035156</ele>
      </trkpt>
      <trkpt lat="46.50417703203857" lon="15.08850697427988">
        <ele>419.6000061035156</ele>
      </trkpt>
      <trkpt lat="46.50420896708965" lon="15.088488953188062">
        <ele>419.6000061035156</ele>
      </trkpt>
      <trkpt lat="46.504245176911354" lon="15.088479900732636">
        <ele>419.6000061035156</ele>
      </trkpt>
      <trkpt lat="46.50428247638047" lon="15.088484594598413">
        <ele>419.3999938964844</ele>
      </trkpt>
      <trkpt lat="46.504318015649915" lon="15.088504711166024">
        <ele>419.3999938964844</ele>
      </trkpt>
      <trkpt lat="46.504352716729045" lon="15.088536143302917">
        <ele>419.6000061035156</ele>
      </trkpt>
      <trkpt lat="46.504387836903334" lon="15.08857436478138">
        <ele>419.6000061035156</ele>
      </trkpt>
      <trkpt lat="46.504423627629876" lon="15.088614178821445">
        <ele>419.6000061035156</ele>
      </trkpt>
      <trkpt lat="46.50446084327996" lon="15.088654076680541">
        <ele>419.6000061035156</ele>
      </trkpt>
      <trkpt lat="46.504498394206166" lon="15.088692801073194">
        <ele>419.6000061035156</ele>
      </trkpt>
      <trkpt lat="46.50453217327595" lon="15.088732615113258">
        <ele>419.6000061035156</ele>
      </trkpt>
      <trkpt lat="46.50456394068897" lon="15.0887805595994">
        <ele>419.6000061035156</ele>
      </trkpt>
      <trkpt lat="46.50459671393037" lon="15.088824229314923">
        <ele>419.6000061035156</ele>
      </trkpt>
      <trkpt lat="46.50463426485658" lon="15.088858092203736">
        <ele>419.6000061035156</ele>
      </trkpt>
      <trkpt lat="46.50467240251601" lon="15.088890111073852">
        <ele>419.79998779296875</ele>
      </trkpt>
      <trkpt lat="46.504710372537374" lon="15.088926404714584">
        <ele>419.79998779296875</ele>
      </trkpt>
      <trkpt lat="46.504746582359076" lon="15.088965212926269">
        <ele>419.79998779296875</ele>
      </trkpt>
      <trkpt lat="46.504781283438206" lon="15.08900192566216">
        <ele>420</ele>
      </trkpt>
      <trkpt lat="46.50481606833637" lon="15.089038889855146">
        <ele>420</ele>
      </trkpt>
      <trkpt lat="46.504849595949054" lon="15.08907476440072">
        <ele>420.20001220703125</ele>
      </trkpt>
      <trkpt lat="46.50488211773336" lon="15.089108375832438">
        <ele>420.3999938964844</ele>
      </trkpt>
      <trkpt lat="46.504913214594126" lon="15.089144669473171">
        <ele>420.3999938964844</ele>
      </trkpt>
      <trkpt lat="46.50494464673102" lon="15.089182974770665">
        <ele>420.6000061035156</ele>
      </trkpt>
      <trkpt lat="46.50497591122985" lon="15.089219184592366">
        <ele>420.79998779296875</ele>
      </trkpt>
      <trkpt lat="46.50500675663352" lon="15.089254388585687">
        <ele>420.79998779296875</ele>
      </trkpt>
      <trkpt lat="46.50503617711365" lon="15.089289005845785">
        <ele>421</ele>
      </trkpt>
      <trkpt lat="46.50506727397442" lon="15.089321779087186">
        <ele>421.20001220703125</ele>
      </trkpt>
      <trkpt lat="46.505095856264234" lon="15.08935321122408">
        <ele>421.3999938964844</ele>
      </trkpt>
      <trkpt lat="46.505122762173414" lon="15.089387241750956">
        <ele>421.6000061035156</ele>
      </trkpt>
      <trkpt lat="46.50514463894069" lon="15.089424792677164">
        <ele>421.6000061035156</ele>
      </trkpt>
      <trkpt lat="46.505157966166735" lon="15.089467372745275">
        <ele>421.6000061035156</ele>
      </trkpt>
      <trkpt lat="46.505160899832845" lon="15.08951498195529">
        <ele>421.6000061035156</ele>
      </trkpt>
      <trkpt lat="46.50515235029161" lon="15.089564938098192">
        <ele>421.6000061035156</ele>
      </trkpt>
      <trkpt lat="46.505134077742696" lon="15.089611960574985">
        <ele>421.3999938964844</ele>
      </trkpt>
      <trkpt lat="46.505108177661896" lon="15.089656887575984">
        <ele>421.3999938964844</ele>
      </trkpt>
      <trkpt lat="46.505078338086605" lon="15.089701311662793">
        <ele>421.20001220703125</ele>
      </trkpt>
      <trkpt lat="46.50504489429295" lon="15.089740874245763">
        <ele>421.20001220703125</ele>
      </trkpt>
      <trkpt lat="46.50500910356641" lon="15.08978127501905">
        <ele>421.20001220703125</ele>
      </trkpt>
      <trkpt lat="46.50497348047793" lon="15.08982377126813">
        <ele>421.20001220703125</ele>
      </trkpt>
      <trkpt lat="46.50493542663753" lon="15.08986635133624">
        <ele>421.20001220703125</ele>
      </trkpt>
      <trkpt lat="46.504898462444544" lon="15.089903399348259">
        <ele>421.3999938964844</ele>
      </trkpt>
      <trkpt lat="46.50486158207059" lon="15.089936088770628">
        <ele>421.3999938964844</ele>
      </trkpt>
      <trkpt lat="46.50482336059213" lon="15.089962156489491">
        <ele>421.3999938964844</ele>
      </trkpt>
      <trkpt lat="46.50478731840849" lon="15.089984452351928">
        <ele>421.3999938964844</ele>
      </trkpt>
      <trkpt lat="46.504750438034534" lon="15.090003479272127">
        <ele>421.6000061035156</ele>
      </trkpt>
      <trkpt lat="46.504711378365755" lon="15.090019404888153">
        <ele>421.6000061035156</ele>
      </trkpt>
      <trkpt lat="46.50467399507761" lon="15.09002854116261">
        <ele>421.6000061035156</ele>
      </trkpt>
      <trkpt lat="46.504639545455575" lon="15.09003583341837">
        <ele>421.6000061035156</ele>
      </trkpt>
      <trkpt lat="46.50460668839514" lon="15.09004714898765">
        <ele>421.6000061035156</ele>
      </trkpt>
      <trkpt lat="46.50457282550633" lon="15.09006131440401">
        <ele>421.6000061035156</ele>
      </trkpt>
      <trkpt lat="46.50453904643655" lon="15.090080676600337">
        <ele>421.79998779296875</ele>
      </trkpt>
      <trkpt lat="46.50450359098613" lon="15.090102385729551">
        <ele>421.79998779296875</ele>
      </trkpt>
      <trkpt lat="46.50446637533605" lon="15.090125352144241">
        <ele>421.79998779296875</ele>
      </trkpt>
      <trkpt lat="46.5044258069247" lon="15.090148067101836">
        <ele>421.79998779296875</ele>
      </trkpt>
      <trkpt lat="46.50438632816076" lon="15.090170782059431">
        <ele>421.79998779296875</ele>
      </trkpt>
      <trkpt lat="46.504348777234554" lon="15.09019324555993">
        <ele>421.79998779296875</ele>
      </trkpt>
      <trkpt lat="46.50430946610868" lon="15.090217050164938">
        <ele>421.79998779296875</ele>
      </trkpt>
      <trkpt lat="46.504268646240234" lon="15.090240435674787">
        <ele>421.79998779296875</ele>
      </trkpt>
      <trkpt lat="46.504225647076964" lon="15.090261558070779">
        <ele>421.79998779296875</ele>
      </trkpt>
      <trkpt lat="46.50418248027563" lon="15.090285865589976">
        <ele>421.79998779296875</ele>
      </trkpt>
      <trkpt lat="46.50414224714041" lon="15.09030899964273">
        <ele>421.79998779296875</ele>
      </trkpt>
      <trkpt lat="46.50410712696612" lon="15.090329870581627">
        <ele>422</ele>
      </trkpt>
      <trkpt lat="46.504073180258274" lon="15.090352166444063">
        <ele>422</ele>
      </trkpt>
      <trkpt lat="46.50403990410268" lon="15.090376641601324">
        <ele>422.20001220703125</ele>
      </trkpt>
      <trkpt lat="46.50400863960385" lon="15.090410420671105">
        <ele>422.3999938964844</ele>
      </trkpt>
      <trkpt lat="46.50398156605661" lon="15.090451491996646">
        <ele>422.3999938964844</ele>
      </trkpt>
      <trkpt lat="46.50395725853741" lon="15.090495748445392">
        <ele>422.6000061035156</ele>
      </trkpt>
      <trkpt lat="46.503933956846595" lon="15.090541429817677">
        <ele>422.6000061035156</ele>
      </trkpt>
      <trkpt lat="46.503909062594175" lon="15.090584764257073">
        <ele>422.6000061035156</ele>
      </trkpt>
      <trkpt lat="46.50388634763658" lon="15.090630864724517">
        <ele>422.6000061035156</ele>
      </trkpt>
      <trkpt lat="46.503864135593176" lon="15.090677216649055">
        <ele>422.6000061035156</ele>
      </trkpt>
      <trkpt lat="46.50383798405528" lon="15.090723317116499">
        <ele>422.79998779296875</ele>
      </trkpt>
      <trkpt lat="46.50381124578416" lon="15.090768495574594">
        <ele>422.79998779296875</ele>
      </trkpt>
      <trkpt lat="46.503785848617554" lon="15.090815853327513">
        <ele>422.79998779296875</ele>
      </trkpt>
      <trkpt lat="46.50375894270837" lon="15.090856924653053">
        <ele>422.79998779296875</ele>
      </trkpt>
      <trkpt lat="46.50372692383826" lon="15.09087192825973">
        <ele>423</ele>
      </trkpt>
      <trkpt lat="46.50369641371071" lon="15.090855583548546">
        <ele>423</ele>
      </trkpt>
      <trkpt lat="46.503670597448945" lon="15.090829180553555">
        <ele>423.20001220703125</ele>
      </trkpt>
      <trkpt lat="46.50364503264427" lon="15.090815601870418">
        <ele>423.20001220703125</ele>
      </trkpt>
      <trkpt lat="46.50361846201122" lon="15.090829348191619">
        <ele>423.3999938964844</ele>
      </trkpt>
      <trkpt lat="46.50359272956848" lon="15.090863043442369">
        <ele>423.3999938964844</ele>
      </trkpt>
      <trkpt lat="46.50356666184962" lon="15.090902941301465">
        <ele>423.3999938964844</ele>
      </trkpt>
      <trkpt lat="46.50354394689202" lon="15.090949041768909">
        <ele>423.3999938964844</ele>
      </trkpt>
      <trkpt lat="46.503523075953126" lon="15.090996399521828">
        <ele>423.3999938964844</ele>
      </trkpt>
      <trkpt lat="46.50350128300488" lon="15.091045266017318">
        <ele>423.3999938964844</ele>
      </trkpt>
      <trkpt lat="46.50347848422825" lon="15.09108985774219">
        <ele>423.3999938964844</ele>
      </trkpt>
      <trkpt lat="46.50345585308969" lon="15.091132521629333">
        <ele>423.3999938964844</ele>
      </trkpt>
      <trkpt lat="46.503433557227254" lon="15.091171832755208">
        <ele>423.6000061035156</ele>
      </trkpt>
      <trkpt lat="46.5034122671932" lon="15.091207874938846">
        <ele>423.6000061035156</ele>
      </trkpt>
      <trkpt lat="46.50339198298752" lon="15.091240229085088">
        <ele>423.6000061035156</ele>
      </trkpt>
      <trkpt lat="46.503371028229594" lon="15.091276271268725">
        <ele>423.79998779296875</ele>
      </trkpt>
      <trkpt lat="46.50335669517517" lon="15.091306194663048">
        <ele>423.79998779296875</ele>
      </trkpt>
      <trkpt lat="46.50332978926599" lon="15.091355983167887">
        <ele>424</ele>
      </trkpt>
      <trkpt lat="46.503310510888696" lon="15.091393198817968">
        <ele>424</ele>
      </trkpt>
      <trkpt lat="46.50329165160656" lon="15.091428067535162">
        <ele>424.20001220703125</ele>
      </trkpt>
      <trkpt lat="46.50327195413411" lon="15.091465534642339">
        <ele>424.20001220703125</ele>
      </trkpt>
      <trkpt lat="46.50325544178486" lon="15.09150275029242">
        <ele>424.3999938964844</ele>
      </trkpt>
      <trkpt lat="46.50325225666165" lon="15.091546084731817">
        <ele>424.3999938964844</ele>
      </trkpt>
      <trkpt lat="46.503266002982855" lon="15.09158380329609">
        <ele>424.6000061035156</ele>
      </trkpt>
      <trkpt lat="46.503289975225925" lon="15.091618001461029">
        <ele>424.6000061035156</ele>
      </trkpt>
      <trkpt lat="46.503313947468996" lon="15.09164934977889">
        <ele>424.79998779296875</ele>
      </trkpt>
      <trkpt lat="46.50333859026432" lon="15.091681452468038">
        <ele>425</ele>
      </trkpt>
      <trkpt lat="46.5033636521548" lon="15.091711627319455">
        <ele>425.20001220703125</ele>
      </trkpt>
      <trkpt lat="46.503387624397874" lon="15.091737946495414">
        <ele>425.3999938964844</ele>
      </trkpt>
      <trkpt lat="46.50340958498418" lon="15.09176367893815">
        <ele>425.6000061035156</ele>
      </trkpt>
      <trkpt lat="46.50343196466565" lon="15.091789914295077">
        <ele>425.6000061035156</ele>
      </trkpt>
      <trkpt lat="46.50345258414745" lon="15.091814054176211">
        <ele>425.79998779296875</ele>
      </trkpt>
      <trkpt lat="46.50347295217216" lon="15.091836098581553">
        <ele>426</ele>
      </trkpt>
      <trkpt lat="46.503493152558804" lon="15.091857388615608">
        <ele>426</ele>
      </trkpt>
      <trkpt lat="46.50351310148835" lon="15.091878594830632">
        <ele>426.20001220703125</ele>
      </trkpt>
      <trkpt lat="46.50352902710438" lon="15.091901645064354">
        <ele>426.20001220703125</ele>
      </trkpt>
      <trkpt lat="46.50354394689202" lon="15.091924527660012">
        <ele>426.20001220703125</ele>
      </trkpt>
      <trkpt lat="46.50355568155646" lon="15.09194883517921">
        <ele>426.20001220703125</ele>
      </trkpt>
      <trkpt lat="46.50356641039252" lon="15.091970963403583">
        <ele>426.20001220703125</ele>
      </trkpt>
      <trkpt lat="46.503574792295694" lon="15.091991079971194">
        <ele>426.20001220703125</ele>
      </trkpt>
      <trkpt lat="46.503579234704375" lon="15.09200256317854">
        <ele>426.20001220703125</ele>
      </trkpt>
      <trkpt lat="46.503579234704375" lon="15.09200256317854">
        <ele>426.20001220703125</ele>
      </trkpt>
      <trkpt lat="46.503579234704375" lon="15.09200256317854">
        <ele>426.3999938964844</ele>
      </trkpt>
      <trkpt lat="46.50360454805195" lon="15.092028714716434">
        <ele>426.3999938964844</ele>
      </trkpt>
      <trkpt lat="46.5036229044199" lon="15.092051513493061">
        <ele>426.3999938964844</ele>
      </trkpt>
      <trkpt lat="46.503646625205874" lon="15.092080514878035">
        <ele>426.3999938964844</ele>
      </trkpt>
      <trkpt lat="46.50367001071572" lon="15.092105828225613">
        <ele>426.3999938964844</ele>
      </trkpt>
      <trkpt lat="46.50369037874043" lon="15.09213357232511">
        <ele>426.3999938964844</ele>
      </trkpt>
      <trkpt lat="46.503695072606206" lon="15.092169279232621">
        <ele>426.20001220703125</ele>
      </trkpt>
      <trkpt lat="46.50368199683726" lon="15.092201633378863">
        <ele>426.20001220703125</ele>
      </trkpt>
      <trkpt lat="46.50366464629769" lon="15.09222635999322">
        <ele>426.20001220703125</ele>
      </trkpt>
      <trkpt lat="46.50364151224494" lon="15.09225133806467">
        <ele>426.20001220703125</ele>
      </trkpt>
      <trkpt lat="46.5036247484386" lon="15.09227178990841">
        <ele>426</ele>
      </trkpt>
      <trkpt lat="46.503611924126744" lon="15.092295594513416">
        <ele>426.20001220703125</ele>
      </trkpt>
      <trkpt lat="46.503602201119065" lon="15.092318393290043">
        <ele>426.20001220703125</ele>
      </trkpt>
      <trkpt lat="46.50359448976815" lon="15.09234068915248">
        <ele>426.20001220703125</ele>
      </trkpt>
      <trkpt lat="46.50358862243593" lon="15.092364829033613">
        <ele>426.20001220703125</ele>
      </trkpt>
      <trkpt lat="46.503581246361136" lon="15.092392656952143">
        <ele>426.20001220703125</ele>
      </trkpt>
      <trkpt lat="46.50356783531606" lon="15.092420652508736">
        <ele>426.3999938964844</ele>
      </trkpt>
      <trkpt lat="46.503554256632924" lon="15.092452336102724">
        <ele>426.3999938964844</ele>
      </trkpt>
      <trkpt lat="46.50353732518852" lon="15.092487121000886">
        <ele>426.3999938964844</ele>
      </trkpt>
      <trkpt lat="46.503521986305714" lon="15.092527521774173">
        <ele>426.3999938964844</ele>
      </trkpt>
      <trkpt lat="46.50350807234645" lon="15.092570018023252">
        <ele>426.3999938964844</ele>
      </trkpt>
      <trkpt lat="46.50349214673042" lon="15.092614190652966">
        <ele>426.3999938964844</ele>
      </trkpt>
      <trkpt lat="46.503475634381175" lon="15.092660123482347">
        <ele>426.3999938964844</ele>
      </trkpt>
      <trkpt lat="46.50346616283059" lon="15.092709828168154">
        <ele>426.3999938964844</ele>
      </trkpt>
      <trkpt lat="46.50345727801323" lon="15.09276389144361">
        <ele>426.3999938964844</ele>
      </trkpt>
      <trkpt lat="46.50344939902425" lon="15.092817787081003">
        <ele>426.3999938964844</ele>
      </trkpt>
      <trkpt lat="46.50343867018819" lon="15.092870844528079">
        <ele>426.6000061035156</ele>
      </trkpt>
      <trkpt lat="46.50342995300889" lon="15.092922141775489">
        <ele>426.6000061035156</ele>
      </trkpt>
      <trkpt lat="46.50342148728669" lon="15.09296908043325">
        <ele>426.79998779296875</ele>
      </trkpt>
      <trkpt lat="46.50340447202325" lon="15.093010738492012">
        <ele>427</ele>
      </trkpt>
      <trkpt lat="46.503381840884686" lon="15.09303848259151">
        <ele>427.20001220703125</ele>
      </trkpt>
      <trkpt lat="46.503356359899044" lon="15.093052564188838">
        <ele>427.3999938964844</ele>
      </trkpt>
      <trkpt lat="46.50332727469504" lon="15.0930614490062">
        <ele>427.6000061035156</ele>
      </trkpt>
      <trkpt lat="46.50329592637718" lon="15.093067148700356">
        <ele>427.6000061035156</ele>
      </trkpt>
      <trkpt lat="46.503261560574174" lon="15.093073435127735">
        <ele>427.3999938964844</ele>
      </trkpt>
      <trkpt lat="46.50322602130473" lon="15.093083325773478">
        <ele>427.6000061035156</ele>
      </trkpt>
      <trkpt lat="46.503190733492374" lon="15.09309615008533">
        <ele>427.3999938964844</ele>
      </trkpt>
      <trkpt lat="46.50315636768937" lon="15.093120038509369">
        <ele>427.3999938964844</ele>
      </trkpt>
      <trkpt lat="46.503123342990875" lon="15.093153649941087">
        <ele>427.20001220703125</ele>
      </trkpt>
      <trkpt lat="46.503096520900726" lon="15.093201594427228">
        <ele>427.20001220703125</ele>
      </trkpt>
      <trkpt lat="46.50306584313512" lon="15.09325540624559">
        <ele>426.79998779296875</ele>
      </trkpt>
      <trkpt lat="46.50303374044597" lon="15.093319024890661">
        <ele>426.6000061035156</ele>
      </trkpt>
      <trkpt lat="46.502998787909746" lon="15.093390606343746">
        <ele>426.20001220703125</ele>
      </trkpt>
      <trkpt lat="46.50296090170741" lon="15.093462858349085">
        <ele>426</ele>
      </trkpt>
      <trkpt lat="46.50291396304965" lon="15.093529745936394">
        <ele>425.6000061035156</ele>
      </trkpt>
      <trkpt lat="46.50286258198321" lon="15.093588586896658">
        <ele>425.3999938964844</ele>
      </trkpt>
      <trkpt lat="46.50281145237386" lon="15.093642733991146">
        <ele>425.3999938964844</ele>
      </trkpt>
      <trkpt lat="46.50276183150709" lon="15.09369327686727">
        <ele>425.3999938964844</ele>
      </trkpt>
      <trkpt lat="46.502708522602916" lon="15.09374407120049">
        <ele>425.3999938964844</ele>
      </trkpt>
      <trkpt lat="46.5026556327939" lon="15.093793189153075">
        <ele>425.3999938964844</ele>
      </trkpt>
      <trkpt lat="46.50260508991778" lon="15.093842474743724">
        <ele>425.3999938964844</ele>
      </trkpt>
      <trkpt lat="46.5025538764894" lon="15.093887569382787">
        <ele>425.20001220703125</ele>
      </trkpt>
      <trkpt lat="46.50250433944166" lon="15.09392922744155">
        <ele>425.20001220703125</ele>
      </trkpt>
      <trkpt lat="46.50245178490877" lon="15.09396392852068">
        <ele>425</ele>
      </trkpt>
      <trkpt lat="46.50239990092814" lon="15.093995863571763">
        <ele>425</ele>
      </trkpt>
      <trkpt lat="46.50234701111913" lon="15.094029307365417">
        <ele>425.20001220703125</ele>
      </trkpt>
      <trkpt lat="46.502295546233654" lon="15.094061577692628">
        <ele>425.3999938964844</ele>
      </trkpt>
      <trkpt lat="46.50224248878658" lon="15.09409250691533">
        <ele>425.6000061035156</ele>
      </trkpt>
      <trkpt lat="46.50218817405403" lon="15.094120753929019">
        <ele>425.6000061035156</ele>
      </trkpt>
      <trkpt lat="46.50213511660695" lon="15.094151012599468">
        <ele>425.6000061035156</ele>
      </trkpt>
      <trkpt lat="46.50208197534084" lon="15.09418529458344">
        <ele>425.6000061035156</ele>
      </trkpt>
      <trkpt lat="46.502028834074736" lon="15.094223348423839">
        <ele>425.6000061035156</ele>
      </trkpt>
      <trkpt lat="46.501977536827326" lon="15.094266850501299">
        <ele>425.6000061035156</ele>
      </trkpt>
      <trkpt lat="46.50193076580763" lon="15.094314543530345">
        <ele>425.6000061035156</ele>
      </trkpt>
      <trkpt lat="46.50188500061631" lon="15.094364248216152">
        <ele>425.79998779296875</ele>
      </trkpt>
      <trkpt lat="46.501833954826" lon="15.094399619847536">
        <ele>425.79998779296875</ele>
      </trkpt>
      <trkpt lat="46.501777628436685" lon="15.094409007579088">
        <ele>425.79998779296875</ele>
      </trkpt>
      <trkpt lat="46.501720547676086" lon="15.09439928457141">
        <ele>425.79998779296875</ele>
      </trkpt>
      <trkpt lat="46.50166204199195" lon="15.094389226287603">
        <ele>425.79998779296875</ele>
      </trkpt>
      <trkpt lat="46.50160336866975" lon="15.094389310106635">
        <ele>425.79998779296875</ele>
      </trkpt>
      <trkpt lat="46.501542683690786" lon="15.094395764172077">
        <ele>425.6000061035156</ele>
      </trkpt>
      <trkpt lat="46.50148216634989" lon="15.094407750293612">
        <ele>425.6000061035156</ele>
      </trkpt>
      <trkpt lat="46.501421397551894" lon="15.094421412795782">
        <ele>425.6000061035156</ele>
      </trkpt>
      <trkpt lat="46.50136121548712" lon="15.094434572383761">
        <ele>425.79998779296875</ele>
      </trkpt>
      <trkpt lat="46.50129675865173" lon="15.094451000913978">
        <ele>425.79998779296875</ele>
      </trkpt>
      <trkpt lat="46.50123540312052" lon="15.094468770548701">
        <ele>426</ele>
      </trkpt>
      <trkpt lat="46.50117580778897" lon="15.094483522698283">
        <ele>426</ele>
      </trkpt>
      <trkpt lat="46.501115541905165" lon="15.094496682286263">
        <ele>426</ele>
      </trkpt>
      <trkpt lat="46.501054437831044" lon="15.094508584588766">
        <ele>426</ele>
      </trkpt>
      <trkpt lat="46.50099542923272" lon="15.09452342055738">
        <ele>426.20001220703125</ele>
      </trkpt>
      <trkpt lat="46.500935750082135" lon="15.094537837430835">
        <ele>426.3999938964844</ele>
      </trkpt>
      <trkpt lat="46.50087791495025" lon="15.09454881772399">
        <ele>426.3999938964844</ele>
      </trkpt>
      <trkpt lat="46.50081974454224" lon="15.094555271789432">
        <ele>426.3999938964844</ele>
      </trkpt>
      <trkpt lat="46.500760819762945" lon="15.094561222940683">
        <ele>426.3999938964844</ele>
      </trkpt>
      <trkpt lat="46.50070474483073" lon="15.094570694491267">
        <ele>426.3999938964844</ele>
      </trkpt>
      <trkpt lat="46.500650933012366" lon="15.094579327851534">
        <ele>426.3999938964844</ele>
      </trkpt>
      <trkpt lat="46.50059846229851" lon="15.094589637592435">
        <ele>426.3999938964844</ele>
      </trkpt>
      <trkpt lat="46.50054574012756" lon="15.094599863514304">
        <ele>426.3999938964844</ele>
      </trkpt>
      <trkpt lat="46.50049393996596" lon="15.094610089436173">
        <ele>426.6000061035156</ele>
      </trkpt>
      <trkpt lat="46.500442223623395" lon="15.094619393348694">
        <ele>426.6000061035156</ele>
      </trkpt>
      <trkpt lat="46.500391345471144" lon="15.094631211832166">
        <ele>426.6000061035156</ele>
      </trkpt>
      <trkpt lat="46.50034323334694" lon="15.094644287601113">
        <ele>426.79998779296875</ele>
      </trkpt>
      <trkpt lat="46.500294702127576" lon="15.09465585462749">
        <ele>426.79998779296875</ele>
      </trkpt>
      <trkpt lat="46.50024759583175" lon="15.094668678939342">
        <ele>427</ele>
      </trkpt>
      <trkpt lat="46.50020149536431" lon="15.094683263450861">
        <ele>427.20001220703125</ele>
      </trkpt>
      <trkpt lat="46.5001570712775" lon="15.09469935670495">
        <ele>427.20001220703125</ele>
      </trkpt>
      <trkpt lat="46.500112395733595" lon="15.094712851569057">
        <ele>427.3999938964844</ele>
      </trkpt>
      <trkpt lat="46.50006704963744" lon="15.094727938994765">
        <ele>427.3999938964844</ele>
      </trkpt>
      <trkpt lat="46.500022960826755" lon="15.094744870439172">
        <ele>427.6000061035156</ele>
      </trkpt>
      <trkpt lat="46.49997971020639" lon="15.094758281484246">
        <ele>427.6000061035156</ele>
      </trkpt>
      <trkpt lat="46.49993830360472" lon="15.094771273434162">
        <ele>427.79998779296875</ele>
      </trkpt>
      <trkpt lat="46.4998978190124" lon="15.09478627704084">
        <ele>428</ele>
      </trkpt>
      <trkpt lat="46.499858759343624" lon="15.094804130494595">
        <ele>428</ele>
      </trkpt>
      <trkpt lat="46.499820705503225" lon="15.094821648672223">
        <ele>428.20001220703125</ele>
      </trkpt>
      <trkpt lat="46.49978281930089" lon="15.094840005040169">
        <ele>428.3999938964844</ele>
      </trkpt>
      <trkpt lat="46.4997458551079" lon="15.094855092465878">
        <ele>428.6000061035156</ele>
      </trkpt>
      <trkpt lat="46.49971048347652" lon="15.094871437177062">
        <ele>428.79998779296875</ele>
      </trkpt>
      <trkpt lat="46.49967620149255" lon="15.094889290630817">
        <ele>428.79998779296875</ele>
      </trkpt>
      <trkpt lat="46.499640829861164" lon="15.094907646998763">
        <ele>429</ele>
      </trkpt>
      <trkpt lat="46.49960579350591" lon="15.094927763566375">
        <ele>429.20001220703125</ele>
      </trkpt>
      <trkpt lat="46.49957058951259" lon="15.094949891790748">
        <ele>429.20001220703125</ele>
      </trkpt>
      <trkpt lat="46.499535385519266" lon="15.094972690567374">
        <ele>429.20001220703125</ele>
      </trkpt>
      <trkpt lat="46.499500600621104" lon="15.094995489344">
        <ele>429.3999938964844</ele>
      </trkpt>
      <trkpt lat="46.49946606718004" lon="15.095019210129976">
        <ele>429.3999938964844</ele>
      </trkpt>
      <trkpt lat="46.49943094700575" lon="15.095042763277888">
        <ele>429.3999938964844</ele>
      </trkpt>
      <trkpt lat="46.49939683265984" lon="15.095063466578722">
        <ele>429.3999938964844</ele>
      </trkpt>
      <trkpt lat="46.49936204776168" lon="15.095082744956017">
        <ele>429.6000061035156</ele>
      </trkpt>
      <trkpt lat="46.499325167387724" lon="15.095102610066533">
        <ele>429.6000061035156</ele>
      </trkpt>
      <trkpt lat="46.49928929284215" lon="15.095124235376716">
        <ele>429.6000061035156</ele>
      </trkpt>
      <trkpt lat="46.49925165809691" lon="15.095149464905262">
        <ele>429.6000061035156</ele>
      </trkpt>
      <trkpt lat="46.49921494536102" lon="15.095174526795745">
        <ele>429.79998779296875</ele>
      </trkpt>
      <trkpt lat="46.49917898699641" lon="15.095198666676879">
        <ele>429.79998779296875</ele>
      </trkpt>
      <trkpt lat="46.49914520792663" lon="15.095222722738981">
        <ele>429.79998779296875</ele>
      </trkpt>
      <trkpt lat="46.49911134503782" lon="15.095250718295574">
        <ele>429.79998779296875</ele>
      </trkpt>
      <trkpt lat="46.49907731451094" lon="15.095280725508928">
        <ele>430</ele>
      </trkpt>
      <trkpt lat="46.49904320016503" lon="15.0953115709126">
        <ele>430</ele>
      </trkpt>
      <trkpt lat="46.49900975637138" lon="15.095341745764017">
        <ele>430.20001220703125</ele>
      </trkpt>
      <trkpt lat="46.49897522293031" lon="15.09537317790091">
        <ele>430.20001220703125</ele>
      </trkpt>
      <trkpt lat="46.4989397674799" lon="15.095402430742979">
        <ele>430.3999938964844</ele>
      </trkpt>
      <trkpt lat="46.49890431202948" lon="15.095433611422777">
        <ele>430.3999938964844</ele>
      </trkpt>
      <trkpt lat="46.498870365321636" lon="15.095468144863844">
        <ele>430.3999938964844</ele>
      </trkpt>
      <trkpt lat="46.49883633479476" lon="15.095500582829118">
        <ele>430.3999938964844</ele>
      </trkpt>
      <trkpt lat="46.498801382258534" lon="15.095534780994058">
        <ele>430.3999938964844</ele>
      </trkpt>
      <trkpt lat="46.49876710027456" lon="15.09556906297803">
        <ele>430.6000061035156</ele>
      </trkpt>
      <trkpt lat="46.49873273447156" lon="15.09560426697135">
        <ele>430.6000061035156</ele>
      </trkpt>
      <trkpt lat="46.498699542135" lon="15.095640057697892">
        <ele>430.6000061035156</ele>
      </trkpt>
      <trkpt lat="46.498668529093266" lon="15.095676854252815">
        <ele>430.79998779296875</ele>
      </trkpt>
      <trkpt lat="46.49863617494702" lon="15.095713902264833">
        <ele>430.79998779296875</ele>
      </trkpt>
      <trkpt lat="46.4986028149724" lon="15.095751117914915">
        <ele>430.79998779296875</ele>
      </trkpt>
      <trkpt lat="46.49856995791197" lon="15.095790261402726">
        <ele>430.79998779296875</ele>
      </trkpt>
      <trkpt lat="46.49853643029928" lon="15.095829656347632">
        <ele>430.79998779296875</ele>
      </trkpt>
      <trkpt lat="46.49850516580045" lon="15.095870979130268">
        <ele>431</ele>
      </trkpt>
      <trkpt lat="46.498474068939686" lon="15.095911296084523">
        <ele>431</ele>
      </trkpt>
      <trkpt lat="46.49844087660313" lon="15.095952870324254">
        <ele>431</ele>
      </trkpt>
      <trkpt lat="46.49840986356139" lon="15.095993103459477">
        <ele>431</ele>
      </trkpt>
      <trkpt lat="46.49837994016707" lon="15.096035599708557">
        <ele>431</ele>
      </trkpt>
      <trkpt lat="46.49835018441081" lon="15.096080107614398">
        <ele>431</ele>
      </trkpt>
      <trkpt lat="46.498321602120996" lon="15.09612562134862">
        <ele>431</ele>
      </trkpt>
      <trkpt lat="46.49829461239278" lon="15.096169961616397">
        <ele>431.20001220703125</ele>
      </trkpt>
      <trkpt lat="46.49826619774103" lon="15.096215894445777">
        <ele>431.20001220703125</ele>
      </trkpt>
      <trkpt lat="46.498239040374756" lon="15.096262078732252">
        <ele>431.20001220703125</ele>
      </trkpt>
      <trkpt lat="46.49820861406624" lon="15.096304574981332">
        <ele>431.20001220703125</ele>
      </trkpt>
      <trkpt lat="46.49817877449095" lon="15.09635092690587">
        <ele>431.3999938964844</ele>
      </trkpt>
      <trkpt lat="46.4981485158205" lon="15.096397614106536">
        <ele>431.3999938964844</ele>
      </trkpt>
      <trkpt lat="46.49811842478812" lon="15.096443044021726">
        <ele>431.3999938964844</ele>
      </trkpt>
      <trkpt lat="46.498089004307985" lon="15.096486546099186">
        <ele>431.6000061035156</ele>
      </trkpt>
      <trkpt lat="46.498060673475266" lon="15.096530634909868">
        <ele>431.6000061035156</ele>
      </trkpt>
      <trkpt lat="46.498030330985785" lon="15.096572376787663">
        <ele>431.6000061035156</ele>
      </trkpt>
      <trkpt lat="46.49799948558211" lon="15.096615459769964">
        <ele>431.79998779296875</ele>
      </trkpt>
      <trkpt lat="46.49797199293971" lon="15.096660973504186">
        <ele>431.79998779296875</ele>
      </trkpt>
      <trkpt lat="46.49794374592602" lon="15.096706990152597">
        <ele>431.79998779296875</ele>
      </trkpt>
      <trkpt lat="46.49791466072202" lon="15.096752755343914">
        <ele>431.79998779296875</ele>
      </trkpt>
      <trkpt lat="46.497883815318346" lon="15.096798185259104">
        <ele>431.79998779296875</ele>
      </trkpt>
      <trkpt lat="46.497854478657246" lon="15.096843782812357">
        <ele>431.79998779296875</ele>
      </trkpt>
      <trkpt lat="46.49782472290099" lon="15.0968898832798">
        <ele>431.79998779296875</ele>
      </trkpt>
      <trkpt lat="46.49779572151601" lon="15.096936821937561">
        <ele>432</ele>
      </trkpt>
      <trkpt lat="46.497765043750405" lon="15.096984514966607">
        <ele>432</ele>
      </trkpt>
      <trkpt lat="46.49773587472737" lon="15.097030950710177">
        <ele>432</ele>
      </trkpt>
      <trkpt lat="46.49770712479949" lon="15.097076883539557">
        <ele>432.20001220703125</ele>
      </trkpt>
      <trkpt lat="46.4976772852242" lon="15.097122816368937">
        <ele>432.20001220703125</ele>
      </trkpt>
      <trkpt lat="46.497648200020194" lon="15.097167827188969">
        <ele>432.20001220703125</ele>
      </trkpt>
      <trkpt lat="46.497619869187474" lon="15.097212586551905">
        <ele>432.20001220703125</ele>
      </trkpt>
      <trkpt lat="46.497592041268945" lon="15.097257178276777">
        <ele>432.20001220703125</ele>
      </trkpt>
      <trkpt lat="46.49756345897913" lon="15.097301350906491">
        <ele>432.20001220703125</ele>
      </trkpt>
      <trkpt lat="46.49753655306995" lon="15.097345439717174">
        <ele>432.3999938964844</ele>
      </trkpt>
      <trkpt lat="46.4975097309798" lon="15.097389193251729">
        <ele>432.6000061035156</ele>
      </trkpt>
      <trkpt lat="46.49747997522354" lon="15.097434120252728">
        <ele>432.79998779296875</ele>
      </trkpt>
      <trkpt lat="46.4974510576576" lon="15.097480975091457">
        <ele>433</ele>
      </trkpt>
      <trkpt lat="46.497421553358436" lon="15.09753042832017">
        <ele>433</ele>
      </trkpt>
      <trkpt lat="46.49739087559283" lon="15.097579713910818">
        <ele>433.20001220703125</ele>
      </trkpt>
      <trkpt lat="46.49736003018916" lon="15.097627155482769">
        <ele>433.20001220703125</ele>
      </trkpt>
      <trkpt lat="46.49732977151871" lon="15.097674010321498">
        <ele>433</ele>
      </trkpt>
      <trkpt lat="46.49729951284826" lon="15.097719607874751">
        <ele>433.20001220703125</ele>
      </trkpt>
      <trkpt lat="46.49726866744459" lon="15.097765708342195">
        <ele>433.20001220703125</ele>
      </trkpt>
      <trkpt lat="46.49723807349801" lon="15.097812311723828">
        <ele>433.20001220703125</ele>
      </trkpt>
      <trkpt lat="46.49720915593207" lon="15.097858076915145">
        <ele>433.20001220703125</ele>
      </trkpt>
      <trkpt lat="46.4971780590713" lon="15.097902920097113">
        <ele>433.20001220703125</ele>
      </trkpt>
      <trkpt lat="46.49714847095311" lon="15.097949774935842">
        <ele>433.20001220703125</ele>
      </trkpt>
      <trkpt lat="46.49712014012039" lon="15.097998641431332">
        <ele>433.20001220703125</ele>
      </trkpt>
      <trkpt lat="46.497092144563794" lon="15.098045747727156">
        <ele>433.20001220703125</ele>
      </trkpt>
      <trkpt lat="46.49706062860787" lon="15.098092015832663">
        <ele>433</ele>
      </trkpt>
      <trkpt lat="46.497034477069974" lon="15.098136272281408">
        <ele>433</ele>
      </trkpt>
      <trkpt lat="46.49700656533241" lon="15.098181115463376">
        <ele>433</ele>
      </trkpt>
      <trkpt lat="46.49697890505195" lon="15.098226042464375">
        <ele>433</ele>
      </trkpt>
      <trkpt lat="46.49695166386664" lon="15.098272310569882">
        <ele>433</ele>
      </trkpt>
      <trkpt lat="46.49692467413843" lon="15.098317991942167">
        <ele>433</ele>
      </trkpt>
      <trkpt lat="46.496899612247944" lon="15.09836208075285">
        <ele>433.20001220703125</ele>
      </trkpt>
      <trkpt lat="46.49687404744327" lon="15.09840365499258">
        <ele>433.20001220703125</ele>
      </trkpt>
      <trkpt lat="46.49684680625796" lon="15.098446486517787">
        <ele>433.3999938964844</ele>
      </trkpt>
      <trkpt lat="46.49682090617716" lon="15.098494431003928">
        <ele>433.3999938964844</ele>
      </trkpt>
      <trkpt lat="46.49678897112608" lon="15.098543129861355">
        <ele>433.6000061035156</ele>
      </trkpt>
      <trkpt lat="46.4967567846179" lon="15.098590068519115">
        <ele>433.6000061035156</ele>
      </trkpt>
      <trkpt lat="46.49672443047166" lon="15.098637510091066">
        <ele>433.6000061035156</ele>
      </trkpt>
      <trkpt lat="46.49669333361089" lon="15.098683694377542">
        <ele>433.6000061035156</ele>
      </trkpt>
      <trkpt lat="46.49666081182659" lon="15.098730968311429">
        <ele>433.6000061035156</ele>
      </trkpt>
      <trkpt lat="46.49662937968969" lon="15.098779080435634">
        <ele>433.6000061035156</ele>
      </trkpt>
      <trkpt lat="46.49659903720021" lon="15.098828952759504">
        <ele>433.6000061035156</ele>
      </trkpt>
      <trkpt lat="46.496566934511065" lon="15.098878489807248">
        <ele>433.6000061035156</ele>
      </trkpt>
      <trkpt lat="46.4965374302119" lon="15.098927188664675">
        <ele>433.79998779296875</ele>
      </trkpt>
      <trkpt lat="46.4965046569705" lon="15.098974965512753">
        <ele>433.79998779296875</ele>
      </trkpt>
      <trkpt lat="46.496472051367164" lon="15.099021065980196">
        <ele>433.79998779296875</ele>
      </trkpt>
      <trkpt lat="46.49644196033478" lon="15.099067585542798">
        <ele>434</ele>
      </trkpt>
      <trkpt lat="46.496413461863995" lon="15.099114272743464">
        <ele>434.20001220703125</ele>
      </trkpt>
      <trkpt lat="46.49638823233545" lon="15.099162301048636">
        <ele>434.20001220703125</ele>
      </trkpt>
      <trkpt lat="46.4963598176837" lon="15.099210496991873">
        <ele>434.3999938964844</ele>
      </trkpt>
      <trkpt lat="46.49632872082293" lon="15.099257938563824">
        <ele>434.6000061035156</ele>
      </trkpt>
      <trkpt lat="46.496300557628274" lon="15.099305044859648">
        <ele>434.6000061035156</ele>
      </trkpt>
      <trkpt lat="46.49627482518554" lon="15.099352905526757">
        <ele>434.6000061035156</ele>
      </trkpt>
      <trkpt lat="46.49624800309539" lon="15.099401269108057">
        <ele>434.79998779296875</ele>
      </trkpt>
      <trkpt lat="46.49622009135783" lon="15.099445525556803">
        <ele>434.79998779296875</ele>
      </trkpt>
      <trkpt lat="46.49619075469673" lon="15.099492380395532">
        <ele>435</ele>
      </trkpt>
      <trkpt lat="46.49616544134915" lon="15.099536972120404">
        <ele>435</ele>
      </trkpt>
      <trkpt lat="46.49614188820124" lon="15.099579216912389">
        <ele>435</ele>
      </trkpt>
      <trkpt lat="46.496116910129786" lon="15.099619701504707">
        <ele>435</ele>
      </trkpt>
      <trkpt lat="46.49609335698187" lon="15.099656246602535">
        <ele>435</ele>
      </trkpt>
      <trkpt lat="46.4960712287575" lon="15.09969212114811">
        <ele>435</ele>
      </trkpt>
      <trkpt lat="46.49605019018054" lon="15.099731348454952">
        <ele>435</ele>
      </trkpt>
      <trkpt lat="46.496027475222945" lon="15.099774599075317">
        <ele>434.79998779296875</ele>
      </trkpt>
      <trkpt lat="46.496002497151494" lon="15.099817430600524">
        <ele>434.79998779296875</ele>
      </trkpt>
      <trkpt lat="46.49597383104265" lon="15.099863614887">
        <ele>434.79998779296875</ele>
      </trkpt>
      <trkpt lat="46.4959470089525" lon="15.099908458068967">
        <ele>434.79998779296875</ele>
      </trkpt>
      <trkpt lat="46.495920019224286" lon="15.099953385069966">
        <ele>434.79998779296875</ele>
      </trkpt>
      <trkpt lat="46.49589286185801" lon="15.099997809156775">
        <ele>434.79998779296875</ele>
      </trkpt>
      <trkpt lat="46.49586637504399" lon="15.100043155252934">
        <ele>434.79998779296875</ele>
      </trkpt>
      <trkpt lat="46.495841313153505" lon="15.100088836625218">
        <ele>434.79998779296875</ele>
      </trkpt>
      <trkpt lat="46.49581516161561" lon="15.100134769454598">
        <ele>435</ele>
      </trkpt>
      <trkpt lat="46.49578683078289" lon="15.100176259875298">
        <ele>435</ele>
      </trkpt>
      <trkpt lat="46.49575841613114" lon="15.100214229896665">
        <ele>435.20001220703125</ele>
      </trkpt>
      <trkpt lat="46.4957276545465" lon="15.100258653983474">
        <ele>435.20001220703125</ele>
      </trkpt>
      <trkpt lat="46.49570234119892" lon="15.100302575156093">
        <ele>435.3999938964844</ele>
      </trkpt>
      <trkpt lat="46.49567015469074" lon="15.100348088890314">
        <ele>435.6000061035156</ele>
      </trkpt>
      <trkpt lat="46.49564182385802" lon="15.100388824939728">
        <ele>435.79998779296875</ele>
      </trkpt>
      <trkpt lat="46.49561340920627" lon="15.100426459684968">
        <ele>435.79998779296875</ele>
      </trkpt>
      <trkpt lat="46.495583234354854" lon="15.100465603172779">
        <ele>436</ele>
      </trkpt>
      <trkpt lat="46.49554786272347" lon="15.10050818324089">
        <ele>436.20001220703125</ele>
      </trkpt>
      <trkpt lat="46.49551383219659" lon="15.100551769137383">
        <ele>436.20001220703125</ele>
      </trkpt>
      <trkpt lat="46.49547753855586" lon="15.100597701966763">
        <ele>436.3999938964844</ele>
      </trkpt>
      <trkpt lat="46.49544577114284" lon="15.10064304806292">
        <ele>436.3999938964844</ele>
      </trkpt>
      <trkpt lat="46.495412243530154" lon="15.100689567625523">
        <ele>436.3999938964844</ele>
      </trkpt>
      <trkpt lat="46.49537544697523" lon="15.100738685578108">
        <ele>436.3999938964844</ele>
      </trkpt>
      <trkpt lat="46.495337979868054" lon="15.100788557901978">
        <ele>436.3999938964844</ele>
      </trkpt>
      <trkpt lat="46.495300428941846" lon="15.100835915654898">
        <ele>436.3999938964844</ele>
      </trkpt>
      <trkpt lat="46.49526363238692" lon="15.100886709988117">
        <ele>436.20001220703125</ele>
      </trkpt>
      <trkpt lat="46.495226584374905" lon="15.100939013063908">
        <ele>436.20001220703125</ele>
      </trkpt>
      <trkpt lat="46.49518928490579" lon="15.100991064682603">
        <ele>436.20001220703125</ele>
      </trkpt>
      <trkpt lat="46.4951491355896" lon="15.101045044139028">
        <ele>436.20001220703125</ele>
      </trkpt>
      <trkpt lat="46.49511217139661" lon="15.101097598671913">
        <ele>436.20001220703125</ele>
      </trkpt>
      <trkpt lat="46.49507386609912" lon="15.101151494309306">
        <ele>436.20001220703125</ele>
      </trkpt>
      <trkpt lat="46.49503740482032" lon="15.101203797385097">
        <ele>436.3999938964844</ele>
      </trkpt>
      <trkpt lat="46.49500161409378" lon="15.101257273927331">
        <ele>436.3999938964844</ele>
      </trkpt>
      <trkpt lat="46.494969092309475" lon="15.101310666650534">
        <ele>436.3999938964844</ele>
      </trkpt>
      <trkpt lat="46.49493573233485" lon="15.10136229917407">
        <ele>436.3999938964844</ele>
      </trkpt>
      <trkpt lat="46.494895331561565" lon="15.101414853706956">
        <ele>436.6000061035156</ele>
      </trkpt>
      <trkpt lat="46.494858702644706" lon="15.101467156782746">
        <ele>436.6000061035156</ele>
      </trkpt>
      <trkpt lat="46.494822492823005" lon="15.101520465686917">
        <ele>436.79998779296875</ele>
      </trkpt>
      <trkpt lat="46.494787288829684" lon="15.101574277505279">
        <ele>436.79998779296875</ele>
      </trkpt>
      <trkpt lat="46.494753174483776" lon="15.101623814553022">
        <ele>437</ele>
      </trkpt>
      <trkpt lat="46.494720820337534" lon="15.101671339944005">
        <ele>437</ele>
      </trkpt>
      <trkpt lat="46.494687125086784" lon="15.101719535887241">
        <ele>437.20001220703125</ele>
      </trkpt>
      <trkpt lat="46.49465418420732" lon="15.101767983287573">
        <ele>437.20001220703125</ele>
      </trkpt>
      <trkpt lat="46.494618812575936" lon="15.101816765964031">
        <ele>437.20001220703125</ele>
      </trkpt>
      <trkpt lat="46.49458612315357" lon="15.101864961907268">
        <ele>437.3999938964844</ele>
      </trkpt>
      <trkpt lat="46.49455360136926" lon="15.101913409307599">
        <ele>437.3999938964844</ele>
      </trkpt>
      <trkpt lat="46.4945188164711" lon="15.101963868364692">
        <ele>437.3999938964844</ele>
      </trkpt>
      <trkpt lat="46.49448470212519" lon="15.102015752345324">
        <ele>437.6000061035156</ele>
      </trkpt>
      <trkpt lat="46.49445025250316" lon="15.102067217230797">
        <ele>437.79998779296875</ele>
      </trkpt>
      <trkpt lat="46.494413539767265" lon="15.102119520306587">
        <ele>437.79998779296875</ele>
      </trkpt>
      <trkpt lat="46.494380850344896" lon="15.102170230820775">
        <ele>438</ele>
      </trkpt>
      <trkpt lat="46.49434288032353" lon="15.102221108973026">
        <ele>438</ele>
      </trkpt>
      <trkpt lat="46.49430516175926" lon="15.10227207094431">
        <ele>438.20001220703125</ele>
      </trkpt>
      <trkpt lat="46.4942666888237" lon="15.102322781458497">
        <ele>438.20001220703125</ele>
      </trkpt>
      <trkpt lat="46.49423240683973" lon="15.102376006543636">
        <ele>438.20001220703125</ele>
      </trkpt>
      <trkpt lat="46.49419519118965" lon="15.102429734542966">
        <ele>438.20001220703125</ele>
      </trkpt>
      <trkpt lat="46.49415755644441" lon="15.102480445057154">
        <ele>438.20001220703125</ele>
      </trkpt>
      <trkpt lat="46.49411799386144" lon="15.102531323209405">
        <ele>438.3999938964844</ele>
      </trkpt>
      <trkpt lat="46.49407859891653" lon="15.102583961561322">
        <ele>438.3999938964844</ele>
      </trkpt>
      <trkpt lat="46.49403945542872" lon="15.102638527750969">
        <ele>438.3999938964844</ele>
      </trkpt>
      <trkpt lat="46.49400031194091" lon="15.102692926302552">
        <ele>438.3999938964844</ele>
      </trkpt>
      <trkpt lat="46.49396318010986" lon="15.102744726464152">
        <ele>438.6000061035156</ele>
      </trkpt>
      <trkpt lat="46.493928814306855" lon="15.102796275168657">
        <ele>438.6000061035156</ele>
      </trkpt>
      <trkpt lat="46.493894532322884" lon="15.102848075330257">
        <ele>438.6000061035156</ele>
      </trkpt>
      <trkpt lat="46.493860837072134" lon="15.102899372577667">
        <ele>438.6000061035156</ele>
      </trkpt>
      <trkpt lat="46.493828147649765" lon="15.102949077263474">
        <ele>438.79998779296875</ele>
      </trkpt>
      <trkpt lat="46.49379311129451" lon="15.102998530492187">
        <ele>438.79998779296875</ele>
      </trkpt>
      <trkpt lat="46.49375891312957" lon="15.10304655879736">
        <ele>438.79998779296875</ele>
      </trkpt>
      <trkpt lat="46.49372337386012" lon="15.103094754740596">
        <ele>438.79998779296875</ele>
      </trkpt>
      <trkpt lat="46.493689343333244" lon="15.103146890178323">
        <ele>439</ele>
      </trkpt>
      <trkpt lat="46.49365531280637" lon="15.103198103606701">
        <ele>439</ele>
      </trkpt>
      <trkpt lat="46.49361860007048" lon="15.103247808292508">
        <ele>439.20001220703125</ele>
      </trkpt>
      <trkpt lat="46.49357736110687" lon="15.103295585140586">
        <ele>439.20001220703125</ele>
      </trkpt>
      <trkpt lat="46.49353897199035" lon="15.103347888216376">
        <ele>439.3999938964844</ele>
      </trkpt>
      <trkpt lat="46.493506617844105" lon="15.103403460234404">
        <ele>439.3999938964844</ele>
      </trkpt>
      <trkpt lat="46.4934725034982" lon="15.103456852957606">
        <ele>439.6000061035156</ele>
      </trkpt>
      <trkpt lat="46.49343302473426" lon="15.103506641462445">
        <ele>439.6000061035156</ele>
      </trkpt>
      <trkpt lat="46.49339304305613" lon="15.10355282574892">
        <ele>439.6000061035156</ele>
      </trkpt>
      <trkpt lat="46.49335213936865" lon="15.103594399988651">
        <ele>439.79998779296875</ele>
      </trkpt>
      <trkpt lat="46.49331190623343" lon="15.10362516157329">
        <ele>440.20001220703125</ele>
      </trkpt>
      <trkpt lat="46.49327142164111" lon="15.10364175774157">
        <ele>440.20001220703125</ele>
      </trkpt>
      <trkpt lat="46.49322976358235" lon="15.103657431900501">
        <ele>440.3999938964844</ele>
      </trkpt>
      <trkpt lat="46.49318617768586" lon="15.10368232615292">
        <ele>440.3999938964844</ele>
      </trkpt>
      <trkpt lat="46.49315197952092" lon="15.103712920099497">
        <ele>440.3999938964844</ele>
      </trkpt>
      <trkpt lat="46.493103951215744" lon="15.103772347792983">
        <ele>440.3999938964844</ele>
      </trkpt>
      <trkpt lat="46.49306707084179" lon="15.103824399411678">
        <ele>440.3999938964844</ele>
      </trkpt>
      <trkpt lat="46.49302884936333" lon="15.103879300877452">
        <ele>440.3999938964844</ele>
      </trkpt>
      <trkpt lat="46.49299087934196" lon="15.10393688455224">
        <ele>440.3999938964844</ele>
      </trkpt>
      <trkpt lat="46.492953998968005" lon="15.103992708027363">
        <ele>440.3999938964844</ele>
      </trkpt>
      <trkpt lat="46.49291351437569" lon="15.104048112407327">
        <ele>440.3999938964844</ele>
      </trkpt>
      <trkpt lat="46.49287277832627" lon="15.104103432968259">
        <ele>440.3999938964844</ele>
      </trkpt>
      <trkpt lat="46.49283975362778" lon="15.104148024693131">
        <ele>440.3999938964844</ele>
      </trkpt>
      <trkpt lat="46.492792731150985" lon="15.10421390645206">
        <ele>440.3999938964844</ele>
      </trkpt>
      <trkpt lat="46.49275333620608" lon="15.104266125708818">
        <ele>440.6000061035156</ele>
      </trkpt>
      <trkpt lat="46.49271343834698" lon="15.104321110993624">
        <ele>440.6000061035156</ele>
      </trkpt>
      <trkpt lat="46.492674965411425" lon="15.104376766830683">
        <ele>440.79998779296875</ele>
      </trkpt>
      <trkpt lat="46.4926365762949" lon="15.104430662468076">
        <ele>441</ele>
      </trkpt>
      <trkpt lat="46.49260086938739" lon="15.10448263026774">
        <ele>441</ele>
      </trkpt>
      <trkpt lat="46.49256683886051" lon="15.104533843696117">
        <ele>441</ele>
      </trkpt>
      <trkpt lat="46.49253440089524" lon="15.104585140943527">
        <ele>441.20001220703125</ele>
      </trkpt>
      <trkpt lat="46.492502968758345" lon="15.104633420705795">
        <ele>441.20001220703125</ele>
      </trkpt>
      <trkpt lat="46.49247346445918" lon="15.104678515344858">
        <ele>441.20001220703125</ele>
      </trkpt>
      <trkpt lat="46.49244504980743" lon="15.104721263051033">
        <ele>441.3999938964844</ele>
      </trkpt>
      <trkpt lat="46.49241780862212" lon="15.104761580005288">
        <ele>441.3999938964844</ele>
      </trkpt>
      <trkpt lat="46.49238838814199" lon="15.104804579168558">
        <ele>441.6000061035156</ele>
      </trkpt>
      <trkpt lat="46.49236097931862" lon="15.104844393208623">
        <ele>441.6000061035156</ele>
      </trkpt>
      <trkpt lat="46.49233474396169" lon="15.10488479398191">
        <ele>441.79998779296875</ele>
      </trkpt>
      <trkpt lat="46.492310520261526" lon="15.104924524202943">
        <ele>441.79998779296875</ele>
      </trkpt>
      <trkpt lat="46.49228470399976" lon="15.104962158948183">
        <ele>442</ele>
      </trkpt>
      <trkpt lat="46.49225595407188" lon="15.104999374598265">
        <ele>442</ele>
      </trkpt>
      <trkpt lat="46.49223005399108" lon="15.105037679895759">
        <ele>442.20001220703125</ele>
      </trkpt>
      <trkpt lat="46.49220708757639" lon="15.10507632046938">
        <ele>442.20001220703125</ele>
      </trkpt>
      <trkpt lat="46.492181438952684" lon="15.105117559432983">
        <ele>442.3999938964844</ele>
      </trkpt>
      <trkpt lat="46.49215369485319" lon="15.105162654072046">
        <ele>442.20001220703125</ele>
      </trkpt>
      <trkpt lat="46.49212905205786" lon="15.105209089815617">
        <ele>442.20001220703125</ele>
      </trkpt>
      <trkpt lat="46.49210046976805" lon="15.10525711812079">
        <ele>442.20001220703125</ele>
      </trkpt>
      <trkpt lat="46.49207222275436" lon="15.105305733159184">
        <ele>442.3999938964844</ele>
      </trkpt>
      <trkpt lat="46.492043221369386" lon="15.105351498350501">
        <ele>442.3999938964844</ele>
      </trkpt>
      <trkpt lat="46.49201606400311" lon="15.105397179722786">
        <ele>442.6000061035156</ele>
      </trkpt>
      <trkpt lat="46.491988403722644" lon="15.10544579476118">
        <ele>442.79998779296875</ele>
      </trkpt>
      <trkpt lat="46.49196049198508" lon="15.105492901057005">
        <ele>442.79998779296875</ele>
      </trkpt>
      <trkpt lat="46.49192847311497" lon="15.105541851371527">
        <ele>442.79998779296875</ele>
      </trkpt>
      <trkpt lat="46.49190282449126" lon="15.105581497773528">
        <ele>443</ele>
      </trkpt>
      <trkpt lat="46.491873152554035" lon="15.105630615726113">
        <ele>443</ele>
      </trkpt>
      <trkpt lat="46.49183149449527" lon="15.1056900434196">
        <ele>443</ele>
      </trkpt>
      <trkpt lat="46.491795033216476" lon="15.10574284940958">
        <ele>442.79998779296875</ele>
      </trkpt>
      <trkpt lat="46.491760248318315" lon="15.10579900816083">
        <ele>442.79998779296875</ele>
      </trkpt>
      <trkpt lat="46.491725547239184" lon="15.105854328721762">
        <ele>442.79998779296875</ele>
      </trkpt>
      <trkpt lat="46.491686487570405" lon="15.105910738930106">
        <ele>442.79998779296875</ele>
      </trkpt>
      <trkpt lat="46.49164658971131" lon="15.1059680711478">
        <ele>442.79998779296875</ele>
      </trkpt>
      <trkpt lat="46.49160702712834" lon="15.10602816939354">
        <ele>442.79998779296875</ele>
      </trkpt>
      <trkpt lat="46.49156562052667" lon="15.106088435277343">
        <ele>442.6000061035156</ele>
      </trkpt>
      <trkpt lat="46.4915226213634" lon="15.106149706989527">
        <ele>442.6000061035156</ele>
      </trkpt>
      <trkpt lat="46.491478784009814" lon="15.106211649253964">
        <ele>442.6000061035156</ele>
      </trkpt>
      <trkpt lat="46.49143503047526" lon="15.106272753328085">
        <ele>442.6000061035156</ele>
      </trkpt>
      <trkpt lat="46.4913915283978" lon="15.106335366144776">
        <ele>442.79998779296875</ele>
      </trkpt>
      <trkpt lat="46.491347439587116" lon="15.106396805495024">
        <ele>442.79998779296875</ele>
      </trkpt>
      <trkpt lat="46.491301506757736" lon="15.106457825750113">
        <ele>442.79998779296875</ele>
      </trkpt>
      <trkpt lat="46.49125733412802" lon="15.106517504900694">
        <ele>442.79998779296875</ele>
      </trkpt>
      <trkpt lat="46.49121575988829" lon="15.106576345860958">
        <ele>443</ele>
      </trkpt>
      <trkpt lat="46.49117326363921" lon="15.106636779382825">
        <ele>443</ele>
      </trkpt>
      <trkpt lat="46.4911290910095" lon="15.106696458533406">
        <ele>443</ele>
      </trkpt>
      <trkpt lat="46.49108810350299" lon="15.106753455474973">
        <ele>443</ele>
      </trkpt>
      <trkpt lat="46.49104719981551" lon="15.106812799349427">
        <ele>443</ele>
      </trkpt>
      <trkpt lat="46.49100721813738" lon="15.106872394680977">
        <ele>443.20001220703125</ele>
      </trkpt>
      <trkpt lat="46.490968242287636" lon="15.106931570917368">
        <ele>443.20001220703125</ele>
      </trkpt>
      <trkpt lat="46.49092951789498" lon="15.106989992782474">
        <ele>443.20001220703125</ele>
      </trkpt>
      <trkpt lat="46.49088819511235" lon="15.107048247009516">
        <ele>443.3999938964844</ele>
      </trkpt>
      <trkpt lat="46.49084628559649" lon="15.107108345255256">
        <ele>443.3999938964844</ele>
      </trkpt>
      <trkpt lat="46.49080580100417" lon="15.107166348025203">
        <ele>443.6000061035156</ele>
      </trkpt>
      <trkpt lat="46.490765903145075" lon="15.107224183157086">
        <ele>443.6000061035156</ele>
      </trkpt>
      <trkpt lat="46.49072600528598" lon="15.107283107936382">
        <ele>443.79998779296875</ele>
      </trkpt>
      <trkpt lat="46.49068753235042" lon="15.107339769601822">
        <ele>444</ele>
      </trkpt>
      <trkpt lat="46.49064830504358" lon="15.10739584453404">
        <ele>444.20001220703125</ele>
      </trkpt>
      <trkpt lat="46.49061175994575" lon="15.107448399066925">
        <ele>444.20001220703125</ele>
      </trkpt>
      <trkpt lat="46.49057504720986" lon="15.107499863952398">
        <ele>444.3999938964844</ele>
      </trkpt>
      <trkpt lat="46.49053799919784" lon="15.107553089037538">
        <ele>444.3999938964844</ele>
      </trkpt>
      <trkpt lat="46.49049994535744" lon="15.107606565579772">
        <ele>444.6000061035156</ele>
      </trkpt>
      <trkpt lat="46.490461053326726" lon="15.107660796493292">
        <ele>444.6000061035156</ele>
      </trkpt>
      <trkpt lat="46.490421909838915" lon="15.107715614140034">
        <ele>444.79998779296875</ele>
      </trkpt>
      <trkpt lat="46.49038050323725" lon="15.107772275805473">
        <ele>444.79998779296875</ele>
      </trkpt>
      <trkpt lat="46.49034043774009" lon="15.107828350737691">
        <ele>444.79998779296875</ele>
      </trkpt>
      <trkpt lat="46.49030053988099" lon="15.107885180041194">
        <ele>444.79998779296875</ele>
      </trkpt>
      <trkpt lat="46.4902603905648" lon="15.107939913868904">
        <ele>445</ele>
      </trkpt>
      <trkpt lat="46.490220576524734" lon="15.107994060963392">
        <ele>445</ele>
      </trkpt>
      <trkpt lat="46.49018310941756" lon="15.10804669931531">
        <ele>445</ele>
      </trkpt>
      <trkpt lat="46.49014396592975" lon="15.108102355152369">
        <ele>445.20001220703125</ele>
      </trkpt>
      <trkpt lat="46.49010247550905" lon="15.108158513903618">
        <ele>445.20001220703125</ele>
      </trkpt>
      <trkpt lat="46.49006500840187" lon="15.108212912455201">
        <ele>445.20001220703125</ele>
      </trkpt>
      <trkpt lat="46.490027038380504" lon="15.108267227187753">
        <ele>445.3999938964844</ele>
      </trkpt>
      <trkpt lat="46.48998672142625" lon="15.108321709558368">
        <ele>445.6000061035156</ele>
      </trkpt>
      <trkpt lat="46.4899461530149" lon="15.108373425900936">
        <ele>445.6000061035156</ele>
      </trkpt>
      <trkpt lat="46.489907344803214" lon="15.1084253937006">
        <ele>445.79998779296875</ele>
      </trkpt>
      <trkpt lat="46.48986945860088" lon="15.108478954061866">
        <ele>445.79998779296875</ele>
      </trkpt>
      <trkpt lat="46.48983324877918" lon="15.108532011508942">
        <ele>446</ele>
      </trkpt>
      <trkpt lat="46.48979444056749" lon="15.108585488051176">
        <ele>446.20001220703125</ele>
      </trkpt>
      <trkpt lat="46.489755380898714" lon="15.108639635145664">
        <ele>446.20001220703125</ele>
      </trkpt>
      <trkpt lat="46.48971799761057" lon="15.108693446964025">
        <ele>446.20001220703125</ele>
      </trkpt>
      <trkpt lat="46.489681201055646" lon="15.108747258782387">
        <ele>446.20001220703125</ele>
      </trkpt>
      <trkpt lat="46.4896422252059" lon="15.108802746981382">
        <ele>446.3999938964844</ele>
      </trkpt>
      <trkpt lat="46.48960383608937" lon="15.108858738094568">
        <ele>446.3999938964844</ele>
      </trkpt>
      <trkpt lat="46.48956368677318" lon="15.108914393931627">
        <ele>446.3999938964844</ele>
      </trkpt>
      <trkpt lat="46.48952445946634" lon="15.108969882130623">
        <ele>446.3999938964844</ele>
      </trkpt>
      <trkpt lat="46.48948598653078" lon="15.109022436663508">
        <ele>446.6000061035156</ele>
      </trkpt>
      <trkpt lat="46.489446172490716" lon="15.109074572101235">
        <ele>446.6000061035156</ele>
      </trkpt>
      <trkpt lat="46.48940786719322" lon="15.109128216281533">
        <ele>446.6000061035156</ele>
      </trkpt>
      <trkpt lat="46.489368388429284" lon="15.109181441366673">
        <ele>446.79998779296875</ele>
      </trkpt>
      <trkpt lat="46.48932949639857" lon="15.109236761927605">
        <ele>446.79998779296875</ele>
      </trkpt>
      <trkpt lat="46.48929261602461" lon="15.109290406107903">
        <ele>446.79998779296875</ele>
      </trkpt>
      <trkpt lat="46.489256070926785" lon="15.109341954812407">
        <ele>447</ele>
      </trkpt>
      <trkpt lat="46.48921810090542" lon="15.109395431354642">
        <ele>447</ele>
      </trkpt>
      <trkpt lat="46.48918214254081" lon="15.109447734430432">
        <ele>447</ele>
      </trkpt>
      <trkpt lat="46.489148112013936" lon="15.109499283134937">
        <ele>447.20001220703125</ele>
      </trkpt>
      <trkpt lat="46.489112908020616" lon="15.109550580382347">
        <ele>447.20001220703125</ele>
      </trkpt>
      <trkpt lat="46.48907829076052" lon="15.109605565667152">
        <ele>447.3999938964844</ele>
      </trkpt>
      <trkpt lat="46.48904191330075" lon="15.109660048037767">
        <ele>447.3999938964844</ele>
      </trkpt>
      <trkpt lat="46.489003859460354" lon="15.109714698046446">
        <ele>447.3999938964844</ele>
      </trkpt>
      <trkpt lat="46.48896446451545" lon="15.109766833484173">
        <ele>447.3999938964844</ele>
      </trkpt>
      <trkpt lat="46.48892515338957" lon="15.109820310026407">
        <ele>447.3999938964844</ele>
      </trkpt>
      <trkpt lat="46.48888642899692" lon="15.109875462949276">
        <ele>447.3999938964844</ele>
      </trkpt>
      <trkpt lat="46.48885072208941" lon="15.109929693862796">
        <ele>447.6000061035156</ele>
      </trkpt>
      <trkpt lat="46.48881350643933" lon="15.109983505681157">
        <ele>447.6000061035156</ele>
      </trkpt>
      <trkpt lat="46.48877243511379" lon="15.110037568956614">
        <ele>447.6000061035156</ele>
      </trkpt>
      <trkpt lat="46.48873446509242" lon="15.110090710222721">
        <ele>447.6000061035156</ele>
      </trkpt>
      <trkpt lat="46.488697081804276" lon="15.110143097117543">
        <ele>447.6000061035156</ele>
      </trkpt>
      <trkpt lat="46.48865810595453" lon="15.110197411850095">
        <ele>447.79998779296875</ele>
      </trkpt>
      <trkpt lat="46.48862214758992" lon="15.110249547287822">
        <ele>447.79998779296875</ele>
      </trkpt>
      <trkpt lat="46.48858677595854" lon="15.110302940011024">
        <ele>448</ele>
      </trkpt>
      <trkpt lat="46.48855081759393" lon="15.11035842821002">
        <ele>448</ele>
      </trkpt>
      <trkpt lat="46.48851075209677" lon="15.110412910580635">
        <ele>448.20001220703125</ele>
      </trkpt>
      <trkpt lat="46.488470267504454" lon="15.11046588420868">
        <ele>448.20001220703125</ele>
      </trkpt>
      <trkpt lat="46.488434644415975" lon="15.110515924170613">
        <ele>448.3999938964844</ele>
      </trkpt>
      <trkpt lat="46.48839985951781" lon="15.110562946647406">
        <ele>448.3999938964844</ele>
      </trkpt>
      <trkpt lat="46.48836457170546" lon="15.11060955002904">
        <ele>448.6000061035156</ele>
      </trkpt>
      <trkpt lat="46.488331547006965" lon="15.11065456084907">
        <ele>448.6000061035156</ele>
      </trkpt>
      <trkpt lat="46.48829944431782" lon="15.110704516991973">
        <ele>448.79998779296875</ele>
      </trkpt>
      <trkpt lat="46.4882674254477" lon="15.11075422167778">
        <ele>448.79998779296875</ele>
      </trkpt>
      <trkpt lat="46.48823129944503" lon="15.110804680734873">
        <ele>448.79998779296875</ele>
      </trkpt>
      <trkpt lat="46.48819467052817" lon="15.110854050144553">
        <ele>448.79998779296875</ele>
      </trkpt>
      <trkpt lat="46.48815795779228" lon="15.110905263572931">
        <ele>448.79998779296875</ele>
      </trkpt>
      <trkpt lat="46.48812183178961" lon="15.110956393182278">
        <ele>448.6000061035156</ele>
      </trkpt>
      <trkpt lat="46.488084867596626" lon="15.111008360981941">
        <ele>448.6000061035156</ele>
      </trkpt>
      <trkpt lat="46.488047149032354" lon="15.111061753705144">
        <ele>448.79998779296875</ele>
      </trkpt>
      <trkpt lat="46.48801228031516" lon="15.1111123804003">
        <ele>448.79998779296875</ele>
      </trkpt>
      <trkpt lat="46.48797866888344" lon="15.1111607439816">
        <ele>448.79998779296875</ele>
      </trkpt>
      <trkpt lat="46.48794723674655" lon="15.111212125048041">
        <ele>449</ele>
      </trkpt>
      <trkpt lat="46.487912870943546" lon="15.111263422295451">
        <ele>449</ele>
      </trkpt>
      <trkpt lat="46.48788018152118" lon="15.11131170205772">
        <ele>449</ele>
      </trkpt>
      <trkpt lat="46.48784707300365" lon="15.11135671287775">
        <ele>449.20001220703125</ele>
      </trkpt>
      <trkpt lat="46.4878117851913" lon="15.111401556059718">
        <ele>449.20001220703125</ele>
      </trkpt>
      <trkpt lat="46.4877755753696" lon="15.111448662355542">
        <ele>449.3999938964844</ele>
      </trkpt>
      <trkpt lat="46.4877372700721" lon="15.111497361212969">
        <ele>449.3999938964844</ele>
      </trkpt>
      <trkpt lat="46.48769988678396" lon="15.111548071727157">
        <ele>449.3999938964844</ele>
      </trkpt>
      <trkpt lat="46.48766585625708" lon="15.111594758927822">
        <ele>449.3999938964844</ele>
      </trkpt>
      <trkpt lat="46.4876336697489" lon="15.111642871052027">
        <ele>449.3999938964844</ele>
      </trkpt>
      <trkpt lat="46.48760341107845" lon="15.111692659556866">
        <ele>449.6000061035156</ele>
      </trkpt>
      <trkpt lat="46.48756988346577" lon="15.111741945147514">
        <ele>449.6000061035156</ele>
      </trkpt>
      <trkpt lat="46.4875371940434" lon="15.111787877976894">
        <ele>449.6000061035156</ele>
      </trkpt>
      <trkpt lat="46.48750157095492" lon="15.111833307892084">
        <ele>449.6000061035156</ele>
      </trkpt>
      <trkpt lat="46.48746603168547" lon="15.11187999509275">
        <ele>449.79998779296875</ele>
      </trkpt>
      <trkpt lat="46.48743158206344" lon="15.111929113045335">
        <ele>449.79998779296875</ele>
      </trkpt>
      <trkpt lat="46.48739813826978" lon="15.111976889893413">
        <ele>449.79998779296875</ele>
      </trkpt>
      <trkpt lat="46.48736419156194" lon="15.112026929855347">
        <ele>449.79998779296875</ele>
      </trkpt>
      <trkpt lat="46.48733058013022" lon="15.112078646197915">
        <ele>449.79998779296875</ele>
      </trkpt>
      <trkpt lat="46.487296130508184" lon="15.112130111083388">
        <ele>450</ele>
      </trkpt>
      <trkpt lat="46.487261010333896" lon="15.112177887931466">
        <ele>450</ele>
      </trkpt>
      <trkpt lat="46.48722647689283" lon="15.112225413322449">
        <ele>450.20001220703125</ele>
      </trkpt>
      <trkpt lat="46.487193536013365" lon="15.112272687256336">
        <ele>450.20001220703125</ele>
      </trkpt>
      <trkpt lat="46.48716017603874" lon="15.112320631742477">
        <ele>450.3999938964844</ele>
      </trkpt>
      <trkpt lat="46.48712505586445" lon="15.112367905676365">
        <ele>450.6000061035156</ele>
      </trkpt>
      <trkpt lat="46.48709270171821" lon="15.112416436895728">
        <ele>450.6000061035156</ele>
      </trkpt>
      <trkpt lat="46.4870588388294" lon="15.112466728314757">
        <ele>450.6000061035156</ele>
      </trkpt>
      <trkpt lat="46.487025897949934" lon="15.112515427172184">
        <ele>450.79998779296875</ele>
      </trkpt>
      <trkpt lat="46.48699136450887" lon="15.11256454512477">
        <ele>450.79998779296875</ele>
      </trkpt>
      <trkpt lat="46.48695733398199" lon="15.112613830715418">
        <ele>450.79998779296875</ele>
      </trkpt>
      <trkpt lat="46.486919363960624" lon="15.112663200125098">
        <ele>450.79998779296875</ele>
      </trkpt>
      <trkpt lat="46.48688508197665" lon="15.112711898982525">
        <ele>451</ele>
      </trkpt>
      <trkpt lat="46.48685021325946" lon="15.11276101693511">
        <ele>451</ele>
      </trkpt>
      <trkpt lat="46.48681593127549" lon="15.112808542326093">
        <ele>451</ele>
      </trkpt>
      <trkpt lat="46.48678374476731" lon="15.112857576459646">
        <ele>451</ele>
      </trkpt>
      <trkpt lat="46.486752312630415" lon="15.11290560476482">
        <ele>451.20001220703125</ele>
      </trkpt>
      <trkpt lat="46.48672113195062" lon="15.112951621413231">
        <ele>451.20001220703125</ele>
      </trkpt>
      <trkpt lat="46.486690286546946" lon="15.112998727709055">
        <ele>451.3999938964844</ele>
      </trkpt>
      <trkpt lat="46.48665868677199" lon="15.113045582547784">
        <ele>451.6000061035156</ele>
      </trkpt>
      <trkpt lat="46.486625745892525" lon="15.113089503720403">
        <ele>451.6000061035156</ele>
      </trkpt>
      <trkpt lat="46.48659523576498" lon="15.113134514540434">
        <ele>451.79998779296875</ele>
      </trkpt>
      <trkpt lat="46.48656195960939" lon="15.113181285560131">
        <ele>451.79998779296875</ele>
      </trkpt>
      <trkpt lat="46.48652968928218" lon="15.113226799294353">
        <ele>451.79998779296875</ele>
      </trkpt>
      <trkpt lat="46.486496748402715" lon="15.113272732123733">
        <ele>451.79998779296875</ele>
      </trkpt>
      <trkpt lat="46.48646045476198" lon="15.113320257514715">
        <ele>451.79998779296875</ele>
      </trkpt>
      <trkpt lat="46.4864266756922" lon="15.113367615267634">
        <ele>451.79998779296875</ele>
      </trkpt>
      <trkpt lat="46.48639339953661" lon="15.113414218649268">
        <ele>451.79998779296875</ele>
      </trkpt>
      <trkpt lat="46.4863595366478" lon="15.113460151478648">
        <ele>451.79998779296875</ele>
      </trkpt>
      <trkpt lat="46.48632558993995" lon="15.113509939983487">
        <ele>451.79998779296875</ele>
      </trkpt>
      <trkpt lat="46.48629046976566" lon="15.113559225574136">
        <ele>452</ele>
      </trkpt>
      <trkpt lat="46.486256774514914" lon="15.113607170060277">
        <ele>452</ele>
      </trkpt>
      <trkpt lat="46.48622383363545" lon="15.11365419253707">
        <ele>452.20001220703125</ele>
      </trkpt>
      <trkpt lat="46.486189970746636" lon="15.113702304661274">
        <ele>452.20001220703125</ele>
      </trkpt>
      <trkpt lat="46.48615904152393" lon="15.113747818395495">
        <ele>452.20001220703125</ele>
      </trkpt>
      <trkpt lat="46.486128363758326" lon="15.113792410120368">
        <ele>452.3999938964844</ele>
      </trkpt>
      <trkpt lat="46.48609894327819" lon="15.113834738731384">
        <ele>452.3999938964844</ele>
      </trkpt>
      <trkpt lat="46.48607010953128" lon="15.113877151161432">
        <ele>452.3999938964844</ele>
      </trkpt>
      <trkpt lat="46.486042281612754" lon="15.113919144496322">
        <ele>452.3999938964844</ele>
      </trkpt>
      <trkpt lat="46.48601269349456" lon="15.113963317126036">
        <ele>452.6000061035156</ele>
      </trkpt>
      <trkpt lat="46.48598084226251" lon="15.114005645737052">
        <ele>452.6000061035156</ele>
      </trkpt>
      <trkpt lat="46.48595008067787" lon="15.114047303795815">
        <ele>452.6000061035156</ele>
      </trkpt>
      <trkpt lat="46.485920157283545" lon="15.114091224968433">
        <ele>452.6000061035156</ele>
      </trkpt>
      <trkpt lat="46.48588922806084" lon="15.114135146141052">
        <ele>452.6000061035156</ele>
      </trkpt>
      <trkpt lat="46.48585796356201" lon="15.114180073142052">
        <ele>452.79998779296875</ele>
      </trkpt>
      <trkpt lat="46.48582653142512" lon="15.114225335419178">
        <ele>452.79998779296875</ele>
      </trkpt>
      <trkpt lat="46.4857963565737" lon="15.114271100610495">
        <ele>452.79998779296875</ele>
      </trkpt>
      <trkpt lat="46.48576467297971" lon="15.114317536354065">
        <ele>453</ele>
      </trkpt>
      <trkpt lat="46.485732067376375" lon="15.11436372064054">
        <ele>453</ele>
      </trkpt>
      <trkpt lat="46.485701808705926" lon="15.114409904927015">
        <ele>453</ele>
      </trkpt>
      <trkpt lat="46.48567113094032" lon="15.114453407004476">
        <ele>453</ele>
      </trkpt>
      <trkpt lat="46.48563995026052" lon="15.114498417824507">
        <ele>453.20001220703125</ele>
      </trkpt>
      <trkpt lat="46.48560776375234" lon="15.114544434472919">
        <ele>453.20001220703125</ele>
      </trkpt>
      <trkpt lat="46.485575241968036" lon="15.11458751745522">
        <ele>453.20001220703125</ele>
      </trkpt>
      <trkpt lat="46.48554355837405" lon="15.114632779732347">
        <ele>453.20001220703125</ele>
      </trkpt>
      <trkpt lat="46.48551246151328" lon="15.114678628742695">
        <ele>453.3999938964844</ele>
      </trkpt>
      <trkpt lat="46.485481448471546" lon="15.114724729210138">
        <ele>453.3999938964844</ele>
      </trkpt>
      <trkpt lat="46.48544993251562" lon="15.114772506058216">
        <ele>453.3999938964844</ele>
      </trkpt>
      <trkpt lat="46.48541925475001" lon="15.114821121096611">
        <ele>453.6000061035156</ele>
      </trkpt>
      <trkpt lat="46.48538748733699" lon="15.11486898176372">
        <ele>453.6000061035156</ele>
      </trkpt>
      <trkpt lat="46.48535412736237" lon="15.114917093887925">
        <ele>453.6000061035156</ele>
      </trkpt>
      <trkpt lat="46.48531707935035" lon="15.11496378108859">
        <ele>453.79998779296875</ele>
      </trkpt>
      <trkpt lat="46.48528288118541" lon="15.115009294822812">
        <ele>453.79998779296875</ele>
      </trkpt>
      <trkpt lat="46.48525010794401" lon="15.115055898204446">
        <ele>453.79998779296875</ele>
      </trkpt>
      <trkpt lat="46.48521834053099" lon="15.11510157957673">
        <ele>454</ele>
      </trkpt>
      <trkpt lat="46.48518607020378" lon="15.115148602053523">
        <ele>454</ele>
      </trkpt>
      <trkpt lat="46.48515220731497" lon="15.115197133272886">
        <ele>454</ele>
      </trkpt>
      <trkpt lat="46.48511800915003" lon="15.11524516157806">
        <ele>454.20001220703125</ele>
      </trkpt>
      <trkpt lat="46.48508498445153" lon="15.115291429683566">
        <ele>454.20001220703125</ele>
      </trkpt>
      <trkpt lat="46.485050953924656" lon="15.115338368341327">
        <ele>454.20001220703125</ele>
      </trkpt>
      <trkpt lat="46.48501734249294" lon="15.115387653931975">
        <ele>454.20001220703125</ele>
      </trkpt>
      <trkpt lat="46.48498373106122" lon="15.11543869972229">
        <ele>454.3999938964844</ele>
      </trkpt>
      <trkpt lat="46.48495045490563" lon="15.115488488227129">
        <ele>454.3999938964844</ele>
      </trkpt>
      <trkpt lat="46.48491675965488" lon="15.115537019446492">
        <ele>454.3999938964844</ele>
      </trkpt>
      <trkpt lat="46.48488214239478" lon="15.115585718303919">
        <ele>454.6000061035156</ele>
      </trkpt>
      <trkpt lat="46.48484643548727" lon="15.115634249523282">
        <ele>454.6000061035156</ele>
      </trkpt>
      <trkpt lat="46.48481089621782" lon="15.115680014714599">
        <ele>454.6000061035156</ele>
      </trkpt>
      <trkpt lat="46.48477845825255" lon="15.115727121010423">
        <ele>454.79998779296875</ele>
      </trkpt>
      <trkpt lat="46.484745014458895" lon="15.115775484591722">
        <ele>454.79998779296875</ele>
      </trkpt>
      <trkpt lat="46.48471349850297" lon="15.115819657221437">
        <ele>455</ele>
      </trkpt>
      <trkpt lat="46.48468558676541" lon="15.115860812366009">
        <ele>455.20001220703125</ele>
      </trkpt>
      <trkpt lat="46.484656585380435" lon="15.115899369120598">
        <ele>455.20001220703125</ele>
      </trkpt>
      <trkpt lat="46.4846271649003" lon="15.11594194918871">
        <ele>455.3999938964844</ele>
      </trkpt>
      <trkpt lat="46.48459631949663" lon="15.115990480408072">
        <ele>455.3999938964844</ele>
      </trkpt>
      <trkpt lat="46.48455952294171" lon="15.116040352731943">
        <ele>455.3999938964844</ele>
      </trkpt>
      <trkpt lat="46.484527084976435" lon="15.116090727970004">
        <ele>455.3999938964844</ele>
      </trkpt>
      <trkpt lat="46.48449623957276" lon="15.116138588637114">
        <ele>455.3999938964844</ele>
      </trkpt>
      <trkpt lat="46.48446422070265" lon="15.116186365485191">
        <ele>455.3999938964844</ele>
      </trkpt>
      <trkpt lat="46.48443262092769" lon="15.116232046857476">
        <ele>455.3999938964844</ele>
      </trkpt>
      <trkpt lat="46.48440043441951" lon="15.116274375468493">
        <ele>455.6000061035156</ele>
      </trkpt>
      <trkpt lat="46.48436958901584" lon="15.11631477624178">
        <ele>455.6000061035156</ele>
      </trkpt>
      <trkpt lat="46.484340419992805" lon="15.116355009377003">
        <ele>455.79998779296875</ele>
      </trkpt>
      <trkpt lat="46.48431426845491" lon="15.116397170349956">
        <ele>455.79998779296875</ele>
      </trkpt>
      <trkpt lat="46.48428929038346" lon="15.116435643285513">
        <ele>455.79998779296875</ele>
      </trkpt>
      <trkpt lat="46.48425903171301" lon="15.116475373506546">
        <ele>455.79998779296875</ele>
      </trkpt>
      <trkpt lat="46.484227599576116" lon="15.11651560664177">
        <ele>455.79998779296875</ele>
      </trkpt>
      <trkpt lat="46.48419591598213" lon="15.11655768379569">
        <ele>455.79998779296875</ele>
      </trkpt>
      <trkpt lat="46.48416364565492" lon="15.116603784263134">
        <ele>456</ele>
      </trkpt>
      <trkpt lat="46.48412927985191" lon="15.116651225835085">
        <ele>456</ele>
      </trkpt>
      <trkpt lat="46.484097093343735" lon="15.11669984087348">
        <ele>456</ele>
      </trkpt>
      <trkpt lat="46.484063817188144" lon="15.116745522245765">
        <ele>456.20001220703125</ele>
      </trkpt>
      <trkpt lat="46.48403079248965" lon="15.116791622713208">
        <ele>456.20001220703125</ele>
      </trkpt>
      <trkpt lat="46.48399818688631" lon="15.116838729009032">
        <ele>456.20001220703125</ele>
      </trkpt>
      <trkpt lat="46.483964240178466" lon="15.116885332390666">
        <ele>456.20001220703125</ele>
      </trkpt>
      <trkpt lat="46.483929958194494" lon="15.116931097581983">
        <ele>456.20001220703125</ele>
      </trkpt>
      <trkpt lat="46.48389601148665" lon="15.11697887443006">
        <ele>456.3999938964844</ele>
      </trkpt>
      <trkpt lat="46.48386374115944" lon="15.11702723801136">
        <ele>456.3999938964844</ele>
      </trkpt>
      <trkpt lat="46.48383063264191" lon="15.117072332650423">
        <ele>456.3999938964844</ele>
      </trkpt>
      <trkpt lat="46.48379584774375" lon="15.117119858041406">
        <ele>456.6000061035156</ele>
      </trkpt>
      <trkpt lat="46.48376232013106" lon="15.11716646142304">
        <ele>456.6000061035156</ele>
      </trkpt>
      <trkpt lat="46.48372929543257" lon="15.117211556062102">
        <ele>456.79998779296875</ele>
      </trkpt>
      <trkpt lat="46.4836981985718" lon="15.117258578538895">
        <ele>457</ele>
      </trkpt>
      <trkpt lat="46.48366819135845" lon="15.117303002625704">
        <ele>457</ele>
      </trkpt>
      <trkpt lat="46.483639273792505" lon="15.117344912141562">
        <ele>457.20001220703125</ele>
      </trkpt>
      <trkpt lat="46.48361211642623" lon="15.117386654019356">
        <ele>457.3999938964844</ele>
      </trkpt>
      <trkpt lat="46.48358345031738" lon="15.117427725344896">
        <ele>457.6000061035156</ele>
      </trkpt>
      <trkpt lat="46.48355109617114" lon="15.117472568526864">
        <ele>457.6000061035156</ele>
      </trkpt>
      <trkpt lat="46.483517652377486" lon="15.117517663165927">
        <ele>457.3999938964844</ele>
      </trkpt>
      <trkpt lat="46.48348563350737" lon="15.117564434185624">
        <ele>457.3999938964844</ele>
      </trkpt>
      <trkpt lat="46.48345428518951" lon="15.117609780281782">
        <ele>457.3999938964844</ele>
      </trkpt>
      <trkpt lat="46.48342193104327" lon="15.11765462346375">
        <ele>457.3999938964844</ele>
      </trkpt>
      <trkpt lat="46.48338949307799" lon="15.117699885740876">
        <ele>457.6000061035156</ele>
      </trkpt>
      <trkpt lat="46.48335755802691" lon="15.117745818570256">
        <ele>457.6000061035156</ele>
      </trkpt>
      <trkpt lat="46.48332436569035" lon="15.11779242195189">
        <ele>457.79998779296875</ele>
      </trkpt>
      <trkpt lat="46.48329192772508" lon="15.117838187143207">
        <ele>457.79998779296875</ele>
      </trkpt>
      <trkpt lat="46.48326032795012" lon="15.117882275953889">
        <ele>457.79998779296875</ele>
      </trkpt>
      <trkpt lat="46.483226800337434" lon="15.11792728677392">
        <ele>458</ele>
      </trkpt>
      <trkpt lat="46.48319377563894" lon="15.117972297593951">
        <ele>458</ele>
      </trkpt>
      <trkpt lat="46.48316058330238" lon="15.118018984794617">
        <ele>458</ele>
      </trkpt>
      <trkpt lat="46.483127726241946" lon="15.118067096918821">
        <ele>458.20001220703125</ele>
      </trkpt>
      <trkpt lat="46.48309520445764" lon="15.118114789947867">
        <ele>458.20001220703125</ele>
      </trkpt>
      <trkpt lat="46.48306142538786" lon="15.118163907900453">
        <ele>458.20001220703125</ele>
      </trkpt>
      <trkpt lat="46.4830263890326" lon="15.11821461841464">
        <ele>458.20001220703125</ele>
      </trkpt>
      <trkpt lat="46.48299110122025" lon="15.118263736367226">
        <ele>458.20001220703125</ele>
      </trkpt>
      <trkpt lat="46.48295531049371" lon="15.118313860148191">
        <ele>458.20001220703125</ele>
      </trkpt>
      <trkpt lat="46.48291918449104" lon="15.118365325033665">
        <ele>458.20001220703125</ele>
      </trkpt>
      <trkpt lat="46.482882890850306" lon="15.118416706100106">
        <ele>458.20001220703125</ele>
      </trkpt>
      <trkpt lat="46.48284601047635" lon="15.118470266461372">
        <ele>458.3999938964844</ele>
      </trkpt>
      <trkpt lat="46.482807118445635" lon="15.118523240089417">
        <ele>458.3999938964844</ele>
      </trkpt>
      <trkpt lat="46.48277023807168" lon="15.11857328005135">
        <ele>458.3999938964844</ele>
      </trkpt>
      <trkpt lat="46.48273310624063" lon="15.118623822927475">
        <ele>458.6000061035156</ele>
      </trkpt>
      <trkpt lat="46.48269806988537" lon="15.118672270327806">
        <ele>458.6000061035156</ele>
      </trkpt>
      <trkpt lat="46.482662446796894" lon="15.118721472099423">
        <ele>458.79998779296875</ele>
      </trkpt>
      <trkpt lat="46.48262749426067" lon="15.118770003318787">
        <ele>458.79998779296875</ele>
      </trkpt>
      <trkpt lat="46.48259220644832" lon="15.118817612528801">
        <ele>458.79998779296875</ele>
      </trkpt>
      <trkpt lat="46.48255658335984" lon="15.118867065757513">
        <ele>458.79998779296875</ele>
      </trkpt>
      <trkpt lat="46.48252246901393" lon="15.11891727335751">
        <ele>459</ele>
      </trkpt>
      <trkpt lat="46.48248692974448" lon="15.118966726586223">
        <ele>459</ele>
      </trkpt>
      <trkpt lat="46.48245206102729" lon="15.119018778204918">
        <ele>459.20001220703125</ele>
      </trkpt>
      <trkpt lat="46.482414761558175" lon="15.119069991633296">
        <ele>459.20001220703125</ele>
      </trkpt>
      <trkpt lat="46.482379054650664" lon="15.119117852300406">
        <ele>459.3999938964844</ele>
      </trkpt>
      <trkpt lat="46.48234477266669" lon="15.119168311357498">
        <ele>459.3999938964844</ele>
      </trkpt>
      <trkpt lat="46.482309736311436" lon="15.11922019533813">
        <ele>459.6000061035156</ele>
      </trkpt>
      <trkpt lat="46.48227578960359" lon="15.119270235300064">
        <ele>459.6000061035156</ele>
      </trkpt>
      <trkpt lat="46.48224159143865" lon="15.119320778176188">
        <ele>459.6000061035156</ele>
      </trkpt>
      <trkpt lat="46.482206638902426" lon="15.11937358416617">
        <ele>459.6000061035156</ele>
      </trkpt>
      <trkpt lat="46.48216883651912" lon="15.119426138699055">
        <ele>459.6000061035156</ele>
      </trkpt>
      <trkpt lat="46.482130363583565" lon="15.119480704888701">
        <ele>459.6000061035156</ele>
      </trkpt>
      <trkpt lat="46.4820923935622" lon="15.119533594697714">
        <ele>459.79998779296875</ele>
      </trkpt>
      <trkpt lat="46.48205534555018" lon="15.119586568325758">
        <ele>459.79998779296875</ele>
      </trkpt>
      <trkpt lat="46.48201821371913" lon="15.119639206677675">
        <ele>459.79998779296875</ele>
      </trkpt>
      <trkpt lat="46.48197974078357" lon="15.119688659906387">
        <ele>460</ele>
      </trkpt>
      <trkpt lat="46.481940345838666" lon="15.11973861604929">
        <ele>460</ele>
      </trkpt>
      <trkpt lat="46.48190204054117" lon="15.119789242744446">
        <ele>460</ele>
      </trkpt>
      <trkpt lat="46.481863567605615" lon="15.119843389838934">
        <ele>460.20001220703125</ele>
      </trkpt>
      <trkpt lat="46.481824424117804" lon="15.119898458942771">
        <ele>460.20001220703125</ele>
      </trkpt>
      <trkpt lat="46.48178771138191" lon="15.11995168402791">
        <ele>460.20001220703125</ele>
      </trkpt>
      <trkpt lat="46.48174932226539" lon="15.120004657655954">
        <ele>460.3999938964844</ele>
      </trkpt>
      <trkpt lat="46.4817107655108" lon="15.120057379826903">
        <ele>460.3999938964844</ele>
      </trkpt>
      <trkpt lat="46.48167363367975" lon="15.120110101997852">
        <ele>460.3999938964844</ele>
      </trkpt>
      <trkpt lat="46.48163549602032" lon="15.12016324326396">
        <ele>460.6000061035156</ele>
      </trkpt>
      <trkpt lat="46.48159735836089" lon="15.120213367044926">
        <ele>460.6000061035156</ele>
      </trkpt>
      <trkpt lat="46.48155729286373" lon="15.120265083387494">
        <ele>460.6000061035156</ele>
      </trkpt>
      <trkpt lat="46.481518568471074" lon="15.120312524959445">
        <ele>460.79998779296875</ele>
      </trkpt>
      <trkpt lat="46.48148126900196" lon="15.120359547436237">
        <ele>461</ele>
      </trkpt>
      <trkpt lat="46.48144497536123" lon="15.120406402274966">
        <ele>461.20001220703125</ele>
      </trkpt>
      <trkpt lat="46.48141102865338" lon="15.120451161637902">
        <ele>461.3999938964844</ele>
      </trkpt>
      <trkpt lat="46.48137942887843" lon="15.120495334267616">
        <ele>461.6000061035156</ele>
      </trkpt>
      <trkpt lat="46.481349589303136" lon="15.1205375790596">
        <ele>461.79998779296875</ele>
      </trkpt>
      <trkpt lat="46.48132134228945" lon="15.12057613581419">
        <ele>462.20001220703125</ele>
      </trkpt>
      <trkpt lat="46.48129225708544" lon="15.120612094178796">
        <ele>462.3999938964844</ele>
      </trkpt>
      <trkpt lat="46.48126233369112" lon="15.120648890733719">
        <ele>462.6000061035156</ele>
      </trkpt>
      <trkpt lat="46.48123308084905" lon="15.120686944574118">
        <ele>462.79998779296875</ele>
      </trkpt>
      <trkpt lat="46.48120131343603" lon="15.120723322033882">
        <ele>462.79998779296875</ele>
      </trkpt>
      <trkpt lat="46.48116904310882" lon="15.12075936421752">
        <ele>463</ele>
      </trkpt>
      <trkpt lat="46.48113534785807" lon="15.120795825496316">
        <ele>463</ele>
      </trkpt>
      <trkpt lat="46.481102239340544" lon="15.120832622051239">
        <ele>463.20001220703125</ele>
      </trkpt>
      <trkpt lat="46.48106887936592" lon="15.120871094986796">
        <ele>463.20001220703125</ele>
      </trkpt>
      <trkpt lat="46.48103568702936" lon="15.120908729732037">
        <ele>463.3999938964844</ele>
      </trkpt>
      <trkpt lat="46.48100232705474" lon="15.120946615934372">
        <ele>463.3999938964844</ele>
      </trkpt>
      <trkpt lat="46.48096879944205" lon="15.120985507965088">
        <ele>463.6000061035156</ele>
      </trkpt>
      <trkpt lat="46.480934685096145" lon="15.121021382510662">
        <ele>463.6000061035156</ele>
      </trkpt>
      <trkpt lat="46.48090015165508" lon="15.121057257056236">
        <ele>463.6000061035156</ele>
      </trkpt>
      <trkpt lat="46.48086343891919" lon="15.12109212577343">
        <ele>463.79998779296875</ele>
      </trkpt>
      <trkpt lat="46.48082681000233" lon="15.121126407757401">
        <ele>463.79998779296875</ele>
      </trkpt>
      <trkpt lat="46.480790013447404" lon="15.121161947026849">
        <ele>463.79998779296875</ele>
      </trkpt>
      <trkpt lat="46.48075497709215" lon="15.12119815684855">
        <ele>463.79998779296875</ele>
      </trkpt>
      <trkpt lat="46.48072086274624" lon="15.121238306164742">
        <ele>464</ele>
      </trkpt>
      <trkpt lat="46.48068733513355" lon="15.121275689452887">
        <ele>464</ele>
      </trkpt>
      <trkpt lat="46.48065187968314" lon="15.121311480179429">
        <ele>464.20001220703125</ele>
      </trkpt>
      <trkpt lat="46.480617094784975" lon="15.121345594525337">
        <ele>464.20001220703125</ele>
      </trkpt>
      <trkpt lat="46.48058272898197" lon="15.121382474899292">
        <ele>464.3999938964844</ele>
      </trkpt>
      <trkpt lat="46.48054827935994" lon="15.12142052873969">
        <ele>464.3999938964844</ele>
      </trkpt>
      <trkpt lat="46.48051458410919" lon="15.121455816552043">
        <ele>464.6000061035156</ele>
      </trkpt>
      <trkpt lat="46.480481307953596" lon="15.121490266174078">
        <ele>464.6000061035156</ele>
      </trkpt>
      <trkpt lat="46.48044836707413" lon="15.121524129062891">
        <ele>464.6000061035156</ele>
      </trkpt>
      <trkpt lat="46.4804139174521" lon="15.121555728837848">
        <ele>464.6000061035156</ele>
      </trkpt>
      <trkpt lat="46.48037753999233" lon="15.121590346097946">
        <ele>464.6000061035156</ele>
      </trkpt>
      <trkpt lat="46.48033990524709" lon="15.12162420898676">
        <ele>464.6000061035156</ele>
      </trkpt>
      <trkpt lat="46.4803013484925" lon="15.121658993884921">
        <ele>464.6000061035156</ele>
      </trkpt>
      <trkpt lat="46.480264803394675" lon="15.121695958077908">
        <ele>464.6000061035156</ele>
      </trkpt>
      <trkpt lat="46.48022876121104" lon="15.121733928099275">
        <ele>464.6000061035156</ele>
      </trkpt>
      <trkpt lat="46.48019263520837" lon="15.121770640835166">
        <ele>464.6000061035156</ele>
      </trkpt>
      <trkpt lat="46.48015743121505" lon="15.121803497895598">
        <ele>464.79998779296875</ele>
      </trkpt>
      <trkpt lat="46.480126501992345" lon="15.121836522594094">
        <ele>464.79998779296875</ele>
      </trkpt>
      <trkpt lat="46.480096159502864" lon="15.121868960559368">
        <ele>464.79998779296875</ele>
      </trkpt>
      <trkpt lat="46.48006523028016" lon="15.121900392696261">
        <ele>464.79998779296875</ele>
      </trkpt>
      <trkpt lat="46.48003438487649" lon="15.121930483728647">
        <ele>464.79998779296875</ele>
      </trkpt>
      <trkpt lat="46.48000127635896" lon="15.121960658580065">
        <ele>464.79998779296875</ele>
      </trkpt>
      <trkpt lat="46.479968167841434" lon="15.121993096545339">
        <ele>464.79998779296875</ele>
      </trkpt>
      <trkpt lat="46.479933466762304" lon="15.122028216719627">
        <ele>464.79998779296875</ele>
      </trkpt>
      <trkpt lat="46.47989717312157" lon="15.122063420712948">
        <ele>464.79998779296875</ele>
      </trkpt>
      <trkpt lat="46.47985953837633" lon="15.122089656069875">
        <ele>466.20001220703125</ele>
      </trkpt>
      <trkpt lat="46.47985316812992" lon="15.122095523402095">
        <ele>466.20001220703125</ele>
      </trkpt>
      <trkpt lat="46.47984176874161" lon="15.122106838971376">
        <ele>466.20001220703125</ele>
      </trkpt>
      <trkpt lat="46.47983162663877" lon="15.122116729617119">
        <ele>466.20001220703125</ele>
      </trkpt>
      <trkpt lat="46.47981880232692" lon="15.12212754227221">
        <ele>466.20001220703125</ele>
      </trkpt>
      <trkpt lat="46.479800110682845" lon="15.12214070186019">
        <ele>466.20001220703125</ele>
      </trkpt>
      <trkpt lat="46.47977840155363" lon="15.122158052399755">
        <ele>466</ele>
      </trkpt>
      <trkpt lat="46.47975375875831" lon="15.122177246958017">
        <ele>466</ele>
      </trkpt>
      <trkpt lat="46.47972718812525" lon="15.12219694443047">
        <ele>466.20001220703125</ele>
      </trkpt>
      <trkpt lat="46.47969969548285" lon="15.12221647426486">
        <ele>466.20001220703125</ele>
      </trkpt>
      <trkpt lat="46.47967027500272" lon="15.122237261384726">
        <ele>466.20001220703125</ele>
      </trkpt>
      <trkpt lat="46.4796382561326" lon="15.122257126495242">
        <ele>466.3999938964844</ele>
      </trkpt>
      <trkpt lat="46.47960506379604" lon="15.122276823967695">
        <ele>466.3999938964844</ele>
      </trkpt>
      <trkpt lat="46.479575391858816" lon="15.122299455106258">
        <ele>466.3999938964844</ele>
      </trkpt>
      <trkpt lat="46.479548485949636" lon="15.122323762625456">
        <ele>466.6000061035156</ele>
      </trkpt>
      <trkpt lat="46.479521160945296" lon="15.122345304116607">
        <ele>466.6000061035156</ele>
      </trkpt>
      <trkpt lat="46.47949199192226" lon="15.122370785102248">
        <ele>466.6000061035156</ele>
      </trkpt>
      <trkpt lat="46.479463493451476" lon="15.122399283573031">
        <ele>466.6000061035156</ele>
      </trkpt>
      <trkpt lat="46.47943088784814" lon="15.12243247590959">
        <ele>466.6000061035156</ele>
      </trkpt>
      <trkpt lat="46.47940071299672" lon="15.122463153675199">
        <ele>466.6000061035156</ele>
      </trkpt>
      <trkpt lat="46.47937045432627" lon="15.122494669631124">
        <ele>466.6000061035156</ele>
      </trkpt>
      <trkpt lat="46.47934287786484" lon="15.122525598853827">
        <ele>466.6000061035156</ele>
      </trkpt>
      <trkpt lat="46.479313373565674" lon="15.122560048475862">
        <ele>466.79998779296875</ele>
      </trkpt>
      <trkpt lat="46.479283114895225" lon="15.122597431764007">
        <ele>466.79998779296875</ele>
      </trkpt>
      <trkpt lat="46.4792497549206" lon="15.122633976861835">
        <ele>466.79998779296875</ele>
      </trkpt>
      <trkpt lat="46.479215640574694" lon="15.122671695426106">
        <ele>467</ele>
      </trkpt>
      <trkpt lat="46.47918169386685" lon="15.122712599113584">
        <ele>467</ele>
      </trkpt>
      <trkpt lat="46.479147328063846" lon="15.122754843905568">
        <ele>467</ele>
      </trkpt>
      <trkpt lat="46.479114051908255" lon="15.122795328497887">
        <ele>467</ele>
      </trkpt>
      <trkpt lat="46.479078428819776" lon="15.122838411480188">
        <ele>467</ele>
      </trkpt>
      <trkpt lat="46.479045655578375" lon="15.122881913557649">
        <ele>467</ele>
      </trkpt>
      <trkpt lat="46.47901355288923" lon="15.122923403978348">
        <ele>467</ele>
      </trkpt>
      <trkpt lat="46.47898279130459" lon="15.122962798923254">
        <ele>467</ele>
      </trkpt>
      <trkpt lat="46.47895194590092" lon="15.123001104220748">
        <ele>467.20001220703125</ele>
      </trkpt>
      <trkpt lat="46.47892001084983" lon="15.123036727309227">
        <ele>467.20001220703125</ele>
      </trkpt>
      <trkpt lat="46.47888665087521" lon="15.123073775321245">
        <ele>467.3999938964844</ele>
      </trkpt>
      <trkpt lat="46.47885387763381" lon="15.123113002628088">
        <ele>467.3999938964844</ele>
      </trkpt>
      <trkpt lat="46.47881833836436" lon="15.123154493048787">
        <ele>467.20001220703125</ele>
      </trkpt>
      <trkpt lat="46.478780871257186" lon="15.123196067288518">
        <ele>467.20001220703125</ele>
      </trkpt>
      <trkpt lat="46.478744158521295" lon="15.123238731175661">
        <ele>467.20001220703125</ele>
      </trkpt>
      <trkpt lat="46.47870618849993" lon="15.12328214943409">
        <ele>467.3999938964844</ele>
      </trkpt>
      <trkpt lat="46.47866830229759" lon="15.123321376740932">
        <ele>467.3999938964844</ele>
      </trkpt>
      <trkpt lat="46.47862907499075" lon="15.123356496915221">
        <ele>467.3999938964844</ele>
      </trkpt>
      <trkpt lat="46.47858724929392" lon="15.123393796384335">
        <ele>467.3999938964844</ele>
      </trkpt>
      <trkpt lat="46.47854902781546" lon="15.123432939872146">
        <ele>467.6000061035156</ele>
      </trkpt>
      <trkpt lat="46.47851089015603" lon="15.123473927378654">
        <ele>467.6000061035156</ele>
      </trkpt>
      <trkpt lat="46.47847384214401" lon="15.123512735590339">
        <ele>467.6000061035156</ele>
      </trkpt>
      <trkpt lat="46.47843712940812" lon="15.123550789430737">
        <ele>467.79998779296875</ele>
      </trkpt>
      <trkpt lat="46.478400165215135" lon="15.123589262366295">
        <ele>467.79998779296875</ele>
      </trkpt>
      <trkpt lat="46.47836429066956" lon="15.123625556007028">
        <ele>467.79998779296875</ele>
      </trkpt>
      <trkpt lat="46.478328332304955" lon="15.123663609847426">
        <ele>468</ele>
      </trkpt>
      <trkpt lat="46.478293212130666" lon="15.123700574040413">
        <ele>468.20001220703125</ele>
      </trkpt>
      <trkpt lat="46.47825633175671" lon="15.123738208785653">
        <ele>468.20001220703125</ele>
      </trkpt>
      <trkpt lat="46.47821685299277" lon="15.123775256797671">
        <ele>468.3999938964844</ele>
      </trkpt>
      <trkpt lat="46.47817519493401" lon="15.123812472447753">
        <ele>468.3999938964844</ele>
      </trkpt>
      <trkpt lat="46.478136805817485" lon="15.123851615935564">
        <ele>468.3999938964844</ele>
      </trkpt>
      <trkpt lat="46.47810076363385" lon="15.123891429975629">
        <ele>468.3999938964844</ele>
      </trkpt>
      <trkpt lat="46.478063045069575" lon="15.123932333663106">
        <ele>468.6000061035156</ele>
      </trkpt>
      <trkpt lat="46.478022895753384" lon="15.123971477150917">
        <ele>468.6000061035156</ele>
      </trkpt>
      <trkpt lat="46.47798157297075" lon="15.124010536819696">
        <ele>468.6000061035156</ele>
      </trkpt>
      <trkpt lat="46.47793974727392" lon="15.124050602316856">
        <ele>468.6000061035156</ele>
      </trkpt>
      <trkpt lat="46.477901777252555" lon="15.124087734147906">
        <ele>468.6000061035156</ele>
      </trkpt>
      <trkpt lat="46.47786254994571" lon="15.124124279245734">
        <ele>468.79998779296875</ele>
      </trkpt>
      <trkpt lat="46.47782466374338" lon="15.124156968668103">
        <ele>468.79998779296875</ele>
      </trkpt>
      <trkpt lat="46.47778702899814" lon="15.124188484624028">
        <ele>469</ele>
      </trkpt>
      <trkpt lat="46.47774905897677" lon="15.12421840801835">
        <ele>469</ele>
      </trkpt>
      <trkpt lat="46.47770958021283" lon="15.124250091612339">
        <ele>469</ele>
      </trkpt>
      <trkpt lat="46.47766943089664" lon="15.124281607568264">
        <ele>469.20001220703125</ele>
      </trkpt>
      <trkpt lat="46.47762903012335" lon="15.124314464628696">
        <ele>469.20001220703125</ele>
      </trkpt>
      <trkpt lat="46.47759072482586" lon="15.124342124909163">
        <ele>469.3999938964844</ele>
      </trkpt>
      <trkpt lat="46.47755208425224" lon="15.124368611723185">
        <ele>469.3999938964844</ele>
      </trkpt>
      <trkpt lat="46.477512773126364" lon="15.124393841251731">
        <ele>469.6000061035156</ele>
      </trkpt>
      <trkpt lat="46.47747061215341" lon="15.124423261731863">
        <ele>469.6000061035156</ele>
      </trkpt>
      <trkpt lat="46.47742995992303" lon="15.124454107135534">
        <ele>469.6000061035156</ele>
      </trkpt>
      <trkpt lat="46.47739056497812" lon="15.124486042186618">
        <ele>469.6000061035156</ele>
      </trkpt>
      <trkpt lat="46.47734974510968" lon="15.124518144875765">
        <ele>469.79998779296875</ele>
      </trkpt>
      <trkpt lat="46.477309511974454" lon="15.124547900632024">
        <ele>469.79998779296875</ele>
      </trkpt>
      <trkpt lat="46.477271458134055" lon="15.124575393274426">
        <ele>469.79998779296875</ele>
      </trkpt>
      <trkpt lat="46.47723264992237" lon="15.12460338883102">
        <ele>469.79998779296875</ele>
      </trkpt>
      <trkpt lat="46.477196691557765" lon="15.124627612531185">
        <ele>469.79998779296875</ele>
      </trkpt>
      <trkpt lat="46.47716232575476" lon="15.12465175241232">
        <ele>470</ele>
      </trkpt>
      <trkpt lat="46.4771291334182" lon="15.124672707170248">
        <ele>470</ele>
      </trkpt>
      <trkpt lat="46.47709719836712" lon="15.12469039298594">
        <ele>470.20001220703125</ele>
      </trkpt>
      <trkpt lat="46.477069202810526" lon="15.124707072973251">
        <ele>470.20001220703125</ele>
      </trkpt>
      <trkpt lat="46.477056881412864" lon="15.124714449048042">
        <ele>470.3999938964844</ele>
      </trkpt>
      <trkpt lat="46.477056881412864" lon="15.124714449048042">
        <ele>470.3999938964844</ele>
      </trkpt>
      <trkpt lat="46.477083787322044" lon="15.124712605029345">
        <ele>470.20001220703125</ele>
      </trkpt>
      <trkpt lat="46.477094599977136" lon="15.124703049659729">
        <ele>470.20001220703125</ele>
      </trkpt>
      <trkpt lat="46.47710935212672" lon="15.124691985547543">
        <ele>470.20001220703125</ele>
      </trkpt>
      <trkpt lat="46.477124858647585" lon="15.124681843444705">
        <ele>470</ele>
      </trkpt>
      <trkpt lat="46.477141454815865" lon="15.124672958627343">
        <ele>470</ele>
      </trkpt>
      <trkpt lat="46.47715788334608" lon="15.124663654714823">
        <ele>470</ele>
      </trkpt>
      <trkpt lat="46.47717498242855" lon="15.124650662764907">
        <ele>469.79998779296875</ele>
      </trkpt>
      <trkpt lat="46.47719074040651" lon="15.12463758699596">
        <ele>469.79998779296875</ele>
      </trkpt>
      <trkpt lat="46.47720314562321" lon="15.124630965292454">
        <ele>469.79998779296875</ele>
      </trkpt>
      <trkpt lat="46.4772002119571" lon="15.124614369124174">
        <ele>469.79998779296875</ele>
      </trkpt>
      <trkpt lat="46.4772002119571" lon="15.124614369124174">
        <ele>469.79998779296875</ele>
      </trkpt>
      <trkpt lat="46.4772002119571" lon="15.124614369124174">
        <ele>469.79998779296875</ele>
      </trkpt>
      <trkpt lat="46.4772002119571" lon="15.124614369124174">
        <ele>469.79998779296875</ele>
      </trkpt>
      <trkpt lat="46.477190405130386" lon="15.12462006881833">
        <ele>469.6000061035156</ele>
      </trkpt>
      <trkpt lat="46.47717875428498" lon="15.124630462378263">
        <ele>469.6000061035156</ele>
      </trkpt>
      <trkpt lat="46.4771619066596" lon="15.12464345432818">
        <ele>469.6000061035156</ele>
      </trkpt>
      <trkpt lat="46.47714086808264" lon="15.124660301953554">
        <ele>469.6000061035156</ele>
      </trkpt>
      <trkpt lat="46.47711714729667" lon="15.124679831787944">
        <ele>469.6000061035156</ele>
      </trkpt>
      <trkpt lat="46.477090660482645" lon="15.12469919398427">
        <ele>469.6000061035156</ele>
      </trkpt>
      <trkpt lat="46.477060317993164" lon="15.124721908941865">
        <ele>469.6000061035156</ele>
      </trkpt>
      <trkpt lat="46.47702603600919" lon="15.124747473746538">
        <ele>469.6000061035156</ele>
      </trkpt>
      <trkpt lat="46.47699426859617" lon="15.12477002106607">
        <ele>469.6000061035156</ele>
      </trkpt>
      <trkpt lat="46.47696132771671" lon="15.124791311100125">
        <ele>469.79998779296875</ele>
      </trkpt>
      <trkpt lat="46.47692771628499" lon="15.12481302022934">
        <ele>469.79998779296875</ele>
      </trkpt>
      <trkpt lat="46.47689159028232" lon="15.124832885339856">
        <ele>469.79998779296875</ele>
      </trkpt>
      <trkpt lat="46.47685538046062" lon="15.12485509738326">
        <ele>470</ele>
      </trkpt>
      <trkpt lat="46.476818500086665" lon="15.12487948872149">
        <ele>470</ele>
      </trkpt>
      <trkpt lat="46.4767786860466" lon="15.124907149001956">
        <ele>470</ele>
      </trkpt>
      <trkpt lat="46.476739291101694" lon="15.124933049082756">
        <ele>470</ele>
      </trkpt>
      <trkpt lat="46.47670065052807" lon="15.124958110973239">
        <ele>470.20001220703125</ele>
      </trkpt>
      <trkpt lat="46.47666142322123" lon="15.124983172863722">
        <ele>470.3999938964844</ele>
      </trkpt>
      <trkpt lat="46.47662588395178" lon="15.125007564201951">
        <ele>470.3999938964844</ele>
      </trkpt>
      <trkpt lat="46.47659302689135" lon="15.125027596950531">
        <ele>470.3999938964844</ele>
      </trkpt>
      <trkpt lat="46.476556565612555" lon="15.125049641355872">
        <ele>470.6000061035156</ele>
      </trkpt>
      <trkpt lat="46.476519433781505" lon="15.125074367970228">
        <ele>470.6000061035156</ele>
      </trkpt>
      <trkpt lat="46.47648221813142" lon="15.125098507851362">
        <ele>470.6000061035156</ele>
      </trkpt>
      <trkpt lat="46.476447181776166" lon="15.12511988170445">
        <ele>470.6000061035156</ele>
      </trkpt>
      <trkpt lat="46.47640963084996" lon="15.125141255557537">
        <ele>470.6000061035156</ele>
      </trkpt>
      <trkpt lat="46.476373840123415" lon="15.125164557248354">
        <ele>470.6000061035156</ele>
      </trkpt>
      <trkpt lat="46.47633612155914" lon="15.125190541148186">
        <ele>470.79998779296875</ele>
      </trkpt>
      <trkpt lat="46.47630066610873" lon="15.125217447057366">
        <ele>471</ele>
      </trkpt>
      <trkpt lat="46.47626562975347" lon="15.125242592766881">
        <ele>471.20001220703125</ele>
      </trkpt>
      <trkpt lat="46.47623151540756" lon="15.12526698410511">
        <ele>471.3999938964844</ele>
      </trkpt>
      <trkpt lat="46.47619522176683" lon="15.125290118157864">
        <ele>471.6000061035156</ele>
      </trkpt>
      <trkpt lat="46.47616010159254" lon="15.125310067087412">
        <ele>471.79998779296875</ele>
      </trkpt>
      <trkpt lat="46.47612632252276" lon="15.125329764559865">
        <ele>472</ele>
      </trkpt>
      <trkpt lat="46.47609061561525" lon="15.125352898612618">
        <ele>472</ele>
      </trkpt>
      <trkpt lat="46.476056249812245" lon="15.125376200303435">
        <ele>472.20001220703125</ele>
      </trkpt>
      <trkpt lat="46.476019537076354" lon="15.125401681289077">
        <ele>472.20001220703125</ele>
      </trkpt>
      <trkpt lat="46.47598357871175" lon="15.12542573735118">
        <ele>472.20001220703125</ele>
      </trkpt>
      <trkpt lat="46.475945860147476" lon="15.125450799241662">
        <ele>472.20001220703125</ele>
      </trkpt>
      <trkpt lat="46.47590956650674" lon="15.125475358217955">
        <ele>472.20001220703125</ele>
      </trkpt>
      <trkpt lat="46.4758753683418" lon="15.125498240813613">
        <ele>472.3999938964844</ele>
      </trkpt>
      <trkpt lat="46.47584066726267" lon="15.125522632151842">
        <ele>472.3999938964844</ele>
      </trkpt>
      <trkpt lat="46.47580487653613" lon="15.125548616051674">
        <ele>472.3999938964844</ele>
      </trkpt>
      <trkpt lat="46.4757667388767" lon="15.125572923570871">
        <ele>472.6000061035156</ele>
      </trkpt>
      <trkpt lat="46.475729858502746" lon="15.125593543052673">
        <ele>472.6000061035156</ele>
      </trkpt>
      <trkpt lat="46.475693145766854" lon="15.125614162534475">
        <ele>472.6000061035156</ele>
      </trkpt>
      <trkpt lat="46.47565710358322" lon="15.12563587166369">
        <ele>472.6000061035156</ele>
      </trkpt>
      <trkpt lat="46.47562240250409" lon="15.125655988231301">
        <ele>472.79998779296875</ele>
      </trkpt>
      <trkpt lat="46.475587198510766" lon="15.125678116455674">
        <ele>472.79998779296875</ele>
      </trkpt>
      <trkpt lat="46.47555400617421" lon="15.12569890357554">
        <ele>472.79998779296875</ele>
      </trkpt>
      <trkpt lat="46.47551955655217" lon="15.125720780342817">
        <ele>472.79998779296875</ele>
      </trkpt>
      <trkpt lat="46.475484520196915" lon="15.125743746757507">
        <ele>473</ele>
      </trkpt>
      <trkpt lat="46.475451327860355" lon="15.12576537206769">
        <ele>473</ele>
      </trkpt>
      <trkpt lat="46.4754178840667" lon="15.125787751749158">
        <ele>473</ele>
      </trkpt>
      <trkpt lat="46.4753832668066" lon="15.125810550525784">
        <ele>473</ele>
      </trkpt>
      <trkpt lat="46.47534789517522" lon="15.125832511112094">
        <ele>473.20001220703125</ele>
      </trkpt>
      <trkpt lat="46.475309170782566" lon="15.125857573002577">
        <ele>473.20001220703125</ele>
      </trkpt>
      <trkpt lat="46.475273882970214" lon="15.125881796702743">
        <ele>473.3999938964844</ele>
      </trkpt>
      <trkpt lat="46.47523641586304" lon="15.125905936583877">
        <ele>473.3999938964844</ele>
      </trkpt>
      <trkpt lat="46.475199619308114" lon="15.125929405912757">
        <ele>473.6000061035156</ele>
      </trkpt>
      <trkpt lat="46.47516273893416" lon="15.12595052830875">
        <ele>473.6000061035156</ele>
      </trkpt>
      <trkpt lat="46.475127367302775" lon="15.125973243266344">
        <ele>473.79998779296875</ele>
      </trkpt>
      <trkpt lat="46.47509375587106" lon="15.125995958223939">
        <ele>473.79998779296875</ele>
      </trkpt>
      <trkpt lat="46.475058468058705" lon="15.12602093629539">
        <ele>474</ele>
      </trkpt>
      <trkpt lat="46.475022844970226" lon="15.126046082004905">
        <ele>474.20001220703125</ele>
      </trkpt>
      <trkpt lat="46.47498898208141" lon="15.126067958772182">
        <ele>474.20001220703125</ele>
      </trkpt>
      <trkpt lat="46.47495402954519" lon="15.126089584082365">
        <ele>474.3999938964844</ele>
      </trkpt>
      <trkpt lat="46.474918657913804" lon="15.126110119745135">
        <ele>474.3999938964844</ele>
      </trkpt>
      <trkpt lat="46.47488320246339" lon="15.12613132596016">
        <ele>474.3999938964844</ele>
      </trkpt>
      <trkpt lat="46.47484581917524" lon="15.126153286546469">
        <ele>474.3999938964844</ele>
      </trkpt>
      <trkpt lat="46.474809776991606" lon="15.126177007332444">
        <ele>474.3999938964844</ele>
      </trkpt>
      <trkpt lat="46.47477591410279" lon="15.126199638471007">
        <ele>474.3999938964844</ele>
      </trkpt>
      <trkpt lat="46.4747392013669" lon="15.126226041465998">
        <ele>474.3999938964844</ele>
      </trkpt>
      <trkpt lat="46.47470039315522" lon="15.126251941546798">
        <ele>474.3999938964844</ele>
      </trkpt>
      <trkpt lat="46.47466225549579" lon="15.12627792544663">
        <ele>474.20001220703125</ele>
      </trkpt>
      <trkpt lat="46.474625458940864" lon="15.126302149146795">
        <ele>474.20001220703125</ele>
      </trkpt>
      <trkpt lat="46.4745890814811" lon="15.126321511343122">
        <ele>474.20001220703125</ele>
      </trkpt>
      <trkpt lat="46.47455329075456" lon="15.12634296901524">
        <ele>474.20001220703125</ele>
      </trkpt>
      <trkpt lat="46.47451884113252" lon="15.12636543251574">
        <ele>474.20001220703125</ele>
      </trkpt>
      <trkpt lat="46.474485229700804" lon="15.126388818025589">
        <ele>474.20001220703125</ele>
      </trkpt>
      <trkpt lat="46.47444994188845" lon="15.126411197707057">
        <ele>474.3999938964844</ele>
      </trkpt>
      <trkpt lat="46.4744164980948" lon="15.126430727541447">
        <ele>474.3999938964844</ele>
      </trkpt>
      <trkpt lat="46.47438406012952" lon="15.1264504250139">
        <ele>474.6000061035156</ele>
      </trkpt>
      <trkpt lat="46.4743522927165" lon="15.126470373943448">
        <ele>474.6000061035156</ele>
      </trkpt>
      <trkpt lat="46.47431650198996" lon="15.126495603471994">
        <ele>474.79998779296875</ele>
      </trkpt>
      <trkpt lat="46.474281046539545" lon="15.12651739642024">
        <ele>474.79998779296875</ele>
      </trkpt>
      <trkpt lat="46.474244920536876" lon="15.126539776101708">
        <ele>475</ele>
      </trkpt>
      <trkpt lat="46.47420753724873" lon="15.126563748344779">
        <ele>475</ele>
      </trkpt>
      <trkpt lat="46.47417074069381" lon="15.126587385311723">
        <ele>475</ele>
      </trkpt>
      <trkpt lat="46.474134949967265" lon="15.126609848812222">
        <ele>475.20001220703125</ele>
      </trkpt>
      <trkpt lat="46.474099243059754" lon="15.126629630103707">
        <ele>475.20001220703125</ele>
      </trkpt>
      <trkpt lat="46.47406303323805" lon="15.126650920137763">
        <ele>475.3999938964844</ele>
      </trkpt>
      <trkpt lat="46.47402883507311" lon="15.126675562933087">
        <ele>475.3999938964844</ele>
      </trkpt>
      <trkpt lat="46.473995223641396" lon="15.126698110252619">
        <ele>475.6000061035156</ele>
      </trkpt>
      <trkpt lat="46.473962953314185" lon="15.126719232648611">
        <ele>475.6000061035156</ele>
      </trkpt>
      <trkpt lat="46.47393194027245" lon="15.126737421378493">
        <ele>475.79998779296875</ele>
      </trkpt>
      <trkpt lat="46.47390000522137" lon="15.126758040860295">
        <ele>475.79998779296875</ele>
      </trkpt>
      <trkpt lat="46.47386630997062" lon="15.126779917627573">
        <ele>476</ele>
      </trkpt>
      <trkpt lat="46.47383336909115" lon="15.126800034195185">
        <ele>476</ele>
      </trkpt>
      <trkpt lat="46.47379908710718" lon="15.126823084428906">
        <ele>476</ele>
      </trkpt>
      <trkpt lat="46.47376514039934" lon="15.126845967024565">
        <ele>475.79998779296875</ele>
      </trkpt>
      <trkpt lat="46.47373354062438" lon="15.126863066107035">
        <ele>475.79998779296875</ele>
      </trkpt>
      <trkpt lat="46.47370085120201" lon="15.126884691417217">
        <ele>475.79998779296875</ele>
      </trkpt>
      <trkpt lat="46.473666317760944" lon="15.126906400546432">
        <ele>476</ele>
      </trkpt>
      <trkpt lat="46.47363186813891" lon="15.12693028897047">
        <ele>476</ele>
      </trkpt>
      <trkpt lat="46.47359859198332" lon="15.126952668651938">
        <ele>476</ele>
      </trkpt>
      <trkpt lat="46.473565232008696" lon="15.126974293962121">
        <ele>476</ele>
      </trkpt>
      <trkpt lat="46.47353212349117" lon="15.126997930929065">
        <ele>476</ele>
      </trkpt>
      <trkpt lat="46.47349859587848" lon="15.12702165171504">
        <ele>476.20001220703125</ele>
      </trkpt>
      <trkpt lat="46.47346246987581" lon="15.12704411521554">
        <ele>476.20001220703125</ele>
      </trkpt>
      <trkpt lat="46.47342852316797" lon="15.127066913992167">
        <ele>476.20001220703125</ele>
      </trkpt>
      <trkpt lat="46.47339482791722" lon="15.12708954513073">
        <ele>476.3999938964844</ele>
      </trkpt>
      <trkpt lat="46.47336205467582" lon="15.12710957787931">
        <ele>476.3999938964844</ele>
      </trkpt>
      <trkpt lat="46.473327185958624" lon="15.127131287008524">
        <ele>476.3999938964844</ele>
      </trkpt>
      <trkpt lat="46.47329432889819" lon="15.12715165503323">
        <ele>476.6000061035156</ele>
      </trkpt>
      <trkpt lat="46.473260717466474" lon="15.127172693610191">
        <ele>476.79998779296875</ele>
      </trkpt>
      <trkpt lat="46.47322475910187" lon="15.127194905653596">
        <ele>476.79998779296875</ele>
      </trkpt>
      <trkpt lat="46.47319064475596" lon="15.12721175327897">
        <ele>476.79998779296875</ele>
      </trkpt>
      <trkpt lat="46.47315317764878" lon="15.127232624217868">
        <ele>477</ele>
      </trkpt>
      <trkpt lat="46.47311738692224" lon="15.127255758270621">
        <ele>477</ele>
      </trkpt>
      <trkpt lat="46.47308369167149" lon="15.127279562875628">
        <ele>477</ele>
      </trkpt>
      <trkpt lat="46.47304932586849" lon="15.127306133508682">
        <ele>477.20001220703125</ele>
      </trkpt>
      <trkpt lat="46.473015462979674" lon="15.127332117408514">
        <ele>477.20001220703125</ele>
      </trkpt>
      <trkpt lat="46.47298160009086" lon="15.127354664728045">
        <ele>477.3999938964844</ele>
      </trkpt>
      <trkpt lat="46.47294723428786" lon="15.127375954762101">
        <ele>477.3999938964844</ele>
      </trkpt>
      <trkpt lat="46.47291018627584" lon="15.127397999167442">
        <ele>477.6000061035156</ele>
      </trkpt>
      <trkpt lat="46.47287447936833" lon="15.127418953925371">
        <ele>477.6000061035156</ele>
      </trkpt>
      <trkpt lat="46.47283969447017" lon="15.12743839994073">
        <ele>477.79998779296875</ele>
      </trkpt>
      <trkpt lat="46.472803903743625" lon="15.127458600327373">
        <ele>477.79998779296875</ele>
      </trkpt>
      <trkpt lat="46.47276953794062" lon="15.127479387447238">
        <ele>477.79998779296875</ele>
      </trkpt>
      <trkpt lat="46.47273299284279" lon="15.127503862604499">
        <ele>477.79998779296875</ele>
      </trkpt>
      <trkpt lat="46.47269871085882" lon="15.127527248114347">
        <ele>477.79998779296875</ele>
      </trkpt>
      <trkpt lat="46.472666189074516" lon="15.127549543976784">
        <ele>477.79998779296875</ele>
      </trkpt>
      <trkpt lat="46.472634337842464" lon="15.12756991200149">
        <ele>478</ele>
      </trkpt>
      <trkpt lat="46.47260122932494" lon="15.12759136967361">
        <ele>478.20001220703125</ele>
      </trkpt>
      <trkpt lat="46.472566947340965" lon="15.12761333025992">
        <ele>478.20001220703125</ele>
      </trkpt>
      <trkpt lat="46.472533252090216" lon="15.127634117379785">
        <ele>478.3999938964844</ele>
      </trkpt>
      <trkpt lat="46.47249922156334" lon="15.127654653042555">
        <ele>478.3999938964844</ele>
      </trkpt>
      <trkpt lat="46.47246443666518" lon="15.127675188705325">
        <ele>478.6000061035156</ele>
      </trkpt>
      <trkpt lat="46.472426718100905" lon="15.127697652205825">
        <ele>478.6000061035156</ele>
      </trkpt>
      <trkpt lat="46.47239335812628" lon="15.127716427668929">
        <ele>478.79998779296875</ele>
      </trkpt>
      <trkpt lat="46.472359243780375" lon="15.12773939408362">
        <ele>478.79998779296875</ele>
      </trkpt>
      <trkpt lat="46.472326554358006" lon="15.127763198688626">
        <ele>478.79998779296875</ele>
      </trkpt>
      <trkpt lat="46.472294284030795" lon="15.127784572541714">
        <ele>479</ele>
      </trkpt>
      <trkpt lat="46.472262013703585" lon="15.127804353833199">
        <ele>479</ele>
      </trkpt>
      <trkpt lat="46.472228821367025" lon="15.127826733514667">
        <ele>479</ele>
      </trkpt>
      <trkpt lat="46.472196048125625" lon="15.127848275005817">
        <ele>479</ele>
      </trkpt>
      <trkpt lat="46.472163274884224" lon="15.12786847539246">
        <ele>479.20001220703125</ele>
      </trkpt>
      <trkpt lat="46.4721317589283" lon="15.127886580303311">
        <ele>479.20001220703125</ele>
      </trkpt>
      <trkpt lat="46.47210141643882" lon="15.127903260290623">
        <ele>479.3999938964844</ele>
      </trkpt>
      <trkpt lat="46.472069062292576" lon="15.127923376858234">
        <ele>479.3999938964844</ele>
      </trkpt>
      <trkpt lat="46.47203561849892" lon="15.127946343272924">
        <ele>479.3999938964844</ele>
      </trkpt>
      <trkpt lat="46.47200125269592" lon="15.127969644963741">
        <ele>479.3999938964844</ele>
      </trkpt>
      <trkpt lat="46.471966886892915" lon="15.12799160555005">
        <ele>479.3999938964844</ele>
      </trkpt>
      <trkpt lat="46.471931179985404" lon="15.128011386841536">
        <ele>479.6000061035156</ele>
      </trkpt>
      <trkpt lat="46.47189631126821" lon="15.128031335771084">
        <ele>479.6000061035156</ele>
      </trkpt>
      <trkpt lat="46.47186144255102" lon="15.128054386004806">
        <ele>479.6000061035156</ele>
      </trkpt>
      <trkpt lat="46.47182682529092" lon="15.128077855333686">
        <ele>479.79998779296875</ele>
      </trkpt>
      <trkpt lat="46.47179212421179" lon="15.128101157024503">
        <ele>479.79998779296875</ele>
      </trkpt>
      <trkpt lat="46.471758261322975" lon="15.128121189773083">
        <ele>479.79998779296875</ele>
      </trkpt>
      <trkpt lat="46.47172104567289" lon="15.128142647445202">
        <ele>479.79998779296875</ele>
      </trkpt>
      <trkpt lat="46.471682069823146" lon="15.128167206421494">
        <ele>479.79998779296875</ele>
      </trkpt>
      <trkpt lat="46.471644351258874" lon="15.128191094845533">
        <ele>479.79998779296875</ele>
      </trkpt>
      <trkpt lat="46.47160571068525" lon="15.128216240555048">
        <ele>480</ele>
      </trkpt>
      <trkpt lat="46.47156908176839" lon="15.128242895007133">
        <ele>480</ele>
      </trkpt>
      <trkpt lat="46.47153463214636" lon="15.12826862744987">
        <ele>480</ele>
      </trkpt>
      <trkpt lat="46.47149993106723" lon="15.128291174769402">
        <ele>480</ele>
      </trkpt>
      <trkpt lat="46.47146489471197" lon="15.128310788422823">
        <ele>480</ele>
      </trkpt>
      <trkpt lat="46.47142868489027" lon="15.12833308428526">
        <ele>480</ele>
      </trkpt>
      <trkpt lat="46.471391720697284" lon="15.128357307985425">
        <ele>480</ele>
      </trkpt>
      <trkpt lat="46.47135626524687" lon="15.128379687666893">
        <ele>480.20001220703125</ele>
      </trkpt>
      <trkpt lat="46.47132181562483" lon="15.128400977700949">
        <ele>480.3999938964844</ele>
      </trkpt>
      <trkpt lat="46.47128694690764" lon="15.12842201627791">
        <ele>480.3999938964844</ele>
      </trkpt>
      <trkpt lat="46.47125040180981" lon="15.128444731235504">
        <ele>480.3999938964844</ele>
      </trkpt>
      <trkpt lat="46.47121511399746" lon="15.128468871116638">
        <ele>480.6000061035156</ele>
      </trkpt>
      <trkpt lat="46.47117890417576" lon="15.128491837531328">
        <ele>480.6000061035156</ele>
      </trkpt>
      <trkpt lat="46.47114437073469" lon="15.128514803946018">
        <ele>480.79998779296875</ele>
      </trkpt>
      <trkpt lat="46.47110732272267" lon="15.128539446741343">
        <ele>480.79998779296875</ele>
      </trkpt>
      <trkpt lat="46.47107086144388" lon="15.128563335165381">
        <ele>480.79998779296875</ele>
      </trkpt>
      <trkpt lat="46.47103389725089" lon="15.128583535552025">
        <ele>481</ele>
      </trkpt>
      <trkpt lat="46.47099634632468" lon="15.128604993224144">
        <ele>481</ele>
      </trkpt>
      <trkpt lat="46.47096013650298" lon="15.128627959638834">
        <ele>481</ele>
      </trkpt>
      <trkpt lat="46.4709247648716" lon="15.128653524443507">
        <ele>481.20001220703125</ele>
      </trkpt>
      <trkpt lat="46.47088889032602" lon="15.128681855276227">
        <ele>481.20001220703125</ele>
      </trkpt>
      <trkpt lat="46.470853853970766" lon="15.128709012642503">
        <ele>481.3999938964844</ele>
      </trkpt>
      <trkpt lat="46.47081923671067" lon="15.12873717583716">
        <ele>481.3999938964844</ele>
      </trkpt>
      <trkpt lat="46.47078319452703" lon="15.128765171393752">
        <ele>481.6000061035156</ele>
      </trkpt>
      <trkpt lat="46.470748325809836" lon="15.128792580217123">
        <ele>481.6000061035156</ele>
      </trkpt>
      <trkpt lat="46.47071328945458" lon="15.128819653764367">
        <ele>481.79998779296875</ele>
      </trkpt>
      <trkpt lat="46.47067724727094" lon="15.128843626007438">
        <ele>481.79998779296875</ele>
      </trkpt>
      <trkpt lat="46.47064162418246" lon="15.128864496946335">
        <ele>481.79998779296875</ele>
      </trkpt>
      <trkpt lat="46.47060382179916" lon="15.128883188590407">
        <ele>482</ele>
      </trkpt>
      <trkpt lat="46.470565935596824" lon="15.128899784758687">
        <ele>482</ele>
      </trkpt>
      <trkpt lat="46.47052771411836" lon="15.128914704546332">
        <ele>482</ele>
      </trkpt>
      <trkpt lat="46.47048890590668" lon="15.128930127248168">
        <ele>482</ele>
      </trkpt>
      <trkpt lat="46.470449762418866" lon="15.128947561606765">
        <ele>482</ele>
      </trkpt>
      <trkpt lat="46.4704117923975" lon="15.128971366211772">
        <ele>482</ele>
      </trkpt>
      <trkpt lat="46.470374409109354" lon="15.128996344283223">
        <ele>482.20001220703125</ele>
      </trkpt>
      <trkpt lat="46.47033886983991" lon="15.129018388688564">
        <ele>482.20001220703125</ele>
      </trkpt>
      <trkpt lat="46.47030324675143" lon="15.129040768370032">
        <ele>482.20001220703125</ele>
      </trkpt>
      <trkpt lat="46.47026762366295" lon="15.129062393680215">
        <ele>482.3999938964844</ele>
      </trkpt>
      <trkpt lat="46.47023091092706" lon="15.129086449742317">
        <ele>482.3999938964844</ele>
      </trkpt>
      <trkpt lat="46.4701958745718" lon="15.12911100871861">
        <ele>482.6000061035156</ele>
      </trkpt>
      <trkpt lat="46.47016016766429" lon="15.129136824980378">
        <ele>482.6000061035156</ele>
      </trkpt>
      <trkpt lat="46.47012638859451" lon="15.129164569079876">
        <ele>482.6000061035156</ele>
      </trkpt>
      <trkpt lat="46.470093950629234" lon="15.12918728403747">
        <ele>482.6000061035156</ele>
      </trkpt>
      <trkpt lat="46.47005966864526" lon="15.129208154976368">
        <ele>482.6000061035156</ele>
      </trkpt>
      <trkpt lat="46.47002681158483" lon="15.129225924611092">
        <ele>482.6000061035156</ele>
      </trkpt>
      <trkpt lat="46.469993786886334" lon="15.129245538264513">
        <ele>482.79998779296875</ele>
      </trkpt>
      <trkpt lat="46.46996034309268" lon="15.129266660660505">
        <ele>482.79998779296875</ele>
      </trkpt>
      <trkpt lat="46.46992756985128" lon="15.129287783056498">
        <ele>483</ele>
      </trkpt>
      <trkpt lat="46.46989228203893" lon="15.129309827461839">
        <ele>483</ele>
      </trkpt>
      <trkpt lat="46.46985808387399" lon="15.12932893820107">
        <ele>483</ele>
      </trkpt>
      <trkpt lat="46.469824723899364" lon="15.129348635673523">
        <ele>483.20001220703125</ele>
      </trkpt>
      <trkpt lat="46.46978935226798" lon="15.129368165507913">
        <ele>483.20001220703125</ele>
      </trkpt>
      <trkpt lat="46.46975507028401" lon="15.129386857151985">
        <ele>483.20001220703125</ele>
      </trkpt>
      <trkpt lat="46.46971961483359" lon="15.129408650100231">
        <ele>483.3999938964844</ele>
      </trkpt>
      <trkpt lat="46.469688853248954" lon="15.129427593201399">
        <ele>483.3999938964844</ele>
      </trkpt>
      <trkpt lat="46.469657672569156" lon="15.12944963760674">
        <ele>483.3999938964844</ele>
      </trkpt>
      <trkpt lat="46.46962456405163" lon="15.12947210110724">
        <ele>483.3999938964844</ele>
      </trkpt>
      <trkpt lat="46.469588773325086" lon="15.129496408626437">
        <ele>483.20001220703125</ele>
      </trkpt>
      <trkpt lat="46.46955197677016" lon="15.12952147051692">
        <ele>483.20001220703125</ele>
      </trkpt>
      <trkpt lat="46.46951618604362" lon="15.129546616226435">
        <ele>483.20001220703125</ele>
      </trkpt>
      <trkpt lat="46.46947653964162" lon="15.1295708399266">
        <ele>483.20001220703125</ele>
      </trkpt>
      <trkpt lat="46.46943504922092" lon="15.1295967400074">
        <ele>483.3999938964844</ele>
      </trkpt>
      <trkpt lat="46.469396157190204" lon="15.129621466621757">
        <ele>483.3999938964844</ele>
      </trkpt>
      <trkpt lat="46.46935843862593" lon="15.129649210721254">
        <ele>483.6000061035156</ele>
      </trkpt>
      <trkpt lat="46.46932013332844" lon="15.129678379744291">
        <ele>483.6000061035156</ele>
      </trkpt>
      <trkpt lat="46.469284845516086" lon="15.129704363644123">
        <ele>483.79998779296875</ele>
      </trkpt>
      <trkpt lat="46.469248719513416" lon="15.129729844629765">
        <ele>483.79998779296875</ele>
      </trkpt>
      <trkpt lat="46.469210498034954" lon="15.129753481596708">
        <ele>484</ele>
      </trkpt>
      <trkpt lat="46.46917428821325" lon="15.129774855449796">
        <ele>484.20001220703125</ele>
      </trkpt>
      <trkpt lat="46.46914025768638" lon="15.12979606166482">
        <ele>484.20001220703125</ele>
      </trkpt>
      <trkpt lat="46.46910656243563" lon="15.12982145883143">
        <ele>484.3999938964844</ele>
      </trkpt>
      <trkpt lat="46.46907286718488" lon="15.129849957302213">
        <ele>484.6000061035156</ele>
      </trkpt>
      <trkpt lat="46.46904059685767" lon="15.129878288134933">
        <ele>484.6000061035156</ele>
      </trkpt>
      <trkpt lat="46.46900841034949" lon="15.129906786605716">
        <ele>484.79998779296875</ele>
      </trkpt>
      <trkpt lat="46.468975553289056" lon="15.129933692514896">
        <ele>484.79998779296875</ele>
      </trkpt>
      <trkpt lat="46.4689405169338" lon="15.129956407472491">
        <ele>484.79998779296875</ele>
      </trkpt>
      <trkpt lat="46.468905145302415" lon="15.129978703334928">
        <ele>485</ele>
      </trkpt>
      <trkpt lat="46.4688678458333" lon="15.130000161007047">
        <ele>485</ele>
      </trkpt>
      <trkpt lat="46.46883113309741" lon="15.13002136722207">
        <ele>485</ele>
      </trkpt>
      <trkpt lat="46.468798108398914" lon="15.13004181906581">
        <ele>485.20001220703125</ele>
      </trkpt>
      <trkpt lat="46.468766340985894" lon="15.130066042765975">
        <ele>485.20001220703125</ele>
      </trkpt>
      <trkpt lat="46.4687333162874" lon="15.130090769380331">
        <ele>485.3999938964844</ele>
      </trkpt>
      <trkpt lat="46.46869819611311" lon="15.130116418004036">
        <ele>485.6000061035156</ele>
      </trkpt>
      <trkpt lat="46.468665255233645" lon="15.130140138790011">
        <ele>485.79998779296875</ele>
      </trkpt>
      <trkpt lat="46.468632481992245" lon="15.13016201555729">
        <ele>485.79998779296875</ele>
      </trkpt>
      <trkpt lat="46.468600798398256" lon="15.13018305413425">
        <ele>486</ele>
      </trkpt>
      <trkpt lat="46.46856869570911" lon="15.130203841254115">
        <ele>486.20001220703125</ele>
      </trkpt>
      <trkpt lat="46.46853634156287" lon="15.130226220935583">
        <ele>486.20001220703125</ele>
      </trkpt>
      <trkpt lat="46.46850532852113" lon="15.130247343331575">
        <ele>486.3999938964844</ele>
      </trkpt>
      <trkpt lat="46.46847188472748" lon="15.13026762753725">
        <ele>486.3999938964844</ele>
      </trkpt>
      <trkpt lat="46.46843768656254" lon="15.130287576466799">
        <ele>486.6000061035156</ele>
      </trkpt>
      <trkpt lat="46.46840156055987" lon="15.130310039967299">
        <ele>486.6000061035156</ele>
      </trkpt>
      <trkpt lat="46.46836627274752" lon="15.130333844572306">
        <ele>486.6000061035156</ele>
      </trkpt>
      <trkpt lat="46.468330482020974" lon="15.130355888977647">
        <ele>486.79998779296875</ele>
      </trkpt>
      <trkpt lat="46.468292428180575" lon="15.13038002885878">
        <ele>486.79998779296875</ele>
      </trkpt>
      <trkpt lat="46.46825663745403" lon="15.130404001101851">
        <ele>487</ele>
      </trkpt>
      <trkpt lat="46.46822134964168" lon="15.130427638068795">
        <ele>487</ele>
      </trkpt>
      <trkpt lat="46.468184469267726" lon="15.130449682474136">
        <ele>487</ele>
      </trkpt>
      <trkpt lat="46.468146750703454" lon="15.13047382235527">
        <ele>487</ele>
      </trkpt>
      <trkpt lat="46.46810794249177" lon="15.130496118217707">
        <ele>487.20001220703125</ele>
      </trkpt>
      <trkpt lat="46.468066703528166" lon="15.13051975518465">
        <ele>487.20001220703125</ele>
      </trkpt>
      <trkpt lat="46.4680268894881" lon="15.13054272159934">
        <ele>487.3999938964844</ele>
      </trkpt>
      <trkpt lat="46.46798866800964" lon="15.130561664700508">
        <ele>487.6000061035156</ele>
      </trkpt>
      <trkpt lat="46.46795044653118" lon="15.130583876743913">
        <ele>487.6000061035156</ele>
      </trkpt>
      <trkpt lat="46.46791147068143" lon="15.130613716319203">
        <ele>487.79998779296875</ele>
      </trkpt>
      <trkpt lat="46.46787526085973" lon="15.130641208961606">
        <ele>487.79998779296875</ele>
      </trkpt>
      <trkpt lat="46.467837458476424" lon="15.13066635467112">
        <ele>487.79998779296875</ele>
      </trkpt>
      <trkpt lat="46.46780049428344" lon="15.13068932108581">
        <ele>487.79998779296875</ele>
      </trkpt>
      <trkpt lat="46.467762775719166" lon="15.130714047700167">
        <ele>488</ele>
      </trkpt>
      <trkpt lat="46.46772815845907" lon="15.130736259743571">
        <ele>488</ele>
      </trkpt>
      <trkpt lat="46.46769572049379" lon="15.13075671158731">
        <ele>488</ele>
      </trkpt>
      <trkpt lat="46.4676574151963" lon="15.130779510363936">
        <ele>488.20001220703125</ele>
      </trkpt>
      <trkpt lat="46.46762128919363" lon="15.130801806226373">
        <ele>488.20001220703125</ele>
      </trkpt>
      <trkpt lat="46.46758918650448" lon="15.130826449021697">
        <ele>488.3999938964844</ele>
      </trkpt>
      <trkpt lat="46.46755280904472" lon="15.130846565589309">
        <ele>488.6000061035156</ele>
      </trkpt>
      <trkpt lat="46.467520873993635" lon="15.130866263061762">
        <ele>488.6000061035156</ele>
      </trkpt>
      <trkpt lat="46.46748919039965" lon="15.13088914565742">
        <ele>488.79998779296875</ele>
      </trkpt>
      <trkpt lat="46.46745775826275" lon="15.130904484540224">
        <ele>488.79998779296875</ele>
      </trkpt>
      <trkpt lat="46.467421213164926" lon="15.130918733775616">
        <ele>489</ele>
      </trkpt>
      <trkpt lat="46.46738760173321" lon="15.130937341600657">
        <ele>489</ele>
      </trkpt>
      <trkpt lat="46.46735315211117" lon="15.130958966910839">
        <ele>489.20001220703125</ele>
      </trkpt>
      <trkpt lat="46.467315685003996" lon="15.13098536990583">
        <ele>489.20001220703125</ele>
      </trkpt>
      <trkpt lat="46.467281486839056" lon="15.131012946367264">
        <ele>489.3999938964844</ele>
      </trkpt>
      <trkpt lat="46.46724787540734" lon="15.131036080420017">
        <ele>489.3999938964844</ele>
      </trkpt>
      <trkpt lat="46.467214012518525" lon="15.131060052663088">
        <ele>489.6000061035156</ele>
      </trkpt>
      <trkpt lat="46.46717470139265" lon="15.131086455658078">
        <ele>489.6000061035156</ele>
      </trkpt>
      <trkpt lat="46.46713673137128" lon="15.131112271919847">
        <ele>489.6000061035156</ele>
      </trkpt>
      <trkpt lat="46.46709876134992" lon="15.131139513105154">
        <ele>489.79998779296875</ele>
      </trkpt>
      <trkpt lat="46.4670564327389" lon="15.131166335195303">
        <ele>489.79998779296875</ele>
      </trkpt>
      <trkpt lat="46.467014104127884" lon="15.131198521703482">
        <ele>490</ele>
      </trkpt>
      <trkpt lat="46.46697931922972" lon="15.131221655756235">
        <ele>490</ele>
      </trkpt>
      <trkpt lat="46.46693187765777" lon="15.13125367462635">
        <ele>490</ele>
      </trkpt>
      <trkpt lat="46.46689357236028" lon="15.131279993802309">
        <ele>490</ele>
      </trkpt>
      <trkpt lat="46.466854931786656" lon="15.131305810064077">
        <ele>490</ele>
      </trkpt>
      <trkpt lat="46.46681226789951" lon="15.131332213059068">
        <ele>490</ele>
      </trkpt>
      <trkpt lat="46.466772286221385" lon="15.13135383836925">
        <ele>490</ele>
      </trkpt>
      <trkpt lat="46.46673196926713" lon="15.13137822970748">
        <ele>490</ele>
      </trkpt>
      <trkpt lat="46.46669324487448" lon="15.131399435922503">
        <ele>490</ele>
      </trkpt>
      <trkpt lat="46.46665619686246" lon="15.131424413993955">
        <ele>490.20001220703125</ele>
      </trkpt>
      <trkpt lat="46.466619903221726" lon="15.131450649350882">
        <ele>490.20001220703125</ele>
      </trkpt>
      <trkpt lat="46.46658243611455" lon="15.131478309631348">
        <ele>490.3999938964844</ele>
      </trkpt>
      <trkpt lat="46.4665453042835" lon="15.131503958255053">
        <ele>490.3999938964844</ele>
      </trkpt>
      <trkpt lat="46.46650515496731" lon="15.131529523059726">
        <ele>490.6000061035156</ele>
      </trkpt>
      <trkpt lat="46.46646651439369" lon="15.131552824750543">
        <ele>490.6000061035156</ele>
      </trkpt>
      <trkpt lat="46.46642887964845" lon="15.13157763518393">
        <ele>490.6000061035156</ele>
      </trkpt>
      <trkpt lat="46.466392586007714" lon="15.131603954359889">
        <ele>490.79998779296875</ele>
      </trkpt>
      <trkpt lat="46.46635620854795" lon="15.131630776450038">
        <ele>490.79998779296875</ele>
      </trkpt>
      <trkpt lat="46.46631698124111" lon="15.131657179445028">
        <ele>490.79998779296875</ele>
      </trkpt>
      <trkpt lat="46.46627607755363" lon="15.131685258820653">
        <ele>490.79998779296875</ele>
      </trkpt>
      <trkpt lat="46.46623617969453" lon="15.13171442784369">
        <ele>490.79998779296875</ele>
      </trkpt>
      <trkpt lat="46.4661980420351" lon="15.131742507219315">
        <ele>490.79998779296875</ele>
      </trkpt>
      <trkpt lat="46.46615915000439" lon="15.13176865875721">
        <ele>490.79998779296875</ele>
      </trkpt>
      <trkpt lat="46.46612009033561" lon="15.131792295724154">
        <ele>491</ele>
      </trkpt>
      <trkpt lat="46.46608010865748" lon="15.131815513595939">
        <ele>491.20001220703125</ele>
      </trkpt>
      <trkpt lat="46.466042222455144" lon="15.131838228553534">
        <ele>491.3999938964844</ele>
      </trkpt>
      <trkpt lat="46.46600592881441" lon="15.13186496682465">
        <ele>491.6000061035156</ele>
      </trkpt>
      <trkpt lat="46.46596921607852" lon="15.131890783086419">
        <ele>491.79998779296875</ele>
      </trkpt>
      <trkpt lat="46.4659324195236" lon="15.131912995129824">
        <ele>492</ele>
      </trkpt>
      <trkpt lat="46.46589495241642" lon="15.131938643753529">
        <ele>492</ele>
      </trkpt>
      <trkpt lat="46.46585773676634" lon="15.131963454186916">
        <ele>492.20001220703125</ele>
      </trkpt>
      <trkpt lat="46.46582253277302" lon="15.131987007334828">
        <ele>492.20001220703125</ele>
      </trkpt>
      <trkpt lat="46.46578791551292" lon="15.132011817768216">
        <ele>492.20001220703125</ele>
      </trkpt>
      <trkpt lat="46.46575463935733" lon="15.132038304582238">
        <ele>492.3999938964844</ele>
      </trkpt>
      <trkpt lat="46.465721698477864" lon="15.132066300138831">
        <ele>492.3999938964844</ele>
      </trkpt>
      <trkpt lat="46.46568666212261" lon="15.132092451676726">
        <ele>492.3999938964844</ele>
      </trkpt>
      <trkpt lat="46.46565053611994" lon="15.132115669548512">
        <ele>492.3999938964844</ele>
      </trkpt>
      <trkpt lat="46.465613320469856" lon="15.132138971239328">
        <ele>492.3999938964844</ele>
      </trkpt>
      <trkpt lat="46.4655782841146" lon="15.132161770015955">
        <ele>492.6000061035156</ele>
      </trkpt>
      <trkpt lat="46.46554349921644" lon="15.132186831906438">
        <ele>492.6000061035156</ele>
      </trkpt>
      <trkpt lat="46.46550762467086" lon="15.132213653996587">
        <ele>492.79998779296875</ele>
      </trkpt>
      <trkpt lat="46.46547267213464" lon="15.132239386439323">
        <ele>493</ele>
      </trkpt>
      <trkpt lat="46.46543939597905" lon="15.132265035063028">
        <ele>493</ele>
      </trkpt>
      <trkpt lat="46.46541064605117" lon="15.132290348410606">
        <ele>493.20001220703125</ele>
      </trkpt>
      <trkpt lat="46.465378208085895" lon="15.132314655929804">
        <ele>493.20001220703125</ele>
      </trkpt>
      <trkpt lat="46.465342501178384" lon="15.132338209077716">
        <ele>493.20001220703125</ele>
      </trkpt>
      <trkpt lat="46.46530654281378" lon="15.132361929863691">
        <ele>493.3999938964844</ele>
      </trkpt>
      <trkpt lat="46.465271757915616" lon="15.132387578487396">
        <ele>493.3999938964844</ele>
      </trkpt>
      <trkpt lat="46.465238984674215" lon="15.132412808015943">
        <ele>493.3999938964844</ele>
      </trkpt>
      <trkpt lat="46.46520612761378" lon="15.132437366992235">
        <ele>493.6000061035156</ele>
      </trkpt>
      <trkpt lat="46.465173941105604" lon="15.132461171597242">
        <ele>493.79998779296875</ele>
      </trkpt>
      <trkpt lat="46.46514192223549" lon="15.132484389469028">
        <ele>493.79998779296875</ele>
      </trkpt>
      <trkpt lat="46.46511518396437" lon="15.132506769150496">
        <ele>493.79998779296875</ele>
      </trkpt>
      <trkpt lat="46.465094396844506" lon="15.132529316470027">
        <ele>494</ele>
      </trkpt>
      <trkpt lat="46.46507000550628" lon="15.132553540170193">
        <ele>494</ele>
      </trkpt>
      <trkpt lat="46.46504024975002" lon="15.132582373917103">
        <ele>494.20001220703125</ele>
      </trkpt>
      <trkpt lat="46.46501359529793" lon="15.132609866559505">
        <ele>494.20001220703125</ele>
      </trkpt>
      <trkpt lat="46.46498652175069" lon="15.132634425535798">
        <ele>494.3999938964844</ele>
      </trkpt>
      <trkpt lat="46.464958945289254" lon="15.132659738883376">
        <ele>494.3999938964844</ele>
      </trkpt>
      <trkpt lat="46.464924328029156" lon="15.132686560973525">
        <ele>494.6000061035156</ele>
      </trkpt>
      <trkpt lat="46.464894991368055" lon="15.132705504074693">
        <ele>494.6000061035156</ele>
      </trkpt>
      <trkpt lat="46.46486674435437" lon="15.13272880576551">
        <ele>494.6000061035156</ele>
      </trkpt>
      <trkpt lat="46.46483497694135" lon="15.132753532379866">
        <ele>494.79998779296875</ele>
      </trkpt>
      <trkpt lat="46.46480320952833" lon="15.13277624733746">
        <ele>494.79998779296875</ele>
      </trkpt>
      <trkpt lat="46.46476758643985" lon="15.13280256651342">
        <ele>494.79998779296875</ele>
      </trkpt>
      <trkpt lat="46.46473070606589" lon="15.132835004478693">
        <ele>494.79998779296875</ele>
      </trkpt>
      <trkpt lat="46.4646942447871" lon="15.132864592596889">
        <ele>495</ele>
      </trkpt>
      <trkpt lat="46.46465686149895" lon="15.132892755791545">
        <ele>495</ele>
      </trkpt>
      <trkpt lat="46.464623752981424" lon="15.132919661700726">
        <ele>495</ele>
      </trkpt>
      <trkpt lat="46.464587207883596" lon="15.132949082180858">
        <ele>495</ele>
      </trkpt>
      <trkpt lat="46.46455368027091" lon="15.132975736632943">
        <ele>495.20001220703125</ele>
      </trkpt>
      <trkpt lat="46.46452191285789" lon="15.133003732189536">
        <ele>495.20001220703125</ele>
      </trkpt>
      <trkpt lat="46.464487882331014" lon="15.133031224831939">
        <ele>495.3999938964844</ele>
      </trkpt>
      <trkpt lat="46.464457204565406" lon="15.133054526522756">
        <ele>495.3999938964844</ele>
      </trkpt>
      <trkpt lat="46.46442183293402" lon="15.133084785193205">
        <ele>495.3999938964844</ele>
      </trkpt>
      <trkpt lat="46.46438520401716" lon="15.133118899539113">
        <ele>495.6000061035156</ele>
      </trkpt>
      <trkpt lat="46.46435318514705" lon="15.133144715800881">
        <ele>495.6000061035156</ele>
      </trkpt>
      <trkpt lat="46.464321836829185" lon="15.133171286433935">
        <ele>495.6000061035156</ele>
      </trkpt>
      <trkpt lat="46.46428260952234" lon="15.133206406608224">
        <ele>495.79998779296875</ele>
      </trkpt>
      <trkpt lat="46.4642452262342" lon="15.133243957534432">
        <ele>495.79998779296875</ele>
      </trkpt>
      <trkpt lat="46.4642122015357" lon="15.133280837908387">
        <ele>495.79998779296875</ele>
      </trkpt>
      <trkpt lat="46.46418093703687" lon="15.133306737989187">
        <ele>496</ele>
      </trkpt>
      <trkpt lat="46.464149756357074" lon="15.133333643898368">
        <ele>496</ele>
      </trkpt>
      <trkpt lat="46.46411673165858" lon="15.133362980559468">
        <ele>496</ele>
      </trkpt>
      <trkpt lat="46.464081946760416" lon="15.133394580334425">
        <ele>496.20001220703125</ele>
      </trkpt>
      <trkpt lat="46.464045234024525" lon="15.133422324433923">
        <ele>496.20001220703125</ele>
      </trkpt>
      <trkpt lat="46.46401338279247" lon="15.133447805419564">
        <ele>496.20001220703125</ele>
      </trkpt>
      <trkpt lat="46.463981699198484" lon="15.133471358567476">
        <ele>496.3999938964844</ele>
      </trkpt>
      <trkpt lat="46.46394867449999" lon="15.133502623066306">
        <ele>496.3999938964844</ele>
      </trkpt>
      <trkpt lat="46.463915817439556" lon="15.133532546460629">
        <ele>496.3999938964844</ele>
      </trkpt>
      <trkpt lat="46.463884469121695" lon="15.133560793474317">
        <ele>496.6000061035156</ele>
      </trkpt>
      <trkpt lat="46.46385404281318" lon="15.133588956668973">
        <ele>496.6000061035156</ele>
      </trkpt>
      <trkpt lat="46.46382302977145" lon="15.13361569494009">
        <ele>496.6000061035156</ele>
      </trkpt>
      <trkpt lat="46.463789753615856" lon="15.133645702153444">
        <ele>496.6000061035156</ele>
      </trkpt>
      <trkpt lat="46.463757483288646" lon="15.133675960823894">
        <ele>496.79998779296875</ele>
      </trkpt>
      <trkpt lat="46.4637272246182" lon="15.133705297484994">
        <ele>496.79998779296875</ele>
      </trkpt>
      <trkpt lat="46.46369520574808" lon="15.133736142888665">
        <ele>496.79998779296875</ele>
      </trkpt>
      <trkpt lat="46.463660756126046" lon="15.133771011605859">
        <ele>496.79998779296875</ele>
      </trkpt>
      <trkpt lat="46.46362630650401" lon="15.13380428776145">
        <ele>496.79998779296875</ele>
      </trkpt>
      <trkpt lat="46.46359395235777" lon="15.133836809545755">
        <ele>496.79998779296875</ele>
      </trkpt>
      <trkpt lat="46.463561011478305" lon="15.133867487311363">
        <ele>496.79998779296875</ele>
      </trkpt>
      <trkpt lat="46.46353209391236" lon="15.133897243067622">
        <ele>496.79998779296875</ele>
      </trkpt>
      <trkpt lat="46.46350250579417" lon="15.133926663547754">
        <ele>496.79998779296875</ele>
      </trkpt>
      <trkpt lat="46.46346931345761" lon="15.133955832570791">
        <ele>496.79998779296875</ele>
      </trkpt>
      <trkpt lat="46.463435450568795" lon="15.133987097069621">
        <ele>496.79998779296875</ele>
      </trkpt>
      <trkpt lat="46.46340192295611" lon="15.134018948301673">
        <ele>497</ele>
      </trkpt>
      <trkpt lat="46.46336906589568" lon="15.134048787876964">
        <ele>497</ele>
      </trkpt>
      <trkpt lat="46.463337214663625" lon="15.134078543633223">
        <ele>497</ele>
      </trkpt>
      <trkpt lat="46.46330519579351" lon="15.134107964113355">
        <ele>497</ele>
      </trkpt>
      <trkpt lat="46.46327233873308" lon="15.134137133136392">
        <ele>497</ele>
      </trkpt>
      <trkpt lat="46.463240906596184" lon="15.134167056530714">
        <ele>497</ele>
      </trkpt>
      <trkpt lat="46.46320939064026" lon="15.13419865630567">
        <ele>497</ele>
      </trkpt>
      <trkpt lat="46.46317661739886" lon="15.134228495880961">
        <ele>497</ele>
      </trkpt>
      <trkpt lat="46.46314208395779" lon="15.134256407618523">
        <ele>497</ele>
      </trkpt>
      <trkpt lat="46.46310830488801" lon="15.134282810613513">
        <ele>497.20001220703125</ele>
      </trkpt>
      <trkpt lat="46.46307561546564" lon="15.134307285770774">
        <ele>497.20001220703125</ele>
      </trkpt>
      <trkpt lat="46.463043596595526" lon="15.134336035698652">
        <ele>497.20001220703125</ele>
      </trkpt>
      <trkpt lat="46.46301157772541" lon="15.134368473663926">
        <ele>497.3999938964844</ele>
      </trkpt>
      <trkpt lat="46.462979558855295" lon="15.134400743991137">
        <ele>497.3999938964844</ele>
      </trkpt>
      <trkpt lat="46.462946785613894" lon="15.13443117029965">
        <ele>497.3999938964844</ele>
      </trkpt>
      <trkpt lat="46.46291342563927" lon="15.134461093693972">
        <ele>497.3999938964844</ele>
      </trkpt>
      <trkpt lat="46.46288157440722" lon="15.134489508345723">
        <ele>497.3999938964844</ele>
      </trkpt>
      <trkpt lat="46.46284888498485" lon="15.134518509730697">
        <ele>497.6000061035156</ele>
      </trkpt>
      <trkpt lat="46.46281762048602" lon="15.13454801402986">
        <ele>497.6000061035156</ele>
      </trkpt>
      <trkpt lat="46.4627874456346" lon="15.134579027071595">
        <ele>497.6000061035156</ele>
      </trkpt>
      <trkpt lat="46.462756767868996" lon="15.134608447551727">
        <ele>497.6000061035156</ele>
      </trkpt>
      <trkpt lat="46.462722988799214" lon="15.134636778384447">
        <ele>497.79998779296875</ele>
      </trkpt>
      <trkpt lat="46.46268812008202" lon="15.134663432836533">
        <ele>497.79998779296875</ele>
      </trkpt>
      <trkpt lat="46.46265442483127" lon="15.134692266583443">
        <ele>497.79998779296875</ele>
      </trkpt>
      <trkpt lat="46.46262299269438" lon="15.13472093269229">
        <ele>498</ele>
      </trkpt>
      <trkpt lat="46.462590051814914" lon="15.134746748954058">
        <ele>498</ele>
      </trkpt>
      <trkpt lat="46.46255426108837" lon="15.134773151949048">
        <ele>498.20001220703125</ele>
      </trkpt>
      <trkpt lat="46.462521571666" lon="15.134797794744372">
        <ele>498.20001220703125</ele>
      </trkpt>
      <trkpt lat="46.46248955279589" lon="15.1348240301013">
        <ele>498.20001220703125</ele>
      </trkpt>
      <trkpt lat="46.462458204478025" lon="15.134850600734353">
        <ele>498.20001220703125</ele>
      </trkpt>
      <trkpt lat="46.4624266885221" lon="15.13487876392901">
        <ele>498.20001220703125</ele>
      </trkpt>
      <trkpt lat="46.46239525638521" lon="15.134908519685268">
        <ele>498.20001220703125</ele>
      </trkpt>
      <trkpt lat="46.46236550062895" lon="15.134938610717654">
        <ele>498.20001220703125</ele>
      </trkpt>
      <trkpt lat="46.462334571406245" lon="15.134968869388103">
        <ele>498.3999938964844</ele>
      </trkpt>
      <trkpt lat="46.46230263635516" lon="15.134999295696616">
        <ele>498.3999938964844</ele>
      </trkpt>
      <trkpt lat="46.46227070130408" lon="15.135028632357717">
        <ele>498.3999938964844</ele>
      </trkpt>
      <trkpt lat="46.4622369222343" lon="15.135061824694276">
        <ele>498.3999938964844</ele>
      </trkpt>
      <trkpt lat="46.46220624446869" lon="15.135094597935677">
        <ele>498.6000061035156</ele>
      </trkpt>
      <trkpt lat="46.462175734341145" lon="15.13512703590095">
        <ele>498.6000061035156</ele>
      </trkpt>
      <trkpt lat="46.462144553661346" lon="15.135158551856875">
        <ele>498.6000061035156</ele>
      </trkpt>
      <trkpt lat="46.462111193686724" lon="15.135189229622483">
        <ele>498.6000061035156</ele>
      </trkpt>
      <trkpt lat="46.46207825280726" lon="15.135217057541013">
        <ele>498.6000061035156</ele>
      </trkpt>
      <trkpt lat="46.46204514428973" lon="15.135245639830828">
        <ele>498.79998779296875</ele>
      </trkpt>
      <trkpt lat="46.462015053257346" lon="15.135272378101945">
        <ele>498.79998779296875</ele>
      </trkpt>
      <trkpt lat="46.46198546513915" lon="15.135297439992428">
        <ele>498.79998779296875</ele>
      </trkpt>
      <trkpt lat="46.46195654757321" lon="15.13532342389226">
        <ele>498.79998779296875</ele>
      </trkpt>
      <trkpt lat="46.46192679181695" lon="15.135350748896599">
        <ele>499</ele>
      </trkpt>
      <trkpt lat="46.461896197870374" lon="15.135378576815128">
        <ele>499</ele>
      </trkpt>
      <trkpt lat="46.46186476573348" lon="15.135405315086246">
        <ele>499</ele>
      </trkpt>
      <trkpt lat="46.46183308213949" lon="15.13543339446187">
        <ele>499.20001220703125</ele>
      </trkpt>
      <trkpt lat="46.46180056035519" lon="15.13546222820878">
        <ele>499.20001220703125</ele>
      </trkpt>
      <trkpt lat="46.46176854148507" lon="15.135492319241166">
        <ele>499.20001220703125</ele>
      </trkpt>
      <trkpt lat="46.461738450452685" lon="15.13552282936871">
        <ele>499.20001220703125</ele>
      </trkpt>
      <trkpt lat="46.46170735359192" lon="15.135550992563367">
        <ele>499.20001220703125</ele>
      </trkpt>
      <trkpt lat="46.46167726255953" lon="15.135578736662865">
        <ele>499</ele>
      </trkpt>
      <trkpt lat="46.46164733916521" lon="15.135603798553348">
        <ele>499</ele>
      </trkpt>
      <trkpt lat="46.46161733195186" lon="15.135631375014782">
        <ele>499.20001220703125</ele>
      </trkpt>
      <trkpt lat="46.461585983633995" lon="15.135657442733645">
        <ele>499.20001220703125</ele>
      </trkpt>
      <trkpt lat="46.46155362948775" lon="15.135679822415113">
        <ele>499.20001220703125</ele>
      </trkpt>
      <trkpt lat="46.46152035333216" lon="15.135707315057516">
        <ele>499.3999938964844</ele>
      </trkpt>
      <trkpt lat="46.461487747728825" lon="15.13573539443314">
        <ele>499.3999938964844</ele>
      </trkpt>
      <trkpt lat="46.46145639941096" lon="15.135763473808765">
        <ele>499.3999938964844</ele>
      </trkpt>
      <trkpt lat="46.46142463199794" lon="15.13579004444182">
        <ele>499.6000061035156</ele>
      </trkpt>
      <trkpt lat="46.461393954232335" lon="15.135816279798746">
        <ele>499.6000061035156</ele>
      </trkpt>
      <trkpt lat="46.46136377938092" lon="15.135844442993402">
        <ele>499.79998779296875</ele>
      </trkpt>
      <trkpt lat="46.461334275081754" lon="15.135872857645154">
        <ele>499.79998779296875</ele>
      </trkpt>
      <trkpt lat="46.461303513497114" lon="15.13590102083981">
        <ele>499.79998779296875</ele>
      </trkpt>
      <trkpt lat="46.46127166226506" lon="15.135927256196737">
        <ele>500</ele>
      </trkpt>
      <trkpt lat="46.46123922429979" lon="15.135952401906252">
        <ele>500.20001220703125</ele>
      </trkpt>
      <trkpt lat="46.46120619960129" lon="15.135976457968354">
        <ele>500.20001220703125</ele>
      </trkpt>
      <trkpt lat="46.46117183379829" lon="15.136000765487552">
        <ele>500.20001220703125</ele>
      </trkpt>
      <trkpt lat="46.46114006638527" lon="15.136027252301574">
        <ele>500.3999938964844</ele>
      </trkpt>
      <trkpt lat="46.46111039444804" lon="15.136054074391723">
        <ele>500.3999938964844</ele>
      </trkpt>
      <trkpt lat="46.461080806329846" lon="15.136083997786045">
        <ele>500.3999938964844</ele>
      </trkpt>
      <trkpt lat="46.461051385849714" lon="15.136115262284875">
        <ele>500.3999938964844</ele>
      </trkpt>
      <trkpt lat="46.461020708084106" lon="15.136145688593388">
        <ele>500.3999938964844</ele>
      </trkpt>
      <trkpt lat="46.46099044941366" lon="15.13617460615933">
        <ele>500.3999938964844</ele>
      </trkpt>
      <trkpt lat="46.46095943637192" lon="15.136202434077859">
        <ele>500.3999938964844</ele>
      </trkpt>
      <trkpt lat="46.46092817187309" lon="15.136228920891881">
        <ele>500.3999938964844</ele>
      </trkpt>
      <trkpt lat="46.46089682355523" lon="15.136256329715252">
        <ele>500.6000061035156</ele>
      </trkpt>
      <trkpt lat="46.46086547523737" lon="15.136283319443464">
        <ele>500.6000061035156</ele>
      </trkpt>
      <trkpt lat="46.46083471365273" lon="15.13631047680974">
        <ele>500.6000061035156</ele>
      </trkpt>
      <trkpt lat="46.46080353297293" lon="15.136339729651809">
        <ele>500.6000061035156</ele>
      </trkpt>
      <trkpt lat="46.46077302284539" lon="15.136368060484529">
        <ele>500.6000061035156</ele>
      </trkpt>
      <trkpt lat="46.460742596536875" lon="15.136396139860153">
        <ele>500.6000061035156</ele>
      </trkpt>
      <trkpt lat="46.46071149967611" lon="15.136423129588366">
        <ele>500.6000061035156</ele>
      </trkpt>
      <trkpt lat="46.460681073367596" lon="15.136447353288531">
        <ele>500.79998779296875</ele>
      </trkpt>
      <trkpt lat="46.46065106615424" lon="15.136473253369331">
        <ele>500.79998779296875</ele>
      </trkpt>
      <trkpt lat="46.460619969293475" lon="15.1365025062114">
        <ele>500.79998779296875</ele>
      </trkpt>
      <trkpt lat="46.460589207708836" lon="15.136531507596374">
        <ele>501</ele>
      </trkpt>
      <trkpt lat="46.460558362305164" lon="15.136560425162315">
        <ele>501</ele>
      </trkpt>
      <trkpt lat="46.46052793599665" lon="15.13658951036632">
        <ele>501</ele>
      </trkpt>
      <trkpt lat="46.46049700677395" lon="15.136620104312897">
        <ele>501.20001220703125</ele>
      </trkpt>
      <trkpt lat="46.46046574227512" lon="15.136649524793029">
        <ele>501.20001220703125</ele>
      </trkpt>
      <trkpt lat="46.46043204702437" lon="15.136678023263812">
        <ele>501.20001220703125</ele>
      </trkpt>
      <trkpt lat="46.46039877086878" lon="15.136706186458468">
        <ele>501.3999938964844</ele>
      </trkpt>
      <trkpt lat="46.46036700345576" lon="15.136735523119569">
        <ele>501.3999938964844</ele>
      </trkpt>
      <trkpt lat="46.46033439785242" lon="15.136766200885177">
        <ele>501.3999938964844</ele>
      </trkpt>
      <trkpt lat="46.460301373153925" lon="15.136795872822404">
        <ele>501.3999938964844</ele>
      </trkpt>
      <trkpt lat="46.46026893518865" lon="15.136826718226075">
        <ele>501.3999938964844</ele>
      </trkpt>
      <trkpt lat="46.4602370839566" lon="15.136857898905873">
        <ele>501.3999938964844</ele>
      </trkpt>
      <trkpt lat="46.46020498126745" lon="15.136887654662132">
        <ele>501.6000061035156</ele>
      </trkpt>
      <trkpt lat="46.46017254330218" lon="15.13691489584744">
        <ele>501.6000061035156</ele>
      </trkpt>
      <trkpt lat="46.4601387642324" lon="15.136942975223064">
        <ele>501.6000061035156</ele>
      </trkpt>
      <trkpt lat="46.46010699681938" lon="15.136972144246101">
        <ele>501.6000061035156</ele>
      </trkpt>
      <trkpt lat="46.460075648501515" lon="15.136999972164631">
        <ele>501.6000061035156</ele>
      </trkpt>
      <trkpt lat="46.46004212088883" lon="15.137031320482492">
        <ele>501.6000061035156</ele>
      </trkpt>
      <trkpt lat="46.46000884473324" lon="15.137061746791005">
        <ele>501.6000061035156</ele>
      </trkpt>
      <trkpt lat="46.459975400939584" lon="15.137091586366296">
        <ele>501.6000061035156</ele>
      </trkpt>
      <trkpt lat="46.459943214431405" lon="15.137120084837079">
        <ele>501.79998779296875</ele>
      </trkpt>
      <trkpt lat="46.45991203375161" lon="15.137148331850767">
        <ele>501.79998779296875</ele>
      </trkpt>
      <trkpt lat="46.45988085307181" lon="15.137175070121884">
        <ele>501.79998779296875</ele>
      </trkpt>
      <trkpt lat="46.45985252223909" lon="15.13719929382205">
        <ele>501.79998779296875</ele>
      </trkpt>
      <trkpt lat="46.459826370701194" lon="15.137222595512867">
        <ele>502</ele>
      </trkpt>
      <trkpt lat="46.459800973534584" lon="15.137247238308191">
        <ele>502</ele>
      </trkpt>
      <trkpt lat="46.45977356471121" lon="15.137271210551262">
        <ele>502</ele>
      </trkpt>
      <trkpt lat="46.45974607206881" lon="15.137296691536903">
        <ele>502.20001220703125</ele>
      </trkpt>
      <trkpt lat="46.45972000434995" lon="15.137322591617703">
        <ele>502.20001220703125</ele>
      </trkpt>
      <trkpt lat="46.45969376899302" lon="15.137348072603345">
        <ele>502.20001220703125</ele>
      </trkpt>
      <trkpt lat="46.459666611626744" lon="15.137377828359604">
        <ele>502.20001220703125</ele>
      </trkpt>
      <trkpt lat="46.45963761024177" lon="15.137409009039402">
        <ele>502.20001220703125</ele>
      </trkpt>
      <trkpt lat="46.45960592664778" lon="15.137440273538232">
        <ele>502.20001220703125</ele>
      </trkpt>
      <trkpt lat="46.45957273431122" lon="15.137475728988647">
        <ele>502</ele>
      </trkpt>
      <trkpt lat="46.45953903906047" lon="15.137514034286141">
        <ele>502</ele>
      </trkpt>
      <trkpt lat="46.45950366742909" lon="15.13755745254457">
        <ele>501.79998779296875</ele>
      </trkpt>
      <trkpt lat="46.4594598300755" lon="15.137602211907506">
        <ele>501.6000061035156</ele>
      </trkpt>
      <trkpt lat="46.45940853282809" lon="15.137645713984966">
        <ele>501.6000061035156</ele>
      </trkpt>
      <trkpt lat="46.45934918895364" lon="15.137692065909505">
        <ele>501.20001220703125</ele>
      </trkpt>
      <trkpt lat="46.459294287487864" lon="15.137741854414344">
        <ele>501</ele>
      </trkpt>
      <trkpt lat="46.45923678763211" lon="15.137787703424692">
        <ele>500.79998779296875</ele>
      </trkpt>
      <trkpt lat="46.459167804569006" lon="15.13784277252853">
        <ele>500.79998779296875</ele>
      </trkpt>
      <trkpt lat="46.45911038853228" lon="15.13788870535791">
        <ele>500.6000061035156</ele>
      </trkpt>
      <trkpt lat="46.459052972495556" lon="15.13793421909213">
        <ele>500.6000061035156</ele>
      </trkpt>
      <trkpt lat="46.45892908796668" lon="15.138050308451056">
        <ele>501.20001220703125</ele>
      </trkpt>
      <trkpt lat="46.45888642407954" lon="15.138060618191957">
        <ele>501.3999938964844</ele>
      </trkpt>
      <trkpt lat="46.458854069933295" lon="15.138078220188618">
        <ele>501.79998779296875</ele>
      </trkpt>
      <trkpt lat="46.4588104840368" lon="15.138105880469084">
        <ele>502</ele>
      </trkpt>
      <trkpt lat="46.45877896808088" lon="15.138129852712154">
        <ele>502.3999938964844</ele>
      </trkpt>
      <trkpt lat="46.458745608106256" lon="15.138154244050384">
        <ele>502.79998779296875</ele>
      </trkpt>
      <trkpt lat="46.45871543325484" lon="15.138173438608646">
        <ele>503.20001220703125</ele>
      </trkpt>
      <trkpt lat="46.45868685096502" lon="15.138199254870415">
        <ele>503.6000061035156</ele>
      </trkpt>
      <trkpt lat="46.458655251190066" lon="15.138228507712483">
        <ele>503.79998779296875</ele>
      </trkpt>
      <trkpt lat="46.45862817764282" lon="15.138253988698125">
        <ele>504</ele>
      </trkpt>
      <trkpt lat="46.45860060118139" lon="15.13827863149345">
        <ele>504.3999938964844</ele>
      </trkpt>
      <trkpt lat="46.45857176743448" lon="15.138304783031344">
        <ele>504.6000061035156</ele>
      </trkpt>
      <trkpt lat="46.45854502916336" lon="15.138332191854715">
        <ele>504.79998779296875</ele>
      </trkpt>
      <trkpt lat="46.458518793806434" lon="15.138359433040023">
        <ele>505</ele>
      </trkpt>
      <trkpt lat="46.458489960059524" lon="15.138386422768235">
        <ele>505</ele>
      </trkpt>
      <trkpt lat="46.45845936611295" lon="15.138413831591606">
        <ele>505.20001220703125</ele>
      </trkpt>
      <trkpt lat="46.4584288559854" lon="15.138439564034343">
        <ele>505.3999938964844</ele>
      </trkpt>
      <trkpt lat="46.45839826203883" lon="15.138464123010635">
        <ele>505.6000061035156</ele>
      </trkpt>
      <trkpt lat="46.458368338644505" lon="15.138488095253706">
        <ele>505.79998779296875</ele>
      </trkpt>
      <trkpt lat="46.45834076218307" lon="15.138513408601284">
        <ele>506</ele>
      </trkpt>
      <trkpt lat="46.458311509341" lon="15.138543331995606">
        <ele>506</ele>
      </trkpt>
      <trkpt lat="46.45828158594668" lon="15.138572081923485">
        <ele>506.20001220703125</ele>
      </trkpt>
      <trkpt lat="46.45825166255236" lon="15.138604184612632">
        <ele>506.20001220703125</ele>
      </trkpt>
      <trkpt lat="46.458221320062876" lon="15.13863536529243">
        <ele>506.20001220703125</ele>
      </trkpt>
      <trkpt lat="46.458191480487585" lon="15.138662941753864">
        <ele>506.3999938964844</ele>
      </trkpt>
      <trkpt lat="46.45816097036004" lon="15.138693870976567">
        <ele>506.6000061035156</ele>
      </trkpt>
      <trkpt lat="46.458130879327655" lon="15.138719268143177">
        <ele>506.6000061035156</ele>
      </trkpt>
      <trkpt lat="46.45810045301914" lon="15.13874483294785">
        <ele>506.79998779296875</ele>
      </trkpt>
      <trkpt lat="46.45807111635804" lon="15.138772409409285">
        <ele>507</ele>
      </trkpt>
      <trkpt lat="46.45804169587791" lon="15.138801075518131">
        <ele>507</ele>
      </trkpt>
      <trkpt lat="46.45801194012165" lon="15.1388303283602">
        <ele>507</ele>
      </trkpt>
      <trkpt lat="46.4579800888896" lon="15.138857318088412">
        <ele>507.20001220703125</ele>
      </trkpt>
      <trkpt lat="46.45794999785721" lon="15.138883804902434">
        <ele>507.20001220703125</ele>
      </trkpt>
      <trkpt lat="46.4579211641103" lon="15.138910291716456">
        <ele>507.3999938964844</ele>
      </trkpt>
      <trkpt lat="46.457891995087266" lon="15.138938454911113">
        <ele>507.3999938964844</ele>
      </trkpt>
      <trkpt lat="46.45786282606423" lon="15.138965109363198">
        <ele>507.6000061035156</ele>
      </trkpt>
      <trkpt lat="46.45783214829862" lon="15.138991931453347">
        <ele>507.6000061035156</ele>
      </trkpt>
      <trkpt lat="46.4578003808856" lon="15.139019088819623">
        <ele>507.6000061035156</ele>
      </trkpt>
      <trkpt lat="46.457769284024835" lon="15.139047838747501">
        <ele>507.79998779296875</ele>
      </trkpt>
      <trkpt lat="46.457737013697624" lon="15.13907759450376">
        <ele>507.79998779296875</ele>
      </trkpt>
      <trkpt lat="46.45770516246557" lon="15.139107769355178">
        <ele>507.79998779296875</ele>
      </trkpt>
      <trkpt lat="46.45767029374838" lon="15.139139369130135">
        <ele>508</ele>
      </trkpt>
      <trkpt lat="46.45763366483152" lon="15.139169543981552">
        <ele>508</ele>
      </trkpt>
      <trkpt lat="46.457598712295294" lon="15.139197707176208">
        <ele>508</ele>
      </trkpt>
      <trkpt lat="46.45756174810231" lon="15.139225870370865">
        <ele>508</ele>
      </trkpt>
      <trkpt lat="46.4575260411948" lon="15.139255290850997">
        <ele>508.20001220703125</ele>
      </trkpt>
      <trkpt lat="46.45748991519213" lon="15.139287477359176">
        <ele>508.20001220703125</ele>
      </trkpt>
      <trkpt lat="46.45745236426592" lon="15.139319999143481">
        <ele>508.3999938964844</ele>
      </trkpt>
      <trkpt lat="46.457417998462915" lon="15.139353359118104">
        <ele>508.3999938964844</ele>
      </trkpt>
      <trkpt lat="46.45738396793604" lon="15.139392167329788">
        <ele>508.6000061035156</ele>
      </trkpt>
      <trkpt lat="46.45735077559948" lon="15.139431394636631">
        <ele>508.6000061035156</ele>
      </trkpt>
      <trkpt lat="46.45731791853905" lon="15.139469113200903">
        <ele>508.6000061035156</ele>
      </trkpt>
      <trkpt lat="46.457284139469266" lon="15.139509262517095">
        <ele>508.6000061035156</ele>
      </trkpt>
      <trkpt lat="46.45725077949464" lon="15.13955008238554">
        <ele>508.79998779296875</ele>
      </trkpt>
      <trkpt lat="46.45721901208162" lon="15.139589728787541">
        <ele>508.79998779296875</ele>
      </trkpt>
      <trkpt lat="46.45718892104924" lon="15.139632811769843">
        <ele>508.79998779296875</ele>
      </trkpt>
      <trkpt lat="46.457159500569105" lon="15.139674805104733">
        <ele>508.79998779296875</ele>
      </trkpt>
      <trkpt lat="46.45713049918413" lon="15.139716882258654">
        <ele>509</ele>
      </trkpt>
      <trkpt lat="46.45710057578981" lon="15.139759797602892">
        <ele>509</ele>
      </trkpt>
      <trkpt lat="46.45707031711936" lon="15.139800617471337">
        <ele>509</ele>
      </trkpt>
      <trkpt lat="46.45703955553472" lon="15.13983833603561">
        <ele>509.20001220703125</ele>
      </trkpt>
      <trkpt lat="46.45701021887362" lon="15.13987747952342">
        <ele>509.20001220703125</ele>
      </trkpt>
      <trkpt lat="46.45698037929833" lon="15.139917125925422">
        <ele>509.20001220703125</ele>
      </trkpt>
      <trkpt lat="46.45694995298982" lon="15.139954341575503">
        <ele>509.3999938964844</ele>
      </trkpt>
      <trkpt lat="46.456919107586145" lon="15.13999130576849">
        <ele>509.3999938964844</ele>
      </trkpt>
      <trkpt lat="46.45689102821052" lon="15.140029024332762">
        <ele>509.3999938964844</ele>
      </trkpt>
      <trkpt lat="46.45686311647296" lon="15.14006800018251">
        <ele>509.3999938964844</ele>
      </trkpt>
      <trkpt lat="46.45683570764959" lon="15.140105886384845">
        <ele>509.3999938964844</ele>
      </trkpt>
      <trkpt lat="46.456807125359774" lon="15.140145113691688">
        <ele>509.6000061035156</ele>
      </trkpt>
      <trkpt lat="46.45677770487964" lon="15.140184173360467">
        <ele>509.6000061035156</ele>
      </trkpt>
      <trkpt lat="46.456747027114034" lon="15.140222143381834">
        <ele>509.6000061035156</ele>
      </trkpt>
      <trkpt lat="46.45671701990068" lon="15.140259359031916">
        <ele>509.6000061035156</ele>
      </trkpt>
      <trkpt lat="46.45668625831604" lon="15.140299424529076">
        <ele>509.6000061035156</ele>
      </trkpt>
      <trkpt lat="46.456655161455274" lon="15.140338651835918">
        <ele>509.79998779296875</ele>
      </trkpt>
      <trkpt lat="46.45662381313741" lon="15.140374945476651">
        <ele>509.79998779296875</ele>
      </trkpt>
      <trkpt lat="46.4565933868289" lon="15.140412580221891">
        <ele>510</ele>
      </trkpt>
      <trkpt lat="46.456563798710704" lon="15.140452980995178">
        <ele>510.20001220703125</ele>
      </trkpt>
      <trkpt lat="46.45653513260186" lon="15.14049262739718">
        <ele>510.20001220703125</ele>
      </trkpt>
      <trkpt lat="46.456507137045264" lon="15.140531687065959">
        <ele>510.3999938964844</ele>
      </trkpt>
      <trkpt lat="46.45647805184126" lon="15.140566807240248">
        <ele>510.3999938964844</ele>
      </trkpt>
      <trkpt lat="46.456447038799524" lon="15.140603771433234">
        <ele>510.6000061035156</ele>
      </trkpt>
      <trkpt lat="46.456418707966805" lon="15.140640987083316">
        <ele>510.6000061035156</ele>
      </trkpt>
      <trkpt lat="46.456392807886004" lon="15.14068222604692">
        <ele>510.6000061035156</ele>
      </trkpt>
      <trkpt lat="46.45636808127165" lon="15.140725476667285">
        <ele>510.6000061035156</ele>
      </trkpt>
      <trkpt lat="46.456340085715055" lon="15.140767470002174">
        <ele>510.79998779296875</ele>
      </trkpt>
      <trkpt lat="46.45631393417716" lon="15.14081021770835">
        <ele>510.79998779296875</ele>
      </trkpt>
      <trkpt lat="46.45629029721022" lon="15.14085522852838">
        <ele>510.79998779296875</ele>
      </trkpt>
      <trkpt lat="46.45626766607165" lon="15.140901412814856">
        <ele>511</ele>
      </trkpt>
      <trkpt lat="46.45624469965696" lon="15.140945669263601">
        <ele>511</ele>
      </trkpt>
      <trkpt lat="46.45622164942324" lon="15.14098858460784">
        <ele>511</ele>
      </trkpt>
      <trkpt lat="46.45620061084628" lon="15.141033260151744">
        <ele>511.20001220703125</ele>
      </trkpt>
      <trkpt lat="46.456179320812225" lon="15.141077935695648">
        <ele>511.3999938964844</ele>
      </trkpt>
      <trkpt lat="46.45615618675947" lon="15.141121102496982">
        <ele>511.6000061035156</ele>
      </trkpt>
      <trkpt lat="46.45613078959286" lon="15.141163095831871">
        <ele>511.79998779296875</ele>
      </trkpt>
      <trkpt lat="46.456106565892696" lon="15.14120408333838">
        <ele>511.79998779296875</ele>
      </trkpt>
      <trkpt lat="46.456083012744784" lon="15.141247920691967">
        <ele>511.79998779296875</ele>
      </trkpt>
      <trkpt lat="46.45606038160622" lon="15.141295110806823">
        <ele>512</ele>
      </trkpt>
      <trkpt lat="46.45603741519153" lon="15.141343222931027">
        <ele>512</ele>
      </trkpt>
      <trkpt lat="46.456013191491365" lon="15.141390413045883">
        <ele>512</ele>
      </trkpt>
      <trkpt lat="46.45598955452442" lon="15.141437016427517">
        <ele>512.2000122070312</ele>
      </trkpt>
      <trkpt lat="46.45596801303327" lon="15.141482194885612">
        <ele>512.4000244140625</ele>
      </trkpt>
      <trkpt lat="46.45594697445631" lon="15.141526786610484">
        <ele>512.4000244140625</ele>
      </trkpt>
      <trkpt lat="46.45592652261257" lon="15.141571713611484">
        <ele>512.5999755859375</ele>
      </trkpt>
      <trkpt lat="46.45590799860656" lon="15.141616389155388">
        <ele>512.7999877929688</ele>
      </trkpt>
      <trkpt lat="46.45588930696249" lon="15.141660058870912">
        <ele>512.7999877929688</ele>
      </trkpt>
      <trkpt lat="46.45587061531842" lon="15.141699453815818">
        <ele>513</ele>
      </trkpt>
      <trkpt lat="46.45585360005498" lon="15.141743123531342">
        <ele>513.2000122070312</ele>
      </trkpt>
      <trkpt lat="46.455835830420256" lon="15.141786877065897">
        <ele>513.5999755859375</ele>
      </trkpt>
      <trkpt lat="46.455815713852644" lon="15.141828618943691">
        <ele>513.7999877929688</ele>
      </trkpt>
      <trkpt lat="46.45579660311341" lon="15.141871785745025">
        <ele>514</ele>
      </trkpt>
      <trkpt lat="46.45577740855515" lon="15.141914281994104">
        <ele>514.2000122070312</ele>
      </trkpt>
      <trkpt lat="46.45575821399689" lon="15.14195661060512">
        <ele>514.4000244140625</ele>
      </trkpt>
      <trkpt lat="46.45573985762894" lon="15.141998520120978">
        <ele>514.4000244140625</ele>
      </trkpt>
      <trkpt lat="46.45572133362293" lon="15.142039591446519">
        <ele>514.5999755859375</ele>
      </trkpt>
      <trkpt lat="46.455701384693384" lon="15.142081920057535">
        <ele>514.5999755859375</ele>
      </trkpt>
      <trkpt lat="46.45568110048771" lon="15.142123075202107">
        <ele>514.5999755859375</ele>
      </trkpt>
      <trkpt lat="46.455660313367844" lon="15.142164397984743">
        <ele>514.5999755859375</ele>
      </trkpt>
      <trkpt lat="46.45564103499055" lon="15.14220530167222">
        <ele>514.5999755859375</ele>
      </trkpt>
      <trkpt lat="46.455623181536794" lon="15.142247378826141">
        <ele>514.5999755859375</ele>
      </trkpt>
      <trkpt lat="46.45560557954013" lon="15.142289204522967">
        <ele>514.7999877929688</ele>
      </trkpt>
      <trkpt lat="46.45558797754347" lon="15.142333041876554">
        <ele>514.7999877929688</ele>
      </trkpt>
      <trkpt lat="46.45556987263262" lon="15.142376711592078">
        <ele>515</ele>
      </trkpt>
      <trkpt lat="46.45555101335049" lon="15.142419626936316">
        <ele>515</ele>
      </trkpt>
      <trkpt lat="46.455533327534795" lon="15.142458183690906">
        <ele>515.2000122070312</ele>
      </trkpt>
      <trkpt lat="46.455515725538135" lon="15.142500093206763">
        <ele>515.2000122070312</ele>
      </trkpt>
      <trkpt lat="46.45549644716084" lon="15.142542002722621">
        <ele>515.4000244140625</ele>
      </trkpt>
      <trkpt lat="46.455475660040975" lon="15.142584247514606">
        <ele>515.4000244140625</ele>
      </trkpt>
      <trkpt lat="46.45545437000692" lon="15.142625402659178">
        <ele>515.5999755859375</ele>
      </trkpt>
      <trkpt lat="46.45543500781059" lon="15.14266848564148">
        <ele>515.5999755859375</ele>
      </trkpt>
      <trkpt lat="46.45541489124298" lon="15.142711065709591">
        <ele>515.5999755859375</ele>
      </trkpt>
      <trkpt lat="46.45539519377053" lon="15.142753310501575">
        <ele>515.7999877929688</ele>
      </trkpt>
      <trkpt lat="46.455375580117106" lon="15.142796812579036">
        <ele>515.7999877929688</ele>
      </trkpt>
      <trkpt lat="46.455357475206256" lon="15.142840817570686">
        <ele>515.7999877929688</ele>
      </trkpt>
      <trkpt lat="46.455340795218945" lon="15.14288641512394">
        <ele>516</ele>
      </trkpt>
      <trkpt lat="46.455322271212935" lon="15.142926648259163">
        <ele>516.2000122070312</ele>
      </trkpt>
      <trkpt lat="46.45530131645501" lon="15.142966629937291">
        <ele>516.2000122070312</ele>
      </trkpt>
      <trkpt lat="46.4552825409919" lon="15.14300904236734">
        <ele>516.4000244140625</ele>
      </trkpt>
      <trkpt lat="46.45526443608105" lon="15.14304961077869">
        <ele>516.4000244140625</ele>
      </trkpt>
      <trkpt lat="46.45524758845568" lon="15.14309017919004">
        <ele>516.5999755859375</ele>
      </trkpt>
      <trkpt lat="46.455231411382556" lon="15.14312974177301">
        <ele>516.5999755859375</ele>
      </trkpt>
      <trkpt lat="46.45521565340459" lon="15.143170980736613">
        <ele>516.7999877929688</ele>
      </trkpt>
      <trkpt lat="46.455200146883726" lon="15.143210794776678">
        <ele>517</ele>
      </trkpt>
      <trkpt lat="46.45518455654383" lon="15.143250524997711">
        <ele>517.2000122070312</ele>
      </trkpt>
      <trkpt lat="46.45516972057521" lon="15.143290841951966">
        <ele>517.4000244140625</ele>
      </trkpt>
      <trkpt lat="46.45515203475952" lon="15.143327135592699">
        <ele>517.4000244140625</ele>
      </trkpt>
      <trkpt lat="46.45513535477221" lon="15.143361920490861">
        <ele>517.5999755859375</ele>
      </trkpt>
      <trkpt lat="46.45511817187071" lon="15.143399806693196">
        <ele>517.7999877929688</ele>
      </trkpt>
      <trkpt lat="46.455104341730475" lon="15.143437860533595">
        <ele>518</ele>
      </trkpt>
      <trkpt lat="46.455093109980226" lon="15.143479518592358">
        <ele>518</ele>
      </trkpt>
      <trkpt lat="46.45507819019258" lon="15.14352067373693">
        <ele>518.2000122070312</ele>
      </trkpt>
      <trkpt lat="46.455064779147506" lon="15.143564343452454">
        <ele>518.2000122070312</ele>
      </trkpt>
      <trkpt lat="46.45505170337856" lon="15.143609438091516">
        <ele>518.4000244140625</ele>
      </trkpt>
      <trkpt lat="46.45503820851445" lon="15.143654197454453">
        <ele>518.4000244140625</ele>
      </trkpt>
      <trkpt lat="46.455024210736156" lon="15.143697364255786">
        <ele>518.4000244140625</ele>
      </trkpt>
      <trkpt lat="46.45501079969108" lon="15.14373910613358">
        <ele>518.4000244140625</ele>
      </trkpt>
      <trkpt lat="46.454996298998594" lon="15.143781434744596">
        <ele>518.5999755859375</ele>
      </trkpt>
      <trkpt lat="46.45498255267739" lon="15.143823847174644">
        <ele>518.5999755859375</ele>
      </trkpt>
      <trkpt lat="46.454969476908445" lon="15.143865840509534">
        <ele>518.5999755859375</ele>
      </trkpt>
      <trkpt lat="46.45495606586337" lon="15.143908923491836">
        <ele>518.5999755859375</ele>
      </trkpt>
      <trkpt lat="46.45494097843766" lon="15.143952928483486">
        <ele>518.5999755859375</ele>
      </trkpt>
      <trkpt lat="46.45492513664067" lon="15.143996514379978">
        <ele>518.5999755859375</ele>
      </trkpt>
      <trkpt lat="46.45490971393883" lon="15.144041273742914">
        <ele>518.5999755859375</ele>
      </trkpt>
      <trkpt lat="46.45489529706538" lon="15.144089553505182">
        <ele>518.5999755859375</ele>
      </trkpt>
      <trkpt lat="46.45488020963967" lon="15.144138922914863">
        <ele>518.5999755859375</ele>
      </trkpt>
      <trkpt lat="46.4548647031188" lon="15.144186029210687">
        <ele>518.5999755859375</ele>
      </trkpt>
      <trkpt lat="46.454848274588585" lon="15.14423405751586">
        <ele>518.5999755859375</ele>
      </trkpt>
      <trkpt lat="46.454833690077066" lon="15.144285103306174">
        <ele>518.5999755859375</ele>
      </trkpt>
      <trkpt lat="46.45481759682298" lon="15.144338412210345">
        <ele>518.5999755859375</ele>
      </trkpt>
      <trkpt lat="46.45480359904468" lon="15.14439339749515">
        <ele>518.5999755859375</ele>
      </trkpt>
      <trkpt lat="46.454790607094765" lon="15.144447544589639">
        <ele>518.5999755859375</ele>
      </trkpt>
      <trkpt lat="46.45477652549744" lon="15.144500266760588">
        <ele>518.5999755859375</ele>
      </trkpt>
      <trkpt lat="46.454765712842345" lon="15.144551731646061">
        <ele>518.5999755859375</ele>
      </trkpt>
      <trkpt lat="46.45475506782532" lon="15.144598502665758">
        <ele>518.5999755859375</ele>
      </trkpt>
      <trkpt lat="46.454746685922146" lon="15.144646279513836">
        <ele>518.7999877929688</ele>
      </trkpt>
      <trkpt lat="46.4547386392951" lon="15.144693218171597">
        <ele>518.7999877929688</ele>
      </trkpt>
      <trkpt lat="46.4547301735729" lon="15.144739905372262">
        <ele>518.7999877929688</ele>
      </trkpt>
      <trkpt lat="46.454719863832" lon="15.14478332363069">
        <ele>518.7999877929688</ele>
      </trkpt>
      <trkpt lat="46.4547074586153" lon="15.14482481405139">
        <ele>519</ele>
      </trkpt>
      <trkpt lat="46.45469765178859" lon="15.144870914518833">
        <ele>519</ele>
      </trkpt>
      <trkpt lat="46.45468926988542" lon="15.144919529557228">
        <ele>519</ele>
      </trkpt>
      <trkpt lat="46.45467896014452" lon="15.144971162080765">
        <ele>519</ele>
      </trkpt>
      <trkpt lat="46.45466831512749" lon="15.145021956413984">
        <ele>519</ele>
      </trkpt>
      <trkpt lat="46.45465884357691" lon="15.145070236176252">
        <ele>519</ele>
      </trkpt>
      <trkpt lat="46.45464979112148" lon="15.145117174834013">
        <ele>518.7999877929688</ele>
      </trkpt>
      <trkpt lat="46.454640571027994" lon="15.145164867863059">
        <ele>518.7999877929688</ele>
      </trkpt>
      <trkpt lat="46.454631770029664" lon="15.145210633054376">
        <ele>519</ele>
      </trkpt>
      <trkpt lat="46.45462179556489" lon="15.145253548398614">
        <ele>519</ele>
      </trkpt>
      <trkpt lat="46.45461148582399" lon="15.145297972485423">
        <ele>519.2000122070312</ele>
      </trkpt>
      <trkpt lat="46.45460327155888" lon="15.145341558381915">
        <ele>519.2000122070312</ele>
      </trkpt>
      <trkpt lat="46.45459455437958" lon="15.14538874849677">
        <ele>519.4000244140625</ele>
      </trkpt>
      <trkpt lat="46.454585418105125" lon="15.145436860620975">
        <ele>519.5999755859375</ele>
      </trkpt>
      <trkpt lat="46.45457896403968" lon="15.145485643297434">
        <ele>519.7999877929688</ele>
      </trkpt>
      <trkpt lat="46.45456957630813" lon="15.145534928888083">
        <ele>519.7999877929688</ele>
      </trkpt>
      <trkpt lat="46.454557506367564" lon="15.14558371156454">
        <ele>519.7999877929688</ele>
      </trkpt>
      <trkpt lat="46.45454660989344" lon="15.14563500881195">
        <ele>519.7999877929688</ele>
      </trkpt>
      <trkpt lat="46.45453638397157" lon="15.145686389878392">
        <ele>519.5999755859375</ele>
      </trkpt>
      <trkpt lat="46.454526828601956" lon="15.14573659747839">
        <ele>519.5999755859375</ele>
      </trkpt>
      <trkpt lat="46.454517440870404" lon="15.145787727087736">
        <ele>519.5999755859375</ele>
      </trkpt>
      <trkpt lat="46.454508723691106" lon="15.145839862525463">
        <ele>519.7999877929688</ele>
      </trkpt>
      <trkpt lat="46.45450109615922" lon="15.145891830325127">
        <ele>519.7999877929688</ele>
      </trkpt>
      <trkpt lat="46.45449137315154" lon="15.145944468677044">
        <ele>519.7999877929688</ele>
      </trkpt>
      <trkpt lat="46.45448005758226" lon="15.145995430648327">
        <ele>520</ele>
      </trkpt>
      <trkpt lat="46.45446890965104" lon="15.146044380962849">
        <ele>520</ele>
      </trkpt>
      <trkpt lat="46.454458348453045" lon="15.146093163639307">
        <ele>520.2000122070312</ele>
      </trkpt>
      <trkpt lat="46.45444988273084" lon="15.146142030134797">
        <ele>520.4000244140625</ele>
      </trkpt>
      <trkpt lat="46.45444284193218" lon="15.14618863351643">
        <ele>520.4000244140625</ele>
      </trkpt>
      <trkpt lat="46.45443404093385" lon="15.146235236898065">
        <ele>520.5999755859375</ele>
      </trkpt>
      <trkpt lat="46.454423228278756" lon="15.14628485776484">
        <ele>520.5999755859375</ele>
      </trkpt>
      <trkpt lat="46.45441082306206" lon="15.146334143355489">
        <ele>520.4000244140625</ele>
      </trkpt>
      <trkpt lat="46.45439984276891" lon="15.146385272964835">
        <ele>520.4000244140625</ele>
      </trkpt>
      <trkpt lat="46.45438869483769" lon="15.146436989307404">
        <ele>520.2000122070312</ele>
      </trkpt>
      <trkpt lat="46.45437880419195" lon="15.146493148058653">
        <ele>520.2000122070312</ele>
      </trkpt>
      <trkpt lat="46.45437050610781" lon="15.146551569923759">
        <ele>520.2000122070312</ele>
      </trkpt>
      <trkpt lat="46.45436346530914" lon="15.146610913798213">
        <ele>520.2000122070312</ele>
      </trkpt>
      <trkpt lat="46.454356256872416" lon="15.146673107519746">
        <ele>520.2000122070312</ele>
      </trkpt>
      <trkpt lat="46.45434812642634" lon="15.146735133603215">
        <ele>520.4000244140625</ele>
      </trkpt>
      <trkpt lat="46.454339073970914" lon="15.14680227264762">
        <ele>520.2000122070312</ele>
      </trkpt>
      <trkpt lat="46.454331781715155" lon="15.146871423348784">
        <ele>520.2000122070312</ele>
      </trkpt>
      <trkpt lat="46.45432373508811" lon="15.146938981488347">
        <ele>520.2000122070312</ele>
      </trkpt>
      <trkpt lat="46.454314263537526" lon="15.147007210180163">
        <ele>520.2000122070312</ele>
      </trkpt>
      <trkpt lat="46.45430563017726" lon="15.147077785804868">
        <ele>520.2000122070312</ele>
      </trkpt>
      <trkpt lat="46.45429733209312" lon="15.147147020325065">
        <ele>520.2000122070312</ele>
      </trkpt>
      <trkpt lat="46.454286435619" lon="15.147215416654944">
        <ele>520</ele>
      </trkpt>
      <trkpt lat="46.454278053715825" lon="15.147287165746093">
        <ele>520</ele>
      </trkpt>
      <trkpt lat="46.45426766015589" lon="15.147357238456607">
        <ele>520</ele>
      </trkpt>
      <trkpt lat="46.454259529709816" lon="15.147429155185819">
        <ele>520</ele>
      </trkpt>
      <trkpt lat="46.45425148308277" lon="15.147503335028887">
        <ele>519.7999877929688</ele>
      </trkpt>
      <trkpt lat="46.45424075424671" lon="15.147577095776796">
        <ele>519.7999877929688</ele>
      </trkpt>
      <trkpt lat="46.45423077978194" lon="15.14765202999115">
        <ele>519.7999877929688</ele>
      </trkpt>
      <trkpt lat="46.45422256551683" lon="15.147724198177457">
        <ele>519.7999877929688</ele>
      </trkpt>
      <trkpt lat="46.45421334542334" lon="15.147796450182796">
        <ele>519.7999877929688</ele>
      </trkpt>
      <trkpt lat="46.454204209148884" lon="15.147871803492308">
        <ele>520</ele>
      </trkpt>
      <trkpt lat="46.454193564131856" lon="15.147945312783122">
        <ele>520</ele>
      </trkpt>
      <trkpt lat="46.45417965017259" lon="15.148017145693302">
        <ele>520.2000122070312</ele>
      </trkpt>
      <trkpt lat="46.45416330546141" lon="15.148088140413165">
        <ele>520.4000244140625</ele>
      </trkpt>
      <trkpt lat="46.45414897240698" lon="15.148160392418504">
        <ele>520.4000244140625</ele>
      </trkpt>
      <trkpt lat="46.45413187332451" lon="15.148230800405145">
        <ele>520.4000244140625</ele>
      </trkpt>
      <trkpt lat="46.454115277156234" lon="15.148301543667912">
        <ele>520.4000244140625</ele>
      </trkpt>
      <trkpt lat="46.45410127937794" lon="15.148371700197458">
        <ele>520.4000244140625</ele>
      </trkpt>
      <trkpt lat="46.454086527228355" lon="15.148443784564734">
        <ele>520.4000244140625</ele>
      </trkpt>
      <trkpt lat="46.45406825467944" lon="15.148517796769738">
        <ele>520.4000244140625</ele>
      </trkpt>
      <trkpt lat="46.454051826149225" lon="15.148592898622155">
        <ele>520.4000244140625</ele>
      </trkpt>
      <trkpt lat="46.45403455942869" lon="15.148668084293604">
        <ele>520.4000244140625</ele>
      </trkpt>
      <trkpt lat="46.45402081310749" lon="15.148745449259877">
        <ele>520.4000244140625</ele>
      </trkpt>
      <trkpt lat="46.454006899148226" lon="15.148822562769055">
        <ele>520.4000244140625</ele>
      </trkpt>
      <trkpt lat="46.453995080664754" lon="15.14890001155436">
        <ele>520.4000244140625</ele>
      </trkpt>
      <trkpt lat="46.45398133434355" lon="15.148977879434824">
        <ele>520.4000244140625</ele>
      </trkpt>
      <trkpt lat="46.453967252746224" lon="15.149050801992416">
        <ele>520.4000244140625</ele>
      </trkpt>
      <trkpt lat="46.45395384170115" lon="15.149125820025802">
        <ele>520.4000244140625</ele>
      </trkpt>
      <trkpt lat="46.453940346837044" lon="15.149200251325965">
        <ele>520.4000244140625</ele>
      </trkpt>
      <trkpt lat="46.45392215810716" lon="15.149270994588733">
        <ele>520.4000244140625</ele>
      </trkpt>
      <trkpt lat="46.45390648394823" lon="15.149342827498913">
        <ele>520.5999755859375</ele>
      </trkpt>
      <trkpt lat="46.45389483310282" lon="15.149416085332632">
        <ele>520.5999755859375</ele>
      </trkpt>
      <trkpt lat="46.45388536155224" lon="15.149491941556334">
        <ele>520.5999755859375</ele>
      </trkpt>
      <trkpt lat="46.45387404598296" lon="15.149566791951656">
        <ele>520.5999755859375</ele>
      </trkpt>
      <trkpt lat="46.453859796747565" lon="15.149642564356327">
        <ele>520.5999755859375</ele>
      </trkpt>
      <trkpt lat="46.45384470932186" lon="15.149718504399061">
        <ele>520.5999755859375</ele>
      </trkpt>
      <trkpt lat="46.453830460086465" lon="15.149796372279525">
        <ele>520.5999755859375</ele>
      </trkpt>
      <trkpt lat="46.45381646230817" lon="15.149875245988369">
        <ele>520.4000244140625</ele>
      </trkpt>
      <trkpt lat="46.453802548348904" lon="15.149951772764325">
        <ele>520.5999755859375</ele>
      </trkpt>
      <trkpt lat="46.453789472579956" lon="15.150028131902218">
        <ele>520.5999755859375</ele>
      </trkpt>
      <trkpt lat="46.45377748645842" lon="15.150106502696872">
        <ele>520.7999877929688</ele>
      </trkpt>
      <trkpt lat="46.45376466214657" lon="15.150183532387018">
        <ele>520.7999877929688</ele>
      </trkpt>
      <trkpt lat="46.45375024527311" lon="15.150260142982006">
        <ele>520.7999877929688</ele>
      </trkpt>
      <trkpt lat="46.453735241666436" lon="15.1503399387002">
        <ele>520.7999877929688</ele>
      </trkpt>
      <trkpt lat="46.453723423182964" lon="15.150419063866138">
        <ele>520.7999877929688</ele>
      </trkpt>
      <trkpt lat="46.453714119270444" lon="15.150495506823063">
        <ele>520.7999877929688</ele>
      </trkpt>
      <trkpt lat="46.453702887520194" lon="15.150570189580321">
        <ele>520.7999877929688</ele>
      </trkpt>
      <trkpt lat="46.45369106903672" lon="15.15064638108015">
        <ele>520.7999877929688</ele>
      </trkpt>
      <trkpt lat="46.453677071258426" lon="15.150720980018377">
        <ele>520.7999877929688</ele>
      </trkpt>
      <trkpt lat="46.453665839508176" lon="15.150797171518207">
        <ele>520.7999877929688</ele>
      </trkpt>
      <trkpt lat="46.453655026853085" lon="15.150874704122543">
        <ele>520.7999877929688</ele>
      </trkpt>
      <trkpt lat="46.45364253781736" lon="15.150953494012356">
        <ele>520.5999755859375</ele>
      </trkpt>
      <trkpt lat="46.45363273099065" lon="15.151034379377961">
        <ele>520.5999755859375</ele>
      </trkpt>
      <trkpt lat="46.453621834516525" lon="15.151113839820027">
        <ele>520.5999755859375</ele>
      </trkpt>
      <trkpt lat="46.45361144095659" lon="15.151193467900157">
        <ele>520.5999755859375</ele>
      </trkpt>
      <trkpt lat="46.45360046066344" lon="15.151273012161255">
        <ele>520.5999755859375</ele>
      </trkpt>
      <trkpt lat="46.45358822308481" lon="15.151350125670433">
        <ele>520.5999755859375</ele>
      </trkpt>
      <trkpt lat="46.4535747282207" lon="15.151426400989294">
        <ele>520.5999755859375</ele>
      </trkpt>
      <trkpt lat="46.45356140099466" lon="15.151506280526519">
        <ele>520.5999755859375</ele>
      </trkpt>
      <trkpt lat="46.453548995777965" lon="15.151585070416331">
        <ele>520.5999755859375</ele>
      </trkpt>
      <trkpt lat="46.45353499799967" lon="15.151664027944207">
        <ele>520.4000244140625</ele>
      </trkpt>
      <trkpt lat="46.453522173687816" lon="15.151745416224003">
        <ele>520.4000244140625</ele>
      </trkpt>
      <trkpt lat="46.453508427366614" lon="15.151825295761228">
        <ele>520.5999755859375</ele>
      </trkpt>
      <trkpt lat="46.45349635742605" lon="15.151903918012977">
        <ele>520.5999755859375</ele>
      </trkpt>
      <trkpt lat="46.45348219200969" lon="15.151980360969901">
        <ele>520.5999755859375</ele>
      </trkpt>
      <trkpt lat="46.45346718840301" lon="15.152055127546191">
        <ele>520.5999755859375</ele>
      </trkpt>
      <trkpt lat="46.453451262786984" lon="15.152130145579576">
        <ele>520.5999755859375</ele>
      </trkpt>
      <trkpt lat="46.453433660790324" lon="15.152202062308788">
        <ele>520.5999755859375</ele>
      </trkpt>
      <trkpt lat="46.45341471768916" lon="15.152276996523142">
        <ele>520.5999755859375</ele>
      </trkpt>
      <trkpt lat="46.4533952716738" lon="15.152349080890417">
        <ele>520.5999755859375</ele>
      </trkpt>
      <trkpt lat="46.45337532274425" lon="15.15242200344801">
        <ele>520.5999755859375</ele>
      </trkpt>
      <trkpt lat="46.45335663110018" lon="15.152493081986904">
        <ele>520.7999877929688</ele>
      </trkpt>
      <trkpt lat="46.453335508704185" lon="15.152560556307435">
        <ele>521</ele>
      </trkpt>
      <trkpt lat="46.453312542289495" lon="15.152625851333141">
        <ele>521</ele>
      </trkpt>
      <trkpt lat="46.45328840240836" lon="15.15268879942596">
        <ele>521.2000122070312</ele>
      </trkpt>
      <trkpt lat="46.45326292142272" lon="15.152751244604588">
        <ele>521.4000244140625</ele>
      </trkpt>
      <trkpt lat="46.45323568023741" lon="15.152813857421279">
        <ele>521.4000244140625</ele>
      </trkpt>
      <trkpt lat="46.45320818759501" lon="15.152875380590558">
        <ele>521.5999755859375</ele>
      </trkpt>
      <trkpt lat="46.45318144932389" lon="15.152934892103076">
        <ele>521.5999755859375</ele>
      </trkpt>
      <trkpt lat="46.4531550463289" lon="15.152990883216262">
        <ele>521.5999755859375</ele>
      </trkpt>
      <trkpt lat="46.453125793486834" lon="15.153043773025274">
        <ele>521.7999877929688</ele>
      </trkpt>
      <trkpt lat="46.453096540644765" lon="15.153094064444304">
        <ele>522</ele>
      </trkpt>
      <trkpt lat="46.45306644961238" lon="15.153138572350144">
        <ele>522.2000122070312</ele>
      </trkpt>
      <trkpt lat="46.453037364408374" lon="15.153182912617922">
        <ele>522.4000244140625</ele>
      </trkpt>
      <trkpt lat="46.45300928503275" lon="15.153230438008904">
        <ele>522.5999755859375</ele>
      </trkpt>
      <trkpt lat="46.452979277819395" lon="15.153277209028602">
        <ele>522.5999755859375</ele>
      </trkpt>
      <trkpt lat="46.452950024977326" lon="15.153326075524092">
        <ele>522.5999755859375</ele>
      </trkpt>
      <trkpt lat="46.45292244851589" lon="15.153375780209899">
        <ele>522.7999877929688</ele>
      </trkpt>
      <trkpt lat="46.452892273664474" lon="15.153424311429262">
        <ele>522.7999877929688</ele>
      </trkpt>
      <trkpt lat="46.45286126062274" lon="15.153469573706388">
        <ele>522.7999877929688</ele>
      </trkpt>
      <trkpt lat="46.45283058285713" lon="15.153516763821244">
        <ele>523</ele>
      </trkpt>
      <trkpt lat="46.45279889926314" lon="15.153563702479005">
        <ele>523</ele>
      </trkpt>
      <trkpt lat="46.452766293659806" lon="15.153612149879336">
        <ele>523</ele>
      </trkpt>
      <trkpt lat="46.45273569971323" lon="15.153660345822573">
        <ele>523</ele>
      </trkpt>
      <trkpt lat="46.45270577631891" lon="15.1537124812603">
        <ele>523</ele>
      </trkpt>
      <trkpt lat="46.452674428001046" lon="15.153761180117726">
        <ele>523</ele>
      </trkpt>
      <trkpt lat="46.45264140330255" lon="15.153807196766138">
        <ele>523</ele>
      </trkpt>
      <trkpt lat="46.45260997116566" lon="15.153851704671979">
        <ele>523.2000122070312</ele>
      </trkpt>
      <trkpt lat="46.452578622847795" lon="15.153895625844598">
        <ele>523.2000122070312</ele>
      </trkpt>
      <trkpt lat="46.452549286186695" lon="15.153940385207534">
        <ele>523.4000244140625</ele>
      </trkpt>
      <trkpt lat="46.45252112299204" lon="15.153986820951104">
        <ele>523.4000244140625</ele>
      </trkpt>
      <trkpt lat="46.45248952321708" lon="15.154031664133072">
        <ele>523.4000244140625</ele>
      </trkpt>
      <trkpt lat="46.45245817489922" lon="15.154078686609864">
        <ele>523.5999755859375</ele>
      </trkpt>
      <trkpt lat="46.45242540165782" lon="15.154128391295671">
        <ele>523.5999755859375</ele>
      </trkpt>
      <trkpt lat="46.452392376959324" lon="15.154175916686654">
        <ele>523.7999877929688</ele>
      </trkpt>
      <trkpt lat="46.452360190451145" lon="15.15422411262989">
        <ele>523.7999877929688</ele>
      </trkpt>
      <trkpt lat="46.45232817158103" lon="15.154271386563778">
        <ele>523.7999877929688</ele>
      </trkpt>
      <trkpt lat="46.452294727787375" lon="15.154317151755095">
        <ele>524</ele>
      </trkpt>
      <trkpt lat="46.45226170308888" lon="15.154366018250585">
        <ele>524</ele>
      </trkpt>
      <trkpt lat="46.45223001949489" lon="15.154414717108011">
        <ele>524.2000122070312</ele>
      </trkpt>
      <trkpt lat="46.452196491882205" lon="15.15446257777512">
        <ele>524.2000122070312</ele>
      </trkpt>
      <trkpt lat="46.45216304808855" lon="15.154509181156754">
        <ele>524.4000244140625</ele>
      </trkpt>
      <trkpt lat="46.452131448313594" lon="15.154558131471276">
        <ele>524.4000244140625</ele>
      </trkpt>
      <trkpt lat="46.45209993235767" lon="15.154608255252242">
        <ele>524.7999877929688</ele>
      </trkpt>
      <trkpt lat="46.452068416401744" lon="15.154654355719686">
        <ele>524.7999877929688</ele>
      </trkpt>
      <trkpt lat="46.45203874446452" lon="15.154698695987463">
        <ele>525</ele>
      </trkpt>
      <trkpt lat="46.45200898870826" lon="15.154742449522018">
        <ele>525.4000244140625</ele>
      </trkpt>
      <trkpt lat="46.45197914913297" lon="15.1547865383327">
        <ele>525.5999755859375</ele>
      </trkpt>
      <trkpt lat="46.45195090211928" lon="15.154832387343049">
        <ele>525.7999877929688</ele>
      </trkpt>
      <trkpt lat="46.45192324183881" lon="15.154878320172429">
        <ele>526</ele>
      </trkpt>
      <trkpt lat="46.45189667120576" lon="15.154921235516667">
        <ele>526.2000122070312</ele>
      </trkpt>
      <trkpt lat="46.45186674781144" lon="15.154961217194796">
        <ele>526.4000244140625</ele>
      </trkpt>
      <trkpt lat="46.45183791406453" lon="15.15500295907259">
        <ele>526.4000244140625</ele>
      </trkpt>
      <trkpt lat="46.451812935993075" lon="15.155047131702304">
        <ele>526.5999755859375</ele>
      </trkpt>
      <trkpt lat="46.45178644917905" lon="15.155089711770415">
        <ele>526.7999877929688</ele>
      </trkpt>
      <trkpt lat="46.45176423713565" lon="15.15512952581048">
        <ele>527</ele>
      </trkpt>
      <trkpt lat="46.45174185745418" lon="15.155168669298291">
        <ele>527.2000122070312</ele>
      </trkpt>
      <trkpt lat="46.45171738229692" lon="15.155206974595785">
        <ele>527.4000244140625</ele>
      </trkpt>
      <trkpt lat="46.451695170253515" lon="15.155244274064898">
        <ele>527.5999755859375</ele>
      </trkpt>
      <trkpt lat="46.451667761430144" lon="15.155275035649538">
        <ele>527.5999755859375</ele>
      </trkpt>
      <trkpt lat="46.45164010114968" lon="15.15530688688159">
        <ele>527.7999877929688</ele>
      </trkpt>
      <trkpt lat="46.45161436870694" lon="15.15534552745521">
        <ele>528</ele>
      </trkpt>
      <trkpt lat="46.4515888877213" lon="15.155381737276912">
        <ele>528.2000122070312</ele>
      </trkpt>
      <trkpt lat="46.45156541839242" lon="15.155421383678913">
        <ele>528.4000244140625</ele>
      </trkpt>
      <trkpt lat="46.451542284339666" lon="15.15546622686088">
        <ele>528.4000244140625</ele>
      </trkpt>
      <trkpt lat="46.45151764154434" lon="15.155508890748024">
        <ele>528.5999755859375</ele>
      </trkpt>
      <trkpt lat="46.451492831110954" lon="15.155549878254533">
        <ele>528.5999755859375</ele>
      </trkpt>
      <trkpt lat="46.451467433944345" lon="15.155589021742344">
        <ele>528.7999877929688</ele>
      </trkpt>
      <trkpt lat="46.45144329406321" lon="15.155626656487584">
        <ele>529</ele>
      </trkpt>
      <trkpt lat="46.45141873508692" lon="15.15566362068057">
        <ele>529</ele>
      </trkpt>
      <trkpt lat="46.451392248272896" lon="15.155704272910953">
        <ele>529.2000122070312</ele>
      </trkpt>
      <trkpt lat="46.45136651583016" lon="15.155746350064874">
        <ele>529.2000122070312</ele>
      </trkpt>
      <trkpt lat="46.45134002901614" lon="15.155789349228144">
        <ele>529.4000244140625</ele>
      </trkpt>
      <trkpt lat="46.45131194964051" lon="15.155831007286906">
        <ele>529.5999755859375</ele>
      </trkpt>
      <trkpt lat="46.45128395408392" lon="15.155873838812113">
        <ele>529.7999877929688</ele>
      </trkpt>
      <trkpt lat="46.45125570707023" lon="15.155912982299924">
        <ele>529.7999877929688</ele>
      </trkpt>
      <trkpt lat="46.451224610209465" lon="15.155952796339989">
        <ele>530</ele>
      </trkpt>
      <trkpt lat="46.45119393244386" lon="15.155994286760688">
        <ele>530</ele>
      </trkpt>
      <trkpt lat="46.45116560161114" lon="15.156033765524626">
        <ele>530.2000122070312</ele>
      </trkpt>
      <trkpt lat="46.45113542675972" lon="15.156072489917278">
        <ele>530.2000122070312</ele>
      </trkpt>
      <trkpt lat="46.451107850298285" lon="15.156113477423787">
        <ele>530.4000244140625</ele>
      </trkpt>
      <trkpt lat="46.45108060911298" lon="15.15615220181644">
        <ele>530.5999755859375</ele>
      </trkpt>
      <trkpt lat="46.45105588249862" lon="15.15618740580976">
        <ele>530.5999755859375</ele>
      </trkpt>
      <trkpt lat="46.45103090442717" lon="15.156223867088556">
        <ele>530.7999877929688</ele>
      </trkpt>
      <trkpt lat="46.45100500434637" lon="15.15626166947186">
        <ele>530.7999877929688</ele>
      </trkpt>
      <trkpt lat="46.450979355722666" lon="15.156300393864512">
        <ele>531</ele>
      </trkpt>
      <trkpt lat="46.450953455641866" lon="15.156339704990387">
        <ele>531.2000122070312</ele>
      </trkpt>
      <trkpt lat="46.450928561389446" lon="15.156375244259834">
        <ele>531.2000122070312</ele>
      </trkpt>
      <trkpt lat="46.45090282894671" lon="15.156417824327946">
        <ele>531.4000244140625</ele>
      </trkpt>
      <trkpt lat="46.45087843760848" lon="15.1564581412822">
        <ele>531.4000244140625</ele>
      </trkpt>
      <trkpt lat="46.45085304044187" lon="15.15649477019906">
        <ele>531.5999755859375</ele>
      </trkpt>
      <trkpt lat="46.45082613453269" lon="15.156531063839793">
        <ele>531.5999755859375</ele>
      </trkpt>
      <trkpt lat="46.450799563899636" lon="15.1565704587847">
        <ele>531.7999877929688</ele>
      </trkpt>
      <trkpt lat="46.45077290944755" lon="15.15660960227251">
        <ele>532</ele>
      </trkpt>
      <trkpt lat="46.45074315369129" lon="15.156650003045797">
        <ele>532</ele>
      </trkpt>
      <trkpt lat="46.450717421248555" lon="15.156689649447799">
        <ele>532.2000122070312</ele>
      </trkpt>
      <trkpt lat="46.45069160498679" lon="15.156727954745293">
        <ele>532.2000122070312</ele>
      </trkpt>
      <trkpt lat="46.45066386088729" lon="15.156767684966326">
        <ele>532.4000244140625</ele>
      </trkpt>
      <trkpt lat="46.45063854753971" lon="15.156808253377676">
        <ele>532.4000244140625</ele>
      </trkpt>
      <trkpt lat="46.45061407238245" lon="15.156849073246121">
        <ele>532.5999755859375</ele>
      </trkpt>
      <trkpt lat="46.45058758556843" lon="15.156888384371996">
        <ele>532.5999755859375</ele>
      </trkpt>
      <trkpt lat="46.4505595061928" lon="15.15692568384111">
        <ele>532.7999877929688</ele>
      </trkpt>
      <trkpt lat="46.45053243264556" lon="15.156962899491191">
        <ele>532.7999877929688</ele>
      </trkpt>
      <trkpt lat="46.45050477236509" lon="15.157001037150621">
        <ele>533</ele>
      </trkpt>
      <trkpt lat="46.45047920756042" lon="15.1570400968194">
        <ele>533</ele>
      </trkpt>
      <trkpt lat="46.450452636927366" lon="15.15707722865045">
        <ele>533.2000122070312</ele>
      </trkpt>
      <trkpt lat="46.450426233932376" lon="15.157114109024405">
        <ele>533.2000122070312</ele>
      </trkpt>
      <trkpt lat="46.450402261689305" lon="15.157153587788343">
        <ele>533.4000244140625</ele>
      </trkpt>
      <trkpt lat="46.450378289446235" lon="15.157193653285503">
        <ele>533.4000244140625</ele>
      </trkpt>
      <trkpt lat="46.450354903936386" lon="15.157233215868473">
        <ele>533.5999755859375</ele>
      </trkpt>
      <trkpt lat="46.45033059641719" lon="15.15727261081338">
        <ele>533.7999877929688</ele>
      </trkpt>
      <trkpt lat="46.450306456536055" lon="15.15730831772089">
        <ele>533.7999877929688</ele>
      </trkpt>
      <trkpt lat="46.45027971826494" lon="15.15734695829451">
        <ele>534</ele>
      </trkpt>
      <trkpt lat="46.45025432109833" lon="15.157386688515544">
        <ele>534</ele>
      </trkpt>
      <trkpt lat="46.45022548735142" lon="15.157426167279482">
        <ele>534.2000122070312</ele>
      </trkpt>
      <trkpt lat="46.45019732415676" lon="15.157467490062118">
        <ele>534.4000244140625</ele>
      </trkpt>
      <trkpt lat="46.4501710049808" lon="15.157508729025722">
        <ele>534.4000244140625</ele>
      </trkpt>
      <trkpt lat="46.45014560781419" lon="15.157551225274801">
        <ele>534.5999755859375</ele>
      </trkpt>
      <trkpt lat="46.45011895336211" lon="15.15759414061904">
        <ele>534.5999755859375</ele>
      </trkpt>
      <trkpt lat="46.450093388557434" lon="15.157637977972627">
        <ele>534.7999877929688</ele>
      </trkpt>
      <trkpt lat="46.450067069381475" lon="15.157685922458768">
        <ele>534.7999877929688</ele>
      </trkpt>
      <trkpt lat="46.45004251040518" lon="15.157731100916862">
        <ele>534.7999877929688</ele>
      </trkpt>
      <trkpt lat="46.45001661032438" lon="15.15777694992721">
        <ele>534.7999877929688</ele>
      </trkpt>
      <trkpt lat="46.44999188371003" lon="15.157822715118527">
        <ele>534.7999877929688</ele>
      </trkpt>
      <trkpt lat="46.44996598362923" lon="15.15786680392921">
        <ele>535</ele>
      </trkpt>
      <trkpt lat="46.44994259811938" lon="15.157909383997321">
        <ele>535</ele>
      </trkpt>
      <trkpt lat="46.44991762004793" lon="15.157951544970274">
        <ele>535.2000122070312</ele>
      </trkpt>
      <trkpt lat="46.44989398308098" lon="15.15799479559064">
        <ele>535.2000122070312</ele>
      </trkpt>
      <trkpt lat="46.44987135194242" lon="15.158034693449736">
        <ele>535.4000244140625</ele>
      </trkpt>
      <trkpt lat="46.44984679296613" lon="15.158073669299483">
        <ele>535.5999755859375</ele>
      </trkpt>
      <trkpt lat="46.44982089288533" lon="15.158113650977612">
        <ele>535.5999755859375</ele>
      </trkpt>
      <trkpt lat="46.449797758832574" lon="15.158155644312501">
        <ele>535.5999755859375</ele>
      </trkpt>
      <trkpt lat="46.44977303221822" lon="15.158197386190295">
        <ele>535.7999877929688</ele>
      </trkpt>
      <trkpt lat="46.44974956288934" lon="15.158240301534534">
        <ele>535.7999877929688</ele>
      </trkpt>
      <trkpt lat="46.4497254230082" lon="15.158281456679106">
        <ele>536</ele>
      </trkpt>
      <trkpt lat="46.449701115489006" lon="15.158324958756566">
        <ele>536.2000122070312</ele>
      </trkpt>
      <trkpt lat="46.449677143245935" lon="15.158368377014995">
        <ele>536.2000122070312</ele>
      </trkpt>
      <trkpt lat="46.449652165174484" lon="15.158410286530852">
        <ele>536.4000244140625</ele>
      </trkpt>
      <trkpt lat="46.44962718710303" lon="15.158452531322837">
        <ele>536.4000244140625</ele>
      </trkpt>
      <trkpt lat="46.449602879583836" lon="15.158494859933853">
        <ele>536.5999755859375</ele>
      </trkpt>
      <trkpt lat="46.44958100281656" lon="15.158535428345203">
        <ele>536.7999877929688</ele>
      </trkpt>
      <trkpt lat="46.44956055097282" lon="15.158577002584934">
        <ele>536.7999877929688</ele>
      </trkpt>
      <trkpt lat="46.44953900948167" lon="15.158613631501794">
        <ele>537</ele>
      </trkpt>
      <trkpt lat="46.449516378343105" lon="15.158649673685431">
        <ele>537.2000122070312</ele>
      </trkpt>
      <trkpt lat="46.44949223846197" lon="15.158683620393276">
        <ele>537.4000244140625</ele>
      </trkpt>
      <trkpt lat="46.44946910440922" lon="15.158716728910804">
        <ele>537.4000244140625</ele>
      </trkpt>
      <trkpt lat="46.449445970356464" lon="15.158750927075744">
        <ele>537.5999755859375</ele>
      </trkpt>
      <trkpt lat="46.44942409358919" lon="15.158787136897445">
        <ele>537.5999755859375</ele>
      </trkpt>
      <trkpt lat="46.44940280355513" lon="15.158825274556875">
        <ele>537.7999877929688</ele>
      </trkpt>
      <trkpt lat="46.44938109442592" lon="15.15886265784502">
        <ele>537.7999877929688</ele>
      </trkpt>
      <trkpt lat="46.44936156459153" lon="15.158899538218975">
        <ele>537.7999877929688</ele>
      </trkpt>
      <trkpt lat="46.449344381690025" lon="15.158936083316803">
        <ele>537.7999877929688</ele>
      </trkpt>
      <trkpt lat="46.44932745024562" lon="15.15897505916655">
        <ele>538</ele>
      </trkpt>
      <trkpt lat="46.449312111362815" lon="15.159010598435998">
        <ele>538</ele>
      </trkpt>
      <trkpt lat="46.449295934289694" lon="15.159043287858367">
        <ele>538.2000122070312</ele>
      </trkpt>
      <trkpt lat="46.449280343949795" lon="15.159076480194926">
        <ele>538.2000122070312</ele>
      </trkpt>
      <trkpt lat="46.44926299341023" lon="15.159112606197596">
        <ele>538.2000122070312</ele>
      </trkpt>
      <trkpt lat="46.449244134128094" lon="15.159147558733821">
        <ele>538.4000244140625</ele>
      </trkpt>
      <trkpt lat="46.44922594539821" lon="15.159183098003268">
        <ele>538.4000244140625</ele>
      </trkpt>
      <trkpt lat="46.44920591264963" lon="15.159220481291413">
        <ele>538.5999755859375</ele>
      </trkpt>
      <trkpt lat="46.44918629899621" lon="15.159259457141161">
        <ele>538.5999755859375</ele>
      </trkpt>
      <trkpt lat="46.44916785880923" lon="15.159298265352845">
        <ele>538.5999755859375</ele>
      </trkpt>
      <trkpt lat="46.4491505920887" lon="15.159338917583227">
        <ele>538.7999877929688</ele>
      </trkpt>
      <trkpt lat="46.44913215190172" lon="15.159380910918117">
        <ele>538.7999877929688</ele>
      </trkpt>
      <trkpt lat="46.44911111332476" lon="15.15942357480526">
        <ele>539</ele>
      </trkpt>
      <trkpt lat="46.4490900747478" lon="15.159466322511435">
        <ele>539</ele>
      </trkpt>
      <trkpt lat="46.44906719215214" lon="15.159505046904087">
        <ele>539.2000122070312</ele>
      </trkpt>
      <trkpt lat="46.44904715940356" lon="15.159544106572866">
        <ele>539.2000122070312</ele>
      </trkpt>
      <trkpt lat="46.4490295574069" lon="15.159582244232297">
        <ele>539.4000244140625</ele>
      </trkpt>
      <trkpt lat="46.44901296123862" lon="15.159624489024282">
        <ele>539.5999755859375</ele>
      </trkpt>
      <trkpt lat="46.448995443060994" lon="15.159665141254663">
        <ele>539.5999755859375</ele>
      </trkpt>
      <trkpt lat="46.448974991217256" lon="15.159708224236965">
        <ele>539.7999877929688</ele>
      </trkpt>
      <trkpt lat="46.44895772449672" lon="15.159752145409584">
        <ele>539.7999877929688</ele>
      </trkpt>
      <trkpt lat="46.44893794320524" lon="15.159795479848981">
        <ele>540</ele>
      </trkpt>
      <trkpt lat="46.448914892971516" lon="15.159837054088712">
        <ele>540</ele>
      </trkpt>
      <trkpt lat="46.44889460876584" lon="15.159879885613918">
        <ele>540</ele>
      </trkpt>
      <trkpt lat="46.448875246569514" lon="15.159923806786537">
        <ele>540.2000122070312</ele>
      </trkpt>
      <trkpt lat="46.448858231306076" lon="15.159969069063663">
        <ele>540.2000122070312</ele>
      </trkpt>
      <trkpt lat="46.4488397911191" lon="15.160010978579521">
        <ele>540.4000244140625</ele>
      </trkpt>
      <trkpt lat="46.44881833344698" lon="15.160055570304394">
        <ele>540.5999755859375</ele>
      </trkpt>
      <trkpt lat="46.44879494793713" lon="15.16010133549571">
        <ele>540.5999755859375</ele>
      </trkpt>
      <trkpt lat="46.44877340644598" lon="15.160145591944456">
        <ele>540.5999755859375</ele>
      </trkpt>
      <trkpt lat="46.44875387661159" lon="15.160187752917409">
        <ele>540.7999877929688</ele>
      </trkpt>
      <trkpt lat="46.448734598234296" lon="15.160230249166489">
        <ele>540.7999877929688</ele>
      </trkpt>
      <trkpt lat="46.44871490076184" lon="15.160271655768156">
        <ele>541</ele>
      </trkpt>
      <trkpt lat="46.448694951832294" lon="15.160316582769156">
        <ele>541</ele>
      </trkpt>
      <trkpt lat="46.44867575727403" lon="15.16035882756114">
        <ele>541</ele>
      </trkpt>
      <trkpt lat="46.44865673035383" lon="15.160403167828918">
        <ele>541</ele>
      </trkpt>
      <trkpt lat="46.44863812252879" lon="15.160447927191854">
        <ele>541</ele>
      </trkpt>
      <trkpt lat="46.448617838323116" lon="15.160490842536092">
        <ele>541</ele>
      </trkpt>
      <trkpt lat="46.4485979732126" lon="15.160535015165806">
        <ele>541</ele>
      </trkpt>
      <trkpt lat="46.44857944920659" lon="15.160577595233917">
        <ele>541.2000122070312</ele>
      </trkpt>
      <trkpt lat="46.44855950027704" lon="15.160620510578156">
        <ele>541.2000122070312</ele>
      </trkpt>
      <trkpt lat="46.448538629338145" lon="15.160662084817886">
        <ele>541.2000122070312</ele>
      </trkpt>
      <trkpt lat="46.44851926714182" lon="15.160703910514712">
        <ele>541.4000244140625</ele>
      </trkpt>
      <trkpt lat="46.448501413688064" lon="15.16074632294476">
        <ele>541.4000244140625</ele>
      </trkpt>
      <trkpt lat="46.44848666153848" lon="15.160790914669633">
        <ele>541.4000244140625</ele>
      </trkpt>
      <trkpt lat="46.44847140647471" lon="15.160835338756442">
        <ele>541.5999755859375</ele>
      </trkpt>
      <trkpt lat="46.448455564677715" lon="15.16087967902422">
        <ele>541.5999755859375</ele>
      </trkpt>
      <trkpt lat="46.44843871705234" lon="15.160922007635236">
        <ele>541.7999877929688</ele>
      </trkpt>
      <trkpt lat="46.44842119887471" lon="15.160962827503681">
        <ele>541.7999877929688</ele>
      </trkpt>
      <trkpt lat="46.448405189439654" lon="15.161003060638905">
        <ele>542</ele>
      </trkpt>
      <trkpt lat="46.44838876090944" lon="15.161043964326382">
        <ele>542</ele>
      </trkpt>
      <trkpt lat="46.448372500017285" lon="15.161084784194827">
        <ele>542</ele>
      </trkpt>
      <trkpt lat="46.448357328772545" lon="15.161126526072621">
        <ele>542.2000122070312</ele>
      </trkpt>
      <trkpt lat="46.44834090024233" lon="15.161171285435557">
        <ele>542.4000244140625</ele>
      </trkpt>
      <trkpt lat="46.448325645178556" lon="15.16121780499816">
        <ele>542.4000244140625</ele>
      </trkpt>
      <trkpt lat="46.448309468105435" lon="15.161264827474952">
        <ele>542.4000244140625</ele>
      </trkpt>
      <trkpt lat="46.44829312339425" lon="15.161312352865934">
        <ele>542.5999755859375</ele>
      </trkpt>
      <trkpt lat="46.44827786833048" lon="15.16136096790433">
        <ele>542.5999755859375</ele>
      </trkpt>
      <trkpt lat="46.4482612721622" lon="15.161406062543392">
        <ele>542.5999755859375</ele>
      </trkpt>
      <trkpt lat="46.44824677146971" lon="15.161450738087296">
        <ele>542.5999755859375</ele>
      </trkpt>
      <trkpt lat="46.448232689872384" lon="15.161493988707662">
        <ele>542.7999877929688</ele>
      </trkpt>
      <trkpt lat="46.44821827299893" lon="15.161536820232868">
        <ele>542.7999877929688</ele>
      </trkpt>
      <trkpt lat="46.44820276647806" lon="15.161580741405487">
        <ele>543</ele>
      </trkpt>
      <trkpt lat="46.44818868488073" lon="15.161625249311328">
        <ele>543</ele>
      </trkpt>
      <trkpt lat="46.44817577674985" lon="15.161667997017503">
        <ele>543.2000122070312</ele>
      </trkpt>
      <trkpt lat="46.44816211424768" lon="15.161712924018502">
        <ele>543.2000122070312</ele>
      </trkpt>
      <trkpt lat="46.44814954139292" lon="15.161757934838533">
        <ele>543.4000244140625</ele>
      </trkpt>
      <trkpt lat="46.448135543614626" lon="15.161803280934691">
        <ele>543.4000244140625</ele>
      </trkpt>
      <trkpt lat="46.44812313839793" lon="15.161850219592452">
        <ele>543.4000244140625</ele>
      </trkpt>
      <trkpt lat="46.448112996295094" lon="15.161899253726006">
        <ele>543.5999755859375</ele>
      </trkpt>
      <trkpt lat="46.44810360856354" lon="15.16194636002183">
        <ele>543.5999755859375</ele>
      </trkpt>
      <trkpt lat="46.44809313118458" lon="15.161993466317654">
        <ele>543.7999877929688</ele>
      </trkpt>
      <trkpt lat="46.44808198325336" lon="15.16204166226089">
        <ele>543.7999877929688</ele>
      </trkpt>
      <trkpt lat="46.44807091914117" lon="15.162089355289936">
        <ele>544</ele>
      </trkpt>
      <trkpt lat="46.4480609446764" lon="15.162138724699616">
        <ele>544.2000122070312</ele>
      </trkpt>
      <trkpt lat="46.448049461469054" lon="15.162187507376075">
        <ele>544.2000122070312</ele>
      </trkpt>
      <trkpt lat="46.44803445786238" lon="15.162234026938677">
        <ele>544.4000244140625</ele>
      </trkpt>
      <trkpt lat="46.448023645207286" lon="15.162280043587089">
        <ele>544.5999755859375</ele>
      </trkpt>
      <trkpt lat="46.44801224581897" lon="15.162327904254198">
        <ele>544.5999755859375</ele>
      </trkpt>
      <trkpt lat="46.448001600801945" lon="15.162379201501608">
        <ele>544.7999877929688</ele>
      </trkpt>
      <trkpt lat="46.44798751920462" lon="15.162430414929986">
        <ele>544.7999877929688</ele>
      </trkpt>
      <trkpt lat="46.44797310233116" lon="15.162481125444174">
        <ele>545</ele>
      </trkpt>
      <trkpt lat="46.44795751199126" lon="15.162529069930315">
        <ele>545</ele>
      </trkpt>
      <trkpt lat="46.44794653169811" lon="15.162574332207441">
        <ele>545.2000122070312</ele>
      </trkpt>
      <trkpt lat="46.44793546758592" lon="15.162619426846504">
        <ele>545.4000244140625</ele>
      </trkpt>
      <trkpt lat="46.4479227270931" lon="15.162665527313948">
        <ele>545.5999755859375</ele>
      </trkpt>
      <trkpt lat="46.447910238057375" lon="15.162711879238486">
        <ele>545.5999755859375</ele>
      </trkpt>
      <trkpt lat="46.44789883866906" lon="15.162759153172374">
        <ele>545.7999877929688</ele>
      </trkpt>
      <trkpt lat="46.44788945093751" lon="15.162810701876879">
        <ele>546</ele>
      </trkpt>
      <trkpt lat="46.44787813536823" lon="15.162863256409764">
        <ele>546</ele>
      </trkpt>
      <trkpt lat="46.44786614924669" lon="15.16291287727654">
        <ele>546.2000122070312</ele>
      </trkpt>
      <trkpt lat="46.44785676151514" lon="15.162964090704918">
        <ele>546.2000122070312</ele>
      </trkpt>
      <trkpt lat="46.44784452393651" lon="15.163011197000742">
        <ele>546.4000244140625</ele>
      </trkpt>
      <trkpt lat="46.4478347171098" lon="15.163057632744312">
        <ele>546.4000244140625</ele>
      </trkpt>
      <trkpt lat="46.44782541319728" lon="15.1631049066782">
        <ele>546.4000244140625</ele>
      </trkpt>
      <trkpt lat="46.4478175342083" lon="15.163154024630785">
        <ele>546.5999755859375</ele>
      </trkpt>
      <trkpt lat="46.44780504517257" lon="15.16320456750691">
        <ele>546.5999755859375</ele>
      </trkpt>
      <trkpt lat="46.44779230467975" lon="15.163253685459495">
        <ele>546.7999877929688</ele>
      </trkpt>
      <trkpt lat="46.44778333604336" lon="15.163305317983031">
        <ele>546.7999877929688</ele>
      </trkpt>
      <trkpt lat="46.44777470268309" lon="15.163352843374014">
        <ele>547</ele>
      </trkpt>
      <trkpt lat="46.44776623696089" lon="15.16340053640306">
        <ele>547.2000122070312</ele>
      </trkpt>
      <trkpt lat="46.447757268324494" lon="15.163449570536613">
        <ele>547.4000244140625</ele>
      </trkpt>
      <trkpt lat="46.44774980843067" lon="15.163498520851135">
        <ele>547.4000244140625</ele>
      </trkpt>
      <trkpt lat="46.44774402491748" lon="15.163548057898879">
        <ele>547.4000244140625</ele>
      </trkpt>
      <trkpt lat="46.44773891195655" lon="15.163600696250796">
        <ele>547.4000244140625</ele>
      </trkpt>
      <trkpt lat="46.44773002713919" lon="15.163650400936604">
        <ele>547.4000244140625</ele>
      </trkpt>
      <trkpt lat="46.44772273488343" lon="15.163700943812728">
        <ele>547.4000244140625</ele>
      </trkpt>
      <trkpt lat="46.44771644845605" lon="15.163752073422074">
        <ele>547.5999755859375</ele>
      </trkpt>
      <trkpt lat="46.44770924001932" lon="15.163802029564977">
        <ele>547.5999755859375</ele>
      </trkpt>
      <trkpt lat="46.44770186394453" lon="15.163851818069816">
        <ele>547.7999877929688</ele>
      </trkpt>
      <trkpt lat="46.447696667164564" lon="15.163903534412384">
        <ele>547.7999877929688</ele>
      </trkpt>
      <trkpt lat="46.447688955813646" lon="15.163954580202699">
        <ele>547.7999877929688</ele>
      </trkpt>
      <trkpt lat="46.447681579738855" lon="15.164007134735584">
        <ele>548</ele>
      </trkpt>
      <trkpt lat="46.44767822697759" lon="15.164064215496182">
        <ele>548</ele>
      </trkpt>
      <trkpt lat="46.44767437130213" lon="15.164116770029068">
        <ele>548.2000122070312</ele>
      </trkpt>
      <trkpt lat="46.44766816869378" lon="15.164166809991002">
        <ele>548.4000244140625</ele>
      </trkpt>
      <trkpt lat="46.44766221754253" lon="15.164216011762619">
        <ele>548.4000244140625</ele>
      </trkpt>
      <trkpt lat="46.44765743985772" lon="15.164266135543585">
        <ele>548.5999755859375</ele>
      </trkpt>
      <trkpt lat="46.44765308126807" lon="15.164317851886153">
        <ele>548.5999755859375</ele>
      </trkpt>
      <trkpt lat="46.4476481359452" lon="15.164370238780975">
        <ele>548.5999755859375</ele>
      </trkpt>
      <trkpt lat="46.44764117896557" lon="15.164422374218702">
        <ele>548.7999877929688</ele>
      </trkpt>
      <trkpt lat="46.44763288088143" lon="15.164472497999668">
        <ele>548.7999877929688</ele>
      </trkpt>
      <trkpt lat="46.447626845911145" lon="15.164523459970951">
        <ele>548.7999877929688</ele>
      </trkpt>
      <trkpt lat="46.44762282259762" lon="15.164574338123202">
        <ele>549</ele>
      </trkpt>
      <trkpt lat="46.447619972750545" lon="15.16462848521769">
        <ele>549</ele>
      </trkpt>
      <trkpt lat="46.447615530341864" lon="15.164682129397988">
        <ele>549.2000122070312</ele>
      </trkpt>
      <trkpt lat="46.44761041738093" lon="15.164733342826366">
        <ele>549.2000122070312</ele>
      </trkpt>
      <trkpt lat="46.4476050529629" lon="15.16478287987411">
        <ele>549.2000122070312</ele>
      </trkpt>
      <trkpt lat="46.44759868271649" lon="15.164833506569266">
        <ele>549.4000244140625</ele>
      </trkpt>
      <trkpt lat="46.44759482704103" lon="15.164884636178613">
        <ele>549.4000244140625</ele>
      </trkpt>
      <trkpt lat="46.447589714080095" lon="15.16493727453053">
        <ele>549.4000244140625</ele>
      </trkpt>
      <trkpt lat="46.44758610986173" lon="15.164990834891796">
        <ele>549.4000244140625</ele>
      </trkpt>
      <trkpt lat="46.447582338005304" lon="15.165041042491794">
        <ele>549.4000244140625</ele>
      </trkpt>
      <trkpt lat="46.44757772795856" lon="15.16509116627276">
        <ele>549.4000244140625</ele>
      </trkpt>
      <trkpt lat="46.447573034092784" lon="15.165142295882106">
        <ele>549.5999755859375</ele>
      </trkpt>
      <trkpt lat="46.44756708294153" lon="15.16519183292985">
        <ele>549.7999877929688</ele>
      </trkpt>
      <trkpt lat="46.44756079651415" lon="15.165240280330181">
        <ele>549.7999877929688</ele>
      </trkpt>
      <trkpt lat="46.44755492918193" lon="15.1652876380831">
        <ele>550</ele>
      </trkpt>
      <trkpt lat="46.4475463796407" lon="15.165331056341529">
        <ele>550</ele>
      </trkpt>
      <trkpt lat="46.447538835927844" lon="15.165375396609306">
        <ele>550.2000122070312</ele>
      </trkpt>
      <trkpt lat="46.44753556698561" lon="15.165428034961224">
        <ele>550.4000244140625</ele>
      </trkpt>
      <trkpt lat="46.44752743653953" lon="15.165472039952874">
        <ele>550.4000244140625</ele>
      </trkpt>
      <trkpt lat="46.44751947373152" lon="15.165518643334508">
        <ele>550.5999755859375</ele>
      </trkpt>
      <trkpt lat="46.447514947503805" lon="15.165569018572569">
        <ele>550.7999877929688</ele>
      </trkpt>
      <trkpt lat="46.447514444589615" lon="15.165622411295772">
        <ele>550.7999877929688</ele>
      </trkpt>
      <trkpt lat="46.44750790670514" lon="15.16567806713283">
        <ele>551</ele>
      </trkpt>
      <trkpt lat="46.447500782087445" lon="15.1657332200557">
        <ele>551</ele>
      </trkpt>
      <trkpt lat="46.44749181345105" lon="15.165786864235997">
        <ele>551.2000122070312</ele>
      </trkpt>
      <trkpt lat="46.44748443737626" lon="15.165834641084075">
        <ele>551.2000122070312</ele>
      </trkpt>
      <trkpt lat="46.44747605547309" lon="15.165886357426643">
        <ele>551.4000244140625</ele>
      </trkpt>
      <trkpt lat="46.44746272824705" lon="15.165935978293419">
        <ele>551.4000244140625</ele>
      </trkpt>
      <trkpt lat="46.44745208323002" lon="15.165987443178892">
        <ele>551.5999755859375</ele>
      </trkpt>
      <trkpt lat="46.44744194112718" lon="15.166034884750843">
        <ele>551.7999877929688</ele>
      </trkpt>
      <trkpt lat="46.447430374100804" lon="15.166078638285398">
        <ele>551.7999877929688</ele>
      </trkpt>
      <trkpt lat="46.4474184717983" lon="15.166123230010271">
        <ele>552</ele>
      </trkpt>
      <trkpt lat="46.44740757532418" lon="15.166171258315444">
        <ele>552.2000122070312</ele>
      </trkpt>
      <trkpt lat="46.447396175935864" lon="15.166218699887395">
        <ele>552.2000122070312</ele>
      </trkpt>
      <trkpt lat="46.447382010519505" lon="15.166265051811934">
        <ele>552.4000244140625</ele>
      </trkpt>
      <trkpt lat="46.447367426007986" lon="15.166308218613267">
        <ele>552.5999755859375</ele>
      </trkpt>
      <trkpt lat="46.44735602661967" lon="15.16634694300592">
        <ele>552.5999755859375</ele>
      </trkpt>
      <trkpt lat="46.447343956679106" lon="15.166383907198906">
        <ele>552.7999877929688</ele>
      </trkpt>
      <trkpt lat="46.44733247347176" lon="15.16641927883029">
        <ele>552.7999877929688</ele>
      </trkpt>
      <trkpt lat="46.4473217446357" lon="15.16645104624331">
        <ele>552.7999877929688</ele>
      </trkpt>
      <trkpt lat="46.44731000997126" lon="15.16647937707603">
        <ele>553</ele>
      </trkpt>
      <trkpt lat="46.44729835912585" lon="15.166507624089718">
        <ele>553</ele>
      </trkpt>
      <trkpt lat="46.44728536717594" lon="15.166536960750818">
        <ele>553.2000122070312</ele>
      </trkpt>
      <trkpt lat="46.44727086648345" lon="15.166569733992219">
        <ele>553.2000122070312</ele>
      </trkpt>
      <trkpt lat="46.447256449609995" lon="15.166608290746808">
        <ele>553.2000122070312</ele>
      </trkpt>
      <trkpt lat="46.44724044017494" lon="15.166647266596556">
        <ele>553.2000122070312</ele>
      </trkpt>
      <trkpt lat="46.447223676368594" lon="15.16669043339789">
        <ele>553.2000122070312</ele>
      </trkpt>
      <trkpt lat="46.44720548763871" lon="15.166732175275683">
        <ele>553.2000122070312</ele>
      </trkpt>
      <trkpt lat="46.44718646071851" lon="15.166771318763494">
        <ele>553.2000122070312</ele>
      </trkpt>
      <trkpt lat="46.4471679367125" lon="15.166815407574177">
        <ele>553.4000244140625</ele>
      </trkpt>
      <trkpt lat="46.447149915620685" lon="15.166859747841954">
        <ele>553.4000244140625</ele>
      </trkpt>
      <trkpt lat="46.447132397443056" lon="15.16690257936716">
        <ele>553.4000244140625</ele>
      </trkpt>
      <trkpt lat="46.44711580127478" lon="15.166946835815907">
        <ele>553.4000244140625</ele>
      </trkpt>
      <trkpt lat="46.44709702581167" lon="15.16699243336916">
        <ele>553.5999755859375</ele>
      </trkpt>
      <trkpt lat="46.447076154872775" lon="15.167035097256303">
        <ele>553.5999755859375</ele>
      </trkpt>
      <trkpt lat="46.44705779850483" lon="15.167074827477336">
        <ele>553.7999877929688</ele>
      </trkpt>
      <trkpt lat="46.44703835248947" lon="15.167117826640606">
        <ele>553.7999877929688</ele>
      </trkpt>
      <trkpt lat="46.44701873883605" lon="15.167163088917732">
        <ele>554</ele>
      </trkpt>
      <trkpt lat="46.44699786789715" lon="15.167207093909383">
        <ele>554</ele>
      </trkpt>
      <trkpt lat="46.44697766751051" lon="15.167253613471985">
        <ele>554.2000122070312</ele>
      </trkpt>
      <trkpt lat="46.44695813767612" lon="15.167296277359128">
        <ele>554.4000244140625</ele>
      </trkpt>
      <trkpt lat="46.44693802110851" lon="15.167338773608208">
        <ele>554.4000244140625</ele>
      </trkpt>
      <trkpt lat="46.44691698253155" lon="15.167378336191177">
        <ele>554.4000244140625</ele>
      </trkpt>
      <trkpt lat="46.44689552485943" lon="15.167416976764798">
        <ele>554.4000244140625</ele>
      </trkpt>
      <trkpt lat="46.446874905377626" lon="15.167454779148102">
        <ele>554.4000244140625</ele>
      </trkpt>
      <trkpt lat="46.44685688428581" lon="15.167497107759118">
        <ele>554.4000244140625</ele>
      </trkpt>
      <trkpt lat="46.446839701384306" lon="15.167538179084659">
        <ele>554.4000244140625</ele>
      </trkpt>
      <trkpt lat="46.44682243466377" lon="15.167581094428897">
        <ele>554.5999755859375</ele>
      </trkpt>
      <trkpt lat="46.4468037430197" lon="15.167621746659279">
        <ele>554.5999755859375</ele>
      </trkpt>
      <trkpt lat="46.446787398308516" lon="15.167663907632232">
        <ele>554.5999755859375</ele>
      </trkpt>
      <trkpt lat="46.446770215407014" lon="15.167704476043582">
        <ele>554.7999877929688</ele>
      </trkpt>
      <trkpt lat="46.446753116324544" lon="15.167746217921376">
        <ele>554.7999877929688</ele>
      </trkpt>
      <trkpt lat="46.44673618488014" lon="15.16778745688498">
        <ele>555</ele>
      </trkpt>
      <trkpt lat="46.44671975634992" lon="15.167829282581806">
        <ele>555.2000122070312</ele>
      </trkpt>
      <trkpt lat="46.44670399837196" lon="15.167870940640569">
        <ele>555.2000122070312</ele>
      </trkpt>
      <trkpt lat="46.4466863963753" lon="15.167911509051919">
        <ele>555.2000122070312</ele>
      </trkpt>
      <trkpt lat="46.44666837528348" lon="15.167948305606842">
        <ele>555.4000244140625</ele>
      </trkpt>
      <trkpt lat="46.4466536231339" lon="15.167986107990146">
        <ele>555.4000244140625</ele>
      </trkpt>
      <trkpt lat="46.44663903862238" lon="15.16802684403956">
        <ele>555.4000244140625</ele>
      </trkpt>
      <trkpt lat="46.44662185572088" lon="15.168066741898656">
        <ele>555.4000244140625</ele>
      </trkpt>
      <trkpt lat="46.44660542719066" lon="15.168104628100991">
        <ele>555.4000244140625</ele>
      </trkpt>
      <trkpt lat="46.446587573736906" lon="15.168142933398485">
        <ele>555.5999755859375</ele>
      </trkpt>
      <trkpt lat="46.44657131284475" lon="15.168182495981455">
        <ele>555.5999755859375</ele>
      </trkpt>
      <trkpt lat="46.44655597396195" lon="15.168225578963757">
        <ele>555.5999755859375</ele>
      </trkpt>
      <trkpt lat="46.44654004834592" lon="15.16826732084155">
        <ele>555.7999877929688</ele>
      </trkpt>
      <trkpt lat="46.44652328453958" lon="15.168310990557075">
        <ele>556</ele>
      </trkpt>
      <trkpt lat="46.446507358923554" lon="15.168356420472264">
        <ele>556</ele>
      </trkpt>
      <trkpt lat="46.44649143330753" lon="15.168397324159741">
        <ele>556.2000122070312</ele>
      </trkpt>
      <trkpt lat="46.44647684879601" lon="15.168439988046885">
        <ele>556.2000122070312</ele>
      </trkpt>
      <trkpt lat="46.44646075554192" lon="15.168483993038535">
        <ele>556.2000122070312</ele>
      </trkpt>
      <trkpt lat="46.446443321183324" lon="15.168525902554393">
        <ele>556.2000122070312</ele>
      </trkpt>
      <trkpt lat="46.44642689265311" lon="15.168570661917329">
        <ele>556.4000244140625</ele>
      </trkpt>
      <trkpt lat="46.446409709751606" lon="15.16861667856574">
        <ele>556.4000244140625</ele>
      </trkpt>
      <trkpt lat="46.44639319740236" lon="15.168661940842867">
        <ele>556.4000244140625</ele>
      </trkpt>
      <trkpt lat="46.446378361433744" lon="15.168705359101295">
        <ele>556.4000244140625</ele>
      </trkpt>
      <trkpt lat="46.4463634416461" lon="15.168749867007136">
        <ele>556.4000244140625</ele>
      </trkpt>
      <trkpt lat="46.446347599849105" lon="15.168794374912977">
        <ele>556.5999755859375</ele>
      </trkpt>
      <trkpt lat="46.44633024930954" lon="15.168835194781423">
        <ele>556.5999755859375</ele>
      </trkpt>
      <trkpt lat="46.44631306640804" lon="15.16887366771698">
        <ele>556.5999755859375</ele>
      </trkpt>
      <trkpt lat="46.44629647023976" lon="15.168912224471569">
        <ele>556.7999877929688</ele>
      </trkpt>
      <trkpt lat="46.44628129899502" lon="15.168954050168395">
        <ele>556.7999877929688</ele>
      </trkpt>
      <trkpt lat="46.446267468854785" lon="15.168995205312967">
        <ele>557</ele>
      </trkpt>
      <trkpt lat="46.446252381429076" lon="15.169037031009793">
        <ele>557</ele>
      </trkpt>
      <trkpt lat="46.44623746164143" lon="15.169080533087254">
        <ele>557.2000122070312</ele>
      </trkpt>
      <trkpt lat="46.44622212275863" lon="15.16912043094635">
        <ele>557.2000122070312</ele>
      </trkpt>
      <trkpt lat="46.4462061971426" lon="15.169158820062876">
        <ele>557.4000244140625</ele>
      </trkpt>
      <trkpt lat="46.446189265698195" lon="15.16919762827456">
        <ele>557.4000244140625</ele>
      </trkpt>
      <trkpt lat="46.446171747520566" lon="15.169237945228815">
        <ele>557.5999755859375</ele>
      </trkpt>
      <trkpt lat="46.44615531899035" lon="15.16927876509726">
        <ele>557.5999755859375</ele>
      </trkpt>
      <trkpt lat="46.44614056684077" lon="15.169319668784738">
        <ele>557.7999877929688</ele>
      </trkpt>
      <trkpt lat="46.44612556323409" lon="15.169360153377056">
        <ele>557.7999877929688</ele>
      </trkpt>
      <trkpt lat="46.446111146360636" lon="15.16940038651228">
        <ele>558</ele>
      </trkpt>
      <trkpt lat="46.446096478030086" lon="15.169438859447837">
        <ele>558</ele>
      </trkpt>
      <trkpt lat="46.446082731708884" lon="15.169477667659521">
        <ele>558.2000122070312</ele>
      </trkpt>
      <trkpt lat="46.44606923684478" lon="15.169519577175379">
        <ele>558.2000122070312</ele>
      </trkpt>
      <trkpt lat="46.44605565816164" lon="15.169559307396412">
        <ele>558.4000244140625</ele>
      </trkpt>
      <trkpt lat="46.44603990018368" lon="15.169595601037145">
        <ele>558.4000244140625</ele>
      </trkpt>
      <trkpt lat="46.44602397456765" lon="15.169632313773036">
        <ele>558.5999755859375</ele>
      </trkpt>
      <trkpt lat="46.44600939005613" lon="15.16967011615634">
        <ele>558.5999755859375</ele>
      </trkpt>
      <trkpt lat="46.44599413499236" lon="15.169705152511597">
        <ele>558.7999877929688</ele>
      </trkpt>
      <trkpt lat="46.44597611390054" lon="15.169738763943315">
        <ele>558.7999877929688</ele>
      </trkpt>
      <trkpt lat="46.44595993682742" lon="15.169773800298572">
        <ele>559</ele>
      </trkpt>
      <trkpt lat="46.445943005383015" lon="15.169810932129622">
        <ele>559</ele>
      </trkpt>
      <trkpt lat="46.44592414610088" lon="15.169849824160337">
        <ele>559</ele>
      </trkpt>
      <trkpt lat="46.44590511918068" lon="15.169889722019434">
        <ele>559.2000122070312</ele>
      </trkpt>
      <trkpt lat="46.445886343717575" lon="15.169930625706911">
        <ele>559.2000122070312</ele>
      </trkpt>
      <trkpt lat="46.44587008282542" lon="15.16997597180307">
        <ele>559.2000122070312</ele>
      </trkpt>
      <trkpt lat="46.44585667178035" lon="15.17002047970891">
        <ele>559.4000244140625</ele>
      </trkpt>
      <trkpt lat="46.44584250636399" lon="15.170063059777021">
        <ele>559.4000244140625</ele>
      </trkpt>
      <trkpt lat="46.445828173309565" lon="15.170107232406735">
        <ele>559.4000244140625</ele>
      </trkpt>
      <trkpt lat="46.44581333734095" lon="15.170154003426433">
        <ele>559.4000244140625</ele>
      </trkpt>
      <trkpt lat="46.44579674117267" lon="15.170198678970337">
        <ele>559.4000244140625</ele>
      </trkpt>
      <trkpt lat="46.44577603787184" lon="15.170244444161654">
        <ele>559.4000244140625</ele>
      </trkpt>
      <trkpt lat="46.44575751386583" lon="15.17028970643878">
        <ele>559.5999755859375</ele>
      </trkpt>
      <trkpt lat="46.44573614001274" lon="15.170333879068494">
        <ele>559.5999755859375</ele>
      </trkpt>
      <trkpt lat="46.44571862183511" lon="15.170379308983684">
        <ele>559.7999877929688</ele>
      </trkpt>
      <trkpt lat="46.44570135511458" lon="15.170425996184349">
        <ele>560</ele>
      </trkpt>
      <trkpt lat="46.445684088394046" lon="15.170471845194697">
        <ele>560.2000122070312</ele>
      </trkpt>
      <trkpt lat="46.4456641394645" lon="15.17051643691957">
        <ele>560.4000244140625</ele>
      </trkpt>
      <trkpt lat="46.44564871676266" lon="15.170563459396362">
        <ele>560.4000244140625</ele>
      </trkpt>
      <trkpt lat="46.44563186913729" lon="15.170611487701535">
        <ele>560.5999755859375</ele>
      </trkpt>
      <trkpt lat="46.4456157758832" lon="15.170660018920898">
        <ele>560.5999755859375</ele>
      </trkpt>
      <trkpt lat="46.44559926353395" lon="15.17070947214961">
        <ele>560.5999755859375</ele>
      </trkpt>
      <trkpt lat="46.44558308646083" lon="15.170757668092847">
        <ele>560.5999755859375</ele>
      </trkpt>
      <trkpt lat="46.4455655682832" lon="15.17080376856029">
        <ele>560.7999877929688</ele>
      </trkpt>
      <trkpt lat="46.44554746337235" lon="15.170849114656448">
        <ele>560.7999877929688</ele>
      </trkpt>
      <trkpt lat="46.4455312024802" lon="15.170893287286162">
        <ele>560.7999877929688</ele>
      </trkpt>
      <trkpt lat="46.4455153606832" lon="15.170940645039082">
        <ele>561</ele>
      </trkpt>
      <trkpt lat="46.44549826160073" lon="15.170987332239747">
        <ele>561</ele>
      </trkpt>
      <trkpt lat="46.445480743423104" lon="15.171031840145588">
        <ele>561</ele>
      </trkpt>
      <trkpt lat="46.44546238705516" lon="15.171079700812697">
        <ele>561</ele>
      </trkpt>
      <trkpt lat="46.445447048172355" lon="15.171129573136568">
        <ele>561</ele>
      </trkpt>
      <trkpt lat="46.44543154165149" lon="15.17117902636528">
        <ele>561</ele>
      </trkpt>
      <trkpt lat="46.44541226327419" lon="15.171222612261772">
        <ele>561.2000122070312</ele>
      </trkpt>
      <trkpt lat="46.44539440982044" lon="15.17126552760601">
        <ele>561.2000122070312</ele>
      </trkpt>
      <trkpt lat="46.44537781365216" lon="15.171304838731885">
        <ele>561.4000244140625</ele>
      </trkpt>
      <trkpt lat="46.445360630750656" lon="15.171346412971616">
        <ele>561.5999755859375</ele>
      </trkpt>
      <trkpt lat="46.4453443698585" lon="15.171386897563934">
        <ele>561.7999877929688</ele>
      </trkpt>
      <trkpt lat="46.4453274384141" lon="15.171428890898824">
        <ele>561.7999877929688</ele>
      </trkpt>
      <trkpt lat="46.44531042315066" lon="15.171471051871777">
        <ele>562</ele>
      </trkpt>
      <trkpt lat="46.44529290497303" lon="15.171509608626366">
        <ele>562.2000122070312</ele>
      </trkpt>
      <trkpt lat="46.445275051519275" lon="15.171549171209335">
        <ele>562.2000122070312</ele>
      </trkpt>
      <trkpt lat="46.44525870680809" lon="15.171587895601988">
        <ele>562.4000244140625</ele>
      </trkpt>
      <trkpt lat="46.44524152390659" lon="15.171627290546894">
        <ele>562.4000244140625</ele>
      </trkpt>
      <trkpt lat="46.44522710703313" lon="15.171667272225022">
        <ele>562.4000244140625</ele>
      </trkpt>
      <trkpt lat="46.4452151209116" lon="15.171706667169929">
        <ele>562.4000244140625</ele>
      </trkpt>
      <trkpt lat="46.445203721523285" lon="15.171748073771596">
        <ele>562.4000244140625</ele>
      </trkpt>
      <trkpt lat="46.44519223831594" lon="15.171788558363914">
        <ele>562.4000244140625</ele>
      </trkpt>
      <trkpt lat="46.44517824053764" lon="15.171829462051392">
        <ele>562.5999755859375</ele>
      </trkpt>
      <trkpt lat="46.44516600295901" lon="15.171870533376932">
        <ele>562.5999755859375</ele>
      </trkpt>
      <trkpt lat="46.44515234045684" lon="15.171911269426346">
        <ele>562.5999755859375</ele>
      </trkpt>
      <trkpt lat="46.44513993524015" lon="15.17195301130414">
        <ele>562.7999877929688</ele>
      </trkpt>
      <trkpt lat="46.44512903876603" lon="15.171992909163237">
        <ele>563</ele>
      </trkpt>
      <trkpt lat="46.44511688500643" lon="15.172034231945872">
        <ele>563.2000122070312</ele>
      </trkpt>
      <trkpt lat="46.445102132856846" lon="15.172075303271413">
        <ele>563.4000244140625</ele>
      </trkpt>
      <trkpt lat="46.44508830271661" lon="15.172115536406636">
        <ele>563.5999755859375</ele>
      </trkpt>
      <trkpt lat="46.445077238604426" lon="15.172155434265733">
        <ele>563.7999877929688</ele>
      </trkpt>
      <trkpt lat="46.44506340846419" lon="15.17219390720129">
        <ele>563.7999877929688</ele>
      </trkpt>
      <trkpt lat="46.44505393691361" lon="15.17223397269845">
        <ele>564</ele>
      </trkpt>
      <trkpt lat="46.44504320807755" lon="15.172271775081754">
        <ele>564.2000122070312</ele>
      </trkpt>
      <trkpt lat="46.44503105431795" lon="15.172310080379248">
        <ele>564.2000122070312</ele>
      </trkpt>
      <trkpt lat="46.44502208568156" lon="15.172350900247693">
        <ele>564.4000244140625</ele>
      </trkpt>
      <trkpt lat="46.445014625787735" lon="15.172391887754202">
        <ele>564.4000244140625</ele>
      </trkpt>
      <trkpt lat="46.445008255541325" lon="15.172435138374567">
        <ele>564.5999755859375</ele>
      </trkpt>
      <trkpt lat="46.44500372931361" lon="15.17248123884201">
        <ele>564.5999755859375</ele>
      </trkpt>
      <trkpt lat="46.44499040208757" lon="15.17252767458558">
        <ele>564.7999877929688</ele>
      </trkpt>
      <trkpt lat="46.44497908651829" lon="15.172571763396263">
        <ele>564.7999877929688</ele>
      </trkpt>
      <trkpt lat="46.44496995024383" lon="15.172615181654692">
        <ele>565</ele>
      </trkpt>
      <trkpt lat="46.444961819797754" lon="15.172656001523137">
        <ele>565.2000122070312</ele>
      </trkpt>
      <trkpt lat="46.44495226442814" lon="15.17269715666771">
        <ele>565.2000122070312</ele>
      </trkpt>
      <trkpt lat="46.444944217801094" lon="15.172740826383233">
        <ele>565.4000244140625</ele>
      </trkpt>
      <trkpt lat="46.444936506450176" lon="15.172784412279725">
        <ele>565.4000244140625</ele>
      </trkpt>
      <trkpt lat="46.444929046556354" lon="15.172829758375883">
        <ele>565.5999755859375</ele>
      </trkpt>
      <trkpt lat="46.444923765957355" lon="15.172876277938485">
        <ele>565.5999755859375</ele>
      </trkpt>
      <trkpt lat="46.444917898625135" lon="15.172922378405929">
        <ele>565.5999755859375</ele>
      </trkpt>
      <trkpt lat="46.44491186365485" lon="15.172967305406928">
        <ele>565.7999877929688</ele>
      </trkpt>
      <trkpt lat="46.44490733742714" lon="15.173012986779213">
        <ele>565.5999755859375</ele>
      </trkpt>
      <trkpt lat="46.44490482285619" lon="15.173059841617942">
        <ele>565.5999755859375</ele>
      </trkpt>
      <trkpt lat="46.44490264356136" lon="15.17310669645667">
        <ele>565.5999755859375</ele>
      </trkpt>
      <trkpt lat="46.44490105099976" lon="15.173153886571527">
        <ele>565.5999755859375</ele>
      </trkpt>
      <trkpt lat="46.44490205682814" lon="15.173202166333795">
        <ele>565.5999755859375</ele>
      </trkpt>
      <trkpt lat="46.44490482285619" lon="15.17324885353446">
        <ele>565.5999755859375</ele>
      </trkpt>
      <trkpt lat="46.44490842707455" lon="15.173295876011252">
        <ele>565.7999877929688</ele>
      </trkpt>
      <trkpt lat="46.44490867853165" lon="15.173342311754823">
        <ele>565.7999877929688</ele>
      </trkpt>
      <trkpt lat="46.44490943290293" lon="15.173387406393886">
        <ele>566</ele>
      </trkpt>
      <trkpt lat="46.4449093490839" lon="15.173431914299726">
        <ele>566</ele>
      </trkpt>
      <trkpt lat="46.44490926526487" lon="15.173477763310075">
        <ele>566.2000122070312</ele>
      </trkpt>
      <trkpt lat="46.44491110928357" lon="15.173523025587201">
        <ele>566.2000122070312</ele>
      </trkpt>
      <trkpt lat="46.44491513259709" lon="15.173567868769169">
        <ele>566.4000244140625</ele>
      </trkpt>
      <trkpt lat="46.44491957500577" lon="15.173612711951137">
        <ele>566.4000244140625</ele>
      </trkpt>
      <trkpt lat="46.444922760128975" lon="15.173657722771168">
        <ele>566.5999755859375</ele>
      </trkpt>
      <trkpt lat="46.44493080675602" lon="15.173703487962484">
        <ele>566.5999755859375</ele>
      </trkpt>
      <trkpt lat="46.444938685745" lon="15.173752270638943">
        <ele>566.5999755859375</ele>
      </trkpt>
      <trkpt lat="46.44494790583849" lon="15.17379954457283">
        <ele>566.5999755859375</ele>
      </trkpt>
      <trkpt lat="46.444957461208105" lon="15.173844890668988">
        <ele>566.5999755859375</ele>
      </trkpt>
      <trkpt lat="46.44496517255902" lon="15.173888141289353">
        <ele>566.7999877929688</ele>
      </trkpt>
      <trkpt lat="46.444970117881894" lon="15.173930721357465">
        <ele>566.7999877929688</ele>
      </trkpt>
      <trkpt lat="46.444974979385734" lon="15.173971205949783">
        <ele>567</ele>
      </trkpt>
      <trkpt lat="46.44498419947922" lon="15.1740135345608">
        <ele>567</ele>
      </trkpt>
      <trkpt lat="46.4449957665056" lon="15.17405804246664">
        <ele>567.2000122070312</ele>
      </trkpt>
      <trkpt lat="46.445003813132644" lon="15.174099700525403">
        <ele>567.2000122070312</ele>
      </trkpt>
      <trkpt lat="46.44501890055835" lon="15.174141693860292">
        <ele>567.4000244140625</ele>
      </trkpt>
      <trkpt lat="46.445033736526966" lon="15.17418410629034">
        <ele>567.5999755859375</ele>
      </trkpt>
      <trkpt lat="46.44504563882947" lon="15.174223417416215">
        <ele>567.5999755859375</ele>
      </trkpt>
      <trkpt lat="46.445059133693576" lon="15.17426323145628">
        <ele>567.7999877929688</ele>
      </trkpt>
      <trkpt lat="46.44507288001478" lon="15.17430237494409">
        <ele>568</ele>
      </trkpt>
      <trkpt lat="46.445086458697915" lon="15.174342272803187">
        <ele>568</ele>
      </trkpt>
      <trkpt lat="46.445101043209434" lon="15.17438250593841">
        <ele>568.2000122070312</ele>
      </trkpt>
      <trkpt lat="46.44511319696903" lon="15.174425169825554">
        <ele>568.2000122070312</ele>
      </trkpt>
      <trkpt lat="46.44512535072863" lon="15.174468168988824">
        <ele>568.2000122070312</ele>
      </trkpt>
      <trkpt lat="46.44514001905918" lon="15.174511419609189">
        <ele>568.4000244140625</ele>
      </trkpt>
      <trkpt lat="46.445154855027795" lon="15.174554167315364">
        <ele>568.4000244140625</ele>
      </trkpt>
      <trkpt lat="46.445169942453504" lon="15.174598842859268">
        <ele>568.5999755859375</ele>
      </trkpt>
      <trkpt lat="46.44518310204148" lon="15.174645110964775">
        <ele>568.5999755859375</ele>
      </trkpt>
      <trkpt lat="46.4451960939914" lon="15.174689954146743">
        <ele>568.5999755859375</ele>
      </trkpt>
      <trkpt lat="46.44521025940776" lon="15.174737144261599">
        <ele>568.7999877929688</ele>
      </trkpt>
      <trkpt lat="46.445226185023785" lon="15.17478458583355">
        <ele>568.7999877929688</ele>
      </trkpt>
      <trkpt lat="46.445242362096906" lon="15.174826076254249">
        <ele>568.7999877929688</ele>
      </trkpt>
      <trkpt lat="46.44525736570358" lon="15.174865974113345">
        <ele>569</ele>
      </trkpt>
      <trkpt lat="46.44527052529156" lon="15.174901681020856">
        <ele>569</ele>
      </trkpt>
      <trkpt lat="46.4452788233757" lon="15.174937471747398">
        <ele>569</ele>
      </trkpt>
      <trkpt lat="46.44528955221176" lon="15.174975525587797">
        <ele>569.2000122070312</ele>
      </trkpt>
      <trkpt lat="46.44530321471393" lon="15.175014501437545">
        <ele>569.2000122070312</ele>
      </trkpt>
      <trkpt lat="46.44531587138772" lon="15.175053644925356">
        <ele>569.2000122070312</ele>
      </trkpt>
      <trkpt lat="46.445327773690224" lon="15.175094213336706">
        <ele>569.4000244140625</ele>
      </trkpt>
      <trkpt lat="46.445340095087886" lon="15.175134278833866">
        <ele>569.4000244140625</ele>
      </trkpt>
      <trkpt lat="46.44535543397069" lon="15.175171159207821">
        <ele>569.5999755859375</ele>
      </trkpt>
      <trkpt lat="46.44536825828254" lon="15.17521072179079">
        <ele>569.7999877929688</ele>
      </trkpt>
      <trkpt lat="46.44538150168955" lon="15.175251206383109">
        <ele>569.7999877929688</ele>
      </trkpt>
      <trkpt lat="46.44539415836334" lon="15.17529085278511">
        <ele>570</ele>
      </trkpt>
      <trkpt lat="46.44540740177035" lon="15.175333768129349">
        <ele>570</ele>
      </trkpt>
      <trkpt lat="46.44542181864381" lon="15.175377018749714">
        <ele>570.2000122070312</ele>
      </trkpt>
      <trkpt lat="46.44543522968888" lon="15.175420101732016">
        <ele>570.2000122070312</ele>
      </trkpt>
      <trkpt lat="46.445449059829116" lon="15.17545941285789">
        <ele>570.4000244140625</ele>
      </trkpt>
      <trkpt lat="46.44546230323613" lon="15.175498807802796">
        <ele>570.4000244140625</ele>
      </trkpt>
      <trkpt lat="46.445473954081535" lon="15.175537029281259">
        <ele>570.4000244140625</ele>
      </trkpt>
      <trkpt lat="46.445484263822436" lon="15.175576591864228">
        <ele>570.5999755859375</ele>
      </trkpt>
      <trkpt lat="46.44549465738237" lon="15.175617495551705">
        <ele>570.5999755859375</ele>
      </trkpt>
      <trkpt lat="46.445504715666175" lon="15.175660662353039">
        <ele>570.7999877929688</ele>
      </trkpt>
      <trkpt lat="46.44551276229322" lon="15.175703493878245">
        <ele>570.7999877929688</ele>
      </trkpt>
      <trkpt lat="46.44552114419639" lon="15.175744229927659">
        <ele>570.7999877929688</ele>
      </trkpt>
      <trkpt lat="46.44552885554731" lon="15.175787229090929">
        <ele>570.7999877929688</ele>
      </trkpt>
      <trkpt lat="46.44553715363145" lon="15.175829892978072">
        <ele>570.7999877929688</ele>
      </trkpt>
      <trkpt lat="46.44554612226784" lon="15.175872053951025">
        <ele>571</ele>
      </trkpt>
      <trkpt lat="46.44555576145649" lon="15.175913628190756">
        <ele>571.2000122070312</ele>
      </trkpt>
      <trkpt lat="46.44556565210223" lon="15.175953693687916">
        <ele>571.2000122070312</ele>
      </trkpt>
      <trkpt lat="46.44557663239539" lon="15.175997698679566">
        <ele>571.4000244140625</ele>
      </trkpt>
      <trkpt lat="46.44558409228921" lon="15.176038518548012">
        <ele>571.4000244140625</ele>
      </trkpt>
      <trkpt lat="46.44559104926884" lon="15.176081014797091">
        <ele>571.5999755859375</ele>
      </trkpt>
      <trkpt lat="46.44559582695365" lon="15.176123008131981">
        <ele>571.5999755859375</ele>
      </trkpt>
      <trkpt lat="46.44559867680073" lon="15.176166174933314">
        <ele>571.5999755859375</ele>
      </trkpt>
      <trkpt lat="46.44560110755265" lon="15.176208168268204">
        <ele>571.5999755859375</ele>
      </trkpt>
      <trkpt lat="46.44560353830457" lon="15.176252257078886">
        <ele>571.7999877929688</ele>
      </trkpt>
      <trkpt lat="46.445605801418424" lon="15.176296094432473">
        <ele>571.7999877929688</ele>
      </trkpt>
      <trkpt lat="46.44560898654163" lon="15.1763413567096">
        <ele>571.7999877929688</ele>
      </trkpt>
      <trkpt lat="46.44560965709388" lon="15.176382595673203">
        <ele>572</ele>
      </trkpt>
      <trkpt lat="46.44560798071325" lon="15.176423080265522">
        <ele>572</ele>
      </trkpt>
      <trkpt lat="46.44560789689422" lon="15.176466079428792">
        <ele>572</ele>
      </trkpt>
      <trkpt lat="46.445607813075185" lon="15.176509413868189">
        <ele>571.7999877929688</ele>
      </trkpt>
      <trkpt lat="46.4456070587039" lon="15.176556017249823">
        <ele>571.7999877929688</ele>
      </trkpt>
      <trkpt lat="46.44560471177101" lon="15.17659935168922">
        <ele>571.7999877929688</ele>
      </trkpt>
      <trkpt lat="46.44560110755265" lon="15.176642099395394">
        <ele>571.7999877929688</ele>
      </trkpt>
      <trkpt lat="46.44559632986784" lon="15.176686439663172">
        <ele>571.7999877929688</ele>
      </trkpt>
      <trkpt lat="46.445590211078525" lon="15.176728600636125">
        <ele>572</ele>
      </trkpt>
      <trkpt lat="46.445583924651146" lon="15.176770593971014">
        <ele>572</ele>
      </trkpt>
      <trkpt lat="46.445577973499894" lon="15.176813593134284">
        <ele>572.2000122070312</ele>
      </trkpt>
      <trkpt lat="46.44557545892894" lon="15.17685835249722">
        <ele>572.2000122070312</ele>
      </trkpt>
      <trkpt lat="46.445572609081864" lon="15.176904452964664">
        <ele>572.2000122070312</ele>
      </trkpt>
      <trkpt lat="46.445566825568676" lon="15.176949631422758">
        <ele>572.2000122070312</ele>
      </trkpt>
      <trkpt lat="46.44556414335966" lon="15.176993049681187">
        <ele>572.2000122070312</ele>
      </trkpt>
      <trkpt lat="46.44555634818971" lon="15.177034791558981">
        <ele>572.2000122070312</ele>
      </trkpt>
      <trkpt lat="46.445550145581365" lon="15.177079467102885">
        <ele>572.4000244140625</ele>
      </trkpt>
      <trkpt lat="46.445542350411415" lon="15.17712565138936">
        <ele>572.4000244140625</ele>
      </trkpt>
      <trkpt lat="46.44553421996534" lon="15.177171248942614">
        <ele>572.5999755859375</ele>
      </trkpt>
      <trkpt lat="46.44552466459572" lon="15.177211565896869">
        <ele>572.5999755859375</ele>
      </trkpt>
      <trkpt lat="46.4455153606832" lon="15.177256241440773">
        <ele>572.7999877929688</ele>
      </trkpt>
      <trkpt lat="46.445504715666175" lon="15.177298989146948">
        <ele>572.7999877929688</ele>
      </trkpt>
      <trkpt lat="46.44549599848688" lon="15.177345089614391">
        <ele>573</ele>
      </trkpt>
      <trkpt lat="46.44548895768821" lon="15.177390268072486">
        <ele>573</ele>
      </trkpt>
      <trkpt lat="46.445480827242136" lon="15.177435697987676">
        <ele>573</ele>
      </trkpt>
      <trkpt lat="46.44547219388187" lon="15.17747987061739">
        <ele>573.2000122070312</ele>
      </trkpt>
      <trkpt lat="46.44546247087419" lon="15.177521863952279">
        <ele>573.2000122070312</ele>
      </trkpt>
      <trkpt lat="46.44545568153262" lon="15.177570646628737">
        <ele>573.2000122070312</ele>
      </trkpt>
      <trkpt lat="46.44544763490558" lon="15.177617836743593">
        <ele>573.2000122070312</ele>
      </trkpt>
      <trkpt lat="46.445437241345644" lon="15.177662428468466">
        <ele>573.2000122070312</ele>
      </trkpt>
      <trkpt lat="46.4454273506999" lon="15.177707020193338">
        <ele>573.4000244140625</ele>
      </trkpt>
      <trkpt lat="46.44541637040675" lon="15.177751779556274">
        <ele>573.4000244140625</ele>
      </trkpt>
      <trkpt lat="46.44540245644748" lon="15.177793689072132">
        <ele>573.4000244140625</ele>
      </trkpt>
      <trkpt lat="46.44538820721209" lon="15.177834676578641">
        <ele>573.4000244140625</ele>
      </trkpt>
      <trkpt lat="46.44537630490959" lon="15.177874825894833">
        <ele>573.4000244140625</ele>
      </trkpt>
      <trkpt lat="46.445366917178035" lon="15.177916986867785">
        <ele>573.5999755859375</ele>
      </trkpt>
      <trkpt lat="46.44535535015166" lon="15.17795822583139">
        <ele>573.5999755859375</ele>
      </trkpt>
      <trkpt lat="46.44534411840141" lon="15.177997956052423">
        <ele>573.5999755859375</ele>
      </trkpt>
      <trkpt lat="46.445332299917936" lon="15.178040619939566">
        <ele>573.5999755859375</ele>
      </trkpt>
      <trkpt lat="46.445320565253496" lon="15.178082277998328">
        <ele>573.5999755859375</ele>
      </trkpt>
      <trkpt lat="46.44531050696969" lon="15.178123516961932">
        <ele>573.5999755859375</ele>
      </trkpt>
      <trkpt lat="46.44530019722879" lon="15.17816886305809">
        <ele>573.7999877929688</ele>
      </trkpt>
      <trkpt lat="46.44529030658305" lon="15.17821286804974">
        <ele>573.7999877929688</ele>
      </trkpt>
      <trkpt lat="46.44527840428054" lon="15.178251760080457">
        <ele>573.7999877929688</ele>
      </trkpt>
      <trkpt lat="46.44526650197804" lon="15.178290652111173">
        <ele>574</ele>
      </trkpt>
      <trkpt lat="46.445254096761346" lon="15.178331807255745">
        <ele>574</ele>
      </trkpt>
      <trkpt lat="46.44524211063981" lon="15.178373046219349">
        <ele>574</ele>
      </trkpt>
      <trkpt lat="46.44523121416569" lon="15.178414536640048">
        <ele>574.2000122070312</ele>
      </trkpt>
      <trkpt lat="46.44521947950125" lon="15.178455859422684">
        <ele>574.4000244140625</ele>
      </trkpt>
      <trkpt lat="46.44520950503647" lon="15.1784981880337">
        <ele>574.4000244140625</ele>
      </trkpt>
      <trkpt lat="46.44519860856235" lon="15.178543282672763">
        <ele>574.4000244140625</ele>
      </trkpt>
      <trkpt lat="46.44518829882145" lon="15.178588293492794">
        <ele>574.5999755859375</ele>
      </trkpt>
      <trkpt lat="46.44517765380442" lon="15.178633891046047">
        <ele>574.5999755859375</ele>
      </trkpt>
      <trkpt lat="46.44517078064382" lon="15.178678231313825">
        <ele>574.5999755859375</ele>
      </trkpt>
      <trkpt lat="46.44516432657838" lon="15.17872047610581">
        <ele>574.7999877929688</ele>
      </trkpt>
      <trkpt lat="46.445155777037144" lon="15.178764397278428">
        <ele>574.7999877929688</ele>
      </trkpt>
      <trkpt lat="46.44514831714332" lon="15.178810246288776">
        <ele>574.7999877929688</ele>
      </trkpt>
      <trkpt lat="46.44514043815434" lon="15.178852071985602">
        <ele>575</ele>
      </trkpt>
      <trkpt lat="46.445130463689566" lon="15.178895490244031">
        <ele>575</ele>
      </trkpt>
      <trkpt lat="46.44512434490025" lon="15.178940501064062">
        <ele>575</ele>
      </trkpt>
      <trkpt lat="46.4451181422919" lon="15.178985428065062">
        <ele>575.2000122070312</ele>
      </trkpt>
      <trkpt lat="46.445109844207764" lon="15.179031612351537">
        <ele>575.2000122070312</ele>
      </trkpt>
      <trkpt lat="46.445102049037814" lon="15.179073354229331">
        <ele>575.4000244140625</ele>
      </trkpt>
      <trkpt lat="46.44509534351528" lon="15.179115179926157">
        <ele>575.5999755859375</ele>
      </trkpt>
      <trkpt lat="46.445093331858516" lon="15.179162537679076">
        <ele>575.5999755859375</ele>
      </trkpt>
      <trkpt lat="46.445088889449835" lon="15.179209560155869">
        <ele>575.7999877929688</ele>
      </trkpt>
      <trkpt lat="46.44508570432663" lon="15.17925901338458">
        <ele>575.7999877929688</ele>
      </trkpt>
      <trkpt lat="46.445083022117615" lon="15.179306957870722">
        <ele>576</ele>
      </trkpt>
      <trkpt lat="46.44508000463247" lon="15.179351130500436">
        <ele>576</ele>
      </trkpt>
      <trkpt lat="46.4450784958899" lon="15.179397147148848">
        <ele>576</ele>
      </trkpt>
      <trkpt lat="46.44507782533765" lon="15.179443415254354">
        <ele>576</ele>
      </trkpt>
      <trkpt lat="46.44507497549057" lon="15.179485324770212">
        <ele>576</ele>
      </trkpt>
      <trkpt lat="46.44506810232997" lon="15.179524887353182">
        <ele>576.2000122070312</ele>
      </trkpt>
      <trkpt lat="46.445061564445496" lon="15.17956679686904">
        <ele>576.2000122070312</ele>
      </trkpt>
      <trkpt lat="46.44505687057972" lon="15.179611053317785">
        <ele>576.4000244140625</ele>
      </trkpt>
      <trkpt lat="46.44505997188389" lon="15.179658746346831">
        <ele>576.5999755859375</ele>
      </trkpt>
      <trkpt lat="46.4450631570071" lon="15.179707193747163">
        <ele>576.7999877929688</ele>
      </trkpt>
      <trkpt lat="46.44506265409291" lon="15.17975446768105">
        <ele>577</ele>
      </trkpt>
      <trkpt lat="46.44506508484483" lon="15.179803082719445">
        <ele>577</ele>
      </trkpt>
      <trkpt lat="46.44506860524416" lon="15.179850943386555">
        <ele>577</ele>
      </trkpt>
      <trkpt lat="46.445068437606096" lon="15.179896373301744">
        <ele>577.2000122070312</ele>
      </trkpt>
      <trkpt lat="46.445070281624794" lon="15.179945407435298">
        <ele>577.2000122070312</ele>
      </trkpt>
      <trkpt lat="46.44507246091962" lon="15.179992178454995">
        <ele>577.2000122070312</ele>
      </trkpt>
      <trkpt lat="46.445071287453175" lon="15.180037273094058">
        <ele>577.2000122070312</ele>
      </trkpt>
      <trkpt lat="46.44507153891027" lon="15.180082954466343">
        <ele>577.2000122070312</ele>
      </trkpt>
      <trkpt lat="46.44507145509124" lon="15.180125534534454">
        <ele>577.2000122070312</ele>
      </trkpt>
      <trkpt lat="46.445070784538984" lon="15.18016786314547">
        <ele>577.2000122070312</ele>
      </trkpt>
      <trkpt lat="46.445070868358016" lon="15.180211197584867">
        <ele>577.4000244140625</ele>
      </trkpt>
      <trkpt lat="46.44507405348122" lon="15.18025285564363">
        <ele>577.4000244140625</ele>
      </trkpt>
      <trkpt lat="46.44507438875735" lon="15.180297363549471">
        <ele>577.5999755859375</ele>
      </trkpt>
      <trkpt lat="46.445076148957014" lon="15.18034279346466">
        <ele>577.7999877929688</ele>
      </trkpt>
      <trkpt lat="46.44507648423314" lon="15.180389229208231">
        <ele>577.7999877929688</ele>
      </trkpt>
      <trkpt lat="46.44507707096636" lon="15.18043851479888">
        <ele>578</ele>
      </trkpt>
      <trkpt lat="46.44507681950927" lon="15.180487129837275">
        <ele>578</ele>
      </trkpt>
      <trkpt lat="46.44507581368089" lon="15.18053381703794">
        <ele>578</ele>
      </trkpt>
      <trkpt lat="46.44507338292897" lon="15.180579498410225">
        <ele>578.2000122070312</ele>
      </trkpt>
      <trkpt lat="46.44507497549057" lon="15.180624844506383">
        <ele>578.2000122070312</ele>
      </trkpt>
      <trkpt lat="46.4450753107667" lon="15.1806706096977">
        <ele>578.2000122070312</ele>
      </trkpt>
      <trkpt lat="46.4450769033283" lon="15.180717129260302">
        <ele>578.2000122070312</ele>
      </trkpt>
      <trkpt lat="46.44507732242346" lon="15.180763397365808">
        <ele>578.2000122070312</ele>
      </trkpt>
      <trkpt lat="46.445076651871204" lon="15.180807402357459">
        <ele>578.2000122070312</ele>
      </trkpt>
      <trkpt lat="46.445078663527966" lon="15.180852329358459">
        <ele>578.4000244140625</ele>
      </trkpt>
      <trkpt lat="46.44507925026119" lon="15.180898094549775">
        <ele>578.4000244140625</ele>
      </trkpt>
      <trkpt lat="46.445079166442156" lon="15.180943356826901">
        <ele>578.5999755859375</ele>
      </trkpt>
      <trkpt lat="46.44507598131895" lon="15.180988032370806">
        <ele>578.5999755859375</ele>
      </trkpt>
      <trkpt lat="46.44507288001478" lon="15.181031031534076">
        <ele>578.7999877929688</ele>
      </trkpt>
      <trkpt lat="46.44507237710059" lon="15.181075623258948">
        <ele>579</ele>
      </trkpt>
      <trkpt lat="46.44506877288222" lon="15.181119376793504">
        <ele>579</ele>
      </trkpt>
      <trkpt lat="46.4450647495687" lon="15.181163381785154">
        <ele>579.2000122070312</ele>
      </trkpt>
      <trkpt lat="46.44506064243615" lon="15.181206380948424">
        <ele>579.2000122070312</ele>
      </trkpt>
      <trkpt lat="46.445057122036815" lon="15.181250553578138">
        <ele>579.4000244140625</ele>
      </trkpt>
      <trkpt lat="46.44505477510393" lon="15.181296151131392">
        <ele>579.4000244140625</ele>
      </trkpt>
      <trkpt lat="46.44505343399942" lon="15.181338815018535">
        <ele>579.4000244140625</ele>
      </trkpt>
      <trkpt lat="46.44504991360009" lon="15.181382903829217">
        <ele>579.5999755859375</ele>
      </trkpt>
      <trkpt lat="46.445044884458184" lon="15.18142506480217">
        <ele>579.5999755859375</ele>
      </trkpt>
      <trkpt lat="46.445039100944996" lon="15.181467644870281">
        <ele>579.5999755859375</ele>
      </trkpt>
      <trkpt lat="46.445030719041824" lon="15.181511901319027">
        <ele>579.5999755859375</ele>
      </trkpt>
      <trkpt lat="46.445023929700255" lon="15.18155557103455">
        <ele>579.7999877929688</ele>
      </trkpt>
      <trkpt lat="46.44501772709191" lon="15.181601252406836">
        <ele>579.7999877929688</ele>
      </trkpt>
      <trkpt lat="46.445011273026466" lon="15.181649113073945">
        <ele>579.7999877929688</ele>
      </trkpt>
      <trkpt lat="46.445004902780056" lon="15.181696889922023">
        <ele>579.7999877929688</ele>
      </trkpt>
      <trkpt lat="46.4449973590672" lon="15.181743912398815">
        <ele>579.7999877929688</ele>
      </trkpt>
      <trkpt lat="46.44498897716403" lon="15.18178909085691">
        <ele>579.7999877929688</ele>
      </trkpt>
      <trkpt lat="46.444981433451176" lon="15.18183401785791">
        <ele>579.5999755859375</ele>
      </trkpt>
      <trkpt lat="46.4449748955667" lon="15.181876765564084">
        <ele>579.5999755859375</ele>
      </trkpt>
      <trkpt lat="46.44496785476804" lon="15.181920938193798">
        <ele>579.5999755859375</ele>
      </trkpt>
      <trkpt lat="46.44495829939842" lon="15.18196159042418">
        <ele>579.5999755859375</ele>
      </trkpt>
      <trkpt lat="46.4449489954859" lon="15.182005511596799">
        <ele>579.5999755859375</ele>
      </trkpt>
      <trkpt lat="46.444939440116286" lon="15.182048259302974">
        <ele>579.5999755859375</ele>
      </trkpt>
      <trkpt lat="46.44492778927088" lon="15.182090168818831">
        <ele>579.7999877929688</ele>
      </trkpt>
      <trkpt lat="46.44491630606353" lon="15.182131826877594">
        <ele>579.7999877929688</ele>
      </trkpt>
      <trkpt lat="46.444904319942" lon="15.182173233479261">
        <ele>580</ele>
      </trkpt>
      <trkpt lat="46.44489116035402" lon="15.182217489928007">
        <ele>580</ele>
      </trkpt>
      <trkpt lat="46.44487624056637" lon="15.182259399443865">
        <ele>580.2000122070312</ele>
      </trkpt>
      <trkpt lat="46.44486132077873" lon="15.182301476597786">
        <ele>580.2000122070312</ele>
      </trkpt>
      <trkpt lat="46.44484623335302" lon="15.18234514631331">
        <ele>580.4000244140625</ele>
      </trkpt>
      <trkpt lat="46.44483081065118" lon="15.18238722346723">
        <ele>580.5999755859375</ele>
      </trkpt>
      <trkpt lat="46.44481547176838" lon="15.182428127154708">
        <ele>580.7999877929688</ele>
      </trkpt>
      <trkpt lat="46.44479954615235" lon="15.182469952851534">
        <ele>581</ele>
      </trkpt>
      <trkpt lat="46.44478227943182" lon="15.182511610910296">
        <ele>581</ele>
      </trkpt>
      <trkpt lat="46.44476459361613" lon="15.182554358616471">
        <ele>581</ele>
      </trkpt>
      <trkpt lat="46.44474674016237" lon="15.182597609236836">
        <ele>581.2000122070312</ele>
      </trkpt>
      <trkpt lat="46.444729724898934" lon="15.182641949504614">
        <ele>581.2000122070312</ele>
      </trkpt>
      <trkpt lat="46.4447108656168" lon="15.182688133791089">
        <ele>581.2000122070312</ele>
      </trkpt>
      <trkpt lat="46.44468982703984" lon="15.182733479887247">
        <ele>581.4000244140625</ele>
      </trkpt>
      <trkpt lat="46.44466945901513" lon="15.182778239250183">
        <ele>581.4000244140625</ele>
      </trkpt>
      <trkpt lat="46.44465127028525" lon="15.182823250070214">
        <ele>581.4000244140625</ele>
      </trkpt>
      <trkpt lat="46.4446331653744" lon="15.18286901526153">
        <ele>581.5999755859375</ele>
      </trkpt>
      <trkpt lat="46.444613467901945" lon="15.182917630299926">
        <ele>581.5999755859375</ele>
      </trkpt>
      <trkpt lat="46.44459377042949" lon="15.182964485138655">
        <ele>581.7999877929688</ele>
      </trkpt>
      <trkpt lat="46.444572396576405" lon="15.183011423796415">
        <ele>581.7999877929688</ele>
      </trkpt>
      <trkpt lat="46.44455311819911" lon="15.183056015521288">
        <ele>582</ele>
      </trkpt>
      <trkpt lat="46.44453400745988" lon="15.183101277798414">
        <ele>582</ele>
      </trkpt>
      <trkpt lat="46.444512382149696" lon="15.183144612237811">
        <ele>582.2000122070312</ele>
      </trkpt>
      <trkpt lat="46.44449050538242" lon="15.183188868686557">
        <ele>582.2000122070312</ele>
      </trkpt>
      <trkpt lat="46.44447156228125" lon="15.18323396332562">
        <ele>582.4000244140625</ele>
      </trkpt>
      <trkpt lat="46.444451278075576" lon="15.183279309421778">
        <ele>582.5999755859375</ele>
      </trkpt>
      <trkpt lat="46.44443032331765" lon="15.183324068784714">
        <ele>582.5999755859375</ele>
      </trkpt>
      <trkpt lat="46.44441029056907" lon="15.183371342718601">
        <ele>582.7999877929688</ele>
      </trkpt>
      <trkpt lat="46.44438883289695" lon="15.183418029919267">
        <ele>582.7999877929688</ele>
      </trkpt>
      <trkpt lat="46.44437039270997" lon="15.183466644957662">
        <ele>583</ele>
      </trkpt>
      <trkpt lat="46.44435522146523" lon="15.183515008538961">
        <ele>583</ele>
      </trkpt>
      <trkpt lat="46.444338373839855" lon="15.183564713224769">
        <ele>583</ele>
      </trkpt>
      <trkpt lat="46.44432018510997" lon="15.183615339919925">
        <ele>583.2000122070312</ele>
      </trkpt>
      <trkpt lat="46.44430208019912" lon="15.183665296062827">
        <ele>583.2000122070312</ele>
      </trkpt>
      <trkpt lat="46.44428523257375" lon="15.183713072910905">
        <ele>583.4000244140625</ele>
      </trkpt>
      <trkpt lat="46.44426587037742" lon="15.18375976011157">
        <ele>583.4000244140625</ele>
      </trkpt>
      <trkpt lat="46.4442481007427" lon="15.183804268017411">
        <ele>583.5999755859375</ele>
      </trkpt>
      <trkpt lat="46.44423075020313" lon="15.183850033208728">
        <ele>583.7999877929688</ele>
      </trkpt>
      <trkpt lat="46.44421013072133" lon="15.183897726237774">
        <ele>584</ele>
      </trkpt>
      <trkpt lat="46.44418951123953" lon="15.183940473943949">
        <ele>584.4000244140625</ele>
      </trkpt>
      <trkpt lat="46.44417107105255" lon="15.183984814211726">
        <ele>584.5999755859375</ele>
      </trkpt>
      <trkpt lat="46.44415439106524" lon="15.184032004326582">
        <ele>584.5999755859375</ele>
      </trkpt>
      <trkpt lat="46.44414315931499" lon="15.184081206098199">
        <ele>584.7999877929688</ele>
      </trkpt>
      <trkpt lat="46.444133687764406" lon="15.18413350917399">
        <ele>585</ele>
      </trkpt>
      <trkpt lat="46.44412455148995" lon="15.184184303507209">
        <ele>585.2000122070312</ele>
      </trkpt>
      <trkpt lat="46.44411415793002" lon="15.184232834726572">
        <ele>585.4000244140625</ele>
      </trkpt>
      <trkpt lat="46.44410862587392" lon="15.184282874688506">
        <ele>585.5999755859375</ele>
      </trkpt>
      <trkpt lat="46.44410250708461" lon="15.184331573545933">
        <ele>585.5999755859375</ele>
      </trkpt>
      <trkpt lat="46.44409370608628" lon="15.18437976948917">
        <ele>585.7999877929688</ele>
      </trkpt>
      <trkpt lat="46.44408507272601" lon="15.184432324022055">
        <ele>586</ele>
      </trkpt>
      <trkpt lat="46.44407149404287" lon="15.184488063678145">
        <ele>586</ele>
      </trkpt>
      <trkpt lat="46.444058418273926" lon="15.184542210772634">
        <ele>586.2000122070312</ele>
      </trkpt>
      <trkpt lat="46.444048108533025" lon="15.18460021354258">
        <ele>586.4000244140625</ele>
      </trkpt>
      <trkpt lat="46.44403955899179" lon="15.18465880304575">
        <ele>586.4000244140625</ele>
      </trkpt>
      <trkpt lat="46.44403092563152" lon="15.184715632349253">
        <ele>586.5999755859375</ele>
      </trkpt>
      <trkpt lat="46.44402354955673" lon="15.184771791100502">
        <ele>586.5999755859375</ele>
      </trkpt>
      <trkpt lat="46.44401650875807" lon="15.184827111661434">
        <ele>586.7999877929688</ele>
      </trkpt>
      <trkpt lat="46.444008043035865" lon="15.184880252927542">
        <ele>586.7999877929688</ele>
      </trkpt>
      <trkpt lat="46.44400049932301" lon="15.18493146635592">
        <ele>587</ele>
      </trkpt>
      <trkpt lat="46.443990943953395" lon="15.184981506317854">
        <ele>587</ele>
      </trkpt>
      <trkpt lat="46.443980718031526" lon="15.185030456632376">
        <ele>587.2000122070312</ele>
      </trkpt>
      <trkpt lat="46.44397376105189" lon="15.185082759708166">
        <ele>587.4000244140625</ele>
      </trkpt>
      <trkpt lat="46.443966468796134" lon="15.185134392231703">
        <ele>587.4000244140625</ele>
      </trkpt>
      <trkpt lat="46.44396001473069" lon="15.185187282040715">
        <ele>587.5999755859375</ele>
      </trkpt>
      <trkpt lat="46.44395490176976" lon="15.185237154364586">
        <ele>587.5999755859375</ele>
      </trkpt>
      <trkpt lat="46.44395062699914" lon="15.185286272317171">
        <ele>587.7999877929688</ele>
      </trkpt>
      <trkpt lat="46.44394534640014" lon="15.185335893183947">
        <ele>588</ele>
      </trkpt>
      <trkpt lat="46.443937132135034" lon="15.185388531535864">
        <ele>588</ele>
      </trkpt>
      <trkpt lat="46.44392866641283" lon="15.18543915823102">
        <ele>588.2000122070312</ele>
      </trkpt>
      <trkpt lat="46.44391927868128" lon="15.185492970049381">
        <ele>588.2000122070312</ele>
      </trkpt>
      <trkpt lat="46.44391349516809" lon="15.185546865686774">
        <ele>588.4000244140625</ele>
      </trkpt>
      <trkpt lat="46.44390863366425" lon="15.185597827658057">
        <ele>588.4000244140625</ele>
      </trkpt>
      <trkpt lat="46.44390226341784" lon="15.185645772144198">
        <ele>588.5999755859375</ele>
      </trkpt>
      <trkpt lat="46.443896647542715" lon="15.18569472245872">
        <ele>588.7999877929688</ele>
      </trkpt>
      <trkpt lat="46.443887846544385" lon="15.1857440918684">
        <ele>588.7999877929688</ele>
      </trkpt>
      <trkpt lat="46.44387829117477" lon="15.185793209820986">
        <ele>589</ele>
      </trkpt>
      <trkpt lat="46.44387049600482" lon="15.18584224395454">
        <ele>589</ele>
      </trkpt>
      <trkpt lat="46.443862952291965" lon="15.185893289744854">
        <ele>589.2000122070312</ele>
      </trkpt>
      <trkpt lat="46.443856079131365" lon="15.185943581163883">
        <ele>589.2000122070312</ele>
      </trkpt>
      <trkpt lat="46.443850211799145" lon="15.185992950573564">
        <ele>589.4000244140625</ele>
      </trkpt>
      <trkpt lat="46.44384300336242" lon="15.186038631945848">
        <ele>589.4000244140625</ele>
      </trkpt>
      <trkpt lat="46.44383420236409" lon="15.186088336631656">
        <ele>589.5999755859375</ele>
      </trkpt>
      <trkpt lat="46.44382548518479" lon="15.186135359108448">
        <ele>589.5999755859375</ele>
      </trkpt>
      <trkpt lat="46.44381592981517" lon="15.186183974146843">
        <ele>589.7999877929688</ele>
      </trkpt>
      <trkpt lat="46.44380444660783" lon="15.186233343556523">
        <ele>589.7999877929688</ele>
      </trkpt>
      <trkpt lat="46.44379572942853" lon="15.18628304824233">
        <ele>589.7999877929688</ele>
      </trkpt>
      <trkpt lat="46.44378801807761" lon="15.186330657452345">
        <ele>590</ele>
      </trkpt>
      <trkpt lat="46.44377754069865" lon="15.186378853395581">
        <ele>590</ele>
      </trkpt>
      <trkpt lat="46.443768069148064" lon="15.186424870043993">
        <ele>590.2000122070312</ele>
      </trkpt>
      <trkpt lat="46.4437591843307" lon="15.186467953026295">
        <ele>590.2000122070312</ele>
      </trkpt>
      <trkpt lat="46.44375239498913" lon="15.186514053493738">
        <ele>590.4000244140625</ele>
      </trkpt>
      <trkpt lat="46.44374937750399" lon="15.18656250089407">
        <ele>590.4000244140625</ele>
      </trkpt>
      <trkpt lat="46.443742252886295" lon="15.186611954122782">
        <ele>590.5999755859375</ele>
      </trkpt>
      <trkpt lat="46.44373236224055" lon="15.186662580817938">
        <ele>590.5999755859375</ele>
      </trkpt>
      <trkpt lat="46.44372280687094" lon="15.186715638265014">
        <ele>590.7999877929688</ele>
      </trkpt>
      <trkpt lat="46.44371316768229" lon="15.186768947169185">
        <ele>590.7999877929688</ele>
      </trkpt>
      <trkpt lat="46.443703193217516" lon="15.186821166425943">
        <ele>590.7999877929688</ele>
      </trkpt>
      <trkpt lat="46.44369330257177" lon="15.186874140053988">
        <ele>590.7999877929688</ele>
      </trkpt>
      <trkpt lat="46.44368425011635" lon="15.186924934387207">
        <ele>591</ele>
      </trkpt>
      <trkpt lat="46.44367444328964" lon="15.186976650729775">
        <ele>591</ele>
      </trkpt>
      <trkpt lat="46.443664552643895" lon="15.18702769652009">
        <ele>591.2000122070312</ele>
      </trkpt>
      <trkpt lat="46.443657679483294" lon="15.187077401205897">
        <ele>591.2000122070312</ele>
      </trkpt>
      <trkpt lat="46.44364954903722" lon="15.187129201367497">
        <ele>591.4000244140625</ele>
      </trkpt>
      <trkpt lat="46.443641586229205" lon="15.187177564948797">
        <ele>591.5999755859375</ele>
      </trkpt>
      <trkpt lat="46.44363513216376" lon="15.187227940186858">
        <ele>591.5999755859375</ele>
      </trkpt>
      <trkpt lat="46.44362658262253" lon="15.187276555225253">
        <ele>591.5999755859375</ele>
      </trkpt>
      <trkpt lat="46.44361677579582" lon="15.18732818774879">
        <ele>591.5999755859375</ele>
      </trkpt>
      <trkpt lat="46.44360730424523" lon="15.187374455854297">
        <ele>591.7999877929688</ele>
      </trkpt>
      <trkpt lat="46.443599089980125" lon="15.187425585463643">
        <ele>591.7999877929688</ele>
      </trkpt>
      <trkpt lat="46.44359062425792" lon="15.187474619597197">
        <ele>591.7999877929688</ele>
      </trkpt>
      <trkpt lat="46.44358140416443" lon="15.187523737549782">
        <ele>591.7999877929688</ele>
      </trkpt>
      <trkpt lat="46.44357184879482" lon="15.187573274597526">
        <ele>592</ele>
      </trkpt>
      <trkpt lat="46.443561874330044" lon="15.187622308731079">
        <ele>592</ele>
      </trkpt>
      <trkpt lat="46.44355349242687" lon="15.18767025321722">
        <ele>592.2000122070312</ele>
      </trkpt>
      <trkpt lat="46.44354460760951" lon="15.187718365341425">
        <ele>592.2000122070312</ele>
      </trkpt>
      <trkpt lat="46.443536980077624" lon="15.187768824398518">
        <ele>592.4000244140625</ele>
      </trkpt>
      <trkpt lat="46.443527676165104" lon="15.187820121645927">
        <ele>592.4000244140625</ele>
      </trkpt>
      <trkpt lat="46.443519378080964" lon="15.187869239598513">
        <ele>592.5999755859375</ele>
      </trkpt>
      <trkpt lat="46.4435104932636" lon="15.187918273732066">
        <ele>592.5999755859375</ele>
      </trkpt>
      <trkpt lat="46.44350068643689" lon="15.187964960932732">
        <ele>592.7999877929688</ele>
      </trkpt>
      <trkpt lat="46.443493478000164" lon="15.188012570142746">
        <ele>592.7999877929688</ele>
      </trkpt>
      <trkpt lat="46.44348509609699" lon="15.188063448294997">
        <ele>593</ele>
      </trkpt>
      <trkpt lat="46.44347528927028" lon="15.188113739714026">
        <ele>593.2000122070312</ele>
      </trkpt>
      <trkpt lat="46.443465147167444" lon="15.1881720777601">
        <ele>593.2000122070312</ele>
      </trkpt>
      <trkpt lat="46.44345844164491" lon="15.188209377229214">
        <ele>593.4000244140625</ele>
      </trkpt>
      <trkpt lat="46.443449556827545" lon="15.188255393877625">
        <ele>593.4000244140625</ele>
      </trkpt>
      <trkpt lat="46.4434399176389" lon="15.188302164897323">
        <ele>593.5999755859375</ele>
      </trkpt>
      <trkpt lat="46.443431032821536" lon="15.18834600225091">
        <ele>593.5999755859375</ele>
      </trkpt>
      <trkpt lat="46.443421645089984" lon="15.188390593975782">
        <ele>593.7999877929688</ele>
      </trkpt>
      <trkpt lat="46.443412424996495" lon="15.188436275348067">
        <ele>593.7999877929688</ele>
      </trkpt>
      <trkpt lat="46.44340488128364" lon="15.18848279491067">
        <ele>594</ele>
      </trkpt>
      <trkpt lat="46.443396331742406" lon="15.188530571758747">
        <ele>594</ele>
      </trkpt>
      <trkpt lat="46.44338828511536" lon="15.188578348606825">
        <ele>594</ele>
      </trkpt>
      <trkpt lat="46.44337981939316" lon="15.188631070777774">
        <ele>594.2000122070312</ele>
      </trkpt>
      <trkpt lat="46.4433688391" lon="15.188684212043881">
        <ele>594.2000122070312</ele>
      </trkpt>
      <trkpt lat="46.44336045719683" lon="15.188737940043211">
        <ele>594.4000244140625</ele>
      </trkpt>
      <trkpt lat="46.44335308112204" lon="15.188790410757065">
        <ele>594.4000244140625</ele>
      </trkpt>
      <trkpt lat="46.44334763288498" lon="15.188844222575426">
        <ele>594.4000244140625</ele>
      </trkpt>
      <trkpt lat="46.443341011181474" lon="15.188896777108312">
        <ele>594.5999755859375</ele>
      </trkpt>
      <trkpt lat="46.443329779431224" lon="15.188949164003134">
        <ele>594.5999755859375</ele>
      </trkpt>
      <trkpt lat="46.44332081079483" lon="15.189001802355051">
        <ele>594.5999755859375</ele>
      </trkpt>
      <trkpt lat="46.443313686177135" lon="15.189055614173412">
        <ele>594.7999877929688</ele>
      </trkpt>
      <trkpt lat="46.443308824673295" lon="15.189110850915313">
        <ele>594.7999877929688</ele>
      </trkpt>
      <trkpt lat="46.44330237060785" lon="15.18916248343885">
        <ele>594.7999877929688</ele>
      </trkpt>
      <trkpt lat="46.4432982634753" lon="15.189212271943688">
        <ele>594.7999877929688</ele>
      </trkpt>
      <trkpt lat="46.443295665085316" lon="15.189261306077242">
        <ele>595</ele>
      </trkpt>
      <trkpt lat="46.44329189322889" lon="15.18930858001113">
        <ele>595</ele>
      </trkpt>
      <trkpt lat="46.44328870810568" lon="15.18935409374535">
        <ele>595</ele>
      </trkpt>
      <trkpt lat="46.443285439163446" lon="15.189403798431158">
        <ele>595.2000122070312</ele>
      </trkpt>
      <trkpt lat="46.44327839836478" lon="15.18945082090795">
        <ele>595.2000122070312</ele>
      </trkpt>
      <trkpt lat="46.44327186048031" lon="15.18949868157506">
        <ele>595.2000122070312</ele>
      </trkpt>
      <trkpt lat="46.44326322712004" lon="15.18954654224217">
        <ele>595.2000122070312</ele>
      </trkpt>
      <trkpt lat="46.443253587931395" lon="15.18959540873766">
        <ele>595.4000244140625</ele>
      </trkpt>
      <trkpt lat="46.443244284018874" lon="15.189646538347006">
        <ele>595.4000244140625</ele>
      </trkpt>
      <trkpt lat="46.443236991763115" lon="15.189700853079557">
        <ele>595.5999755859375</ele>
      </trkpt>
      <trkpt lat="46.44322894513607" lon="15.18975768238306">
        <ele>595.5999755859375</ele>
      </trkpt>
      <trkpt lat="46.443220898509026" lon="15.189816858619452">
        <ele>595.5999755859375</ele>
      </trkpt>
      <trkpt lat="46.44321318715811" lon="15.18987787887454">
        <ele>595.5999755859375</ele>
      </trkpt>
      <trkpt lat="46.4432065654546" lon="15.189941581338644">
        <ele>595.5999755859375</ele>
      </trkpt>
      <trkpt lat="46.443197429180145" lon="15.190005954355001">
        <ele>595.4000244140625</ele>
      </trkpt>
      <trkpt lat="46.443188125267625" lon="15.190075188875198">
        <ele>595.4000244140625</ele>
      </trkpt>
      <trkpt lat="46.44318108446896" lon="15.19014710560441">
        <ele>595.2000122070312</ele>
      </trkpt>
      <trkpt lat="46.44317211583257" lon="15.190218016505241">
        <ele>595.2000122070312</ele>
      </trkpt>
      <trkpt lat="46.44316281192005" lon="15.19028976559639">
        <ele>595.2000122070312</ele>
      </trkpt>
      <trkpt lat="46.443150071427226" lon="15.190362017601728">
        <ele>595.4000244140625</ele>
      </trkpt>
      <trkpt lat="46.44313313998282" lon="15.190433682873845">
        <ele>595.4000244140625</ele>
      </trkpt>
      <trkpt lat="46.44311503507197" lon="15.190503923222423">
        <ele>595.4000244140625</ele>
      </trkpt>
      <trkpt lat="46.44309651106596" lon="15.190572990104556">
        <ele>595.4000244140625</ele>
      </trkpt>
      <trkpt lat="46.443078154698014" lon="15.190642308443785">
        <ele>595.2000122070312</ele>
      </trkpt>
      <trkpt lat="46.443059127777815" lon="15.190711291506886">
        <ele>595.2000122070312</ele>
      </trkpt>
      <trkpt lat="46.44303884357214" lon="15.190779939293861">
        <ele>595.2000122070312</ele>
      </trkpt>
      <trkpt lat="46.44301772117615" lon="15.190848670899868">
        <ele>595.2000122070312</ele>
      </trkpt>
      <trkpt lat="46.442995676770806" lon="15.190917486324906">
        <ele>595.2000122070312</ele>
      </trkpt>
      <trkpt lat="46.44297421909869" lon="15.190985631197691">
        <ele>595.4000244140625</ele>
      </trkpt>
      <trkpt lat="46.442952677607536" lon="15.191056039184332">
        <ele>595.4000244140625</ele>
      </trkpt>
      <trkpt lat="46.442928621545434" lon="15.191141702234745">
        <ele>595.5999755859375</ele>
      </trkpt>
      <trkpt lat="46.44291269592941" lon="15.191200375556946">
        <ele>595.5999755859375</ele>
      </trkpt>
      <trkpt lat="46.44289023242891" lon="15.191272962838411">
        <ele>595.5999755859375</ele>
      </trkpt>
      <trkpt lat="46.442870032042265" lon="15.191348399966955">
        <ele>595.5999755859375</ele>
      </trkpt>
      <trkpt lat="46.44284991547465" lon="15.191425681114197">
        <ele>595.5999755859375</ele>
      </trkpt>
      <trkpt lat="46.44283063709736" lon="15.191498938947916">
        <ele>595.5999755859375</ele>
      </trkpt>
      <trkpt lat="46.44281010143459" lon="15.191588122397661">
        <ele>595.5999755859375</ele>
      </trkpt>
      <trkpt lat="46.44279392436147" lon="15.191644364967942">
        <ele>595.5999755859375</ele>
      </trkpt>
      <trkpt lat="46.44277531653643" lon="15.191713096573949">
        <ele>595.5999755859375</ele>
      </trkpt>
      <trkpt lat="46.442759558558464" lon="15.191784929484129">
        <ele>595.5999755859375</ele>
      </trkpt>
      <trkpt lat="46.44274279475212" lon="15.191852655261755">
        <ele>595.5999755859375</ele>
      </trkpt>
      <trkpt lat="46.44272871315479" lon="15.191917447373271">
        <ele>595.5999755859375</ele>
      </trkpt>
      <trkpt lat="46.44271295517683" lon="15.191980730742216">
        <ele>595.5999755859375</ele>
      </trkpt>
      <trkpt lat="46.44269987940788" lon="15.192041667178273">
        <ele>595.7999877929688</ele>
      </trkpt>
      <trkpt lat="46.44268663600087" lon="15.192098580300808">
        <ele>595.7999877929688</ele>
      </trkpt>
      <trkpt lat="46.442673141136765" lon="15.192152727395296">
        <ele>595.5999755859375</ele>
      </trkpt>
      <trkpt lat="46.44265964627266" lon="15.192205030471087">
        <ele>595.5999755859375</ele>
      </trkpt>
      <trkpt lat="46.44264740869403" lon="15.19225699827075">
        <ele>595.5999755859375</ele>
      </trkpt>
      <trkpt lat="46.44263383001089" lon="15.192307373508811">
        <ele>595.4000244140625</ele>
      </trkpt>
      <trkpt lat="46.442621340975165" lon="15.192358754575253">
        <ele>595.4000244140625</ele>
      </trkpt>
      <trkpt lat="46.44261069595814" lon="15.192413572221994">
        <ele>595.4000244140625</ele>
      </trkpt>
      <trkpt lat="46.442599799484015" lon="15.192470820620656">
        <ele>595.2000122070312</ele>
      </trkpt>
      <trkpt lat="46.44258555024862" lon="15.19252622500062">
        <ele>595.2000122070312</ele>
      </trkpt>
      <trkpt lat="46.442568534985185" lon="15.192580204457045">
        <ele>595.2000122070312</ele>
      </trkpt>
      <trkpt lat="46.44254741258919" lon="15.192634016275406">
        <ele>595.2000122070312</ele>
      </trkpt>
      <trkpt lat="46.44252880476415" lon="15.192689001560211">
        <ele>595.2000122070312</ele>
      </trkpt>
      <trkpt lat="46.44250977784395" lon="15.192741388455033">
        <ele>595.2000122070312</ele>
      </trkpt>
      <trkpt lat="46.44249267876148" lon="15.192796206101775">
        <ele>595.2000122070312</ele>
      </trkpt>
      <trkpt lat="46.44247306510806" lon="15.192849766463041">
        <ele>595.2000122070312</ele>
      </trkpt>
      <trkpt lat="46.44245185889304" lon="15.192907266318798">
        <ele>595.2000122070312</ele>
      </trkpt>
      <trkpt lat="46.44243048503995" lon="15.192964179441333">
        <ele>595.2000122070312</ele>
      </trkpt>
      <trkpt lat="46.442404920235276" lon="15.193022433668375">
        <ele>595.2000122070312</ele>
      </trkpt>
      <trkpt lat="46.44237868487835" lon="15.19307834096253">
        <ele>595.2000122070312</ele>
      </trkpt>
      <trkpt lat="46.44235278479755" lon="15.193138690665364">
        <ele>595</ele>
      </trkpt>
      <trkpt lat="46.442327639088035" lon="15.193201135843992">
        <ele>594.7999877929688</ele>
      </trkpt>
      <trkpt lat="46.44230266101658" lon="15.193263832479715">
        <ele>594.5999755859375</ele>
      </trkpt>
      <trkpt lat="46.44227609038353" lon="15.19332267343998">
        <ele>594.4000244140625</ele>
      </trkpt>
      <trkpt lat="46.442249938845634" lon="15.193382604047656">
        <ele>594.4000244140625</ele>
      </trkpt>
      <trkpt lat="46.44222512841225" lon="15.193444462493062">
        <ele>594.4000244140625</ele>
      </trkpt>
      <trkpt lat="46.4421998988837" lon="15.193508500233293">
        <ele>594.4000244140625</ele>
      </trkpt>
      <trkpt lat="46.44217802211642" lon="15.19357480108738">
        <ele>594.4000244140625</ele>
      </trkpt>
      <trkpt lat="46.44215589389205" lon="15.193642610684037">
        <ele>594.5999755859375</ele>
      </trkpt>
      <trkpt lat="46.44213393330574" lon="15.193710336461663">
        <ele>594.5999755859375</ele>
      </trkpt>
      <trkpt lat="46.442113481462" lon="15.193776721134782">
        <ele>594.5999755859375</ele>
      </trkpt>
      <trkpt lat="46.44208732992411" lon="15.19385383464396">
        <ele>594.5999755859375</ele>
      </trkpt>
      <trkpt lat="46.44206746481359" lon="15.193919045850635">
        <ele>594.5999755859375</ele>
      </trkpt>
      <trkpt lat="46.4420529641211" lon="15.1939726062119">
        <ele>594.5999755859375</ele>
      </trkpt>
      <trkpt lat="46.442038379609585" lon="15.194041840732098">
        <ele>594.4000244140625</ele>
      </trkpt>
      <trkpt lat="46.44202169962227" lon="15.194107638671994">
        <ele>594.4000244140625</ele>
      </trkpt>
      <trkpt lat="46.44200401380658" lon="15.194172179326415">
        <ele>594.4000244140625</ele>
      </trkpt>
      <trkpt lat="46.44198574125767" lon="15.19423445686698">
        <ele>594.4000244140625</ele>
      </trkpt>
      <trkpt lat="46.44196344539523" lon="15.194310396909714">
        <ele>594.5999755859375</ele>
      </trkpt>
      <trkpt lat="46.441952381283045" lon="15.194362616166472">
        <ele>594.5999755859375</ele>
      </trkpt>
      <trkpt lat="46.441927403211594" lon="15.194438472390175">
        <ele>594.7999877929688</ele>
      </trkpt>
      <trkpt lat="46.44190703518689" lon="15.194488679990172">
        <ele>594.7999877929688</ele>
      </trkpt>
      <trkpt lat="46.441883062943816" lon="15.19455498084426">
        <ele>594.7999877929688</ele>
      </trkpt>
      <trkpt lat="46.44185842014849" lon="15.19462245516479">
        <ele>595</ele>
      </trkpt>
      <trkpt lat="46.441830676048994" lon="15.194688253104687">
        <ele>595</ele>
      </trkpt>
      <trkpt lat="46.441804273054004" lon="15.194756481796503">
        <ele>594.7999877929688</ele>
      </trkpt>
      <trkpt lat="46.44177610985935" lon="15.194821190088987">
        <ele>594.7999877929688</ele>
      </trkpt>
      <trkpt lat="46.44174610264599" lon="15.194886233657598">
        <ele>594.7999877929688</ele>
      </trkpt>
      <trkpt lat="46.44171517342329" lon="15.19495077431202">
        <ele>594.5999755859375</ele>
      </trkpt>
      <trkpt lat="46.441686591133475" lon="15.195011794567108">
        <ele>594.5999755859375</ele>
      </trkpt>
      <trkpt lat="46.44165901467204" lon="15.195059990510345">
        <ele>594.5999755859375</ele>
      </trkpt>
      <trkpt lat="46.44162381067872" lon="15.195091422647238">
        <ele>594.5999755859375</ele>
      </trkpt>
      <trkpt lat="46.44030190072954" lon="15.196111667901278">
        <ele>591.4000244140625</ele>
      </trkpt>
      <trkpt lat="46.44017633982003" lon="15.196093646809459">
        <ele>591.2000122070312</ele>
      </trkpt>
      <trkpt lat="46.44011800177395" lon="15.19609808921814">
        <ele>591.2000122070312</ele>
      </trkpt>
      <trkpt lat="46.44004558213055" lon="15.196104543283582">
        <ele>591</ele>
      </trkpt>
      <trkpt lat="46.43996972590685" lon="15.196117870509624">
        <ele>590.7999877929688</ele>
      </trkpt>
      <trkpt lat="46.43987241201103" lon="15.196141423657537">
        <ele>590.5999755859375</ele>
      </trkpt>
      <trkpt lat="46.439786246046424" lon="15.196147039532661">
        <ele>590.4000244140625</ele>
      </trkpt>
      <trkpt lat="46.439703265205026" lon="15.19615625962615">
        <ele>590.2000122070312</ele>
      </trkpt>
      <trkpt lat="46.43962439149618" lon="15.196151733398438">
        <ele>590</ele>
      </trkpt>
      <trkpt lat="46.439545853063464" lon="15.19614553079009">
        <ele>589.5999755859375</ele>
      </trkpt>
      <trkpt lat="46.439466224983335" lon="15.196130778640509">
        <ele>589.4000244140625</ele>
      </trkpt>
      <trkpt lat="46.43938584253192" lon="15.196106052026153">
        <ele>589.2000122070312</ele>
      </trkpt>
      <trkpt lat="46.43930629827082" lon="15.19607512280345">
        <ele>589</ele>
      </trkpt>
      <trkpt lat="46.43922599963844" lon="15.196048049256206">
        <ele>588.7999877929688</ele>
      </trkpt>
      <trkpt lat="46.43914486281574" lon="15.19601745530963">
        <ele>588.5999755859375</ele>
      </trkpt>
      <trkpt lat="46.43906598910689" lon="15.195980155840516">
        <ele>588.5999755859375</ele>
      </trkpt>
      <trkpt lat="46.43898728303611" lon="15.195937575772405">
        <ele>588.4000244140625</ele>
      </trkpt>
      <trkpt lat="46.43890907987952" lon="15.195891223847866">
        <ele>588</ele>
      </trkpt>
      <trkpt lat="46.43883171491325" lon="15.195840680971742">
        <ele>587.7999877929688</ele>
      </trkpt>
      <trkpt lat="46.438752338290215" lon="15.195787288248539">
        <ele>587.5999755859375</ele>
      </trkpt>
      <trkpt lat="46.438674721866846" lon="15.19573314115405">
        <ele>587.4000244140625</ele>
      </trkpt>
      <trkpt lat="46.438595009967685" lon="15.195674132555723">
        <ele>587.2000122070312</ele>
      </trkpt>
      <trkpt lat="46.43851521424949" lon="15.195610765367746">
        <ele>587</ele>
      </trkpt>
      <trkpt lat="46.43843650817871" lon="15.195544380694628">
        <ele>586.7999877929688</ele>
      </trkpt>
      <trkpt lat="46.438355119898915" lon="15.195478918030858">
        <ele>586.5999755859375</ele>
      </trkpt>
      <trkpt lat="46.43827674910426" lon="15.195417981594801">
        <ele>586.4000244140625</ele>
      </trkpt>
      <trkpt lat="46.43819846212864" lon="15.195357296615839">
        <ele>586</ele>
      </trkpt>
      <trkpt lat="46.43812076188624" lon="15.195295521989465">
        <ele>585.7999877929688</ele>
      </trkpt>
      <trkpt lat="46.43804230727255" lon="15.195231819525361">
        <ele>585.4000244140625</ele>
      </trkpt>
      <trkpt lat="46.43796410411596" lon="15.195159232243896">
        <ele>585</ele>
      </trkpt>
      <trkpt lat="46.437889002263546" lon="15.19508907571435">
        <ele>584.5999755859375</ele>
      </trkpt>
      <trkpt lat="46.437810715287924" lon="15.195022439584136">
        <ele>584.4000244140625</ele>
      </trkpt>
      <trkpt lat="46.437733098864555" lon="15.194947337731719">
        <ele>584</ele>
      </trkpt>
      <trkpt lat="46.43765958957374" lon="15.194877432659268">
        <ele>583.7999877929688</ele>
      </trkpt>
      <trkpt lat="46.43758809193969" lon="15.194809287786484">
        <ele>583.4000244140625</ele>
      </trkpt>
      <trkpt lat="46.4375114813447" lon="15.19473535940051">
        <ele>583.2000122070312</ele>
      </trkpt>
      <trkpt lat="46.43743520602584" lon="15.194656485691667">
        <ele>583</ele>
      </trkpt>
      <trkpt lat="46.43735717050731" lon="15.194578701630235">
        <ele>582.5999755859375</ele>
      </trkpt>
      <trkpt lat="46.437280559912324" lon="15.194492368027568">
        <ele>582.2000122070312</ele>
      </trkpt>
      <trkpt lat="46.43720554187894" lon="15.194408046081662">
        <ele>581.7999877929688</ele>
      </trkpt>
      <trkpt lat="46.437133541330695" lon="15.194320706650615">
        <ele>581.5999755859375</ele>
      </trkpt>
      <trkpt lat="46.43705961294472" lon="15.194232193753123">
        <ele>581.4000244140625</ele>
      </trkpt>
      <trkpt lat="46.43698526546359" lon="15.19413772970438">
        <ele>581.2000122070312</ele>
      </trkpt>
      <trkpt lat="46.43691192381084" lon="15.19404586404562">
        <ele>581</ele>
      </trkpt>
      <trkpt lat="46.43683849833906" lon="15.193951986730099">
        <ele>580.7999877929688</ele>
      </trkpt>
      <trkpt lat="46.436766581609845" lon="15.193857019767165">
        <ele>580.5999755859375</ele>
      </trkpt>
      <trkpt lat="46.4366980176419" lon="15.193764735013247">
        <ele>580.2000122070312</ele>
      </trkpt>
      <trkpt lat="46.436626855283976" lon="15.193665493279696">
        <ele>580</ele>
      </trkpt>
      <trkpt lat="46.436555441468954" lon="15.19356264732778">
        <ele>579.7999877929688</ele>
      </trkpt>
      <trkpt lat="46.43648084253073" lon="15.193462567403913">
        <ele>579.5999755859375</ele>
      </trkpt>
      <trkpt lat="46.43641462549567" lon="15.193368522450328">
        <ele>579.4000244140625</ele>
      </trkpt>
      <trkpt lat="46.4363544434309" lon="15.193282859399915">
        <ele>579.2000122070312</ele>
      </trkpt>
      <trkpt lat="46.436281856149435" lon="15.193193005397916">
        <ele>579</ele>
      </trkpt>
      <trkpt lat="46.43622167408466" lon="15.193100804463029">
        <ele>578.7999877929688</ele>
      </trkpt>
      <trkpt lat="46.43615026026964" lon="15.192994941025972">
        <ele>578.5999755859375</ele>
      </trkpt>
      <trkpt lat="46.43607591278851" lon="15.192885138094425">
        <ele>578.4000244140625</ele>
      </trkpt>
      <trkpt lat="46.43600123003125" lon="15.192782375961542">
        <ele>578.2000122070312</ele>
      </trkpt>
      <trkpt lat="46.43593425862491" lon="15.192677769809961">
        <ele>578</ele>
      </trkpt>
      <trkpt lat="46.43586175516248" lon="15.192579114809632">
        <ele>577.7999877929688</ele>
      </trkpt>
      <trkpt lat="46.4357965439558" lon="15.192488925531507">
        <ele>577.5999755859375</ele>
      </trkpt>
      <trkpt lat="46.43572295084596" lon="15.192412650212646">
        <ele>577.2000122070312</ele>
      </trkpt>
      <trkpt lat="46.43565380014479" lon="15.192324556410313">
        <ele>577</ele>
      </trkpt>
      <trkpt lat="46.43558917567134" lon="15.192217100411654">
        <ele>576.7999877929688</ele>
      </trkpt>
      <trkpt lat="46.43552094697952" lon="15.192108638584614">
        <ele>576.5999755859375</ele>
      </trkpt>
      <trkpt lat="46.43546302802861" lon="15.192015683278441">
        <ele>576.5999755859375</ele>
      </trkpt>
      <trkpt lat="46.43540452234447" lon="15.191933456808329">
        <ele>576.4000244140625</ele>
      </trkpt>
      <trkpt lat="46.43534920178354" lon="15.191853744909167">
        <ele>576.4000244140625</ele>
      </trkpt>
      <trkpt lat="46.43530544824898" lon="15.191781157627702">
        <ele>576.2000122070312</ele>
      </trkpt>
      <trkpt lat="46.43526337109506" lon="15.191723154857755">
        <ele>576.2000122070312</ele>
      </trkpt>
      <trkpt lat="46.4352269936353" lon="15.191674204543233">
        <ele>576</ele>
      </trkpt>
      <trkpt lat="46.43518701195717" lon="15.191622572019696">
        <ele>576</ele>
      </trkpt>
      <trkpt lat="46.43514300696552" lon="15.191573286429048">
        <ele>575.7999877929688</ele>
      </trkpt>
      <trkpt lat="46.435096990317106" lon="15.191516289487481">
        <ele>575.5999755859375</ele>
      </trkpt>
      <trkpt lat="46.435050973668694" lon="15.19145468249917">
        <ele>575.4000244140625</ele>
      </trkpt>
      <trkpt lat="46.4350039511919" lon="15.191394668072462">
        <ele>575.2000122070312</ele>
      </trkpt>
      <trkpt lat="46.43495659343898" lon="15.191338257864118">
        <ele>575</ele>
      </trkpt>
      <trkpt lat="46.43490797840059" lon="15.191273801028728">
        <ele>574.5999755859375</ele>
      </trkpt>
      <trkpt lat="46.43485768698156" lon="15.191208086907864">
        <ele>574.4000244140625</ele>
      </trkpt>
      <trkpt lat="46.434806641191244" lon="15.191142372786999">
        <ele>574.2000122070312</ele>
      </trkpt>
      <trkpt lat="46.43475425429642" lon="15.191077245399356">
        <ele>574</ele>
      </trkpt>
      <trkpt lat="46.434701615944505" lon="15.191012034192681">
        <ele>573.7999877929688</ele>
      </trkpt>
      <trkpt lat="46.43464780412614" lon="15.190940704196692">
        <ele>573.7999877929688</ele>
      </trkpt>
      <trkpt lat="46.43459281884134" lon="15.19086929038167">
        <ele>573.5999755859375</ele>
      </trkpt>
      <trkpt lat="46.43453707918525" lon="15.1907969545573">
        <ele>573.4000244140625</ele>
      </trkpt>
      <trkpt lat="46.43448142334819" lon="15.190723026171327">
        <ele>573.2000122070312</ele>
      </trkpt>
      <trkpt lat="46.43442367203534" lon="15.19065278582275">
        <ele>573</ele>
      </trkpt>
      <trkpt lat="46.43436265178025" lon="15.190585562959313">
        <ele>572.7999877929688</ele>
      </trkpt>
      <trkpt lat="46.43429760821164" lon="15.190515909343958">
        <ele>572.5999755859375</ele>
      </trkpt>
      <trkpt lat="46.434231055900455" lon="15.190454050898552">
        <ele>572.4000244140625</ele>
      </trkpt>
      <trkpt lat="46.43415997736156" lon="15.19039437174797">
        <ele>572.2000122070312</ele>
      </trkpt>
      <trkpt lat="46.43408604897559" lon="15.190339973196387">
        <ele>572</ele>
      </trkpt>
      <trkpt lat="46.43401036038995" lon="15.190288592129946">
        <ele>571.7999877929688</ele>
      </trkpt>
      <trkpt lat="46.4339333306998" lon="15.19024332985282">
        <ele>571.5999755859375</ele>
      </trkpt>
      <trkpt lat="46.43385571427643" lon="15.19020133651793">
        <ele>571.4000244140625</ele>
      </trkpt>
      <trkpt lat="46.43377541564405" lon="15.190161522477865">
        <ele>571.2000122070312</ele>
      </trkpt>
      <trkpt lat="46.43369436264038" lon="15.190126486122608">
        <ele>571</ele>
      </trkpt>
      <trkpt lat="46.43361138179898" lon="15.190099161118269">
        <ele>570.7999877929688</ele>
      </trkpt>
      <trkpt lat="46.43352806568146" lon="15.19008214585483">
        <ele>570.5999755859375</ele>
      </trkpt>
      <trkpt lat="46.43344567157328" lon="15.190073428675532">
        <ele>570.5999755859375</ele>
      </trkpt>
      <trkpt lat="46.43336025997996" lon="15.190064711496234">
        <ele>570.4000244140625</ele>
      </trkpt>
      <trkpt lat="46.43327560275793" lon="15.190056078135967">
        <ele>570.4000244140625</ele>
      </trkpt>
      <trkpt lat="46.43319111317396" lon="15.190054317936301">
        <ele>570.2000122070312</ele>
      </trkpt>
      <trkpt lat="46.433109724894166" lon="15.190058257430792">
        <ele>570.2000122070312</ele>
      </trkpt>
      <trkpt lat="46.43302833661437" lon="15.19006697461009">
        <ele>570.2000122070312</ele>
      </trkpt>
      <trkpt lat="46.432951390743256" lon="15.190083235502243">
        <ele>570</ele>
      </trkpt>
      <trkpt lat="46.43287402577698" lon="15.190100502222776">
        <ele>570</ele>
      </trkpt>
      <trkpt lat="46.432798001915216" lon="15.190128916874528">
        <ele>570</ele>
      </trkpt>
      <trkpt lat="46.432786" lon="15.190087">
        <ele>562.69</ele>
      </trkpt>
      <trkpt lat="46.43253" lon="15.190242">
        <ele>565.28</ele>
      </trkpt>
      <trkpt lat="46.43213" lon="15.190586">
        <ele>570.96</ele>
      </trkpt>
      <trkpt lat="46.431428" lon="15.192089">
        <ele>560.28</ele>
      </trkpt>
      <trkpt lat="46.431209" lon="15.192511">
        <ele>552.83</ele>
      </trkpt>
      <trkpt lat="46.431168" lon="15.192569">
        <ele>552.54</ele>
      </trkpt>
      <trkpt lat="46.431176606565714" lon="15.192581797018647">
        <ele>565</ele>
      </trkpt>
      <trkpt lat="46.43114944919944" lon="15.192614318802953">
        <ele>564.5999755859375</ele>
      </trkpt>
      <trkpt lat="46.43109127879143" lon="15.192692186683416">
        <ele>564.4000244140625</ele>
      </trkpt>
      <trkpt lat="46.431036377325654" lon="15.192764857783914">
        <ele>564.2000122070312</ele>
      </trkpt>
      <trkpt lat="46.430974854156375" lon="15.192862004041672">
        <ele>564.2000122070312</ele>
      </trkpt>
      <trkpt lat="46.4309149235487" lon="15.192945655435324">
        <ele>564</ele>
      </trkpt>
      <trkpt lat="46.430837977677584" lon="15.193015644326806">
        <ele>563.7999877929688</ele>
      </trkpt>
      <trkpt lat="46.430785255506635" lon="15.193066522479057">
        <ele>563.5999755859375</ele>
      </trkpt>
      <trkpt lat="46.43071669153869" lon="15.193124022334814">
        <ele>563.4000244140625</ele>
      </trkpt>
      <trkpt lat="46.43064737319946" lon="15.193177415058017">
        <ele>563.4000244140625</ele>
      </trkpt>
      <trkpt lat="46.43057486973703" lon="15.193221839144826">
        <ele>563.2000122070312</ele>
      </trkpt>
      <trkpt lat="46.43050421029329" lon="15.193260563537478">
        <ele>563</ele>
      </trkpt>
      <trkpt lat="46.43043824471533" lon="15.193290989845991">
        <ele>563</ele>
      </trkpt>
      <trkpt lat="46.430377224460244" lon="15.193314710631967">
        <ele>563</ele>
      </trkpt>
      <trkpt lat="46.43032827414572" lon="15.193334659561515">
        <ele>563</ele>
      </trkpt>
      <trkpt lat="46.43028703518212" lon="15.19334027543664">
        <ele>563</ele>
      </trkpt>
      <trkpt lat="46.43023665994406" lon="15.193334324285388">
        <ele>563</ele>
      </trkpt>
      <trkpt lat="46.43018754199147" lon="15.193321164697409">
        <ele>563</ele>
      </trkpt>
      <trkpt lat="46.43013456836343" lon="15.19329777918756">
        <ele>562.7999877929688</ele>
      </trkpt>
      <trkpt lat="46.430073296651244" lon="15.193275902420282">
        <ele>562.5999755859375</ele>
      </trkpt>
      <trkpt lat="46.43000716343522" lon="15.193261066451669">
        <ele>562.2000122070312</ele>
      </trkpt>
      <trkpt lat="46.429934576153755" lon="15.193258803337812">
        <ele>561.5999755859375</ele>
      </trkpt>
      <trkpt lat="46.429857295006514" lon="15.19325528293848">
        <ele>561</ele>
      </trkpt>
      <trkpt lat="46.429775739088655" lon="15.193243967369199">
        <ele>560</ele>
      </trkpt>
      <trkpt lat="46.42969083040953" lon="15.193225611001253">
        <ele>559.2000122070312</ele>
      </trkpt>
      <trkpt lat="46.42961036413908" lon="15.193204069510102">
        <ele>558.4000244140625</ele>
      </trkpt>
      <trkpt lat="46.42952838912606" lon="15.193189904093742">
        <ele>557.4000244140625</ele>
      </trkpt>
      <trkpt lat="46.42944817431271" lon="15.193189149722457">
        <ele>556.5999755859375</ele>
      </trkpt>
      <trkpt lat="46.42937231808901" lon="15.19319225102663">
        <ele>555.7999877929688</ele>
      </trkpt>
      <trkpt lat="46.429302245378494" lon="15.19318445585668">
        <ele>554.7999877929688</ele>
      </trkpt>
      <trkpt lat="46.429235273972154" lon="15.193151347339153">
        <ele>553.7999877929688</ele>
      </trkpt>
      <trkpt lat="46.42917240969837" lon="15.193093093112111">
        <ele>553</ele>
      </trkpt>
      <trkpt lat="46.42911524511874" lon="15.19301530905068">
        <ele>552.2000122070312</ele>
      </trkpt>
      <trkpt lat="46.42906151711941" lon="15.192922605201602">
        <ele>551.2000122070312</ele>
      </trkpt>
      <trkpt lat="46.42900728620589" lon="15.192820513620973">
        <ele>550.4000244140625</ele>
      </trkpt>
      <trkpt lat="46.42895104363561" lon="15.192709285765886">
        <ele>549.4000244140625</ele>
      </trkpt>
      <trkpt lat="46.428895806893706" lon="15.192588334903121">
        <ele>548.4000244140625</ele>
      </trkpt>
      <trkpt lat="46.42883939668536" lon="15.192460007965565">
        <ele>547.2000122070312</ele>
      </trkpt>
      <trkpt lat="46.42878248356283" lon="15.19232589751482">
        <ele>546</ele>
      </trkpt>
      <trkpt lat="46.42872464843094" lon="15.19219245761633">
        <ele>545</ele>
      </trkpt>
      <trkpt lat="46.42866723239422" lon="15.192071758210659">
        <ele>544</ele>
      </trkpt>
      <trkpt lat="46.428609397262335" lon="15.191963631659746">
        <ele>543.2000122070312</ele>
      </trkpt>
      <trkpt lat="46.42855013720691" lon="15.191862378269434">
        <ele>542.5999755859375</ele>
      </trkpt>
      <trkpt lat="46.42849003896117" lon="15.191764393821359">
        <ele>542</ele>
      </trkpt>
      <trkpt lat="46.4284280128777" lon="15.191667499020696">
        <ele>541.5999755859375</ele>
      </trkpt>
      <trkpt lat="46.42836632207036" lon="15.191573118790984">
        <ele>541</ele>
      </trkpt>
      <trkpt lat="46.42830178141594" lon="15.191483097150922">
        <ele>540.5999755859375</ele>
      </trkpt>
      <trkpt lat="46.428233636543155" lon="15.191400283947587">
        <ele>540.4000244140625</ele>
      </trkpt>
      <trkpt lat="46.42817035317421" lon="15.191312609240413">
        <ele>540.2000122070312</ele>
      </trkpt>
      <trkpt lat="46.42811209894717" lon="15.191222503781319">
        <ele>540</ele>
      </trkpt>
      <trkpt lat="46.428050911054015" lon="15.191134493798018">
        <ele>539.7999877929688</ele>
      </trkpt>
      <trkpt lat="46.427988382056355" lon="15.191054781898856">
        <ele>539.7999877929688</ele>
      </trkpt>
      <trkpt lat="46.427929205819964" lon="15.190983954817057">
        <ele>539.5999755859375</ele>
      </trkpt>
      <trkpt lat="46.42787246033549" lon="15.190920000895858">
        <ele>539.7999877929688</ele>
      </trkpt>
      <trkpt lat="46.42781764268875" lon="15.190860070288181">
        <ele>539.7999877929688</ele>
      </trkpt>
      <trkpt lat="46.42775997519493" lon="15.19080575555563">
        <ele>539.7999877929688</ele>
      </trkpt>
      <trkpt lat="46.42770230770111" lon="15.190758230164647">
        <ele>540</ele>
      </trkpt>
      <trkpt lat="46.427647741511464" lon="15.19070559181273">
        <ele>540</ele>
      </trkpt>
      <trkpt lat="46.42759828828275" lon="15.190640464425087">
        <ele>540</ele>
      </trkpt>
      <trkpt lat="46.42755679786205" lon="15.190569050610065">
        <ele>540</ele>
      </trkpt>
      <trkpt lat="46.42752737738192" lon="15.190494619309902">
        <ele>540.2000122070312</ele>
      </trkpt>
      <trkpt lat="46.427514385432005" lon="15.19042069092393">
        <ele>540.2000122070312</ele>
      </trkpt>
      <trkpt lat="46.42751505598426" lon="15.190351624041796">
        <ele>540.4000244140625</ele>
      </trkpt>
      <trkpt lat="46.42751212231815" lon="15.190294878557324">
        <ele>540.4000244140625</ele>
      </trkpt>
      <trkpt lat="46.42749133519828" lon="15.190244084224105">
        <ele>540.4000244140625</ele>
      </trkpt>
      <trkpt lat="46.42746007069945" lon="15.190208377316594">
        <ele>540.5999755859375</ele>
      </trkpt>
      <trkpt lat="46.42742520198226" lon="15.190177951008081">
        <ele>540.5999755859375</ele>
      </trkpt>
      <trkpt lat="46.427385387942195" lon="15.190146015956998">
        <ele>540.5999755859375</ele>
      </trkpt>
      <trkpt lat="46.42734716646373" lon="15.190110811963677">
        <ele>540.7999877929688</ele>
      </trkpt>
      <trkpt lat="46.427307687699795" lon="15.190071584656835">
        <ele>540.7999877929688</ele>
      </trkpt>
      <trkpt lat="46.427267622202635" lon="15.19003177061677">
        <ele>540.7999877929688</ele>
      </trkpt>
      <trkpt lat="46.42722696997225" lon="15.189991956576705">
        <ele>540.7999877929688</ele>
      </trkpt>
      <trkpt lat="46.42718732357025" lon="15.18995113670826">
        <ele>540.7999877929688</ele>
      </trkpt>
      <trkpt lat="46.427146419882774" lon="15.189906628802419">
        <ele>541</ele>
      </trkpt>
      <trkpt lat="46.427104426547885" lon="15.189862623810768">
        <ele>541</ele>
      </trkpt>
      <trkpt lat="46.42706151120365" lon="15.189818032085896">
        <ele>541</ele>
      </trkpt>
      <trkpt lat="46.427020858973265" lon="15.189777128398418">
        <ele>541</ele>
      </trkpt>
      <trkpt lat="46.42698096111417" lon="15.189733374863863">
        <ele>541.2000122070312</ele>
      </trkpt>
      <trkpt lat="46.42694131471217" lon="15.189685011282563">
        <ele>541.2000122070312</ele>
      </trkpt>
      <trkpt lat="46.4269033446908" lon="15.189639329910278">
        <ele>541.2000122070312</ele>
      </trkpt>
      <trkpt lat="46.426862524822354" lon="15.189591888338327">
        <ele>541.2000122070312</ele>
      </trkpt>
      <trkpt lat="46.4268203638494" lon="15.189542938023806">
        <ele>541.2000122070312</ele>
      </trkpt>
      <trkpt lat="46.42677937634289" lon="15.18949574790895">
        <ele>541.4000244140625</ele>
      </trkpt>
      <trkpt lat="46.426739394664764" lon="15.189449898898602">
        <ele>541.4000244140625</ele>
      </trkpt>
      <trkpt lat="46.426698323339224" lon="15.189404301345348">
        <ele>541.4000244140625</ele>
      </trkpt>
      <trkpt lat="46.42665758728981" lon="15.189357697963715">
        <ele>541.4000244140625</ele>
      </trkpt>
      <trkpt lat="46.426618276163936" lon="15.189309921115637">
        <ele>541.4000244140625</ele>
      </trkpt>
      <trkpt lat="46.42657686956227" lon="15.189261306077242">
        <ele>541.2000122070312</ele>
      </trkpt>
      <trkpt lat="46.42653286457062" lon="15.189213864505291">
        <ele>541.2000122070312</ele>
      </trkpt>
      <trkpt lat="46.426486764103174" lon="15.189167596399784">
        <ele>541.2000122070312</ele>
      </trkpt>
      <trkpt lat="46.42643764615059" lon="15.189119400456548">
        <ele>541.2000122070312</ele>
      </trkpt>
      <trkpt lat="46.42639179714024" lon="15.189073299989104">
        <ele>541.2000122070312</ele>
      </trkpt>
      <trkpt lat="46.426345109939575" lon="15.189023092389107">
        <ele>541.2000122070312</ele>
      </trkpt>
      <trkpt lat="46.42629506997764" lon="15.188973471522331">
        <ele>541.2000122070312</ele>
      </trkpt>
      <trkpt lat="46.42624276690185" lon="15.188922844827175">
        <ele>541.2000122070312</ele>
      </trkpt>
      <trkpt lat="46.42618702724576" lon="15.188870625570416">
        <ele>541</ele>
      </trkpt>
      <trkpt lat="46.426131119951606" lon="15.188820082694292">
        <ele>541</ele>
      </trkpt>
      <trkpt lat="46.42607571557164" lon="15.188771802932024">
        <ele>540.7999877929688</ele>
      </trkpt>
      <trkpt lat="46.42602098174393" lon="15.188726037740707">
        <ele>540.5999755859375</ele>
      </trkpt>
      <trkpt lat="46.425965493544936" lon="15.188680356368423">
        <ele>540.5999755859375</ele>
      </trkpt>
      <trkpt lat="46.425908748060465" lon="15.188634591177106">
        <ele>540.4000244140625</ele>
      </trkpt>
      <trkpt lat="46.425852086395025" lon="15.188585808500648">
        <ele>540.4000244140625</ele>
      </trkpt>
      <trkpt lat="46.425795843824744" lon="15.18853266723454">
        <ele>540.4000244140625</ele>
      </trkpt>
      <trkpt lat="46.42573909834027" lon="15.188478268682957">
        <ele>540.2000122070312</ele>
      </trkpt>
      <trkpt lat="46.42568084411323" lon="15.188427558168769">
        <ele>540</ele>
      </trkpt>
      <trkpt lat="46.425622422248125" lon="15.188379529863596">
        <ele>540</ele>
      </trkpt>
      <trkpt lat="46.42556299455464" lon="15.188330244272947">
        <ele>539.7999877929688</ele>
      </trkpt>
      <trkpt lat="46.42550381831825" lon="15.18828347325325">
        <ele>539.7999877929688</ele>
      </trkpt>
      <trkpt lat="46.42544539645314" lon="15.18823804333806">
        <ele>539.5999755859375</ele>
      </trkpt>
      <trkpt lat="46.4253871422261" lon="15.188192194327712">
        <ele>539.5999755859375</ele>
      </trkpt>
      <trkpt lat="46.42532913945615" lon="15.188142657279968">
        <ele>539.4000244140625</ele>
      </trkpt>
      <trkpt lat="46.42527180723846" lon="15.188093120232224">
        <ele>539.4000244140625</ele>
      </trkpt>
      <trkpt lat="46.425217324867845" lon="15.188044589012861">
        <ele>539.4000244140625</ele>
      </trkpt>
      <trkpt lat="46.425163596868515" lon="15.187995471060276">
        <ele>539.2000122070312</ele>
      </trkpt>
      <trkpt lat="46.42510919831693" lon="15.187947945669293">
        <ele>539.2000122070312</ele>
      </trkpt>
      <trkpt lat="46.42505488358438" lon="15.187903102487326">
        <ele>539.2000122070312</ele>
      </trkpt>
      <trkpt lat="46.425001407042146" lon="15.187862031161785">
        <ele>539.2000122070312</ele>
      </trkpt>
      <trkpt lat="46.42494793049991" lon="15.187817858532071">
        <ele>539</ele>
      </trkpt>
      <trkpt lat="46.42489856109023" lon="15.187774021178484">
        <ele>539</ele>
      </trkpt>
      <trkpt lat="46.424852292984724" lon="15.187735967338085">
        <ele>539</ele>
      </trkpt>
      <trkpt lat="46.424804935231805" lon="15.187707971781492">
        <ele>539</ele>
      </trkpt>
      <trkpt lat="46.42475891858339" lon="15.187706630676985">
        <ele>539</ele>
      </trkpt>
      <trkpt lat="46.424713991582394" lon="15.187730183824897">
        <ele>539</ele>
      </trkpt>
      <trkpt lat="46.424668645486236" lon="15.187766058370471">
        <ele>539</ele>
      </trkpt>
      <trkpt lat="46.424623131752014" lon="15.18780411221087">
        <ele>538.7999877929688</ele>
      </trkpt>
      <trkpt lat="46.424574349075556" lon="15.187840908765793">
        <ele>538.7999877929688</ele>
      </trkpt>
      <trkpt lat="46.424525985494256" lon="15.187874687835574">
        <ele>538.7999877929688</ele>
      </trkpt>
      <trkpt lat="46.42447259277105" lon="15.187902683392167">
        <ele>538.5999755859375</ele>
      </trkpt>
      <trkpt lat="46.424415009096265" lon="15.187925063073635">
        <ele>538.5999755859375</ele>
      </trkpt>
      <trkpt lat="46.42435415647924" lon="15.187943503260612">
        <ele>538.4000244140625</ele>
      </trkpt>
      <trkpt lat="46.424290370196104" lon="15.187955992296338">
        <ele>538.2000122070312</ele>
      </trkpt>
      <trkpt lat="46.42422306351364" lon="15.187960350885987">
        <ele>537.7999877929688</ele>
      </trkpt>
      <trkpt lat="46.42415684647858" lon="15.187962613999844">
        <ele>537.4000244140625</ele>
      </trkpt>
      <trkpt lat="46.42409708350897" lon="15.187976276502013">
        <ele>537</ele>
      </trkpt>
      <trkpt lat="46.424046959728" lon="15.187998404726386">
        <ele>536.5999755859375</ele>
      </trkpt>
      <trkpt lat="46.42400479875505" lon="15.188011648133397">
        <ele>536.2000122070312</ele>
      </trkpt>
      <trkpt lat="46.423972360789776" lon="15.188008965924382">
        <ele>536</ele>
      </trkpt>
      <trkpt lat="46.423950316384435" lon="15.187997985631227">
        <ele>535.7999877929688</ele>
      </trkpt>
      <trkpt lat="46.423932714387774" lon="15.187990190461278">
        <ele>535.4000244140625</ele>
      </trkpt>
      <trkpt lat="46.423915615305305" lon="15.187987256795168">
        <ele>535.4000244140625</ele>
      </trkpt>
      <trkpt lat="46.42389248125255" lon="15.187986083328724">
        <ele>535.2000122070312</ele>
      </trkpt>
      <trkpt lat="46.42386985011399" lon="15.187981808558106">
        <ele>535.2000122070312</ele>
      </trkpt>
      <trkpt lat="46.4238484762609" lon="15.187970660626888">
        <ele>535</ele>
      </trkpt>
      <trkpt lat="46.423831125721335" lon="15.18794341944158">
        <ele>535</ele>
      </trkpt>
      <trkpt lat="46.42382215708494" lon="15.187903940677643">
        <ele>535</ele>
      </trkpt>
      <trkpt lat="46.42382157035172" lon="15.187856666743755">
        <ele>535</ele>
      </trkpt>
      <trkpt lat="46.42382542602718" lon="15.187809728085995">
        <ele>535</ele>
      </trkpt>
      <trkpt lat="46.423829616978765" lon="15.187761951237917">
        <ele>535</ele>
      </trkpt>
      <trkpt lat="46.42383330501616" lon="15.187710989266634">
        <ele>535</ele>
      </trkpt>
      <trkpt lat="46.42383716069162" lon="15.187664637342095">
        <ele>535</ele>
      </trkpt>
      <trkpt lat="46.42384177073836" lon="15.187621470540762">
        <ele>535</ele>
      </trkpt>
      <trkpt lat="46.42384177073836" lon="15.187578722834587">
        <ele>535</ele>
      </trkpt>
      <trkpt lat="46.42382265999913" lon="15.187532287091017">
        <ele>534.7999877929688</ele>
      </trkpt>
      <trkpt lat="46.42378544434905" lon="15.187490964308381">
        <ele>534.5999755859375</ele>
      </trkpt>
      <trkpt lat="46.423740182071924" lon="15.187460537999868">
        <ele>534.2000122070312</ele>
      </trkpt>
      <trkpt lat="46.42369114793837" lon="15.187440756708384">
        <ele>533.7999877929688</ele>
      </trkpt>
      <trkpt lat="46.42363649792969" lon="15.18741955049336">
        <ele>533.4000244140625</ele>
      </trkpt>
      <trkpt lat="46.423580925911665" lon="15.187400858849287">
        <ele>533.2000122070312</ele>
      </trkpt>
      <trkpt lat="46.423524683341384" lon="15.187382334843278">
        <ele>533</ele>
      </trkpt>
      <trkpt lat="46.42346793785691" lon="15.18736431375146">
        <ele>532.5999755859375</ele>
      </trkpt>
      <trkpt lat="46.423410438001156" lon="15.18734285607934">
        <ele>532.5999755859375</ele>
      </trkpt>
      <trkpt lat="46.42335059121251" lon="15.187321649864316">
        <ele>532.4000244140625</ele>
      </trkpt>
      <trkpt lat="46.42328982241452" lon="15.187302036210895">
        <ele>532.4000244140625</ele>
      </trkpt>
      <trkpt lat="46.423231065273285" lon="15.187283009290695">
        <ele>532.4000244140625</ele>
      </trkpt>
      <trkpt lat="46.423171972855926" lon="15.187264485284686">
        <ele>532.4000244140625</ele>
      </trkpt>
      <trkpt lat="46.42310860566795" lon="15.187241770327091">
        <ele>532.4000244140625</ele>
      </trkpt>
      <trkpt lat="46.42304951325059" lon="15.187219139188528">
        <ele>532.4000244140625</ele>
      </trkpt>
      <trkpt lat="46.42298983410001" lon="15.187194747850299">
        <ele>532.2000122070312</ele>
      </trkpt>
      <trkpt lat="46.42293049022555" lon="15.187167841941118">
        <ele>532.2000122070312</ele>
      </trkpt>
      <trkpt lat="46.42287257127464" lon="15.187130458652973">
        <ele>532</ele>
      </trkpt>
      <trkpt lat="46.42282051965594" lon="15.187081675976515">
        <ele>532</ele>
      </trkpt>
      <trkpt lat="46.422774670645595" lon="15.187022918835282">
        <ele>532</ele>
      </trkpt>
      <trkpt lat="46.42273577861488" lon="15.18695393577218">
        <ele>532</ele>
      </trkpt>
      <trkpt lat="46.42270711250603" lon="15.186881432309747">
        <ele>532</ele>
      </trkpt>
      <trkpt lat="46.422684732824564" lon="15.186810102313757">
        <ele>532.2000122070312</ele>
      </trkpt>
      <trkpt lat="46.42266260460019" lon="15.186735335737467">
        <ele>532.2000122070312</ele>
      </trkpt>
      <trkpt lat="46.422643242403865" lon="15.186659144237638">
        <ele>532.4000244140625</ele>
      </trkpt>
      <trkpt lat="46.42262622714043" lon="15.186583288013935">
        <ele>532.4000244140625</ele>
      </trkpt>
      <trkpt lat="46.422611474990845" lon="15.186508689075708">
        <ele>532.5999755859375</ele>
      </trkpt>
      <trkpt lat="46.422596387565136" lon="15.186435766518116">
        <ele>532.5999755859375</ele>
      </trkpt>
      <trkpt lat="46.42258046194911" lon="15.186364101246">
        <ele>532.7999877929688</ele>
      </trkpt>
      <trkpt lat="46.42256688326597" lon="15.186297968029976">
        <ele>532.7999877929688</ele>
      </trkpt>
      <trkpt lat="46.422553807497025" lon="15.186230409890413">
        <ele>533</ele>
      </trkpt>
      <trkpt lat="46.422540144994855" lon="15.186161091551185">
        <ele>533.2000122070312</ele>
      </trkpt>
      <trkpt lat="46.42252530902624" lon="15.186094790697098">
        <ele>533.2000122070312</ele>
      </trkpt>
      <trkpt lat="46.42251022160053" lon="15.186031423509121">
        <ele>533.4000244140625</ele>
      </trkpt>
      <trkpt lat="46.4224963914603" lon="15.185970067977905">
        <ele>533.5999755859375</ele>
      </trkpt>
      <trkpt lat="46.422480968758464" lon="15.18590871244669">
        <ele>533.7999877929688</ele>
      </trkpt>
      <trkpt lat="46.42246428877115" lon="15.185848195105791">
        <ele>534</ele>
      </trkpt>
      <trkpt lat="46.422449201345444" lon="15.1857924554497">
        <ele>534.2000122070312</ele>
      </trkpt>
      <trkpt lat="46.42243335954845" lon="15.185733949765563">
        <ele>534.4000244140625</ele>
      </trkpt>
      <trkpt lat="46.42241818830371" lon="15.185676533728838">
        <ele>534.5999755859375</ele>
      </trkpt>
      <trkpt lat="46.42240502871573" lon="15.18561844713986">
        <ele>534.7999877929688</ele>
      </trkpt>
      <trkpt lat="46.42239631153643" lon="15.185559941455722">
        <ele>535.2000122070312</ele>
      </trkpt>
      <trkpt lat="46.42238985747099" lon="15.185502022504807">
        <ele>535.4000244140625</ele>
      </trkpt>
      <trkpt lat="46.42238298431039" lon="15.185442343354225">
        <ele>535.5999755859375</ele>
      </trkpt>
      <trkpt lat="46.42237435095012" lon="15.18538735806942">
        <ele>535.7999877929688</ele>
      </trkpt>
      <trkpt lat="46.42236194573343" lon="15.185330947861075">
        <ele>535.7999877929688</ele>
      </trkpt>
      <trkpt lat="46.42235364764929" lon="15.185271436348557">
        <ele>536</ele>
      </trkpt>
      <trkpt lat="46.42234845086932" lon="15.185210751369596">
        <ele>536.2000122070312</ele>
      </trkpt>
      <trkpt lat="46.422345684841275" lon="15.185147803276777">
        <ele>536.2000122070312</ele>
      </trkpt>
      <trkpt lat="46.42234266735613" lon="15.185084100812674">
        <ele>536.4000244140625</ele>
      </trkpt>
      <trkpt lat="46.42233948223293" lon="15.185021236538887">
        <ele>536.5999755859375</ele>
      </trkpt>
      <trkpt lat="46.422335458919406" lon="15.184959545731544">
        <ele>536.7999877929688</ele>
      </trkpt>
      <trkpt lat="46.42232892103493" lon="15.184898525476456">
        <ele>536.7999877929688</ele>
      </trkpt>
      <trkpt lat="46.42231643199921" lon="15.184841444715858">
        <ele>537</ele>
      </trkpt>
      <trkpt lat="46.422297321259975" lon="15.18478830344975">
        <ele>537.2000122070312</ele>
      </trkpt>
      <trkpt lat="46.42227251082659" lon="15.184743711724877">
        <ele>537.2000122070312</ele>
      </trkpt>
      <trkpt lat="46.42224225215614" lon="15.184709932655096">
        <ele>537.4000244140625</ele>
      </trkpt>
      <trkpt lat="46.42220671288669" lon="15.184690821915865">
        <ele>537.5999755859375</ele>
      </trkpt>
      <trkpt lat="46.422168742865324" lon="15.184686128050089">
        <ele>537.7999877929688</ele>
      </trkpt>
      <trkpt lat="46.422129683196545" lon="15.184686547145247">
        <ele>537.7999877929688</ele>
      </trkpt>
      <trkpt lat="46.42208936624229" lon="15.184690235182643">
        <ele>538</ele>
      </trkpt>
      <trkpt lat="46.42205039039254" lon="15.18468956463039">
        <ele>538.2000122070312</ele>
      </trkpt>
      <trkpt lat="46.42201174981892" lon="15.184685122221708">
        <ele>538.2000122070312</ele>
      </trkpt>
      <trkpt lat="46.42197369597852" lon="15.184679757803679">
        <ele>538.4000244140625</ele>
      </trkpt>
      <trkpt lat="46.42193589359522" lon="15.184669196605682">
        <ele>538.4000244140625</ele>
      </trkpt>
      <trkpt lat="46.421898510307074" lon="15.184649834409356">
        <ele>538.5999755859375</ele>
      </trkpt>
      <trkpt lat="46.4218642283231" lon="15.184621252119541">
        <ele>538.5999755859375</ele>
      </trkpt>
      <trkpt lat="46.42183472402394" lon="15.184578336775303">
        <ele>538.5999755859375</ele>
      </trkpt>
      <trkpt lat="46.4218108355999" lon="15.18452301621437">
        <ele>538.5999755859375</ele>
      </trkpt>
      <trkpt lat="46.421793987974524" lon="15.184461828321218">
        <ele>538.5999755859375</ele>
      </trkpt>
      <trkpt lat="46.42178024165332" lon="15.184397539123893">
        <ele>538.5999755859375</ele>
      </trkpt>
      <trkpt lat="46.421766662970185" lon="15.184332327917218">
        <ele>538.5999755859375</ele>
      </trkpt>
      <trkpt lat="46.42175274901092" lon="15.1842659432441">
        <ele>538.4000244140625</ele>
      </trkpt>
      <trkpt lat="46.421740762889385" lon="15.184200145304203">
        <ele>538.4000244140625</ele>
      </trkpt>
      <trkpt lat="46.42172777093947" lon="15.184132251888514">
        <ele>538.4000244140625</ele>
      </trkpt>
      <trkpt lat="46.42171310260892" lon="15.184060670435429">
        <ele>538.4000244140625</ele>
      </trkpt>
      <trkpt lat="46.42169835045934" lon="15.183989088982344">
        <ele>538.4000244140625</ele>
      </trkpt>
      <trkpt lat="46.421683598309755" lon="15.18391557969153">
        <ele>538.4000244140625</ele>
      </trkpt>
      <trkpt lat="46.42166851088405" lon="15.183842154219747">
        <ele>538.4000244140625</ele>
      </trkpt>
      <trkpt lat="46.421652752906084" lon="15.183766800910234">
        <ele>538.4000244140625</ele>
      </trkpt>
      <trkpt lat="46.42163498327136" lon="15.183690693229437">
        <ele>538.2000122070312</ele>
      </trkpt>
      <trkpt lat="46.42161989584565" lon="15.183616178110242">
        <ele>538.4000244140625</ele>
      </trkpt>
      <trkpt lat="46.421606317162514" lon="15.18354132771492">
        <ele>538.4000244140625</ele>
      </trkpt>
      <trkpt lat="46.421592738479376" lon="15.183465806767344">
        <ele>538.4000244140625</ele>
      </trkpt>
      <trkpt lat="46.42157664522529" lon="15.183389112353325">
        <ele>538.4000244140625</ele>
      </trkpt>
      <trkpt lat="46.421559462323785" lon="15.183313507586718">
        <ele>538.4000244140625</ele>
      </trkpt>
      <trkpt lat="46.421540938317776" lon="15.183237064629793">
        <ele>538.4000244140625</ele>
      </trkpt>
      <trkpt lat="46.421522833406925" lon="15.183160621672869">
        <ele>538.4000244140625</ele>
      </trkpt>
      <trkpt lat="46.4215085003525" lon="15.18308392725885">
        <ele>538.4000244140625</ele>
      </trkpt>
      <trkpt lat="46.42149408347905" lon="15.1830053050071">
        <ele>538.4000244140625</ele>
      </trkpt>
      <trkpt lat="46.42147949896753" lon="15.182928275316954">
        <ele>538.4000244140625</ele>
      </trkpt>
      <trkpt lat="46.42146265134215" lon="15.182849988341331">
        <ele>538.4000244140625</ele>
      </trkpt>
      <trkpt lat="46.42144630663097" lon="15.182774718850851">
        <ele>538.4000244140625</ele>
      </trkpt>
      <trkpt lat="46.42143172211945" lon="15.18269844353199">
        <ele>538.4000244140625</ele>
      </trkpt>
      <trkpt lat="46.421416802331805" lon="15.182619905099273">
        <ele>538.4000244140625</ele>
      </trkpt>
      <trkpt lat="46.42140322364867" lon="15.18253960646689">
        <ele>538.4000244140625</ele>
      </trkpt>
      <trkpt lat="46.42138972878456" lon="15.182460648939013">
        <ele>538.4000244140625</ele>
      </trkpt>
      <trkpt lat="46.42137455753982" lon="15.182381607592106">
        <ele>538.4000244140625</ele>
      </trkpt>
      <trkpt lat="46.421354692429304" lon="15.182300303131342">
        <ele>538.4000244140625</ele>
      </trkpt>
      <trkpt lat="46.42133449204266" lon="15.182221177965403">
        <ele>538.4000244140625</ele>
      </trkpt>
      <trkpt lat="46.421313621103764" lon="15.182144567370415">
        <ele>538.4000244140625</ele>
      </trkpt>
      <trkpt lat="46.42129082232714" lon="15.182066699489951">
        <ele>538.5999755859375</ele>
      </trkpt>
      <trkpt lat="46.42126467078924" lon="15.181988747790456">
        <ele>538.4000244140625</ele>
      </trkpt>
      <trkpt lat="46.42123466357589" lon="15.181915741413832">
        <ele>538.4000244140625</ele>
      </trkpt>
      <trkpt lat="46.4212029799819" lon="15.181843405589461">
        <ele>538.4000244140625</ele>
      </trkpt>
      <trkpt lat="46.42117079347372" lon="15.181774590164423">
        <ele>538.5999755859375</ele>
      </trkpt>
      <trkpt lat="46.42113936133683" lon="15.181710384786129">
        <ele>538.5999755859375</ele>
      </trkpt>
      <trkpt lat="46.4211112819612" lon="15.181644083932042">
        <ele>538.5999755859375</ele>
      </trkpt>
      <trkpt lat="46.42108672298491" lon="15.181574262678623">
        <ele>538.5999755859375</ele>
      </trkpt>
      <trkpt lat="46.421067444607615" lon="15.181500753387809">
        <ele>538.7999877929688</ele>
      </trkpt>
      <trkpt lat="46.42105001024902" lon="15.181423975154757">
        <ele>538.7999877929688</ele>
      </trkpt>
      <trkpt lat="46.421034252271056" lon="15.18134644255042">
        <ele>538.7999877929688</ele>
      </trkpt>
      <trkpt lat="46.42102276906371" lon="15.181268909946084">
        <ele>539</ele>
      </trkpt>
      <trkpt lat="46.42101178877056" lon="15.181195149198174">
        <ele>539</ele>
      </trkpt>
      <trkpt lat="46.42099695280194" lon="15.181119628250599">
        <ele>539</ele>
      </trkpt>
      <trkpt lat="46.420978931710124" lon="15.181045951321721">
        <ele>539</ele>
      </trkpt>
      <trkpt lat="46.42096359282732" lon="15.180973280221224">
        <ele>539</ele>
      </trkpt>
      <trkpt lat="46.420954540371895" lon="15.180903458967805">
        <ele>539</ele>
      </trkpt>
      <trkpt lat="46.4209561329335" lon="15.180834727361798">
        <ele>539</ele>
      </trkpt>
      <trkpt lat="46.420970130711794" lon="15.180762391537428">
        <ele>539</ele>
      </trkpt>
      <trkpt lat="46.42098211683333" lon="15.180686032399535">
        <ele>538.7999877929688</ele>
      </trkpt>
      <trkpt lat="46.420978009700775" lon="15.180605230852962">
        <ele>538.7999877929688</ele>
      </trkpt>
      <trkpt lat="46.42096652649343" lon="15.1805255189538">
        <ele>538.5999755859375</ele>
      </trkpt>
      <trkpt lat="46.42095051705837" lon="15.180447483435273">
        <ele>538.4000244140625</ele>
      </trkpt>
      <trkpt lat="46.420933669433" lon="15.18036869354546">
        <ele>538.4000244140625</ele>
      </trkpt>
      <trkpt lat="46.42091958783567" lon="15.18028655089438">
        <ele>538.2000122070312</ele>
      </trkpt>
      <trkpt lat="46.420900812372565" lon="15.180201223120093">
        <ele>538</ele>
      </trkpt>
      <trkpt lat="46.42088673077524" lon="15.180113380774856">
        <ele>538</ele>
      </trkpt>
      <trkpt lat="46.42087457701564" lon="15.180018916726112">
        <ele>537.7999877929688</ele>
      </trkpt>
      <trkpt lat="46.42086384817958" lon="15.179920429363847">
        <ele>537.5999755859375</ele>
      </trkpt>
      <trkpt lat="46.420855298638344" lon="15.179821271449327">
        <ele>537.4000244140625</ele>
      </trkpt>
      <trkpt lat="46.42084876075387" lon="15.179718844592571">
        <ele>537.2000122070312</ele>
      </trkpt>
      <trkpt lat="46.42084247432649" lon="15.17961767502129">
        <ele>537</ele>
      </trkpt>
      <trkpt lat="46.42083442769945" lon="15.179517259821296">
        <ele>536.5999755859375</ele>
      </trkpt>
      <trkpt lat="46.420822106301785" lon="15.179412486031651">
        <ele>536.5999755859375</ele>
      </trkpt>
      <trkpt lat="46.42080978490412" lon="15.179306790232658">
        <ele>536.4000244140625</ele>
      </trkpt>
      <trkpt lat="46.420800145715475" lon="15.179197741672397">
        <ele>536.2000122070312</ele>
      </trkpt>
      <trkpt lat="46.4207920152694" lon="15.17908793874085">
        <ele>536</ele>
      </trkpt>
      <trkpt lat="46.420785477384925" lon="15.178977632895112">
        <ele>535.7999877929688</ele>
      </trkpt>
      <trkpt lat="46.42078002914786" lon="15.178867913782597">
        <ele>535.7999877929688</ele>
      </trkpt>
      <trkpt lat="46.4207748323679" lon="15.178755428642035">
        <ele>535.5999755859375</ele>
      </trkpt>
      <trkpt lat="46.42077106051147" lon="15.178640009835362">
        <ele>535.4000244140625</ele>
      </trkpt>
      <trkpt lat="46.420766953378916" lon="15.17852702178061">
        <ele>535.4000244140625</ele>
      </trkpt>
      <trkpt lat="46.420760499313474" lon="15.178410848602653">
        <ele>535.2000122070312</ele>
      </trkpt>
      <trkpt lat="46.42075002193451" lon="15.178293585777283">
        <ele>535</ele>
      </trkpt>
      <trkpt lat="46.42074063420296" lon="15.17817473039031">
        <ele>535</ele>
      </trkpt>
      <trkpt lat="46.42073485068977" lon="15.178059479221702">
        <ele>534.7999877929688</ele>
      </trkpt>
      <trkpt lat="46.420727893710136" lon="15.177944228053093">
        <ele>534.7999877929688</ele>
      </trkpt>
      <trkpt lat="46.42072185873985" lon="15.177826546132565">
        <ele>534.5999755859375</ele>
      </trkpt>
      <trkpt lat="46.42071682959795" lon="15.17771297134459">
        <ele>534.5999755859375</ele>
      </trkpt>
      <trkpt lat="46.42071305774152" lon="15.177599228918552">
        <ele>534.5999755859375</ele>
      </trkpt>
      <trkpt lat="46.42070995643735" lon="15.177483139559627">
        <ele>534.4000244140625</ele>
      </trkpt>
      <trkpt lat="46.42070543020964" lon="15.177369313314557">
        <ele>534.2000122070312</ele>
      </trkpt>
      <trkpt lat="46.4207005687058" lon="15.177254732698202">
        <ele>534</ele>
      </trkpt>
      <trkpt lat="46.42068933695555" lon="15.177139984443784">
        <ele>533.7999877929688</ele>
      </trkpt>
      <trkpt lat="46.42067232169211" lon="15.177025906741619">
        <ele>533.5999755859375</ele>
      </trkpt>
      <trkpt lat="46.42065321095288" lon="15.176915600895882">
        <ele>533.2000122070312</ele>
      </trkpt>
      <trkpt lat="46.42063217237592" lon="15.176808815449476">
        <ele>533</ele>
      </trkpt>
      <trkpt lat="46.42061264254153" lon="15.176705131307244">
        <ele>533</ele>
      </trkpt>
      <trkpt lat="46.42059076577425" lon="15.176600776612759">
        <ele>532.7999877929688</ele>
      </trkpt>
      <trkpt lat="46.42056914046407" lon="15.176494996994734">
        <ele>532.5999755859375</ele>
      </trkpt>
      <trkpt lat="46.420543575659394" lon="15.176392570137978">
        <ele>532.4000244140625</ele>
      </trkpt>
      <trkpt lat="46.42051273025572" lon="15.176293747499585">
        <ele>532.2000122070312</ele>
      </trkpt>
      <trkpt lat="46.42047903500497" lon="15.176195846870542">
        <ele>532</ele>
      </trkpt>
      <trkpt lat="46.42043980769813" lon="15.176097443327308">
        <ele>532</ele>
      </trkpt>
      <trkpt lat="46.42039982602" lon="15.17599887214601">
        <ele>531.7999877929688</ele>
      </trkpt>
      <trkpt lat="46.42035766504705" lon="15.175900720059872">
        <ele>531.5999755859375</ele>
      </trkpt>
      <trkpt lat="46.420316845178604" lon="15.175805250182748">
        <ele>531.4000244140625</ele>
      </trkpt>
      <trkpt lat="46.420271918177605" lon="15.175711205229163">
        <ele>531.2000122070312</ele>
      </trkpt>
      <trkpt lat="46.4202219620347" lon="15.175618501380086">
        <ele>531</ele>
      </trkpt>
      <trkpt lat="46.420169742777944" lon="15.175527725368738">
        <ele>530.7999877929688</ele>
      </trkpt>
      <trkpt lat="46.4201186131686" lon="15.175438961014152">
        <ele>530.5999755859375</ele>
      </trkpt>
      <trkpt lat="46.42006513662636" lon="15.175352124497294">
        <ele>530.4000244140625</ele>
      </trkpt>
      <trkpt lat="46.42000554129481" lon="15.175267131999135">
        <ele>530.2000122070312</ele>
      </trkpt>
      <trkpt lat="46.41994334757328" lon="15.175184654071927">
        <ele>529.7999877929688</ele>
      </trkpt>
      <trkpt lat="46.41988375224173" lon="15.175103014335036">
        <ele>529.5999755859375</ele>
      </trkpt>
      <trkpt lat="46.41982507891953" lon="15.175018776208162">
        <ele>529.4000244140625</ele>
      </trkpt>
      <trkpt lat="46.419766740873456" lon="15.174933867529035">
        <ele>529.2000122070312</ele>
      </trkpt>
      <trkpt lat="46.419705636799335" lon="15.174850802868605">
        <ele>529</ele>
      </trkpt>
      <trkpt lat="46.41964294016361" lon="15.174768073484302">
        <ele>529</ele>
      </trkpt>
      <trkpt lat="46.41958024352789" lon="15.174690373241901">
        <ele>528.7999877929688</ele>
      </trkpt>
      <trkpt lat="46.419516457244754" lon="15.17461409792304">
        <ele>528.5999755859375</ele>
      </trkpt>
      <trkpt lat="46.41945225186646" lon="15.17454125918448">
        <ele>528.4000244140625</ele>
      </trkpt>
      <trkpt lat="46.41939466819167" lon="15.17446112819016">
        <ele>528.2000122070312</ele>
      </trkpt>
      <trkpt lat="46.4193466398865" lon="15.174372447654605">
        <ele>528.2000122070312</ele>
      </trkpt>
      <trkpt lat="46.41930456273258" lon="15.174281168729067">
        <ele>528</ele>
      </trkpt>
      <trkpt lat="46.41926516778767" lon="15.174192823469639">
        <ele>528.2000122070312</ele>
      </trkpt>
      <trkpt lat="46.41922468319535" lon="15.174110513180494">
        <ele>528.2000122070312</ele>
      </trkpt>
      <trkpt lat="46.41917615197599" lon="15.174042787402868">
        <ele>528.2000122070312</ele>
      </trkpt>
      <trkpt lat="46.41911504790187" lon="15.173987215384841">
        <ele>528.2000122070312</ele>
      </trkpt>
      <trkpt lat="46.41905243508518" lon="15.173933571204543">
        <ele>528</ele>
      </trkpt>
      <trkpt lat="46.41899191774428" lon="15.173877496272326">
        <ele>527.7999877929688</ele>
      </trkpt>
      <trkpt lat="46.418929724022746" lon="15.173818655312061">
        <ele>527.5999755859375</ele>
      </trkpt>
      <trkpt lat="46.41886593773961" lon="15.17375654540956">
        <ele>527.2000122070312</ele>
      </trkpt>
      <trkpt lat="46.418800726532936" lon="15.173699045553803">
        <ele>527</ele>
      </trkpt>
      <trkpt lat="46.41871891915798" lon="15.173629727214575">
        <ele>526.5999755859375</ele>
      </trkpt>
      <trkpt lat="46.418662844225764" lon="15.173589242622256">
        <ele>526.4000244140625</ele>
      </trkpt>
      <trkpt lat="46.41857726499438" lon="15.173533335328102">
        <ele>526.2000122070312</ele>
      </trkpt>
      <trkpt lat="46.41851884312928" lon="15.173498298972845">
        <ele>526</ele>
      </trkpt>
      <trkpt lat="46.418443908914924" lon="15.173458652570844">
        <ele>525.7999877929688</ele>
      </trkpt>
      <trkpt lat="46.41836989670992" lon="15.173423532396555">
        <ele>525.7999877929688</ele>
      </trkpt>
      <trkpt lat="46.41829605214298" lon="15.17339302226901">
        <ele>525.5999755859375</ele>
      </trkpt>
      <trkpt lat="46.4182189386338" lon="15.173373743891716">
        <ele>525.7999877929688</ele>
      </trkpt>
      <trkpt lat="46.418129252269864" lon="15.17334264703095">
        <ele>525.7999877929688</ele>
      </trkpt>
      <trkpt lat="46.418054066598415" lon="15.17331724986434">
        <ele>525.7999877929688</ele>
      </trkpt>
      <trkpt lat="46.414137622341514" lon="15.174588616937399">
        <ele>517.4000244140625</ele>
      </trkpt>
      <trkpt lat="46.41404936090112" lon="15.174613343551755">
        <ele>517</ele>
      </trkpt>
      <trkpt lat="46.41399764455855" lon="15.174633460119367">
        <ele>516.7999877929688</ele>
      </trkpt>
      <trkpt lat="46.41391114331782" lon="15.174661539494991">
        <ele>516.5999755859375</ele>
      </trkpt>
      <trkpt lat="46.41382514499128" lon="15.174693977460265">
        <ele>516.4000244140625</ele>
      </trkpt>
      <trkpt lat="46.41372364014387" lon="15.174729013815522">
        <ele>516.2000122070312</ele>
      </trkpt>
      <trkpt lat="46.41361232846975" lon="15.174779137596488">
        <ele>515.7999877929688</ele>
      </trkpt>
      <trkpt lat="46.41352063044906" lon="15.174823477864265">
        <ele>515.7999877929688</ele>
      </trkpt>
      <trkpt lat="46.41343521885574" lon="15.174879468977451">
        <ele>515.5999755859375</ele>
      </trkpt>
      <trkpt lat="46.413353411480784" lon="15.174945434555411">
        <ele>515.4000244140625</ele>
      </trkpt>
      <trkpt lat="46.41327076591551" lon="15.175019782036543">
        <ele>515.2000122070312</ele>
      </trkpt>
      <trkpt lat="46.41319532878697" lon="15.175096560269594">
        <ele>515.2000122070312</ele>
      </trkpt>
      <trkpt lat="46.413123831152916" lon="15.17518188804388">
        <ele>515</ele>
      </trkpt>
      <trkpt lat="46.41305794939399" lon="15.17527174204588">
        <ele>514.7999877929688</ele>
      </trkpt>
      <trkpt lat="46.41299449838698" lon="15.175368804484606">
        <ele>514.7999877929688</ele>
      </trkpt>
      <trkpt lat="46.412936160340905" lon="15.175470476970077">
        <ele>514.5999755859375</ele>
      </trkpt>
      <trkpt lat="46.412879917770624" lon="15.175569299608469">
        <ele>514.2000122070312</ele>
      </trkpt>
      <trkpt lat="46.412819316610694" lon="15.17566803842783">
        <ele>514</ele>
      </trkpt>
      <trkpt lat="46.4127603918314" lon="15.175764262676239">
        <ele>513.7999877929688</ele>
      </trkpt>
      <trkpt lat="46.412703143432736" lon="15.175858726724982">
        <ele>513.5999755859375</ele>
      </trkpt>
      <trkpt lat="46.412644973024726" lon="15.175945982336998">
        <ele>513.4000244140625</ele>
      </trkpt>
      <trkpt lat="46.41258160583675" lon="15.176031226292253">
        <ele>513.2000122070312</ele>
      </trkpt>
      <trkpt lat="46.41252988949418" lon="15.17609559930861">
        <ele>513</ele>
      </trkpt>
      <trkpt lat="46.41245914623141" lon="15.176173048093915">
        <ele>513</ele>
      </trkpt>
      <trkpt lat="46.41238421201706" lon="15.176237588748336">
        <ele>512.7999877929688</ele>
      </trkpt>
      <trkpt lat="46.41231061890721" lon="15.176301710307598">
        <ele>512.5999755859375</ele>
      </trkpt>
      <trkpt lat="46.41223568469286" lon="15.176364742219448">
        <ele>512.5999755859375</ele>
      </trkpt>
      <trkpt lat="46.41216485761106" lon="15.176421152427793">
        <ele>512.4000244140625</ele>
      </trkpt>
      <trkpt lat="46.41209243796766" lon="15.176473623141646">
        <ele>512.2000122070312</ele>
      </trkpt>
      <trkpt lat="46.41201666556299" lon="15.176514778286219">
        <ele>511.79998779296875</ele>
      </trkpt>
      <trkpt lat="46.41194022260606" lon="15.176548389717937">
        <ele>511.6000061035156</ele>
      </trkpt>
      <trkpt lat="46.411862187087536" lon="15.176585605368018">
        <ele>511.20001220703125</ele>
      </trkpt>
      <trkpt lat="46.41178566031158" lon="15.176625503227115">
        <ele>510.79998779296875</ele>
      </trkpt>
      <trkpt lat="46.41170930117369" lon="15.176661545410752">
        <ele>510.3999938964844</ele>
      </trkpt>
      <trkpt lat="46.41163126565516" lon="15.176690211519599">
        <ele>510.20001220703125</ele>
      </trkpt>
      <trkpt lat="46.41155272722244" lon="15.176716949790716">
        <ele>510</ele>
      </trkpt>
      <trkpt lat="46.4114736020565" lon="15.176747292280197">
        <ele>509.6000061035156</ele>
      </trkpt>
      <trkpt lat="46.41139481216669" lon="15.176781825721264">
        <ele>509.3999938964844</ele>
      </trkpt>
      <trkpt lat="46.41131719574332" lon="15.176820969209075">
        <ele>509.20001220703125</ele>
      </trkpt>
      <trkpt lat="46.411240585148335" lon="15.17686128616333">
        <ele>509</ele>
      </trkpt>
      <trkpt lat="46.41116950660944" lon="15.176907805725932">
        <ele>508.6000061035156</ele>
      </trkpt>
      <trkpt lat="46.41110161319375" lon="15.176962707191706">
        <ele>508.3999938964844</ele>
      </trkpt>
      <trkpt lat="46.4110369887203" lon="15.177021883428097">
        <ele>508.20001220703125</ele>
      </trkpt>
      <trkpt lat="46.4109627250582" lon="15.17709975130856">
        <ele>508</ele>
      </trkpt>
      <trkpt lat="46.41091478057206" lon="15.177153730764985">
        <ele>507.79998779296875</ele>
      </trkpt>
      <trkpt lat="46.4108554366976" lon="15.177228078246117">
        <ele>507.79998779296875</ele>
      </trkpt>
      <trkpt lat="46.41079634428024" lon="15.177305694669485">
        <ele>507.6000061035156</ele>
      </trkpt>
      <trkpt lat="46.41073934733868" lon="15.177384400740266">
        <ele>507.6000061035156</ele>
      </trkpt>
      <trkpt lat="46.410681679844856" lon="15.177463190630078">
        <ele>507.3999938964844</ele>
      </trkpt>
      <trkpt lat="46.41062526963651" lon="15.177541142329574">
        <ele>507.3999938964844</ele>
      </trkpt>
      <trkpt lat="46.41057061962783" lon="15.177619094029069">
        <ele>507.3999938964844</ele>
      </trkpt>
      <trkpt lat="46.41051907092333" lon="15.177692687138915">
        <ele>507.3999938964844</ele>
      </trkpt>
      <trkpt lat="46.41047322191298" lon="15.177762005478144">
        <ele>507.20001220703125</ele>
      </trkpt>
      <trkpt lat="46.41042234376073" lon="15.1778350956738">
        <ele>507.20001220703125</ele>
      </trkpt>
      <trkpt lat="46.410369370132685" lon="15.177909191697836">
        <ele>507</ele>
      </trkpt>
      <trkpt lat="46.41031086444855" lon="15.177988987416029">
        <ele>506.79998779296875</ele>
      </trkpt>
      <trkpt lat="46.41025529243052" lon="15.178074482828379">
        <ele>506.6000061035156</ele>
      </trkpt>
      <trkpt lat="46.41019519418478" lon="15.178160481154919">
        <ele>506.3999938964844</ele>
      </trkpt>
      <trkpt lat="46.41012964770198" lon="15.178254190832376">
        <ele>506</ele>
      </trkpt>
      <trkpt lat="46.410060580819845" lon="15.178344966843724">
        <ele>505.79998779296875</ele>
      </trkpt>
      <trkpt lat="46.409994615241885" lon="15.178435742855072">
        <ele>505.6000061035156</ele>
      </trkpt>
      <trkpt lat="46.40992395579815" lon="15.178518472239375">
        <ele>505.3999938964844</ele>
      </trkpt>
      <trkpt lat="46.40985069796443" lon="15.1785983517766">
        <ele>505.20001220703125</ele>
      </trkpt>
      <trkpt lat="46.40977886505425" lon="15.178675130009651">
        <ele>505</ele>
      </trkpt>
      <trkpt lat="46.40970317646861" lon="15.178740760311484">
        <ele>504.79998779296875</ele>
      </trkpt>
      <trkpt lat="46.40962740406394" lon="15.178797338157892">
        <ele>504.79998779296875</ele>
      </trkpt>
      <trkpt lat="46.409550374373794" lon="15.178849557414651">
        <ele>504.6000061035156</ele>
      </trkpt>
      <trkpt lat="46.409470243379474" lon="15.178898088634014">
        <ele>504.6000061035156</ele>
      </trkpt>
      <trkpt lat="46.40938986092806" lon="15.178939746692777">
        <ele>504.6000061035156</ele>
      </trkpt>
      <trkpt lat="46.40930880792439" lon="15.178982745856047">
        <ele>504.3999938964844</ele>
      </trkpt>
      <trkpt lat="46.40922565944493" lon="15.17902197316289">
        <ele>504.3999938964844</ele>
      </trkpt>
      <trkpt lat="46.40913982875645" lon="15.179048292338848">
        <ele>504.3999938964844</ele>
      </trkpt>
      <trkpt lat="46.40904938802123" lon="15.179072096943855">
        <ele>504.20001220703125</ele>
      </trkpt>
      <trkpt lat="46.408960120752454" lon="15.17909531481564">
        <ele>504</ele>
      </trkpt>
      <trkpt lat="46.40887387096882" lon="15.179107133299112">
        <ele>503.79998779296875</ele>
      </trkpt>
      <trkpt lat="46.4087900519371" lon="15.1791026070714">
        <ele>503.6000061035156</ele>
      </trkpt>
      <trkpt lat="46.4087038859725" lon="15.179094895720482">
        <ele>503.20001220703125</ele>
      </trkpt>
      <trkpt lat="46.40861696563661" lon="15.179084166884422">
        <ele>503.20001220703125</ele>
      </trkpt>
      <trkpt lat="46.408532643690705" lon="15.179072180762887">
        <ele>503</ele>
      </trkpt>
      <trkpt lat="46.408451087772846" lon="15.179056925699115">
        <ele>502.79998779296875</ele>
      </trkpt>
      <trkpt lat="46.40837003476918" lon="15.179036222398281">
        <ele>502.6000061035156</ele>
      </trkpt>
      <trkpt lat="46.40828965231776" lon="15.179011579602957">
        <ele>502.3999938964844</ele>
      </trkpt>
      <trkpt lat="46.40821002423763" lon="15.178984673693776">
        <ele>502.20001220703125</ele>
      </trkpt>
      <trkpt lat="46.408129557967186" lon="15.17895257100463">
        <ele>501.79998779296875</ele>
      </trkpt>
      <trkpt lat="46.408050348982215" lon="15.178918708115816">
        <ele>501.6000061035156</ele>
      </trkpt>
      <trkpt lat="46.40797206200659" lon="15.178887443616986">
        <ele>501.3999938964844</ele>
      </trkpt>
      <trkpt lat="46.40789419412613" lon="15.178861878812313">
        <ele>501.20001220703125</ele>
      </trkpt>
      <trkpt lat="46.40781699679792" lon="15.178839666768909">
        <ele>501.20001220703125</ele>
      </trkpt>
      <trkpt lat="46.40773938037455" lon="15.178820556029677">
        <ele>501</ele>
      </trkpt>
      <trkpt lat="46.40766151249409" lon="15.178798930719495">
        <ele>500.79998779296875</ele>
      </trkpt>
      <trkpt lat="46.40758381225169" lon="15.1787762157619">
        <ele>500.6000061035156</ele>
      </trkpt>
      <trkpt lat="46.40750477090478" lon="15.178751656785607">
        <ele>500.3999938964844</ele>
      </trkpt>
      <trkpt lat="46.40742648392916" lon="15.178725337609649">
        <ele>500.20001220703125</ele>
      </trkpt>
      <trkpt lat="46.40734660439193" lon="15.178708070889115">
        <ele>500</ele>
      </trkpt>
      <trkpt lat="46.407267563045025" lon="15.178694073110819">
        <ele>500</ele>
      </trkpt>
      <trkpt lat="46.40718734823167" lon="15.17868627794087">
        <ele>499.79998779296875</ele>
      </trkpt>
      <trkpt lat="46.407104367390275" lon="15.178684517741203">
        <ele>499.79998779296875</ele>
      </trkpt>
      <trkpt lat="46.40701920725405" lon="15.178681081160903">
        <ele>499.6000061035156</ele>
      </trkpt>
      <trkpt lat="46.406934382393956" lon="15.178674459457397">
        <ele>499.3999938964844</ele>
      </trkpt>
      <trkpt lat="46.406850228086114" lon="15.178667167201638">
        <ele>499.3999938964844</ele>
      </trkpt>
      <trkpt lat="46.40676548704505" lon="15.178657360374928">
        <ele>499.20001220703125</ele>
      </trkpt>
      <trkpt lat="46.406681751832366" lon="15.178647972643375">
        <ele>499</ele>
      </trkpt>
      <trkpt lat="46.40659634023905" lon="15.17864185385406">
        <ele>498.79998779296875</ele>
      </trkpt>
      <trkpt lat="46.406510174274445" lon="15.178636154159904">
        <ele>498.6000061035156</ele>
      </trkpt>
      <trkpt lat="46.40642358921468" lon="15.178631292656064">
        <ele>498.20001220703125</ele>
      </trkpt>
      <trkpt lat="46.40633591450751" lon="15.178622240200639">
        <ele>498</ele>
      </trkpt>
      <trkpt lat="46.406247820705175" lon="15.178615115582943">
        <ele>497.79998779296875</ele>
      </trkpt>
      <trkpt lat="46.406159810721874" lon="15.178606901317835">
        <ele>497.6000061035156</ele>
      </trkpt>
      <trkpt lat="46.40607171691954" lon="15.178595334291458">
        <ele>497.3999938964844</ele>
      </trkpt>
      <trkpt lat="46.40598379075527" lon="15.178580582141876">
        <ele>497.20001220703125</ele>
      </trkpt>
      <trkpt lat="46.40589418821037" lon="15.178570691496134">
        <ele>497</ele>
      </trkpt>
      <trkpt lat="46.40580542385578" lon="15.178561806678772">
        <ele>496.6000061035156</ele>
      </trkpt>
      <trkpt lat="46.405715653672814" lon="15.178555604070425">
        <ele>496.3999938964844</ele>
      </trkpt>
      <trkpt lat="46.40562647022307" lon="15.178546970710158">
        <ele>496.20001220703125</ele>
      </trkpt>
      <trkpt lat="46.4055367000401" lon="15.178536996245384">
        <ele>496</ele>
      </trkpt>
      <trkpt lat="46.40544726513326" lon="15.17852651886642">
        <ele>495.79998779296875</ele>
      </trkpt>
      <trkpt lat="46.40535841695964" lon="15.178516879677773">
        <ele>495.6000061035156</ele>
      </trkpt>
      <trkpt lat="46.40527023933828" lon="15.178504809737206">
        <ele>495.3999938964844</ele>
      </trkpt>
      <trkpt lat="46.40517929568887" lon="15.178497936576605">
        <ele>495</ele>
      </trkpt>
      <trkpt lat="46.4050704985857" lon="15.178487710654736">
        <ele>494.79998779296875</ele>
      </trkpt>
      <trkpt lat="46.404998414218426" lon="15.178486285731196">
        <ele>494.6000061035156</ele>
      </trkpt>
      <trkpt lat="46.40491015277803" lon="15.178490979596972">
        <ele>494.3999938964844</ele>
      </trkpt>
      <trkpt lat="46.40482482500374" lon="15.17850254662335">
        <ele>494.3999938964844</ele>
      </trkpt>
      <trkpt lat="46.40474016778171" lon="15.178520232439041">
        <ele>494.20001220703125</ele>
      </trkpt>
      <trkpt lat="46.404657270759344" lon="15.178540600463748">
        <ele>494</ele>
      </trkpt>
      <trkpt lat="46.40457588247955" lon="15.178566249087453">
        <ele>494</ele>
      </trkpt>
      <trkpt lat="46.404497595503926" lon="15.178597513586283">
        <ele>493.79998779296875</ele>
      </trkpt>
      <trkpt lat="46.404421823099256" lon="15.178634142503142">
        <ele>493.79998779296875</ele>
      </trkpt>
      <trkpt lat="46.40434630215168" lon="15.178668592125177">
        <ele>493.79998779296875</ele>
      </trkpt>
      <trkpt lat="46.40427019447088" lon="15.178709998726845">
        <ele>493.6000061035156</ele>
      </trkpt>
      <trkpt lat="46.40419643372297" lon="15.178754338994622">
        <ele>493.6000061035156</ele>
      </trkpt>
      <trkpt lat="46.40412258915603" lon="15.178797086700797">
        <ele>493.6000061035156</ele>
      </trkpt>
      <trkpt lat="46.4040500856936" lon="15.178835894912481">
        <ele>493.6000061035156</ele>
      </trkpt>
      <trkpt lat="46.40397875569761" lon="15.178869171068072">
        <ele>493.3999938964844</ele>
      </trkpt>
      <trkpt lat="46.40390717424452" lon="15.178902614861727">
        <ele>493.3999938964844</ele>
      </trkpt>
      <trkpt lat="46.40382008627057" lon="15.178943518549204">
        <ele>493.3999938964844</ele>
      </trkpt>
      <trkpt lat="46.40376233495772" lon="15.178970005363226">
        <ele>493.20001220703125</ele>
      </trkpt>
      <trkpt lat="46.4036769233644" lon="15.179011831060052">
        <ele>493</ele>
      </trkpt>
      <trkpt lat="46.40315540134907" lon="15.179141666740179">
        <ele>491.6000061035156</ele>
      </trkpt>
      <trkpt lat="46.40308138914406" lon="15.1791319437325">
        <ele>491.3999938964844</ele>
      </trkpt>
      <trkpt lat="46.4030035212636" lon="15.179111659526825">
        <ele>491.20001220703125</ele>
      </trkpt>
      <trkpt lat="46.402927078306675" lon="15.179099757224321">
        <ele>491</ele>
      </trkpt>
      <trkpt lat="46.40284384600818" lon="15.179082155227661">
        <ele>490.79998779296875</ele>
      </trkpt>
      <trkpt lat="46.40276069752872" lon="15.179044352844357">
        <ele>490.6000061035156</ele>
      </trkpt>
      <trkpt lat="46.40268148854375" lon="15.17899414524436">
        <ele>490.3999938964844</ele>
      </trkpt>
      <trkpt lat="46.40260680578649" lon="15.178945697844028">
        <ele>490.3999938964844</ele>
      </trkpt>
      <trkpt lat="46.40253430232406" lon="15.178897250443697">
        <ele>490.20001220703125</ele>
      </trkpt>
      <trkpt lat="46.40246255323291" lon="15.178851820528507">
        <ele>490.20001220703125</ele>
      </trkpt>
      <trkpt lat="46.402393067255616" lon="15.17880454659462">
        <ele>490.20001220703125</ele>
      </trkpt>
      <trkpt lat="46.402325592935085" lon="15.178752578794956">
        <ele>490.20001220703125</ele>
      </trkpt>
      <trkpt lat="46.40225686132908" lon="15.17869801260531">
        <ele>490</ele>
      </trkpt>
      <trkpt lat="46.40219039283693" lon="15.178645038977265">
        <ele>489.79998779296875</ele>
      </trkpt>
      <trkpt lat="46.40212166123092" lon="15.178588880226016">
        <ele>489.6000061035156</ele>
      </trkpt>
      <trkpt lat="46.402047565206885" lon="15.178528111428022">
        <ele>489.3999938964844</ele>
      </trkpt>
      <trkpt lat="46.40197288244963" lon="15.178466169163585">
        <ele>489</ele>
      </trkpt>
      <trkpt lat="46.4019035641104" lon="15.178405735641718">
        <ele>488.79998779296875</ele>
      </trkpt>
      <trkpt lat="46.40183734707534" lon="15.178348906338215">
        <ele>488.3999938964844</ele>
      </trkpt>
      <trkpt lat="46.40178202651441" lon="15.178295010700822">
        <ele>488.20001220703125</ele>
      </trkpt>
      <trkpt lat="46.40172980725765" lon="15.178245976567268">
        <ele>488</ele>
      </trkpt>
      <trkpt lat="46.4016807731241" lon="15.178194679319859">
        <ele>488</ele>
      </trkpt>
      <trkpt lat="46.401636600494385" lon="15.178144806995988">
        <ele>487.79998779296875</ele>
      </trkpt>
      <trkpt lat="46.40159385278821" lon="15.178095940500498">
        <ele>487.79998779296875</ele>
      </trkpt>
      <trkpt lat="46.401546662673354" lon="15.178043050691485">
        <ele>487.6000061035156</ele>
      </trkpt>
      <trkpt lat="46.401493437588215" lon="15.177986640483141">
        <ele>487.3999938964844</ele>
      </trkpt>
      <trkpt lat="46.401437195017934" lon="15.177930314093828">
        <ele>487.20001220703125</ele>
      </trkpt>
      <trkpt lat="46.40138229355216" lon="15.177874406799674">
        <ele>487</ele>
      </trkpt>
      <trkpt lat="46.401326386258006" lon="15.177819924429059">
        <ele>486.6000061035156</ele>
      </trkpt>
      <trkpt lat="46.40127131715417" lon="15.177762676030397">
        <ele>486.20001220703125</ele>
      </trkpt>
      <trkpt lat="46.401214906945825" lon="15.177710456773639">
        <ele>486</ele>
      </trkpt>
      <trkpt lat="46.401157742366195" lon="15.177664691582322">
        <ele>485.79998779296875</ele>
      </trkpt>
      <trkpt lat="46.40109756030142" lon="15.17762110568583">
        <ele>485.6000061035156</ele>
      </trkpt>
      <trkpt lat="46.40103570185602" lon="15.17757810652256">
        <ele>485.3999938964844</ele>
      </trkpt>
      <trkpt lat="46.40097426250577" lon="15.177538460120559">
        <ele>485.20001220703125</ele>
      </trkpt>
      <trkpt lat="46.400912906974554" lon="15.177502082660794">
        <ele>485</ele>
      </trkpt>
      <trkpt lat="46.40085163526237" lon="15.177466375753284">
        <ele>485</ele>
      </trkpt>
      <trkpt lat="46.400788770988584" lon="15.17743150703609">
        <ele>484.79998779296875</ele>
      </trkpt>
      <trkpt lat="46.400725739076734" lon="15.177401164546609">
        <ele>484.6000061035156</ele>
      </trkpt>
      <trkpt lat="46.40066153369844" lon="15.177379287779331">
        <ele>484.6000061035156</ele>
      </trkpt>
      <trkpt lat="46.40059548430145" lon="15.177362021058798">
        <ele>484.3999938964844</ele>
      </trkpt>
      <trkpt lat="46.400525411590934" lon="15.177346682175994">
        <ele>484.20001220703125</ele>
      </trkpt>
      <trkpt lat="46.40045575797558" lon="15.177332432940602">
        <ele>484</ele>
      </trkpt>
      <trkpt lat="46.40038727782667" lon="15.177318099886179">
        <ele>483.79998779296875</ele>
      </trkpt>
      <trkpt lat="46.40031611546874" lon="15.177305527031422">
        <ele>483.6000061035156</ele>
      </trkpt>
      <trkpt lat="46.40024654567242" lon="15.17729077488184">
        <ele>483.20001220703125</ele>
      </trkpt>
      <trkpt lat="46.40017446130514" lon="15.177273089066148">
        <ele>483</ele>
      </trkpt>
      <trkpt lat="46.400104220956564" lon="15.177254229784012">
        <ele>482.79998779296875</ele>
      </trkpt>
      <trkpt lat="46.400034399703145" lon="15.17723361030221">
        <ele>482.6000061035156</ele>
      </trkpt>
      <trkpt lat="46.39996382407844" lon="15.177214751020074">
        <ele>482.3999938964844</ele>
      </trkpt>
      <trkpt lat="46.39989349991083" lon="15.177198154851794">
        <ele>482.20001220703125</ele>
      </trkpt>
      <trkpt lat="46.39982359483838" lon="15.177177116274834">
        <ele>482</ele>
      </trkpt>
      <trkpt lat="46.399753941223025" lon="15.177155574783683">
        <ele>482</ele>
      </trkpt>
      <trkpt lat="46.39968227595091" lon="15.177135206758976">
        <ele>481.79998779296875</ele>
      </trkpt>
      <trkpt lat="46.39960801228881" lon="15.177118526771665">
        <ele>481.6000061035156</ele>
      </trkpt>
      <trkpt lat="46.39953383244574" lon="15.17710167914629">
        <ele>481.3999938964844</ele>
      </trkpt>
      <trkpt lat="46.39945990405977" lon="15.177074437960982">
        <ele>481.20001220703125</ele>
      </trkpt>
      <trkpt lat="46.399386897683144" lon="15.177040323615074">
        <ele>481</ele>
      </trkpt>
      <trkpt lat="46.39931531623006" lon="15.177004784345627">
        <ele>480.79998779296875</ele>
      </trkpt>
      <trkpt lat="46.39924465678632" lon="15.176966646686196">
        <ele>480.6000061035156</ele>
      </trkpt>
      <trkpt lat="46.399172991514206" lon="15.176927084103227">
        <ele>480.3999938964844</ele>
      </trkpt>
      <trkpt lat="46.399101158604026" lon="15.176883917301893">
        <ele>480.20001220703125</ele>
      </trkpt>
      <trkpt lat="46.39902966096997" lon="15.176836475729942">
        <ele>480</ele>
      </trkpt>
      <trkpt lat="46.39895950444043" lon="15.176784507930279">
        <ele>479.6000061035156</ele>
      </trkpt>
      <trkpt lat="46.398893957957625" lon="15.176724828779697">
        <ele>479.3999938964844</ele>
      </trkpt>
      <trkpt lat="46.39882757328451" lon="15.176662048324943">
        <ele>479.20001220703125</ele>
      </trkpt>
      <trkpt lat="46.39876403845847" lon="15.176597591489553">
        <ele>479</ele>
      </trkpt>
      <trkpt lat="46.39870125800371" lon="15.176531625911593">
        <ele>478.79998779296875</ele>
      </trkpt>
      <trkpt lat="46.39863772317767" lon="15.176462391391397">
        <ele>478.6000061035156</ele>
      </trkpt>
      <trkpt lat="46.39857603237033" lon="15.176392570137978">
        <ele>478.6000061035156</ele>
      </trkpt>
      <trkpt lat="46.39851693995297" lon="15.176321072503924">
        <ele>478.3999938964844</ele>
      </trkpt>
      <trkpt lat="46.398459104821086" lon="15.176242785528302">
        <ele>478.20001220703125</ele>
      </trkpt>
      <trkpt lat="46.398405795916915" lon="15.17616013996303">
        <ele>478</ele>
      </trkpt>
      <trkpt lat="46.39835265465081" lon="15.17607749439776">
        <ele>478</ele>
      </trkpt>
      <trkpt lat="46.39829901047051" lon="15.175995100289583">
        <ele>477.79998779296875</ele>
      </trkpt>
      <trkpt lat="46.398246539756656" lon="15.175910191610456">
        <ele>477.6000061035156</ele>
      </trkpt>
      <trkpt lat="46.39819691888988" lon="15.175824696198106">
        <ele>477.6000061035156</ele>
      </trkpt>
      <trkpt lat="46.39814654365182" lon="15.175741044804454">
        <ele>477.3999938964844</ele>
      </trkpt>
      <trkpt lat="46.398094994947314" lon="15.175658399239182">
        <ele>477.3999938964844</ele>
      </trkpt>
      <trkpt lat="46.398045625537634" lon="15.175574664026499">
        <ele>477.20001220703125</ele>
      </trkpt>
      <trkpt lat="46.39799642376602" lon="15.17549218609929">
        <ele>477</ele>
      </trkpt>
      <trkpt lat="46.39794914983213" lon="15.175410127267241">
        <ele>477</ele>
      </trkpt>
      <trkpt lat="46.397902462631464" lon="15.175328319892287">
        <ele>476.79998779296875</ele>
      </trkpt>
      <trkpt lat="46.397856613621116" lon="15.175248943269253">
        <ele>476.6000061035156</ele>
      </trkpt>
      <trkpt lat="46.39781235717237" lon="15.17516772262752">
        <ele>476.6000061035156</ele>
      </trkpt>
      <trkpt lat="46.3977659214288" lon="15.17508365213871">
        <ele>476.6000061035156</ele>
      </trkpt>
      <trkpt lat="46.397722670808434" lon="15.175003437325358">
        <ele>476.3999938964844</ele>
      </trkpt>
      <trkpt lat="46.39767849817872" lon="15.174923976883292">
        <ele>476.3999938964844</ele>
      </trkpt>
      <trkpt lat="46.397632732987404" lon="15.174847869202495">
        <ele>476.3999938964844</ele>
      </trkpt>
      <trkpt lat="46.39758571051061" lon="15.174772012978792">
        <ele>476.3999938964844</ele>
      </trkpt>
      <trkpt lat="46.397537933662534" lon="15.174695989117026">
        <ele>476.3999938964844</ele>
      </trkpt>
      <trkpt lat="46.3974929228425" lon="15.174621809273958">
        <ele>476.3999938964844</ele>
      </trkpt>
      <trkpt lat="46.39744875021279" lon="15.174546958878636">
        <ele>476.20001220703125</ele>
      </trkpt>
      <trkpt lat="46.39740248210728" lon="15.174473617225885">
        <ele>476.20001220703125</ele>
      </trkpt>
      <trkpt lat="46.397358728572726" lon="15.174398766830564">
        <ele>476.20001220703125</ele>
      </trkpt>
      <trkpt lat="46.397317154332995" lon="15.17432282678783">
        <ele>476</ele>
      </trkpt>
      <trkpt lat="46.39727373607457" lon="15.174249736592174">
        <ele>476</ele>
      </trkpt>
      <trkpt lat="46.39722847379744" lon="15.174176059663296">
        <ele>476</ele>
      </trkpt>
      <trkpt lat="46.39718337915838" lon="15.17410296946764">
        <ele>475.79998779296875</ele>
      </trkpt>
      <trkpt lat="46.39713820070028" lon="15.174030214548111">
        <ele>475.79998779296875</ele>
      </trkpt>
      <trkpt lat="46.397091345861554" lon="15.173957543447614">
        <ele>475.6000061035156</ele>
      </trkpt>
      <trkpt lat="46.39704968780279" lon="15.173884201794863">
        <ele>475.6000061035156</ele>
      </trkpt>
      <trkpt lat="46.397008365020156" lon="15.173811865970492">
        <ele>475.3999938964844</ele>
      </trkpt>
      <trkpt lat="46.39696469530463" lon="15.17374724149704">
        <ele>475.3999938964844</ele>
      </trkpt>
      <trkpt lat="46.396917505189776" lon="15.173690831288695">
        <ele>475.3999938964844</ele>
      </trkpt>
      <trkpt lat="46.396872494369745" lon="15.173637606203556">
        <ele>475.3999938964844</ele>
      </trkpt>
      <trkpt lat="46.396831925958395" lon="15.173586644232273">
        <ele>475.6000061035156</ele>
      </trkpt>
      <trkpt lat="46.39679445885122" lon="15.173536268994212">
        <ele>475.6000061035156</ele>
      </trkpt>
      <trkpt lat="46.39675598591566" lon="15.173487486317754">
        <ele>475.6000061035156</ele>
      </trkpt>
      <trkpt lat="46.39671826735139" lon="15.17343551851809">
        <ele>475.6000061035156</ele>
      </trkpt>
      <trkpt lat="46.396680381149054" lon="15.173381622880697">
        <ele>475.6000061035156</ele>
      </trkpt>
      <trkpt lat="46.39664107002318" lon="15.173325212672353">
        <ele>475.3999938964844</ele>
      </trkpt>
      <trkpt lat="46.39660259708762" lon="15.17326645553112">
        <ele>475.3999938964844</ele>
      </trkpt>
      <trkpt lat="46.39656487852335" lon="15.173203591257334">
        <ele>475.3999938964844</ele>
      </trkpt>
      <trkpt lat="46.396528920158744" lon="15.173140224069357">
        <ele>475.3999938964844</ele>
      </trkpt>
      <trkpt lat="46.39649354852736" lon="15.173075180500746">
        <ele>475.3999938964844</ele>
      </trkpt>
      <trkpt lat="46.39645926654339" lon="15.173008879646659">
        <ele>475.20001220703125</ele>
      </trkpt>
      <trkpt lat="46.39642791822553" lon="15.172941405326128">
        <ele>475.20001220703125</ele>
      </trkpt>
      <trkpt lat="46.396400425583124" lon="15.172869572415948">
        <ele>475.20001220703125</ele>
      </trkpt>
      <trkpt lat="46.396374022588134" lon="15.172796733677387">
        <ele>475.20001220703125</ele>
      </trkpt>
      <trkpt lat="46.39634778723121" lon="15.172725738957524">
        <ele>475.20001220703125</ele>
      </trkpt>
      <trkpt lat="46.39631652273238" lon="15.172656923532486">
        <ele>475.20001220703125</ele>
      </trkpt>
      <trkpt lat="46.39628542587161" lon="15.172592215240002">
        <ele>475.20001220703125</ele>
      </trkpt>
      <trkpt lat="46.396253323182464" lon="15.172530356794596">
        <ele>475</ele>
      </trkpt>
      <trkpt lat="46.396221639588475" lon="15.172469336539507">
        <ele>475</ele>
      </trkpt>
      <trkpt lat="46.39619112946093" lon="15.17240789718926">
        <ele>475</ele>
      </trkpt>
      <trkpt lat="46.39616078697145" lon="15.172346960753202">
        <ele>475</ele>
      </trkpt>
      <trkpt lat="46.39613061212003" lon="15.172286108136177">
        <ele>475</ele>
      </trkpt>
      <trkpt lat="46.39609783887863" lon="15.17222668044269">
        <ele>475.20001220703125</ele>
      </trkpt>
      <trkpt lat="46.396064730361104" lon="15.172166833654046">
        <ele>475.20001220703125</ele>
      </trkpt>
      <trkpt lat="46.39603430405259" lon="15.172102795913815">
        <ele>475.20001220703125</ele>
      </trkpt>
      <trkpt lat="46.39600588940084" lon="15.172035992145538">
        <ele>475.20001220703125</ele>
      </trkpt>
      <trkpt lat="46.39597957022488" lon="15.171970278024673">
        <ele>475.20001220703125</ele>
      </trkpt>
      <trkpt lat="46.395952329039574" lon="15.171907329931855">
        <ele>475.20001220703125</ele>
      </trkpt>
      <trkpt lat="46.395925087854266" lon="15.171847231686115">
        <ele>475.20001220703125</ele>
      </trkpt>
      <trkpt lat="46.39589734375477" lon="15.171788893640041">
        <ele>475.20001220703125</ele>
      </trkpt>
      <trkpt lat="46.39587102457881" lon="15.171728292480111">
        <ele>475.20001220703125</ele>
      </trkpt>
      <trkpt lat="46.395843867212534" lon="15.171670457348228">
        <ele>475.3999938964844</ele>
      </trkpt>
      <trkpt lat="46.39581872150302" lon="15.17161195166409">
        <ele>475.6000061035156</ele>
      </trkpt>
      <trkpt lat="46.39579433016479" lon="15.171552775427699">
        <ele>475.79998779296875</ele>
      </trkpt>
      <trkpt lat="46.395769100636244" lon="15.17149418592453">
        <ele>476</ele>
      </trkpt>
      <trkpt lat="46.39574311673641" lon="15.171435596421361">
        <ele>476.20001220703125</ele>
      </trkpt>
      <trkpt lat="46.395718306303024" lon="15.171380024403334">
        <ele>476.20001220703125</ele>
      </trkpt>
      <trkpt lat="46.39569517225027" lon="15.17132361419499">
        <ele>476.3999938964844</ele>
      </trkpt>
      <trkpt lat="46.395671954378486" lon="15.171269718557596">
        <ele>476.3999938964844</ele>
      </trkpt>
      <trkpt lat="46.39564638957381" lon="15.171217331662774">
        <ele>476.6000061035156</ele>
      </trkpt>
      <trkpt lat="46.39561680145562" lon="15.17116578295827">
        <ele>476.6000061035156</ele>
      </trkpt>
      <trkpt lat="46.395585369318724" lon="15.171115575358272">
        <ele>476.6000061035156</ele>
      </trkpt>
      <trkpt lat="46.395557038486004" lon="15.171073414385319">
        <ele>476.6000061035156</ele>
      </trkpt>
      <trkpt lat="46.39553013257682" lon="15.171031672507524">
        <ele>476.3999938964844</ele>
      </trkpt>
      <trkpt lat="46.39463226310909" lon="15.169917717576027">
        <ele>473.3999938964844</ele>
      </trkpt>
      <trkpt lat="46.39454794116318" lon="15.169894667342305">
        <ele>473.20001220703125</ele>
      </trkpt>
      <trkpt lat="46.394468480721116" lon="15.16981964930892">
        <ele>472.79998779296875</ele>
      </trkpt>
      <trkpt lat="46.39441533945501" lon="15.169787714257836">
        <ele>472.6000061035156</ele>
      </trkpt>
      <trkpt lat="46.394330095499754" lon="15.169717725366354">
        <ele>472.3999938964844</ele>
      </trkpt>
      <trkpt lat="46.394263710826635" lon="15.16966332681477">
        <ele>472.3999938964844</ele>
      </trkpt>
      <trkpt lat="46.39418919570744" lon="15.169586800038815">
        <ele>472.20001220703125</ele>
      </trkpt>
      <trkpt lat="46.39413882046938" lon="15.169530976563692">
        <ele>472</ele>
      </trkpt>
      <trkpt lat="46.39407251961529" lon="15.169455539435148">
        <ele>472</ele>
      </trkpt>
      <trkpt lat="46.39401032589376" lon="15.169373648241162">
        <ele>472</ele>
      </trkpt>
      <trkpt lat="46.39395165257156" lon="15.169278932735324">
        <ele>471.79998779296875</ele>
      </trkpt>
      <trkpt lat="46.39389515854418" lon="15.169182792305946">
        <ele>471.79998779296875</ele>
      </trkpt>
      <trkpt lat="46.39384654350579" lon="15.16909008845687">
        <ele>471.6000061035156</ele>
      </trkpt>
      <trkpt lat="46.393801448866725" lon="15.168998893350363">
        <ele>471.3999938964844</ele>
      </trkpt>
      <trkpt lat="46.39375668950379" lon="15.168908117339015">
        <ele>471.20001220703125</ele>
      </trkpt>
      <trkpt lat="46.39371754601598" lon="15.168818766251206">
        <ele>471</ele>
      </trkpt>
      <trkpt lat="46.39367806725204" lon="15.168731007725">
        <ele>470.79998779296875</ele>
      </trkpt>
      <trkpt lat="46.39363498426974" lon="15.168640483170748">
        <ele>470.79998779296875</ele>
      </trkpt>
      <trkpt lat="46.39358854852617" lon="15.168552724644542">
        <ele>470.6000061035156</ele>
      </trkpt>
      <trkpt lat="46.3935418613255" lon="15.168469659984112">
        <ele>470.6000061035156</ele>
      </trkpt>
      <trkpt lat="46.393501879647374" lon="15.168386092409492">
        <ele>470.6000061035156</ele>
      </trkpt>
      <trkpt lat="46.393461814150214" lon="15.168305709958076">
        <ele>470.6000061035156</ele>
      </trkpt>
      <trkpt lat="46.39341772533953" lon="15.16822423785925">
        <ele>470.79998779296875</ele>
      </trkpt>
      <trkpt lat="46.39337841421366" lon="15.168146202340722">
        <ele>470.79998779296875</ele>
      </trkpt>
      <trkpt lat="46.39333357103169" lon="15.168072693049908">
        <ele>470.79998779296875</ele>
      </trkpt>
      <trkpt lat="46.393286464735866" lon="15.16800094395876">
        <ele>470.6000061035156</ele>
      </trkpt>
      <trkpt lat="46.39324128627777" lon="15.167928105220199">
        <ele>470.6000061035156</ele>
      </trkpt>
      <trkpt lat="46.3931982871145" lon="15.167854679748416">
        <ele>470.3999938964844</ele>
      </trkpt>
      <trkpt lat="46.39315478503704" lon="15.167782930657268">
        <ele>470.3999938964844</ele>
      </trkpt>
      <trkpt lat="46.39311119914055" lon="15.167715875431895">
        <ele>470.20001220703125</ele>
      </trkpt>
      <trkpt lat="46.39306426048279" lon="15.16765108332038">
        <ele>470.20001220703125</ele>
      </trkpt>
      <trkpt lat="46.39301489107311" lon="15.167588470503688">
        <ele>470.20001220703125</ele>
      </trkpt>
      <trkpt lat="46.39296468347311" lon="15.167522337287664">
        <ele>470.20001220703125</ele>
      </trkpt>
      <trkpt lat="46.392916990444064" lon="15.167458802461624">
        <ele>470.3999938964844</ele>
      </trkpt>
      <trkpt lat="46.392871644347906" lon="15.167392585426569">
        <ele>470.20001220703125</ele>
      </trkpt>
      <trkpt lat="46.392829986289144" lon="15.16732083633542">
        <ele>470.20001220703125</ele>
      </trkpt>
      <trkpt lat="46.392800230532885" lon="15.167241292074323">
        <ele>470.20001220703125</ele>
      </trkpt>
      <trkpt lat="46.392776761204004" lon="15.167159736156464">
        <ele>470.3999938964844</ele>
      </trkpt>
      <trkpt lat="46.39275840483606" lon="15.167084634304047">
        <ele>470.3999938964844</ele>
      </trkpt>
      <trkpt lat="46.392740132287145" lon="15.1670110411942">
        <ele>470.6000061035156</ele>
      </trkpt>
      <trkpt lat="46.39272144064307" lon="15.166941219940782">
        <ele>471</ele>
      </trkpt>
      <trkpt lat="46.392694702371955" lon="15.166878271847963">
        <ele>471</ele>
      </trkpt>
      <trkpt lat="46.39265346340835" lon="15.166832925751805">
        <ele>471.20001220703125</ele>
      </trkpt>
      <trkpt lat="46.39260317198932" lon="15.166811803355813">
        <ele>471.20001220703125</ele>
      </trkpt>
      <trkpt lat="46.392550533637404" lon="15.166799062862992">
        <ele>471.20001220703125</ele>
      </trkpt>
      <trkpt lat="46.392497811466455" lon="15.166775174438953">
        <ele>471</ele>
      </trkpt>
      <trkpt lat="46.39244785532355" lon="15.166732845827937">
        <ele>470.79998779296875</ele>
      </trkpt>
      <trkpt lat="46.39239991083741" lon="15.166681800037622">
        <ele>470.6000061035156</ele>
      </trkpt>
      <trkpt lat="46.39235196635127" lon="15.166629329323769">
        <ele>470.3999938964844</ele>
      </trkpt>
      <trkpt lat="46.39230645261705" lon="15.166574344038963">
        <ele>470.20001220703125</ele>
      </trkpt>
      <trkpt lat="46.39226068742573" lon="15.16651458106935">
        <ele>469.79998779296875</ele>
      </trkpt>
      <trkpt lat="46.39221609570086" lon="15.166457165032625">
        <ele>469.79998779296875</ele>
      </trkpt>
      <trkpt lat="46.39217175543308" lon="15.166402263566852">
        <ele>469.6000061035156</ele>
      </trkpt>
      <trkpt lat="46.39212624169886" lon="15.166345685720444">
        <ele>469.6000061035156</ele>
      </trkpt>
      <trkpt lat="46.39206706546247" lon="15.16627955250442">
        <ele>469.3999938964844</ele>
      </trkpt>
      <trkpt lat="46.39202415011823" lon="15.166235128417611">
        <ele>469.3999938964844</ele>
      </trkpt>
      <trkpt lat="46.39197360724211" lon="15.166178634390235">
        <ele>469.20001220703125</ele>
      </trkpt>
      <trkpt lat="46.39191401191056" lon="15.166114429011941">
        <ele>469</ele>
      </trkpt>
      <trkpt lat="46.39187403023243" lon="15.166072100400925">
        <ele>468.79998779296875</ele>
      </trkpt>
      <trkpt lat="46.39182407408953" lon="15.166017450392246">
        <ele>468.79998779296875</ele>
      </trkpt>
      <trkpt lat="46.39177135191858" lon="15.165966069325805">
        <ele>468.6000061035156</ele>
      </trkpt>
      <trkpt lat="46.39171678572893" lon="15.165914688259363">
        <ele>468.6000061035156</ele>
      </trkpt>
      <trkpt lat="46.391663141548634" lon="15.165866911411285">
        <ele>468.6000061035156</ele>
      </trkpt>
      <trkpt lat="46.39160857535899" lon="15.165821649134159">
        <ele>468.3999938964844</ele>
      </trkpt>
      <trkpt lat="46.391554176807404" lon="15.165776303038001">
        <ele>468.3999938964844</ele>
      </trkpt>
      <trkpt lat="46.39149944297969" lon="15.165732549503446">
        <ele>468.3999938964844</ele>
      </trkpt>
      <trkpt lat="46.391443870961666" lon="15.165691897273064">
        <ele>468.3999938964844</ele>
      </trkpt>
      <trkpt lat="46.39138704165816" lon="15.16565753147006">
        <ele>468.3999938964844</ele>
      </trkpt>
      <trkpt lat="46.39133230783045" lon="15.16562626697123">
        <ele>468.3999938964844</ele>
      </trkpt>
      <trkpt lat="46.39127606526017" lon="15.165599947795272">
        <ele>468.3999938964844</ele>
      </trkpt>
      <trkpt lat="46.391217056661844" lon="15.165576143190265">
        <ele>468.20001220703125</ele>
      </trkpt>
      <trkpt lat="46.391154527664185" lon="15.165550829842687">
        <ele>468.20001220703125</ele>
      </trkpt>
      <trkpt lat="46.39109191484749" lon="15.1655328925699">
        <ele>468.20001220703125</ele>
      </trkpt>
      <trkpt lat="46.391025530174375" lon="15.165518559515476">
        <ele>468.20001220703125</ele>
      </trkpt>
      <trkpt lat="46.390958055853844" lon="15.165501879528165">
        <ele>468</ele>
      </trkpt>
      <trkpt lat="46.390889743342996" lon="15.165484109893441">
        <ele>468</ele>
      </trkpt>
      <trkpt lat="46.390820341184735" lon="15.165464831516147">
        <ele>467.79998779296875</ele>
      </trkpt>
      <trkpt lat="46.390750017017126" lon="15.165444714948535">
        <ele>467.79998779296875</ele>
      </trkpt>
      <trkpt lat="46.3906788546592" lon="15.165425101295114">
        <ele>467.79998779296875</ele>
      </trkpt>
      <trkpt lat="46.39061255380511" lon="15.165403811261058">
        <ele>468</ele>
      </trkpt>
      <trkpt lat="46.390542229637504" lon="15.165383443236351">
        <ele>468</ele>
      </trkpt>
      <trkpt lat="46.39047299511731" lon="15.165363745763898">
        <ele>468</ele>
      </trkpt>
      <trkpt lat="46.39040468260646" lon="15.16534480266273">
        <ele>468</ele>
      </trkpt>
      <trkpt lat="46.390335615724325" lon="15.165323931723833">
        <ele>468</ele>
      </trkpt>
      <trkpt lat="46.39026839286089" lon="15.16530130058527">
        <ele>467.79998779296875</ele>
      </trkpt>
      <trkpt lat="46.390201672911644" lon="15.16527489759028">
        <ele>467.79998779296875</ele>
      </trkpt>
      <trkpt lat="46.39013369567692" lon="15.165243297815323">
        <ele>467.6000061035156</ele>
      </trkpt>
      <trkpt lat="46.39006697572768" lon="15.165205243974924">
        <ele>467.3999938964844</ele>
      </trkpt>
      <trkpt lat="46.389998998492956" lon="15.16516299918294">
        <ele>467.20001220703125</ele>
      </trkpt>
      <trkpt lat="46.38993269763887" lon="15.16511706635356">
        <ele>467</ele>
      </trkpt>
      <trkpt lat="46.38986958190799" lon="15.16506769694388">
        <ele>466.79998779296875</ele>
      </trkpt>
      <trkpt lat="46.38980948366225" lon="15.165013298392296">
        <ele>466.79998779296875</ele>
      </trkpt>
      <trkpt lat="46.38974997214973" lon="15.164955966174603">
        <ele>466.6000061035156</ele>
      </trkpt>
      <trkpt lat="46.389689119532704" lon="15.16489528119564">
        <ele>466.3999938964844</ele>
      </trkpt>
      <trkpt lat="46.38962583616376" lon="15.164832919836044">
        <ele>466.20001220703125</ele>
      </trkpt>
      <trkpt lat="46.38956297188997" lon="15.16477257013321">
        <ele>466</ele>
      </trkpt>
      <trkpt lat="46.38950186781585" lon="15.164709957316518">
        <ele>465.79998779296875</ele>
      </trkpt>
      <trkpt lat="46.389441434293985" lon="15.16464943997562">
        <ele>465.79998779296875</ele>
      </trkpt>
      <trkpt lat="46.38937680982053" lon="15.164592610672116">
        <ele>465.6000061035156</ele>
      </trkpt>
      <trkpt lat="46.38931109569967" lon="15.164537960663438">
        <ele>465.3999938964844</ele>
      </trkpt>
      <trkpt lat="46.38924328610301" lon="15.164487585425377">
        <ele>465.3999938964844</ele>
      </trkpt>
      <trkpt lat="46.38917623087764" lon="15.164440730586648">
        <ele>465.3999938964844</ele>
      </trkpt>
      <trkpt lat="46.389109594747424" lon="15.164393289014697">
        <ele>465.20001220703125</ele>
      </trkpt>
      <trkpt lat="46.389042204245925" lon="15.164349367842078">
        <ele>465.20001220703125</ele>
      </trkpt>
      <trkpt lat="46.388974813744426" lon="15.164309218525887">
        <ele>465</ele>
      </trkpt>
      <trkpt lat="46.388907339423895" lon="15.164277199655771">
        <ele>465</ele>
      </trkpt>
      <trkpt lat="46.388838943094015" lon="15.164245432242751">
        <ele>464.79998779296875</ele>
      </trkpt>
      <trkpt lat="46.3887723069638" lon="15.164212491363287">
        <ele>464.79998779296875</ele>
      </trkpt>
      <trkpt lat="46.38871505856514" lon="15.164179299026728">
        <ele>464.6000061035156</ele>
      </trkpt>
      <trkpt lat="46.388665018603206" lon="15.164144011214375">
        <ele>464.6000061035156</ele>
      </trkpt>
      <trkpt lat="46.38860525563359" lon="15.164097407832742">
        <ele>464.6000061035156</ele>
      </trkpt>
      <trkpt lat="46.38855521567166" lon="15.164058012887836">
        <ele>464.6000061035156</ele>
      </trkpt>
      <trkpt lat="46.388514060527086" lon="15.164027502760291">
        <ele>464.6000061035156</ele>
      </trkpt>
      <trkpt lat="46.38846326619387" lon="15.163987521082163">
        <ele>464.3999938964844</ele>
      </trkpt>
      <trkpt lat="46.38800787739456" lon="15.163765987381339">
        <ele>464.3999938964844</ele>
      </trkpt>
      <trkpt lat="46.387973595410585" lon="15.163741260766983">
        <ele>464.3999938964844</ele>
      </trkpt>
      <trkpt lat="46.387915005907416" lon="15.163697842508554">
        <ele>464.3999938964844</ele>
      </trkpt>
      <trkpt lat="46.38786136172712" lon="15.163651071488857">
        <ele>464.3999938964844</ele>
      </trkpt>
      <trkpt lat="46.38780754990876" lon="15.16360036097467">
        <ele>464.20001220703125</ele>
      </trkpt>
      <trkpt lat="46.387750301510096" lon="15.163548812270164">
        <ele>464.20001220703125</ele>
      </trkpt>
      <trkpt lat="46.38769573532045" lon="15.163497934117913">
        <ele>464</ele>
      </trkpt>
      <trkpt lat="46.38764158822596" lon="15.163442278280854">
        <ele>464</ele>
      </trkpt>
      <trkpt lat="46.387590542435646" lon="15.16338000074029">
        <ele>464</ele>
      </trkpt>
      <trkpt lat="46.387541256845" lon="15.16331504099071">
        <ele>464</ele>
      </trkpt>
      <trkpt lat="46.38749532401562" lon="15.1632499974221">
        <ele>464</ele>
      </trkpt>
      <trkpt lat="46.38745240867138" lon="15.163179757073522">
        <ele>464</ele>
      </trkpt>
      <trkpt lat="46.38741485774517" lon="15.163106247782707">
        <ele>463.79998779296875</ele>
      </trkpt>
      <trkpt lat="46.387387700378895" lon="15.163025697693229">
        <ele>463.79998779296875</ele>
      </trkpt>
      <trkpt lat="46.387368170544505" lon="15.162938944995403">
        <ele>463.79998779296875</ele>
      </trkpt>
      <trkpt lat="46.38734528794885" lon="15.162861244753003">
        <ele>463.6000061035156</ele>
      </trkpt>
      <trkpt lat="46.38730983249843" lon="15.162796452641487">
        <ele>463.6000061035156</ele>
      </trkpt>
      <trkpt lat="46.387264570221305" lon="15.16274381428957">
        <ele>463.6000061035156</ele>
      </trkpt>
      <trkpt lat="46.387216206640005" lon="15.162697713822126">
        <ele>463.6000061035156</ele>
      </trkpt>
      <trkpt lat="46.387165831401944" lon="15.162655049934983">
        <ele>463.3999938964844</ele>
      </trkpt>
      <trkpt lat="46.38711277395487" lon="15.162615487352014">
        <ele>463.3999938964844</ele>
      </trkpt>
      <trkpt lat="46.38705703429878" lon="15.162576008588076">
        <ele>463.3999938964844</ele>
      </trkpt>
      <trkpt lat="46.38700087554753" lon="15.162538038566709">
        <ele>463.20001220703125</ele>
      </trkpt>
      <trkpt lat="46.38694630935788" lon="15.16249755397439">
        <ele>463.20001220703125</ele>
      </trkpt>
      <trkpt lat="46.38688922859728" lon="15.162456315010786">
        <ele>463</ele>
      </trkpt>
      <trkpt lat="46.386830219998956" lon="15.16241742298007">
        <ele>462.79998779296875</ele>
      </trkpt>
      <trkpt lat="46.38676919974387" lon="15.162380123510957">
        <ele>462.6000061035156</ele>
      </trkpt>
      <trkpt lat="46.38670549727976" lon="15.162344416603446">
        <ele>462.3999938964844</ele>
      </trkpt>
      <trkpt lat="46.38664187863469" lon="15.162307117134333">
        <ele>462.3999938964844</ele>
      </trkpt>
      <trkpt lat="46.38657440431416" lon="15.162270069122314">
        <ele>462</ele>
      </trkpt>
      <trkpt lat="46.38651137240231" lon="15.162238301709294">
        <ele>461.79998779296875</ele>
      </trkpt>
      <trkpt lat="46.386446161195636" lon="15.162208881229162">
        <ele>461.6000061035156</ele>
      </trkpt>
      <trkpt lat="46.38637843541801" lon="15.162180131301284">
        <ele>461.20001220703125</ele>
      </trkpt>
      <trkpt lat="46.38630819506943" lon="15.16215356066823">
        <ele>461</ele>
      </trkpt>
      <trkpt lat="46.386238876730204" lon="15.162122212350368">
        <ele>460.6000061035156</ele>
      </trkpt>
      <trkpt lat="46.38617073185742" lon="15.16208759509027">
        <ele>460.3999938964844</ele>
      </trkpt>
      <trkpt lat="46.38610132969916" lon="15.162050798535347">
        <ele>460</ele>
      </trkpt>
      <trkpt lat="46.386031256988645" lon="15.162020372226834">
        <ele>459.79998779296875</ele>
      </trkpt>
      <trkpt lat="46.38596177101135" lon="15.161991706117988">
        <ele>459.6000061035156</ele>
      </trkpt>
      <trkpt lat="46.38589429669082" lon="15.161966644227505">
        <ele>459.3999938964844</ele>
      </trkpt>
      <trkpt lat="46.38582439161837" lon="15.161940408870578">
        <ele>459.3999938964844</ele>
      </trkpt>
      <trkpt lat="46.38575482182205" lon="15.161911826580763">
        <ele>459.20001220703125</ele>
      </trkpt>
      <trkpt lat="46.385687347501516" lon="15.161881735548377">
        <ele>459.20001220703125</ele>
      </trkpt>
      <trkpt lat="46.385629177093506" lon="15.161857008934021">
        <ele>459.20001220703125</ele>
      </trkpt>
      <trkpt lat="46.385571425780654" lon="15.161824822425842">
        <ele>459.3999938964844</ele>
      </trkpt>
      <trkpt lat="46.38554183766246" lon="15.161801520735025">
        <ele>459.3999938964844</ele>
      </trkpt>
      <trkpt lat="46.385506549850106" lon="15.161777213215828">
        <ele>459.3999938964844</ele>
      </trkpt>
      <trkpt lat="46.38546774163842" lon="15.161745948716998">
        <ele>459.3999938964844</ele>
      </trkpt>
      <trkpt lat="46.38542331755161" lon="15.161708984524012">
        <ele>459.3999938964844</ele>
      </trkpt>
      <trkpt lat="46.385375540703535" lon="15.161668499931693">
        <ele>459.3999938964844</ele>
      </trkpt>
      <trkpt lat="46.385325752198696" lon="15.16163220629096">
        <ele>459.20001220703125</ele>
      </trkpt>
      <trkpt lat="46.38527604751289" lon="15.161595409736037">
        <ele>459.20001220703125</ele>
      </trkpt>
      <trkpt lat="46.385225588455796" lon="15.161555428057909">
        <ele>459</ele>
      </trkpt>
      <trkpt lat="46.38517487794161" lon="15.16150857321918">
        <ele>458.79998779296875</ele>
      </trkpt>
      <trkpt lat="46.385129280388355" lon="15.161456521600485">
        <ele>458.6000061035156</ele>
      </trkpt>
      <trkpt lat="46.38508359901607" lon="15.161397429183125">
        <ele>458.6000061035156</ele>
      </trkpt>
      <trkpt lat="46.38503816910088" lon="15.161334229633212">
        <ele>458.3999938964844</ele>
      </trkpt>
      <trkpt lat="46.38499206863344" lon="15.161267844960093">
        <ele>458.20001220703125</ele>
      </trkpt>
      <trkpt lat="46.38494906947017" lon="15.161202382296324">
        <ele>458.20001220703125</ele>
      </trkpt>
      <trkpt lat="46.38490816578269" lon="15.161133399233222">
        <ele>458</ele>
      </trkpt>
      <trkpt lat="46.38486332260072" lon="15.161069696769118">
        <ele>458</ele>
      </trkpt>
      <trkpt lat="46.384817557409406" lon="15.161005072295666">
        <ele>457.79998779296875</ele>
      </trkpt>
      <trkpt lat="46.384776486083865" lon="15.160930221900344">
        <ele>457.79998779296875</ele>
      </trkpt>
      <trkpt lat="46.38473608531058" lon="15.16085579060018">
        <ele>457.6000061035156</ele>
      </trkpt>
      <trkpt lat="46.3846951816231" lon="15.16077951528132">
        <ele>457.6000061035156</ele>
      </trkpt>
      <trkpt lat="46.3846555352211" lon="15.16070818528533">
        <ele>457.3999938964844</ele>
      </trkpt>
      <trkpt lat="46.384611865505576" lon="15.160640543326735">
        <ele>457.3999938964844</ele>
      </trkpt>
      <trkpt lat="46.38456090353429" lon="15.160560999065638">
        <ele>457.3999938964844</ele>
      </trkpt>
      <trkpt lat="46.38452553190291" lon="15.160508109256625">
        <ele>457.20001220703125</ele>
      </trkpt>
      <trkpt lat="46.384485801681876" lon="15.160441221669316">
        <ele>457.20001220703125</ele>
      </trkpt>
      <trkpt lat="46.384449088945985" lon="15.160373663529754">
        <ele>457</ele>
      </trkpt>
      <trkpt lat="46.38441111892462" lon="15.160309290513396">
        <ele>457</ele>
      </trkpt>
      <trkpt lat="46.384372394531965" lon="15.160246090963483">
        <ele>456.79998779296875</ele>
      </trkpt>
      <trkpt lat="46.384335262700915" lon="15.160182975232601">
        <ele>456.79998779296875</ele>
      </trkpt>
      <trkpt lat="46.384298633784056" lon="15.160119691863656">
        <ele>456.79998779296875</ele>
      </trkpt>
      <trkpt lat="46.38426275923848" lon="15.160054564476013">
        <ele>456.6000061035156</ele>
      </trkpt>
      <trkpt lat="46.38422537595034" lon="15.159986671060324">
        <ele>456.6000061035156</ele>
      </trkpt>
      <trkpt lat="46.38419050723314" lon="15.159922130405903">
        <ele>456.6000061035156</ele>
      </trkpt>
      <trkpt lat="46.38415714725852" lon="15.159859601408243">
        <ele>456.6000061035156</ele>
      </trkpt>
      <trkpt lat="46.38412345200777" lon="15.159792713820934">
        <ele>456.6000061035156</ele>
      </trkpt>
      <trkpt lat="46.38408984057605" lon="15.159727251157165">
        <ele>456.6000061035156</ele>
      </trkpt>
      <trkpt lat="46.3840545527637" lon="15.159665644168854">
        <ele>456.6000061035156</ele>
      </trkpt>
      <trkpt lat="46.38401976786554" lon="15.159606970846653">
        <ele>456.6000061035156</ele>
      </trkpt>
      <trkpt lat="46.38398271985352" lon="15.15954620204866">
        <ele>456.6000061035156</ele>
      </trkpt>
      <trkpt lat="46.383949192240834" lon="15.159483673051">
        <ele>456.79998779296875</ele>
      </trkpt>
      <trkpt lat="46.38391767628491" lon="15.159420892596245">
        <ele>456.79998779296875</ele>
      </trkpt>
      <trkpt lat="46.38388490304351" lon="15.159362889826298">
        <ele>456.79998779296875</ele>
      </trkpt>
      <trkpt lat="46.383850034326315" lon="15.159306395798922">
        <ele>456.6000061035156</ele>
      </trkpt>
      <trkpt lat="46.383816758170724" lon="15.159249901771545">
        <ele>456.6000061035156</ele>
      </trkpt>
      <trkpt lat="46.38378390111029" lon="15.159193575382233">
        <ele>456.6000061035156</ele>
      </trkpt>
      <trkpt lat="46.38375313952565" lon="15.159139260649681">
        <ele>456.3999938964844</ele>
      </trkpt>
      <trkpt lat="46.38372371904552" lon="15.15908008441329">
        <ele>456.3999938964844</ele>
      </trkpt>
      <trkpt lat="46.38369547203183" lon="15.159028200432658">
        <ele>456.3999938964844</ele>
      </trkpt>
      <trkpt lat="46.38366521336138" lon="15.15898386016488">
        <ele>456.3999938964844</ele>
      </trkpt>
      <trkpt lat="46.38363537378609" lon="15.158945554867387">
        <ele>456.6000061035156</ele>
      </trkpt>
      <trkpt lat="46.383605701848865" lon="15.158904986456037">
        <ele>456.6000061035156</ele>
      </trkpt>
      <trkpt lat="46.38357703574002" lon="15.15886265784502">
        <ele>456.79998779296875</ele>
      </trkpt>
      <trkpt lat="46.38354359194636" lon="15.15882108360529">
        <ele>456.79998779296875</ele>
      </trkpt>
      <trkpt lat="46.38351157307625" lon="15.158776743337512">
        <ele>456.79998779296875</ele>
      </trkpt>
      <trkpt lat="46.383479218930006" lon="15.15872829593718">
        <ele>457</ele>
      </trkpt>
      <trkpt lat="46.38344862498343" lon="15.15867649577558">
        <ele>456.79998779296875</ele>
      </trkpt>
      <trkpt lat="46.38341601938009" lon="15.158621007576585">
        <ele>456.79998779296875</ele>
      </trkpt>
      <trkpt lat="46.38338475488126" lon="15.158560825511813">
        <ele>456.6000061035156</ele>
      </trkpt>
      <trkpt lat="46.3833515625447" lon="15.158499469980597">
        <ele>456.6000061035156</ele>
      </trkpt>
      <trkpt lat="46.3833171967417" lon="15.158439790830016">
        <ele>456.3999938964844</ele>
      </trkpt>
      <trkpt lat="46.38328459113836" lon="15.158380111679435">
        <ele>456.3999938964844</ele>
      </trkpt>
      <trkpt lat="46.383254919201136" lon="15.158319678157568">
        <ele>456.20001220703125</ele>
      </trkpt>
      <trkpt lat="46.383227510377765" lon="15.158255472779274">
        <ele>456.20001220703125</ele>
      </trkpt>
      <trkpt lat="46.383198173716664" lon="15.158189507201314">
        <ele>456.20001220703125</ele>
      </trkpt>
      <trkpt lat="46.38316959142685" lon="15.158126475289464">
        <ele>456</ele>
      </trkpt>
      <trkpt lat="46.383140003308654" lon="15.158063359558582">
        <ele>456</ele>
      </trkpt>
      <trkpt lat="46.38311334885657" lon="15.15799731016159">
        <ele>456</ele>
      </trkpt>
      <trkpt lat="46.38308602385223" lon="15.157930674031377">
        <ele>456</ele>
      </trkpt>
      <trkpt lat="46.38306071050465" lon="15.157863283529878">
        <ele>456</ele>
      </trkpt>
      <trkpt lat="46.38303615152836" lon="15.157796898856759">
        <ele>456</ele>
      </trkpt>
      <trkpt lat="46.383012514561415" lon="15.157729759812355">
        <ele>456</ele>
      </trkpt>
      <trkpt lat="46.38299021869898" lon="15.157659519463778">
        <ele>456</ele>
      </trkpt>
      <trkpt lat="46.38297110795975" lon="15.157589027658105">
        <ele>456</ele>
      </trkpt>
      <trkpt lat="46.38295375742018" lon="15.157517865300179">
        <ele>456.20001220703125</ele>
      </trkpt>
      <trkpt lat="46.38293766416609" lon="15.157444775104523">
        <ele>456.20001220703125</ele>
      </trkpt>
      <trkpt lat="46.382921570912" lon="15.157371517270803">
        <ele>456.20001220703125</ele>
      </trkpt>
      <trkpt lat="46.38290388509631" lon="15.157294990494847">
        <ele>456.20001220703125</ele>
      </trkpt>
      <trkpt lat="46.38288293033838" lon="15.157215530052781">
        <ele>456.20001220703125</ele>
      </trkpt>
      <trkpt lat="46.38286272995174" lon="15.157137159258127">
        <ele>456.20001220703125</ele>
      </trkpt>
      <trkpt lat="46.382839009165764" lon="15.157057866454124">
        <ele>456.20001220703125</ele>
      </trkpt>
      <trkpt lat="46.38281537219882" lon="15.156978154554963">
        <ele>456.20001220703125</ele>
      </trkpt>
      <trkpt lat="46.38279424980283" lon="15.156896766275167">
        <ele>456.20001220703125</ele>
      </trkpt>
      <trkpt lat="46.38277539052069" lon="15.156811438500881">
        <ele>456.20001220703125</ele>
      </trkpt>
      <trkpt lat="46.38276256620884" lon="15.1567258592695">
        <ele>456.20001220703125</ele>
      </trkpt>
      <trkpt lat="46.382750077173114" lon="15.156637346372008">
        <ele>456.20001220703125</ele>
      </trkpt>
      <trkpt lat="46.382738845422864" lon="15.156547743827105">
        <ele>456</ele>
      </trkpt>
      <trkpt lat="46.382728116586804" lon="15.156457386910915">
        <ele>456</ele>
      </trkpt>
      <trkpt lat="46.382717387750745" lon="15.15636376105249">
        <ele>455.79998779296875</ele>
      </trkpt>
      <trkpt lat="46.382708670571446" lon="15.156270554289222">
        <ele>455.6000061035156</ele>
      </trkpt>
      <trkpt lat="46.382701210677624" lon="15.156176593154669">
        <ele>455.3999938964844</ele>
      </trkpt>
      <trkpt lat="46.38269576244056" lon="15.15608036890626">
        <ele>455.3999938964844</ele>
      </trkpt>
      <trkpt lat="46.38269450515509" lon="15.155983390286565">
        <ele>455.20001220703125</ele>
      </trkpt>
      <trkpt lat="46.38269525952637" lon="15.155885824933648">
        <ele>455.20001220703125</ele>
      </trkpt>
      <trkpt lat="46.382696349173784" lon="15.155787169933319">
        <ele>455</ele>
      </trkpt>
      <trkpt lat="46.38270045630634" lon="15.155686251819134">
        <ele>455</ele>
      </trkpt>
      <trkpt lat="46.382708083838224" lon="15.155585166066885">
        <ele>454.79998779296875</ele>
      </trkpt>
      <trkpt lat="46.38271956704557" lon="15.155482571572065">
        <ele>454.79998779296875</ele>
      </trkpt>
      <trkpt lat="46.382733481004834" lon="15.155378971248865">
        <ele>454.6000061035156</ele>
      </trkpt>
      <trkpt lat="46.38274957425892" lon="15.15527511946857">
        <ele>454.3999938964844</ele>
      </trkpt>
      <trkpt lat="46.3827698584646" lon="15.155170178040862">
        <ele>454.3999938964844</ele>
      </trkpt>
      <trkpt lat="46.38279089704156" lon="15.155066158622503">
        <ele>454.20001220703125</ele>
      </trkpt>
      <trkpt lat="46.38281193561852" lon="15.154960881918669">
        <ele>454</ele>
      </trkpt>
      <trkpt lat="46.38283498585224" lon="15.15485292300582">
        <ele>453.79998779296875</ele>
      </trkpt>
      <trkpt lat="46.38285988010466" lon="15.154749071225524">
        <ele>453.3999938964844</ele>
      </trkpt>
      <trkpt lat="46.38288485817611" lon="15.15464429743588">
        <ele>453.20001220703125</ele>
      </trkpt>
      <trkpt lat="46.38291100971401" lon="15.154538685455918">
        <ele>453</ele>
      </trkpt>
      <trkpt lat="46.382943699136376" lon="15.154413878917694">
        <ele>452.79998779296875</ele>
      </trkpt>
      <trkpt lat="46.382965072989464" lon="15.154328551143408">
        <ele>452.6000061035156</ele>
      </trkpt>
      <trkpt lat="46.38298795558512" lon="15.154221011325717">
        <ele>452.3999938964844</ele>
      </trkpt>
      <trkpt lat="46.3830079883337" lon="15.154113890603185">
        <ele>452.20001220703125</ele>
      </trkpt>
      <trkpt lat="46.38302709907293" lon="15.154008278623223">
        <ele>452.20001220703125</ele>
      </trkpt>
      <trkpt lat="46.38304252177477" lon="15.153901325538754">
        <ele>452</ele>
      </trkpt>
      <trkpt lat="46.383052663877606" lon="15.153794037178159">
        <ele>452</ele>
      </trkpt>
      <trkpt lat="46.38305886648595" lon="15.153683396056294">
        <ele>451.79998779296875</ele>
      </trkpt>
      <trkpt lat="46.383065739646554" lon="15.153574431315064">
        <ele>451.6000061035156</ele>
      </trkpt>
      <trkpt lat="46.38306305743754" lon="15.153463035821915">
        <ele>451.6000061035156</ele>
      </trkpt>
      <trkpt lat="46.38306783512235" lon="15.153351724147797">
        <ele>451.3999938964844</ele>
      </trkpt>
      <trkpt lat="46.38306984677911" lon="15.153218619525433">
        <ele>451</ele>
      </trkpt>
      <trkpt lat="46.3830650690943" lon="15.153128681704402">
        <ele>450.79998779296875</ele>
      </trkpt>
      <trkpt lat="46.383056435734034" lon="15.153017956763506">
        <ele>450.6000061035156</ele>
      </trkpt>
      <trkpt lat="46.38304143212736" lon="15.152905136346817">
        <ele>450.3999938964844</ele>
      </trkpt>
      <trkpt lat="46.38302500359714" lon="15.152790052816272">
        <ele>450.20001220703125</ele>
      </trkpt>
      <trkpt lat="46.383005138486624" lon="15.15267614275217">
        <ele>449.79998779296875</ele>
      </trkpt>
      <trkpt lat="46.382979825139046" lon="15.152560723945498">
        <ele>449.3999938964844</ele>
      </trkpt>
      <trkpt lat="46.38295283541083" lon="15.152445891872048">
        <ele>449</ele>
      </trkpt>
      <trkpt lat="46.38291955925524" lon="15.152334664016962">
        <ele>448.79998779296875</ele>
      </trkpt>
      <trkpt lat="46.38288770802319" lon="15.152225699275732">
        <ele>448.3999938964844</ele>
      </trkpt>
      <trkpt lat="46.38285686261952" lon="15.152119668200612">
        <ele>448.20001220703125</ele>
      </trkpt>
      <trkpt lat="46.38282501138747" lon="15.152013804763556">
        <ele>447.79998779296875</ele>
      </trkpt>
      <trkpt lat="46.38279181905091" lon="15.151910372078419">
        <ele>447.6000061035156</ele>
      </trkpt>
      <trkpt lat="46.38275862671435" lon="15.15181029215455">
        <ele>447.3999938964844</ele>
      </trkpt>
      <trkpt lat="46.38272845186293" lon="15.151712223887444">
        <ele>447.3999938964844</ele>
      </trkpt>
      <trkpt lat="46.38269953429699" lon="15.151610048487782">
        <ele>447.3999938964844</ele>
      </trkpt>
      <trkpt lat="46.38267028145492" lon="15.151506615802646">
        <ele>447.3999938964844</ele>
      </trkpt>
      <trkpt lat="46.38264136388898" lon="15.15140276402235">
        <ele>447.20001220703125</ele>
      </trkpt>
      <trkpt lat="46.38261361978948" lon="15.15129866078496">
        <ele>447.20001220703125</ele>
      </trkpt>
      <trkpt lat="46.38258310966194" lon="15.151194976642728">
        <ele>447.20001220703125</ele>
      </trkpt>
      <trkpt lat="46.382552683353424" lon="15.151090454310179">
        <ele>447</ele>
      </trkpt>
      <trkpt lat="46.38252468779683" lon="15.150983585044742">
        <ele>447</ele>
      </trkpt>
      <trkpt lat="46.382497027516365" lon="15.150875709950924">
        <ele>446.79998779296875</ele>
      </trkpt>
      <trkpt lat="46.382469618692994" lon="15.150768337771297">
        <ele>446.6000061035156</ele>
      </trkpt>
      <trkpt lat="46.382442293688655" lon="15.150658702477813">
        <ele>446.3999938964844</ele>
      </trkpt>
      <trkpt lat="46.38241379521787" lon="15.15055007301271">
        <ele>446.20001220703125</ele>
      </trkpt>
      <trkpt lat="46.38238487765193" lon="15.150441443547606">
        <ele>446.20001220703125</ele>
      </trkpt>
      <trkpt lat="46.38235746882856" lon="15.15033314935863">
        <ele>446</ele>
      </trkpt>
      <trkpt lat="46.382325449958444" lon="15.150223765522242">
        <ele>445.79998779296875</ele>
      </trkpt>
      <trkpt lat="46.38229485601187" lon="15.15011521987617">
        <ele>445.6000061035156</ele>
      </trkpt>
      <trkpt lat="46.3822656031698" lon="15.150007177144289">
        <ele>445.3999938964844</ele>
      </trkpt>
      <trkpt lat="46.382235176861286" lon="15.149900307878852">
        <ele>445.20001220703125</ele>
      </trkpt>
      <trkpt lat="46.382203325629234" lon="15.149793438613415">
        <ele>444.79998779296875</ele>
      </trkpt>
      <trkpt lat="46.38217323459685" lon="15.149686988443136">
        <ele>444.6000061035156</ele>
      </trkpt>
      <trkpt lat="46.38214096426964" lon="15.149578945711255">
        <ele>444.3999938964844</ele>
      </trkpt>
      <trkpt lat="46.382108526304364" lon="15.149469645693898">
        <ele>444.20001220703125</ele>
      </trkpt>
      <trkpt lat="46.38207868672907" lon="15.149361100047827">
        <ele>443.79998779296875</ele>
      </trkpt>
      <trkpt lat="46.38204985298216" lon="15.149252638220787">
        <ele>443.6000061035156</ele>
      </trkpt>
      <trkpt lat="46.382021103054285" lon="15.149146020412445">
        <ele>443.3999938964844</ele>
      </trkpt>
      <trkpt lat="46.38199302367866" lon="15.149044934660196">
        <ele>443.3999938964844</ele>
      </trkpt>
      <trkpt lat="46.3819667045027" lon="15.148944519460201">
        <ele>443.20001220703125</ele>
      </trkpt>
      <trkpt lat="46.381938960403204" lon="15.148838656023145">
        <ele>443</ele>
      </trkpt>
      <trkpt lat="46.38191197067499" lon="15.148731954395771">
        <ele>442.79998779296875</ele>
      </trkpt>
      <trkpt lat="46.381887244060636" lon="15.148626007139683">
        <ele>442.6000061035156</ele>
      </trkpt>
      <trkpt lat="46.381858326494694" lon="15.148519892245531">
        <ele>442.6000061035156</ele>
      </trkpt>
      <trkpt lat="46.38182572089136" lon="15.148421069607139">
        <ele>442.3999938964844</ele>
      </trkpt>
      <trkpt lat="46.38179328292608" lon="15.148324761539698">
        <ele>442.20001220703125</ele>
      </trkpt>
      <trkpt lat="46.38176419772208" lon="15.148229207843542">
        <ele>442</ele>
      </trkpt>
      <trkpt lat="46.38173838146031" lon="15.148128792643547">
        <ele>441.79998779296875</ele>
      </trkpt>
      <trkpt lat="46.38171390630305" lon="15.148026198148727">
        <ele>441.6000061035156</ele>
      </trkpt>
      <trkpt lat="46.381691275164485" lon="15.14792469330132">
        <ele>441.3999938964844</ele>
      </trkpt>
      <trkpt lat="46.381671242415905" lon="15.14782503247261">
        <ele>441.3999938964844</ele>
      </trkpt>
      <trkpt lat="46.381653221324086" lon="15.14772486872971">
        <ele>441.3999938964844</ele>
      </trkpt>
      <trkpt lat="46.38163737952709" lon="15.147624118253589">
        <ele>441.3999938964844</ele>
      </trkpt>
      <trkpt lat="46.38162371702492" lon="15.147525547072291">
        <ele>441.3999938964844</ele>
      </trkpt>
      <trkpt lat="46.38161525130272" lon="15.14742923900485">
        <ele>441.3999938964844</ele>
      </trkpt>
      <trkpt lat="46.38160997070372" lon="15.147337540984154">
        <ele>441.3999938964844</ele>
      </trkpt>
      <trkpt lat="46.381604857742786" lon="15.147251626476645">
        <ele>441.3999938964844</ele>
      </trkpt>
      <trkpt lat="46.38159815222025" lon="15.147168729454279">
        <ele>441.3999938964844</ele>
      </trkpt>
      <trkpt lat="46.381592201069" lon="15.147086586803198">
        <ele>441.20001220703125</ele>
      </trkpt>
      <trkpt lat="46.38158884830773" lon="15.147002264857292">
        <ele>441.20001220703125</ele>
      </trkpt>
      <trkpt lat="46.38158700428903" lon="15.146912829950452">
        <ele>441</ele>
      </trkpt>
      <trkpt lat="46.38158608227968" lon="15.14681987464428">
        <ele>440.79998779296875</ele>
      </trkpt>
      <trkpt lat="46.381586166098714" lon="15.146727254614234">
        <ele>440.6000061035156</ele>
      </trkpt>
      <trkpt lat="46.38158549554646" lon="15.146635891869664">
        <ele>440.6000061035156</ele>
      </trkpt>
      <trkpt lat="46.38158314861357" lon="15.146544612944126">
        <ele>440.3999938964844</ele>
      </trkpt>
      <trkpt lat="46.38157828710973" lon="15.146452495828271">
        <ele>440.3999938964844</ele>
      </trkpt>
      <trkpt lat="46.381572503596544" lon="15.146359540522099">
        <ele>440.3999938964844</ele>
      </trkpt>
      <trkpt lat="46.381566217169166" lon="15.146264573559165">
        <ele>440.3999938964844</ele>
      </trkpt>
      <trkpt lat="46.381558338180184" lon="15.146169187501073">
        <ele>440.3999938964844</ele>
      </trkpt>
      <trkpt lat="46.381546100601554" lon="15.146074388176203">
        <ele>440.3999938964844</ele>
      </trkpt>
      <trkpt lat="46.3815332762897" lon="15.145978080108762">
        <ele>440.20001220703125</ele>
      </trkpt>
      <trkpt lat="46.381517350673676" lon="15.145884789526463">
        <ele>440.20001220703125</ele>
      </trkpt>
      <trkpt lat="46.38149673119187" lon="15.14579376205802">
        <ele>440</ele>
      </trkpt>
      <trkpt lat="46.38147410005331" lon="15.145704913884401">
        <ele>439.79998779296875</ele>
      </trkpt>
      <trkpt lat="46.38145071454346" lon="15.14561447314918">
        <ele>439.6000061035156</ele>
      </trkpt>
      <trkpt lat="46.38142481446266" lon="15.145526295527816">
        <ele>439.6000061035156</ele>
      </trkpt>
      <trkpt lat="46.381392292678356" lon="15.145437782630324">
        <ele>439.3999938964844</ele>
      </trkpt>
      <trkpt lat="46.381356082856655" lon="15.145348766818643">
        <ele>439.3999938964844</ele>
      </trkpt>
      <trkpt lat="46.38132004067302" lon="15.145260505378246">
        <ele>439.20001220703125</ele>
      </trkpt>
      <trkpt lat="46.381284669041634" lon="15.145172663033009">
        <ele>439.20001220703125</ele>
      </trkpt>
      <trkpt lat="46.38124485500157" lon="15.1450867485255">
        <ele>439.20001220703125</ele>
      </trkpt>
      <trkpt lat="46.38120252639055" lon="15.145004941150546">
        <ele>439.20001220703125</ele>
      </trkpt>
      <trkpt lat="46.38115826994181" lon="15.144923385232687">
        <ele>439.20001220703125</ele>
      </trkpt>
      <trkpt lat="46.3811154384166" lon="15.144839817658067">
        <ele>439.20001220703125</ele>
      </trkpt>
      <trkpt lat="46.38107143342495" lon="15.144755076617002">
        <ele>439.20001220703125</ele>
      </trkpt>
      <trkpt lat="46.381023321300745" lon="15.144668910652399">
        <ele>439</ele>
      </trkpt>
      <trkpt lat="46.38097680173814" lon="15.144585259258747">
        <ele>438.79998779296875</ele>
      </trkpt>
      <trkpt lat="46.38093128800392" lon="15.144501188769937">
        <ele>438.6000061035156</ele>
      </trkpt>
      <trkpt lat="46.38088535517454" lon="15.144419549033046">
        <ele>438.3999938964844</ele>
      </trkpt>
      <trkpt lat="46.38083707541227" lon="15.144342686980963">
        <ele>438</ele>
      </trkpt>
      <trkpt lat="46.3807908911258" lon="15.144264064729214">
        <ele>437.79998779296875</ele>
      </trkpt>
      <trkpt lat="46.38074487447739" lon="15.14418426901102">
        <ele>437.3999938964844</ele>
      </trkpt>
      <trkpt lat="46.38070120476186" lon="15.144102042540908">
        <ele>437.20001220703125</ele>
      </trkpt>
      <trkpt lat="46.38065820559859" lon="15.144020989537239">
        <ele>437.20001220703125</ele>
      </trkpt>
      <trkpt lat="46.38060137629509" lon="15.143924681469798">
        <ele>437</ele>
      </trkpt>
      <trkpt lat="46.38056164607406" lon="15.143859386444092">
        <ele>437</ele>
      </trkpt>
      <trkpt lat="46.38051244430244" lon="15.143781853839755">
        <ele>437</ele>
      </trkpt>
      <trkpt lat="46.380460979416966" lon="15.143701639026403">
        <ele>437</ele>
      </trkpt>
      <trkpt lat="46.380406245589256" lon="15.143622681498528">
        <ele>436.79998779296875</ele>
      </trkpt>
      <trkpt lat="46.38035226613283" lon="15.143544562160969">
        <ele>436.79998779296875</ele>
      </trkpt>
      <trkpt lat="46.38029845431447" lon="15.14346543699503">
        <ele>436.6000061035156</ele>
      </trkpt>
      <trkpt lat="46.38024321757257" lon="15.143389077857137">
        <ele>436.6000061035156</ele>
      </trkpt>
      <trkpt lat="46.38018915429711" lon="15.143314143642783">
        <ele>436.3999938964844</ele>
      </trkpt>
      <trkpt lat="46.380134085193276" lon="15.14324021525681">
        <ele>436.20001220703125</ele>
      </trkpt>
      <trkpt lat="46.380078345537186" lon="15.143168633803725">
        <ele>436</ele>
      </trkpt>
      <trkpt lat="46.380022102966905" lon="15.14309805817902">
        <ele>435.79998779296875</ele>
      </trkpt>
      <trkpt lat="46.379965860396624" lon="15.143027817830443">
        <ele>435.3999938964844</ele>
      </trkpt>
      <trkpt lat="46.37990986928344" lon="15.14295875094831">
        <ele>435.20001220703125</ele>
      </trkpt>
      <trkpt lat="46.37985429726541" lon="15.14288792386651">
        <ele>435.20001220703125</ele>
      </trkpt>
      <trkpt lat="46.37978472746909" lon="15.142805613577366">
        <ele>435.20001220703125</ele>
      </trkpt>
      <trkpt lat="46.379737202078104" lon="15.142750712111592">
        <ele>435</ele>
      </trkpt>
      <trkpt lat="46.379678109660745" lon="15.142682818695903">
        <ele>435</ele>
      </trkpt>
      <trkpt lat="46.37960468418896" lon="15.142602268606424">
        <ele>435</ele>
      </trkpt>
      <trkpt lat="46.379544669762254" lon="15.142533369362354">
        <ele>435</ele>
      </trkpt>
      <trkpt lat="46.37948641553521" lon="15.142467990517616">
        <ele>435</ele>
      </trkpt>
      <trkpt lat="46.37943746522069" lon="15.142416609451175">
        <ele>434.79998779296875</ele>
      </trkpt>
      <trkpt lat="46.37937543913722" lon="15.142356092110276">
        <ele>434.79998779296875</ele>
      </trkpt>
      <trkpt lat="46.37929882854223" lon="15.142285516485572">
        <ele>434.6000061035156</ele>
      </trkpt>
      <trkpt lat="46.37924484908581" lon="15.142235392704606">
        <ele>434.6000061035156</ele>
      </trkpt>
      <trkpt lat="46.3791795540601" lon="15.142178814858198">
        <ele>434.3999938964844</ele>
      </trkpt>
      <trkpt lat="46.37909749522805" lon="15.142115028575063">
        <ele>434.20001220703125</ele>
      </trkpt>
      <trkpt lat="46.37903831899166" lon="15.14207580126822">
        <ele>434</ele>
      </trkpt>
      <trkpt lat="46.37896296568215" lon="15.14203137718141">
        <ele>434</ele>
      </trkpt>
      <trkpt lat="46.37889021076262" lon="15.14199080877006">
        <ele>433.79998779296875</ele>
      </trkpt>
      <trkpt lat="46.37881795875728" lon="15.141948647797108">
        <ele>433.79998779296875</ele>
      </trkpt>
      <trkpt lat="46.378736486658454" lon="15.141909085214138">
        <ele>433.6000061035156</ele>
      </trkpt>
      <trkpt lat="46.378667168319225" lon="15.141877066344023">
        <ele>433.3999938964844</ele>
      </trkpt>
      <trkpt lat="46.37860841117799" lon="15.141851669177413">
        <ele>433.20001220703125</ele>
      </trkpt>
      <trkpt lat="46.37853498570621" lon="15.141827445477247">
        <ele>433</ele>
      </trkpt>
      <trkpt lat="46.37846415862441" lon="15.141802886500955">
        <ele>433</ele>
      </trkpt>
      <trkpt lat="46.37839433737099" lon="15.14177774079144">
        <ele>432.79998779296875</ele>
      </trkpt>
      <trkpt lat="46.37832451611757" lon="15.14175720512867">
        <ele>432.6000061035156</ele>
      </trkpt>
      <trkpt lat="46.37825293466449" lon="15.141743291169405">
        <ele>432.6000061035156</ele>
      </trkpt>
      <trkpt lat="46.37818026356399" lon="15.14172937721014">
        <ele>432.3999938964844</ele>
      </trkpt>
      <trkpt lat="46.37810641899705" lon="15.141721162945032">
        <ele>432.20001220703125</ele>
      </trkpt>
      <trkpt lat="46.37803114950657" lon="15.14171470887959">
        <ele>432</ele>
      </trkpt>
      <trkpt lat="46.37795847840607" lon="15.141705237329006">
        <ele>432</ele>
      </trkpt>
      <trkpt lat="46.37788471765816" lon="15.141697525978088">
        <ele>431.79998779296875</ele>
      </trkpt>
      <trkpt lat="46.377813555300236" lon="15.141687719151378">
        <ele>431.6000061035156</ele>
      </trkpt>
      <trkpt lat="46.37774306349456" lon="15.141670033335686">
        <ele>431.6000061035156</ele>
      </trkpt>
      <trkpt lat="46.377670224756" lon="15.141657963395119">
        <ele>431.3999938964844</ele>
      </trkpt>
      <trkpt lat="46.37759713456035" lon="15.14164580963552">
        <ele>431.3999938964844</ele>
      </trkpt>
      <trkpt lat="46.377525720745325" lon="15.141633236780763">
        <ele>431.3999938964844</ele>
      </trkpt>
      <trkpt lat="46.37745472602546" lon="15.141617562621832">
        <ele>431.20001220703125</ele>
      </trkpt>
      <trkpt lat="46.37738817371428" lon="15.141597278416157">
        <ele>431.20001220703125</ele>
      </trkpt>
      <trkpt lat="46.3773179333657" lon="15.141572887077928">
        <ele>431</ele>
      </trkpt>
      <trkpt lat="46.37725146487355" lon="15.141548914834857">
        <ele>431</ele>
      </trkpt>
      <trkpt lat="46.37718650512397" lon="15.141527205705643">
        <ele>431</ele>
      </trkpt>
      <trkpt lat="46.37712330557406" lon="15.141502395272255">
        <ele>431.20001220703125</ele>
      </trkpt>
      <trkpt lat="46.37706018984318" lon="15.141475405544043">
        <ele>431.3999938964844</ele>
      </trkpt>
      <trkpt lat="46.37700017541647" lon="15.141451265662909">
        <ele>431.3999938964844</ele>
      </trkpt>
      <trkpt lat="46.37694552540779" lon="15.1414293050766">
        <ele>431.6000061035156</ele>
      </trkpt>
      <trkpt lat="46.376895317807794" lon="15.141414301469922">
        <ele>431.6000061035156</ele>
      </trkpt>
      <trkpt lat="46.376850474625826" lon="15.141404746100307">
        <ele>431.6000061035156</ele>
      </trkpt>
      <trkpt lat="46.37681661173701" lon="15.141387479379773">
        <ele>431.6000061035156</ele>
      </trkpt>
      <trkpt lat="46.37679741717875" lon="15.141352443024516">
        <ele>431.6000061035156</ele>
      </trkpt>
      <trkpt lat="46.376790376380086" lon="15.141304666176438">
        <ele>431.6000061035156</ele>
      </trkpt>
      <trkpt lat="46.3767912145704" lon="15.141251776367426">
        <ele>431.6000061035156</ele>
      </trkpt>
      <trkpt lat="46.37678819708526" lon="15.141198551282287">
        <ele>431.3999938964844</ele>
      </trkpt>
      <trkpt lat="46.376771768555045" lon="15.141157731413841">
        <ele>431.20001220703125</ele>
      </trkpt>
      <trkpt lat="46.376742934808135" lon="15.14112789183855">
        <ele>431</ele>
      </trkpt>
      <trkpt lat="46.3767034560442" lon="15.14110928401351">
        <ele>431</ele>
      </trkpt>
      <trkpt lat="46.3766582775861" lon="15.141095956787467">
        <ele>430.79998779296875</ele>
      </trkpt>
      <trkpt lat="46.37660924345255" lon="15.141086904332042">
        <ele>430.6000061035156</ele>
      </trkpt>
      <trkpt lat="46.37655409052968" lon="15.141077768057585">
        <ele>430.3999938964844</ele>
      </trkpt>
      <trkpt lat="46.376502038910985" lon="15.141064608469605">
        <ele>430.20001220703125</ele>
      </trkpt>
      <trkpt lat="46.376448227092624" lon="15.141050443053246">
        <ele>430.20001220703125</ele>
      </trkpt>
      <trkpt lat="46.3763905595988" lon="15.141042564064264">
        <ele>430</ele>
      </trkpt>
      <trkpt lat="46.37633171863854" lon="15.141041558235884">
        <ele>429.79998779296875</ele>
      </trkpt>
      <trkpt lat="46.37627053074539" lon="15.141040049493313">
        <ele>429.6000061035156</ele>
      </trkpt>
      <trkpt lat="46.37620775029063" lon="15.141031667590141">
        <ele>429.6000061035156</ele>
      </trkpt>
      <trkpt lat="46.3761421199888" lon="15.141017669811845">
        <ele>429.3999938964844</ele>
      </trkpt>
      <trkpt lat="46.376075400039554" lon="15.141000654548407">
        <ele>429.3999938964844</ele>
      </trkpt>
      <trkpt lat="46.376007590442896" lon="15.14098615385592">
        <ele>429.20001220703125</ele>
      </trkpt>
      <trkpt lat="46.37593709863722" lon="15.140971736982465">
        <ele>429.20001220703125</ele>
      </trkpt>
      <trkpt lat="46.37586886994541" lon="15.140957403928041">
        <ele>429</ele>
      </trkpt>
      <trkpt lat="46.37580147944391" lon="15.140938796103">
        <ele>429</ele>
      </trkpt>
      <trkpt lat="46.375729981809855" lon="15.140921780839562">
        <ele>429</ele>
      </trkpt>
      <trkpt lat="46.375663597136736" lon="15.140909124165773">
        <ele>429</ele>
      </trkpt>
      <trkpt lat="46.375598553568125" lon="15.140897557139397">
        <ele>429</ele>
      </trkpt>
      <trkpt lat="46.37553275562823" lon="15.140887750312686">
        <ele>429</ele>
      </trkpt>
      <trkpt lat="46.37546771205962" lon="15.14087475836277">
        <ele>429</ele>
      </trkpt>
      <trkpt lat="46.37540250085294" lon="15.140859503298998">
        <ele>429</ele>
      </trkpt>
      <trkpt lat="46.375337624922395" lon="15.140849109739065">
        <ele>429</ele>
      </trkpt>
      <trkpt lat="46.37526981532574" lon="15.14083662070334">
        <ele>428.79998779296875</ele>
      </trkpt>
      <trkpt lat="46.3752025924623" lon="15.140824047848582">
        <ele>428.79998779296875</ele>
      </trkpt>
      <trkpt lat="46.37513696216047" lon="15.140809714794159">
        <ele>428.79998779296875</ele>
      </trkpt>
      <trkpt lat="46.37507175095379" lon="15.140796974301338">
        <ele>428.79998779296875</ele>
      </trkpt>
      <trkpt lat="46.37500612065196" lon="15.140787335112691">
        <ele>428.79998779296875</ele>
      </trkpt>
      <trkpt lat="46.37493998743594" lon="15.140783311799169">
        <ele>428.79998779296875</ele>
      </trkpt>
      <trkpt lat="46.374874440953135" lon="15.140788173303008">
        <ele>428.6000061035156</ele>
      </trkpt>
      <trkpt lat="46.3748090621084" lon="15.140799824148417">
        <ele>428.6000061035156</ele>
      </trkpt>
      <trkpt lat="46.374743012711406" lon="15.140817845240235">
        <ele>428.6000061035156</ele>
      </trkpt>
      <trkpt lat="46.37467981316149" lon="15.140840979292989">
        <ele>428.3999938964844</ele>
      </trkpt>
      <trkpt lat="46.37461669743061" lon="15.14087081886828">
        <ele>428.3999938964844</ele>
      </trkpt>
      <trkpt lat="46.374554838985205" lon="15.140905603766441">
        <ele>428.20001220703125</ele>
      </trkpt>
      <trkpt lat="46.37449390254915" lon="15.14094172976911">
        <ele>428.20001220703125</ele>
      </trkpt>
      <trkpt lat="46.37443338520825" lon="15.140979867428541">
        <ele>428.20001220703125</ele>
      </trkpt>
      <trkpt lat="46.374373119324446" lon="15.141020100563765">
        <ele>428</ele>
      </trkpt>
      <trkpt lat="46.37431226670742" lon="15.141059998422861">
        <ele>428</ele>
      </trkpt>
      <trkpt lat="46.37425082735717" lon="15.141096543520689">
        <ele>427.79998779296875</ele>
      </trkpt>
      <trkpt lat="46.37418620288372" lon="15.141132334247231">
        <ele>427.79998779296875</ele>
      </trkpt>
      <trkpt lat="46.37412250041962" lon="15.141166029497981">
        <ele>427.79998779296875</ele>
      </trkpt>
      <trkpt lat="46.374059887602925" lon="15.141202406957746">
        <ele>427.6000061035156</ele>
      </trkpt>
      <trkpt lat="46.37399811297655" lon="15.14124071225524">
        <ele>427.6000061035156</ele>
      </trkpt>
      <trkpt lat="46.37393516488373" lon="15.141281951218843">
        <ele>427.6000061035156</ele>
      </trkpt>
      <trkpt lat="46.37387263588607" lon="15.141322519630194">
        <ele>427.6000061035156</ele>
      </trkpt>
      <trkpt lat="46.373813627287745" lon="15.141363171860576">
        <ele>427.3999938964844</ele>
      </trkpt>
      <trkpt lat="46.37375478632748" lon="15.141402231529355">
        <ele>427.3999938964844</ele>
      </trkpt>
      <trkpt lat="46.37369519099593" lon="15.141440872102976">
        <ele>427.3999938964844</ele>
      </trkpt>
      <trkpt lat="46.37363559566438" lon="15.14148018322885">
        <ele>427.20001220703125</ele>
      </trkpt>
      <trkpt lat="46.37357532978058" lon="15.141520500183105">
        <ele>427.20001220703125</ele>
      </trkpt>
      <trkpt lat="46.37351590208709" lon="15.141560649499297">
        <ele>427.20001220703125</ele>
      </trkpt>
      <trkpt lat="46.373456893488765" lon="15.14160230755806">
        <ele>427</ele>
      </trkpt>
      <trkpt lat="46.373398220166564" lon="15.141644468531013">
        <ele>427</ele>
      </trkpt>
      <trkpt lat="46.37334004975855" lon="15.141685707494617">
        <ele>426.79998779296875</ele>
      </trkpt>
      <trkpt lat="46.37328112497926" lon="15.141725856810808">
        <ele>426.79998779296875</ele>
      </trkpt>
      <trkpt lat="46.37322396039963" lon="15.14176893979311">
        <ele>426.79998779296875</ele>
      </trkpt>
      <trkpt lat="46.37316687963903" lon="15.141812777146697">
        <ele>426.79998779296875</ele>
      </trkpt>
      <trkpt lat="46.373109463602304" lon="15.141855692490935">
        <ele>426.79998779296875</ele>
      </trkpt>
      <trkpt lat="46.37305162847042" lon="15.141891650855541">
        <ele>426.79998779296875</ele>
      </trkpt>
      <trkpt lat="46.372994128614664" lon="15.141925094649196">
        <ele>426.79998779296875</ele>
      </trkpt>
      <trkpt lat="46.37293629348278" lon="15.141960717737675">
        <ele>426.79998779296875</ele>
      </trkpt>
      <trkpt lat="46.372881308197975" lon="15.141996759921312">
        <ele>426.79998779296875</ele>
      </trkpt>
      <trkpt lat="46.37282523326576" lon="15.142031963914633">
        <ele>426.79998779296875</ele>
      </trkpt>
      <trkpt lat="46.37276899069548" lon="15.142062390223145">
        <ele>426.79998779296875</ele>
      </trkpt>
      <trkpt lat="46.372714256867766" lon="15.142095582559705">
        <ele>426.79998779296875</ele>
      </trkpt>
      <trkpt lat="46.372659523040056" lon="15.142127182334661">
        <ele>426.79998779296875</ele>
      </trkpt>
      <trkpt lat="46.37260504066944" lon="15.142157943919301">
        <ele>426.79998779296875</ele>
      </trkpt>
      <trkpt lat="46.37255114503205" lon="15.14219013042748">
        <ele>426.79998779296875</ele>
      </trkpt>
      <trkpt lat="46.37249800376594" lon="15.142222065478563">
        <ele>427</ele>
      </trkpt>
      <trkpt lat="46.37244461104274" lon="15.142253832891583">
        <ele>427</ele>
      </trkpt>
      <trkpt lat="46.37239180505276" lon="15.14228543266654">
        <ele>427</ele>
      </trkpt>
      <trkpt lat="46.372336987406015" lon="15.142314014956355">
        <ele>427</ele>
      </trkpt>
      <trkpt lat="46.37228191830218" lon="15.142339076846838">
        <ele>427</ele>
      </trkpt>
      <trkpt lat="46.37222525663674" lon="15.142362965270877">
        <ele>427</ele>
      </trkpt>
      <trkpt lat="46.37216909788549" lon="15.142385764047503">
        <ele>427</ele>
      </trkpt>
      <trkpt lat="46.37211243622005" lon="15.142408814281225">
        <ele>426.79998779296875</ele>
      </trkpt>
      <trkpt lat="46.372054517269135" lon="15.142424320802093">
        <ele>426.79998779296875</ele>
      </trkpt>
      <trkpt lat="46.37199517339468" lon="15.142439156770706">
        <ele>426.79998779296875</ele>
      </trkpt>
      <trkpt lat="46.3719354942441" lon="15.142453657463193">
        <ele>426.79998779296875</ele>
      </trkpt>
      <trkpt lat="46.371874222531915" lon="15.142461452633142">
        <ele>426.79998779296875</ele>
      </trkpt>
      <trkpt lat="46.37181110680103" lon="15.142461284995079">
        <ele>426.79998779296875</ele>
      </trkpt>
      <trkpt lat="46.37174447067082" lon="15.142459440976381">
        <ele>426.79998779296875</ele>
      </trkpt>
      <trkpt lat="46.371678840368986" lon="15.142454160377383">
        <ele>426.6000061035156</ele>
      </trkpt>
      <trkpt lat="46.37161161750555" lon="15.14244670048356">
        <ele>426.3999938964844</ele>
      </trkpt>
      <trkpt lat="46.37154380790889" lon="15.142433037981391">
        <ele>426.20001220703125</ele>
      </trkpt>
      <trkpt lat="46.37147641740739" lon="15.142419543117285">
        <ele>426</ele>
      </trkpt>
      <trkpt lat="46.3714106194675" lon="15.142408981919289">
        <ele>426</ele>
      </trkpt>
      <trkpt lat="46.371348006650805" lon="15.142399007454515">
        <ele>426</ele>
      </trkpt>
      <trkpt lat="46.3712980505079" lon="15.142391212284565">
        <ele>426</ele>
      </trkpt>
      <trkpt lat="46.37123552151024" lon="15.142377717420459">
        <ele>426</ele>
      </trkpt>
      <trkpt lat="46.371174082159996" lon="15.142365479841828">
        <ele>426</ele>
      </trkpt>
      <trkpt lat="46.371112978085876" lon="15.142353912815452">
        <ele>426</ele>
      </trkpt>
      <trkpt lat="46.37105254456401" lon="15.142342764884233">
        <ele>426.20001220703125</ele>
      </trkpt>
      <trkpt lat="46.37099429033697" lon="15.142332622781396">
        <ele>426.20001220703125</ele>
      </trkpt>
      <trkpt lat="46.370939472690225" lon="15.142323318868876">
        <ele>426.20001220703125</ele>
      </trkpt>
      <trkpt lat="46.37088842689991" lon="15.142310662195086">
        <ele>426.20001220703125</ele>
      </trkpt>
      <trkpt lat="46.37084048241377" lon="15.142296999692917">
        <ele>426.20001220703125</ele>
      </trkpt>
      <trkpt lat="46.37079647742212" lon="15.14228543266654">
        <ele>426</ele>
      </trkpt>
      <trkpt lat="46.37074233032763" lon="15.142273111268878">
        <ele>426</ele>
      </trkpt>
      <trkpt lat="46.37069698423147" lon="15.142264058813453">
        <ele>425.79998779296875</ele>
      </trkpt>
      <trkpt lat="46.37064945884049" lon="15.142252575606108">
        <ele>425.79998779296875</ele>
      </trkpt>
      <trkpt lat="46.37059858068824" lon="15.142241092398763">
        <ele>425.6000061035156</ele>
      </trkpt>
      <trkpt lat="46.3705471996218" lon="15.142232794314623">
        <ele>425.6000061035156</ele>
      </trkpt>
      <trkpt lat="46.37049372307956" lon="15.142225502058864">
        <ele>425.3999938964844</ele>
      </trkpt>
      <trkpt lat="46.37043974362314" lon="15.142216701060534">
        <ele>425.3999938964844</ele>
      </trkpt>
      <trkpt lat="46.3703846745193" lon="15.142203206196427">
        <ele>425.20001220703125</ele>
      </trkpt>
      <trkpt lat="46.370329186320305" lon="15.1421891245991">
        <ele>425.20001220703125</ele>
      </trkpt>
      <trkpt lat="46.370273949578404" lon="15.142170935869217">
        <ele>425</ele>
      </trkpt>
      <trkpt lat="46.370218209922314" lon="15.142144532874227">
        <ele>425</ele>
      </trkpt>
      <trkpt lat="46.37016464956105" lon="15.142110167071223">
        <ele>424.79998779296875</ele>
      </trkpt>
      <trkpt lat="46.37011452578008" lon="15.142068257555366">
        <ele>424.79998779296875</ele>
      </trkpt>
      <trkpt lat="46.37006750330329" lon="15.1420181337744">
        <ele>424.79998779296875</ele>
      </trkpt>
      <trkpt lat="46.370023330673575" lon="15.141961555927992">
        <ele>424.6000061035156</ele>
      </trkpt>
      <trkpt lat="46.36998351663351" lon="15.14190036803484">
        <ele>424.6000061035156</ele>
      </trkpt>
      <trkpt lat="46.36994822882116" lon="15.141833061352372">
        <ele>424.3999938964844</ele>
      </trkpt>
      <trkpt lat="46.369918221607804" lon="15.141759971156716">
        <ele>424.3999938964844</ele>
      </trkpt>
      <trkpt lat="46.36989215388894" lon="15.141682522371411">
        <ele>424.20001220703125</ele>
      </trkpt>
      <trkpt lat="46.36987078003585" lon="15.14160088263452">
        <ele>424.20001220703125</ele>
      </trkpt>
      <trkpt lat="46.36985627934337" lon="15.14151630923152">
        <ele>424</ele>
      </trkpt>
      <trkpt lat="46.36984756216407" lon="15.141429221257567">
        <ele>424</ele>
      </trkpt>
      <trkpt lat="46.369843455031514" lon="15.141340205445886">
        <ele>424</ele>
      </trkpt>
      <trkpt lat="46.369842952117324" lon="15.141248926520348">
        <ele>423.79998779296875</ele>
      </trkpt>
      <trkpt lat="46.36984529905021" lon="15.141156977042556">
        <ele>423.79998779296875</ele>
      </trkpt>
      <trkpt lat="46.36984772980213" lon="15.1410648599267">
        <ele>423.6000061035156</ele>
      </trkpt>
      <trkpt lat="46.36984814889729" lon="15.140973078086972">
        <ele>423.6000061035156</ele>
      </trkpt>
      <trkpt lat="46.36984806507826" lon="15.1408801227808">
        <ele>423.3999938964844</ele>
      </trkpt>
      <trkpt lat="46.36984563432634" lon="15.140787502750754">
        <ele>423.3999938964844</ele>
      </trkpt>
      <trkpt lat="46.36983683332801" lon="15.14069790020585">
        <ele>423.3999938964844</ele>
      </trkpt>
      <trkpt lat="46.3698201533407" lon="15.1406089682132">
        <ele>423.20001220703125</ele>
      </trkpt>
      <trkpt lat="46.36979525908828" lon="15.140522299334407">
        <ele>423.20001220703125</ele>
      </trkpt>
      <trkpt lat="46.36976365931332" lon="15.140437223017216">
        <ele>423.20001220703125</ele>
      </trkpt>
      <trkpt lat="46.36972879059613" lon="15.140354242175817">
        <ele>423.20001220703125</ele>
      </trkpt>
      <trkpt lat="46.36969576589763" lon="15.140270590782166">
        <ele>423.20001220703125</ele>
      </trkpt>
      <trkpt lat="46.36966391466558" lon="15.140187609940767">
        <ele>423.20001220703125</ele>
      </trkpt>
      <trkpt lat="46.369633404538035" lon="15.140103287994862">
        <ele>423</ele>
      </trkpt>
      <trkpt lat="46.36960624717176" lon="15.140015697106719">
        <ele>422.79998779296875</ele>
      </trkpt>
      <trkpt lat="46.36958235874772" lon="15.13992634601891">
        <ele>422.79998779296875</ele>
      </trkpt>
      <trkpt lat="46.36956282891333" lon="15.139836072921753">
        <ele>422.6000061035156</ele>
      </trkpt>
      <trkpt lat="46.3695455621928" lon="15.139742949977517">
        <ele>422.6000061035156</ele>
      </trkpt>
      <trkpt lat="46.3695334084332" lon="15.139649659395218">
        <ele>422.3999938964844</ele>
      </trkpt>
      <trkpt lat="46.36952452361584" lon="15.139553938060999">
        <ele>422.3999938964844</ele>
      </trkpt>
      <trkpt lat="46.36952184140682" lon="15.139457546174526">
        <ele>422.3999938964844</ele>
      </trkpt>
      <trkpt lat="46.36952091939747" lon="15.139362746849656">
        <ele>422.3999938964844</ele>
      </trkpt>
      <trkpt lat="46.36952217668295" lon="15.139269204810262">
        <ele>422.20001220703125</ele>
      </trkpt>
      <trkpt lat="46.36952863074839" lon="15.13917482458055">
        <ele>422.20001220703125</ele>
      </trkpt>
      <trkpt lat="46.36953835375607" lon="15.139079857617617">
        <ele>422.3999938964844</ele>
      </trkpt>
      <trkpt lat="46.36955285444856" lon="15.138986902311444">
        <ele>422.3999938964844</ele>
      </trkpt>
      <trkpt lat="46.369571378454566" lon="15.138893695548177">
        <ele>422.20001220703125</ele>
      </trkpt>
      <trkpt lat="46.36959359049797" lon="15.138802416622639">
        <ele>422.20001220703125</ele>
      </trkpt>
      <trkpt lat="46.36961932294071" lon="15.138713903725147">
        <ele>422</ele>
      </trkpt>
      <trkpt lat="46.369646647945046" lon="15.13862706720829">
        <ele>421.79998779296875</ele>
      </trkpt>
      <trkpt lat="46.369675397872925" lon="15.138542158529162">
        <ele>421.6000061035156</ele>
      </trkpt>
      <trkpt lat="46.36970532126725" lon="15.13845649547875">
        <ele>421.3999938964844</ele>
      </trkpt>
      <trkpt lat="46.36973474174738" lon="15.138375191017985">
        <ele>421.20001220703125</ele>
      </trkpt>
      <trkpt lat="46.3697649165988" lon="15.138295562937856">
        <ele>421</ele>
      </trkpt>
      <trkpt lat="46.36979341506958" lon="15.1382190361619">
        <ele>420.79998779296875</ele>
      </trkpt>
      <trkpt lat="46.36982032097876" lon="15.138142760843039">
        <ele>420.79998779296875</ele>
      </trkpt>
      <trkpt lat="46.369849909096956" lon="15.138071179389954">
        <ele>420.79998779296875</ele>
      </trkpt>
      <trkpt lat="46.36987807229161" lon="15.138003034517169">
        <ele>420.79998779296875</ele>
      </trkpt>
      <trkpt lat="46.369903637096286" lon="15.13793514110148">
        <ele>420.79998779296875</ele>
      </trkpt>
      <trkpt lat="46.36992987245321" lon="15.137870013713837">
        <ele>420.79998779296875</ele>
      </trkpt>
      <trkpt lat="46.36995409615338" lon="15.137803796678782">
        <ele>420.6000061035156</ele>
      </trkpt>
      <trkpt lat="46.369976392015815" lon="15.137737076729536">
        <ele>420.6000061035156</ele>
      </trkpt>
      <trkpt lat="46.36999466456473" lon="15.137672955170274">
        <ele>420.6000061035156</ele>
      </trkpt>
      <trkpt lat="46.37001218274236" lon="15.137611264362931">
        <ele>420.6000061035156</ele>
      </trkpt>
      <trkpt lat="46.3700289465487" lon="15.13755309395492">
        <ele>420.6000061035156</ele>
      </trkpt>
      <trkpt lat="46.370044872164726" lon="15.13749391771853">
        <ele>420.6000061035156</ele>
      </trkpt>
      <trkpt lat="46.370060462504625" lon="15.137438932433724">
        <ele>420.79998779296875</ele>
      </trkpt>
      <trkpt lat="46.370076052844524" lon="15.137386629357934">
        <ele>420.79998779296875</ele>
      </trkpt>
      <trkpt lat="46.3700910564512" lon="15.137333907186985">
        <ele>420.79998779296875</ele>
      </trkpt>
      <trkpt lat="46.37010564096272" lon="15.137281436473131">
        <ele>421</ele>
      </trkpt>
      <trkpt lat="46.370122572407126" lon="15.137229217216372">
        <ele>421</ele>
      </trkpt>
      <trkpt lat="46.37014428153634" lon="15.137180602177978">
        <ele>421</ele>
      </trkpt>
      <trkpt lat="46.37016816996038" lon="15.137135339900851">
        <ele>421</ele>
      </trkpt>
      <trkpt lat="46.37019214220345" lon="15.137098794803023">
        <ele>421</ele>
      </trkpt>
      <trkpt lat="46.370217287912965" lon="15.13706929050386">
        <ele>421</ele>
      </trkpt>
      <trkpt lat="46.370242685079575" lon="15.137044228613377">
        <ele>421</ele>
      </trkpt>
      <trkpt lat="46.37026950716972" lon="15.137028889730573">
        <ele>421</ele>
      </trkpt>
      <trkpt lat="46.37029431760311" lon="15.137021597474813">
        <ele>421</ele>
      </trkpt>
      <trkpt lat="46.37031761929393" lon="15.137018244713545">
        <ele>420.79998779296875</ele>
      </trkpt>
      <trkpt lat="46.37033882550895" lon="15.137017825618386">
        <ele>420.79998779296875</ele>
      </trkpt>
      <trkpt lat="46.37035299092531" lon="15.137021010741591">
        <ele>420.79998779296875</ele>
      </trkpt>
    </trkseg>
  </trk>
</gpx>
